dataset	regime	panel	seed	depth	unit	allocations	biological_roots	contrast	family	utility_before	utility_after	utility_gain	structural_input_unused	deterministic_seed_alias
gse162632	original8	primary	17	4	equal_eight_root_mean	1000	8	D_to_O	NC	-0.4177725953783189	-0.4177725953783189	-3.5596525727044075e-18	True	True
gse162632	original8	primary	17	4	equal_eight_root_mean	1000	8	D_to_O	CM	-0.3578176134555455	-0.3578176134555455	-1.5334955527634977e-18	True	True
gse162632	original8	primary	17	4	equal_eight_root_mean	1000	8	D_to_O	TW	-0.3562332346686726	-0.3562332346686726	-1.519617764955683e-18	True	True
gse162632	original8	primary	17	4	equal_eight_root_mean	1000	8	D_to_O	PCA	-0.35636241098050025	-0.35636241098050014	-1.1171619185290638e-18	True	True
gse162632	original8	primary	17	4	equal_eight_root_mean	1000	8	D_to_O	RBF	-0.3565642898059135	-0.3565642898059135	-1.547373340571312e-18	True	True
gse162632	original8	primary	17	4	equal_eight_root_mean	1000	8	D_to_O	scGen	-0.6018181308647235	-0.5899449739194745	0.011873156945248533	False	False
gse162632	original8	primary	17	4	equal_eight_root_mean	1000	8	D_to_O	CPA	-0.8690040058769594	-0.8612122131074862	0.007791792769473483	False	False
gse162632	original8	primary	17	4	equal_eight_root_mean	1000	8	D_to_O	CellOT	-0.6104966317989483	-0.5955614660848957	0.014935165714052621	False	False
gse162632	original8	primary	17	4	equal_eight_root_mean	1000	8	D_to_P	NC	-0.4177725953783189	-0.4177725953783189	0.0	True	True
gse162632	original8	primary	17	4	equal_eight_root_mean	1000	8	D_to_P	CM	-0.3578176134555455	-0.3578176134555455	0.0	True	True
gse162632	original8	primary	17	4	equal_eight_root_mean	1000	8	D_to_P	TW	-0.3562332346686726	-0.3562332346686726	0.0	True	True
gse162632	original8	primary	17	4	equal_eight_root_mean	1000	8	D_to_P	PCA	-0.35636241098050025	-0.35636241098050025	0.0	True	True
gse162632	original8	primary	17	4	equal_eight_root_mean	1000	8	D_to_P	RBF	-0.3565642898059135	-0.3565642898059135	0.0	True	True
gse162632	original8	primary	17	4	equal_eight_root_mean	1000	8	D_to_P	scGen	-0.6018181308647235	-0.6136912878032699	-0.011873156938546497	False	False
gse162632	original8	primary	17	4	equal_eight_root_mean	1000	8	D_to_P	CPA	-0.8690040058769594	-0.8767957986439752	-0.007791792767015697	False	False
gse162632	original8	primary	17	4	equal_eight_root_mean	1000	8	D_to_P	CellOT	-0.6104966317989483	-0.6254317975107391	-0.01493516571179092	False	False
gse162632	original8	primary	17	4	equal_eight_root_mean	1000	8	S_to_M	NC	-0.41777259537831896	-0.4177725953783189	1.602190602412179e-17	True	True
gse162632	original8	primary	17	4	equal_eight_root_mean	1000	8	S_to_M	CM	-0.3578176134555455	-0.3578176134555455	2.317590563905014e-18	True	True
gse162632	original8	primary	17	4	equal_eight_root_mean	1000	8	S_to_M	TW	-0.3562332346686726	-0.3562332346686726	1.6861512186494565e-18	True	True
gse162632	original8	primary	17	4	equal_eight_root_mean	1000	8	S_to_M	PCA	-0.35636241098050025	-0.35636241098050025	1.845745778439323e-18	True	True
gse162632	original8	primary	17	4	equal_eight_root_mean	1000	8	S_to_M	RBF	-0.3565642898059135	-0.3565642898059135	2.0886070650760757e-18	True	True
gse162632	original8	primary	17	4	equal_eight_root_mean	1000	8	S_to_M	scGen	-0.13415395897527715	-0.13415395897530039	-2.3248099625950018e-14	False	False
gse162632	original8	primary	17	4	equal_eight_root_mean	1000	8	S_to_M	CPA	-0.40133983399836853	-0.40133983399965517	-1.286642792308612e-12	False	False
gse162632	original8	primary	17	4	equal_eight_root_mean	1000	8	S_to_M	CellOT	-0.14283245991218257	-0.14283245991227173	-8.918993495143948e-14	False	False
gse162632	original8	primary	17	4	root_00	1000	1	D_to_O	NC	-0.42249093542884086	-0.42249093542884086	-4.107825191113079e-18	True	True
gse162632	original8	primary	17	4	root_00	1000	1	D_to_O	CM	-0.3740998668579828	-0.3740998668579828	-1.7208456881689926e-18	True	True
gse162632	original8	primary	17	4	root_00	1000	1	D_to_O	TW	-0.37111033785063013	-0.37111033785063013	-2.331468351712829e-18	True	True
gse162632	original8	primary	17	4	root_00	1000	1	D_to_O	PCA	-0.3717574954981464	-0.37175749549814635	-1.609823385706477e-18	True	True
gse162632	original8	primary	17	4	root_00	1000	1	D_to_O	RBF	-0.37196863132706126	-0.37196863132706126	-1.1657341758564144e-18	True	True
gse162632	original8	primary	17	4	root_00	1000	1	D_to_O	scGen	-0.6265701918465337	-0.6133742261057119	0.013195965740821056	False	False
gse162632	original8	primary	17	4	root_00	1000	1	D_to_O	CPA	-0.9482969070556756	-0.9392603521567756	0.009036554898901662	False	False
gse162632	original8	primary	17	4	root_00	1000	1	D_to_O	CellOT	-0.6382198701499701	-0.6223349639746156	0.015884906175353614	False	False
gse162632	original8	primary	17	4	root_00	1000	1	D_to_P	NC	-0.42249093542884086	-0.42249093542884086	0.0	True	True
gse162632	original8	primary	17	4	root_00	1000	1	D_to_P	CM	-0.3740998668579828	-0.3740998668579828	0.0	True	True
gse162632	original8	primary	17	4	root_00	1000	1	D_to_P	TW	-0.37111033785063013	-0.37111033785063013	0.0	True	True
gse162632	original8	primary	17	4	root_00	1000	1	D_to_P	PCA	-0.3717574954981464	-0.3717574954981464	0.0	True	True
gse162632	original8	primary	17	4	root_00	1000	1	D_to_P	RBF	-0.37196863132706126	-0.37196863132706126	0.0	True	True
gse162632	original8	primary	17	4	root_00	1000	1	D_to_P	scGen	-0.6265701918465337	-0.6397661575857428	-0.013195965739208823	False	False
gse162632	original8	primary	17	4	root_00	1000	1	D_to_P	CPA	-0.9482969070556756	-0.9573334619645851	-0.009036554908909488	False	False
gse162632	original8	primary	17	4	root_00	1000	1	D_to_P	CellOT	-0.6382198701499701	-0.6541047763435607	-0.015884906193590856	False	False
gse162632	original8	primary	17	4	root_00	1000	1	S_to_M	NC	-0.4224909354288409	-0.42249093542884086	1.681987882307112e-17	True	True
gse162632	original8	primary	17	4	root_00	1000	1	S_to_M	CM	-0.3740998668579828	-0.3740998668579828	7.43849426498855e-18	True	True
gse162632	original8	primary	17	4	root_00	1000	1	S_to_M	TW	-0.37111033785063013	-0.37111033785063013	4.496403249731884e-18	True	True
gse162632	original8	primary	17	4	root_00	1000	1	S_to_M	PCA	-0.37175749549814635	-0.3717574954981464	5.218048215738236e-18	True	True
gse162632	original8	primary	17	4	root_00	1000	1	S_to_M	RBF	-0.37196863132706126	-0.37196863132706126	4.440892098500626e-18	True	True
gse162632	original8	primary	17	4	root_00	1000	1	S_to_M	scGen	-0.13746884796363598	-0.13746884795953915	4.0969944103963485e-12	False	False
gse162632	original8	primary	17	4	root_00	1000	1	S_to_M	CPA	-0.4591955631131723	-0.4591955631184085	-5.236380329343149e-12	False	False
gse162632	original8	primary	17	4	root_00	1000	1	S_to_M	CellOT	-0.14911852627991867	-0.14911852627277034	7.148419411961981e-12	False	False
gse162632	original8	primary	17	4	root_01	1000	1	D_to_O	NC	-0.438382130415819	-0.438382130415819	-2.331468351712829e-18	True	True
gse162632	original8	primary	17	4	root_01	1000	1	D_to_O	CM	-0.34394930876798757	-0.34394930876798757	-8.881784197001253e-19	True	True
gse162632	original8	primary	17	4	root_01	1000	1	D_to_O	TW	-0.3444408862834163	-0.3444408862834163	-1.1102230246251566e-18	True	True
gse162632	original8	primary	17	4	root_01	1000	1	D_to_O	PCA	-0.34306730652381795	-0.34306730652381795	-1.0547118733938987e-18	True	True
gse162632	original8	primary	17	4	root_01	1000	1	D_to_O	RBF	-0.3440941303236806	-0.3440941303236806	-6.661338147750939e-19	True	True
gse162632	original8	primary	17	4	root_01	1000	1	D_to_O	scGen	-0.5825397110145304	-0.5708739774546405	0.011665733559889748	False	False
gse162632	original8	primary	17	4	root_01	1000	1	D_to_O	CPA	-0.8033150880356218	-0.7952311237984179	0.00808396423720365	False	False
gse162632	original8	primary	17	4	root_01	1000	1	D_to_O	CellOT	-0.5946900188856059	-0.5789639593183656	0.015726059567239794	False	False
gse162632	original8	primary	17	4	root_01	1000	1	D_to_P	NC	-0.438382130415819	-0.438382130415819	0.0	True	True
gse162632	original8	primary	17	4	root_01	1000	1	D_to_P	CM	-0.34394930876798757	-0.34394930876798757	0.0	True	True
gse162632	original8	primary	17	4	root_01	1000	1	D_to_P	TW	-0.3444408862834163	-0.3444408862834163	0.0	True	True
gse162632	original8	primary	17	4	root_01	1000	1	D_to_P	PCA	-0.34306730652381795	-0.34306730652381795	0.0	True	True
gse162632	original8	primary	17	4	root_01	1000	1	D_to_P	RBF	-0.3440941303236806	-0.3440941303236806	0.0	True	True
gse162632	original8	primary	17	4	root_01	1000	1	D_to_P	scGen	-0.5825397110145304	-0.5942054445662813	-0.011665733551750983	False	False
gse162632	original8	primary	17	4	root_01	1000	1	D_to_P	CPA	-0.8033150880356218	-0.8113990522739455	-0.008083964238323789	False	False
gse162632	original8	primary	17	4	root_01	1000	1	D_to_P	CellOT	-0.5946900188856059	-0.6104160784429032	-0.015726059557297913	False	False
gse162632	original8	primary	17	4	root_01	1000	1	S_to_M	NC	-0.4383821304158191	-0.438382130415819	1.5265566588595904e-17	True	True
gse162632	original8	primary	17	4	root_01	1000	1	S_to_M	CM	-0.34394930876798757	-0.34394930876798757	-9.436895709313831e-19	True	True
gse162632	original8	primary	17	4	root_01	1000	1	S_to_M	TW	-0.3444408862834163	-0.3444408862834163	-1.7763568394002505e-18	True	True
gse162632	original8	primary	17	4	root_01	1000	1	S_to_M	PCA	-0.343067306523818	-0.34306730652381795	-8.881784197001253e-19	True	True
gse162632	original8	primary	17	4	root_01	1000	1	S_to_M	RBF	-0.3440941303236806	-0.3440941303236806	-7.216449660063517e-19	True	True
gse162632	original8	primary	17	4	root_01	1000	1	S_to_M	scGen	-0.1269170578666319	-0.1269170578697524	-3.1203342548691283e-12	False	False
gse162632	original8	primary	17	4	root_01	1000	1	S_to_M	CPA	-0.3476924349159938	-0.3476924349141775	1.8155494330152066e-12	False	False
gse162632	original8	primary	17	4	root_01	1000	1	S_to_M	CellOT	-0.1390673657364776	-0.13906736573570735	7.701409510119106e-13	False	False
gse162632	original8	primary	17	4	root_02	1000	1	D_to_O	NC	-0.41551700859099705	-0.41551700859099705	-2.831068712794149e-18	True	True
gse162632	original8	primary	17	4	root_02	1000	1	D_to_O	CM	-0.3308712784163365	-0.3308712784163365	-1.1657341758564144e-18	True	True
gse162632	original8	primary	17	4	root_02	1000	1	D_to_O	TW	-0.3307901594200786	-0.3307901594200786	-1.6653345369377348e-19	True	True
gse162632	original8	primary	17	4	root_02	1000	1	D_to_O	PCA	-0.32962951686430125	-0.3296295168643012	-7.771561172376096e-19	True	True
gse162632	original8	primary	17	4	root_02	1000	1	D_to_O	RBF	-0.33062878962274117	-0.33062878962274117	-7.771561172376096e-19	True	True
gse162632	original8	primary	17	4	root_02	1000	1	D_to_O	scGen	-0.5592246787991556	-0.545767480437157	0.013457198361998433	False	False
gse162632	original8	primary	17	4	root_02	1000	1	D_to_O	CPA	-0.7783580303933292	-0.7705318950992589	0.0078261352940701	False	False
gse162632	original8	primary	17	4	root_02	1000	1	D_to_O	CellOT	-0.5715990527273885	-0.5561093100897103	0.015489742637679426	False	False
gse162632	original8	primary	17	4	root_02	1000	1	D_to_P	NC	-0.41551700859099705	-0.41551700859099705	0.0	True	True
gse162632	original8	primary	17	4	root_02	1000	1	D_to_P	CM	-0.3308712784163365	-0.3308712784163365	0.0	True	True
gse162632	original8	primary	17	4	root_02	1000	1	D_to_P	TW	-0.3307901594200786	-0.3307901594200786	0.0	True	True
gse162632	original8	primary	17	4	root_02	1000	1	D_to_P	PCA	-0.32962951686430125	-0.32962951686430125	0.0	True	True
gse162632	original8	primary	17	4	root_02	1000	1	D_to_P	RBF	-0.33062878962274117	-0.33062878962274117	0.0	True	True
gse162632	original8	primary	17	4	root_02	1000	1	D_to_P	scGen	-0.5592246787991556	-0.5726818771565299	-0.013457198357373976	False	False
gse162632	original8	primary	17	4	root_02	1000	1	D_to_P	CPA	-0.7783580303933292	-0.7861841656828353	-0.007826135289505223	False	False
gse162632	original8	primary	17	4	root_02	1000	1	D_to_P	CellOT	-0.5715990527273885	-0.5870887953631373	-0.015489742635748835	False	False
gse162632	original8	primary	17	4	root_02	1000	1	S_to_M	NC	-0.41551700859099705	-0.41551700859099705	1.6653345369377347e-17	True	True
gse162632	original8	primary	17	4	root_02	1000	1	S_to_M	CM	-0.3308712784163365	-0.3308712784163365	-1.5543122344752192e-18	True	True
gse162632	original8	primary	17	4	root_02	1000	1	S_to_M	TW	-0.3307901594200786	-0.3307901594200786	-1.7208456881689926e-18	True	True
gse162632	original8	primary	17	4	root_02	1000	1	S_to_M	PCA	-0.32962951686430125	-0.32962951686430125	-8.326672684688674e-19	True	True
gse162632	original8	primary	17	4	root_02	1000	1	S_to_M	RBF	-0.33062878962274117	-0.33062878962274117	-7.216449660063517e-19	True	True
gse162632	original8	primary	17	4	root_02	1000	1	S_to_M	scGen	-0.12068310184330074	-0.12068310184092752	2.373125557175726e-12	False	False
gse162632	original8	primary	17	4	root_02	1000	1	S_to_M	CPA	-0.3398164535005834	-0.3398164535002809	3.0187935484704554e-13	False	False
gse162632	original8	primary	17	4	root_02	1000	1	S_to_M	CellOT	-0.13305747576732543	-0.1330574757647538	2.5715538726212015e-12	False	False
gse162632	original8	primary	17	4	root_03	1000	1	D_to_O	NC	-0.3955474671934167	-0.3955474671934167	-3.1641356201816963e-18	True	True
gse162632	original8	primary	17	4	root_03	1000	1	D_to_O	CM	-0.3364744803943095	-0.3364744803943095	-8.881784197001253e-19	True	True
gse162632	original8	primary	17	4	root_03	1000	1	D_to_O	TW	-0.33478305149403653	-0.33478305149403653	-1.8873791418627663e-18	True	True
gse162632	original8	primary	17	4	root_03	1000	1	D_to_O	PCA	-0.33537164690051774	-0.33537164690051774	-9.992007221626408e-19	True	True
gse162632	original8	primary	17	4	root_03	1000	1	D_to_O	RBF	-0.3351542680408259	-0.3351542680408259	-1.3877787807814458e-18	True	True
gse162632	original8	primary	17	4	root_03	1000	1	D_to_O	scGen	-0.5638773108286521	-0.5505604904927079	0.013316820335943379	False	False
gse162632	original8	primary	17	4	root_03	1000	1	D_to_O	CPA	-0.7999971441312548	-0.7918251787376562	0.008171965393599769	False	False
gse162632	original8	primary	17	4	root_03	1000	1	D_to_O	CellOT	-0.5720797566029375	-0.5554938430003161	0.0165859136026211	False	False
gse162632	original8	primary	17	4	root_03	1000	1	D_to_P	NC	-0.3955474671934167	-0.3955474671934167	0.0	True	True
gse162632	original8	primary	17	4	root_03	1000	1	D_to_P	CM	-0.3364744803943095	-0.3364744803943095	0.0	True	True
gse162632	original8	primary	17	4	root_03	1000	1	D_to_P	TW	-0.33478305149403653	-0.33478305149403653	0.0	True	True
gse162632	original8	primary	17	4	root_03	1000	1	D_to_P	PCA	-0.33537164690051774	-0.33537164690051774	0.0	True	True
gse162632	original8	primary	17	4	root_03	1000	1	D_to_P	RBF	-0.3351542680408259	-0.3351542680408259	0.0	True	True
gse162632	original8	primary	17	4	root_03	1000	1	D_to_P	scGen	-0.5638773108286521	-0.5771941311563736	-0.013316820327722082	False	False
gse162632	original8	primary	17	4	root_03	1000	1	D_to_P	CPA	-0.7999971441312548	-0.8081691095306769	-0.008171965399420137	False	False
gse162632	original8	primary	17	4	root_03	1000	1	D_to_P	CellOT	-0.5720797566029375	-0.5886656702065809	-0.016585913603643282	False	False
gse162632	original8	primary	17	4	root_03	1000	1	S_to_M	NC	-0.3955474671934167	-0.3955474671934167	1.482147737874584e-17	True	True
gse162632	original8	primary	17	4	root_03	1000	1	S_to_M	CM	-0.33647448039430955	-0.3364744803943095	-8.326672684688674e-19	True	True
gse162632	original8	primary	17	4	root_03	1000	1	S_to_M	TW	-0.3347830514940365	-0.33478305149403653	-1.7208456881689926e-18	True	True
gse162632	original8	primary	17	4	root_03	1000	1	S_to_M	PCA	-0.33537164690051774	-0.33537164690051774	-6.106226635438361e-19	True	True
gse162632	original8	primary	17	4	root_03	1000	1	S_to_M	RBF	-0.3351542680408259	-0.3351542680408259	-1.1102230246251566e-19	True	True
gse162632	original8	primary	17	4	root_03	1000	1	S_to_M	scGen	-0.12607727717360667	-0.12607727716876443	4.84222791030664e-12	False	False
gse162632	original8	primary	17	4	root_03	1000	1	S_to_M	CPA	-0.3621971105322974	-0.3621971105249	7.39747202382901e-12	False	False
gse162632	original8	primary	17	4	root_03	1000	1	S_to_M	CellOT	-0.13427972295323648	-0.134279722953474	-2.3757082412423357e-13	False	False
gse162632	original8	primary	17	4	root_04	1000	1	D_to_O	NC	-0.41770653454901846	-0.41770653454901846	-5.273559366969494e-18	True	True
gse162632	original8	primary	17	4	root_04	1000	1	D_to_O	CM	-0.34136805025806466	-0.34136805025806466	-1.1102230246251566e-18	True	True
gse162632	original8	primary	17	4	root_04	1000	1	D_to_O	TW	-0.341336918447409	-0.341336918447409	-6.106226635438361e-19	True	True
gse162632	original8	primary	17	4	root_04	1000	1	D_to_O	PCA	-0.34009855939451883	-0.34009855939451883	0.0	True	True
gse162632	original8	primary	17	4	root_04	1000	1	D_to_O	RBF	-0.34110610184273643	-0.34110610184273643	-1.3322676295501879e-18	True	True
gse162632	original8	primary	17	4	root_04	1000	1	D_to_O	scGen	-0.571707515229462	-0.5613594624858187	0.010348052743642942	False	False
gse162632	original8	primary	17	4	root_04	1000	1	D_to_O	CPA	-0.8198951809183518	-0.8124479913703082	0.007447189548043215	False	False
gse162632	original8	primary	17	4	root_04	1000	1	D_to_O	CellOT	-0.5808774331628322	-0.56744492114278	0.013432512020052795	False	False
gse162632	original8	primary	17	4	root_04	1000	1	D_to_P	NC	-0.41770653454901846	-0.41770653454901846	0.0	True	True
gse162632	original8	primary	17	4	root_04	1000	1	D_to_P	CM	-0.34136805025806466	-0.34136805025806466	0.0	True	True
gse162632	original8	primary	17	4	root_04	1000	1	D_to_P	TW	-0.341336918447409	-0.341336918447409	0.0	True	True
gse162632	original8	primary	17	4	root_04	1000	1	D_to_P	PCA	-0.34009855939451883	-0.34009855939451883	0.0	True	True
gse162632	original8	primary	17	4	root_04	1000	1	D_to_P	RBF	-0.34110610184273643	-0.34110610184273643	0.0	True	True
gse162632	original8	primary	17	4	root_04	1000	1	D_to_P	scGen	-0.571707515229462	-0.5820555679709464	-0.010348052741484386	False	False
gse162632	original8	primary	17	4	root_04	1000	1	D_to_P	CPA	-0.8198951809183518	-0.8273423704579811	-0.007447189539629713	False	False
gse162632	original8	primary	17	4	root_04	1000	1	D_to_P	CellOT	-0.5808774331628322	-0.5943099451810043	-0.013432512018171097	False	False
gse162632	original8	primary	17	4	root_04	1000	1	S_to_M	NC	-0.41770653454901846	-0.41770653454901846	1.687538997430238e-17	True	True
gse162632	original8	primary	17	4	root_04	1000	1	S_to_M	CM	-0.3413680502580647	-0.34136805025806466	-1.8318679906315084e-18	True	True
gse162632	original8	primary	17	4	root_04	1000	1	S_to_M	TW	-0.341336918447409	-0.341336918447409	-1.7208456881689926e-18	True	True
gse162632	original8	primary	17	4	root_04	1000	1	S_to_M	PCA	-0.34009855939451883	-0.34009855939451883	-3.0531133177191805e-18	True	True
gse162632	original8	primary	17	4	root_04	1000	1	S_to_M	RBF	-0.34110610184273643	-0.34110610184273643	-1.8318679906315084e-18	True	True
gse162632	original8	primary	17	4	root_04	1000	1	S_to_M	scGen	-0.12370387575981537	-0.1237038757582448	1.5703823935675487e-12	False	False
gse162632	original8	primary	17	4	root_04	1000	1	S_to_M	CPA	-0.37189154142858094	-0.3718915414351871	-6.606016011989624e-12	False	False
gse162632	original8	primary	17	4	root_04	1000	1	S_to_M	CellOT	-0.13287379369972105	-0.13287379369356225	6.1586593325113625e-12	False	False
gse162632	original8	primary	17	4	root_05	1000	1	D_to_O	NC	-0.4223345344623108	-0.4223345344623108	-4.052314039881821e-18	True	True
gse162632	original8	primary	17	4	root_05	1000	1	D_to_O	CM	-0.35965679227517733	-0.35965679227517733	-8.881784197001253e-19	True	True
gse162632	original8	primary	17	4	root_05	1000	1	D_to_O	TW	-0.35762956426471443	-0.35762956426471443	-7.216449660063517e-19	True	True
gse162632	original8	primary	17	4	root_05	1000	1	D_to_O	PCA	-0.3584431371693759	-0.3584431371693759	-1.4432899320127034e-18	True	True
gse162632	original8	primary	17	4	root_05	1000	1	D_to_O	RBF	-0.3581638042066437	-0.3581638042066437	-1.1102230246251566e-18	True	True
gse162632	original8	primary	17	4	root_05	1000	1	D_to_O	scGen	-0.6078621779313661	-0.5973019368694407	0.01056024106192537	False	False
gse162632	original8	primary	17	4	root_05	1000	1	D_to_O	CPA	-0.876322740094299	-0.868360314265919	0.007962425828380422	False	False
gse162632	original8	primary	17	4	root_05	1000	1	D_to_O	CellOT	-0.6186138080790564	-0.6047506670675271	0.013863141011529734	False	False
gse162632	original8	primary	17	4	root_05	1000	1	D_to_P	NC	-0.4223345344623108	-0.4223345344623108	0.0	True	True
gse162632	original8	primary	17	4	root_05	1000	1	D_to_P	CM	-0.35965679227517733	-0.35965679227517733	0.0	True	True
gse162632	original8	primary	17	4	root_05	1000	1	D_to_P	TW	-0.35762956426471443	-0.35762956426471443	0.0	True	True
gse162632	original8	primary	17	4	root_05	1000	1	D_to_P	PCA	-0.3584431371693759	-0.3584431371693759	0.0	True	True
gse162632	original8	primary	17	4	root_05	1000	1	D_to_P	RBF	-0.3581638042066437	-0.3581638042066437	0.0	True	True
gse162632	original8	primary	17	4	root_05	1000	1	D_to_P	scGen	-0.6078621779313661	-0.6184224189864354	-0.01056024105506959	False	False
gse162632	original8	primary	17	4	root_05	1000	1	D_to_P	CPA	-0.876322740094299	-0.8842851659101861	-0.007962425815887358	False	False
gse162632	original8	primary	17	4	root_05	1000	1	D_to_P	CellOT	-0.6186138080790564	-0.6324769490983667	-0.01386314101931155	False	False
gse162632	original8	primary	17	4	root_05	1000	1	S_to_M	NC	-0.42233453446231084	-0.4223345344623108	1.5154544286133388e-17	True	True
gse162632	original8	primary	17	4	root_05	1000	1	S_to_M	CM	-0.3596567922751774	-0.35965679227517733	2.7755575615628914e-19	True	True
gse162632	original8	primary	17	4	root_05	1000	1	S_to_M	TW	-0.35762956426471443	-0.35762956426471443	-7.771561172376096e-19	True	True
gse162632	original8	primary	17	4	root_05	1000	1	S_to_M	PCA	-0.3584431371693759	-0.3584431371693759	-5.551115123125783e-20	True	True
gse162632	original8	primary	17	4	root_05	1000	1	S_to_M	RBF	-0.3581638042066437	-0.3581638042066437	-7.216449660063517e-19	True	True
gse162632	original8	primary	17	4	root_05	1000	1	S_to_M	scGen	-0.12928374164800518	-0.12928374164814527	-1.4008119664232766e-13	False	False
gse162632	original8	primary	17	4	root_05	1000	1	S_to_M	CPA	-0.3977443038187398	-0.3977443038262074	-7.467189810927976e-12	False	False
gse162632	original8	primary	17	4	root_05	1000	1	S_to_M	CellOT	-0.14003537180138984	-0.14003537180198414	-5.941832859068796e-13	False	False
gse162632	original8	primary	17	4	root_06	1000	1	D_to_O	NC	-0.40490719162876515	-0.4049071916287651	-3.1086244689504384e-18	True	True
gse162632	original8	primary	17	4	root_06	1000	1	D_to_O	CM	-0.4115430180316468	-0.4115430180316468	-5.3290705182007515e-18	True	True
gse162632	original8	primary	17	4	root_06	1000	1	D_to_O	TW	-0.40574458345886505	-0.40574458345886505	-4.274358644806853e-18	True	True
gse162632	original8	primary	17	4	root_06	1000	1	D_to_O	PCA	-0.4093801216447229	-0.409380121644723	-2.275957200481571e-18	True	True
gse162632	original8	primary	17	4	root_06	1000	1	D_to_O	RBF	-0.40747130062635734	-0.40747130062635734	-4.551914400963142e-18	True	True
gse162632	original8	primary	17	4	root_06	1000	1	D_to_O	scGen	-0.6931603619791274	-0.6822563090268006	0.010904052952327114	False	False
gse162632	original8	primary	17	4	root_06	1000	1	D_to_O	CPA	-1.0336022011633574	-1.0274154440262282	0.006186757137128927	False	False
gse162632	original8	primary	17	4	root_06	1000	1	D_to_O	CellOT	-0.6938899037187286	-0.6801792400893354	0.013710663629392621	False	False
gse162632	original8	primary	17	4	root_06	1000	1	D_to_P	NC	-0.40490719162876515	-0.40490719162876515	0.0	True	True
gse162632	original8	primary	17	4	root_06	1000	1	D_to_P	CM	-0.4115430180316468	-0.4115430180316468	0.0	True	True
gse162632	original8	primary	17	4	root_06	1000	1	D_to_P	TW	-0.40574458345886505	-0.40574458345886505	0.0	True	True
gse162632	original8	primary	17	4	root_06	1000	1	D_to_P	PCA	-0.4093801216447229	-0.4093801216447229	0.0	True	True
gse162632	original8	primary	17	4	root_06	1000	1	D_to_P	RBF	-0.40747130062635734	-0.40747130062635734	0.0	True	True
gse162632	original8	primary	17	4	root_06	1000	1	D_to_P	scGen	-0.6931603619791274	-0.704064414924425	-0.01090405294529777	False	False
gse162632	original8	primary	17	4	root_06	1000	1	D_to_P	CPA	-1.0336022011633574	-1.0397889583003344	-0.006186757136977405	False	False
gse162632	original8	primary	17	4	root_06	1000	1	D_to_P	CellOT	-0.6938899037187286	-0.707600567337513	-0.01371066361878534	False	False
gse162632	original8	primary	17	4	root_06	1000	1	S_to_M	NC	-0.40490719162876515	-0.40490719162876515	1.6486811915683574e-17	True	True
gse162632	original8	primary	17	4	root_06	1000	1	S_to_M	CM	-0.41154301803164683	-0.4115430180316468	1.6209256159527284e-17	True	True
gse162632	original8	primary	17	4	root_06	1000	1	S_to_M	TW	-0.40574458345886516	-0.40574458345886505	1.6986412276764895e-17	True	True
gse162632	original8	primary	17	4	root_06	1000	1	S_to_M	PCA	-0.409380121644723	-0.4093801216447229	1.5432100042289677e-17	True	True
gse162632	original8	primary	17	4	root_06	1000	1	S_to_M	RBF	-0.4074713006263574	-0.40747130062635734	1.659783421814609e-17	True	True
gse162632	original8	primary	17	4	root_06	1000	1	S_to_M	scGen	-0.1758482296651629	-0.17584822966439273	7.699959558848945e-13	False	False
gse162632	original8	primary	17	4	root_06	1000	1	S_to_M	CPA	-0.51629006884041	-0.5162900688372452	3.165067929966625e-12	False	False
gse162632	original8	primary	17	4	root_06	1000	1	S_to_M	CellOT	-0.17657777139975964	-0.1765777714059813	-6.2217258289809505e-12	False	False
gse162632	original8	primary	17	4	root_07	1000	1	D_to_O	NC	-0.4252949607573834	-0.4252949607573833	-3.608224830031759e-18	True	True
gse162632	original8	primary	17	4	root_07	1000	1	D_to_O	CM	-0.36457811264285866	-0.36457811264285866	-2.7755575615628914e-19	True	True
gse162632	original8	primary	17	4	root_07	1000	1	D_to_O	TW	-0.36403037613023115	-0.36403037613023115	-1.0547118733938987e-18	True	True
gse162632	original8	primary	17	4	root_07	1000	1	D_to_O	PCA	-0.3631515038486008	-0.36315150384860073	-7.771561172376096e-19	True	True
gse162632	original8	primary	17	4	root_07	1000	1	D_to_O	RBF	-0.36392729245726163	-0.36392729245726163	-1.3877787807814458e-18	True	True
gse162632	original8	primary	17	4	root_07	1000	1	D_to_O	scGen	-0.6096030992889601	-0.5980659084835193	0.01153719080544022	False	False
gse162632	original8	primary	17	4	root_07	1000	1	D_to_O	CPA	-0.8922447552237858	-0.8846254054053249	0.007619349818460118	False	False
gse162632	original8	primary	17	4	root_07	1000	1	D_to_O	CellOT	-0.6140032110650671	-0.5992148239965152	0.014788387068551883	False	False
gse162632	original8	primary	17	4	root_07	1000	1	D_to_P	NC	-0.4252949607573834	-0.4252949607573834	0.0	True	True
gse162632	original8	primary	17	4	root_07	1000	1	D_to_P	CM	-0.36457811264285866	-0.36457811264285866	0.0	True	True
gse162632	original8	primary	17	4	root_07	1000	1	D_to_P	TW	-0.36403037613023115	-0.36403037613023115	0.0	True	True
gse162632	original8	primary	17	4	root_07	1000	1	D_to_P	PCA	-0.3631515038486008	-0.3631515038486008	0.0	True	True
gse162632	original8	primary	17	4	root_07	1000	1	D_to_P	RBF	-0.36392729245726163	-0.36392729245726163	0.0	True	True
gse162632	original8	primary	17	4	root_07	1000	1	D_to_P	scGen	-0.6096030992889601	-0.6211402900794236	-0.01153719079046437	False	False
gse162632	original8	primary	17	4	root_07	1000	1	D_to_P	CPA	-0.8922447552237858	-0.8998641050312574	-0.007619349807472459	False	False
gse162632	original8	primary	17	4	root_07	1000	1	D_to_P	CellOT	-0.6140032110650671	-0.628791598112846	-0.01478838704777849	False	False
gse162632	original8	primary	17	4	root_07	1000	1	S_to_M	NC	-0.4252949607573834	-0.4252949607573834	1.609823385706477e-17	True	True
gse162632	original8	primary	17	4	root_07	1000	1	S_to_M	CM	-0.36457811264285866	-0.36457811264285866	-2.220446049250313e-19	True	True
gse162632	original8	primary	17	4	root_07	1000	1	S_to_M	TW	-0.36403037613023115	-0.36403037613023115	-2.7755575615628914e-19	True	True
gse162632	original8	primary	17	4	root_07	1000	1	S_to_M	PCA	-0.3631515038486008	-0.3631515038486008	-4.440892098500626e-19	True	True
gse162632	original8	primary	17	4	root_07	1000	1	S_to_M	RBF	-0.36392729245726174	-0.36392729245726163	-2.220446049250313e-19	True	True
gse162632	original8	primary	17	4	root_07	1000	1	S_to_M	scGen	-0.13324953988205854	-0.13324953989263671	-1.0578295572827302e-11	False	False
gse162632	original8	primary	17	4	root_07	1000	1	S_to_M	CPA	-0.4158911958371709	-0.415891195840835	-3.6635249278660356e-12	False	False
gse162632	original8	primary	17	4	root_07	1000	1	S_to_M	CellOT	-0.137649651659632	-0.13764965166994084	-1.0308813108705906e-11	False	False
gse162632	original8	primary	17	6	equal_eight_root_mean	1000	8	D_to_O	NC	-0.3398228156843802	-0.3398228156843802	-1.2420620087993936e-18	True	True
gse162632	original8	primary	17	6	equal_eight_root_mean	1000	8	D_to_O	CM	-0.27987184711728075	-0.27987184711728075	-1.0755285551056204e-18	True	True
gse162632	original8	primary	17	6	equal_eight_root_mean	1000	8	D_to_O	TW	-0.27828924309187725	-0.27828924309187725	-6.661338147750939e-19	True	True
gse162632	original8	primary	17	6	equal_eight_root_mean	1000	8	D_to_O	PCA	-0.27841628641544286	-0.27841628641544286	-9.99200722162641e-19	True	True
gse162632	original8	primary	17	6	equal_eight_root_mean	1000	8	D_to_O	RBF	-0.27861952405360446	-0.27861952405360446	-1.0894063429134349e-18	True	True
gse162632	original8	primary	17	6	equal_eight_root_mean	1000	8	D_to_O	scGen	-0.44334118930341476	-0.43546640306890955	0.007874786234505158	False	False
gse162632	original8	primary	17	6	equal_eight_root_mean	1000	8	D_to_O	CPA	-0.7100689461208606	-0.7049204660413706	0.005148480079489598	False	False
gse162632	original8	primary	17	6	equal_eight_root_mean	1000	8	D_to_O	CellOT	-0.45115262942569234	-0.44122757502259713	0.00992505440309517	False	False
gse162632	original8	primary	17	6	equal_eight_root_mean	1000	8	D_to_P	NC	-0.3398228156843802	-0.3398228156843802	0.0	True	True
gse162632	original8	primary	17	6	equal_eight_root_mean	1000	8	D_to_P	CM	-0.27987184711728075	-0.27987184711728075	0.0	True	True
gse162632	original8	primary	17	6	equal_eight_root_mean	1000	8	D_to_P	TW	-0.27828924309187725	-0.27828924309187725	0.0	True	True
gse162632	original8	primary	17	6	equal_eight_root_mean	1000	8	D_to_P	PCA	-0.27841628641544286	-0.27841628641544286	0.0	True	True
gse162632	original8	primary	17	6	equal_eight_root_mean	1000	8	D_to_P	RBF	-0.27861952405360446	-0.27861952405360446	0.0	True	True
gse162632	original8	primary	17	6	equal_eight_root_mean	1000	8	D_to_P	scGen	-0.44334118930341476	-0.451215975537558	-0.00787478623414332	False	False
gse162632	original8	primary	17	6	equal_eight_root_mean	1000	8	D_to_P	CPA	-0.7100689461208606	-0.7152174261943234	-0.005148480073463027	False	False
gse162632	original8	primary	17	6	equal_eight_root_mean	1000	8	D_to_P	CellOT	-0.45115262942569234	-0.46107768382333725	-0.009925054397644953	False	False
gse162632	original8	primary	17	6	equal_eight_root_mean	1000	8	S_to_M	NC	-0.3398228156843802	-0.3398228156843802	-7.2858385991025905e-19	True	True
gse162632	original8	primary	17	6	equal_eight_root_mean	1000	8	S_to_M	CM	-0.2798718471172808	-0.27987184711728075	-1.1241008124329708e-18	True	True
gse162632	original8	primary	17	6	equal_eight_root_mean	1000	8	S_to_M	TW	-0.2782892430918773	-0.27828924309187725	-8.604228440844962e-19	True	True
gse162632	original8	primary	17	6	equal_eight_root_mean	1000	8	S_to_M	PCA	-0.27841628641544286	-0.27841628641544286	-8.81239525796218e-19	True	True
gse162632	original8	primary	17	6	equal_eight_root_mean	1000	8	S_to_M	RBF	-0.27861952405360446	-0.27861952405360446	-6.245004513516505e-19	True	True
gse162632	original8	primary	17	6	equal_eight_root_mean	1000	8	S_to_M	scGen	-0.13161067382267347	-0.13161067382526598	-2.5925499264750632e-12	False	False
gse162632	original8	primary	17	6	equal_eight_root_mean	1000	8	S_to_M	CPA	-0.3983384306261082	-0.3983384306311317	-5.023350020672001e-12	False	False
gse162632	original8	primary	17	6	equal_eight_root_mean	1000	8	S_to_M	CellOT	-0.13942211394450502	-0.13942211394710685	-2.6017507419318075e-12	False	False
gse162632	original8	primary	17	6	root_00	1000	1	D_to_O	NC	-0.34102551748717674	-0.34102551748717674	-1.6653345369377347e-18	True	True
gse162632	original8	primary	17	6	root_00	1000	1	D_to_O	CM	-0.2925706308829541	-0.2925706308829541	-1.1657341758564144e-18	True	True
gse162632	original8	primary	17	6	root_00	1000	1	D_to_O	TW	-0.28958349781164594	-0.28958349781164594	-3.3306690738754697e-19	True	True
gse162632	original8	primary	17	6	root_00	1000	1	D_to_O	PCA	-0.290224883039953	-0.290224883039953	-1.27675647831893e-18	True	True
gse162632	original8	primary	17	6	root_00	1000	1	D_to_O	RBF	-0.2904411486896899	-0.2904411486896899	-5.551115123125783e-19	True	True
gse162632	original8	primary	17	6	root_00	1000	1	D_to_O	scGen	-0.4606412484453987	-0.4518969328481261	0.008744315597271951	False	False
gse162632	original8	primary	17	6	root_00	1000	1	D_to_O	CPA	-0.78197623449512	-0.7760421545096835	0.005934079985435196	False	False
gse162632	original8	primary	17	6	root_00	1000	1	D_to_O	CellOT	-0.4715433979648499	-0.4610301238493629	0.010513274115486165	False	False
gse162632	original8	primary	17	6	root_00	1000	1	D_to_P	NC	-0.34102551748717674	-0.34102551748717674	0.0	True	True
gse162632	original8	primary	17	6	root_00	1000	1	D_to_P	CM	-0.2925706308829541	-0.2925706308829541	0.0	True	True
gse162632	original8	primary	17	6	root_00	1000	1	D_to_P	TW	-0.28958349781164594	-0.28958349781164594	0.0	True	True
gse162632	original8	primary	17	6	root_00	1000	1	D_to_P	PCA	-0.290224883039953	-0.290224883039953	0.0	True	True
gse162632	original8	primary	17	6	root_00	1000	1	D_to_P	RBF	-0.2904411486896899	-0.2904411486896899	0.0	True	True
gse162632	original8	primary	17	6	root_00	1000	1	D_to_P	scGen	-0.4606412484453987	-0.4693855640629908	-0.00874431561759171	False	False
gse162632	original8	primary	17	6	root_00	1000	1	D_to_P	CPA	-0.78197623449512	-0.7879103144770887	-0.0059340799819698415	False	False
gse162632	original8	primary	17	6	root_00	1000	1	D_to_P	CellOT	-0.4715433979648499	-0.4820566720953192	-0.010513274130469706	False	False
gse162632	original8	primary	17	6	root_00	1000	1	S_to_M	NC	-0.34102551748717674	-0.34102551748717674	-7.771561172376096e-19	True	True
gse162632	original8	primary	17	6	root_00	1000	1	S_to_M	CM	-0.2925706308829541	-0.2925706308829541	-1.8873791418627663e-18	True	True
gse162632	original8	primary	17	6	root_00	1000	1	S_to_M	TW	-0.28958349781164594	-0.28958349781164594	3.3306690738754697e-19	True	True
gse162632	original8	primary	17	6	root_00	1000	1	S_to_M	PCA	-0.290224883039953	-0.290224883039953	-2.220446049250313e-19	True	True
gse162632	original8	primary	17	6	root_00	1000	1	S_to_M	RBF	-0.2904411486896899	-0.2904411486896899	-1.2212453270876721e-18	True	True
gse162632	original8	primary	17	6	root_00	1000	1	S_to_M	scGen	-0.134703477800223	-0.13470347779565417	4.568936506910148e-12	False	False
gse162632	original8	primary	17	6	root_00	1000	1	S_to_M	CPA	-0.45603846383930974	-0.45603846383687874	2.4314351088072783e-12	False	False
gse162632	original8	primary	17	6	root_00	1000	1	S_to_M	CellOT	-0.14560562731852983	-0.1456056273153629	3.167024559269649e-12	False	False
gse162632	original8	primary	17	6	root_01	1000	1	D_to_O	NC	-0.3624718944540366	-0.3624718944540366	-7.771561172376096e-19	True	True
gse162632	original8	primary	17	6	root_01	1000	1	D_to_O	CM	-0.2679599173027739	-0.2679599173027739	-1.0547118733938987e-18	True	True
gse162632	original8	primary	17	6	root_01	1000	1	D_to_O	TW	-0.26845870247745124	-0.2684587024774512	-5.551115123125783e-19	True	True
gse162632	original8	primary	17	6	root_01	1000	1	D_to_O	PCA	-0.2670826760857811	-0.2670826760857811	-9.992007221626408e-19	True	True
gse162632	original8	primary	17	6	root_01	1000	1	D_to_O	RBF	-0.26810935741507486	-0.26810935741507486	-7.771561172376096e-19	True	True
gse162632	original8	primary	17	6	root_01	1000	1	D_to_O	scGen	-0.42809493153479455	-0.42028781308621926	0.007807118448575179	False	False
gse162632	original8	primary	17	6	root_01	1000	1	D_to_O	CPA	-0.6482887900214427	-0.6428809725710426	0.005407817450399182	False	False
gse162632	original8	primary	17	6	root_01	1000	1	D_to_O	CellOT	-0.4391367795026743	-0.42858311787057896	0.010553661632095087	False	False
gse162632	original8	primary	17	6	root_01	1000	1	D_to_P	NC	-0.3624718944540366	-0.3624718944540366	0.0	True	True
gse162632	original8	primary	17	6	root_01	1000	1	D_to_P	CM	-0.2679599173027739	-0.2679599173027739	0.0	True	True
gse162632	original8	primary	17	6	root_01	1000	1	D_to_P	TW	-0.26845870247745124	-0.26845870247745124	0.0	True	True
gse162632	original8	primary	17	6	root_01	1000	1	D_to_P	PCA	-0.2670826760857811	-0.2670826760857811	0.0	True	True
gse162632	original8	primary	17	6	root_01	1000	1	D_to_P	RBF	-0.26810935741507486	-0.26810935741507486	0.0	True	True
gse162632	original8	primary	17	6	root_01	1000	1	D_to_P	scGen	-0.42809493153479455	-0.4359020499848592	-0.007807118450064886	False	False
gse162632	original8	primary	17	6	root_01	1000	1	D_to_P	CPA	-0.6482887900214427	-0.653696607459699	-0.0054078174382570085	False	False
gse162632	original8	primary	17	6	root_01	1000	1	D_to_P	CellOT	-0.4391367795026743	-0.4496904411288692	-0.010553661626194831	False	False
gse162632	original8	primary	17	6	root_01	1000	1	S_to_M	NC	-0.3624718944540366	-0.3624718944540366	4.440892098500626e-19	True	True
gse162632	original8	primary	17	6	root_01	1000	1	S_to_M	CM	-0.2679599173027739	-0.2679599173027739	-7.216449660063517e-19	True	True
gse162632	original8	primary	17	6	root_01	1000	1	S_to_M	TW	-0.2684587024774512	-0.26845870247745124	-1.609823385706477e-18	True	True
gse162632	original8	primary	17	6	root_01	1000	1	S_to_M	PCA	-0.2670826760857811	-0.2670826760857811	-4.996003610813204e-19	True	True
gse162632	original8	primary	17	6	root_01	1000	1	S_to_M	RBF	-0.26810935741507486	-0.26810935741507486	-2.7755575615628914e-19	True	True
gse162632	original8	primary	17	6	root_01	1000	1	S_to_M	scGen	-0.1243459880539994	-0.12434598805730515	-3.305679480147816e-12	False	False
gse162632	original8	primary	17	6	root_01	1000	1	S_to_M	CPA	-0.34453984646237523	-0.34453984647588637	-1.3510655816340033e-11	False	False
gse162632	original8	primary	17	6	root_01	1000	1	S_to_M	CellOT	-0.13538783600931223	-0.135387836014373	-5.060734276085555e-12	False	False
gse162632	original8	primary	17	6	root_02	1000	1	D_to_O	NC	-0.342359951039915	-0.342359951039915	-7.771561172376096e-19	True	True
gse162632	original8	primary	17	6	root_02	1000	1	D_to_O	CM	-0.2577292390326306	-0.2577292390326306	-9.992007221626408e-19	True	True
gse162632	original8	primary	17	6	root_02	1000	1	D_to_O	TW	-0.2576457313359588	-0.2576457313359588	-6.661338147750939e-19	True	True
gse162632	original8	primary	17	6	root_02	1000	1	D_to_O	PCA	-0.25648022737643006	-0.25648022737643006	-1.8318679906315084e-18	True	True
gse162632	original8	primary	17	6	root_02	1000	1	D_to_O	RBF	-0.25748528480141747	-0.25748528480141747	-7.771561172376096e-19	True	True
gse162632	original8	primary	17	6	root_02	1000	1	D_to_O	scGen	-0.4098847761185717	-0.40094705640508954	0.008937719713481196	False	False
gse162632	original8	primary	17	6	root_02	1000	1	D_to_O	CPA	-0.6292288662268098	-0.6240270989236609	0.005201767303149258	False	False
gse162632	original8	primary	17	6	root_02	1000	1	D_to_O	CellOT	-0.42202736094199195	-0.41171988379832486	0.010307477143667497	False	False
gse162632	original8	primary	17	6	root_02	1000	1	D_to_P	NC	-0.342359951039915	-0.342359951039915	0.0	True	True
gse162632	original8	primary	17	6	root_02	1000	1	D_to_P	CM	-0.2577292390326306	-0.2577292390326306	0.0	True	True
gse162632	original8	primary	17	6	root_02	1000	1	D_to_P	TW	-0.2576457313359588	-0.2576457313359588	0.0	True	True
gse162632	original8	primary	17	6	root_02	1000	1	D_to_P	PCA	-0.25648022737643006	-0.25648022737643006	0.0	True	True
gse162632	original8	primary	17	6	root_02	1000	1	D_to_P	RBF	-0.25748528480141747	-0.25748528480141747	0.0	True	True
gse162632	original8	primary	17	6	root_02	1000	1	D_to_P	scGen	-0.4098847761185717	-0.41882249583449727	-0.008937719715926115	False	False
gse162632	original8	primary	17	6	root_02	1000	1	D_to_P	CPA	-0.6292288662268098	-0.6344306335224174	-0.00520176729560793	False	False
gse162632	original8	primary	17	6	root_02	1000	1	D_to_P	CellOT	-0.42202736094199195	-0.4323348380745744	-0.010307477132583339	False	False
gse162632	original8	primary	17	6	root_02	1000	1	S_to_M	NC	-0.342359951039915	-0.342359951039915	-9.436895709313831e-19	True	True
gse162632	original8	primary	17	6	root_02	1000	1	S_to_M	CM	-0.2577292390326306	-0.2577292390326306	-7.216449660063517e-19	True	True
gse162632	original8	primary	17	6	root_02	1000	1	S_to_M	TW	-0.2576457313359588	-0.2576457313359588	-7.771561172376096e-19	True	True
gse162632	original8	primary	17	6	root_02	1000	1	S_to_M	PCA	-0.25648022737643006	-0.25648022737643006	-2.220446049250313e-19	True	True
gse162632	original8	primary	17	6	root_02	1000	1	S_to_M	RBF	-0.25748528480141747	-0.25748528480141747	-1.2212453270876721e-18	True	True
gse162632	original8	primary	17	6	root_02	1000	1	S_to_M	scGen	-0.1176031454760237	-0.11760314547847248	-2.4484678451397456e-12	False	False
gse162632	original8	primary	17	6	root_02	1000	1	S_to_M	CPA	-0.33694723558883133	-0.3369472355928352	-4.003637255056702e-12	False	False
gse162632	original8	primary	17	6	root_02	1000	1	S_to_M	CellOT	-0.1297457302975684	-0.1297457303053878	-7.81945058703215e-12	False	False
gse162632	original8	primary	17	6	root_03	1000	1	D_to_O	NC	-0.3225800361445955	-0.3225800361445955	-2.0539125955565395e-18	True	True
gse162632	original8	primary	17	6	root_03	1000	1	D_to_O	CM	-0.2635368726139615	-0.2635368726139615	-1.3877787807814458e-18	True	True
gse162632	original8	primary	17	6	root_03	1000	1	D_to_O	TW	-0.26185048266419453	-0.26185048266419453	-1.0547118733938987e-18	True	True
gse162632	original8	primary	17	6	root_03	1000	1	D_to_O	PCA	-0.2624293295988094	-0.2624293295988094	-9.436895709313831e-19	True	True
gse162632	original8	primary	17	6	root_03	1000	1	D_to_O	RBF	-0.26221939400772853	-0.26221939400772853	-1.1102230246251566e-18	True	True
gse162632	original8	primary	17	6	root_03	1000	1	D_to_O	scGen	-0.41471683982294844	-0.405934917546995	0.008781922275952909	False	False
gse162632	original8	primary	17	6	root_03	1000	1	D_to_O	CPA	-0.6507577933216757	-0.6453598968743758	0.005397896447300249	False	False
gse162632	original8	primary	17	6	root_03	1000	1	D_to_O	CellOT	-0.4222002069032206	-0.4112051654421243	0.010995041461096287	False	False
gse162632	original8	primary	17	6	root_03	1000	1	D_to_P	NC	-0.3225800361445955	-0.3225800361445955	0.0	True	True
gse162632	original8	primary	17	6	root_03	1000	1	D_to_P	CM	-0.2635368726139615	-0.2635368726139615	0.0	True	True
gse162632	original8	primary	17	6	root_03	1000	1	D_to_P	TW	-0.26185048266419453	-0.26185048266419453	0.0	True	True
gse162632	original8	primary	17	6	root_03	1000	1	D_to_P	PCA	-0.2624293295988094	-0.2624293295988094	0.0	True	True
gse162632	original8	primary	17	6	root_03	1000	1	D_to_P	RBF	-0.26221939400772853	-0.26221939400772853	0.0	True	True
gse162632	original8	primary	17	6	root_03	1000	1	D_to_P	scGen	-0.41471683982294844	-0.423498762084761	-0.008781922261812878	False	False
gse162632	original8	primary	17	6	root_03	1000	1	D_to_P	CPA	-0.6507577933216757	-0.65615568977189	-0.005397896450213757	False	False
gse162632	original8	primary	17	6	root_03	1000	1	D_to_P	CellOT	-0.4222002069032206	-0.4331952483573068	-0.01099504145408563	False	False
gse162632	original8	primary	17	6	root_03	1000	1	S_to_M	NC	-0.3225800361445955	-0.3225800361445955	-4.996003610813204e-19	True	True
gse162632	original8	primary	17	6	root_03	1000	1	S_to_M	CM	-0.2635368726139615	-0.2635368726139615	-1.0547118733938987e-18	True	True
gse162632	original8	primary	17	6	root_03	1000	1	S_to_M	TW	-0.26185048266419453	-0.26185048266419453	-8.326672684688674e-19	True	True
gse162632	original8	primary	17	6	root_03	1000	1	S_to_M	PCA	-0.2624293295988094	-0.2624293295988094	-4.996003610813204e-19	True	True
gse162632	original8	primary	17	6	root_03	1000	1	S_to_M	RBF	-0.26221939400772853	-0.26221939400772853	0.0	True	True
gse162632	original8	primary	17	6	root_03	1000	1	S_to_M	scGen	-0.12302328596866774	-0.12302328597288802	-4.220314639424849e-12	False	False
gse162632	original8	primary	17	6	root_03	1000	1	S_to_M	CPA	-0.35906423945061705	-0.3590642394478314	2.7862003260104017e-12	False	False
gse162632	original8	primary	17	6	root_03	1000	1	S_to_M	CellOT	-0.13050665305817236	-0.1305066530609405	-2.768085538562559e-12	False	False
gse162632	original8	primary	17	6	root_04	1000	1	D_to_O	NC	-0.34304276418790997	-0.34304276418790997	-1.5543122344752192e-18	True	True
gse162632	original8	primary	17	6	root_04	1000	1	D_to_O	CM	-0.26682936654624684	-0.26682936654624684	-1.4432899320127034e-18	True	True
gse162632	original8	primary	17	6	root_04	1000	1	D_to_O	TW	-0.2667901914843827	-0.2667901914843827	-8.326672684688674e-19	True	True
gse162632	original8	primary	17	6	root_04	1000	1	D_to_O	PCA	-0.2655609047376281	-0.2655609047376281	-7.216449660063517e-19	True	True
gse162632	original8	primary	17	6	root_04	1000	1	D_to_O	RBF	-0.2665620504460902	-0.2665620504460902	-1.1102230246251566e-18	True	True
gse162632	original8	primary	17	6	root_04	1000	1	D_to_O	scGen	-0.4205710128060829	-0.41364028106210604	0.006930731743977139	False	False
gse162632	original8	primary	17	6	root_04	1000	1	D_to_O	CPA	-0.6678357424003727	-0.6628859463746208	0.0049497960257521385	False	False
gse162632	original8	primary	17	6	root_04	1000	1	D_to_O	CellOT	-0.42874100093024486	-0.4197580512797984	0.008982949650446282	False	False
gse162632	original8	primary	17	6	root_04	1000	1	D_to_P	NC	-0.34304276418790997	-0.34304276418790997	0.0	True	True
gse162632	original8	primary	17	6	root_04	1000	1	D_to_P	CM	-0.26682936654624684	-0.26682936654624684	0.0	True	True
gse162632	original8	primary	17	6	root_04	1000	1	D_to_P	TW	-0.2667901914843827	-0.2667901914843827	0.0	True	True
gse162632	original8	primary	17	6	root_04	1000	1	D_to_P	PCA	-0.2655609047376281	-0.2655609047376281	0.0	True	True
gse162632	original8	primary	17	6	root_04	1000	1	D_to_P	RBF	-0.2665620504460902	-0.2665620504460902	0.0	True	True
gse162632	original8	primary	17	6	root_04	1000	1	D_to_P	scGen	-0.4205710128060829	-0.42750174454429046	-0.0069307317382076425	False	False
gse162632	original8	primary	17	6	root_04	1000	1	D_to_P	CPA	-0.6678357424003727	-0.6727855384197933	-0.004949796019420843	False	False
gse162632	original8	primary	17	6	root_04	1000	1	D_to_P	CellOT	-0.42874100093024486	-0.4377239505770433	-0.008982949646798685	False	False
gse162632	original8	primary	17	6	root_04	1000	1	S_to_M	NC	-0.34304276418790997	-0.34304276418790997	-4.996003610813204e-19	True	True
gse162632	original8	primary	17	6	root_04	1000	1	S_to_M	CM	-0.26682936654624684	-0.26682936654624684	-1.6653345369377347e-18	True	True
gse162632	original8	primary	17	6	root_04	1000	1	S_to_M	TW	-0.2667901914843827	-0.2667901914843827	-1.942890293094024e-18	True	True
gse162632	original8	primary	17	6	root_04	1000	1	S_to_M	PCA	-0.2655609047376281	-0.2655609047376281	-6.661338147750939e-19	True	True
gse162632	original8	primary	17	6	root_04	1000	1	S_to_M	RBF	-0.2665620504460902	-0.2665620504460902	4.440892098500626e-19	True	True
gse162632	original8	primary	17	6	root_04	1000	1	S_to_M	scGen	-0.12163794471627833	-0.12163794472089873	-4.6204163550722656e-12	False	False
gse162632	original8	primary	17	6	root_04	1000	1	S_to_M	CPA	-0.3689026742697639	-0.3689026742797563	-9.992964122851334e-12	False	False
gse162632	original8	primary	17	6	root_04	1000	1	S_to_M	CellOT	-0.1298079328467597	-0.1298079328470505	-2.9061225648163713e-13	False	False
gse162632	original8	primary	17	6	root_05	1000	1	D_to_O	NC	-0.342475476055104	-0.342475476055104	-9.992007221626408e-19	True	True
gse162632	original8	primary	17	6	root_05	1000	1	D_to_O	CM	-0.27984274678354676	-0.27984274678354676	-1.4988010832439613e-18	True	True
gse162632	original8	primary	17	6	root_05	1000	1	D_to_O	TW	-0.2778160365156841	-0.2778160365156841	3.3306690738754697e-19	True	True
gse162632	original8	primary	17	6	root_05	1000	1	D_to_O	PCA	-0.27862762381132294	-0.27862762381132294	-8.326672684688674e-19	True	True
gse162632	original8	primary	17	6	root_05	1000	1	D_to_O	RBF	-0.2783497957111473	-0.2783497957111473	-1.8318679906315084e-18	True	True
gse162632	original8	primary	17	6	root_05	1000	1	D_to_O	scGen	-0.4463747748101862	-0.4394934552540582	0.006881319556129196	False	False
gse162632	original8	primary	17	6	root_05	1000	1	D_to_O	CPA	-0.7135991676173569	-0.7084488239165248	0.005150343700833013	False	False
gse162632	original8	primary	17	6	root_05	1000	1	D_to_O	CellOT	-0.4558312151489324	-0.44674333123607884	0.009087883912852762	False	False
gse162632	original8	primary	17	6	root_05	1000	1	D_to_P	NC	-0.342475476055104	-0.342475476055104	0.0	True	True
gse162632	original8	primary	17	6	root_05	1000	1	D_to_P	CM	-0.27984274678354676	-0.27984274678354676	0.0	True	True
gse162632	original8	primary	17	6	root_05	1000	1	D_to_P	TW	-0.2778160365156841	-0.2778160365156841	0.0	True	True
gse162632	original8	primary	17	6	root_05	1000	1	D_to_P	PCA	-0.27862762381132294	-0.27862762381132294	0.0	True	True
gse162632	original8	primary	17	6	root_05	1000	1	D_to_P	RBF	-0.2783497957111473	-0.2783497957111473	0.0	True	True
gse162632	original8	primary	17	6	root_05	1000	1	D_to_P	scGen	-0.4463747748101862	-0.45325609437098363	-0.006881319560796779	False	False
gse162632	original8	primary	17	6	root_05	1000	1	D_to_P	CPA	-0.7135991676173569	-0.7187495113292498	-0.005150343711892061	False	False
gse162632	original8	primary	17	6	root_05	1000	1	D_to_P	CellOT	-0.4558312151489324	-0.4649190990480603	-0.009087883899128488	False	False
gse162632	original8	primary	17	6	root_05	1000	1	S_to_M	NC	-0.342475476055104	-0.342475476055104	-6.661338147750939e-19	True	True
gse162632	original8	primary	17	6	root_05	1000	1	S_to_M	CM	-0.27984274678354676	-0.27984274678354676	1.1102230246251566e-19	True	True
gse162632	original8	primary	17	6	root_05	1000	1	S_to_M	TW	-0.2778160365156841	-0.2778160365156841	-1.7208456881689926e-18	True	True
gse162632	original8	primary	17	6	root_05	1000	1	S_to_M	PCA	-0.27862762381132294	-0.27862762381132294	-1.4432899320127034e-18	True	True
gse162632	original8	primary	17	6	root_05	1000	1	S_to_M	RBF	-0.2783497957111473	-0.2783497957111473	-1.3877787807814458e-18	True	True
gse162632	original8	primary	17	6	root_05	1000	1	S_to_M	scGen	-0.12746733106842287	-0.12746733106743152	9.911780562976702e-13	False	False
gse162632	original8	primary	17	6	root_05	1000	1	S_to_M	CPA	-0.39469172387762524	-0.3946917238705257	7.098695520291187e-12	False	False
gse162632	original8	primary	17	6	root_05	1000	1	S_to_M	CellOT	-0.13692377139296102	-0.13692377139950157	-6.54027615398789e-12	False	False
gse162632	original8	primary	17	6	root_06	1000	1	D_to_O	NC	-0.3187756454479282	-0.3187756454479282	-8.881784197001253e-19	True	True
gse162632	original8	primary	17	6	root_06	1000	1	D_to_O	CM	-0.3253928809500873	-0.3253928809500873	-3.885780586188048e-19	True	True
gse162632	original8	primary	17	6	root_06	1000	1	D_to_O	TW	-0.31959808851493154	-0.31959808851493154	-1.1657341758564144e-18	True	True
gse162632	original8	primary	17	6	root_06	1000	1	D_to_O	PCA	-0.32323404840545955	-0.32323404840545955	-4.996003610813204e-19	True	True
gse162632	original8	primary	17	6	root_06	1000	1	D_to_O	RBF	-0.32132337290496954	-0.32132337290496954	-1.2212453270876721e-18	True	True
gse162632	original8	primary	17	6	root_06	1000	1	D_to_O	scGen	-0.5182814614699978	-0.511007302241831	0.007274159228166949	False	False
gse162632	original8	primary	17	6	root_06	1000	1	D_to_O	CPA	-0.8586189263434681	-0.8544824815257326	0.004136444817735081	False	False
gse162632	original8	primary	17	6	root_06	1000	1	D_to_O	CellOT	-0.5181899686493301	-0.5090784329440408	0.00911153570529009	False	False
gse162632	original8	primary	17	6	root_06	1000	1	D_to_P	NC	-0.3187756454479282	-0.3187756454479282	0.0	True	True
gse162632	original8	primary	17	6	root_06	1000	1	D_to_P	CM	-0.3253928809500873	-0.3253928809500873	0.0	True	True
gse162632	original8	primary	17	6	root_06	1000	1	D_to_P	TW	-0.31959808851493154	-0.31959808851493154	0.0	True	True
gse162632	original8	primary	17	6	root_06	1000	1	D_to_P	PCA	-0.32323404840545955	-0.32323404840545955	0.0	True	True
gse162632	original8	primary	17	6	root_06	1000	1	D_to_P	RBF	-0.32132337290496954	-0.32132337290496954	0.0	True	True
gse162632	original8	primary	17	6	root_06	1000	1	D_to_P	scGen	-0.5182814614699978	-0.525555620690892	-0.007274159220894497	False	False
gse162632	original8	primary	17	6	root_06	1000	1	D_to_P	CPA	-0.8586189263434681	-0.8627553711607283	-0.0041364448172612625	False	False
gse162632	original8	primary	17	6	root_06	1000	1	D_to_P	CellOT	-0.5181899686493301	-0.527301504343564	-0.009111535694234268	False	False
gse162632	original8	primary	17	6	root_06	1000	1	S_to_M	NC	-0.31877564544792814	-0.3187756454479282	-1.4988010832439613e-18	True	True
gse162632	original8	primary	17	6	root_06	1000	1	S_to_M	CM	-0.32539288095008734	-0.3253928809500873	-2.0539125955565395e-18	True	True
gse162632	original8	primary	17	6	root_06	1000	1	S_to_M	TW	-0.31959808851493154	-0.31959808851493154	2.7755575615628914e-19	True	True
gse162632	original8	primary	17	6	root_06	1000	1	S_to_M	PCA	-0.3232340484054596	-0.32323404840545955	-2.886579864025407e-18	True	True
gse162632	original8	primary	17	6	root_06	1000	1	S_to_M	RBF	-0.32132337290496954	-0.32132337290496954	-6.106226635438361e-19	True	True
gse162632	original8	primary	17	6	root_06	1000	1	S_to_M	scGen	-0.1733427501586697	-0.17334275016481376	-6.144512176842199e-12	False	False
gse162632	original8	primary	17	6	root_06	1000	1	S_to_M	CPA	-0.5136802150817107	-0.513680215076515	5.1964887948230396e-12	False	False
gse162632	original8	primary	17	6	root_06	1000	1	S_to_M	CellOT	-0.17325125733439167	-0.1732512573334899	9.017125379706669e-13	False	False
gse162632	original8	primary	17	6	root_07	1000	1	D_to_O	NC	-0.3458512406583756	-0.3458512406583756	-1.2212453270876721e-18	True	True
gse162632	original8	primary	17	6	root_07	1000	1	D_to_O	CM	-0.2851131228260453	-0.2851131228260453	-6.661338147750939e-19	True	True
gse162632	original8	primary	17	6	root_07	1000	1	D_to_O	TW	-0.2845712139307694	-0.2845712139307694	-1.0547118733938987e-18	True	True
gse162632	original8	primary	17	6	root_07	1000	1	D_to_O	PCA	-0.2836905982681586	-0.2836905982681586	-8.881784197001253e-19	True	True
gse162632	original8	primary	17	6	root_07	1000	1	D_to_O	RBF	-0.2844657884527175	-0.2844657884527175	-1.3322676295501879e-18	True	True
gse162632	original8	primary	17	6	root_07	1000	1	D_to_O	scGen	-0.44816446941933774	-0.4405234661068511	0.007641003312486748	False	False
gse162632	original8	primary	17	6	root_07	1000	1	D_to_O	CPA	-0.7302460485406381	-0.7252363536353248	0.005009694905312665	False	False
gse162632	original8	primary	17	6	root_07	1000	1	D_to_O	CellOT	-0.45155110536429494	-0.44170249376046844	0.00984861160382719	False	False
gse162632	original8	primary	17	6	root_07	1000	1	D_to_P	NC	-0.3458512406583756	-0.3458512406583756	0.0	True	True
gse162632	original8	primary	17	6	root_07	1000	1	D_to_P	CM	-0.2851131228260453	-0.2851131228260453	0.0	True	True
gse162632	original8	primary	17	6	root_07	1000	1	D_to_P	TW	-0.2845712139307694	-0.2845712139307694	0.0	True	True
gse162632	original8	primary	17	6	root_07	1000	1	D_to_P	PCA	-0.2836905982681586	-0.2836905982681586	0.0	True	True
gse162632	original8	primary	17	6	root_07	1000	1	D_to_P	RBF	-0.2844657884527175	-0.2844657884527175	0.0	True	True
gse162632	original8	primary	17	6	root_07	1000	1	D_to_P	scGen	-0.44816446941933774	-0.4558054727271895	-0.007641003307852041	False	False
gse162632	original8	primary	17	6	root_07	1000	1	D_to_P	CPA	-0.7302460485406381	-0.7352557434137207	-0.005009694873081511	False	False
gse162632	original8	primary	17	6	root_07	1000	1	D_to_P	CellOT	-0.45155110536429494	-0.46139971696196097	-0.009848611597664675	False	False
gse162632	original8	primary	17	6	root_07	1000	1	S_to_M	NC	-0.3458512406583756	-0.3458512406583756	-1.3877787807814458e-18	True	True
gse162632	original8	primary	17	6	root_07	1000	1	S_to_M	CM	-0.2851131228260453	-0.2851131228260453	-9.992007221626408e-19	True	True
gse162632	original8	primary	17	6	root_07	1000	1	S_to_M	TW	-0.28457121393076945	-0.2845712139307694	-6.106226635438361e-19	True	True
gse162632	original8	primary	17	6	root_07	1000	1	S_to_M	PCA	-0.2836905982681586	-0.2836905982681586	-6.106226635438361e-19	True	True
gse162632	original8	primary	17	6	root_07	1000	1	S_to_M	RBF	-0.2844657884527175	-0.2844657884527175	-7.216449660063517e-19	True	True
gse162632	original8	primary	17	6	root_07	1000	1	S_to_M	scGen	-0.130761467339103	-0.130761467344664	-5.561123478381447e-12	False	False
gse162632	original8	primary	17	6	root_07	1000	1	S_to_M	CPA	-0.4128430464386323	-0.41284304646882497	-3.019236272105985e-11	False	False
gse162632	original8	primary	17	6	root_07	1000	1	S_to_M	CellOT	-0.13414810329834498	-0.13414810330074883	-2.4035842205449855e-12	False	False
gse162632	original8	primary	17	8	equal_eight_root_mean	1000	8	D_to_O	NC	-0.30087629623050133	-0.30087629623050133	-8.881784197001253e-19	True	True
gse162632	original8	primary	17	8	equal_eight_root_mean	1000	8	D_to_O	CM	-0.2409216976488369	-0.24092169764883686	-1.8145207558717403e-18	True	True
gse162632	original8	primary	17	8	equal_eight_root_mean	1000	8	D_to_O	TW	-0.23934065533389823	-0.23934065533389823	-1.800642968063926e-18	True	True
gse162632	original8	primary	17	8	equal_eight_root_mean	1000	8	D_to_O	PCA	-0.23946557208130068	-0.23946557208130068	-1.85268467234323e-18	True	True
gse162632	original8	primary	17	8	equal_eight_root_mean	1000	8	D_to_O	RBF	-0.23967029669384507	-0.23967029669384507	-1.27675647831893e-18	True	True
gse162632	original8	primary	17	8	equal_eight_root_mean	1000	8	D_to_O	scGen	-0.36418694219753733	-0.3582582107183988	0.00592873147913879	False	False
gse162632	original8	primary	17	8	equal_eight_root_mean	1000	8	D_to_O	CPA	-0.6307188920625986	-0.6268363610112746	0.0038825310513236505	False	False
gse162632	original8	primary	17	8	equal_eight_root_mean	1000	8	D_to_O	CellOT	-0.371554207129224	-0.364087961469813	0.007466245659411195	False	False
gse162632	original8	primary	17	8	equal_eight_root_mean	1000	8	D_to_P	NC	-0.30087629623050133	-0.30087629623050133	0.0	True	True
gse162632	original8	primary	17	8	equal_eight_root_mean	1000	8	D_to_P	CM	-0.2409216976488369	-0.2409216976488369	0.0	True	True
gse162632	original8	primary	17	8	equal_eight_root_mean	1000	8	D_to_P	TW	-0.23934065533389823	-0.23934065533389823	0.0	True	True
gse162632	original8	primary	17	8	equal_eight_root_mean	1000	8	D_to_P	PCA	-0.23946557208130068	-0.23946557208130068	0.0	True	True
gse162632	original8	primary	17	8	equal_eight_root_mean	1000	8	D_to_P	RBF	-0.23967029669384507	-0.23967029669384507	0.0	True	True
gse162632	original8	primary	17	8	equal_eight_root_mean	1000	8	D_to_P	scGen	-0.36418694219753733	-0.37011567367408227	-0.005928731476544545	False	False
gse162632	original8	primary	17	8	equal_eight_root_mean	1000	8	D_to_P	CPA	-0.6307188920625986	-0.6346014231092122	-0.0038825310466141932	False	False
gse162632	original8	primary	17	8	equal_eight_root_mean	1000	8	D_to_P	CellOT	-0.371554207129224	-0.3790204527865912	-0.007466245657367194	False	False
gse162632	original8	primary	17	8	equal_eight_root_mean	1000	8	S_to_M	NC	-0.30087629623050133	-0.30087629623050133	-8.881784197001253e-19	True	True
gse162632	original8	primary	17	8	equal_eight_root_mean	1000	8	S_to_M	CM	-0.2409216976488369	-0.2409216976488369	5.877243136609422e-18	True	True
gse162632	original8	primary	17	8	equal_eight_root_mean	1000	8	S_to_M	TW	-0.23934065533389823	-0.23934065533389823	6.109696082390315e-18	True	True
gse162632	original8	primary	17	8	equal_eight_root_mean	1000	8	S_to_M	PCA	-0.23946557208130068	-0.23946557208130068	6.227657278756737e-18	True	True
gse162632	original8	primary	17	8	equal_eight_root_mean	1000	8	S_to_M	RBF	-0.23967029669384507	-0.23967029669384507	5.7419347054832316e-18	True	True
gse162632	original8	primary	17	8	equal_eight_root_mean	1000	8	S_to_M	scGen	-0.13035106766010232	-0.13035106766143517	-1.3327637760768286e-12	False	False
gse162632	original8	primary	17	8	equal_eight_root_mean	1000	8	S_to_M	CPA	-0.3968830175300246	-0.3968830175360906	-6.066154391304313e-12	False	False
gse162632	original8	primary	17	8	equal_eight_root_mean	1000	8	S_to_M	CellOT	-0.13771833259340777	-0.13771833259482377	-1.41606104273051e-12	False	False
gse162632	original8	primary	17	8	root_00	1000	1	D_to_O	NC	-0.3003647506436976	-0.3003647506436976	-8.881784197001253e-19	True	True
gse162632	original8	primary	17	8	root_00	1000	1	D_to_O	CM	-0.2518870662751627	-0.2518870662751627	-1.304512053934559e-18	True	True
gse162632	original8	primary	17	8	root_00	1000	1	D_to_O	TW	-0.24890083088933948	-0.24890083088933948	-2.275957200481571e-18	True	True
gse162632	original8	primary	17	8	root_00	1000	1	D_to_O	PCA	-0.24954353596233075	-0.24954353596233075	-1.6653345369377347e-18	True	True
gse162632	original8	primary	17	8	root_00	1000	1	D_to_O	RBF	-0.24975823453442642	-0.24975823453442642	-1.1657341758564144e-18	True	True
gse162632	original8	primary	17	8	root_00	1000	1	D_to_O	scGen	-0.3779794546063141	-0.3713286885652485	0.006650766041066106	False	False
gse162632	original8	primary	17	8	root_00	1000	1	D_to_O	CPA	-0.6991326566306793	-0.6945892070404821	0.004543449590197012	False	False
gse162632	original8	primary	17	8	root_00	1000	1	D_to_O	CellOT	-0.388516053305903	-0.3805684139393952	0.007947639366508016	False	False
gse162632	original8	primary	17	8	root_00	1000	1	D_to_P	NC	-0.3003647506436976	-0.3003647506436976	0.0	True	True
gse162632	original8	primary	17	8	root_00	1000	1	D_to_P	CM	-0.2518870662751627	-0.2518870662751627	0.0	True	True
gse162632	original8	primary	17	8	root_00	1000	1	D_to_P	TW	-0.24890083088933948	-0.24890083088933948	0.0	True	True
gse162632	original8	primary	17	8	root_00	1000	1	D_to_P	PCA	-0.24954353596233075	-0.24954353596233075	0.0	True	True
gse162632	original8	primary	17	8	root_00	1000	1	D_to_P	RBF	-0.24975823453442642	-0.24975823453442642	0.0	True	True
gse162632	original8	primary	17	8	root_00	1000	1	D_to_P	scGen	-0.3779794546063141	-0.3846302206582544	-0.006650766051939355	False	False
gse162632	original8	primary	17	8	root_00	1000	1	D_to_P	CPA	-0.6991326566306793	-0.7036761062224766	-0.004543449591797062	False	False
gse162632	original8	primary	17	8	root_00	1000	1	D_to_P	CellOT	-0.388516053305903	-0.39646369267342	-0.007947639367516988	False	False
gse162632	original8	primary	17	8	root_00	1000	1	S_to_M	NC	-0.3003647506436976	-0.3003647506436976	-1.4988010832439613e-18	True	True
gse162632	original8	primary	17	8	root_00	1000	1	S_to_M	CM	-0.2518870662751627	-0.2518870662751627	-1.942890293094024e-19	True	True
gse162632	original8	primary	17	8	root_00	1000	1	S_to_M	TW	-0.24890083088933948	-0.24890083088933948	3.0808688933348094e-18	True	True
gse162632	original8	primary	17	8	root_00	1000	1	S_to_M	PCA	-0.24954353596233075	-0.24954353596233075	2.55351295663786e-18	True	True
gse162632	original8	primary	17	8	root_00	1000	1	S_to_M	RBF	-0.24975823453442642	-0.24975823453442642	1.8596235662471373e-18	True	True
gse162632	original8	primary	17	8	root_00	1000	1	S_to_M	scGen	-0.1333530876365677	-0.13335308763431195	2.2559950574319032e-12	False	False
gse162632	original8	primary	17	8	root_00	1000	1	S_to_M	CPA	-0.4545062896190768	-0.4545062896200733	-9.968230130219525e-13	False	False
gse162632	original8	primary	17	8	root_00	1000	1	S_to_M	CellOT	-0.1438896863340202	-0.14388968633721283	-3.1925949384170592e-12	False	False
gse162632	original8	primary	17	8	root_01	1000	1	D_to_O	NC	-0.3246196933953161	-0.3246196933953161	-6.661338147750939e-19	True	True
gse162632	original8	primary	17	8	root_01	1000	1	D_to_O	CM	-0.23007648480075216	-0.23007648480075216	-2.3037127760972e-18	True	True
gse162632	original8	primary	17	8	root_01	1000	1	D_to_O	TW	-0.2305769263653219	-0.2305769263653219	-2.192690473634684e-18	True	True
gse162632	original8	primary	17	8	root_01	1000	1	D_to_O	PCA	-0.22920030357008844	-0.22920030357008844	-1.9706458687096527e-18	True	True
gse162632	original8	primary	17	8	root_01	1000	1	D_to_O	RBF	-0.23022706212232996	-0.23022706212232996	-1.6930901125533637e-18	True	True
gse162632	original8	primary	17	8	root_01	1000	1	D_to_O	scGen	-0.35090429490896186	-0.3449653165608797	0.005938978348082426	False	False
gse162632	original8	primary	17	8	root_01	1000	1	D_to_O	CPA	-0.570708280556305	-0.5666162915113572	0.004091989044946671	False	False
gse162632	original8	primary	17	8	root_01	1000	1	D_to_O	CellOT	-0.36134685903995883	-0.3533676754584621	0.007979183581497015	False	False
gse162632	original8	primary	17	8	root_01	1000	1	D_to_P	NC	-0.3246196933953161	-0.3246196933953161	0.0	True	True
gse162632	original8	primary	17	8	root_01	1000	1	D_to_P	CM	-0.23007648480075216	-0.23007648480075216	0.0	True	True
gse162632	original8	primary	17	8	root_01	1000	1	D_to_P	TW	-0.2305769263653219	-0.2305769263653219	0.0	True	True
gse162632	original8	primary	17	8	root_01	1000	1	D_to_P	PCA	-0.22920030357008844	-0.22920030357008844	0.0	True	True
gse162632	original8	primary	17	8	root_01	1000	1	D_to_P	RBF	-0.23022706212232996	-0.23022706212232996	0.0	True	True
gse162632	original8	primary	17	8	root_01	1000	1	D_to_P	scGen	-0.35090429490896186	-0.3568432732579649	-0.0059389783490024755	False	False
gse162632	original8	primary	17	8	root_01	1000	1	D_to_P	CPA	-0.570708280556305	-0.5748002695989091	-0.004091989042604901	False	False
gse162632	original8	primary	17	8	root_01	1000	1	D_to_P	CellOT	-0.36134685903995883	-0.3693260426235078	-0.007979183583548603	False	False
gse162632	original8	primary	17	8	root_01	1000	1	S_to_M	NC	-0.3246196933953161	-0.3246196933953161	-1.1102230246251566e-18	True	True
gse162632	original8	primary	17	8	root_01	1000	1	S_to_M	CM	-0.23007648480075216	-0.23007648480075216	8.93729534823251e-18	True	True
gse162632	original8	primary	17	8	root_01	1000	1	S_to_M	TW	-0.2305769263653219	-0.2305769263653219	8.715250743307479e-18	True	True
gse162632	original8	primary	17	8	root_01	1000	1	S_to_M	PCA	-0.22920030357008844	-0.22920030357008844	7.771561172376097e-18	True	True
gse162632	original8	primary	17	8	root_01	1000	1	S_to_M	RBF	-0.23022706212233	-0.23022706212232996	8.715250743307479e-18	True	True
gse162632	original8	primary	17	8	root_01	1000	1	S_to_M	scGen	-0.123111652845006	-0.12311165284210941	2.89634076444667e-12	False	False
gse162632	original8	primary	17	8	root_01	1000	1	S_to_M	CPA	-0.34291563853551077	-0.34291563853430496	1.2061420751052764e-12	False	False
gse162632	original8	primary	17	8	root_01	1000	1	S_to_M	CellOT	-0.1335542169773943	-0.13355421697269232	4.702155498303995e-12	False	False
gse162632	original8	primary	17	8	root_02	1000	1	D_to_O	NC	-0.3057557804442885	-0.3057557804442885	-1.1102230246251566e-18	True	True
gse162632	original8	primary	17	8	root_02	1000	1	D_to_O	CM	-0.22111291997220778	-0.22111291997220778	-1.6930901125533637e-18	True	True
gse162632	original8	primary	17	8	root_02	1000	1	D_to_O	TW	-0.22103264331060982	-0.22103264331060982	-1.3600232051658168e-18	True	True
gse162632	original8	primary	17	8	root_02	1000	1	D_to_O	PCA	-0.21986510447041005	-0.21986510447041005	-1.7763568394002505e-18	True	True
gse162632	original8	primary	17	8	root_02	1000	1	D_to_O	RBF	-0.2208709004661634	-0.2208709004661634	-9.159339953157542e-19	True	True
gse162632	original8	primary	17	8	root_02	1000	1	D_to_O	scGen	-0.3351507939288595	-0.3284312296366491	0.006719564292211126	False	False
gse162632	original8	primary	17	8	root_02	1000	1	D_to_O	CPA	-0.5547810044176138	-0.5508522315336535	0.003928772883960139	False	False
gse162632	original8	primary	17	8	root_02	1000	1	D_to_O	CellOT	-0.3471633778836388	-0.33939274213057474	0.007770635753064683	False	False
gse162632	original8	primary	17	8	root_02	1000	1	D_to_P	NC	-0.3057557804442885	-0.3057557804442885	0.0	True	True
gse162632	original8	primary	17	8	root_02	1000	1	D_to_P	CM	-0.22111291997220778	-0.22111291997220778	0.0	True	True
gse162632	original8	primary	17	8	root_02	1000	1	D_to_P	TW	-0.22103264331060982	-0.22103264331060982	0.0	True	True
gse162632	original8	primary	17	8	root_02	1000	1	D_to_P	PCA	-0.21986510447041005	-0.21986510447041005	0.0	True	True
gse162632	original8	primary	17	8	root_02	1000	1	D_to_P	RBF	-0.2208709004661634	-0.2208709004661634	0.0	True	True
gse162632	original8	primary	17	8	root_02	1000	1	D_to_P	scGen	-0.3351507939288595	-0.3418703582109482	-0.006719564282088424	False	False
gse162632	original8	primary	17	8	root_02	1000	1	D_to_P	CPA	-0.5547810044176138	-0.5587097772984682	-0.003928772880854681	False	False
gse162632	original8	primary	17	8	root_02	1000	1	D_to_P	CellOT	-0.3471633778836388	-0.35493401363993	-0.0077706357562903035	False	False
gse162632	original8	primary	17	8	root_02	1000	1	S_to_M	NC	-0.3057557804442886	-0.3057557804442885	-1.0547118733938987e-18	True	True
gse162632	original8	primary	17	8	root_02	1000	1	S_to_M	CM	-0.22111291997220778	-0.22111291997220778	7.827072323607353e-18	True	True
gse162632	original8	primary	17	8	root_02	1000	1	S_to_M	TW	-0.22103264331060982	-0.22103264331060982	7.382983113757291e-18	True	True
gse162632	original8	primary	17	8	root_02	1000	1	S_to_M	PCA	-0.2198651044704101	-0.21986510447041005	8.132383655379271e-18	True	True
gse162632	original8	primary	17	8	root_02	1000	1	S_to_M	RBF	-0.2208709004661634	-0.2208709004661634	5.8564264548977006e-18	True	True
gse162632	original8	primary	17	8	root_02	1000	1	S_to_M	scGen	-0.1160111389445192	-0.11601113895034176	-5.822431203839074e-12	False	False
gse162632	original8	primary	17	8	root_02	1000	1	S_to_M	CPA	-0.33564134952581465	-0.33564134953051455	-4.699599820412459e-12	False	False
gse162632	original8	primary	17	8	root_02	1000	1	S_to_M	CellOT	-0.12802372290123362	-0.12802372290199474	-7.612573349469188e-13	False	False
gse162632	original8	primary	17	8	root_03	1000	1	D_to_O	NC	-0.2861264156785637	-0.2861264156785637	-1.1102230246251566e-19	True	True
gse162632	original8	primary	17	8	root_03	1000	1	D_to_O	CM	-0.22704278981602755	-0.22704278981602755	-2.4147350785597153e-18	True	True
gse162632	original8	primary	17	8	root_03	1000	1	D_to_O	TW	-0.22535628716301082	-0.22535628716301082	-9.159339953157542e-19	True	True
gse162632	original8	primary	17	8	root_03	1000	1	D_to_O	PCA	-0.22593730247801924	-0.22593730247801927	-2.3037127760972e-18	True	True
gse162632	original8	primary	17	8	root_03	1000	1	D_to_O	RBF	-0.22572548143742396	-0.22572548143742396	-1.8318679906315084e-18	True	True
gse162632	original8	primary	17	8	root_03	1000	1	D_to_O	scGen	-0.3401783827123793	-0.33362643294766703	0.006551949764712382	False	False
gse162632	original8	primary	17	8	root_03	1000	1	D_to_O	CPA	-0.5762569025856406	-0.5722377424303638	0.004019160155276543	False	False
gse162632	original8	primary	17	8	root_03	1000	1	D_to_O	CellOT	-0.3473479595861047	-0.3391524849750308	0.008195474611074033	False	False
gse162632	original8	primary	17	8	root_03	1000	1	D_to_P	NC	-0.2861264156785637	-0.2861264156785637	0.0	True	True
gse162632	original8	primary	17	8	root_03	1000	1	D_to_P	CM	-0.22704278981602755	-0.22704278981602755	0.0	True	True
gse162632	original8	primary	17	8	root_03	1000	1	D_to_P	TW	-0.22535628716301082	-0.22535628716301082	0.0	True	True
gse162632	original8	primary	17	8	root_03	1000	1	D_to_P	PCA	-0.22593730247801924	-0.22593730247801924	0.0	True	True
gse162632	original8	primary	17	8	root_03	1000	1	D_to_P	RBF	-0.22572548143742396	-0.22572548143742396	0.0	True	True
gse162632	original8	primary	17	8	root_03	1000	1	D_to_P	scGen	-0.3401783827123793	-0.3467303324726358	-0.0065519497602559386	False	False
gse162632	original8	primary	17	8	root_03	1000	1	D_to_P	CPA	-0.5762569025856406	-0.580276062751014	-0.004019160165374008	False	False
gse162632	original8	primary	17	8	root_03	1000	1	D_to_P	CellOT	-0.3473479595861047	-0.35554343419664236	-0.008195474610537727	False	False
gse162632	original8	primary	17	8	root_03	1000	1	S_to_M	NC	-0.2861264156785637	-0.2861264156785637	-9.992007221626408e-19	True	True
gse162632	original8	primary	17	8	root_03	1000	1	S_to_M	CM	-0.22704278981602755	-0.22704278981602755	8.271161533457416e-18	True	True
gse162632	original8	primary	17	8	root_03	1000	1	S_to_M	TW	-0.22535628716301082	-0.22535628716301082	7.216449660063518e-18	True	True
gse162632	original8	primary	17	8	root_03	1000	1	S_to_M	PCA	-0.22593730247801927	-0.22593730247801924	8.298917109073045e-18	True	True
gse162632	original8	primary	17	8	root_03	1000	1	S_to_M	RBF	-0.22572548143742396	-0.22572548143742396	7.91033905045424e-18	True	True
gse162632	original8	primary	17	8	root_03	1000	1	S_to_M	scGen	-0.12145624758643918	-0.12145624759049531	-4.056003741204073e-12	False	False
gse162632	original8	primary	17	8	root_03	1000	1	S_to_M	CPA	-0.3575347674865241	-0.3575347674784369	8.087098379849777e-12	False	False
gse162632	original8	primary	17	8	root_03	1000	1	S_to_M	CellOT	-0.12862582447453128	-0.12862582447318183	1.349244771464697e-12	False	False
gse162632	original8	primary	17	8	root_04	1000	1	D_to_O	NC	-0.3057407653779721	-0.3057407653779722	-9.436895709313831e-19	True	True
gse162632	original8	primary	17	8	root_04	1000	1	D_to_O	CM	-0.22958436798727275	-0.22958436798727275	-1.4988010832439613e-18	True	True
gse162632	original8	primary	17	8	root_04	1000	1	D_to_O	TW	-0.22954004232602304	-0.22954004232602304	-2.6645352591003758e-18	True	True
gse162632	original8	primary	17	8	root_04	1000	1	D_to_O	PCA	-0.22830784489620817	-0.22830784489620817	-1.9984014443252816e-18	True	True
gse162632	original8	primary	17	8	root_04	1000	1	D_to_O	RBF	-0.22931374892894185	-0.22931374892894188	-1.4155343563970745e-18	True	True
gse162632	original8	primary	17	8	root_04	1000	1	D_to_O	scGen	-0.34505418856769937	-0.3398123330848104	0.0052418554828891	False	False
gse162632	original8	primary	17	8	root_04	1000	1	D_to_O	CPA	-0.5918172857887265	-0.5880592258456004	0.0037580599431260176	False	False
gse162632	original8	primary	17	8	root_04	1000	1	D_to_O	CellOT	-0.352661008710207	-0.34587621551623543	0.006784793193971735	False	False
gse162632	original8	primary	17	8	root_04	1000	1	D_to_P	NC	-0.3057407653779721	-0.3057407653779721	0.0	True	True
gse162632	original8	primary	17	8	root_04	1000	1	D_to_P	CM	-0.22958436798727275	-0.22958436798727275	0.0	True	True
gse162632	original8	primary	17	8	root_04	1000	1	D_to_P	TW	-0.22954004232602304	-0.22954004232602304	0.0	True	True
gse162632	original8	primary	17	8	root_04	1000	1	D_to_P	PCA	-0.22830784489620817	-0.22830784489620817	0.0	True	True
gse162632	original8	primary	17	8	root_04	1000	1	D_to_P	RBF	-0.22931374892894185	-0.22931374892894185	0.0	True	True
gse162632	original8	primary	17	8	root_04	1000	1	D_to_P	scGen	-0.34505418856769937	-0.35029604404378906	-0.005241855476089656	False	False
gse162632	original8	primary	17	8	root_04	1000	1	D_to_P	CPA	-0.5918172857887265	-0.595575345723099	-0.0037580599343726446	False	False
gse162632	original8	primary	17	8	root_04	1000	1	D_to_P	CellOT	-0.352661008710207	-0.3594458018926668	-0.006784793182459917	False	False
gse162632	original8	primary	17	8	root_04	1000	1	S_to_M	NC	-0.3057407653779721	-0.3057407653779721	-1.609823385706477e-18	True	True
gse162632	original8	primary	17	8	root_04	1000	1	S_to_M	CM	-0.22958436798727275	-0.22958436798727275	7.993605777301126e-18	True	True
gse162632	original8	primary	17	8	root_04	1000	1	S_to_M	TW	-0.22954004232602304	-0.22954004232602304	7.993605777301126e-18	True	True
gse162632	original8	primary	17	8	root_04	1000	1	S_to_M	PCA	-0.22830784489620817	-0.22830784489620817	8.076872504148013e-18	True	True
gse162632	original8	primary	17	8	root_04	1000	1	S_to_M	RBF	-0.22931374892894188	-0.22931374892894185	8.271161533457416e-18	True	True
gse162632	original8	primary	17	8	root_04	1000	1	S_to_M	scGen	-0.12064323419619087	-0.12064323420119485	-5.003672573500318e-12	False	False
gse162632	original8	primary	17	8	root_04	1000	1	S_to_M	CPA	-0.3674063313357302	-0.3674063313478606	-1.2131017079752837e-11	False	False
gse162632	original8	primary	17	8	root_04	1000	1	S_to_M	CellOT	-0.12825005433042966	-0.1282500543386655	-8.235848086846077e-12	False	False
gse162632	original8	primary	17	8	root_05	1000	1	D_to_O	NC	-0.3025338767210602	-0.3025338767210602	-1.27675647831893e-18	True	True
gse162632	original8	primary	17	8	root_05	1000	1	D_to_O	CM	-0.23992112746118516	-0.23992112746118519	-2.3869795029440864e-18	True	True
gse162632	original8	primary	17	8	root_05	1000	1	D_to_O	TW	-0.23789931702858164	-0.23789931702858164	-1.8041124150158794e-18	True	True
gse162632	original8	primary	17	8	root_05	1000	1	D_to_O	PCA	-0.23870644791028225	-0.23870644791028225	-2.4424906541753442e-18	True	True
gse162632	original8	primary	17	8	root_05	1000	1	D_to_O	RBF	-0.23843088710502527	-0.23843088710502527	-9.992007221626408e-19	True	True
gse162632	original8	primary	17	8	root_05	1000	1	D_to_O	scGen	-0.36571210291160633	-0.3606078207331386	0.005104282178467548	False	False
gse162632	original8	primary	17	8	root_05	1000	1	D_to_O	CPA	-0.6323115817463661	-0.6284800261261213	0.003831555620244104	False	False
gse162632	original8	primary	17	8	root_05	1000	1	D_to_O	CellOT	-0.3745210647508718	-0.36775956082109673	0.006761503929775153	False	False
gse162632	original8	primary	17	8	root_05	1000	1	D_to_P	NC	-0.3025338767210602	-0.3025338767210602	0.0	True	True
gse162632	original8	primary	17	8	root_05	1000	1	D_to_P	CM	-0.23992112746118516	-0.23992112746118516	0.0	True	True
gse162632	original8	primary	17	8	root_05	1000	1	D_to_P	TW	-0.23789931702858164	-0.23789931702858164	0.0	True	True
gse162632	original8	primary	17	8	root_05	1000	1	D_to_P	PCA	-0.23870644791028225	-0.23870644791028225	0.0	True	True
gse162632	original8	primary	17	8	root_05	1000	1	D_to_P	RBF	-0.23843088710502527	-0.23843088710502527	0.0	True	True
gse162632	original8	primary	17	8	root_05	1000	1	D_to_P	scGen	-0.36571210291160633	-0.37081638508750986	-0.005104282175903319	False	False
gse162632	original8	primary	17	8	root_05	1000	1	D_to_P	CPA	-0.6323115817463661	-0.6361431373572192	-0.003831555610853214	False	False
gse162632	original8	primary	17	8	root_05	1000	1	D_to_P	CellOT	-0.3745210647508718	-0.381282568673726	-0.006761503922854979	False	False
gse162632	original8	primary	17	8	root_05	1000	1	S_to_M	NC	-0.3025338767210602	-0.3025338767210602	5.551115123125783e-19	True	True
gse162632	original8	primary	17	8	root_05	1000	1	S_to_M	CM	-0.23992112746118519	-0.23992112746118516	8.798517470154366e-18	True	True
gse162632	original8	primary	17	8	root_05	1000	1	S_to_M	TW	-0.23789931702858164	-0.23789931702858164	7.827072323607353e-18	True	True
gse162632	original8	primary	17	8	root_05	1000	1	S_to_M	PCA	-0.23870644791028225	-0.23870644791028225	8.187894806610529e-18	True	True
gse162632	original8	primary	17	8	root_05	1000	1	S_to_M	RBF	-0.23843088710502527	-0.23843088710502527	6.439293542825908e-18	True	True
gse162632	original8	primary	17	8	root_05	1000	1	S_to_M	scGen	-0.12655481389207196	-0.12655481389313297	-1.0609291500873751e-12	False	False
gse162632	original8	primary	17	8	root_05	1000	1	S_to_M	CPA	-0.393154292760152	-0.3931542927713034	-1.1150557144290473e-11	False	False
gse162632	original8	primary	17	8	root_05	1000	1	S_to_M	CellOT	-0.1353637757327532	-0.13536377573761357	-4.8606105529369615e-12	False	False
gse162632	original8	primary	17	8	root_06	1000	1	D_to_O	NC	-0.2756270580139184	-0.2756270580139184	-1.4432899320127034e-18	True	True
gse162632	original8	primary	17	8	root_06	1000	1	D_to_O	CM	-0.2822732368813582	-0.28227323688135814	-1.1102230246251566e-18	True	True
gse162632	original8	primary	17	8	root_06	1000	1	D_to_O	TW	-0.27647575892638293	-0.276475758926383	-9.992007221626408e-19	True	True
gse162632	original8	primary	17	8	root_06	1000	1	D_to_O	PCA	-0.2801102833351388	-0.2801102833351388	-9.992007221626408e-19	True	True
gse162632	original8	primary	17	8	root_06	1000	1	D_to_O	RBF	-0.2782020111907162	-0.2782020111907162	-4.996003610813204e-19	True	True
gse162632	original8	primary	17	8	root_06	1000	1	D_to_O	scGen	-0.43089331852653057	-0.4253997918855266	0.0054935266410035466	False	False
gse162632	original8	primary	17	8	root_06	1000	1	D_to_O	CPA	-0.7711513388113981	-0.7680255920330087	0.0031257467783885736	False	False
gse162632	original8	primary	17	8	root_06	1000	1	D_to_O	CellOT	-0.4303395419736151	-0.42345646726057595	0.0068830747130387135	False	False
gse162632	original8	primary	17	8	root_06	1000	1	D_to_P	NC	-0.2756270580139184	-0.2756270580139184	0.0	True	True
gse162632	original8	primary	17	8	root_06	1000	1	D_to_P	CM	-0.2822732368813582	-0.2822732368813582	0.0	True	True
gse162632	original8	primary	17	8	root_06	1000	1	D_to_P	TW	-0.27647575892638293	-0.27647575892638293	0.0	True	True
gse162632	original8	primary	17	8	root_06	1000	1	D_to_P	PCA	-0.2801102833351388	-0.2801102833351388	0.0	True	True
gse162632	original8	primary	17	8	root_06	1000	1	D_to_P	RBF	-0.2782020111907162	-0.2782020111907162	0.0	True	True
gse162632	original8	primary	17	8	root_06	1000	1	D_to_P	scGen	-0.43089331852653057	-0.43638684515865844	-0.00549352663212797	False	False
gse162632	original8	primary	17	8	root_06	1000	1	D_to_P	CPA	-0.7711513388113981	-0.7742770855919197	-0.00312574678052262	False	False
gse162632	original8	primary	17	8	root_06	1000	1	D_to_P	CellOT	-0.4303395419736151	-0.43722261668631224	-0.006883074712697662	False	False
gse162632	original8	primary	17	8	root_06	1000	1	S_to_M	NC	-0.2756270580139184	-0.2756270580139184	-8.326672684688674e-19	True	True
gse162632	original8	primary	17	8	root_06	1000	1	S_to_M	CM	-0.2822732368813582	-0.2822732368813582	-1.9984014443252816e-18	True	True
gse162632	original8	primary	17	8	root_06	1000	1	S_to_M	TW	-0.27647575892638293	-0.27647575892638293	-1.1102230246251566e-18	True	True
gse162632	original8	primary	17	8	root_06	1000	1	S_to_M	PCA	-0.2801102833351388	-0.2801102833351388	-6.661338147750939e-19	True	True
gse162632	original8	primary	17	8	root_06	1000	1	S_to_M	RBF	-0.2782020111907162	-0.2782020111907162	-1.1102230246251566e-18	True	True
gse162632	original8	primary	17	8	root_06	1000	1	S_to_M	scGen	-0.17214651230253922	-0.1721465123062893	-3.749907356853655e-12	False	False
gse162632	original8	primary	17	8	root_06	1000	1	S_to_M	CPA	-0.5124045325628418	-0.5124045325629342	-9.288869673440559e-14	False	False
gse162632	original8	primary	17	8	root_06	1000	1	S_to_M	CellOT	-0.1715927357621665	-0.17159273575625497	5.91151072537599e-12	False	False
gse162632	original8	primary	17	8	root_07	1000	1	D_to_O	NC	-0.30624202956919394	-0.30624202956919394	-6.661338147750939e-19	True	True
gse162632	original8	primary	17	8	root_07	1000	1	D_to_O	CM	-0.24547558799672867	-0.24547558799672867	-1.8041124150158794e-18	True	True
gse162632	original8	primary	17	8	root_07	1000	1	D_to_O	TW	-0.24494343666191623	-0.24494343666191623	-2.192690473634684e-18	True	True
gse162632	original8	primary	17	8	root_07	1000	1	D_to_O	PCA	-0.24405375402792776	-0.24405375402792776	-1.6653345369377347e-18	True	True
gse162632	original8	primary	17	8	root_07	1000	1	D_to_O	RBF	-0.24483404776573345	-0.24483404776573345	-1.6930901125533637e-18	True	True
gse162632	original8	primary	17	8	root_07	1000	1	D_to_O	scGen	-0.36762300141794774	-0.3618940723332705	0.005728929084678077	False	False
gse162632	original8	primary	17	8	root_07	1000	1	D_to_O	CPA	-0.6495920859640593	-0.6458305715696098	0.0037615143944501467	False	False
gse162632	original8	primary	17	8	root_07	1000	1	D_to_O	CellOT	-0.370537791783493	-0.3631301316571332	0.00740766012636021	False	False
gse162632	original8	primary	17	8	root_07	1000	1	D_to_P	NC	-0.30624202956919394	-0.30624202956919394	0.0	True	True
gse162632	original8	primary	17	8	root_07	1000	1	D_to_P	CM	-0.24547558799672867	-0.24547558799672867	0.0	True	True
gse162632	original8	primary	17	8	root_07	1000	1	D_to_P	TW	-0.24494343666191623	-0.24494343666191623	0.0	True	True
gse162632	original8	primary	17	8	root_07	1000	1	D_to_P	PCA	-0.24405375402792776	-0.24405375402792776	0.0	True	True
gse162632	original8	primary	17	8	root_07	1000	1	D_to_P	RBF	-0.24483404776573345	-0.24483404776573345	0.0	True	True
gse162632	original8	primary	17	8	root_07	1000	1	D_to_P	scGen	-0.36762300141794774	-0.37335193050289806	-0.005728929084949223	False	False
gse162632	original8	primary	17	8	root_07	1000	1	D_to_P	CPA	-0.6495920859640593	-0.6533536003305925	-0.0037615143665344123	False	False
gse162632	original8	primary	17	8	root_07	1000	1	D_to_P	CellOT	-0.370537791783493	-0.37794545190652473	-0.007407660123031373	False	False
gse162632	original8	primary	17	8	root_07	1000	1	S_to_M	NC	-0.30624202956919394	-0.30624202956919394	-5.551115123125783e-19	True	True
gse162632	original8	primary	17	8	root_07	1000	1	S_to_M	CM	-0.2454755879967287	-0.24547558799672867	7.382983113757291e-18	True	True
gse162632	original8	primary	17	8	root_07	1000	1	S_to_M	TW	-0.24494343666191623	-0.24494343666191623	7.771561172376097e-18	True	True
gse162632	original8	primary	17	8	root_07	1000	1	S_to_M	PCA	-0.24405375402792776	-0.24405375402792776	7.466249840604178e-18	True	True
gse162632	original8	primary	17	8	root_07	1000	1	S_to_M	RBF	-0.24483404776573345	-0.24483404776573345	7.993605777301126e-18	True	True
gse162632	original8	primary	17	8	root_07	1000	1	S_to_M	scGen	-0.12953185387748464	-0.129531853873606	3.878497994991292e-12	False	False
gse162632	original8	primary	17	8	root_07	1000	1	S_to_M	CPA	-0.4115009384145461	-0.411500938443297	-2.8751589831177427e-11	False	False
gse162632	original8	primary	17	8	root_07	1000	1	S_to_M	CellOT	-0.1324466442347334	-0.1324466442409744	-6.241088423841745e-12	False	False
gse162632	original8	primary	29	4	equal_eight_root_mean	1000	8	D_to_O	NC	-0.4177725953783189	-0.4177725953783189	-3.5596525727044075e-18	True	True
gse162632	original8	primary	29	4	equal_eight_root_mean	1000	8	D_to_O	CM	-0.3578176134555455	-0.3578176134555455	-1.5334955527634977e-18	True	True
gse162632	original8	primary	29	4	equal_eight_root_mean	1000	8	D_to_O	TW	-0.3562332346686726	-0.3562332346686726	-1.519617764955683e-18	True	True
gse162632	original8	primary	29	4	equal_eight_root_mean	1000	8	D_to_O	PCA	-0.35636241098050025	-0.35636241098050014	-1.1171619185290638e-18	True	True
gse162632	original8	primary	29	4	equal_eight_root_mean	1000	8	D_to_O	RBF	-0.3565642898059135	-0.3565642898059135	-1.547373340571312e-18	True	True
gse162632	original8	primary	29	4	equal_eight_root_mean	1000	8	D_to_O	scGen	-0.60410561754958	-0.5932831315231395	0.010822486026440713	False	False
gse162632	original8	primary	29	4	equal_eight_root_mean	1000	8	D_to_O	CPA	-0.8729340858840116	-0.8652514057363606	0.007682680147651343	False	False
gse162632	original8	primary	29	4	equal_eight_root_mean	1000	8	D_to_O	CellOT	-0.6106613026295702	-0.5943196962498252	0.01634160637974537	False	False
gse162632	original8	primary	29	4	equal_eight_root_mean	1000	8	D_to_P	NC	-0.4177725953783189	-0.4177725953783189	0.0	True	True
gse162632	original8	primary	29	4	equal_eight_root_mean	1000	8	D_to_P	CM	-0.3578176134555455	-0.3578176134555455	0.0	True	True
gse162632	original8	primary	29	4	equal_eight_root_mean	1000	8	D_to_P	TW	-0.3562332346686726	-0.3562332346686726	0.0	True	True
gse162632	original8	primary	29	4	equal_eight_root_mean	1000	8	D_to_P	PCA	-0.35636241098050025	-0.35636241098050025	0.0	True	True
gse162632	original8	primary	29	4	equal_eight_root_mean	1000	8	D_to_P	RBF	-0.3565642898059135	-0.3565642898059135	0.0	True	True
gse162632	original8	primary	29	4	equal_eight_root_mean	1000	8	D_to_P	scGen	-0.60410561754958	-0.6149281035789049	-0.010822486029324684	False	False
gse162632	original8	primary	29	4	equal_eight_root_mean	1000	8	D_to_P	CPA	-0.8729340858840116	-0.8806167660241069	-0.007682680140094738	False	False
gse162632	original8	primary	29	4	equal_eight_root_mean	1000	8	D_to_P	CellOT	-0.6106613026295702	-0.627002909011246	-0.016341606381675523	False	False
gse162632	original8	primary	29	4	equal_eight_root_mean	1000	8	S_to_M	NC	-0.41777259537831896	-0.4177725953783189	1.602190602412179e-17	True	True
gse162632	original8	primary	29	4	equal_eight_root_mean	1000	8	S_to_M	CM	-0.3578176134555455	-0.3578176134555455	2.317590563905014e-18	True	True
gse162632	original8	primary	29	4	equal_eight_root_mean	1000	8	S_to_M	TW	-0.3562332346686726	-0.3562332346686726	1.6861512186494565e-18	True	True
gse162632	original8	primary	29	4	equal_eight_root_mean	1000	8	S_to_M	PCA	-0.35636241098050025	-0.35636241098050025	1.845745778439323e-18	True	True
gse162632	original8	primary	29	4	equal_eight_root_mean	1000	8	S_to_M	RBF	-0.3565642898059135	-0.3565642898059135	2.0886070650760757e-18	True	True
gse162632	original8	primary	29	4	equal_eight_root_mean	1000	8	S_to_M	scGen	-0.13644144566350003	-0.13644144566196373	1.5363061899031917e-12	False	False
gse162632	original8	primary	29	4	equal_eight_root_mean	1000	8	S_to_M	CPA	-0.4052699140001841	-0.4052699140078597	-7.675731647505124e-12	False	False
gse162632	original8	primary	29	4	equal_eight_root_mean	1000	8	S_to_M	CellOT	-0.14299713074535353	-0.14299713074212086	3.232685636539445e-12	False	False
gse162632	original8	primary	29	4	root_00	1000	1	D_to_O	NC	-0.42249093542884086	-0.42249093542884086	-4.107825191113079e-18	True	True
gse162632	original8	primary	29	4	root_00	1000	1	D_to_O	CM	-0.3740998668579828	-0.3740998668579828	-1.7208456881689926e-18	True	True
gse162632	original8	primary	29	4	root_00	1000	1	D_to_O	TW	-0.37111033785063013	-0.37111033785063013	-2.331468351712829e-18	True	True
gse162632	original8	primary	29	4	root_00	1000	1	D_to_O	PCA	-0.3717574954981464	-0.37175749549814635	-1.609823385706477e-18	True	True
gse162632	original8	primary	29	4	root_00	1000	1	D_to_O	RBF	-0.37196863132706126	-0.37196863132706126	-1.1657341758564144e-18	True	True
gse162632	original8	primary	29	4	root_00	1000	1	D_to_O	scGen	-0.6325378309866505	-0.6207334535264172	0.011804377460233769	False	False
gse162632	original8	primary	29	4	root_00	1000	1	D_to_O	CPA	-0.9391311498045298	-0.930195049376766	0.008936100427764555	False	False
gse162632	original8	primary	29	4	root_00	1000	1	D_to_O	CellOT	-0.640939426404538	-0.6229611729495581	0.01797825345498005	False	False
gse162632	original8	primary	29	4	root_00	1000	1	D_to_P	NC	-0.42249093542884086	-0.42249093542884086	0.0	True	True
gse162632	original8	primary	29	4	root_00	1000	1	D_to_P	CM	-0.3740998668579828	-0.3740998668579828	0.0	True	True
gse162632	original8	primary	29	4	root_00	1000	1	D_to_P	TW	-0.37111033785063013	-0.37111033785063013	0.0	True	True
gse162632	original8	primary	29	4	root_00	1000	1	D_to_P	PCA	-0.3717574954981464	-0.3717574954981464	0.0	True	True
gse162632	original8	primary	29	4	root_00	1000	1	D_to_P	RBF	-0.37196863132706126	-0.37196863132706126	0.0	True	True
gse162632	original8	primary	29	4	root_00	1000	1	D_to_P	scGen	-0.6325378309866505	-0.6443422084593812	-0.011804377472729631	False	False
gse162632	original8	primary	29	4	root_00	1000	1	D_to_P	CPA	-0.9391311498045298	-0.9480672502205315	-0.008936100416001447	False	False
gse162632	original8	primary	29	4	root_00	1000	1	D_to_P	CellOT	-0.640939426404538	-0.6589176798732364	-0.017978253468697986	False	False
gse162632	original8	primary	29	4	root_00	1000	1	S_to_M	NC	-0.4224909354288409	-0.42249093542884086	1.681987882307112e-17	True	True
gse162632	original8	primary	29	4	root_00	1000	1	S_to_M	CM	-0.3740998668579828	-0.3740998668579828	7.43849426498855e-18	True	True
gse162632	original8	primary	29	4	root_00	1000	1	S_to_M	TW	-0.37111033785063013	-0.37111033785063013	4.496403249731884e-18	True	True
gse162632	original8	primary	29	4	root_00	1000	1	S_to_M	PCA	-0.37175749549814635	-0.3717574954981464	5.218048215738236e-18	True	True
gse162632	original8	primary	29	4	root_00	1000	1	S_to_M	RBF	-0.37196863132706126	-0.37196863132706126	4.440892098500626e-18	True	True
gse162632	original8	primary	29	4	root_00	1000	1	S_to_M	scGen	-0.14343648711767548	-0.14343648711068888	6.986586503776593e-12	False	False
gse162632	original8	primary	29	4	root_00	1000	1	S_to_M	CPA	-0.45002980585959645	-0.4500298058742928	-1.4696382499845838e-11	False	False
gse162632	original8	primary	29	4	root_00	1000	1	S_to_M	CellOT	-0.15183808255446757	-0.15183808252915923	2.5308428130976778e-11	False	False
gse162632	original8	primary	29	4	root_01	1000	1	D_to_O	NC	-0.438382130415819	-0.438382130415819	-2.331468351712829e-18	True	True
gse162632	original8	primary	29	4	root_01	1000	1	D_to_O	CM	-0.34394930876798757	-0.34394930876798757	-8.881784197001253e-19	True	True
gse162632	original8	primary	29	4	root_01	1000	1	D_to_O	TW	-0.3444408862834163	-0.3444408862834163	-1.1102230246251566e-18	True	True
gse162632	original8	primary	29	4	root_01	1000	1	D_to_O	PCA	-0.34306730652381795	-0.34306730652381795	-1.0547118733938987e-18	True	True
gse162632	original8	primary	29	4	root_01	1000	1	D_to_O	RBF	-0.3440941303236806	-0.3440941303236806	-6.661338147750939e-19	True	True
gse162632	original8	primary	29	4	root_01	1000	1	D_to_O	scGen	-0.5856813230565958	-0.5748586712378495	0.010822651818745366	False	False
gse162632	original8	primary	29	4	root_01	1000	1	D_to_O	CPA	-0.8083058955787061	-0.800176906164551	0.008128989414153649	False	False
gse162632	original8	primary	29	4	root_01	1000	1	D_to_O	CellOT	-0.5903076052373571	-0.5732896167021287	0.017017988535228956	False	False
gse162632	original8	primary	29	4	root_01	1000	1	D_to_P	NC	-0.438382130415819	-0.438382130415819	0.0	True	True
gse162632	original8	primary	29	4	root_01	1000	1	D_to_P	CM	-0.34394930876798757	-0.34394930876798757	0.0	True	True
gse162632	original8	primary	29	4	root_01	1000	1	D_to_P	TW	-0.3444408862834163	-0.3444408862834163	0.0	True	True
gse162632	original8	primary	29	4	root_01	1000	1	D_to_P	PCA	-0.34306730652381795	-0.34306730652381795	0.0	True	True
gse162632	original8	primary	29	4	root_01	1000	1	D_to_P	RBF	-0.3440941303236806	-0.3440941303236806	0.0	True	True
gse162632	original8	primary	29	4	root_01	1000	1	D_to_P	scGen	-0.5856813230565958	-0.5965039748760067	-0.010822651819410983	False	False
gse162632	original8	primary	29	4	root_01	1000	1	D_to_P	CPA	-0.8083058955787061	-0.8164348850028137	-0.008128989424108174	False	False
gse162632	original8	primary	29	4	root_01	1000	1	D_to_P	CellOT	-0.5903076052373571	-0.6073255937803358	-0.01701798854297786	False	False
gse162632	original8	primary	29	4	root_01	1000	1	S_to_M	NC	-0.4383821304158191	-0.438382130415819	1.5265566588595904e-17	True	True
gse162632	original8	primary	29	4	root_01	1000	1	S_to_M	CM	-0.34394930876798757	-0.34394930876798757	-9.436895709313831e-19	True	True
gse162632	original8	primary	29	4	root_01	1000	1	S_to_M	TW	-0.3444408862834163	-0.3444408862834163	-1.7763568394002505e-18	True	True
gse162632	original8	primary	29	4	root_01	1000	1	S_to_M	PCA	-0.343067306523818	-0.34306730652381795	-8.881784197001253e-19	True	True
gse162632	original8	primary	29	4	root_01	1000	1	S_to_M	RBF	-0.3440941303236806	-0.3440941303236806	-7.216449660063517e-19	True	True
gse162632	original8	primary	29	4	root_01	1000	1	S_to_M	scGen	-0.1300586699135729	-0.1300586699081169	5.45604299240221e-12	False	False
gse162632	original8	primary	29	4	root_01	1000	1	S_to_M	CPA	-0.3526832424519593	-0.352683242445669	6.290766185745867e-12	False	False
gse162632	original8	primary	29	4	root_01	1000	1	S_to_M	CellOT	-0.1346849521029009	-0.13468495209302733	9.873419359873737e-12	False	False
gse162632	original8	primary	29	4	root_02	1000	1	D_to_O	NC	-0.41551700859099705	-0.41551700859099705	-2.831068712794149e-18	True	True
gse162632	original8	primary	29	4	root_02	1000	1	D_to_O	CM	-0.3308712784163365	-0.3308712784163365	-1.1657341758564144e-18	True	True
gse162632	original8	primary	29	4	root_02	1000	1	D_to_O	TW	-0.3307901594200786	-0.3307901594200786	-1.6653345369377348e-19	True	True
gse162632	original8	primary	29	4	root_02	1000	1	D_to_O	PCA	-0.32962951686430125	-0.3296295168643012	-7.771561172376096e-19	True	True
gse162632	original8	primary	29	4	root_02	1000	1	D_to_O	RBF	-0.33062878962274117	-0.33062878962274117	-7.771561172376096e-19	True	True
gse162632	original8	primary	29	4	root_02	1000	1	D_to_O	scGen	-0.5614879046817707	-0.5496216962731508	0.01186620840862022	False	False
gse162632	original8	primary	29	4	root_02	1000	1	D_to_O	CPA	-0.7886175909173122	-0.7807842012403257	0.007833389676987445	False	False
gse162632	original8	primary	29	4	root_02	1000	1	D_to_O	CellOT	-0.5661347086434333	-0.5493102401221981	0.016824468521235373	False	False
gse162632	original8	primary	29	4	root_02	1000	1	D_to_P	NC	-0.41551700859099705	-0.41551700859099705	0.0	True	True
gse162632	original8	primary	29	4	root_02	1000	1	D_to_P	CM	-0.3308712784163365	-0.3308712784163365	0.0	True	True
gse162632	original8	primary	29	4	root_02	1000	1	D_to_P	TW	-0.3307901594200786	-0.3307901594200786	0.0	True	True
gse162632	original8	primary	29	4	root_02	1000	1	D_to_P	PCA	-0.32962951686430125	-0.32962951686430125	0.0	True	True
gse162632	original8	primary	29	4	root_02	1000	1	D_to_P	RBF	-0.33062878962274117	-0.33062878962274117	0.0	True	True
gse162632	original8	primary	29	4	root_02	1000	1	D_to_P	scGen	-0.5614879046817707	-0.5733541130923527	-0.011866208410582372	False	False
gse162632	original8	primary	29	4	root_02	1000	1	D_to_P	CPA	-0.7886175909173122	-0.79645098059757	-0.007833389680257501	False	False
gse162632	original8	primary	29	4	root_02	1000	1	D_to_P	CellOT	-0.5661347086434333	-0.5829591771715823	-0.016824468528148354	False	False
gse162632	original8	primary	29	4	root_02	1000	1	S_to_M	NC	-0.41551700859099705	-0.41551700859099705	1.6653345369377347e-17	True	True
gse162632	original8	primary	29	4	root_02	1000	1	S_to_M	CM	-0.3308712784163365	-0.3308712784163365	-1.5543122344752192e-18	True	True
gse162632	original8	primary	29	4	root_02	1000	1	S_to_M	TW	-0.3307901594200786	-0.3307901594200786	-1.7208456881689926e-18	True	True
gse162632	original8	primary	29	4	root_02	1000	1	S_to_M	PCA	-0.32962951686430125	-0.32962951686430125	-8.326672684688674e-19	True	True
gse162632	original8	primary	29	4	root_02	1000	1	S_to_M	RBF	-0.33062878962274117	-0.33062878962274117	-7.216449660063517e-19	True	True
gse162632	original8	primary	29	4	root_02	1000	1	S_to_M	scGen	-0.12294632772177105	-0.12294632772041918	1.3517082453340378e-12	False	False
gse162632	original8	primary	29	4	root_02	1000	1	S_to_M	CPA	-0.35007601404036887	-0.350076014037744	2.624861772382303e-12	False	False
gse162632	original8	primary	29	4	root_02	1000	1	S_to_M	CellOT	-0.12759313168715455	-0.12759313168643951	7.152253789222129e-13	False	False
gse162632	original8	primary	29	4	root_03	1000	1	D_to_O	NC	-0.3955474671934167	-0.3955474671934167	-3.1641356201816963e-18	True	True
gse162632	original8	primary	29	4	root_03	1000	1	D_to_O	CM	-0.3364744803943095	-0.3364744803943095	-8.881784197001253e-19	True	True
gse162632	original8	primary	29	4	root_03	1000	1	D_to_O	TW	-0.33478305149403653	-0.33478305149403653	-1.8873791418627663e-18	True	True
gse162632	original8	primary	29	4	root_03	1000	1	D_to_O	PCA	-0.33537164690051774	-0.33537164690051774	-9.992007221626408e-19	True	True
gse162632	original8	primary	29	4	root_03	1000	1	D_to_O	RBF	-0.3351542680408259	-0.3351542680408259	-1.3877787807814458e-18	True	True
gse162632	original8	primary	29	4	root_03	1000	1	D_to_O	scGen	-0.5618028496961449	-0.5500208555592471	0.011781994136897638	False	False
gse162632	original8	primary	29	4	root_03	1000	1	D_to_O	CPA	-0.8112331381369162	-0.8028231292275034	0.008410008909413874	False	False
gse162632	original8	primary	29	4	root_03	1000	1	D_to_O	CellOT	-0.5719386748145266	-0.554338653726116	0.01760002108841104	False	False
gse162632	original8	primary	29	4	root_03	1000	1	D_to_P	NC	-0.3955474671934167	-0.3955474671934167	0.0	True	True
gse162632	original8	primary	29	4	root_03	1000	1	D_to_P	CM	-0.3364744803943095	-0.3364744803943095	0.0	True	True
gse162632	original8	primary	29	4	root_03	1000	1	D_to_P	TW	-0.33478305149403653	-0.33478305149403653	0.0	True	True
gse162632	original8	primary	29	4	root_03	1000	1	D_to_P	PCA	-0.33537164690051774	-0.33537164690051774	0.0	True	True
gse162632	original8	primary	29	4	root_03	1000	1	D_to_P	RBF	-0.3351542680408259	-0.3351542680408259	0.0	True	True
gse162632	original8	primary	29	4	root_03	1000	1	D_to_P	scGen	-0.5618028496961449	-0.5735848438261819	-0.011781994130037061	False	False
gse162632	original8	primary	29	4	root_03	1000	1	D_to_P	CPA	-0.8112331381369162	-0.8196431470311377	-0.00841000889421853	False	False
gse162632	original8	primary	29	4	root_03	1000	1	D_to_P	CellOT	-0.5719386748145266	-0.5895386958999125	-0.017600021085386258	False	False
gse162632	original8	primary	29	4	root_03	1000	1	S_to_M	NC	-0.3955474671934167	-0.3955474671934167	1.482147737874584e-17	True	True
gse162632	original8	primary	29	4	root_03	1000	1	S_to_M	CM	-0.33647448039430955	-0.3364744803943095	-8.326672684688674e-19	True	True
gse162632	original8	primary	29	4	root_03	1000	1	S_to_M	TW	-0.3347830514940365	-0.33478305149403653	-1.7208456881689926e-18	True	True
gse162632	original8	primary	29	4	root_03	1000	1	S_to_M	PCA	-0.33537164690051774	-0.33537164690051774	-6.106226635438361e-19	True	True
gse162632	original8	primary	29	4	root_03	1000	1	S_to_M	RBF	-0.3351542680408259	-0.3351542680408259	-1.1102230246251566e-19	True	True
gse162632	original8	primary	29	4	root_03	1000	1	S_to_M	scGen	-0.12400281603340699	-0.12400281603390989	-5.027511046362676e-13	False	False
gse162632	original8	primary	29	4	root_03	1000	1	S_to_M	CPA	-0.37343310453235923	-0.37343310454164896	-9.289459201866634e-12	False	False
gse162632	original8	primary	29	4	root_03	1000	1	S_to_M	CellOT	-0.13413864115602317	-0.13413864115645305	-4.298517375378452e-13	False	False
gse162632	original8	primary	29	4	root_04	1000	1	D_to_O	NC	-0.41770653454901846	-0.41770653454901846	-5.273559366969494e-18	True	True
gse162632	original8	primary	29	4	root_04	1000	1	D_to_O	CM	-0.34136805025806466	-0.34136805025806466	-1.1102230246251566e-18	True	True
gse162632	original8	primary	29	4	root_04	1000	1	D_to_O	TW	-0.341336918447409	-0.341336918447409	-6.106226635438361e-19	True	True
gse162632	original8	primary	29	4	root_04	1000	1	D_to_O	PCA	-0.34009855939451883	-0.34009855939451883	0.0	True	True
gse162632	original8	primary	29	4	root_04	1000	1	D_to_O	RBF	-0.34110610184273643	-0.34110610184273643	-1.3322676295501879e-18	True	True
gse162632	original8	primary	29	4	root_04	1000	1	D_to_O	scGen	-0.5727903745386183	-0.5628061413233767	0.009984233215242493	False	False
gse162632	original8	primary	29	4	root_04	1000	1	D_to_O	CPA	-0.8190266261611487	-0.8115003803590541	0.007526245802094926	False	False
gse162632	original8	primary	29	4	root_04	1000	1	D_to_O	CellOT	-0.5798738986145635	-0.5650714833044466	0.014802415310116983	False	False
gse162632	original8	primary	29	4	root_04	1000	1	D_to_P	NC	-0.41770653454901846	-0.41770653454901846	0.0	True	True
gse162632	original8	primary	29	4	root_04	1000	1	D_to_P	CM	-0.34136805025806466	-0.34136805025806466	0.0	True	True
gse162632	original8	primary	29	4	root_04	1000	1	D_to_P	TW	-0.341336918447409	-0.341336918447409	0.0	True	True
gse162632	original8	primary	29	4	root_04	1000	1	D_to_P	PCA	-0.34009855939451883	-0.34009855939451883	0.0	True	True
gse162632	original8	primary	29	4	root_04	1000	1	D_to_P	RBF	-0.34110610184273643	-0.34110610184273643	0.0	True	True
gse162632	original8	primary	29	4	root_04	1000	1	D_to_P	scGen	-0.5727903745386183	-0.5827746077442063	-0.009984233205587195	False	False
gse162632	original8	primary	29	4	root_04	1000	1	D_to_P	CPA	-0.8190266261611487	-0.8265528719415446	-0.007526245780395354	False	False
gse162632	original8	primary	29	4	root_04	1000	1	D_to_P	CellOT	-0.5798738986145635	-0.5946763139215444	-0.01480241530698029	False	False
gse162632	original8	primary	29	4	root_04	1000	1	S_to_M	NC	-0.41770653454901846	-0.41770653454901846	1.687538997430238e-17	True	True
gse162632	original8	primary	29	4	root_04	1000	1	S_to_M	CM	-0.3413680502580647	-0.34136805025806466	-1.8318679906315084e-18	True	True
gse162632	original8	primary	29	4	root_04	1000	1	S_to_M	TW	-0.341336918447409	-0.341336918447409	-1.7208456881689926e-18	True	True
gse162632	original8	primary	29	4	root_04	1000	1	S_to_M	PCA	-0.34009855939451883	-0.34009855939451883	-3.0531133177191805e-18	True	True
gse162632	original8	primary	29	4	root_04	1000	1	S_to_M	RBF	-0.34110610184273643	-0.34110610184273643	-1.8318679906315084e-18	True	True
gse162632	original8	primary	29	4	root_04	1000	1	S_to_M	scGen	-0.12478673506267687	-0.12478673506590467	-3.2279924011557882e-12	False	False
gse162632	original8	primary	29	4	root_04	1000	1	S_to_M	CPA	-0.371022986646562	-0.3710229866700822	-2.3520000169696687e-11	False	False
gse162632	original8	primary	29	4	root_04	1000	1	S_to_M	CellOT	-0.13187025913960582	-0.13187025914006498	-4.590768598600193e-13	False	False
gse162632	original8	primary	29	4	root_05	1000	1	D_to_O	NC	-0.4223345344623108	-0.4223345344623108	-4.052314039881821e-18	True	True
gse162632	original8	primary	29	4	root_05	1000	1	D_to_O	CM	-0.35965679227517733	-0.35965679227517733	-8.881784197001253e-19	True	True
gse162632	original8	primary	29	4	root_05	1000	1	D_to_O	TW	-0.35762956426471443	-0.35762956426471443	-7.216449660063517e-19	True	True
gse162632	original8	primary	29	4	root_05	1000	1	D_to_O	PCA	-0.3584431371693759	-0.3584431371693759	-1.4432899320127034e-18	True	True
gse162632	original8	primary	29	4	root_05	1000	1	D_to_O	RBF	-0.3581638042066437	-0.3581638042066437	-1.1102230246251566e-18	True	True
gse162632	original8	primary	29	4	root_05	1000	1	D_to_O	scGen	-0.61253994964683	-0.6022831670952609	0.010256782551569803	False	False
gse162632	original8	primary	29	4	root_05	1000	1	D_to_O	CPA	-0.8803008176906355	-0.8731010104828443	0.007199807207792319	False	False
gse162632	original8	primary	29	4	root_05	1000	1	D_to_O	CellOT	-0.6197512738160026	-0.6046782171089825	0.01507305670702096	False	False
gse162632	original8	primary	29	4	root_05	1000	1	D_to_P	NC	-0.4223345344623108	-0.4223345344623108	0.0	True	True
gse162632	original8	primary	29	4	root_05	1000	1	D_to_P	CM	-0.35965679227517733	-0.35965679227517733	0.0	True	True
gse162632	original8	primary	29	4	root_05	1000	1	D_to_P	TW	-0.35762956426471443	-0.35762956426471443	0.0	True	True
gse162632	original8	primary	29	4	root_05	1000	1	D_to_P	PCA	-0.3584431371693759	-0.3584431371693759	0.0	True	True
gse162632	original8	primary	29	4	root_05	1000	1	D_to_P	RBF	-0.3581638042066437	-0.3581638042066437	0.0	True	True
gse162632	original8	primary	29	4	root_05	1000	1	D_to_P	scGen	-0.61253994964683	-0.6227967322037616	-0.010256782556932275	False	False
gse162632	original8	primary	29	4	root_05	1000	1	D_to_P	CPA	-0.8803008176906355	-0.8875006248974924	-0.007199807206855786	False	False
gse162632	original8	primary	29	4	root_05	1000	1	D_to_P	CellOT	-0.6197512738160026	-0.6348243305229524	-0.015073056706949	False	False
gse162632	original8	primary	29	4	root_05	1000	1	S_to_M	NC	-0.42233453446231084	-0.4223345344623108	1.5154544286133388e-17	True	True
gse162632	original8	primary	29	4	root_05	1000	1	S_to_M	CM	-0.3596567922751774	-0.35965679227517733	2.7755575615628914e-19	True	True
gse162632	original8	primary	29	4	root_05	1000	1	S_to_M	TW	-0.35762956426471443	-0.35762956426471443	-7.771561172376096e-19	True	True
gse162632	original8	primary	29	4	root_05	1000	1	S_to_M	PCA	-0.3584431371693759	-0.3584431371693759	-5.551115123125783e-20	True	True
gse162632	original8	primary	29	4	root_05	1000	1	S_to_M	RBF	-0.3581638042066437	-0.3581638042066437	-7.216449660063517e-19	True	True
gse162632	original8	primary	29	4	root_05	1000	1	S_to_M	scGen	-0.13396151336850923	-0.13396151336424086	4.268548819963414e-12	False	False
gse162632	original8	primary	29	4	root_05	1000	1	S_to_M	CPA	-0.4017223814310676	-0.4017223814300348	1.033044927378768e-12	False	False
gse162632	original8	primary	29	4	root_05	1000	1	S_to_M	CellOT	-0.14117283752978765	-0.14117283752950277	2.8485630521046803e-13	False	False
gse162632	original8	primary	29	4	root_06	1000	1	D_to_O	NC	-0.40490719162876515	-0.4049071916287651	-3.1086244689504384e-18	True	True
gse162632	original8	primary	29	4	root_06	1000	1	D_to_O	CM	-0.4115430180316468	-0.4115430180316468	-5.3290705182007515e-18	True	True
gse162632	original8	primary	29	4	root_06	1000	1	D_to_O	TW	-0.40574458345886505	-0.40574458345886505	-4.274358644806853e-18	True	True
gse162632	original8	primary	29	4	root_06	1000	1	D_to_O	PCA	-0.4093801216447229	-0.409380121644723	-2.275957200481571e-18	True	True
gse162632	original8	primary	29	4	root_06	1000	1	D_to_O	RBF	-0.40747130062635734	-0.40747130062635734	-4.551914400963142e-18	True	True
gse162632	original8	primary	29	4	root_06	1000	1	D_to_O	scGen	-0.6970079197828404	-0.6874793467141878	0.00952857306865336	False	False
gse162632	original8	primary	29	4	root_06	1000	1	D_to_O	CPA	-1.0306328353831598	-1.0242979583360756	0.006334877047085956	False	False
gse162632	original8	primary	29	4	root_06	1000	1	D_to_O	CellOT	-0.6987584457976463	-0.6839902475080039	0.014768198289643502	False	False
gse162632	original8	primary	29	4	root_06	1000	1	D_to_P	NC	-0.40490719162876515	-0.40490719162876515	0.0	True	True
gse162632	original8	primary	29	4	root_06	1000	1	D_to_P	CM	-0.4115430180316468	-0.4115430180316468	0.0	True	True
gse162632	original8	primary	29	4	root_06	1000	1	D_to_P	TW	-0.40574458345886505	-0.40574458345886505	0.0	True	True
gse162632	original8	primary	29	4	root_06	1000	1	D_to_P	PCA	-0.4093801216447229	-0.4093801216447229	0.0	True	True
gse162632	original8	primary	29	4	root_06	1000	1	D_to_P	RBF	-0.40747130062635734	-0.40747130062635734	0.0	True	True
gse162632	original8	primary	29	4	root_06	1000	1	D_to_P	scGen	-0.6970079197828404	-0.7065364928708843	-0.009528573088042103	False	False
gse162632	original8	primary	29	4	root_06	1000	1	D_to_P	CPA	-1.0306328353831598	-1.0369677124290688	-0.006334877045908898	False	False
gse162632	original8	primary	29	4	root_06	1000	1	D_to_P	CellOT	-0.6987584457976463	-0.7135266440988399	-0.014768198301193414	False	False
gse162632	original8	primary	29	4	root_06	1000	1	S_to_M	NC	-0.40490719162876515	-0.40490719162876515	1.6486811915683574e-17	True	True
gse162632	original8	primary	29	4	root_06	1000	1	S_to_M	CM	-0.41154301803164683	-0.4115430180316468	1.6209256159527284e-17	True	True
gse162632	original8	primary	29	4	root_06	1000	1	S_to_M	TW	-0.40574458345886516	-0.40574458345886505	1.6986412276764895e-17	True	True
gse162632	original8	primary	29	4	root_06	1000	1	S_to_M	PCA	-0.409380121644723	-0.4093801216447229	1.5432100042289677e-17	True	True
gse162632	original8	primary	29	4	root_06	1000	1	S_to_M	RBF	-0.4074713006263574	-0.40747130062635734	1.659783421814609e-17	True	True
gse162632	original8	primary	29	4	root_06	1000	1	S_to_M	scGen	-0.17969578748192416	-0.17969578747610276	5.8214771059272866e-12	False	False
gse162632	original8	primary	29	4	root_06	1000	1	S_to_M	CPA	-0.5133207030555005	-0.5133207030612895	-5.789937251865495e-12	False	False
gse162632	original8	primary	29	4	root_06	1000	1	S_to_M	CellOT	-0.1814463134947816	-0.1814463134918354	2.946423549587962e-12	False	False
gse162632	original8	primary	29	4	root_07	1000	1	D_to_O	NC	-0.4252949607573834	-0.4252949607573833	-3.608224830031759e-18	True	True
gse162632	original8	primary	29	4	root_07	1000	1	D_to_O	CM	-0.36457811264285866	-0.36457811264285866	-2.7755575615628914e-19	True	True
gse162632	original8	primary	29	4	root_07	1000	1	D_to_O	TW	-0.36403037613023115	-0.36403037613023115	-1.0547118733938987e-18	True	True
gse162632	original8	primary	29	4	root_07	1000	1	D_to_O	PCA	-0.3631515038486008	-0.36315150384860073	-7.771561172376096e-19	True	True
gse162632	original8	primary	29	4	root_07	1000	1	D_to_O	RBF	-0.36392729245726163	-0.36392729245726163	-1.3877787807814458e-18	True	True
gse162632	original8	primary	29	4	root_07	1000	1	D_to_O	scGen	-0.6089967880071894	-0.5984617204556263	0.010535067551563063	False	False
gse162632	original8	primary	29	4	root_07	1000	1	D_to_O	CPA	-0.9062246333996837	-0.8991326107037653	0.007092022695918023	False	False
gse162632	original8	primary	29	4	root_07	1000	1	D_to_O	CellOT	-0.6175863877084935	-0.6009179385771676	0.016668449131326087	False	False
gse162632	original8	primary	29	4	root_07	1000	1	D_to_P	NC	-0.4252949607573834	-0.4252949607573834	0.0	True	True
gse162632	original8	primary	29	4	root_07	1000	1	D_to_P	CM	-0.36457811264285866	-0.36457811264285866	0.0	True	True
gse162632	original8	primary	29	4	root_07	1000	1	D_to_P	TW	-0.36403037613023115	-0.36403037613023115	0.0	True	True
gse162632	original8	primary	29	4	root_07	1000	1	D_to_P	PCA	-0.3631515038486008	-0.3631515038486008	0.0	True	True
gse162632	original8	primary	29	4	root_07	1000	1	D_to_P	RBF	-0.36392729245726163	-0.36392729245726163	0.0	True	True
gse162632	original8	primary	29	4	root_07	1000	1	D_to_P	scGen	-0.6089967880071894	-0.6195318555584649	-0.01053506755127585	False	False
gse162632	original8	primary	29	4	root_07	1000	1	D_to_P	CPA	-0.9062246333996837	-0.9133166560726967	-0.007092022673012216	False	False
gse162632	original8	primary	29	4	root_07	1000	1	D_to_P	CellOT	-0.6175863877084935	-0.6342548368215647	-0.016668449113071037	False	False
gse162632	original8	primary	29	4	root_07	1000	1	S_to_M	NC	-0.4252949607573834	-0.4252949607573834	1.609823385706477e-17	True	True
gse162632	original8	primary	29	4	root_07	1000	1	S_to_M	CM	-0.36457811264285866	-0.36457811264285866	-2.220446049250313e-19	True	True
gse162632	original8	primary	29	4	root_07	1000	1	S_to_M	TW	-0.36403037613023115	-0.36403037613023115	-2.7755575615628914e-19	True	True
gse162632	original8	primary	29	4	root_07	1000	1	S_to_M	PCA	-0.3631515038486008	-0.3631515038486008	-4.440892098500626e-19	True	True
gse162632	original8	primary	29	4	root_07	1000	1	S_to_M	RBF	-0.36392729245726174	-0.36392729245726163	-2.220446049250313e-19	True	True
gse162632	original8	primary	29	4	root_07	1000	1	S_to_M	scGen	-0.13264322860846348	-0.1326432286163266	-7.863170642385953e-12	False	False
gse162632	original8	primary	29	4	root_07	1000	1	S_to_M	CPA	-0.42987107398405816	-0.4298710740021162	-1.8058746942273273e-11	False	False
gse162632	original8	primary	29	4	root_07	1000	1	S_to_M	CellOT	-0.14123282829810674	-0.14123282831048461	-1.2377939034857733e-11	False	False
gse162632	original8	primary	29	6	equal_eight_root_mean	1000	8	D_to_O	NC	-0.3398228156843802	-0.3398228156843802	-1.2420620087993936e-18	True	True
gse162632	original8	primary	29	6	equal_eight_root_mean	1000	8	D_to_O	CM	-0.27987184711728075	-0.27987184711728075	-1.0755285551056204e-18	True	True
gse162632	original8	primary	29	6	equal_eight_root_mean	1000	8	D_to_O	TW	-0.27828924309187725	-0.27828924309187725	-6.661338147750939e-19	True	True
gse162632	original8	primary	29	6	equal_eight_root_mean	1000	8	D_to_O	PCA	-0.27841628641544286	-0.27841628641544286	-9.99200722162641e-19	True	True
gse162632	original8	primary	29	6	equal_eight_root_mean	1000	8	D_to_O	RBF	-0.27861952405360446	-0.27861952405360446	-1.0894063429134349e-18	True	True
gse162632	original8	primary	29	6	equal_eight_root_mean	1000	8	D_to_O	scGen	-0.4462096272458828	-0.439036829051485	0.0071727981943978236	False	False
gse162632	original8	primary	29	6	equal_eight_root_mean	1000	8	D_to_O	CPA	-0.7138810665634227	-0.7087916772876969	0.005089389275725765	False	False
gse162632	original8	primary	29	6	equal_eight_root_mean	1000	8	D_to_O	CellOT	-0.45112965211115386	-0.4402685632811506	0.010861088830003073	False	False
gse162632	original8	primary	29	6	equal_eight_root_mean	1000	8	D_to_P	NC	-0.3398228156843802	-0.3398228156843802	0.0	True	True
gse162632	original8	primary	29	6	equal_eight_root_mean	1000	8	D_to_P	CM	-0.27987184711728075	-0.27987184711728075	0.0	True	True
gse162632	original8	primary	29	6	equal_eight_root_mean	1000	8	D_to_P	TW	-0.27828924309187725	-0.27828924309187725	0.0	True	True
gse162632	original8	primary	29	6	equal_eight_root_mean	1000	8	D_to_P	PCA	-0.27841628641544286	-0.27841628641544286	0.0	True	True
gse162632	original8	primary	29	6	equal_eight_root_mean	1000	8	D_to_P	RBF	-0.27861952405360446	-0.27861952405360446	0.0	True	True
gse162632	original8	primary	29	6	equal_eight_root_mean	1000	8	D_to_P	scGen	-0.4462096272458828	-0.4533824254404144	-0.007172798194531484	False	False
gse162632	original8	primary	29	6	equal_eight_root_mean	1000	8	D_to_P	CPA	-0.7138810665634227	-0.7189704558380283	-0.005089389274605688	False	False
gse162632	original8	primary	29	6	equal_eight_root_mean	1000	8	D_to_P	CellOT	-0.45112965211115386	-0.4619907409387717	-0.010861088827617773	False	False
gse162632	original8	primary	29	6	equal_eight_root_mean	1000	8	S_to_M	NC	-0.3398228156843802	-0.3398228156843802	-7.2858385991025905e-19	True	True
gse162632	original8	primary	29	6	equal_eight_root_mean	1000	8	S_to_M	CM	-0.2798718471172808	-0.27987184711728075	-1.1241008124329708e-18	True	True
gse162632	original8	primary	29	6	equal_eight_root_mean	1000	8	S_to_M	TW	-0.2782892430918773	-0.27828924309187725	-8.604228440844962e-19	True	True
gse162632	original8	primary	29	6	equal_eight_root_mean	1000	8	S_to_M	PCA	-0.27841628641544286	-0.27841628641544286	-8.81239525796218e-19	True	True
gse162632	original8	primary	29	6	equal_eight_root_mean	1000	8	S_to_M	RBF	-0.27861952405360446	-0.27861952405360446	-6.245004513516505e-19	True	True
gse162632	original8	primary	29	6	equal_eight_root_mean	1000	8	S_to_M	scGen	-0.13447911176734656	-0.13447911176984387	-2.4973030501168615e-12	False	False
gse162632	original8	primary	29	6	equal_eight_root_mean	1000	8	S_to_M	CPA	-0.4021505510704081	-0.4021505510707184	-3.101901235869065e-13	False	False
gse162632	original8	primary	29	6	equal_eight_root_mean	1000	8	S_to_M	CellOT	-0.13939913662865225	-0.1393991366305939	-1.9416427771146163e-12	False	False
gse162632	original8	primary	29	6	root_00	1000	1	D_to_O	NC	-0.34102551748717674	-0.34102551748717674	-1.6653345369377347e-18	True	True
gse162632	original8	primary	29	6	root_00	1000	1	D_to_O	CM	-0.2925706308829541	-0.2925706308829541	-1.1657341758564144e-18	True	True
gse162632	original8	primary	29	6	root_00	1000	1	D_to_O	TW	-0.28958349781164594	-0.28958349781164594	-3.3306690738754697e-19	True	True
gse162632	original8	primary	29	6	root_00	1000	1	D_to_O	PCA	-0.290224883039953	-0.290224883039953	-1.27675647831893e-18	True	True
gse162632	original8	primary	29	6	root_00	1000	1	D_to_O	RBF	-0.2904411486896899	-0.2904411486896899	-5.551115123125783e-19	True	True
gse162632	original8	primary	29	6	root_00	1000	1	D_to_O	scGen	-0.4672683034854078	-0.4594704517846481	0.007797851700759515	False	False
gse162632	original8	primary	29	6	root_00	1000	1	D_to_O	CPA	-0.7727675393385826	-0.7668534461485538	0.005914093190030228	False	False
gse162632	original8	primary	29	6	root_00	1000	1	D_to_O	CellOT	-0.47377311666045036	-0.4618801322156361	0.011892984444814493	False	False
gse162632	original8	primary	29	6	root_00	1000	1	D_to_P	NC	-0.34102551748717674	-0.34102551748717674	0.0	True	True
gse162632	original8	primary	29	6	root_00	1000	1	D_to_P	CM	-0.2925706308829541	-0.2925706308829541	0.0	True	True
gse162632	original8	primary	29	6	root_00	1000	1	D_to_P	TW	-0.28958349781164594	-0.28958349781164594	0.0	True	True
gse162632	original8	primary	29	6	root_00	1000	1	D_to_P	PCA	-0.290224883039953	-0.290224883039953	0.0	True	True
gse162632	original8	primary	29	6	root_00	1000	1	D_to_P	RBF	-0.2904411486896899	-0.2904411486896899	0.0	True	True
gse162632	original8	primary	29	6	root_00	1000	1	D_to_P	scGen	-0.4672683034854078	-0.47506615518241907	-0.007797851697010871	False	False
gse162632	original8	primary	29	6	root_00	1000	1	D_to_P	CPA	-0.7727675393385826	-0.7786816325684879	-0.005914093229905981	False	False
gse162632	original8	primary	29	6	root_00	1000	1	D_to_P	CellOT	-0.47377311666045036	-0.48566610110174696	-0.011892984441295988	False	False
gse162632	original8	primary	29	6	root_00	1000	1	S_to_M	NC	-0.34102551748717674	-0.34102551748717674	-7.771561172376096e-19	True	True
gse162632	original8	primary	29	6	root_00	1000	1	S_to_M	CM	-0.2925706308829541	-0.2925706308829541	-1.8873791418627663e-18	True	True
gse162632	original8	primary	29	6	root_00	1000	1	S_to_M	TW	-0.28958349781164594	-0.28958349781164594	3.3306690738754697e-19	True	True
gse162632	original8	primary	29	6	root_00	1000	1	S_to_M	PCA	-0.290224883039953	-0.290224883039953	-2.220446049250313e-19	True	True
gse162632	original8	primary	29	6	root_00	1000	1	S_to_M	RBF	-0.2904411486896899	-0.2904411486896899	-1.2212453270876721e-18	True	True
gse162632	original8	primary	29	6	root_00	1000	1	S_to_M	scGen	-0.14133053283081154	-0.1413305328333967	-2.5847204654372293e-12	False	False
gse162632	original8	primary	29	6	root_00	1000	1	S_to_M	CPA	-0.44682976871549634	-0.4468297686773574	3.813890636639172e-11	False	False
gse162632	original8	primary	29	6	root_00	1000	1	S_to_M	CellOT	-0.14783534600565323	-0.14783534600984416	-4.190910535273318e-12	False	False
gse162632	original8	primary	29	6	root_01	1000	1	D_to_O	NC	-0.3624718944540366	-0.3624718944540366	-7.771561172376096e-19	True	True
gse162632	original8	primary	29	6	root_01	1000	1	D_to_O	CM	-0.2679599173027739	-0.2679599173027739	-1.0547118733938987e-18	True	True
gse162632	original8	primary	29	6	root_01	1000	1	D_to_O	TW	-0.26845870247745124	-0.2684587024774512	-5.551115123125783e-19	True	True
gse162632	original8	primary	29	6	root_01	1000	1	D_to_O	PCA	-0.2670826760857811	-0.2670826760857811	-9.992007221626408e-19	True	True
gse162632	original8	primary	29	6	root_01	1000	1	D_to_O	RBF	-0.26810935741507486	-0.26810935741507486	-7.771561172376096e-19	True	True
gse162632	original8	primary	29	6	root_01	1000	1	D_to_O	scGen	-0.43174691843832175	-0.4244958348276638	0.007251083610659068	False	False
gse162632	original8	primary	29	6	root_01	1000	1	D_to_O	CPA	-0.6533074327997493	-0.6478367617924075	0.005470671007342533	False	False
gse162632	original8	primary	29	6	root_01	1000	1	D_to_O	CellOT	-0.43458876396606677	-0.42317365533858564	0.011415108627480327	False	False
gse162632	original8	primary	29	6	root_01	1000	1	D_to_P	NC	-0.3624718944540366	-0.3624718944540366	0.0	True	True
gse162632	original8	primary	29	6	root_01	1000	1	D_to_P	CM	-0.2679599173027739	-0.2679599173027739	0.0	True	True
gse162632	original8	primary	29	6	root_01	1000	1	D_to_P	TW	-0.26845870247745124	-0.26845870247745124	0.0	True	True
gse162632	original8	primary	29	6	root_01	1000	1	D_to_P	PCA	-0.2670826760857811	-0.2670826760857811	0.0	True	True
gse162632	original8	primary	29	6	root_01	1000	1	D_to_P	RBF	-0.26810935741507486	-0.26810935741507486	0.0	True	True
gse162632	original8	primary	29	6	root_01	1000	1	D_to_P	scGen	-0.43174691843832175	-0.4389980020522034	-0.007251083613880394	False	False
gse162632	original8	primary	29	6	root_01	1000	1	D_to_P	CPA	-0.6533074327997493	-0.6587781038157917	-0.005470671016041915	False	False
gse162632	original8	primary	29	6	root_01	1000	1	D_to_P	CellOT	-0.43458876396606677	-0.44600387259158825	-0.011415108625521956	False	False
gse162632	original8	primary	29	6	root_01	1000	1	S_to_M	NC	-0.3624718944540366	-0.3624718944540366	4.440892098500626e-19	True	True
gse162632	original8	primary	29	6	root_01	1000	1	S_to_M	CM	-0.2679599173027739	-0.2679599173027739	-7.216449660063517e-19	True	True
gse162632	original8	primary	29	6	root_01	1000	1	S_to_M	TW	-0.2684587024774512	-0.26845870247745124	-1.609823385706477e-18	True	True
gse162632	original8	primary	29	6	root_01	1000	1	S_to_M	PCA	-0.2670826760857811	-0.2670826760857811	-4.996003610813204e-19	True	True
gse162632	original8	primary	29	6	root_01	1000	1	S_to_M	RBF	-0.26810935741507486	-0.26810935741507486	-2.7755575615628914e-19	True	True
gse162632	original8	primary	29	6	root_01	1000	1	S_to_M	scGen	-0.12799797495933898	-0.1279979749610731	-1.7340672925358903e-12	False	False
gse162632	original8	primary	29	6	root_01	1000	1	S_to_M	CPA	-0.34955848925516875	-0.3495584892495802	5.58812207618331e-12	False	False
gse162632	original8	primary	29	6	root_01	1000	1	S_to_M	CellOT	-0.13083982046787995	-0.1308398204726185	-4.738574005402896e-12	False	False
gse162632	original8	primary	29	6	root_02	1000	1	D_to_O	NC	-0.342359951039915	-0.342359951039915	-7.771561172376096e-19	True	True
gse162632	original8	primary	29	6	root_02	1000	1	D_to_O	CM	-0.2577292390326306	-0.2577292390326306	-9.992007221626408e-19	True	True
gse162632	original8	primary	29	6	root_02	1000	1	D_to_O	TW	-0.2576457313359588	-0.2576457313359588	-6.661338147750939e-19	True	True
gse162632	original8	primary	29	6	root_02	1000	1	D_to_O	PCA	-0.25648022737643006	-0.25648022737643006	-1.8318679906315084e-18	True	True
gse162632	original8	primary	29	6	root_02	1000	1	D_to_O	RBF	-0.25748528480141747	-0.25748528480141747	-7.771561172376096e-19	True	True
gse162632	original8	primary	29	6	root_02	1000	1	D_to_O	scGen	-0.41309995637472957	-0.40524406957585923	0.007855886798869586	False	False
gse162632	original8	primary	29	6	root_02	1000	1	D_to_O	CPA	-0.6394312612119185	-0.6342483440031876	0.005182917208732166	False	False
gse162632	original8	primary	29	6	root_02	1000	1	D_to_O	CellOT	-0.4163456932992043	-0.4051547027090843	0.011190990590120556	False	False
gse162632	original8	primary	29	6	root_02	1000	1	D_to_P	NC	-0.342359951039915	-0.342359951039915	0.0	True	True
gse162632	original8	primary	29	6	root_02	1000	1	D_to_P	CM	-0.2577292390326306	-0.2577292390326306	0.0	True	True
gse162632	original8	primary	29	6	root_02	1000	1	D_to_P	TW	-0.2576457313359588	-0.2576457313359588	0.0	True	True
gse162632	original8	primary	29	6	root_02	1000	1	D_to_P	PCA	-0.25648022737643006	-0.25648022737643006	0.0	True	True
gse162632	original8	primary	29	6	root_02	1000	1	D_to_P	RBF	-0.25748528480141747	-0.25748528480141747	0.0	True	True
gse162632	original8	primary	29	6	root_02	1000	1	D_to_P	scGen	-0.41309995637472957	-0.4209558431676149	-0.007855886792885904	False	False
gse162632	original8	primary	29	6	root_02	1000	1	D_to_P	CPA	-0.6394312612119185	-0.644614178378706	-0.005182917166788081	False	False
gse162632	original8	primary	29	6	root_02	1000	1	D_to_P	CellOT	-0.4163456932992043	-0.4275366838792248	-0.0111909905800196	False	False
gse162632	original8	primary	29	6	root_02	1000	1	S_to_M	NC	-0.342359951039915	-0.342359951039915	-9.436895709313831e-19	True	True
gse162632	original8	primary	29	6	root_02	1000	1	S_to_M	CM	-0.2577292390326306	-0.2577292390326306	-7.216449660063517e-19	True	True
gse162632	original8	primary	29	6	root_02	1000	1	S_to_M	TW	-0.2576457313359588	-0.2576457313359588	-7.771561172376096e-19	True	True
gse162632	original8	primary	29	6	root_02	1000	1	S_to_M	PCA	-0.25648022737643006	-0.25648022737643006	-2.220446049250313e-19	True	True
gse162632	original8	primary	29	6	root_02	1000	1	S_to_M	RBF	-0.25748528480141747	-0.25748528480141747	-1.2212453270876721e-18	True	True
gse162632	original8	primary	29	6	root_02	1000	1	S_to_M	scGen	-0.12081832573436882	-0.12081832573576247	-1.393673648708571e-12	False	False
gse162632	original8	primary	29	6	root_02	1000	1	S_to_M	CPA	-0.34714963053699055	-0.3471496305753732	-3.838311651849224e-11	False	False
gse162632	original8	primary	29	6	root_02	1000	1	S_to_M	CellOT	-0.12406406265036488	-0.12406406265402962	-3.664885117604655e-12	False	False
gse162632	original8	primary	29	6	root_03	1000	1	D_to_O	NC	-0.3225800361445955	-0.3225800361445955	-2.0539125955565395e-18	True	True
gse162632	original8	primary	29	6	root_03	1000	1	D_to_O	CM	-0.2635368726139615	-0.2635368726139615	-1.3877787807814458e-18	True	True
gse162632	original8	primary	29	6	root_03	1000	1	D_to_O	TW	-0.26185048266419453	-0.26185048266419453	-1.0547118733938987e-18	True	True
gse162632	original8	primary	29	6	root_03	1000	1	D_to_O	PCA	-0.2624293295988094	-0.2624293295988094	-9.436895709313831e-19	True	True
gse162632	original8	primary	29	6	root_03	1000	1	D_to_O	RBF	-0.26221939400772853	-0.26221939400772853	-1.1102230246251566e-18	True	True
gse162632	original8	primary	29	6	root_03	1000	1	D_to_O	scGen	-0.41357436719595875	-0.40579383961237564	0.007780527583583013	False	False
gse162632	original8	primary	29	6	root_03	1000	1	D_to_O	CPA	-0.662010199593328	-0.6564610907122159	0.005549108881111053	False	False
gse162632	original8	primary	29	6	root_03	1000	1	D_to_O	CellOT	-0.42196308456162096	-0.4103033088010398	0.011659775760579947	False	False
gse162632	original8	primary	29	6	root_03	1000	1	D_to_P	NC	-0.3225800361445955	-0.3225800361445955	0.0	True	True
gse162632	original8	primary	29	6	root_03	1000	1	D_to_P	CM	-0.2635368726139615	-0.2635368726139615	0.0	True	True
gse162632	original8	primary	29	6	root_03	1000	1	D_to_P	TW	-0.26185048266419453	-0.26185048266419453	0.0	True	True
gse162632	original8	primary	29	6	root_03	1000	1	D_to_P	PCA	-0.2624293295988094	-0.2624293295988094	0.0	True	True
gse162632	original8	primary	29	6	root_03	1000	1	D_to_P	RBF	-0.26221939400772853	-0.26221939400772853	0.0	True	True
gse162632	original8	primary	29	6	root_03	1000	1	D_to_P	scGen	-0.41357436719595875	-0.4213548947795843	-0.007780527583625318	False	False
gse162632	original8	primary	29	6	root_03	1000	1	D_to_P	CPA	-0.662010199593328	-0.6675593084729579	-0.005549108879629541	False	False
gse162632	original8	primary	29	6	root_03	1000	1	D_to_P	CellOT	-0.42196308456162096	-0.43362286032811176	-0.011659775766491466	False	False
gse162632	original8	primary	29	6	root_03	1000	1	S_to_M	NC	-0.3225800361445955	-0.3225800361445955	-4.996003610813204e-19	True	True
gse162632	original8	primary	29	6	root_03	1000	1	S_to_M	CM	-0.2635368726139615	-0.2635368726139615	-1.0547118733938987e-18	True	True
gse162632	original8	primary	29	6	root_03	1000	1	S_to_M	TW	-0.26185048266419453	-0.26185048266419453	-8.326672684688674e-19	True	True
gse162632	original8	primary	29	6	root_03	1000	1	S_to_M	PCA	-0.2624293295988094	-0.2624293295988094	-4.996003610813204e-19	True	True
gse162632	original8	primary	29	6	root_03	1000	1	S_to_M	RBF	-0.26221939400772853	-0.26221939400772853	0.0	True	True
gse162632	original8	primary	29	6	root_03	1000	1	S_to_M	scGen	-0.12188081335001204	-0.12188081335451194	-4.499863925921943e-12	False	False
gse162632	original8	primary	29	6	root_03	1000	1	S_to_M	CPA	-0.3703166457054796	-0.3703166457042016	1.2787702563521463e-12	False	False
gse162632	original8	primary	29	6	root_03	1000	1	S_to_M	CellOT	-0.13026953072725117	-0.1302695307230465	4.204796816287271e-12	False	False
gse162632	original8	primary	29	6	root_04	1000	1	D_to_O	NC	-0.34304276418790997	-0.34304276418790997	-1.5543122344752192e-18	True	True
gse162632	original8	primary	29	6	root_04	1000	1	D_to_O	CM	-0.26682936654624684	-0.26682936654624684	-1.4432899320127034e-18	True	True
gse162632	original8	primary	29	6	root_04	1000	1	D_to_O	TW	-0.2667901914843827	-0.2667901914843827	-8.326672684688674e-19	True	True
gse162632	original8	primary	29	6	root_04	1000	1	D_to_O	PCA	-0.2655609047376281	-0.2655609047376281	-7.216449660063517e-19	True	True
gse162632	original8	primary	29	6	root_04	1000	1	D_to_O	RBF	-0.2665620504460902	-0.2665620504460902	-1.1102230246251566e-18	True	True
gse162632	original8	primary	29	6	root_04	1000	1	D_to_O	scGen	-0.42187133952481864	-0.4151799695790128	0.006691369945806401	False	False
gse162632	original8	primary	29	6	root_04	1000	1	D_to_O	CPA	-0.6666763098538665	-0.6616541319185545	0.005022177935310861	False	False
gse162632	original8	primary	29	6	root_04	1000	1	D_to_O	CellOT	-0.4274935378806191	-0.4175903776839912	0.009903160196627025	False	False
gse162632	original8	primary	29	6	root_04	1000	1	D_to_P	NC	-0.34304276418790997	-0.34304276418790997	0.0	True	True
gse162632	original8	primary	29	6	root_04	1000	1	D_to_P	CM	-0.26682936654624684	-0.26682936654624684	0.0	True	True
gse162632	original8	primary	29	6	root_04	1000	1	D_to_P	TW	-0.2667901914843827	-0.2667901914843827	0.0	True	True
gse162632	original8	primary	29	6	root_04	1000	1	D_to_P	PCA	-0.2655609047376281	-0.2655609047376281	0.0	True	True
gse162632	original8	primary	29	6	root_04	1000	1	D_to_P	RBF	-0.2665620504460902	-0.2665620504460902	0.0	True	True
gse162632	original8	primary	29	6	root_04	1000	1	D_to_P	scGen	-0.42187133952481864	-0.42856270947750535	-0.006691369952686768	False	False
gse162632	original8	primary	29	6	root_04	1000	1	D_to_P	CPA	-0.6666763098538665	-0.6716984878086596	-0.005022177954793324	False	False
gse162632	original8	primary	29	6	root_04	1000	1	D_to_P	CellOT	-0.4274935378806191	-0.4373966980906608	-0.009903160210042249	False	False
gse162632	original8	primary	29	6	root_04	1000	1	S_to_M	NC	-0.34304276418790997	-0.34304276418790997	-4.996003610813204e-19	True	True
gse162632	original8	primary	29	6	root_04	1000	1	S_to_M	CM	-0.26682936654624684	-0.26682936654624684	-1.6653345369377347e-18	True	True
gse162632	original8	primary	29	6	root_04	1000	1	S_to_M	TW	-0.2667901914843827	-0.2667901914843827	-1.942890293094024e-18	True	True
gse162632	original8	primary	29	6	root_04	1000	1	S_to_M	PCA	-0.2655609047376281	-0.2655609047376281	-6.661338147750939e-19	True	True
gse162632	original8	primary	29	6	root_04	1000	1	S_to_M	RBF	-0.2665620504460902	-0.2665620504460902	4.440892098500626e-19	True	True
gse162632	original8	primary	29	6	root_04	1000	1	S_to_M	scGen	-0.12293827144613459	-0.12293827144541347	7.211072572399502e-13	False	False
gse162632	original8	primary	29	6	root_04	1000	1	S_to_M	CPA	-0.3677432417626444	-0.3677432417451219	1.7522067907727036e-11	False	False
gse162632	original8	primary	29	6	root_04	1000	1	S_to_M	CellOT	-0.1285604698086076	-0.12856046980016006	8.447523014432079e-12	False	False
gse162632	original8	primary	29	6	root_05	1000	1	D_to_O	NC	-0.342475476055104	-0.342475476055104	-9.992007221626408e-19	True	True
gse162632	original8	primary	29	6	root_05	1000	1	D_to_O	CM	-0.27984274678354676	-0.27984274678354676	-1.4988010832439613e-18	True	True
gse162632	original8	primary	29	6	root_05	1000	1	D_to_O	TW	-0.2778160365156841	-0.2778160365156841	3.3306690738754697e-19	True	True
gse162632	original8	primary	29	6	root_05	1000	1	D_to_O	PCA	-0.27862762381132294	-0.27862762381132294	-8.326672684688674e-19	True	True
gse162632	original8	primary	29	6	root_05	1000	1	D_to_O	RBF	-0.2783497957111473	-0.2783497957111473	-1.8318679906315084e-18	True	True
gse162632	original8	primary	29	6	root_05	1000	1	D_to_O	scGen	-0.45107124356073053	-0.4443854834924654	0.006685760068264673	False	False
gse162632	original8	primary	29	6	root_05	1000	1	D_to_O	CPA	-0.7174995295253686	-0.7128466389377829	0.004652890587584217	False	False
gse162632	original8	primary	29	6	root_05	1000	1	D_to_O	CellOT	-0.45685690916265864	-0.4469487148448611	0.009908194317797929	False	False
gse162632	original8	primary	29	6	root_05	1000	1	D_to_P	NC	-0.342475476055104	-0.342475476055104	0.0	True	True
gse162632	original8	primary	29	6	root_05	1000	1	D_to_P	CM	-0.27984274678354676	-0.27984274678354676	0.0	True	True
gse162632	original8	primary	29	6	root_05	1000	1	D_to_P	TW	-0.2778160365156841	-0.2778160365156841	0.0	True	True
gse162632	original8	primary	29	6	root_05	1000	1	D_to_P	PCA	-0.27862762381132294	-0.27862762381132294	0.0	True	True
gse162632	original8	primary	29	6	root_05	1000	1	D_to_P	RBF	-0.2783497957111473	-0.2783497957111473	0.0	True	True
gse162632	original8	primary	29	6	root_05	1000	1	D_to_P	scGen	-0.45107124356073053	-0.457757003630036	-0.006685760069305485	False	False
gse162632	original8	primary	29	6	root_05	1000	1	D_to_P	CPA	-0.7174995295253686	-0.7221524201044149	-0.004652890579046466	False	False
gse162632	original8	primary	29	6	root_05	1000	1	D_to_P	CellOT	-0.45685690916265864	-0.46676510348014766	-0.00990819431748819	False	False
gse162632	original8	primary	29	6	root_05	1000	1	S_to_M	NC	-0.342475476055104	-0.342475476055104	-6.661338147750939e-19	True	True
gse162632	original8	primary	29	6	root_05	1000	1	S_to_M	CM	-0.27984274678354676	-0.27984274678354676	1.1102230246251566e-19	True	True
gse162632	original8	primary	29	6	root_05	1000	1	S_to_M	TW	-0.2778160365156841	-0.2778160365156841	-1.7208456881689926e-18	True	True
gse162632	original8	primary	29	6	root_05	1000	1	S_to_M	PCA	-0.27862762381132294	-0.27862762381132294	-1.4432899320127034e-18	True	True
gse162632	original8	primary	29	6	root_05	1000	1	S_to_M	RBF	-0.2783497957111473	-0.2783497957111473	-1.3877787807814458e-18	True	True
gse162632	original8	primary	29	6	root_05	1000	1	S_to_M	scGen	-0.13216379981126453	-0.132163799812796	-1.5317748736087822e-12	False	False
gse162632	original8	primary	29	6	root_05	1000	1	S_to_M	CPA	-0.39859208577147187	-0.398592085780912	-9.439703241298503e-12	False	False
gse162632	original8	primary	29	6	root_05	1000	1	S_to_M	CellOT	-0.137949465412704	-0.137949465416518	-3.8141761693477606e-12	False	False
gse162632	original8	primary	29	6	root_06	1000	1	D_to_O	NC	-0.3187756454479282	-0.3187756454479282	-8.881784197001253e-19	True	True
gse162632	original8	primary	29	6	root_06	1000	1	D_to_O	CM	-0.3253928809500873	-0.3253928809500873	-3.885780586188048e-19	True	True
gse162632	original8	primary	29	6	root_06	1000	1	D_to_O	TW	-0.31959808851493154	-0.31959808851493154	-1.1657341758564144e-18	True	True
gse162632	original8	primary	29	6	root_06	1000	1	D_to_O	PCA	-0.32323404840545955	-0.32323404840545955	-4.996003610813204e-19	True	True
gse162632	original8	primary	29	6	root_06	1000	1	D_to_O	RBF	-0.32132337290496954	-0.32132337290496954	-1.2212453270876721e-18	True	True
gse162632	original8	primary	29	6	root_06	1000	1	D_to_O	scGen	-0.5229118622146595	-0.5165664155844192	0.006345446630239536	False	False
gse162632	original8	primary	29	6	root_06	1000	1	D_to_O	CPA	-0.8552675712032161	-0.851031274126203	0.004236297077012125	False	False
gse162632	original8	primary	29	6	root_06	1000	1	D_to_O	CellOT	-0.5233115305005585	-0.5134837711428122	0.009827759357746275	False	False
gse162632	original8	primary	29	6	root_06	1000	1	D_to_P	NC	-0.3187756454479282	-0.3187756454479282	0.0	True	True
gse162632	original8	primary	29	6	root_06	1000	1	D_to_P	CM	-0.3253928809500873	-0.3253928809500873	0.0	True	True
gse162632	original8	primary	29	6	root_06	1000	1	D_to_P	TW	-0.31959808851493154	-0.31959808851493154	0.0	True	True
gse162632	original8	primary	29	6	root_06	1000	1	D_to_P	PCA	-0.32323404840545955	-0.32323404840545955	0.0	True	True
gse162632	original8	primary	29	6	root_06	1000	1	D_to_P	RBF	-0.32132337290496954	-0.32132337290496954	0.0	True	True
gse162632	original8	primary	29	6	root_06	1000	1	D_to_P	scGen	-0.5229118622146595	-0.5292573088459673	-0.006345446631308737	False	False
gse162632	original8	primary	29	6	root_06	1000	1	D_to_P	CPA	-0.8552675712032161	-0.8595038682843192	-0.0042362970811035796	False	False
gse162632	original8	primary	29	6	root_06	1000	1	D_to_P	CellOT	-0.5233115305005585	-0.5331392898475887	-0.009827759347029974	False	False
gse162632	original8	primary	29	6	root_06	1000	1	S_to_M	NC	-0.31877564544792814	-0.3187756454479282	-1.4988010832439613e-18	True	True
gse162632	original8	primary	29	6	root_06	1000	1	S_to_M	CM	-0.32539288095008734	-0.3253928809500873	-2.0539125955565395e-18	True	True
gse162632	original8	primary	29	6	root_06	1000	1	S_to_M	TW	-0.31959808851493154	-0.31959808851493154	2.7755575615628914e-19	True	True
gse162632	original8	primary	29	6	root_06	1000	1	S_to_M	PCA	-0.3232340484054596	-0.32323404840545955	-2.886579864025407e-18	True	True
gse162632	original8	primary	29	6	root_06	1000	1	S_to_M	RBF	-0.32132337290496954	-0.32132337290496954	-6.106226635438361e-19	True	True
gse162632	original8	primary	29	6	root_06	1000	1	S_to_M	scGen	-0.17797315090623872	-0.1779731509105998	-4.36131558645414e-12	False	False
gse162632	original8	primary	29	6	root_06	1000	1	S_to_M	CPA	-0.5103288599412523	-0.5103288599287935	1.2459305032130885e-11	False	False
gse162632	original8	primary	29	6	root_06	1000	1	S_to_M	CellOT	-0.17837281917544476	-0.17837281918244088	-6.996125290203992e-12	False	False
gse162632	original8	primary	29	6	root_07	1000	1	D_to_O	NC	-0.3458512406583756	-0.3458512406583756	-1.2212453270876721e-18	True	True
gse162632	original8	primary	29	6	root_07	1000	1	D_to_O	CM	-0.2851131228260453	-0.2851131228260453	-6.661338147750939e-19	True	True
gse162632	original8	primary	29	6	root_07	1000	1	D_to_O	TW	-0.2845712139307694	-0.2845712139307694	-1.0547118733938987e-18	True	True
gse162632	original8	primary	29	6	root_07	1000	1	D_to_O	PCA	-0.2836905982681586	-0.2836905982681586	-8.881784197001253e-19	True	True
gse162632	original8	primary	29	6	root_07	1000	1	D_to_O	RBF	-0.2844657884527175	-0.2844657884527175	-1.3322676295501879e-18	True	True
gse162632	original8	primary	29	6	root_07	1000	1	D_to_O	scGen	-0.4481330271724363	-0.4411585679554351	0.006974459217000798	False	False
gse162632	original8	primary	29	6	root_07	1000	1	D_to_O	CPA	-0.7440886889813528	-0.7394017306626701	0.00468695831868293	False	False
gse162632	original8	primary	29	6	root_07	1000	1	D_to_O	CellOT	-0.454704580858052	-0.4436138435131945	0.011090737344858034	False	False
gse162632	original8	primary	29	6	root_07	1000	1	D_to_P	NC	-0.3458512406583756	-0.3458512406583756	0.0	True	True
gse162632	original8	primary	29	6	root_07	1000	1	D_to_P	CM	-0.2851131228260453	-0.2851131228260453	0.0	True	True
gse162632	original8	primary	29	6	root_07	1000	1	D_to_P	TW	-0.2845712139307694	-0.2845712139307694	0.0	True	True
gse162632	original8	primary	29	6	root_07	1000	1	D_to_P	PCA	-0.2836905982681586	-0.2836905982681586	0.0	True	True
gse162632	original8	primary	29	6	root_07	1000	1	D_to_P	RBF	-0.2844657884527175	-0.2844657884527175	0.0	True	True
gse162632	original8	primary	29	6	root_07	1000	1	D_to_P	scGen	-0.4481330271724363	-0.4551074863879844	-0.0069744592155484	False	False
gse162632	original8	primary	29	6	root_07	1000	1	D_to_P	CPA	-0.7440886889813528	-0.7487756472708892	-0.0046869582895366175	False	False
gse162632	original8	primary	29	6	root_07	1000	1	D_to_P	CellOT	-0.454704580858052	-0.46579531819110476	-0.011090737333052757	False	False
gse162632	original8	primary	29	6	root_07	1000	1	S_to_M	NC	-0.3458512406583756	-0.3458512406583756	-1.3877787807814458e-18	True	True
gse162632	original8	primary	29	6	root_07	1000	1	S_to_M	CM	-0.2851131228260453	-0.2851131228260453	-9.992007221626408e-19	True	True
gse162632	original8	primary	29	6	root_07	1000	1	S_to_M	TW	-0.28457121393076945	-0.2845712139307694	-6.106226635438361e-19	True	True
gse162632	original8	primary	29	6	root_07	1000	1	S_to_M	PCA	-0.2836905982681586	-0.2836905982681586	-6.106226635438361e-19	True	True
gse162632	original8	primary	29	6	root_07	1000	1	S_to_M	RBF	-0.2844657884527175	-0.2844657884527175	-7.216449660063517e-19	True	True
gse162632	original8	primary	29	6	root_07	1000	1	S_to_M	scGen	-0.13073002510060333	-0.1307300251051974	-4.594115865508286e-12	False	False
gse162632	original8	primary	29	6	root_07	1000	1	S_to_M	CPA	-0.42668568687476066	-0.42668568690440745	-2.96458728676896e-11	False	False
gse162632	original8	primary	29	6	root_07	1000	1	S_to_M	CellOT	-0.1373015787813123	-0.13730157878609336	-4.780790929803658e-12	False	False
gse162632	original8	primary	29	8	equal_eight_root_mean	1000	8	D_to_O	NC	-0.30087629623050133	-0.30087629623050133	-8.881784197001253e-19	True	True
gse162632	original8	primary	29	8	equal_eight_root_mean	1000	8	D_to_O	CM	-0.2409216976488369	-0.24092169764883686	-1.8145207558717403e-18	True	True
gse162632	original8	primary	29	8	equal_eight_root_mean	1000	8	D_to_O	TW	-0.23934065533389823	-0.23934065533389823	-1.800642968063926e-18	True	True
gse162632	original8	primary	29	8	equal_eight_root_mean	1000	8	D_to_O	PCA	-0.23946557208130068	-0.23946557208130068	-1.85268467234323e-18	True	True
gse162632	original8	primary	29	8	equal_eight_root_mean	1000	8	D_to_O	RBF	-0.23967029669384507	-0.23967029669384507	-1.27675647831893e-18	True	True
gse162632	original8	primary	29	8	equal_eight_root_mean	1000	8	D_to_O	scGen	-0.3673486747195153	-0.36194511156341247	0.005403563156102418	False	False
gse162632	original8	primary	29	8	equal_eight_root_mean	1000	8	D_to_O	CPA	-0.6344897194183392	-0.630656557282552	0.0038331621357875004	False	False
gse162632	original8	primary	29	8	equal_eight_root_mean	1000	8	D_to_O	CellOT	-0.37144679469941116	-0.36327448060433165	0.008172314095079389	False	False
gse162632	original8	primary	29	8	equal_eight_root_mean	1000	8	D_to_P	NC	-0.30087629623050133	-0.30087629623050133	0.0	True	True
gse162632	original8	primary	29	8	equal_eight_root_mean	1000	8	D_to_P	CM	-0.2409216976488369	-0.2409216976488369	0.0	True	True
gse162632	original8	primary	29	8	equal_eight_root_mean	1000	8	D_to_P	TW	-0.23934065533389823	-0.23934065533389823	0.0	True	True
gse162632	original8	primary	29	8	equal_eight_root_mean	1000	8	D_to_P	PCA	-0.23946557208130068	-0.23946557208130068	0.0	True	True
gse162632	original8	primary	29	8	equal_eight_root_mean	1000	8	D_to_P	RBF	-0.23967029669384507	-0.23967029669384507	0.0	True	True
gse162632	original8	primary	29	8	equal_eight_root_mean	1000	8	D_to_P	scGen	-0.3673486747195153	-0.3727522378754362	-0.005403563155921141	False	False
gse162632	original8	primary	29	8	equal_eight_root_mean	1000	8	D_to_P	CPA	-0.6344897194183392	-0.63832288155321	-0.003833162134870495	False	False
gse162632	original8	primary	29	8	equal_eight_root_mean	1000	8	D_to_P	CellOT	-0.37144679469941116	-0.3796191087933899	-0.008172314093979099	False	False
gse162632	original8	primary	29	8	equal_eight_root_mean	1000	8	S_to_M	NC	-0.30087629623050133	-0.30087629623050133	-8.881784197001253e-19	True	True
gse162632	original8	primary	29	8	equal_eight_root_mean	1000	8	S_to_M	CM	-0.2409216976488369	-0.2409216976488369	5.877243136609422e-18	True	True
gse162632	original8	primary	29	8	equal_eight_root_mean	1000	8	S_to_M	TW	-0.23934065533389823	-0.23934065533389823	6.109696082390315e-18	True	True
gse162632	original8	primary	29	8	equal_eight_root_mean	1000	8	S_to_M	PCA	-0.23946557208130068	-0.23946557208130068	6.227657278756737e-18	True	True
gse162632	original8	primary	29	8	equal_eight_root_mean	1000	8	S_to_M	RBF	-0.23967029669384507	-0.23967029669384507	5.7419347054832316e-18	True	True
gse162632	original8	primary	29	8	equal_eight_root_mean	1000	8	S_to_M	scGen	-0.13351280018399805	-0.13351280018383543	1.6271899452857672e-13	False	False
gse162632	original8	primary	29	8	equal_eight_root_mean	1000	8	S_to_M	CPA	-0.4006538448891588	-0.40065384489211653	-2.957738359787854e-12	False	False
gse162632	original8	primary	29	8	equal_eight_root_mean	1000	8	S_to_M	CellOT	-0.1376109201654781	-0.137610920166541	-1.0628877691182257e-12	False	False
gse162632	original8	primary	29	8	root_00	1000	1	D_to_O	NC	-0.3003647506436976	-0.3003647506436976	-8.881784197001253e-19	True	True
gse162632	original8	primary	29	8	root_00	1000	1	D_to_O	CM	-0.2518870662751627	-0.2518870662751627	-1.304512053934559e-18	True	True
gse162632	original8	primary	29	8	root_00	1000	1	D_to_O	TW	-0.24890083088933948	-0.24890083088933948	-2.275957200481571e-18	True	True
gse162632	original8	primary	29	8	root_00	1000	1	D_to_O	PCA	-0.24954353596233075	-0.24954353596233075	-1.6653345369377347e-18	True	True
gse162632	original8	primary	29	8	root_00	1000	1	D_to_O	RBF	-0.24975823453442642	-0.24975823453442642	-1.1657341758564144e-18	True	True
gse162632	original8	primary	29	8	root_00	1000	1	D_to_O	scGen	-0.3849326343562674	-0.3790181111802648	0.0059145231760020355	False	False
gse162632	original8	primary	29	8	root_00	1000	1	D_to_O	CPA	-0.689997138729	-0.6855041379403828	0.004493000788618134	False	False
gse162632	original8	primary	29	8	root_00	1000	1	D_to_O	CellOT	-0.39053859571751615	-0.3815531437020528	0.008985452015463342	False	False
gse162632	original8	primary	29	8	root_00	1000	1	D_to_P	NC	-0.3003647506436976	-0.3003647506436976	0.0	True	True
gse162632	original8	primary	29	8	root_00	1000	1	D_to_P	CM	-0.2518870662751627	-0.2518870662751627	0.0	True	True
gse162632	original8	primary	29	8	root_00	1000	1	D_to_P	TW	-0.24890083088933948	-0.24890083088933948	0.0	True	True
gse162632	original8	primary	29	8	root_00	1000	1	D_to_P	PCA	-0.24954353596233075	-0.24954353596233075	0.0	True	True
gse162632	original8	primary	29	8	root_00	1000	1	D_to_P	RBF	-0.24975823453442642	-0.24975823453442642	0.0	True	True
gse162632	original8	primary	29	8	root_00	1000	1	D_to_P	scGen	-0.3849326343562674	-0.39084715753550003	-0.005914523179232521	False	False
gse162632	original8	primary	29	8	root_00	1000	1	D_to_P	CPA	-0.689997138729	-0.6944901395309074	-0.004493000801907274	False	False
gse162632	original8	primary	29	8	root_00	1000	1	D_to_P	CellOT	-0.39053859571751615	-0.39952404772834077	-0.008985452010824659	False	False
gse162632	original8	primary	29	8	root_00	1000	1	S_to_M	NC	-0.3003647506436976	-0.3003647506436976	-1.4988010832439613e-18	True	True
gse162632	original8	primary	29	8	root_00	1000	1	S_to_M	CM	-0.2518870662751627	-0.2518870662751627	-1.942890293094024e-19	True	True
gse162632	original8	primary	29	8	root_00	1000	1	S_to_M	TW	-0.24890083088933948	-0.24890083088933948	3.0808688933348094e-18	True	True
gse162632	original8	primary	29	8	root_00	1000	1	S_to_M	PCA	-0.24954353596233075	-0.24954353596233075	2.55351295663786e-18	True	True
gse162632	original8	primary	29	8	root_00	1000	1	S_to_M	RBF	-0.24975823453442642	-0.24975823453442642	1.8596235662471373e-18	True	True
gse162632	original8	primary	29	8	root_00	1000	1	S_to_M	scGen	-0.14030626737763086	-0.14030626737758684	4.41200409539988e-14	False	False
gse162632	original8	primary	29	8	root_00	1000	1	S_to_M	CPA	-0.4453707717427491	-0.4453707717316729	1.107602215499881e-11	False	False
gse162632	original8	primary	29	8	root_00	1000	1	S_to_M	CellOT	-0.14591222873920956	-0.14591222874267354	-3.46373135728939e-12	False	False
gse162632	original8	primary	29	8	root_01	1000	1	D_to_O	NC	-0.3246196933953161	-0.3246196933953161	-6.661338147750939e-19	True	True
gse162632	original8	primary	29	8	root_01	1000	1	D_to_O	CM	-0.23007648480075216	-0.23007648480075216	-2.3037127760972e-18	True	True
gse162632	original8	primary	29	8	root_01	1000	1	D_to_O	TW	-0.2305769263653219	-0.2305769263653219	-2.192690473634684e-18	True	True
gse162632	original8	primary	29	8	root_01	1000	1	D_to_O	PCA	-0.22920030357008844	-0.22920030357008844	-1.9706458687096527e-18	True	True
gse162632	original8	primary	29	8	root_01	1000	1	D_to_O	RBF	-0.23022706212232996	-0.23022706212232996	-1.6930901125533637e-18	True	True
gse162632	original8	primary	29	8	root_01	1000	1	D_to_O	scGen	-0.3548040742074242	-0.34930367779051197	0.005500396416911727	False	False
gse162632	original8	primary	29	8	root_01	1000	1	D_to_O	CPA	-0.5757625464065333	-0.5716280068915927	0.004134539514941101	False	False
gse162632	original8	primary	29	8	root_01	1000	1	D_to_O	CellOT	-0.35675972162289155	-0.34810537758505006	0.00865434403784056	False	False
gse162632	original8	primary	29	8	root_01	1000	1	D_to_P	NC	-0.3246196933953161	-0.3246196933953161	0.0	True	True
gse162632	original8	primary	29	8	root_01	1000	1	D_to_P	CM	-0.23007648480075216	-0.23007648480075216	0.0	True	True
gse162632	original8	primary	29	8	root_01	1000	1	D_to_P	TW	-0.2305769263653219	-0.2305769263653219	0.0	True	True
gse162632	original8	primary	29	8	root_01	1000	1	D_to_P	PCA	-0.22920030357008844	-0.22920030357008844	0.0	True	True
gse162632	original8	primary	29	8	root_01	1000	1	D_to_P	RBF	-0.23022706212232996	-0.23022706212232996	0.0	True	True
gse162632	original8	primary	29	8	root_01	1000	1	D_to_P	scGen	-0.3548040742074242	-0.36030447062536664	-0.005500396417941769	False	False
gse162632	original8	primary	29	8	root_01	1000	1	D_to_P	CPA	-0.5757625464065333	-0.5798970859192413	-0.0041345395127077855	False	False
gse162632	original8	primary	29	8	root_01	1000	1	D_to_P	CellOT	-0.35675972162289155	-0.36541406566522877	-0.008654344042338044	False	False
gse162632	original8	primary	29	8	root_01	1000	1	S_to_M	NC	-0.3246196933953161	-0.3246196933953161	-1.1102230246251566e-18	True	True
gse162632	original8	primary	29	8	root_01	1000	1	S_to_M	CM	-0.23007648480075216	-0.23007648480075216	8.93729534823251e-18	True	True
gse162632	original8	primary	29	8	root_01	1000	1	S_to_M	TW	-0.2305769263653219	-0.2305769263653219	8.715250743307479e-18	True	True
gse162632	original8	primary	29	8	root_01	1000	1	S_to_M	PCA	-0.22920030357008844	-0.22920030357008844	7.771561172376097e-18	True	True
gse162632	original8	primary	29	8	root_01	1000	1	S_to_M	RBF	-0.23022706212233	-0.23022706212232996	8.715250743307479e-18	True	True
gse162632	original8	primary	29	8	root_01	1000	1	S_to_M	scGen	-0.12701143214172206	-0.1270114321406364	1.0858064447560879e-12	False	False
gse162632	original8	primary	29	8	root_01	1000	1	S_to_M	CPA	-0.3479699043760745	-0.34796990437915487	-3.0799286454552542e-12	False	False
gse162632	original8	primary	29	8	root_01	1000	1	S_to_M	CellOT	-0.12896707956455888	-0.12896707955969652	4.862065805522065e-12	False	False
gse162632	original8	primary	29	8	root_02	1000	1	D_to_O	NC	-0.3057557804442885	-0.3057557804442885	-1.1102230246251566e-18	True	True
gse162632	original8	primary	29	8	root_02	1000	1	D_to_O	CM	-0.22111291997220778	-0.22111291997220778	-1.6930901125533637e-18	True	True
gse162632	original8	primary	29	8	root_02	1000	1	D_to_O	TW	-0.22103264331060982	-0.22103264331060982	-1.3600232051658168e-18	True	True
gse162632	original8	primary	29	8	root_02	1000	1	D_to_O	PCA	-0.21986510447041005	-0.21986510447041005	-1.7763568394002505e-18	True	True
gse162632	original8	primary	29	8	root_02	1000	1	D_to_O	RBF	-0.2208709004661634	-0.2208709004661634	-9.159339953157542e-19	True	True
gse162632	original8	primary	29	8	root_02	1000	1	D_to_O	scGen	-0.33885445459682745	-0.33290160059098334	0.005952854005844279	False	False
gse162632	original8	primary	29	8	root_02	1000	1	D_to_O	CPA	-0.5648469859596422	-0.5609370302918164	0.003909955667826288	False	False
gse162632	original8	primary	29	8	root_02	1000	1	D_to_O	CellOT	-0.34140041725943954	-0.3329600451981444	0.008440372061295352	False	False
gse162632	original8	primary	29	8	root_02	1000	1	D_to_P	NC	-0.3057557804442885	-0.3057557804442885	0.0	True	True
gse162632	original8	primary	29	8	root_02	1000	1	D_to_P	CM	-0.22111291997220778	-0.22111291997220778	0.0	True	True
gse162632	original8	primary	29	8	root_02	1000	1	D_to_P	TW	-0.22103264331060982	-0.22103264331060982	0.0	True	True
gse162632	original8	primary	29	8	root_02	1000	1	D_to_P	PCA	-0.21986510447041005	-0.21986510447041005	0.0	True	True
gse162632	original8	primary	29	8	root_02	1000	1	D_to_P	RBF	-0.2208709004661634	-0.2208709004661634	0.0	True	True
gse162632	original8	primary	29	8	root_02	1000	1	D_to_P	scGen	-0.33885445459682745	-0.34480730859478415	-0.005952853997957158	False	False
gse162632	original8	primary	29	8	root_02	1000	1	D_to_P	CPA	-0.5648469859596422	-0.5687569416319367	-0.003909955672293003	False	False
gse162632	original8	primary	29	8	root_02	1000	1	D_to_P	CellOT	-0.34140041725943954	-0.34984078931599016	-0.008440372056550526	False	False
gse162632	original8	primary	29	8	root_02	1000	1	S_to_M	NC	-0.3057557804442886	-0.3057557804442885	-1.0547118733938987e-18	True	True
gse162632	original8	primary	29	8	root_02	1000	1	S_to_M	CM	-0.22111291997220778	-0.22111291997220778	7.827072323607353e-18	True	True
gse162632	original8	primary	29	8	root_02	1000	1	S_to_M	TW	-0.22103264331060982	-0.22103264331060982	7.382983113757291e-18	True	True
gse162632	original8	primary	29	8	root_02	1000	1	S_to_M	PCA	-0.2198651044704101	-0.21986510447041005	8.132383655379271e-18	True	True
gse162632	original8	primary	29	8	root_02	1000	1	S_to_M	RBF	-0.2208709004661634	-0.2208709004661634	5.8564264548977006e-18	True	True
gse162632	original8	primary	29	8	root_02	1000	1	S_to_M	scGen	-0.1197147996157194	-0.11971479961803068	-2.3112696756477647e-12	False	False
gse162632	original8	primary	29	8	root_02	1000	1	S_to_M	CPA	-0.34570733106700946	-0.34570733106494955	2.0596427896535376e-12	False	False
gse162632	original8	primary	29	8	root_02	1000	1	S_to_M	CellOT	-0.12226076227945297	-0.12226076228325469	-3.80180857628698e-12	False	False
gse162632	original8	primary	29	8	root_03	1000	1	D_to_O	NC	-0.2861264156785637	-0.2861264156785637	-1.1102230246251566e-19	True	True
gse162632	original8	primary	29	8	root_03	1000	1	D_to_O	CM	-0.22704278981602755	-0.22704278981602755	-2.4147350785597153e-18	True	True
gse162632	original8	primary	29	8	root_03	1000	1	D_to_O	TW	-0.22535628716301082	-0.22535628716301082	-9.159339953157542e-19	True	True
gse162632	original8	primary	29	8	root_03	1000	1	D_to_O	PCA	-0.22593730247801924	-0.22593730247801927	-2.3037127760972e-18	True	True
gse162632	original8	primary	29	8	root_03	1000	1	D_to_O	RBF	-0.22572548143742396	-0.22572548143742396	-1.8318679906315084e-18	True	True
gse162632	original8	primary	29	8	root_03	1000	1	D_to_O	scGen	-0.33959021316080573	-0.3337832988538163	0.005806914306987914	False	False
gse162632	original8	primary	29	8	root_03	1000	1	D_to_O	CPA	-0.5874757286765417	-0.5833344274345361	0.004141301242006454	False	False
gse162632	original8	primary	29	8	root_03	1000	1	D_to_O	CellOT	-0.3470124566255653	-0.33832652163431365	0.008685934991251422	False	False
gse162632	original8	primary	29	8	root_03	1000	1	D_to_P	NC	-0.2861264156785637	-0.2861264156785637	0.0	True	True
gse162632	original8	primary	29	8	root_03	1000	1	D_to_P	CM	-0.22704278981602755	-0.22704278981602755	0.0	True	True
gse162632	original8	primary	29	8	root_03	1000	1	D_to_P	TW	-0.22535628716301082	-0.22535628716301082	0.0	True	True
gse162632	original8	primary	29	8	root_03	1000	1	D_to_P	PCA	-0.22593730247801924	-0.22593730247801924	0.0	True	True
gse162632	original8	primary	29	8	root_03	1000	1	D_to_P	RBF	-0.22572548143742396	-0.22572548143742396	0.0	True	True
gse162632	original8	primary	29	8	root_03	1000	1	D_to_P	scGen	-0.33959021316080573	-0.34539712746476336	-0.005806914303958233	False	False
gse162632	original8	primary	29	8	root_03	1000	1	D_to_P	CPA	-0.5874757286765417	-0.5916170299299186	-0.004141301253376808	False	False
gse162632	original8	primary	29	8	root_03	1000	1	D_to_P	CellOT	-0.3470124566255653	-0.355698391617025	-0.008685934991459735	False	False
gse162632	original8	primary	29	8	root_03	1000	1	S_to_M	NC	-0.2861264156785637	-0.2861264156785637	-9.992007221626408e-19	True	True
gse162632	original8	primary	29	8	root_03	1000	1	S_to_M	CM	-0.22704278981602755	-0.22704278981602755	8.271161533457416e-18	True	True
gse162632	original8	primary	29	8	root_03	1000	1	S_to_M	TW	-0.22535628716301082	-0.22535628716301082	7.216449660063518e-18	True	True
gse162632	original8	primary	29	8	root_03	1000	1	S_to_M	PCA	-0.22593730247801927	-0.22593730247801924	8.298917109073045e-18	True	True
gse162632	original8	primary	29	8	root_03	1000	1	S_to_M	RBF	-0.22572548143742396	-0.22572548143742396	7.91033905045424e-18	True	True
gse162632	original8	primary	29	8	root_03	1000	1	S_to_M	scGen	-0.12086807804028907	-0.12086807803996849	3.2062502652863146e-13	False	False
gse162632	original8	primary	29	8	root_03	1000	1	S_to_M	CPA	-0.3687535935844915	-0.36875359357821846	6.273348951424395e-12	False	False
gse162632	original8	primary	29	8	root_03	1000	1	S_to_M	CellOT	-0.1282903215091928	-0.12829032150815448	1.0382493476068788e-12	False	False
gse162632	original8	primary	29	8	root_04	1000	1	D_to_O	NC	-0.3057407653779721	-0.3057407653779722	-9.436895709313831e-19	True	True
gse162632	original8	primary	29	8	root_04	1000	1	D_to_O	CM	-0.22958436798727275	-0.22958436798727275	-1.4988010832439613e-18	True	True
gse162632	original8	primary	29	8	root_04	1000	1	D_to_O	TW	-0.22954004232602304	-0.22954004232602304	-2.6645352591003758e-18	True	True
gse162632	original8	primary	29	8	root_04	1000	1	D_to_O	PCA	-0.22830784489620817	-0.22830784489620817	-1.9984014443252816e-18	True	True
gse162632	original8	primary	29	8	root_04	1000	1	D_to_O	RBF	-0.22931374892894185	-0.22931374892894188	-1.4155343563970745e-18	True	True
gse162632	original8	primary	29	8	root_04	1000	1	D_to_O	scGen	-0.3464298177055031	-0.34136763859916225	0.005062179106340651	False	False
gse162632	original8	primary	29	8	root_04	1000	1	D_to_O	CPA	-0.5906614112028398	-0.5868536322028903	0.003807778999949723	False	False
gse162632	original8	primary	29	8	root_04	1000	1	D_to_O	CellOT	-0.3513054870534419	-0.34382148549908276	0.007484001554359388	False	False
gse162632	original8	primary	29	8	root_04	1000	1	D_to_P	NC	-0.3057407653779721	-0.3057407653779721	0.0	True	True
gse162632	original8	primary	29	8	root_04	1000	1	D_to_P	CM	-0.22958436798727275	-0.22958436798727275	0.0	True	True
gse162632	original8	primary	29	8	root_04	1000	1	D_to_P	TW	-0.22954004232602304	-0.22954004232602304	0.0	True	True
gse162632	original8	primary	29	8	root_04	1000	1	D_to_P	PCA	-0.22830784489620817	-0.22830784489620817	0.0	True	True
gse162632	original8	primary	29	8	root_04	1000	1	D_to_P	RBF	-0.22931374892894185	-0.22931374892894185	0.0	True	True
gse162632	original8	primary	29	8	root_04	1000	1	D_to_P	scGen	-0.3464298177055031	-0.35149199680924587	-0.0050621791037431035	False	False
gse162632	original8	primary	29	8	root_04	1000	1	D_to_P	CPA	-0.5906614112028398	-0.5944691901954028	-0.0038077789925625135	False	False
gse162632	original8	primary	29	8	root_04	1000	1	D_to_P	CellOT	-0.3513054870534419	-0.3587894886010838	-0.00748400154764303	False	False
gse162632	original8	primary	29	8	root_04	1000	1	S_to_M	NC	-0.3057407653779721	-0.3057407653779721	-1.609823385706477e-18	True	True
gse162632	original8	primary	29	8	root_04	1000	1	S_to_M	CM	-0.22958436798727275	-0.22958436798727275	7.993605777301126e-18	True	True
gse162632	original8	primary	29	8	root_04	1000	1	S_to_M	TW	-0.22954004232602304	-0.22954004232602304	7.993605777301126e-18	True	True
gse162632	original8	primary	29	8	root_04	1000	1	S_to_M	PCA	-0.22830784489620817	-0.22830784489620817	8.076872504148013e-18	True	True
gse162632	original8	primary	29	8	root_04	1000	1	S_to_M	RBF	-0.22931374892894188	-0.22931374892894185	8.271161533457416e-18	True	True
gse162632	original8	primary	29	8	root_04	1000	1	S_to_M	scGen	-0.12201886334208724	-0.12201886334194753	1.3981013569086542e-13	False	False
gse162632	original8	primary	29	8	root_04	1000	1	S_to_M	CPA	-0.3662504567435712	-0.366250456748281	-4.71001943003202e-12	False	False
gse162632	original8	primary	29	8	root_04	1000	1	S_to_M	CellOT	-0.12689453267589385	-0.12689453268281106	-6.917116129878664e-12	False	False
gse162632	original8	primary	29	8	root_05	1000	1	D_to_O	NC	-0.3025338767210602	-0.3025338767210602	-1.27675647831893e-18	True	True
gse162632	original8	primary	29	8	root_05	1000	1	D_to_O	CM	-0.23992112746118516	-0.23992112746118519	-2.3869795029440864e-18	True	True
gse162632	original8	primary	29	8	root_05	1000	1	D_to_O	TW	-0.23789931702858164	-0.23789931702858164	-1.8041124150158794e-18	True	True
gse162632	original8	primary	29	8	root_05	1000	1	D_to_O	PCA	-0.23870644791028225	-0.23870644791028225	-2.4424906541753442e-18	True	True
gse162632	original8	primary	29	8	root_05	1000	1	D_to_O	RBF	-0.23843088710502527	-0.23843088710502527	-9.992007221626408e-19	True	True
gse162632	original8	primary	29	8	root_05	1000	1	D_to_O	scGen	-0.37037274728593084	-0.3654058040568855	0.004966943229044946	False	False
gse162632	original8	primary	29	8	root_05	1000	1	D_to_O	CPA	-0.6362007175432345	-0.6327416027425524	0.0034591148006828066	False	False
gse162632	original8	primary	29	8	root_05	1000	1	D_to_O	CellOT	-0.37550299232533163	-0.3681131369565903	0.0073898553687421365	False	False
gse162632	original8	primary	29	8	root_05	1000	1	D_to_P	NC	-0.3025338767210602	-0.3025338767210602	0.0	True	True
gse162632	original8	primary	29	8	root_05	1000	1	D_to_P	CM	-0.23992112746118516	-0.23992112746118516	0.0	True	True
gse162632	original8	primary	29	8	root_05	1000	1	D_to_P	TW	-0.23789931702858164	-0.23789931702858164	0.0	True	True
gse162632	original8	primary	29	8	root_05	1000	1	D_to_P	PCA	-0.23870644791028225	-0.23870644791028225	0.0	True	True
gse162632	original8	primary	29	8	root_05	1000	1	D_to_P	RBF	-0.23843088710502527	-0.23843088710502527	0.0	True	True
gse162632	original8	primary	29	8	root_05	1000	1	D_to_P	scGen	-0.37037274728593084	-0.3753396905171541	-0.004966943231224288	False	False
gse162632	original8	primary	29	8	root_05	1000	1	D_to_P	CPA	-0.6362007175432345	-0.6396598323414636	-0.003459114798228926	False	False
gse162632	original8	primary	29	8	root_05	1000	1	D_to_P	CellOT	-0.37550299232533163	-0.3828928476878709	-0.007389855362539211	False	False
gse162632	original8	primary	29	8	root_05	1000	1	S_to_M	NC	-0.3025338767210602	-0.3025338767210602	5.551115123125783e-19	True	True
gse162632	original8	primary	29	8	root_05	1000	1	S_to_M	CM	-0.23992112746118519	-0.23992112746118516	8.798517470154366e-18	True	True
gse162632	original8	primary	29	8	root_05	1000	1	S_to_M	TW	-0.23789931702858164	-0.23789931702858164	7.827072323607353e-18	True	True
gse162632	original8	primary	29	8	root_05	1000	1	S_to_M	PCA	-0.23870644791028225	-0.23870644791028225	8.187894806610529e-18	True	True
gse162632	original8	primary	29	8	root_05	1000	1	S_to_M	RBF	-0.23843088710502527	-0.23843088710502527	6.439293542825908e-18	True	True
gse162632	original8	primary	29	8	root_05	1000	1	S_to_M	scGen	-0.13121545827055403	-0.13121545827001654	5.374940215130408e-13	False	False
gse162632	original8	primary	29	8	root_05	1000	1	S_to_M	CPA	-0.3970434285718813	-0.3970434285786155	-6.7337968534531e-12	False	False
gse162632	original8	primary	29	8	root_05	1000	1	S_to_M	CellOT	-0.13634570330991674	-0.13634570332035376	-1.0436845471195611e-11	False	False
gse162632	original8	primary	29	8	root_06	1000	1	D_to_O	NC	-0.2756270580139184	-0.2756270580139184	-1.4432899320127034e-18	True	True
gse162632	original8	primary	29	8	root_06	1000	1	D_to_O	CM	-0.2822732368813582	-0.28227323688135814	-1.1102230246251566e-18	True	True
gse162632	original8	primary	29	8	root_06	1000	1	D_to_O	TW	-0.27647575892638293	-0.276475758926383	-9.992007221626408e-19	True	True
gse162632	original8	primary	29	8	root_06	1000	1	D_to_O	PCA	-0.2801102833351388	-0.2801102833351388	-9.992007221626408e-19	True	True
gse162632	original8	primary	29	8	root_06	1000	1	D_to_O	RBF	-0.2782020111907162	-0.2782020111907162	-4.996003610813204e-19	True	True
gse162632	original8	primary	29	8	root_06	1000	1	D_to_O	scGen	-0.43589219754767144	-0.4311018640832143	0.00479033346445708	False	False
gse162632	original8	primary	29	8	root_06	1000	1	D_to_O	CPA	-0.767597580269429	-0.7644031474537687	0.0031944328156588947	False	False
gse162632	original8	primary	29	8	root_06	1000	1	D_to_O	CellOT	-0.4355629355198821	-0.42816005745012486	0.0074028780697567775	False	False
gse162632	original8	primary	29	8	root_06	1000	1	D_to_P	NC	-0.2756270580139184	-0.2756270580139184	0.0	True	True
gse162632	original8	primary	29	8	root_06	1000	1	D_to_P	CM	-0.2822732368813582	-0.2822732368813582	0.0	True	True
gse162632	original8	primary	29	8	root_06	1000	1	D_to_P	TW	-0.27647575892638293	-0.27647575892638293	0.0	True	True
gse162632	original8	primary	29	8	root_06	1000	1	D_to_P	PCA	-0.2801102833351388	-0.2801102833351388	0.0	True	True
gse162632	original8	primary	29	8	root_06	1000	1	D_to_P	RBF	-0.2782020111907162	-0.2782020111907162	0.0	True	True
gse162632	original8	primary	29	8	root_06	1000	1	D_to_P	scGen	-0.43589219754767144	-0.4406825310174568	-0.004790333469786233	False	False
gse162632	original8	primary	29	8	root_06	1000	1	D_to_P	CPA	-0.767597580269429	-0.7707920130590546	-0.003194432789625666	False	False
gse162632	original8	primary	29	8	root_06	1000	1	D_to_P	CellOT	-0.4355629355198821	-0.44296581360336695	-0.00740287808348563	False	False
gse162632	original8	primary	29	8	root_06	1000	1	S_to_M	NC	-0.2756270580139184	-0.2756270580139184	-8.326672684688674e-19	True	True
gse162632	original8	primary	29	8	root_06	1000	1	S_to_M	CM	-0.2822732368813582	-0.2822732368813582	-1.9984014443252816e-18	True	True
gse162632	original8	primary	29	8	root_06	1000	1	S_to_M	TW	-0.27647575892638293	-0.27647575892638293	-1.1102230246251566e-18	True	True
gse162632	original8	primary	29	8	root_06	1000	1	S_to_M	PCA	-0.2801102833351388	-0.2801102833351388	-6.661338147750939e-19	True	True
gse162632	original8	primary	29	8	root_06	1000	1	S_to_M	RBF	-0.2782020111907162	-0.2782020111907162	-1.1102230246251566e-18	True	True
gse162632	original8	primary	29	8	root_06	1000	1	S_to_M	scGen	-0.17714539133156929	-0.17714539132963622	1.9330913814119553e-12	False	False
gse162632	original8	primary	29	8	root_06	1000	1	S_to_M	CPA	-0.5088507739937047	-0.5088507740244226	-3.0718163457343906e-11	False	False
gse162632	original8	primary	29	8	root_06	1000	1	S_to_M	CellOT	-0.17681612931880436	-0.17681612930509852	1.3705665991015081e-11	False	False
gse162632	original8	primary	29	8	root_07	1000	1	D_to_O	NC	-0.30624202956919394	-0.30624202956919394	-6.661338147750939e-19	True	True
gse162632	original8	primary	29	8	root_07	1000	1	D_to_O	CM	-0.24547558799672867	-0.24547558799672867	-1.8041124150158794e-18	True	True
gse162632	original8	primary	29	8	root_07	1000	1	D_to_O	TW	-0.24494343666191623	-0.24494343666191623	-2.192690473634684e-18	True	True
gse162632	original8	primary	29	8	root_07	1000	1	D_to_O	PCA	-0.24405375402792776	-0.24405375402792776	-1.6653345369377347e-18	True	True
gse162632	original8	primary	29	8	root_07	1000	1	D_to_O	RBF	-0.24483404776573345	-0.24483404776573345	-1.6930901125533637e-18	True	True
gse162632	original8	primary	29	8	root_07	1000	1	D_to_O	scGen	-0.3679132588956927	-0.3626788973524616	0.005234361543230712	False	False
gse162632	original8	primary	29	8	root_07	1000	1	D_to_O	CPA	-0.6633756465594931	-0.6598504733028766	0.0035251732566166033	False	False
gse162632	original8	primary	29	8	root_07	1000	1	D_to_O	CellOT	-0.37349175147122116	-0.3651560768092947	0.008335674661926126	False	False
gse162632	original8	primary	29	8	root_07	1000	1	D_to_P	NC	-0.30624202956919394	-0.30624202956919394	0.0	True	True
gse162632	original8	primary	29	8	root_07	1000	1	D_to_P	CM	-0.24547558799672867	-0.24547558799672867	0.0	True	True
gse162632	original8	primary	29	8	root_07	1000	1	D_to_P	TW	-0.24494343666191623	-0.24494343666191623	0.0	True	True
gse162632	original8	primary	29	8	root_07	1000	1	D_to_P	PCA	-0.24405375402792776	-0.24405375402792776	0.0	True	True
gse162632	original8	primary	29	8	root_07	1000	1	D_to_P	RBF	-0.24483404776573345	-0.24483404776573345	0.0	True	True
gse162632	original8	primary	29	8	root_07	1000	1	D_to_P	scGen	-0.3679132588956927	-0.3731476204392184	-0.0052343615435258214	False	False
gse162632	original8	primary	29	8	root_07	1000	1	D_to_P	CPA	-0.6633756465594931	-0.6669008198177554	-0.0035251732582619838	False	False
gse162632	original8	primary	29	8	root_07	1000	1	D_to_P	CellOT	-0.37349175147122116	-0.38182742612821263	-0.008335674656991962	False	False
gse162632	original8	primary	29	8	root_07	1000	1	S_to_M	NC	-0.30624202956919394	-0.30624202956919394	-5.551115123125783e-19	True	True
gse162632	original8	primary	29	8	root_07	1000	1	S_to_M	CM	-0.2454755879967287	-0.24547558799672867	7.382983113757291e-18	True	True
gse162632	original8	primary	29	8	root_07	1000	1	S_to_M	TW	-0.24494343666191623	-0.24494343666191623	7.771561172376097e-18	True	True
gse162632	original8	primary	29	8	root_07	1000	1	S_to_M	PCA	-0.24405375402792776	-0.24405375402792776	7.466249840604178e-18	True	True
gse162632	original8	primary	29	8	root_07	1000	1	S_to_M	RBF	-0.24483404776573345	-0.24483404776573345	7.993605777301126e-18	True	True
gse162632	original8	primary	29	8	root_07	1000	1	S_to_M	scGen	-0.12982211135241245	-0.1298221113528608	-4.4792541897820115e-13	False	False
gse162632	original8	primary	29	8	root_07	1000	1	S_to_M	CPA	-0.4252844990337891	-0.425284499031618	2.1709876119047067e-12	False	False
gse162632	original8	primary	29	8	root_07	1000	1	S_to_M	CellOT	-0.13540060392679576	-0.13540060393028547	-3.489581762439187e-12	False	False
gse162632	original8	primary	43	4	equal_eight_root_mean	1000	8	D_to_O	NC	-0.4177725953783189	-0.4177725953783189	-3.5596525727044075e-18	True	True
gse162632	original8	primary	43	4	equal_eight_root_mean	1000	8	D_to_O	CM	-0.3578176134555455	-0.3578176134555455	-1.5334955527634977e-18	True	True
gse162632	original8	primary	43	4	equal_eight_root_mean	1000	8	D_to_O	TW	-0.3562332346686726	-0.3562332346686726	-1.519617764955683e-18	True	True
gse162632	original8	primary	43	4	equal_eight_root_mean	1000	8	D_to_O	PCA	-0.35636241098050025	-0.35636241098050014	-1.1171619185290638e-18	True	True
gse162632	original8	primary	43	4	equal_eight_root_mean	1000	8	D_to_O	RBF	-0.3565642898059135	-0.3565642898059135	-1.547373340571312e-18	True	True
gse162632	original8	primary	43	4	equal_eight_root_mean	1000	8	D_to_O	scGen	-0.6026067866177817	-0.5904360259972933	0.012170760620488618	False	False
gse162632	original8	primary	43	4	equal_eight_root_mean	1000	8	D_to_O	CPA	-0.8942854769864501	-0.8866206773119911	0.007664799674458763	False	False
gse162632	original8	primary	43	4	equal_eight_root_mean	1000	8	D_to_O	CellOT	-0.6082944177959094	-0.5926866574473904	0.01560776034851902	False	False
gse162632	original8	primary	43	4	equal_eight_root_mean	1000	8	D_to_P	NC	-0.4177725953783189	-0.4177725953783189	0.0	True	True
gse162632	original8	primary	43	4	equal_eight_root_mean	1000	8	D_to_P	CM	-0.3578176134555455	-0.3578176134555455	0.0	True	True
gse162632	original8	primary	43	4	equal_eight_root_mean	1000	8	D_to_P	TW	-0.3562332346686726	-0.3562332346686726	0.0	True	True
gse162632	original8	primary	43	4	equal_eight_root_mean	1000	8	D_to_P	PCA	-0.35636241098050025	-0.35636241098050025	0.0	True	True
gse162632	original8	primary	43	4	equal_eight_root_mean	1000	8	D_to_P	RBF	-0.3565642898059135	-0.3565642898059135	0.0	True	True
gse162632	original8	primary	43	4	equal_eight_root_mean	1000	8	D_to_P	scGen	-0.6026067866177817	-0.6147775472354157	-0.01217076061763418	False	False
gse162632	original8	primary	43	4	equal_eight_root_mean	1000	8	D_to_P	CPA	-0.8942854769864501	-0.901950276659366	-0.007664799672915969	False	False
gse162632	original8	primary	43	4	equal_eight_root_mean	1000	8	D_to_P	CellOT	-0.6082944177959094	-0.6239021781436452	-0.01560776034773539	False	False
gse162632	original8	primary	43	4	equal_eight_root_mean	1000	8	S_to_M	NC	-0.41777259537831896	-0.4177725953783189	1.602190602412179e-17	True	True
gse162632	original8	primary	43	4	equal_eight_root_mean	1000	8	S_to_M	CM	-0.3578176134555455	-0.3578176134555455	2.317590563905014e-18	True	True
gse162632	original8	primary	43	4	equal_eight_root_mean	1000	8	S_to_M	TW	-0.3562332346686726	-0.3562332346686726	1.6861512186494565e-18	True	True
gse162632	original8	primary	43	4	equal_eight_root_mean	1000	8	S_to_M	PCA	-0.35636241098050025	-0.35636241098050025	1.845745778439323e-18	True	True
gse162632	original8	primary	43	4	equal_eight_root_mean	1000	8	S_to_M	RBF	-0.3565642898059135	-0.3565642898059135	2.0886070650760757e-18	True	True
gse162632	original8	primary	43	4	equal_eight_root_mean	1000	8	S_to_M	scGen	-0.13494261472906596	-0.13494261473074795	-1.6820920160226517e-12	False	False
gse162632	original8	primary	43	4	equal_eight_root_mean	1000	8	S_to_M	CPA	-0.4266213051130346	-0.426621305114013	-9.783028553922438e-13	False	False
gse162632	original8	primary	43	4	equal_eight_root_mean	1000	8	S_to_M	CellOT	-0.14063024590880305	-0.140630245907446	1.3570453701733374e-12	False	False
gse162632	original8	primary	43	4	root_00	1000	1	D_to_O	NC	-0.42249093542884086	-0.42249093542884086	-4.107825191113079e-18	True	True
gse162632	original8	primary	43	4	root_00	1000	1	D_to_O	CM	-0.3740998668579828	-0.3740998668579828	-1.7208456881689926e-18	True	True
gse162632	original8	primary	43	4	root_00	1000	1	D_to_O	TW	-0.37111033785063013	-0.37111033785063013	-2.331468351712829e-18	True	True
gse162632	original8	primary	43	4	root_00	1000	1	D_to_O	PCA	-0.3717574954981464	-0.37175749549814635	-1.609823385706477e-18	True	True
gse162632	original8	primary	43	4	root_00	1000	1	D_to_O	RBF	-0.37196863132706126	-0.37196863132706126	-1.1657341758564144e-18	True	True
gse162632	original8	primary	43	4	root_00	1000	1	D_to_O	scGen	-0.6279012998460156	-0.6142293470769429	0.013671952769071186	False	False
gse162632	original8	primary	43	4	root_00	1000	1	D_to_O	CPA	-0.9638371130762824	-0.9553305542554428	0.008506558820839588	False	False
gse162632	original8	primary	43	4	root_00	1000	1	D_to_O	CellOT	-0.6368828970491736	-0.6195211978037543	0.017361699245418798	False	False
gse162632	original8	primary	43	4	root_00	1000	1	D_to_P	NC	-0.42249093542884086	-0.42249093542884086	0.0	True	True
gse162632	original8	primary	43	4	root_00	1000	1	D_to_P	CM	-0.3740998668579828	-0.3740998668579828	0.0	True	True
gse162632	original8	primary	43	4	root_00	1000	1	D_to_P	TW	-0.37111033785063013	-0.37111033785063013	0.0	True	True
gse162632	original8	primary	43	4	root_00	1000	1	D_to_P	PCA	-0.3717574954981464	-0.3717574954981464	0.0	True	True
gse162632	original8	primary	43	4	root_00	1000	1	D_to_P	RBF	-0.37196863132706126	-0.37196863132706126	0.0	True	True
gse162632	original8	primary	43	4	root_00	1000	1	D_to_P	scGen	-0.6279012998460156	-0.6415732526159876	-0.013671952769973855	False	False
gse162632	original8	primary	43	4	root_00	1000	1	D_to_P	CPA	-0.9638371130762824	-0.9723436718867987	-0.00850655881051836	False	False
gse162632	original8	primary	43	4	root_00	1000	1	D_to_P	CellOT	-0.6368828970491736	-0.6542445963213641	-0.01736169927219104	False	False
gse162632	original8	primary	43	4	root_00	1000	1	S_to_M	NC	-0.4224909354288409	-0.42249093542884086	1.681987882307112e-17	True	True
gse162632	original8	primary	43	4	root_00	1000	1	S_to_M	CM	-0.3740998668579828	-0.3740998668579828	7.43849426498855e-18	True	True
gse162632	original8	primary	43	4	root_00	1000	1	S_to_M	TW	-0.37111033785063013	-0.37111033785063013	4.496403249731884e-18	True	True
gse162632	original8	primary	43	4	root_00	1000	1	S_to_M	PCA	-0.37175749549814635	-0.3717574954981464	5.218048215738236e-18	True	True
gse162632	original8	primary	43	4	root_00	1000	1	S_to_M	RBF	-0.37196863132706126	-0.37196863132706126	4.440892098500626e-18	True	True
gse162632	original8	primary	43	4	root_00	1000	1	S_to_M	scGen	-0.13879995596490663	-0.13879995596526026	-3.538966897309592e-13	False	False
gse162632	original8	primary	43	4	root_00	1000	1	S_to_M	CPA	-0.47473576912434495	-0.47473576913720145	-1.2856410658290685e-11	False	False
gse162632	original8	primary	43	4	root_00	1000	1	S_to_M	CellOT	-0.14778155319527117	-0.1477815531740787	2.1192584465090648e-11	False	False
gse162632	original8	primary	43	4	root_01	1000	1	D_to_O	NC	-0.438382130415819	-0.438382130415819	-2.331468351712829e-18	True	True
gse162632	original8	primary	43	4	root_01	1000	1	D_to_O	CM	-0.34394930876798757	-0.34394930876798757	-8.881784197001253e-19	True	True
gse162632	original8	primary	43	4	root_01	1000	1	D_to_O	TW	-0.3444408862834163	-0.3444408862834163	-1.1102230246251566e-18	True	True
gse162632	original8	primary	43	4	root_01	1000	1	D_to_O	PCA	-0.34306730652381795	-0.34306730652381795	-1.0547118733938987e-18	True	True
gse162632	original8	primary	43	4	root_01	1000	1	D_to_O	RBF	-0.3440941303236806	-0.3440941303236806	-6.661338147750939e-19	True	True
gse162632	original8	primary	43	4	root_01	1000	1	D_to_O	scGen	-0.5833709870290567	-0.5714399431164207	0.011931043912636876	False	False
gse162632	original8	primary	43	4	root_01	1000	1	D_to_O	CPA	-0.830856581619208	-0.8222126223599591	0.008643959259248534	False	False
gse162632	original8	primary	43	4	root_01	1000	1	D_to_O	CellOT	-0.5891465643720295	-0.5731810876064443	0.015965476765585712	False	False
gse162632	original8	primary	43	4	root_01	1000	1	D_to_P	NC	-0.438382130415819	-0.438382130415819	0.0	True	True
gse162632	original8	primary	43	4	root_01	1000	1	D_to_P	CM	-0.34394930876798757	-0.34394930876798757	0.0	True	True
gse162632	original8	primary	43	4	root_01	1000	1	D_to_P	TW	-0.3444408862834163	-0.3444408862834163	0.0	True	True
gse162632	original8	primary	43	4	root_01	1000	1	D_to_P	PCA	-0.34306730652381795	-0.34306730652381795	0.0	True	True
gse162632	original8	primary	43	4	root_01	1000	1	D_to_P	RBF	-0.3440941303236806	-0.3440941303236806	0.0	True	True
gse162632	original8	primary	43	4	root_01	1000	1	D_to_P	scGen	-0.5833709870290567	-0.5953020309409767	-0.011931043911920047	False	False
gse162632	original8	primary	43	4	root_01	1000	1	D_to_P	CPA	-0.830856581619208	-0.8395005409037569	-0.008643959284549745	False	False
gse162632	original8	primary	43	4	root_01	1000	1	D_to_P	CellOT	-0.5891465643720295	-0.6051120411509892	-0.01596547677895938	False	False
gse162632	original8	primary	43	4	root_01	1000	1	S_to_M	NC	-0.4383821304158191	-0.438382130415819	1.5265566588595904e-17	True	True
gse162632	original8	primary	43	4	root_01	1000	1	S_to_M	CM	-0.34394930876798757	-0.34394930876798757	-9.436895709313831e-19	True	True
gse162632	original8	primary	43	4	root_01	1000	1	S_to_M	TW	-0.3444408862834163	-0.3444408862834163	-1.7763568394002505e-18	True	True
gse162632	original8	primary	43	4	root_01	1000	1	S_to_M	PCA	-0.343067306523818	-0.34306730652381795	-8.881784197001253e-19	True	True
gse162632	original8	primary	43	4	root_01	1000	1	S_to_M	RBF	-0.3440941303236806	-0.3440941303236806	-7.216449660063517e-19	True	True
gse162632	original8	primary	43	4	root_01	1000	1	S_to_M	scGen	-0.12774833388007223	-0.1277483338807444	-6.721630196881989e-13	False	False
gse162632	original8	primary	43	4	root_01	1000	1	S_to_M	CPA	-0.37523392851548254	-0.3752339284910607	2.442179547479384e-11	False	False
gse162632	original8	primary	43	4	root_01	1000	1	S_to_M	CellOT	-0.13352391123484186	-0.13352391122676746	8.074366258936649e-12	False	False
gse162632	original8	primary	43	4	root_02	1000	1	D_to_O	NC	-0.41551700859099705	-0.41551700859099705	-2.831068712794149e-18	True	True
gse162632	original8	primary	43	4	root_02	1000	1	D_to_O	CM	-0.3308712784163365	-0.3308712784163365	-1.1657341758564144e-18	True	True
gse162632	original8	primary	43	4	root_02	1000	1	D_to_O	TW	-0.3307901594200786	-0.3307901594200786	-1.6653345369377348e-19	True	True
gse162632	original8	primary	43	4	root_02	1000	1	D_to_O	PCA	-0.32962951686430125	-0.3296295168643012	-7.771561172376096e-19	True	True
gse162632	original8	primary	43	4	root_02	1000	1	D_to_O	RBF	-0.33062878962274117	-0.33062878962274117	-7.771561172376096e-19	True	True
gse162632	original8	primary	43	4	root_02	1000	1	D_to_O	scGen	-0.5588990954454456	-0.5451801247962966	0.013718970649149167	False	False
gse162632	original8	primary	43	4	root_02	1000	1	D_to_O	CPA	-0.8074385079989979	-0.7995756130030085	0.007862894995991208	False	False
gse162632	original8	primary	43	4	root_02	1000	1	D_to_O	CellOT	-0.5648880318010918	-0.5485704471852729	0.01631758461581951	False	False
gse162632	original8	primary	43	4	root_02	1000	1	D_to_P	NC	-0.41551700859099705	-0.41551700859099705	0.0	True	True
gse162632	original8	primary	43	4	root_02	1000	1	D_to_P	CM	-0.3308712784163365	-0.3308712784163365	0.0	True	True
gse162632	original8	primary	43	4	root_02	1000	1	D_to_P	TW	-0.3307901594200786	-0.3307901594200786	0.0	True	True
gse162632	original8	primary	43	4	root_02	1000	1	D_to_P	PCA	-0.32962951686430125	-0.32962951686430125	0.0	True	True
gse162632	original8	primary	43	4	root_02	1000	1	D_to_P	RBF	-0.33062878962274117	-0.33062878962274117	0.0	True	True
gse162632	original8	primary	43	4	root_02	1000	1	D_to_P	scGen	-0.5588990954454456	-0.5726180660972453	-0.013718970651799662	False	False
gse162632	original8	primary	43	4	root_02	1000	1	D_to_P	CPA	-0.8074385079989979	-0.8153014029957757	-0.007862894996775525	False	False
gse162632	original8	primary	43	4	root_02	1000	1	D_to_P	CellOT	-0.5648880318010918	-0.5812056164140523	-0.016317584612960304	False	False
gse162632	original8	primary	43	4	root_02	1000	1	S_to_M	NC	-0.41551700859099705	-0.41551700859099705	1.6653345369377347e-17	True	True
gse162632	original8	primary	43	4	root_02	1000	1	S_to_M	CM	-0.3308712784163365	-0.3308712784163365	-1.5543122344752192e-18	True	True
gse162632	original8	primary	43	4	root_02	1000	1	S_to_M	TW	-0.3307901594200786	-0.3307901594200786	-1.7208456881689926e-18	True	True
gse162632	original8	primary	43	4	root_02	1000	1	S_to_M	PCA	-0.32962951686430125	-0.32962951686430125	-8.326672684688674e-19	True	True
gse162632	original8	primary	43	4	root_02	1000	1	S_to_M	RBF	-0.33062878962274117	-0.33062878962274117	-7.216449660063517e-19	True	True
gse162632	original8	primary	43	4	root_02	1000	1	S_to_M	scGen	-0.1203575184860877	-0.12035751848909768	-3.0101695441819844e-12	False	False
gse162632	original8	primary	43	4	root_02	1000	1	S_to_M	CPA	-0.3688969311208916	-0.36889693111845323	2.438409918426032e-12	False	False
gse162632	original8	primary	43	4	root_02	1000	1	S_to_M	CellOT	-0.12634645484327706	-0.12634645484277107	5.05983643872554e-13	False	False
gse162632	original8	primary	43	4	root_03	1000	1	D_to_O	NC	-0.3955474671934167	-0.3955474671934167	-3.1641356201816963e-18	True	True
gse162632	original8	primary	43	4	root_03	1000	1	D_to_O	CM	-0.3364744803943095	-0.3364744803943095	-8.881784197001253e-19	True	True
gse162632	original8	primary	43	4	root_03	1000	1	D_to_O	TW	-0.33478305149403653	-0.33478305149403653	-1.8873791418627663e-18	True	True
gse162632	original8	primary	43	4	root_03	1000	1	D_to_O	PCA	-0.33537164690051774	-0.33537164690051774	-9.992007221626408e-19	True	True
gse162632	original8	primary	43	4	root_03	1000	1	D_to_O	RBF	-0.3351542680408259	-0.3351542680408259	-1.3877787807814458e-18	True	True
gse162632	original8	primary	43	4	root_03	1000	1	D_to_O	scGen	-0.5614821093936123	-0.5479126992778869	0.01356941011572521	False	False
gse162632	original8	primary	43	4	root_03	1000	1	D_to_O	CPA	-0.828112733767158	-0.8194834423586497	0.00862929140850808	False	False
gse162632	original8	primary	43	4	root_03	1000	1	D_to_O	CellOT	-0.5706486786828753	-0.5536074508327937	0.01704122785008168	False	False
gse162632	original8	primary	43	4	root_03	1000	1	D_to_P	NC	-0.3955474671934167	-0.3955474671934167	0.0	True	True
gse162632	original8	primary	43	4	root_03	1000	1	D_to_P	CM	-0.3364744803943095	-0.3364744803943095	0.0	True	True
gse162632	original8	primary	43	4	root_03	1000	1	D_to_P	TW	-0.33478305149403653	-0.33478305149403653	0.0	True	True
gse162632	original8	primary	43	4	root_03	1000	1	D_to_P	PCA	-0.33537164690051774	-0.33537164690051774	0.0	True	True
gse162632	original8	primary	43	4	root_03	1000	1	D_to_P	RBF	-0.3351542680408259	-0.3351542680408259	0.0	True	True
gse162632	original8	primary	43	4	root_03	1000	1	D_to_P	scGen	-0.5614821093936123	-0.5750515195141408	-0.013569410120528829	False	False
gse162632	original8	primary	43	4	root_03	1000	1	D_to_P	CPA	-0.828112733767158	-0.8367420251734463	-0.008629291406289185	False	False
gse162632	original8	primary	43	4	root_03	1000	1	D_to_P	CellOT	-0.5706486786828753	-0.58768990652879	-0.01704122784591488	False	False
gse162632	original8	primary	43	4	root_03	1000	1	S_to_M	NC	-0.3955474671934167	-0.3955474671934167	1.482147737874584e-17	True	True
gse162632	original8	primary	43	4	root_03	1000	1	S_to_M	CM	-0.33647448039430955	-0.3364744803943095	-8.326672684688674e-19	True	True
gse162632	original8	primary	43	4	root_03	1000	1	S_to_M	TW	-0.3347830514940365	-0.33478305149403653	-1.7208456881689926e-18	True	True
gse162632	original8	primary	43	4	root_03	1000	1	S_to_M	PCA	-0.33537164690051774	-0.33537164690051774	-6.106226635438361e-19	True	True
gse162632	original8	primary	43	4	root_03	1000	1	S_to_M	RBF	-0.3351542680408259	-0.3351542680408259	-1.1102230246251566e-19	True	True
gse162632	original8	primary	43	4	root_03	1000	1	S_to_M	scGen	-0.12368207574340734	-0.12368207573902791	4.379352588901319e-12	False	False
gse162632	original8	primary	43	4	root_03	1000	1	S_to_M	CPA	-0.3903127001825847	-0.3903127001834344	-8.496046643990951e-13	False	False
gse162632	original8	primary	43	4	root_03	1000	1	S_to_M	CellOT	-0.13284864502998897	-0.13284864502816085	1.8280727209774028e-12	False	False
gse162632	original8	primary	43	4	root_04	1000	1	D_to_O	NC	-0.41770653454901846	-0.41770653454901846	-5.273559366969494e-18	True	True
gse162632	original8	primary	43	4	root_04	1000	1	D_to_O	CM	-0.34136805025806466	-0.34136805025806466	-1.1102230246251566e-18	True	True
gse162632	original8	primary	43	4	root_04	1000	1	D_to_O	TW	-0.341336918447409	-0.341336918447409	-6.106226635438361e-19	True	True
gse162632	original8	primary	43	4	root_04	1000	1	D_to_O	PCA	-0.34009855939451883	-0.34009855939451883	0.0	True	True
gse162632	original8	primary	43	4	root_04	1000	1	D_to_O	RBF	-0.34110610184273643	-0.34110610184273643	-1.3322676295501879e-18	True	True
gse162632	original8	primary	43	4	root_04	1000	1	D_to_O	scGen	-0.5729748879659873	-0.5622636416460693	0.010711246319919031	False	False
gse162632	original8	primary	43	4	root_04	1000	1	D_to_O	CPA	-0.844428741312031	-0.8375363138710775	0.006892427440955192	False	False
gse162632	original8	primary	43	4	root_04	1000	1	D_to_O	CellOT	-0.576999970233359	-0.5625965280637775	0.01440344216958212	False	False
gse162632	original8	primary	43	4	root_04	1000	1	D_to_P	NC	-0.41770653454901846	-0.41770653454901846	0.0	True	True
gse162632	original8	primary	43	4	root_04	1000	1	D_to_P	CM	-0.34136805025806466	-0.34136805025806466	0.0	True	True
gse162632	original8	primary	43	4	root_04	1000	1	D_to_P	TW	-0.341336918447409	-0.341336918447409	0.0	True	True
gse162632	original8	primary	43	4	root_04	1000	1	D_to_P	PCA	-0.34009855939451883	-0.34009855939451883	0.0	True	True
gse162632	original8	primary	43	4	root_04	1000	1	D_to_P	RBF	-0.34110610184273643	-0.34110610184273643	0.0	True	True
gse162632	original8	primary	43	4	root_04	1000	1	D_to_P	scGen	-0.5729748879659873	-0.5836861342710538	-0.010711246305065817	False	False
gse162632	original8	primary	43	4	root_04	1000	1	D_to_P	CPA	-0.844428741312031	-0.851321168721186	-0.006892427409154754	False	False
gse162632	original8	primary	43	4	root_04	1000	1	D_to_P	CellOT	-0.576999970233359	-0.5914034123845696	-0.014403442151209138	False	False
gse162632	original8	primary	43	4	root_04	1000	1	S_to_M	NC	-0.41770653454901846	-0.41770653454901846	1.687538997430238e-17	True	True
gse162632	original8	primary	43	4	root_04	1000	1	S_to_M	CM	-0.3413680502580647	-0.34136805025806466	-1.8318679906315084e-18	True	True
gse162632	original8	primary	43	4	root_04	1000	1	S_to_M	TW	-0.341336918447409	-0.341336918447409	-1.7208456881689926e-18	True	True
gse162632	original8	primary	43	4	root_04	1000	1	S_to_M	PCA	-0.34009855939451883	-0.34009855939451883	-3.0531133177191805e-18	True	True
gse162632	original8	primary	43	4	root_04	1000	1	S_to_M	RBF	-0.34110610184273643	-0.34110610184273643	-1.8318679906315084e-18	True	True
gse162632	original8	primary	43	4	root_04	1000	1	S_to_M	scGen	-0.12497124849282007	-0.12497124849339432	-5.744551084818639e-13	False	False
gse162632	original8	primary	43	4	root_04	1000	1	S_to_M	CPA	-0.3964251017953736	-0.3964251018259476	-3.057403830108996e-11	False	False
gse162632	original8	primary	43	4	root_04	1000	1	S_to_M	CellOT	-0.1289963307497864	-0.12899633075512387	-5.337533623417379e-12	False	False
gse162632	original8	primary	43	4	root_05	1000	1	D_to_O	NC	-0.4223345344623108	-0.4223345344623108	-4.052314039881821e-18	True	True
gse162632	original8	primary	43	4	root_05	1000	1	D_to_O	CM	-0.35965679227517733	-0.35965679227517733	-8.881784197001253e-19	True	True
gse162632	original8	primary	43	4	root_05	1000	1	D_to_O	TW	-0.35762956426471443	-0.35762956426471443	-7.216449660063517e-19	True	True
gse162632	original8	primary	43	4	root_05	1000	1	D_to_O	PCA	-0.3584431371693759	-0.3584431371693759	-1.4432899320127034e-18	True	True
gse162632	original8	primary	43	4	root_05	1000	1	D_to_O	RBF	-0.3581638042066437	-0.3581638042066437	-1.1102230246251566e-18	True	True
gse162632	original8	primary	43	4	root_05	1000	1	D_to_O	scGen	-0.607696129650132	-0.5970102671319437	0.010685862518188939	False	False
gse162632	original8	primary	43	4	root_05	1000	1	D_to_O	CPA	-0.9031423014852534	-0.895636560039866	0.007505741445388157	False	False
gse162632	original8	primary	43	4	root_05	1000	1	D_to_O	CellOT	-0.616542606131205	-0.6023882687347973	0.01415433739640755	False	False
gse162632	original8	primary	43	4	root_05	1000	1	D_to_P	NC	-0.4223345344623108	-0.4223345344623108	0.0	True	True
gse162632	original8	primary	43	4	root_05	1000	1	D_to_P	CM	-0.35965679227517733	-0.35965679227517733	0.0	True	True
gse162632	original8	primary	43	4	root_05	1000	1	D_to_P	TW	-0.35762956426471443	-0.35762956426471443	0.0	True	True
gse162632	original8	primary	43	4	root_05	1000	1	D_to_P	PCA	-0.3584431371693759	-0.3584431371693759	0.0	True	True
gse162632	original8	primary	43	4	root_05	1000	1	D_to_P	RBF	-0.3581638042066437	-0.3581638042066437	0.0	True	True
gse162632	original8	primary	43	4	root_05	1000	1	D_to_P	scGen	-0.607696129650132	-0.6183819921616244	-0.010685862511492185	False	False
gse162632	original8	primary	43	4	root_05	1000	1	D_to_P	CPA	-0.9031423014852534	-0.9106480429206686	-0.007505741435414598	False	False
gse162632	original8	primary	43	4	root_05	1000	1	D_to_P	CellOT	-0.616542606131205	-0.630696943528024	-0.014154337396818192	False	False
gse162632	original8	primary	43	4	root_05	1000	1	S_to_M	NC	-0.42233453446231084	-0.4223345344623108	1.5154544286133388e-17	True	True
gse162632	original8	primary	43	4	root_05	1000	1	S_to_M	CM	-0.3596567922751774	-0.35965679227517733	2.7755575615628914e-19	True	True
gse162632	original8	primary	43	4	root_05	1000	1	S_to_M	TW	-0.35762956426471443	-0.35762956426471443	-7.771561172376096e-19	True	True
gse162632	original8	primary	43	4	root_05	1000	1	S_to_M	PCA	-0.3584431371693759	-0.3584431371693759	-5.551115123125783e-20	True	True
gse162632	original8	primary	43	4	root_05	1000	1	S_to_M	RBF	-0.3581638042066437	-0.3581638042066437	-7.216449660063517e-19	True	True
gse162632	original8	primary	43	4	root_05	1000	1	S_to_M	scGen	-0.1291176933666797	-0.12911769336803702	-1.357375156718632e-12	False	False
gse162632	original8	primary	43	4	root_05	1000	1	S_to_M	CPA	-0.42456386522072953	-0.42456386522447026	-3.740929899187506e-12	False	False
gse162632	original8	primary	43	4	root_05	1000	1	S_to_M	CellOT	-0.1379641698403463	-0.13796416983792772	2.418548111782215e-12	False	False
gse162632	original8	primary	43	4	root_06	1000	1	D_to_O	NC	-0.40490719162876515	-0.4049071916287651	-3.1086244689504384e-18	True	True
gse162632	original8	primary	43	4	root_06	1000	1	D_to_O	CM	-0.4115430180316468	-0.4115430180316468	-5.3290705182007515e-18	True	True
gse162632	original8	primary	43	4	root_06	1000	1	D_to_O	TW	-0.40574458345886505	-0.40574458345886505	-4.274358644806853e-18	True	True
gse162632	original8	primary	43	4	root_06	1000	1	D_to_O	PCA	-0.4093801216447229	-0.409380121644723	-2.275957200481571e-18	True	True
gse162632	original8	primary	43	4	root_06	1000	1	D_to_O	RBF	-0.40747130062635734	-0.40747130062635734	-4.551914400963142e-18	True	True
gse162632	original8	primary	43	4	root_06	1000	1	D_to_O	scGen	-0.699123988472434	-0.6881402553609478	0.010983733111486337	False	False
gse162632	original8	primary	43	4	root_06	1000	1	D_to_O	CPA	-1.0530937842388925	-1.0470174910277792	0.006076293211110921	False	False
gse162632	original8	primary	43	4	root_06	1000	1	D_to_O	CellOT	-0.695290343668437	-0.6811906404296891	0.014099703238746921	False	False
gse162632	original8	primary	43	4	root_06	1000	1	D_to_P	NC	-0.40490719162876515	-0.40490719162876515	0.0	True	True
gse162632	original8	primary	43	4	root_06	1000	1	D_to_P	CM	-0.4115430180316468	-0.4115430180316468	0.0	True	True
gse162632	original8	primary	43	4	root_06	1000	1	D_to_P	TW	-0.40574458345886505	-0.40574458345886505	0.0	True	True
gse162632	original8	primary	43	4	root_06	1000	1	D_to_P	PCA	-0.4093801216447229	-0.4093801216447229	0.0	True	True
gse162632	original8	primary	43	4	root_06	1000	1	D_to_P	RBF	-0.40747130062635734	-0.40747130062635734	0.0	True	True
gse162632	original8	primary	43	4	root_06	1000	1	D_to_P	scGen	-0.699123988472434	-0.7101077215889687	-0.010983733116535156	False	False
gse162632	original8	primary	43	4	root_06	1000	1	D_to_P	CPA	-1.0530937842388925	-1.059170077470185	-0.006076293231292759	False	False
gse162632	original8	primary	43	4	root_06	1000	1	D_to_P	CellOT	-0.695290343668437	-0.7093900468971159	-0.014099703228679655	False	False
gse162632	original8	primary	43	4	root_06	1000	1	S_to_M	NC	-0.40490719162876515	-0.40490719162876515	1.6486811915683574e-17	True	True
gse162632	original8	primary	43	4	root_06	1000	1	S_to_M	CM	-0.41154301803164683	-0.4115430180316468	1.6209256159527284e-17	True	True
gse162632	original8	primary	43	4	root_06	1000	1	S_to_M	TW	-0.40574458345886516	-0.40574458345886505	1.6986412276764895e-17	True	True
gse162632	original8	primary	43	4	root_06	1000	1	S_to_M	PCA	-0.409380121644723	-0.4093801216447229	1.5432100042289677e-17	True	True
gse162632	original8	primary	43	4	root_06	1000	1	S_to_M	RBF	-0.4074713006263574	-0.40747130062635734	1.659783421814609e-17	True	True
gse162632	original8	primary	43	4	root_06	1000	1	S_to_M	scGen	-0.18181185616486167	-0.18181185616736903	-2.507357543812816e-12	False	False
gse162632	original8	primary	43	4	root_06	1000	1	S_to_M	CPA	-0.535781651941226	-0.5357816519237589	1.7467316371089224e-11	False	False
gse162632	original8	primary	43	4	root_06	1000	1	S_to_M	CellOT	-0.17797821135274328	-0.1779782113574982	-4.754675014817522e-12	False	False
gse162632	original8	primary	43	4	root_07	1000	1	D_to_O	NC	-0.4252949607573834	-0.4252949607573833	-3.608224830031759e-18	True	True
gse162632	original8	primary	43	4	root_07	1000	1	D_to_O	CM	-0.36457811264285866	-0.36457811264285866	-2.7755575615628914e-19	True	True
gse162632	original8	primary	43	4	root_07	1000	1	D_to_O	TW	-0.36403037613023115	-0.36403037613023115	-1.0547118733938987e-18	True	True
gse162632	original8	primary	43	4	root_07	1000	1	D_to_O	PCA	-0.3631515038486008	-0.36315150384860073	-7.771561172376096e-19	True	True
gse162632	original8	primary	43	4	root_07	1000	1	D_to_O	RBF	-0.36392729245726163	-0.36392729245726163	-1.3877787807814458e-18	True	True
gse162632	original8	primary	43	4	root_07	1000	1	D_to_O	scGen	-0.6094057951395698	-0.5973119295718382	0.0120938655677322	False	False
gse162632	original8	primary	43	4	root_07	1000	1	D_to_O	CPA	-0.9233740523937771	-0.916172821580147	0.007201230813628426	False	False
gse162632	original8	primary	43	4	root_07	1000	1	D_to_O	CellOT	-0.6159562504291042	-0.6004376389225945	0.015518611506509883	False	False
gse162632	original8	primary	43	4	root_07	1000	1	D_to_P	NC	-0.4252949607573834	-0.4252949607573834	0.0	True	True
gse162632	original8	primary	43	4	root_07	1000	1	D_to_P	CM	-0.36457811264285866	-0.36457811264285866	0.0	True	True
gse162632	original8	primary	43	4	root_07	1000	1	D_to_P	TW	-0.36403037613023115	-0.36403037613023115	0.0	True	True
gse162632	original8	primary	43	4	root_07	1000	1	D_to_P	PCA	-0.3631515038486008	-0.3631515038486008	0.0	True	True
gse162632	original8	primary	43	4	root_07	1000	1	D_to_P	RBF	-0.36392729245726163	-0.36392729245726163	0.0	True	True
gse162632	original8	primary	43	4	root_07	1000	1	D_to_P	scGen	-0.6094057951395698	-0.6214996606933277	-0.012093865553757892	False	False
gse162632	original8	primary	43	4	root_07	1000	1	D_to_P	CPA	-0.9233740523937771	-0.9305752832031109	-0.007201230809332833	False	False
gse162632	original8	primary	43	4	root_07	1000	1	D_to_P	CellOT	-0.6159562504291042	-0.631474861924256	-0.015518611495150533	False	False
gse162632	original8	primary	43	4	root_07	1000	1	S_to_M	NC	-0.4252949607573834	-0.4252949607573834	1.609823385706477e-17	True	True
gse162632	original8	primary	43	4	root_07	1000	1	S_to_M	CM	-0.36457811264285866	-0.36457811264285866	-2.220446049250313e-19	True	True
gse162632	original8	primary	43	4	root_07	1000	1	S_to_M	TW	-0.36403037613023115	-0.36403037613023115	-2.7755575615628914e-19	True	True
gse162632	original8	primary	43	4	root_07	1000	1	S_to_M	PCA	-0.3631515038486008	-0.3631515038486008	-4.440892098500626e-19	True	True
gse162632	original8	primary	43	4	root_07	1000	1	S_to_M	RBF	-0.36392729245726174	-0.36392729245726163	-2.220446049250313e-19	True	True
gse162632	original8	primary	43	4	root_07	1000	1	S_to_M	scGen	-0.13305223573369238	-0.13305223574305297	-9.360671654468078e-12	False	False
gse162632	original8	primary	43	4	root_07	1000	1	S_to_M	CPA	-0.4470204930036436	-0.4470204930077774	-4.132961084479803e-12	False	False
gse162632	original8	primary	43	4	root_07	1000	1	S_to_M	CellOT	-0.1396026910241694	-0.1396026910372402	-1.3070983601037867e-11	False	False
gse162632	original8	primary	43	6	equal_eight_root_mean	1000	8	D_to_O	NC	-0.3398228156843802	-0.3398228156843802	-1.2420620087993936e-18	True	True
gse162632	original8	primary	43	6	equal_eight_root_mean	1000	8	D_to_O	CM	-0.27987184711728075	-0.27987184711728075	-1.0755285551056204e-18	True	True
gse162632	original8	primary	43	6	equal_eight_root_mean	1000	8	D_to_O	TW	-0.27828924309187725	-0.27828924309187725	-6.661338147750939e-19	True	True
gse162632	original8	primary	43	6	equal_eight_root_mean	1000	8	D_to_O	PCA	-0.27841628641544286	-0.27841628641544286	-9.99200722162641e-19	True	True
gse162632	original8	primary	43	6	equal_eight_root_mean	1000	8	D_to_O	RBF	-0.27861952405360446	-0.27861952405360446	-1.0894063429134349e-18	True	True
gse162632	original8	primary	43	6	equal_eight_root_mean	1000	8	D_to_O	scGen	-0.444097560852623	-0.4360256005904239	0.008071960262199251	False	False
gse162632	original8	primary	43	6	equal_eight_root_mean	1000	8	D_to_O	CPA	-0.7352849283283818	-0.7302115626434879	0.00507336568489436	False	False
gse162632	original8	primary	43	6	equal_eight_root_mean	1000	8	D_to_O	CellOT	-0.44895826304384273	-0.4385925112198917	0.01036575182395123	False	False
gse162632	original8	primary	43	6	equal_eight_root_mean	1000	8	D_to_P	NC	-0.3398228156843802	-0.3398228156843802	0.0	True	True
gse162632	original8	primary	43	6	equal_eight_root_mean	1000	8	D_to_P	CM	-0.27987184711728075	-0.27987184711728075	0.0	True	True
gse162632	original8	primary	43	6	equal_eight_root_mean	1000	8	D_to_P	TW	-0.27828924309187725	-0.27828924309187725	0.0	True	True
gse162632	original8	primary	43	6	equal_eight_root_mean	1000	8	D_to_P	PCA	-0.27841628641544286	-0.27841628641544286	0.0	True	True
gse162632	original8	primary	43	6	equal_eight_root_mean	1000	8	D_to_P	RBF	-0.27861952405360446	-0.27861952405360446	0.0	True	True
gse162632	original8	primary	43	6	equal_eight_root_mean	1000	8	D_to_P	scGen	-0.444097560852623	-0.45216952111393915	-0.008071960261316216	False	False
gse162632	original8	primary	43	6	equal_eight_root_mean	1000	8	D_to_P	CPA	-0.7352849283283818	-0.7403582940074818	-0.0050733656790998725	False	False
gse162632	original8	primary	43	6	equal_eight_root_mean	1000	8	D_to_P	CellOT	-0.44895826304384273	-0.45932401486563423	-0.010365751821791355	False	False
gse162632	original8	primary	43	6	equal_eight_root_mean	1000	8	S_to_M	NC	-0.3398228156843802	-0.3398228156843802	-7.2858385991025905e-19	True	True
gse162632	original8	primary	43	6	equal_eight_root_mean	1000	8	S_to_M	CM	-0.2798718471172808	-0.27987184711728075	-1.1241008124329708e-18	True	True
gse162632	original8	primary	43	6	equal_eight_root_mean	1000	8	S_to_M	TW	-0.2782892430918773	-0.27828924309187725	-8.604228440844962e-19	True	True
gse162632	original8	primary	43	6	equal_eight_root_mean	1000	8	S_to_M	PCA	-0.27841628641544286	-0.27841628641544286	-8.81239525796218e-19	True	True
gse162632	original8	primary	43	6	equal_eight_root_mean	1000	8	S_to_M	RBF	-0.27861952405360446	-0.27861952405360446	-6.245004513516505e-19	True	True
gse162632	original8	primary	43	6	equal_eight_root_mean	1000	8	S_to_M	scGen	-0.13236704537242797	-0.13236704537383548	-1.4073726802010799e-12	False	False
gse162632	original8	primary	43	6	equal_eight_root_mean	1000	8	S_to_M	CPA	-0.4235544128305384	-0.4235544128346547	-4.116795446207355e-12	False	False
gse162632	original8	primary	43	6	equal_eight_root_mean	1000	8	S_to_M	CellOT	-0.13722774756330258	-0.13722774756562794	-2.3252418671071417e-12	False	False
gse162632	original8	primary	43	6	root_00	1000	1	D_to_O	NC	-0.34102551748717674	-0.34102551748717674	-1.6653345369377347e-18	True	True
gse162632	original8	primary	43	6	root_00	1000	1	D_to_O	CM	-0.2925706308829541	-0.2925706308829541	-1.1657341758564144e-18	True	True
gse162632	original8	primary	43	6	root_00	1000	1	D_to_O	TW	-0.28958349781164594	-0.28958349781164594	-3.3306690738754697e-19	True	True
gse162632	original8	primary	43	6	root_00	1000	1	D_to_O	PCA	-0.290224883039953	-0.290224883039953	-1.27675647831893e-18	True	True
gse162632	original8	primary	43	6	root_00	1000	1	D_to_O	RBF	-0.2904411486896899	-0.2904411486896899	-5.551115123125783e-19	True	True
gse162632	original8	primary	43	6	root_00	1000	1	D_to_O	scGen	-0.4619447073991945	-0.4529172755274502	0.009027431871744178	False	False
gse162632	original8	primary	43	6	root_00	1000	1	D_to_O	CPA	-0.7975929438419356	-0.7919875671904941	0.00560537665144332	False	False
gse162632	original8	primary	43	6	root_00	1000	1	D_to_O	CellOT	-0.4697967765164575	-0.45830125951977285	0.011495516996684555	False	False
gse162632	original8	primary	43	6	root_00	1000	1	D_to_P	NC	-0.34102551748717674	-0.34102551748717674	0.0	True	True
gse162632	original8	primary	43	6	root_00	1000	1	D_to_P	CM	-0.2925706308829541	-0.2925706308829541	0.0	True	True
gse162632	original8	primary	43	6	root_00	1000	1	D_to_P	TW	-0.28958349781164594	-0.28958349781164594	0.0	True	True
gse162632	original8	primary	43	6	root_00	1000	1	D_to_P	PCA	-0.290224883039953	-0.290224883039953	0.0	True	True
gse162632	original8	primary	43	6	root_00	1000	1	D_to_P	RBF	-0.2904411486896899	-0.2904411486896899	0.0	True	True
gse162632	original8	primary	43	6	root_00	1000	1	D_to_P	scGen	-0.4619447073991945	-0.4709721392767503	-0.009027431877556356	False	False
gse162632	original8	primary	43	6	root_00	1000	1	D_to_P	CPA	-0.7975929438419356	-0.8031983205279917	-0.005605376686055568	False	False
gse162632	original8	primary	43	6	root_00	1000	1	D_to_P	CellOT	-0.4697967765164575	-0.48129229351305197	-0.01149551699659378	False	False
gse162632	original8	primary	43	6	root_00	1000	1	S_to_M	NC	-0.34102551748717674	-0.34102551748717674	-7.771561172376096e-19	True	True
gse162632	original8	primary	43	6	root_00	1000	1	S_to_M	CM	-0.2925706308829541	-0.2925706308829541	-1.8873791418627663e-18	True	True
gse162632	original8	primary	43	6	root_00	1000	1	S_to_M	TW	-0.28958349781164594	-0.28958349781164594	3.3306690738754697e-19	True	True
gse162632	original8	primary	43	6	root_00	1000	1	S_to_M	PCA	-0.290224883039953	-0.290224883039953	-2.220446049250313e-19	True	True
gse162632	original8	primary	43	6	root_00	1000	1	S_to_M	RBF	-0.2904411486896899	-0.2904411486896899	-1.2212453270876721e-18	True	True
gse162632	original8	primary	43	6	root_00	1000	1	S_to_M	scGen	-0.13600693675142697	-0.1360069367488382	2.589171821387737e-12	False	False
gse162632	original8	primary	43	6	root_00	1000	1	S_to_M	CPA	-0.4716551732072658	-0.47165517318077943	2.648575181396495e-11	False	False
gse162632	original8	primary	43	6	root_00	1000	1	S_to_M	CellOT	-0.14385900586503875	-0.14385900586667918	-1.6404681224546636e-12	False	False
gse162632	original8	primary	43	6	root_01	1000	1	D_to_O	NC	-0.3624718944540366	-0.3624718944540366	-7.771561172376096e-19	True	True
gse162632	original8	primary	43	6	root_01	1000	1	D_to_O	CM	-0.2679599173027739	-0.2679599173027739	-1.0547118733938987e-18	True	True
gse162632	original8	primary	43	6	root_01	1000	1	D_to_O	TW	-0.26845870247745124	-0.2684587024774512	-5.551115123125783e-19	True	True
gse162632	original8	primary	43	6	root_01	1000	1	D_to_O	PCA	-0.2670826760857811	-0.2670826760857811	-9.992007221626408e-19	True	True
gse162632	original8	primary	43	6	root_01	1000	1	D_to_O	RBF	-0.26810935741507486	-0.26810935741507486	-7.771561172376096e-19	True	True
gse162632	original8	primary	43	6	root_01	1000	1	D_to_O	scGen	-0.42892422444987427	-0.42094336671665783	0.007980857733215944	False	False
gse162632	original8	primary	43	6	root_01	1000	1	D_to_O	CPA	-0.675470127079589	-0.6696660708276702	0.005804056251918781	False	False
gse162632	original8	primary	43	6	root_01	1000	1	D_to_O	CellOT	-0.4337229388177937	-0.422998841298726	0.010724097519068311	False	False
gse162632	original8	primary	43	6	root_01	1000	1	D_to_P	NC	-0.3624718944540366	-0.3624718944540366	0.0	True	True
gse162632	original8	primary	43	6	root_01	1000	1	D_to_P	CM	-0.2679599173027739	-0.2679599173027739	0.0	True	True
gse162632	original8	primary	43	6	root_01	1000	1	D_to_P	TW	-0.26845870247745124	-0.26845870247745124	0.0	True	True
gse162632	original8	primary	43	6	root_01	1000	1	D_to_P	PCA	-0.2670826760857811	-0.2670826760857811	0.0	True	True
gse162632	original8	primary	43	6	root_01	1000	1	D_to_P	RBF	-0.26810935741507486	-0.26810935741507486	0.0	True	True
gse162632	original8	primary	43	6	root_01	1000	1	D_to_P	scGen	-0.42892422444987427	-0.43690508218305657	-0.007980857733182203	False	False
gse162632	original8	primary	43	6	root_01	1000	1	D_to_P	CPA	-0.675470127079589	-0.681274183329801	-0.005804056250211297	False	False
gse162632	original8	primary	43	6	root_01	1000	1	D_to_P	CellOT	-0.4337229388177937	-0.44444703633972693	-0.010724097521933009	False	False
gse162632	original8	primary	43	6	root_01	1000	1	S_to_M	NC	-0.3624718944540366	-0.3624718944540366	4.440892098500626e-19	True	True
gse162632	original8	primary	43	6	root_01	1000	1	S_to_M	CM	-0.2679599173027739	-0.2679599173027739	-7.216449660063517e-19	True	True
gse162632	original8	primary	43	6	root_01	1000	1	S_to_M	TW	-0.2684587024774512	-0.26845870247745124	-1.609823385706477e-18	True	True
gse162632	original8	primary	43	6	root_01	1000	1	S_to_M	PCA	-0.2670826760857811	-0.2670826760857811	-4.996003610813204e-19	True	True
gse162632	original8	primary	43	6	root_01	1000	1	S_to_M	RBF	-0.26810935741507486	-0.26810935741507486	-2.7755575615628914e-19	True	True
gse162632	original8	primary	43	6	root_01	1000	1	S_to_M	scGen	-0.1251752809698402	-0.12517528096716626	2.6739395975194925e-12	False	False
gse162632	original8	primary	43	6	root_01	1000	1	S_to_M	CPA	-0.371721183531937	-0.37172118353541245	-3.47654222077054e-12	False	False
gse162632	original8	primary	43	6	root_01	1000	1	S_to_M	CellOT	-0.12997399532789075	-0.12997399532884657	-9.55565876425979e-13	False	False
gse162632	original8	primary	43	6	root_02	1000	1	D_to_O	NC	-0.342359951039915	-0.342359951039915	-7.771561172376096e-19	True	True
gse162632	original8	primary	43	6	root_02	1000	1	D_to_O	CM	-0.2577292390326306	-0.2577292390326306	-9.992007221626408e-19	True	True
gse162632	original8	primary	43	6	root_02	1000	1	D_to_O	TW	-0.2576457313359588	-0.2576457313359588	-6.661338147750939e-19	True	True
gse162632	original8	primary	43	6	root_02	1000	1	D_to_O	PCA	-0.25648022737643006	-0.25648022737643006	-1.8318679906315084e-18	True	True
gse162632	original8	primary	43	6	root_02	1000	1	D_to_O	RBF	-0.25748528480141747	-0.25748528480141747	-7.771561172376096e-19	True	True
gse162632	original8	primary	43	6	root_02	1000	1	D_to_O	scGen	-0.4096646911053685	-0.4005582436697681	0.009106447435600584	False	False
gse162632	original8	primary	43	6	root_02	1000	1	D_to_O	CPA	-0.6580929998155832	-0.6529072388431545	0.005185760972428098	False	False
gse162632	original8	primary	43	6	root_02	1000	1	D_to_O	CellOT	-0.4151689762999751	-0.40433569058632934	0.010833285713645025	False	False
gse162632	original8	primary	43	6	root_02	1000	1	D_to_P	NC	-0.342359951039915	-0.342359951039915	0.0	True	True
gse162632	original8	primary	43	6	root_02	1000	1	D_to_P	CM	-0.2577292390326306	-0.2577292390326306	0.0	True	True
gse162632	original8	primary	43	6	root_02	1000	1	D_to_P	TW	-0.2576457313359588	-0.2576457313359588	0.0	True	True
gse162632	original8	primary	43	6	root_02	1000	1	D_to_P	PCA	-0.25648022737643006	-0.25648022737643006	0.0	True	True
gse162632	original8	primary	43	6	root_02	1000	1	D_to_P	RBF	-0.25748528480141747	-0.25748528480141747	0.0	True	True
gse162632	original8	primary	43	6	root_02	1000	1	D_to_P	scGen	-0.4096646911053685	-0.41877113853980746	-0.009106447434438851	False	False
gse162632	original8	primary	43	6	root_02	1000	1	D_to_P	CPA	-0.6580929998155832	-0.663278760785785	-0.0051857609702023995	False	False
gse162632	original8	primary	43	6	root_02	1000	1	D_to_P	CellOT	-0.4151689762999751	-0.4260022620175584	-0.0108332857175836	False	False
gse162632	original8	primary	43	6	root_02	1000	1	S_to_M	NC	-0.342359951039915	-0.342359951039915	-9.436895709313831e-19	True	True
gse162632	original8	primary	43	6	root_02	1000	1	S_to_M	CM	-0.2577292390326306	-0.2577292390326306	-7.216449660063517e-19	True	True
gse162632	original8	primary	43	6	root_02	1000	1	S_to_M	TW	-0.2576457313359588	-0.2576457313359588	-7.771561172376096e-19	True	True
gse162632	original8	primary	43	6	root_02	1000	1	S_to_M	PCA	-0.25648022737643006	-0.25648022737643006	-2.220446049250313e-19	True	True
gse162632	original8	primary	43	6	root_02	1000	1	S_to_M	RBF	-0.25748528480141747	-0.25748528480141747	-1.2212453270876721e-18	True	True
gse162632	original8	primary	43	6	root_02	1000	1	S_to_M	scGen	-0.11738306046440197	-0.11738306046705418	-2.6520848295241708e-12	False	False
gse162632	original8	primary	43	6	root_02	1000	1	S_to_M	CPA	-0.36581136918384166	-0.36581136918209783	1.744014932469895e-12	False	False
gse162632	original8	primary	43	6	root_02	1000	1	S_to_M	CellOT	-0.12288734566300245	-0.12288734566428658	-1.284253439703953e-12	False	False
gse162632	original8	primary	43	6	root_03	1000	1	D_to_O	NC	-0.3225800361445955	-0.3225800361445955	-2.0539125955565395e-18	True	True
gse162632	original8	primary	43	6	root_03	1000	1	D_to_O	CM	-0.2635368726139615	-0.2635368726139615	-1.3877787807814458e-18	True	True
gse162632	original8	primary	43	6	root_03	1000	1	D_to_O	TW	-0.26185048266419453	-0.26185048266419453	-1.0547118733938987e-18	True	True
gse162632	original8	primary	43	6	root_03	1000	1	D_to_O	PCA	-0.2624293295988094	-0.2624293295988094	-9.436895709313831e-19	True	True
gse162632	original8	primary	43	6	root_03	1000	1	D_to_O	RBF	-0.26221939400772853	-0.26221939400772853	-1.1102230246251566e-18	True	True
gse162632	original8	primary	43	6	root_03	1000	1	D_to_O	scGen	-0.41232613030331133	-0.40336645972116264	0.008959670582148733	False	False
gse162632	original8	primary	43	6	root_03	1000	1	D_to_O	CPA	-0.6788606809771288	-0.6731861942135661	0.005674486763563265	False	False
gse162632	original8	primary	43	6	root_03	1000	1	D_to_O	CellOT	-0.4208727558858227	-0.40957496238427626	0.011297793501546236	False	False
gse162632	original8	primary	43	6	root_03	1000	1	D_to_P	NC	-0.3225800361445955	-0.3225800361445955	0.0	True	True
gse162632	original8	primary	43	6	root_03	1000	1	D_to_P	CM	-0.2635368726139615	-0.2635368726139615	0.0	True	True
gse162632	original8	primary	43	6	root_03	1000	1	D_to_P	TW	-0.26185048266419453	-0.26185048266419453	0.0	True	True
gse162632	original8	primary	43	6	root_03	1000	1	D_to_P	PCA	-0.2624293295988094	-0.2624293295988094	0.0	True	True
gse162632	original8	primary	43	6	root_03	1000	1	D_to_P	RBF	-0.26221939400772853	-0.26221939400772853	0.0	True	True
gse162632	original8	primary	43	6	root_03	1000	1	D_to_P	scGen	-0.41232613030331133	-0.42128580088080125	-0.008959670577489885	False	False
gse162632	original8	primary	43	6	root_03	1000	1	D_to_P	CPA	-0.6788606809771288	-0.6845351677264837	-0.005674486749353535	False	False
gse162632	original8	primary	43	6	root_03	1000	1	D_to_P	CellOT	-0.4208727558858227	-0.43217054938271426	-0.011297793496891872	False	False
gse162632	original8	primary	43	6	root_03	1000	1	S_to_M	NC	-0.3225800361445955	-0.3225800361445955	-4.996003610813204e-19	True	True
gse162632	original8	primary	43	6	root_03	1000	1	S_to_M	CM	-0.2635368726139615	-0.2635368726139615	-1.0547118733938987e-18	True	True
gse162632	original8	primary	43	6	root_03	1000	1	S_to_M	TW	-0.26185048266419453	-0.26185048266419453	-8.326672684688674e-19	True	True
gse162632	original8	primary	43	6	root_03	1000	1	S_to_M	PCA	-0.2624293295988094	-0.2624293295988094	-4.996003610813204e-19	True	True
gse162632	original8	primary	43	6	root_03	1000	1	S_to_M	RBF	-0.26221939400772853	-0.26221939400772853	0.0	True	True
gse162632	original8	primary	43	6	root_03	1000	1	S_to_M	scGen	-0.12063257645129587	-0.12063257645712193	-5.826099186423406e-12	False	False
gse162632	original8	primary	43	6	root_03	1000	1	S_to_M	CPA	-0.3871671270761398	-0.3871671270812596	-5.120584234408198e-12	False	False
gse162632	original8	primary	43	6	root_03	1000	1	S_to_M	CellOT	-0.12917920203818423	-0.12917920204289246	-4.708191114755067e-12	False	False
gse162632	original8	primary	43	6	root_04	1000	1	D_to_O	NC	-0.34304276418790997	-0.34304276418790997	-1.5543122344752192e-18	True	True
gse162632	original8	primary	43	6	root_04	1000	1	D_to_O	CM	-0.26682936654624684	-0.26682936654624684	-1.4432899320127034e-18	True	True
gse162632	original8	primary	43	6	root_04	1000	1	D_to_O	TW	-0.2667901914843827	-0.2667901914843827	-8.326672684688674e-19	True	True
gse162632	original8	primary	43	6	root_04	1000	1	D_to_O	PCA	-0.2655609047376281	-0.2655609047376281	-7.216449660063517e-19	True	True
gse162632	original8	primary	43	6	root_04	1000	1	D_to_O	RBF	-0.2665620504460902	-0.2665620504460902	-1.1102230246251566e-18	True	True
gse162632	original8	primary	43	6	root_04	1000	1	D_to_O	scGen	-0.4217567932841588	-0.4145821364341065	0.007174656850053366	False	False
gse162632	original8	primary	43	6	root_04	1000	1	D_to_O	CPA	-0.6923099667120931	-0.6876927096857166	0.00461725702637716	False	False
gse162632	original8	primary	43	6	root_04	1000	1	D_to_O	CellOT	-0.4247742215646084	-0.4151705099587658	0.009603711605842299	False	False
gse162632	original8	primary	43	6	root_04	1000	1	D_to_P	NC	-0.34304276418790997	-0.34304276418790997	0.0	True	True
gse162632	original8	primary	43	6	root_04	1000	1	D_to_P	CM	-0.26682936654624684	-0.26682936654624684	0.0	True	True
gse162632	original8	primary	43	6	root_04	1000	1	D_to_P	TW	-0.2667901914843827	-0.2667901914843827	0.0	True	True
gse162632	original8	primary	43	6	root_04	1000	1	D_to_P	PCA	-0.2655609047376281	-0.2655609047376281	0.0	True	True
gse162632	original8	primary	43	6	root_04	1000	1	D_to_P	RBF	-0.2665620504460902	-0.2665620504460902	0.0	True	True
gse162632	original8	primary	43	6	root_04	1000	1	D_to_P	scGen	-0.4217567932841588	-0.4289314501348122	-0.007174656850652663	False	False
gse162632	original8	primary	43	6	root_04	1000	1	D_to_P	CPA	-0.6923099667120931	-0.6969272237363262	-0.004617257024233447	False	False
gse162632	original8	primary	43	6	root_04	1000	1	D_to_P	CellOT	-0.4247742215646084	-0.43437793317633483	-0.009603711611726606	False	False
gse162632	original8	primary	43	6	root_04	1000	1	S_to_M	NC	-0.34304276418790997	-0.34304276418790997	-4.996003610813204e-19	True	True
gse162632	original8	primary	43	6	root_04	1000	1	S_to_M	CM	-0.26682936654624684	-0.26682936654624684	-1.6653345369377347e-18	True	True
gse162632	original8	primary	43	6	root_04	1000	1	S_to_M	TW	-0.2667901914843827	-0.2667901914843827	-1.942890293094024e-18	True	True
gse162632	original8	primary	43	6	root_04	1000	1	S_to_M	PCA	-0.2655609047376281	-0.2655609047376281	-6.661338147750939e-19	True	True
gse162632	original8	primary	43	6	root_04	1000	1	S_to_M	RBF	-0.2665620504460902	-0.2665620504460902	4.440892098500626e-19	True	True
gse162632	original8	primary	43	6	root_04	1000	1	S_to_M	scGen	-0.1228237252019277	-0.1228237252009628	9.648171983567267e-13	False	False
gse162632	original8	primary	43	6	root_04	1000	1	S_to_M	CPA	-0.3933768985811329	-0.39337689858463787	-3.5046457957932377e-12	False	False
gse162632	original8	primary	43	6	root_04	1000	1	S_to_M	CellOT	-0.12584115349824604	-0.1258411534881473	1.0098878802655697e-11	False	False
gse162632	original8	primary	43	6	root_05	1000	1	D_to_O	NC	-0.342475476055104	-0.342475476055104	-9.992007221626408e-19	True	True
gse162632	original8	primary	43	6	root_05	1000	1	D_to_O	CM	-0.27984274678354676	-0.27984274678354676	-1.4988010832439613e-18	True	True
gse162632	original8	primary	43	6	root_05	1000	1	D_to_O	TW	-0.2778160365156841	-0.2778160365156841	3.3306690738754697e-19	True	True
gse162632	original8	primary	43	6	root_05	1000	1	D_to_O	PCA	-0.27862762381132294	-0.27862762381132294	-8.326672684688674e-19	True	True
gse162632	original8	primary	43	6	root_05	1000	1	D_to_O	RBF	-0.2783497957111473	-0.2783497957111473	-1.8318679906315084e-18	True	True
gse162632	original8	primary	43	6	root_05	1000	1	D_to_O	scGen	-0.4460273827651636	-0.43905805720242475	0.006969325562739484	False	False
gse162632	original8	primary	43	6	root_05	1000	1	D_to_O	CPA	-0.7402742077198613	-0.7354016960216331	0.004872511698228641	False	False
gse162632	original8	primary	43	6	root_05	1000	1	D_to_O	CellOT	-0.4538978034618182	-0.44460140959834765	0.009296393863471305	False	False
gse162632	original8	primary	43	6	root_05	1000	1	D_to_P	NC	-0.342475476055104	-0.342475476055104	0.0	True	True
gse162632	original8	primary	43	6	root_05	1000	1	D_to_P	CM	-0.27984274678354676	-0.27984274678354676	0.0	True	True
gse162632	original8	primary	43	6	root_05	1000	1	D_to_P	TW	-0.2778160365156841	-0.2778160365156841	0.0	True	True
gse162632	original8	primary	43	6	root_05	1000	1	D_to_P	PCA	-0.27862762381132294	-0.27862762381132294	0.0	True	True
gse162632	original8	primary	43	6	root_05	1000	1	D_to_P	RBF	-0.2783497957111473	-0.2783497957111473	0.0	True	True
gse162632	original8	primary	43	6	root_05	1000	1	D_to_P	scGen	-0.4460273827651636	-0.4529967083284527	-0.0069693255632883085	False	False
gse162632	original8	primary	43	6	root_05	1000	1	D_to_P	CPA	-0.7402742077198613	-0.7451467194001723	-0.004872511680310906	False	False
gse162632	original8	primary	43	6	root_05	1000	1	D_to_P	CellOT	-0.4538978034618182	-0.46319419731263367	-0.009296393850815121	False	False
gse162632	original8	primary	43	6	root_05	1000	1	S_to_M	NC	-0.342475476055104	-0.342475476055104	-6.661338147750939e-19	True	True
gse162632	original8	primary	43	6	root_05	1000	1	S_to_M	CM	-0.27984274678354676	-0.27984274678354676	1.1102230246251566e-19	True	True
gse162632	original8	primary	43	6	root_05	1000	1	S_to_M	TW	-0.2778160365156841	-0.2778160365156841	-1.7208456881689926e-18	True	True
gse162632	original8	primary	43	6	root_05	1000	1	S_to_M	PCA	-0.27862762381132294	-0.27862762381132294	-1.4432899320127034e-18	True	True
gse162632	original8	primary	43	6	root_05	1000	1	S_to_M	RBF	-0.2783497957111473	-0.2783497957111473	-1.3877787807814458e-18	True	True
gse162632	original8	primary	43	6	root_05	1000	1	S_to_M	scGen	-0.1271199390157214	-0.12711993901987959	-4.1579961973514655e-12	False	False
gse162632	original8	primary	43	6	root_05	1000	1	S_to_M	CPA	-0.4213667639515087	-0.42136676397194844	-2.044036490067569e-11	False	False
gse162632	original8	primary	43	6	root_05	1000	1	S_to_M	CellOT	-0.13499035970840284	-0.13499035971363638	-5.233445732333308e-12	False	False
gse162632	original8	primary	43	6	root_06	1000	1	D_to_O	NC	-0.3187756454479282	-0.3187756454479282	-8.881784197001253e-19	True	True
gse162632	original8	primary	43	6	root_06	1000	1	D_to_O	CM	-0.3253928809500873	-0.3253928809500873	-3.885780586188048e-19	True	True
gse162632	original8	primary	43	6	root_06	1000	1	D_to_O	TW	-0.31959808851493154	-0.31959808851493154	-1.1657341758564144e-18	True	True
gse162632	original8	primary	43	6	root_06	1000	1	D_to_O	PCA	-0.32323404840545955	-0.32323404840545955	-4.996003610813204e-19	True	True
gse162632	original8	primary	43	6	root_06	1000	1	D_to_O	RBF	-0.32132337290496954	-0.32132337290496954	-1.2212453270876721e-18	True	True
gse162632	original8	primary	43	6	root_06	1000	1	D_to_O	scGen	-0.5244045892356206	-0.5170727474989014	0.007331841736719309	False	False
gse162632	original8	primary	43	6	root_06	1000	1	D_to_O	CPA	-0.8782106095962201	-0.8741498070176451	0.004060802578575537	False	False
gse162632	original8	primary	43	6	root_06	1000	1	D_to_O	CellOT	-0.5200206782482276	-0.5106382976691414	0.009382380579087031	False	False
gse162632	original8	primary	43	6	root_06	1000	1	D_to_P	NC	-0.3187756454479282	-0.3187756454479282	0.0	True	True
gse162632	original8	primary	43	6	root_06	1000	1	D_to_P	CM	-0.3253928809500873	-0.3253928809500873	0.0	True	True
gse162632	original8	primary	43	6	root_06	1000	1	D_to_P	TW	-0.31959808851493154	-0.31959808851493154	0.0	True	True
gse162632	original8	primary	43	6	root_06	1000	1	D_to_P	PCA	-0.32323404840545955	-0.32323404840545955	0.0	True	True
gse162632	original8	primary	43	6	root_06	1000	1	D_to_P	RBF	-0.32132337290496954	-0.32132337290496954	0.0	True	True
gse162632	original8	primary	43	6	root_06	1000	1	D_to_P	scGen	-0.5244045892356206	-0.5317364309708077	-0.007331841735187443	False	False
gse162632	original8	primary	43	6	root_06	1000	1	D_to_P	CPA	-0.8782106095962201	-0.88227141217158	-0.004060802575360674	False	False
gse162632	original8	primary	43	6	root_06	1000	1	D_to_P	CellOT	-0.5200206782482276	-0.5294030588247365	-0.009382380576508169	False	False
gse162632	original8	primary	43	6	root_06	1000	1	S_to_M	NC	-0.31877564544792814	-0.3187756454479282	-1.4988010832439613e-18	True	True
gse162632	original8	primary	43	6	root_06	1000	1	S_to_M	CM	-0.32539288095008734	-0.3253928809500873	-2.0539125955565395e-18	True	True
gse162632	original8	primary	43	6	root_06	1000	1	S_to_M	TW	-0.31959808851493154	-0.31959808851493154	2.7755575615628914e-19	True	True
gse162632	original8	primary	43	6	root_06	1000	1	S_to_M	PCA	-0.3232340484054596	-0.32323404840545955	-2.886579864025407e-18	True	True
gse162632	original8	primary	43	6	root_06	1000	1	S_to_M	RBF	-0.32132337290496954	-0.32132337290496954	-6.106226635438361e-19	True	True
gse162632	original8	primary	43	6	root_06	1000	1	S_to_M	scGen	-0.17946587792476318	-0.17946587792700697	-2.243531915802066e-12	False	False
gse162632	original8	primary	43	6	root_06	1000	1	S_to_M	CPA	-0.5332718983280897	-0.5332718983284935	-4.046785129219188e-13	False	False
gse162632	original8	primary	43	6	root_06	1000	1	S_to_M	CellOT	-0.17508196692719036	-0.1750819669358879	-8.697192022122379e-12	False	False
gse162632	original8	primary	43	6	root_07	1000	1	D_to_O	NC	-0.3458512406583756	-0.3458512406583756	-1.2212453270876721e-18	True	True
gse162632	original8	primary	43	6	root_07	1000	1	D_to_O	CM	-0.2851131228260453	-0.2851131228260453	-6.661338147750939e-19	True	True
gse162632	original8	primary	43	6	root_07	1000	1	D_to_O	TW	-0.2845712139307694	-0.2845712139307694	-1.0547118733938987e-18	True	True
gse162632	original8	primary	43	6	root_07	1000	1	D_to_O	PCA	-0.2836905982681586	-0.2836905982681586	-8.881784197001253e-19	True	True
gse162632	original8	primary	43	6	root_07	1000	1	D_to_O	RBF	-0.2844657884527175	-0.2844657884527175	-1.3322676295501879e-18	True	True
gse162632	original8	primary	43	6	root_07	1000	1	D_to_O	scGen	-0.4477319682782921	-0.4397065179529194	0.00802545032537241	False	False
gse162632	original8	primary	43	6	root_07	1000	1	D_to_O	CPA	-0.7614678908846443	-0.756701217348024	0.004766673536620083	False	False
gse162632	original8	primary	43	6	root_07	1000	1	D_to_O	CellOT	-0.45341195355603875	-0.44311911874377424	0.010292834812265067	False	False
gse162632	original8	primary	43	6	root_07	1000	1	D_to_P	NC	-0.3458512406583756	-0.3458512406583756	0.0	True	True
gse162632	original8	primary	43	6	root_07	1000	1	D_to_P	CM	-0.2851131228260453	-0.2851131228260453	0.0	True	True
gse162632	original8	primary	43	6	root_07	1000	1	D_to_P	TW	-0.2845712139307694	-0.2845712139307694	0.0	True	True
gse162632	original8	primary	43	6	root_07	1000	1	D_to_P	PCA	-0.2836905982681586	-0.2836905982681586	0.0	True	True
gse162632	original8	primary	43	6	root_07	1000	1	D_to_P	RBF	-0.2844657884527175	-0.2844657884527175	0.0	True	True
gse162632	original8	primary	43	6	root_07	1000	1	D_to_P	scGen	-0.4477319682782921	-0.45575741859702584	-0.008025450318734025	False	False
gse162632	original8	primary	43	6	root_07	1000	1	D_to_P	CPA	-0.7614678908846443	-0.7662345643817146	-0.004766673497071156	False	False
gse162632	original8	primary	43	6	root_07	1000	1	D_to_P	CellOT	-0.45341195355603875	-0.46370478835831713	-0.01029283480227867	False	False
gse162632	original8	primary	43	6	root_07	1000	1	S_to_M	NC	-0.3458512406583756	-0.3458512406583756	-1.3877787807814458e-18	True	True
gse162632	original8	primary	43	6	root_07	1000	1	S_to_M	CM	-0.2851131228260453	-0.2851131228260453	-9.992007221626408e-19	True	True
gse162632	original8	primary	43	6	root_07	1000	1	S_to_M	TW	-0.28457121393076945	-0.2845712139307694	-6.106226635438361e-19	True	True
gse162632	original8	primary	43	6	root_07	1000	1	S_to_M	PCA	-0.2836905982681586	-0.2836905982681586	-6.106226635438361e-19	True	True
gse162632	original8	primary	43	6	root_07	1000	1	S_to_M	RBF	-0.2844657884527175	-0.2844657884527175	-7.216449660063517e-19	True	True
gse162632	original8	primary	43	6	root_07	1000	1	S_to_M	scGen	-0.1303289662000465	-0.13032896620265377	-2.6071979297714876e-12	False	False
gse162632	original8	primary	43	6	root_07	1000	1	S_to_M	CPA	-0.444064888784392	-0.4440648888126087	-2.8217314651524106e-11	False	False
gse162632	original8	primary	43	6	root_07	1000	1	S_to_M	CellOT	-0.13600895147846523	-0.13600895148464714	-6.181697431717481e-12	False	False
gse162632	original8	primary	43	8	equal_eight_root_mean	1000	8	D_to_O	NC	-0.30087629623050133	-0.30087629623050133	-8.881784197001253e-19	True	True
gse162632	original8	primary	43	8	equal_eight_root_mean	1000	8	D_to_O	CM	-0.2409216976488369	-0.24092169764883686	-1.8145207558717403e-18	True	True
gse162632	original8	primary	43	8	equal_eight_root_mean	1000	8	D_to_O	TW	-0.23934065533389823	-0.23934065533389823	-1.800642968063926e-18	True	True
gse162632	original8	primary	43	8	equal_eight_root_mean	1000	8	D_to_O	PCA	-0.23946557208130068	-0.23946557208130068	-1.85268467234323e-18	True	True
gse162632	original8	primary	43	8	equal_eight_root_mean	1000	8	D_to_O	RBF	-0.23967029669384507	-0.23967029669384507	-1.27675647831893e-18	True	True
gse162632	original8	primary	43	8	equal_eight_root_mean	1000	8	D_to_O	scGen	-0.3649313566715369	-0.35884945627201786	0.00608190039951923	False	False
gse162632	original8	primary	43	8	equal_eight_root_mean	1000	8	D_to_O	CPA	-0.6559021979537131	-0.6520845843068385	0.003817613646874662	False	False
gse162632	original8	primary	43	8	equal_eight_root_mean	1000	8	D_to_O	CellOT	-0.36937940272037784	-0.3615750490356257	0.007804353684752003	False	False
gse162632	original8	primary	43	8	equal_eight_root_mean	1000	8	D_to_P	NC	-0.30087629623050133	-0.30087629623050133	0.0	True	True
gse162632	original8	primary	43	8	equal_eight_root_mean	1000	8	D_to_P	CM	-0.2409216976488369	-0.2409216976488369	0.0	True	True
gse162632	original8	primary	43	8	equal_eight_root_mean	1000	8	D_to_P	TW	-0.23934065533389823	-0.23934065533389823	0.0	True	True
gse162632	original8	primary	43	8	equal_eight_root_mean	1000	8	D_to_P	PCA	-0.23946557208130068	-0.23946557208130068	0.0	True	True
gse162632	original8	primary	43	8	equal_eight_root_mean	1000	8	D_to_P	RBF	-0.23967029669384507	-0.23967029669384507	0.0	True	True
gse162632	original8	primary	43	8	equal_eight_root_mean	1000	8	D_to_P	scGen	-0.3649313566715369	-0.3710132570715245	-0.0060819003999875295	False	False
gse162632	original8	primary	43	8	equal_eight_root_mean	1000	8	D_to_P	CPA	-0.6559021979537131	-0.6597198116032686	-0.0038176136495556745	False	False
gse162632	original8	primary	43	8	equal_eight_root_mean	1000	8	D_to_P	CellOT	-0.36937940272037784	-0.3771837564033002	-0.0078043536829221485	False	False
gse162632	original8	primary	43	8	equal_eight_root_mean	1000	8	S_to_M	NC	-0.30087629623050133	-0.30087629623050133	-8.881784197001253e-19	True	True
gse162632	original8	primary	43	8	equal_eight_root_mean	1000	8	S_to_M	CM	-0.2409216976488369	-0.2409216976488369	5.877243136609422e-18	True	True
gse162632	original8	primary	43	8	equal_eight_root_mean	1000	8	S_to_M	TW	-0.23934065533389823	-0.23934065533389823	6.109696082390315e-18	True	True
gse162632	original8	primary	43	8	equal_eight_root_mean	1000	8	S_to_M	PCA	-0.23946557208130068	-0.23946557208130068	6.227657278756737e-18	True	True
gse162632	original8	primary	43	8	equal_eight_root_mean	1000	8	S_to_M	RBF	-0.23967029669384507	-0.23967029669384507	5.7419347054832316e-18	True	True
gse162632	original8	primary	43	8	equal_eight_root_mean	1000	8	S_to_M	scGen	-0.13109548213690023	-0.13109548213577493	1.1253109156311726e-12	False	False
gse162632	original8	primary	43	8	equal_eight_root_mean	1000	8	S_to_M	CPA	-0.42206632342740347	-0.4220663234272267	1.768695537252006e-13	False	False
gse162632	original8	primary	43	8	equal_eight_root_mean	1000	8	S_to_M	CellOT	-0.13554352818853668	-0.13554352818931578	-7.791049420197151e-13	False	False
gse162632	original8	primary	43	8	root_00	1000	1	D_to_O	NC	-0.3003647506436976	-0.3003647506436976	-8.881784197001253e-19	True	True
gse162632	original8	primary	43	8	root_00	1000	1	D_to_O	CM	-0.2518870662751627	-0.2518870662751627	-1.304512053934559e-18	True	True
gse162632	original8	primary	43	8	root_00	1000	1	D_to_O	TW	-0.24890083088933948	-0.24890083088933948	-2.275957200481571e-18	True	True
gse162632	original8	primary	43	8	root_00	1000	1	D_to_O	PCA	-0.24954353596233075	-0.24954353596233075	-1.6653345369377347e-18	True	True
gse162632	original8	primary	43	8	root_00	1000	1	D_to_O	RBF	-0.24975823453442642	-0.24975823453442642	-1.1657341758564144e-18	True	True
gse162632	original8	primary	43	8	root_00	1000	1	D_to_O	scGen	-0.3793114440085109	-0.37244102470041207	0.0068704193080990315	False	False
gse162632	original8	primary	43	8	root_00	1000	1	D_to_O	CPA	-0.7148226915926388	-0.7105560240769413	0.004266667515696046	False	False
gse162632	original8	primary	43	8	root_00	1000	1	D_to_O	CellOT	-0.38657717760133786	-0.377896485347045	0.008680692254293113	False	False
gse162632	original8	primary	43	8	root_00	1000	1	D_to_P	NC	-0.3003647506436976	-0.3003647506436976	0.0	True	True
gse162632	original8	primary	43	8	root_00	1000	1	D_to_P	CM	-0.2518870662751627	-0.2518870662751627	0.0	True	True
gse162632	original8	primary	43	8	root_00	1000	1	D_to_P	TW	-0.24890083088933948	-0.24890083088933948	0.0	True	True
gse162632	original8	primary	43	8	root_00	1000	1	D_to_P	PCA	-0.24954353596233075	-0.24954353596233075	0.0	True	True
gse162632	original8	primary	43	8	root_00	1000	1	D_to_P	RBF	-0.24975823453442642	-0.24975823453442642	0.0	True	True
gse162632	original8	primary	43	8	root_00	1000	1	D_to_P	scGen	-0.3793114440085109	-0.3861818633225517	-0.006870419314041346	False	False
gse162632	original8	primary	43	8	root_00	1000	1	D_to_P	CPA	-0.7148226915926388	-0.7190893591147923	-0.004266667522154395	False	False
gse162632	original8	primary	43	8	root_00	1000	1	D_to_P	CellOT	-0.38657717760133786	-0.39525786985443456	-0.008680692253096037	False	False
gse162632	original8	primary	43	8	root_00	1000	1	S_to_M	NC	-0.3003647506436976	-0.3003647506436976	-1.4988010832439613e-18	True	True
gse162632	original8	primary	43	8	root_00	1000	1	S_to_M	CM	-0.2518870662751627	-0.2518870662751627	-1.942890293094024e-19	True	True
gse162632	original8	primary	43	8	root_00	1000	1	S_to_M	TW	-0.24890083088933948	-0.24890083088933948	3.0808688933348094e-18	True	True
gse162632	original8	primary	43	8	root_00	1000	1	S_to_M	PCA	-0.24954353596233075	-0.24954353596233075	2.55351295663786e-18	True	True
gse162632	original8	primary	43	8	root_00	1000	1	S_to_M	RBF	-0.24975823453442642	-0.24975823453442642	1.8596235662471373e-18	True	True
gse162632	original8	primary	43	8	root_00	1000	1	S_to_M	scGen	-0.1346850770350567	-0.13468507703090682	4.1498951219853806e-12	False	False
gse162632	original8	primary	43	8	root_00	1000	1	S_to_M	CPA	-0.4701963245886186	-0.47019632458979543	-1.176519826007194e-12	False	False
gse162632	original8	primary	43	8	root_00	1000	1	S_to_M	CellOT	-0.14195081063099835	-0.14195081063055734	4.4084555450574215e-13	False	False
gse162632	original8	primary	43	8	root_01	1000	1	D_to_O	NC	-0.3246196933953161	-0.3246196933953161	-6.661338147750939e-19	True	True
gse162632	original8	primary	43	8	root_01	1000	1	D_to_O	CM	-0.23007648480075216	-0.23007648480075216	-2.3037127760972e-18	True	True
gse162632	original8	primary	43	8	root_01	1000	1	D_to_O	TW	-0.2305769263653219	-0.2305769263653219	-2.192690473634684e-18	True	True
gse162632	original8	primary	43	8	root_01	1000	1	D_to_O	PCA	-0.22920030357008844	-0.22920030357008844	-1.9706458687096527e-18	True	True
gse162632	original8	primary	43	8	root_01	1000	1	D_to_O	RBF	-0.23022706212232996	-0.23022706212232996	-1.6930901125533637e-18	True	True
gse162632	original8	primary	43	8	root_01	1000	1	D_to_O	scGen	-0.35174593666717696	-0.34567572487532233	0.006070211791854433	False	False
gse162632	original8	primary	43	8	root_01	1000	1	D_to_O	CPA	-0.5978447636857797	-0.5934674185335723	0.004377345152208605	False	False
gse162632	original8	primary	43	8	root_01	1000	1	D_to_O	CellOT	-0.356040979062699	-0.347897555958096	0.008143423104602913	False	False
gse162632	original8	primary	43	8	root_01	1000	1	D_to_P	NC	-0.3246196933953161	-0.3246196933953161	0.0	True	True
gse162632	original8	primary	43	8	root_01	1000	1	D_to_P	CM	-0.23007648480075216	-0.23007648480075216	0.0	True	True
gse162632	original8	primary	43	8	root_01	1000	1	D_to_P	TW	-0.2305769263653219	-0.2305769263653219	0.0	True	True
gse162632	original8	primary	43	8	root_01	1000	1	D_to_P	PCA	-0.22920030357008844	-0.22920030357008844	0.0	True	True
gse162632	original8	primary	43	8	root_01	1000	1	D_to_P	RBF	-0.23022706212232996	-0.23022706212232996	0.0	True	True
gse162632	original8	primary	43	8	root_01	1000	1	D_to_P	scGen	-0.35174593666717696	-0.3578161484625381	-0.006070211795360391	False	False
gse162632	original8	primary	43	8	root_01	1000	1	D_to_P	CPA	-0.5978447636857797	-0.602222108840534	-0.0043773451547531915	False	False
gse162632	original8	primary	43	8	root_01	1000	1	D_to_P	CellOT	-0.356040979062699	-0.3641844021670891	-0.008143423104390065	False	False
gse162632	original8	primary	43	8	root_01	1000	1	S_to_M	NC	-0.3246196933953161	-0.3246196933953161	-1.1102230246251566e-18	True	True
gse162632	original8	primary	43	8	root_01	1000	1	S_to_M	CM	-0.23007648480075216	-0.23007648480075216	8.93729534823251e-18	True	True
gse162632	original8	primary	43	8	root_01	1000	1	S_to_M	TW	-0.2305769263653219	-0.2305769263653219	8.715250743307479e-18	True	True
gse162632	original8	primary	43	8	root_01	1000	1	S_to_M	PCA	-0.22920030357008844	-0.22920030357008844	7.771561172376097e-18	True	True
gse162632	original8	primary	43	8	root_01	1000	1	S_to_M	RBF	-0.23022706212233	-0.23022706212232996	8.715250743307479e-18	True	True
gse162632	original8	primary	43	8	root_01	1000	1	S_to_M	scGen	-0.12395329460461939	-0.12395329460261408	2.0053221583271608e-12	False	False
gse162632	original8	primary	43	8	root_01	1000	1	S_to_M	CPA	-0.3700521216631373	-0.370052121663061	7.651668187946825e-14	False	False
gse162632	original8	primary	43	8	root_01	1000	1	S_to_M	CellOT	-0.12824833699836358	-0.12824833699761598	7.476151087093541e-13	False	False
gse162632	original8	primary	43	8	root_02	1000	1	D_to_O	NC	-0.3057557804442885	-0.3057557804442885	-1.1102230246251566e-18	True	True
gse162632	original8	primary	43	8	root_02	1000	1	D_to_O	CM	-0.22111291997220778	-0.22111291997220778	-1.6930901125533637e-18	True	True
gse162632	original8	primary	43	8	root_02	1000	1	D_to_O	TW	-0.22103264331060982	-0.22103264331060982	-1.3600232051658168e-18	True	True
gse162632	original8	primary	43	8	root_02	1000	1	D_to_O	PCA	-0.21986510447041005	-0.21986510447041005	-1.7763568394002505e-18	True	True
gse162632	original8	primary	43	8	root_02	1000	1	D_to_O	RBF	-0.2208709004661634	-0.2208709004661634	-9.159339953157542e-19	True	True
gse162632	original8	primary	43	8	root_02	1000	1	D_to_O	scGen	-0.3349948527780372	-0.32812475900421034	0.006870093773827187	False	False
gse162632	original8	primary	43	8	root_02	1000	1	D_to_O	CPA	-0.5834252930650676	-0.5795248682403015	0.0039004248247654534	False	False
gse162632	original8	primary	43	8	root_02	1000	1	D_to_O	CellOT	-0.340264319987405	-0.33208344850112204	0.00818087148628312	False	False
gse162632	original8	primary	43	8	root_02	1000	1	D_to_P	NC	-0.3057557804442885	-0.3057557804442885	0.0	True	True
gse162632	original8	primary	43	8	root_02	1000	1	D_to_P	CM	-0.22111291997220778	-0.22111291997220778	0.0	True	True
gse162632	original8	primary	43	8	root_02	1000	1	D_to_P	TW	-0.22103264331060982	-0.22103264331060982	0.0	True	True
gse162632	original8	primary	43	8	root_02	1000	1	D_to_P	PCA	-0.21986510447041005	-0.21986510447041005	0.0	True	True
gse162632	original8	primary	43	8	root_02	1000	1	D_to_P	RBF	-0.2208709004661634	-0.2208709004661634	0.0	True	True
gse162632	original8	primary	43	8	root_02	1000	1	D_to_P	scGen	-0.3349948527780372	-0.3418649465508081	-0.006870093772770904	False	False
gse162632	original8	primary	43	8	root_02	1000	1	D_to_P	CPA	-0.5834252930650676	-0.5873257178950877	-0.003900424830021987	False	False
gse162632	original8	primary	43	8	root_02	1000	1	D_to_P	CellOT	-0.340264319987405	-0.3484451914709771	-0.0081808714835717	False	False
gse162632	original8	primary	43	8	root_02	1000	1	S_to_M	NC	-0.3057557804442886	-0.3057557804442885	-1.0547118733938987e-18	True	True
gse162632	original8	primary	43	8	root_02	1000	1	S_to_M	CM	-0.22111291997220778	-0.22111291997220778	7.827072323607353e-18	True	True
gse162632	original8	primary	43	8	root_02	1000	1	S_to_M	TW	-0.22103264331060982	-0.22103264331060982	7.382983113757291e-18	True	True
gse162632	original8	primary	43	8	root_02	1000	1	S_to_M	PCA	-0.2198651044704101	-0.21986510447041005	8.132383655379271e-18	True	True
gse162632	original8	primary	43	8	root_02	1000	1	S_to_M	RBF	-0.2208709004661634	-0.2208709004661634	5.8564264548977006e-18	True	True
gse162632	original8	primary	43	8	root_02	1000	1	S_to_M	scGen	-0.1158551978004623	-0.11585519780119091	-7.285602815487735e-13	False	False
gse162632	original8	primary	43	8	root_02	1000	1	S_to_M	CPA	-0.36428563817847	-0.36428563817152537	6.9444050510014676e-12	False	False
gse162632	original8	primary	43	8	root_02	1000	1	S_to_M	CellOT	-0.12112466501117558	-0.12112466501064674	5.288688237348182e-13	False	False
gse162632	original8	primary	43	8	root_03	1000	1	D_to_O	NC	-0.2861264156785637	-0.2861264156785637	-1.1102230246251566e-19	True	True
gse162632	original8	primary	43	8	root_03	1000	1	D_to_O	CM	-0.22704278981602755	-0.22704278981602755	-2.4147350785597153e-18	True	True
gse162632	original8	primary	43	8	root_03	1000	1	D_to_O	TW	-0.22535628716301082	-0.22535628716301082	-9.159339953157542e-19	True	True
gse162632	original8	primary	43	8	root_03	1000	1	D_to_O	PCA	-0.22593730247801924	-0.22593730247801927	-2.3037127760972e-18	True	True
gse162632	original8	primary	43	8	root_03	1000	1	D_to_O	RBF	-0.22572548143742396	-0.22572548143742396	-1.8318679906315084e-18	True	True
gse162632	original8	primary	43	8	root_03	1000	1	D_to_O	scGen	-0.3377984608105627	-0.3311227883119758	0.006675672498586766	False	False
gse162632	original8	primary	43	8	root_03	1000	1	D_to_O	CPA	-0.6043524832654771	-0.6001254917039763	0.0042269915615004445	False	False
gse162632	original8	primary	43	8	root_03	1000	1	D_to_O	CellOT	-0.34601399439443753	-0.337586489449453	0.008427504944984659	False	False
gse162632	original8	primary	43	8	root_03	1000	1	D_to_P	NC	-0.2861264156785637	-0.2861264156785637	0.0	True	True
gse162632	original8	primary	43	8	root_03	1000	1	D_to_P	CM	-0.22704278981602755	-0.22704278981602755	0.0	True	True
gse162632	original8	primary	43	8	root_03	1000	1	D_to_P	TW	-0.22535628716301082	-0.22535628716301082	0.0	True	True
gse162632	original8	primary	43	8	root_03	1000	1	D_to_P	PCA	-0.22593730247801924	-0.22593730247801924	0.0	True	True
gse162632	original8	primary	43	8	root_03	1000	1	D_to_P	RBF	-0.22572548143742396	-0.22572548143742396	0.0	True	True
gse162632	original8	primary	43	8	root_03	1000	1	D_to_P	scGen	-0.3377984608105627	-0.3444741333010698	-0.00667567249050667	False	False
gse162632	original8	primary	43	8	root_03	1000	1	D_to_P	CPA	-0.6043524832654771	-0.6085794748301364	-0.004226991564659551	False	False
gse162632	original8	primary	43	8	root_03	1000	1	D_to_P	CellOT	-0.34601399439443753	-0.3544414993363509	-0.008427504941913366	False	False
gse162632	original8	primary	43	8	root_03	1000	1	S_to_M	NC	-0.2861264156785637	-0.2861264156785637	-9.992007221626408e-19	True	True
gse162632	original8	primary	43	8	root_03	1000	1	S_to_M	CM	-0.22704278981602755	-0.22704278981602755	8.271161533457416e-18	True	True
gse162632	original8	primary	43	8	root_03	1000	1	S_to_M	TW	-0.22535628716301082	-0.22535628716301082	7.216449660063518e-18	True	True
gse162632	original8	primary	43	8	root_03	1000	1	S_to_M	PCA	-0.22593730247801927	-0.22593730247801924	8.298917109073045e-18	True	True
gse162632	original8	primary	43	8	root_03	1000	1	S_to_M	RBF	-0.22572548143742396	-0.22572548143742396	7.91033905045424e-18	True	True
gse162632	original8	primary	43	8	root_03	1000	1	S_to_M	scGen	-0.11907632568499726	-0.11907632568810864	-3.111432236857503e-12	False	False
gse162632	original8	primary	43	8	root_03	1000	1	S_to_M	CPA	-0.3856303481596277	-0.38563034815604597	3.5817040999752693e-12	False	False
gse162632	original8	primary	43	8	root_03	1000	1	S_to_M	CellOT	-0.12729185927578124	-0.1272918592770155	-1.234229191071634e-12	False	False
gse162632	original8	primary	43	8	root_04	1000	1	D_to_O	NC	-0.3057407653779721	-0.3057407653779722	-9.436895709313831e-19	True	True
gse162632	original8	primary	43	8	root_04	1000	1	D_to_O	CM	-0.22958436798727275	-0.22958436798727275	-1.4988010832439613e-18	True	True
gse162632	original8	primary	43	8	root_04	1000	1	D_to_O	TW	-0.22954004232602304	-0.22954004232602304	-2.6645352591003758e-18	True	True
gse162632	original8	primary	43	8	root_04	1000	1	D_to_O	PCA	-0.22830784489620817	-0.22830784489620817	-1.9984014443252816e-18	True	True
gse162632	original8	primary	43	8	root_04	1000	1	D_to_O	RBF	-0.22931374892894185	-0.22931374892894188	-1.4155343563970745e-18	True	True
gse162632	original8	primary	43	8	root_04	1000	1	D_to_O	scGen	-0.34617884541228944	-0.340751203952528	0.005427641459761898	False	False
gse162632	original8	primary	43	8	root_04	1000	1	D_to_O	CPA	-0.6164023350046172	-0.6129232965917708	0.0034790384128470155	False	False
gse162632	original8	primary	43	8	root_04	1000	1	D_to_O	CellOT	-0.3487014369887994	-0.34143969161919396	0.007261745369604889	False	False
gse162632	original8	primary	43	8	root_04	1000	1	D_to_P	NC	-0.3057407653779721	-0.3057407653779721	0.0	True	True
gse162632	original8	primary	43	8	root_04	1000	1	D_to_P	CM	-0.22958436798727275	-0.22958436798727275	0.0	True	True
gse162632	original8	primary	43	8	root_04	1000	1	D_to_P	TW	-0.22954004232602304	-0.22954004232602304	0.0	True	True
gse162632	original8	primary	43	8	root_04	1000	1	D_to_P	PCA	-0.22830784489620817	-0.22830784489620817	0.0	True	True
gse162632	original8	primary	43	8	root_04	1000	1	D_to_P	RBF	-0.22931374892894185	-0.22931374892894185	0.0	True	True
gse162632	original8	primary	43	8	root_04	1000	1	D_to_P	scGen	-0.34617884541228944	-0.35160648686812596	-0.005427641455836721	False	False
gse162632	original8	primary	43	8	root_04	1000	1	D_to_P	CPA	-0.6164023350046172	-0.6198813734190372	-0.0034790384144204934	False	False
gse162632	original8	primary	43	8	root_04	1000	1	D_to_P	CellOT	-0.3487014369887994	-0.3559631823518309	-0.0072617453630311225	False	False
gse162632	original8	primary	43	8	root_04	1000	1	S_to_M	NC	-0.3057407653779721	-0.3057407653779721	-1.609823385706477e-18	True	True
gse162632	original8	primary	43	8	root_04	1000	1	S_to_M	CM	-0.22958436798727275	-0.22958436798727275	7.993605777301126e-18	True	True
gse162632	original8	primary	43	8	root_04	1000	1	S_to_M	TW	-0.22954004232602304	-0.22954004232602304	7.993605777301126e-18	True	True
gse162632	original8	primary	43	8	root_04	1000	1	S_to_M	PCA	-0.22830784489620817	-0.22830784489620817	8.076872504148013e-18	True	True
gse162632	original8	primary	43	8	root_04	1000	1	S_to_M	RBF	-0.22931374892894188	-0.22931374892894185	8.271161533457416e-18	True	True
gse162632	original8	primary	43	8	root_04	1000	1	S_to_M	scGen	-0.12176789104833197	-0.12176789104804596	2.8590750600354654e-13	False	False
gse162632	original8	primary	43	8	root_04	1000	1	S_to_M	CPA	-0.3919913805549923	-0.39199138055569127	-6.990383272231781e-13	False	False
gse162632	original8	primary	43	8	root_04	1000	1	S_to_M	CellOT	-0.12429048261807975	-0.12429048262198891	-3.909101375931812e-12	False	False
gse162632	original8	primary	43	8	root_05	1000	1	D_to_O	NC	-0.3025338767210602	-0.3025338767210602	-1.27675647831893e-18	True	True
gse162632	original8	primary	43	8	root_05	1000	1	D_to_O	CM	-0.23992112746118516	-0.23992112746118519	-2.3869795029440864e-18	True	True
gse162632	original8	primary	43	8	root_05	1000	1	D_to_O	TW	-0.23789931702858164	-0.23789931702858164	-1.8041124150158794e-18	True	True
gse162632	original8	primary	43	8	root_05	1000	1	D_to_O	PCA	-0.23870644791028225	-0.23870644791028225	-2.4424906541753442e-18	True	True
gse162632	original8	primary	43	8	root_05	1000	1	D_to_O	RBF	-0.23843088710502527	-0.23843088710502527	-9.992007221626408e-19	True	True
gse162632	original8	primary	43	8	root_05	1000	1	D_to_O	scGen	-0.36527138157552325	-0.36009032972577365	0.005181051849750238	False	False
gse162632	original8	primary	43	8	root_05	1000	1	D_to_O	CPA	-0.658994447411237	-0.6553626729687856	0.003631774442451377	False	False
gse162632	original8	primary	43	8	root_05	1000	1	D_to_O	CellOT	-0.37267468850583285	-0.3657385038712952	0.006936184634537665	False	False
gse162632	original8	primary	43	8	root_05	1000	1	D_to_P	NC	-0.3025338767210602	-0.3025338767210602	0.0	True	True
gse162632	original8	primary	43	8	root_05	1000	1	D_to_P	CM	-0.23992112746118516	-0.23992112746118516	0.0	True	True
gse162632	original8	primary	43	8	root_05	1000	1	D_to_P	TW	-0.23789931702858164	-0.23789931702858164	0.0	True	True
gse162632	original8	primary	43	8	root_05	1000	1	D_to_P	PCA	-0.23870644791028225	-0.23870644791028225	0.0	True	True
gse162632	original8	primary	43	8	root_05	1000	1	D_to_P	RBF	-0.23843088710502527	-0.23843088710502527	0.0	True	True
gse162632	original8	primary	43	8	root_05	1000	1	D_to_P	scGen	-0.36527138157552325	-0.37045243342812517	-0.005181051852601989	False	False
gse162632	original8	primary	43	8	root_05	1000	1	D_to_P	CPA	-0.658994447411237	-0.6626262218389992	-0.0036317744277622765	False	False
gse162632	original8	primary	43	8	root_05	1000	1	D_to_P	CellOT	-0.37267468850583285	-0.3796108731320832	-0.0069361846262503005	False	False
gse162632	original8	primary	43	8	root_05	1000	1	S_to_M	NC	-0.3025338767210602	-0.3025338767210602	5.551115123125783e-19	True	True
gse162632	original8	primary	43	8	root_05	1000	1	S_to_M	CM	-0.23992112746118519	-0.23992112746118516	8.798517470154366e-18	True	True
gse162632	original8	primary	43	8	root_05	1000	1	S_to_M	TW	-0.23789931702858164	-0.23789931702858164	7.827072323607353e-18	True	True
gse162632	original8	primary	43	8	root_05	1000	1	S_to_M	PCA	-0.23870644791028225	-0.23870644791028225	8.187894806610529e-18	True	True
gse162632	original8	primary	43	8	root_05	1000	1	S_to_M	RBF	-0.23843088710502527	-0.23843088710502527	6.439293542825908e-18	True	True
gse162632	original8	primary	43	8	root_05	1000	1	S_to_M	scGen	-0.12611409256113143	-0.12611409255871814	2.413232003117827e-12	False	False
gse162632	original8	primary	43	8	root_05	1000	1	S_to_M	CPA	-0.41983715842958186	-0.4198371584485806	-1.8998538464654048e-11	False	False
gse162632	original8	primary	43	8	root_05	1000	1	S_to_M	CellOT	-0.13351739949620556	-0.13351739950297142	-6.765962956567506e-12	False	False
gse162632	original8	primary	43	8	root_06	1000	1	D_to_O	NC	-0.2756270580139184	-0.2756270580139184	-1.4432899320127034e-18	True	True
gse162632	original8	primary	43	8	root_06	1000	1	D_to_O	CM	-0.2822732368813582	-0.28227323688135814	-1.1102230246251566e-18	True	True
gse162632	original8	primary	43	8	root_06	1000	1	D_to_O	TW	-0.27647575892638293	-0.276475758926383	-9.992007221626408e-19	True	True
gse162632	original8	primary	43	8	root_06	1000	1	D_to_O	PCA	-0.2801102833351388	-0.2801102833351388	-9.992007221626408e-19	True	True
gse162632	original8	primary	43	8	root_06	1000	1	D_to_O	RBF	-0.2782020111907162	-0.2782020111907162	-4.996003610813204e-19	True	True
gse162632	original8	primary	43	8	root_06	1000	1	D_to_O	scGen	-0.4370558026752337	-0.431519221800142	0.005536580875091524	False	False
gse162632	original8	primary	43	8	root_06	1000	1	D_to_O	CPA	-0.7906563484631537	-0.7875935172228469	0.00306283124030843	False	False
gse162632	original8	primary	43	8	root_06	1000	1	D_to_O	CellOT	-0.4323716322918336	-0.4253131633855856	0.0070584689062481625	False	False
gse162632	original8	primary	43	8	root_06	1000	1	D_to_P	NC	-0.2756270580139184	-0.2756270580139184	0.0	True	True
gse162632	original8	primary	43	8	root_06	1000	1	D_to_P	CM	-0.2822732368813582	-0.2822732368813582	0.0	True	True
gse162632	original8	primary	43	8	root_06	1000	1	D_to_P	TW	-0.27647575892638293	-0.27647575892638293	0.0	True	True
gse162632	original8	primary	43	8	root_06	1000	1	D_to_P	PCA	-0.2801102833351388	-0.2801102833351388	0.0	True	True
gse162632	original8	primary	43	8	root_06	1000	1	D_to_P	RBF	-0.2782020111907162	-0.2782020111907162	0.0	True	True
gse162632	original8	primary	43	8	root_06	1000	1	D_to_P	scGen	-0.4370558026752337	-0.44259238355433	-0.005536580879095988	False	False
gse162632	original8	primary	43	8	root_06	1000	1	D_to_P	CPA	-0.7906563484631537	-0.7937191797079355	-0.0030628312447810455	False	False
gse162632	original8	primary	43	8	root_06	1000	1	D_to_P	CellOT	-0.4323716322918336	-0.4394301012129404	-0.007058468921106045	False	False
gse162632	original8	primary	43	8	root_06	1000	1	S_to_M	NC	-0.2756270580139184	-0.2756270580139184	-8.326672684688674e-19	True	True
gse162632	original8	primary	43	8	root_06	1000	1	S_to_M	CM	-0.2822732368813582	-0.2822732368813582	-1.9984014443252816e-18	True	True
gse162632	original8	primary	43	8	root_06	1000	1	S_to_M	TW	-0.27647575892638293	-0.27647575892638293	-1.1102230246251566e-18	True	True
gse162632	original8	primary	43	8	root_06	1000	1	S_to_M	PCA	-0.2801102833351388	-0.2801102833351388	-6.661338147750939e-19	True	True
gse162632	original8	primary	43	8	root_06	1000	1	S_to_M	RBF	-0.2782020111907162	-0.2782020111907162	-1.1102230246251566e-18	True	True
gse162632	original8	primary	43	8	root_06	1000	1	S_to_M	scGen	-0.17830899645782658	-0.178308996456737	1.0896234192703248e-12	False	False
gse162632	original8	primary	43	8	root_06	1000	1	S_to_M	CPA	-0.5319095422191409	-0.5319095422159227	3.2187131848715467e-12	False	False
gse162632	original8	primary	43	8	root_06	1000	1	S_to_M	CellOT	-0.1736248260925446	-0.17362482608038565	1.2158729079114749e-11	False	False
gse162632	original8	primary	43	8	root_07	1000	1	D_to_O	NC	-0.30624202956919394	-0.30624202956919394	-6.661338147750939e-19	True	True
gse162632	original8	primary	43	8	root_07	1000	1	D_to_O	CM	-0.24547558799672867	-0.24547558799672867	-1.8041124150158794e-18	True	True
gse162632	original8	primary	43	8	root_07	1000	1	D_to_O	TW	-0.24494343666191623	-0.24494343666191623	-2.192690473634684e-18	True	True
gse162632	original8	primary	43	8	root_07	1000	1	D_to_O	PCA	-0.24405375402792776	-0.24405375402792776	-1.6653345369377347e-18	True	True
gse162632	original8	primary	43	8	root_07	1000	1	D_to_O	RBF	-0.24483404776573345	-0.24483404776573345	-1.6930901125533637e-18	True	True
gse162632	original8	primary	43	8	root_07	1000	1	D_to_O	scGen	-0.3670941294449614	-0.36107059780577894	0.006023531639182762	False	False
gse162632	original8	primary	43	8	root_07	1000	1	D_to_O	CPA	-0.6807192211417329	-0.677123385116513	0.0035958360252199223	False	False
gse162632	original8	primary	43	8	root_07	1000	1	D_to_O	CellOT	-0.3723909929306776	-0.36464505415321496	0.0077459387774615075	False	False
gse162632	original8	primary	43	8	root_07	1000	1	D_to_P	NC	-0.30624202956919394	-0.30624202956919394	0.0	True	True
gse162632	original8	primary	43	8	root_07	1000	1	D_to_P	CM	-0.24547558799672867	-0.24547558799672867	0.0	True	True
gse162632	original8	primary	43	8	root_07	1000	1	D_to_P	TW	-0.24494343666191623	-0.24494343666191623	0.0	True	True
gse162632	original8	primary	43	8	root_07	1000	1	D_to_P	PCA	-0.24405375402792776	-0.24405375402792776	0.0	True	True
gse162632	original8	primary	43	8	root_07	1000	1	D_to_P	RBF	-0.24483404776573345	-0.24483404776573345	0.0	True	True
gse162632	original8	primary	43	8	root_07	1000	1	D_to_P	scGen	-0.3670941294449614	-0.37311766108464756	-0.006023531639686228	False	False
gse162632	original8	primary	43	8	root_07	1000	1	D_to_P	CPA	-0.6807192211417329	-0.6843150571796267	-0.0035958360378924555	False	False
gse162632	original8	primary	43	8	root_07	1000	1	D_to_P	CellOT	-0.3723909929306776	-0.38013693170069546	-0.007745938770018554	False	False
gse162632	original8	primary	43	8	root_07	1000	1	S_to_M	NC	-0.30624202956919394	-0.30624202956919394	-5.551115123125783e-19	True	True
gse162632	original8	primary	43	8	root_07	1000	1	S_to_M	CM	-0.2454755879967287	-0.24547558799672867	7.382983113757291e-18	True	True
gse162632	original8	primary	43	8	root_07	1000	1	S_to_M	TW	-0.24494343666191623	-0.24494343666191623	7.771561172376097e-18	True	True
gse162632	original8	primary	43	8	root_07	1000	1	S_to_M	PCA	-0.24405375402792776	-0.24405375402792776	7.466249840604178e-18	True	True
gse162632	original8	primary	43	8	root_07	1000	1	S_to_M	RBF	-0.24483404776573345	-0.24483404776573345	7.993605777301126e-18	True	True
gse162632	original8	primary	43	8	root_07	1000	1	S_to_M	scGen	-0.12900298190277634	-0.1290029818998779	2.898499634751417e-12	False	False
gse162632	original8	primary	43	8	root_07	1000	1	S_to_M	CPA	-0.4426280736256593	-0.4426280736171913	8.467714029958273e-12	False	False
gse162632	original8	primary	43	8	root_07	1000	1	S_to_M	CellOT	-0.1342998453851448	-0.13429984539334455	-8.199604578651432e-12	False	False
gse162632	original8	primary	mean_of_scored_seeds	4	equal_eight_root_mean	1000	8	D_to_O	NC	-0.4177725953783189	-0.4177725953783189	-3.559652572704408e-18	True	True
gse162632	original8	primary	mean_of_scored_seeds	4	equal_eight_root_mean	1000	8	D_to_O	CM	-0.3578176134555455	-0.3578176134555455	-1.5334955527634977e-18	True	True
gse162632	original8	primary	mean_of_scored_seeds	4	equal_eight_root_mean	1000	8	D_to_O	TW	-0.3562332346686727	-0.3562332346686727	-1.519617764955683e-18	True	True
gse162632	original8	primary	mean_of_scored_seeds	4	equal_eight_root_mean	1000	8	D_to_O	PCA	-0.3563624109805002	-0.35636241098050014	-1.1171619185290638e-18	True	True
gse162632	original8	primary	mean_of_scored_seeds	4	equal_eight_root_mean	1000	8	D_to_O	RBF	-0.3565642898059135	-0.3565642898059135	-1.547373340571312e-18	True	True
gse162632	original8	primary	mean_of_scored_seeds	4	equal_eight_root_mean	1000	8	D_to_O	scGen	-0.6028435116773616	-0.5912213771466359	0.011622134530725955	False	False
gse162632	original8	primary	mean_of_scored_seeds	4	equal_eight_root_mean	1000	8	D_to_O	CPA	-0.8787411895824737	-0.8710280987186126	0.007713090863861195	False	False
gse162632	original8	primary	mean_of_scored_seeds	4	equal_eight_root_mean	1000	8	D_to_O	CellOT	-0.6098174507414759	-0.5941892732607038	0.01562817748077234	False	False
gse162632	original8	primary	mean_of_scored_seeds	4	equal_eight_root_mean	1000	8	D_to_P	NC	-0.4177725953783189	-0.4177725953783189	0.0	True	True
gse162632	original8	primary	mean_of_scored_seeds	4	equal_eight_root_mean	1000	8	D_to_P	CM	-0.3578176134555455	-0.3578176134555455	0.0	True	True
gse162632	original8	primary	mean_of_scored_seeds	4	equal_eight_root_mean	1000	8	D_to_P	TW	-0.3562332346686727	-0.3562332346686727	0.0	True	True
gse162632	original8	primary	mean_of_scored_seeds	4	equal_eight_root_mean	1000	8	D_to_P	PCA	-0.3563624109805002	-0.3563624109805002	0.0	True	True
gse162632	original8	primary	mean_of_scored_seeds	4	equal_eight_root_mean	1000	8	D_to_P	RBF	-0.3565642898059135	-0.3565642898059135	0.0	True	True
gse162632	original8	primary	mean_of_scored_seeds	4	equal_eight_root_mean	1000	8	D_to_P	scGen	-0.6028435116773616	-0.6144656462058635	-0.011622134528501788	False	False
gse162632	original8	primary	mean_of_scored_seeds	4	equal_eight_root_mean	1000	8	D_to_P	CPA	-0.8787411895824737	-0.8864542804424828	-0.007713090860008802	False	False
gse162632	original8	primary	mean_of_scored_seeds	4	equal_eight_root_mean	1000	8	D_to_P	CellOT	-0.6098174507414759	-0.6254456282218768	-0.01562817748040061	False	False
gse162632	original8	primary	mean_of_scored_seeds	4	equal_eight_root_mean	1000	8	S_to_M	NC	-0.41777259537831896	-0.4177725953783189	1.602190602412179e-17	True	True
gse162632	original8	primary	mean_of_scored_seeds	4	equal_eight_root_mean	1000	8	S_to_M	CM	-0.3578176134555455	-0.3578176134555455	2.317590563905014e-18	True	True
gse162632	original8	primary	mean_of_scored_seeds	4	equal_eight_root_mean	1000	8	S_to_M	TW	-0.3562332346686726	-0.3562332346686727	1.6861512186494565e-18	True	True
gse162632	original8	primary	mean_of_scored_seeds	4	equal_eight_root_mean	1000	8	S_to_M	PCA	-0.3563624109805002	-0.3563624109805002	1.845745778439323e-18	True	True
gse162632	original8	primary	mean_of_scored_seeds	4	equal_eight_root_mean	1000	8	S_to_M	RBF	-0.35656428980591354	-0.3565642898059135	2.0886070650760757e-18	True	True
gse162632	original8	primary	mean_of_scored_seeds	4	equal_eight_root_mean	1000	8	S_to_M	scGen	-0.13517933978928104	-0.13517933978933735	-5.634464191513669e-14	False	False
gse162632	original8	primary	mean_of_scored_seeds	4	equal_eight_root_mean	1000	8	S_to_M	CPA	-0.41107701770386235	-0.411077017707176	-3.3135590984019926e-12	False	False
gse162632	original8	primary	mean_of_scored_seeds	4	equal_eight_root_mean	1000	8	S_to_M	CellOT	-0.1421532788554464	-0.14215327885394619	1.5001803572537808e-12	False	False
gse162632	original8	primary	mean_of_scored_seeds	4	root_00	1000	1	D_to_O	NC	-0.42249093542884086	-0.42249093542884086	-4.107825191113079e-18	True	True
gse162632	original8	primary	mean_of_scored_seeds	4	root_00	1000	1	D_to_O	CM	-0.37409986685798274	-0.37409986685798274	-1.7208456881689926e-18	True	True
gse162632	original8	primary	mean_of_scored_seeds	4	root_00	1000	1	D_to_O	TW	-0.37111033785063013	-0.37111033785063013	-2.331468351712829e-18	True	True
gse162632	original8	primary	mean_of_scored_seeds	4	root_00	1000	1	D_to_O	PCA	-0.3717574954981464	-0.37175749549814635	-1.609823385706477e-18	True	True
gse162632	original8	primary	mean_of_scored_seeds	4	root_00	1000	1	D_to_O	RBF	-0.3719686313270613	-0.3719686313270613	-1.1657341758564144e-18	True	True
gse162632	original8	primary	mean_of_scored_seeds	4	root_00	1000	1	D_to_O	scGen	-0.6290031075597332	-0.6161123422363574	0.012890765323375339	False	False
gse162632	original8	primary	mean_of_scored_seeds	4	root_00	1000	1	D_to_O	CPA	-0.9504217233121626	-0.9415953185963281	0.008826404715835269	False	False
gse162632	original8	primary	mean_of_scored_seeds	4	root_00	1000	1	D_to_O	CellOT	-0.6386807312012271	-0.6216057782426426	0.017074952958584154	False	False
gse162632	original8	primary	mean_of_scored_seeds	4	root_00	1000	1	D_to_P	NC	-0.42249093542884086	-0.42249093542884086	0.0	True	True
gse162632	original8	primary	mean_of_scored_seeds	4	root_00	1000	1	D_to_P	CM	-0.37409986685798274	-0.37409986685798274	0.0	True	True
gse162632	original8	primary	mean_of_scored_seeds	4	root_00	1000	1	D_to_P	TW	-0.37111033785063013	-0.37111033785063013	0.0	True	True
gse162632	original8	primary	mean_of_scored_seeds	4	root_00	1000	1	D_to_P	PCA	-0.3717574954981464	-0.3717574954981464	0.0	True	True
gse162632	original8	primary	mean_of_scored_seeds	4	root_00	1000	1	D_to_P	RBF	-0.3719686313270613	-0.3719686313270613	0.0	True	True
gse162632	original8	primary	mean_of_scored_seeds	4	root_00	1000	1	D_to_P	scGen	-0.6290031075597332	-0.6418938728870373	-0.012890765327304104	False	False
gse162632	original8	primary	mean_of_scored_seeds	4	root_00	1000	1	D_to_P	CPA	-0.9504217233121626	-0.9592481280239719	-0.008826404711809765	False	False
gse162632	original8	primary	mean_of_scored_seeds	4	root_00	1000	1	D_to_P	CellOT	-0.6386807312012271	-0.655755684179387	-0.01707495297815996	False	False
gse162632	original8	primary	mean_of_scored_seeds	4	root_00	1000	1	S_to_M	NC	-0.4224909354288409	-0.42249093542884086	1.681987882307112e-17	True	True
gse162632	original8	primary	mean_of_scored_seeds	4	root_00	1000	1	S_to_M	CM	-0.37409986685798274	-0.37409986685798274	7.43849426498855e-18	True	True
gse162632	original8	primary	mean_of_scored_seeds	4	root_00	1000	1	S_to_M	TW	-0.37111033785063013	-0.37111033785063013	4.496403249731884e-18	True	True
gse162632	original8	primary	mean_of_scored_seeds	4	root_00	1000	1	S_to_M	PCA	-0.37175749549814635	-0.3717574954981464	5.2180482157382365e-18	True	True
gse162632	original8	primary	mean_of_scored_seeds	4	root_00	1000	1	S_to_M	RBF	-0.3719686313270613	-0.3719686313270613	4.440892098500626e-18	True	True
gse162632	original8	primary	mean_of_scored_seeds	4	root_00	1000	1	S_to_M	scGen	-0.1399017636820727	-0.13990176367849608	3.5765614081473274e-12	False	False
gse162632	original8	primary	mean_of_scored_seeds	4	root_00	1000	1	S_to_M	CPA	-0.4613203793657046	-0.4613203793766342	-1.0929724495826558e-11	False	False
gse162632	original8	primary	mean_of_scored_seeds	4	root_00	1000	1	S_to_M	CellOT	-0.14957938734321916	-0.14957938732533607	1.788314400267647e-11	False	False
gse162632	original8	primary	mean_of_scored_seeds	4	root_01	1000	1	D_to_O	NC	-0.438382130415819	-0.438382130415819	-2.331468351712829e-18	True	True
gse162632	original8	primary	mean_of_scored_seeds	4	root_01	1000	1	D_to_O	CM	-0.3439493087679876	-0.3439493087679876	-8.881784197001253e-19	True	True
gse162632	original8	primary	mean_of_scored_seeds	4	root_01	1000	1	D_to_O	TW	-0.3444408862834163	-0.3444408862834163	-1.1102230246251566e-18	True	True
gse162632	original8	primary	mean_of_scored_seeds	4	root_01	1000	1	D_to_O	PCA	-0.34306730652381795	-0.34306730652381795	-1.0547118733938987e-18	True	True
gse162632	original8	primary	mean_of_scored_seeds	4	root_01	1000	1	D_to_O	RBF	-0.3440941303236806	-0.3440941303236806	-6.66133814775094e-19	True	True
gse162632	original8	primary	mean_of_scored_seeds	4	root_01	1000	1	D_to_O	scGen	-0.5838640070333944	-0.5723908639363037	0.011473143097090665	False	False
gse162632	original8	primary	mean_of_scored_seeds	4	root_01	1000	1	D_to_O	CPA	-0.8141591884111786	-0.8058735507743093	0.00828563763686861	False	False
gse162632	original8	primary	mean_of_scored_seeds	4	root_01	1000	1	D_to_O	CellOT	-0.5913813961649975	-0.5751448878756462	0.016236508289351487	False	False
gse162632	original8	primary	mean_of_scored_seeds	4	root_01	1000	1	D_to_P	NC	-0.438382130415819	-0.438382130415819	0.0	True	True
gse162632	original8	primary	mean_of_scored_seeds	4	root_01	1000	1	D_to_P	CM	-0.3439493087679876	-0.3439493087679876	0.0	True	True
gse162632	original8	primary	mean_of_scored_seeds	4	root_01	1000	1	D_to_P	TW	-0.3444408862834163	-0.3444408862834163	0.0	True	True
gse162632	original8	primary	mean_of_scored_seeds	4	root_01	1000	1	D_to_P	PCA	-0.34306730652381795	-0.34306730652381795	0.0	True	True
gse162632	original8	primary	mean_of_scored_seeds	4	root_01	1000	1	D_to_P	RBF	-0.3440941303236806	-0.3440941303236806	0.0	True	True
gse162632	original8	primary	mean_of_scored_seeds	4	root_01	1000	1	D_to_P	scGen	-0.5838640070333944	-0.5953371501277549	-0.01147314309436067	False	False
gse162632	original8	primary	mean_of_scored_seeds	4	root_01	1000	1	D_to_P	CPA	-0.8141591884111786	-0.8224448260601721	-0.008285637648993902	False	False
gse162632	original8	primary	mean_of_scored_seeds	4	root_01	1000	1	D_to_P	CellOT	-0.5913813961649975	-0.6076179044580761	-0.01623650829307838	False	False
gse162632	original8	primary	mean_of_scored_seeds	4	root_01	1000	1	S_to_M	NC	-0.4383821304158191	-0.438382130415819	1.5265566588595904e-17	True	True
gse162632	original8	primary	mean_of_scored_seeds	4	root_01	1000	1	S_to_M	CM	-0.3439493087679876	-0.3439493087679876	-9.436895709313831e-19	True	True
gse162632	original8	primary	mean_of_scored_seeds	4	root_01	1000	1	S_to_M	TW	-0.3444408862834163	-0.3444408862834163	-1.7763568394002505e-18	True	True
gse162632	original8	primary	mean_of_scored_seeds	4	root_01	1000	1	S_to_M	PCA	-0.34306730652381806	-0.34306730652381795	-8.881784197001253e-19	True	True
gse162632	original8	primary	mean_of_scored_seeds	4	root_01	1000	1	S_to_M	RBF	-0.3440941303236806	-0.3440941303236806	-7.216449660063517e-19	True	True
gse162632	original8	primary	mean_of_scored_seeds	4	root_01	1000	1	S_to_M	scGen	-0.12824135388675903	-0.12824135388620458	5.545152392816277e-13	False	False
gse162632	original8	primary	mean_of_scored_seeds	4	root_01	1000	1	S_to_M	CPA	-0.3585365352944785	-0.35853653528363577	1.0842703697851637e-11	False	False
gse162632	original8	primary	mean_of_scored_seeds	4	root_01	1000	1	S_to_M	CellOT	-0.13575874302474011	-0.1357587430185007	6.239308856607432e-12	False	False
gse162632	original8	primary	mean_of_scored_seeds	4	root_02	1000	1	D_to_O	NC	-0.415517008590997	-0.415517008590997	-2.831068712794149e-18	True	True
gse162632	original8	primary	mean_of_scored_seeds	4	root_02	1000	1	D_to_O	CM	-0.3308712784163365	-0.3308712784163365	-1.1657341758564144e-18	True	True
gse162632	original8	primary	mean_of_scored_seeds	4	root_02	1000	1	D_to_O	TW	-0.3307901594200786	-0.3307901594200786	-1.665334536937735e-19	True	True
gse162632	original8	primary	mean_of_scored_seeds	4	root_02	1000	1	D_to_O	PCA	-0.32962951686430125	-0.3296295168643012	-7.771561172376096e-19	True	True
gse162632	original8	primary	mean_of_scored_seeds	4	root_02	1000	1	D_to_O	RBF	-0.33062878962274117	-0.33062878962274117	-7.771561172376096e-19	True	True
gse162632	original8	primary	mean_of_scored_seeds	4	root_02	1000	1	D_to_O	scGen	-0.559870559642124	-0.5468564338355347	0.013014125806589274	False	False
gse162632	original8	primary	mean_of_scored_seeds	4	root_02	1000	1	D_to_O	CPA	-0.7914713764365464	-0.7836305697808644	0.007840806655682918	False	False
gse162632	original8	primary	mean_of_scored_seeds	4	root_02	1000	1	D_to_O	CellOT	-0.5675405977239713	-0.5513299991323938	0.016210598591578102	False	False
gse162632	original8	primary	mean_of_scored_seeds	4	root_02	1000	1	D_to_P	NC	-0.415517008590997	-0.415517008590997	0.0	True	True
gse162632	original8	primary	mean_of_scored_seeds	4	root_02	1000	1	D_to_P	CM	-0.3308712784163365	-0.3308712784163365	0.0	True	True
gse162632	original8	primary	mean_of_scored_seeds	4	root_02	1000	1	D_to_P	TW	-0.3307901594200786	-0.3307901594200786	0.0	True	True
gse162632	original8	primary	mean_of_scored_seeds	4	root_02	1000	1	D_to_P	PCA	-0.32962951686430125	-0.32962951686430125	0.0	True	True
gse162632	original8	primary	mean_of_scored_seeds	4	root_02	1000	1	D_to_P	RBF	-0.33062878962274117	-0.33062878962274117	0.0	True	True
gse162632	original8	primary	mean_of_scored_seeds	4	root_02	1000	1	D_to_P	scGen	-0.559870559642124	-0.5728846854487093	-0.013014125806585336	False	False
gse162632	original8	primary	mean_of_scored_seeds	4	root_02	1000	1	D_to_P	CPA	-0.7914713764365464	-0.7993121830920603	-0.007840806655512749	False	False
gse162632	original8	primary	mean_of_scored_seeds	4	root_02	1000	1	D_to_P	CellOT	-0.5675405977239713	-0.5837511963162574	-0.01621059859228583	False	False
gse162632	original8	primary	mean_of_scored_seeds	4	root_02	1000	1	S_to_M	NC	-0.415517008590997	-0.415517008590997	1.6653345369377347e-17	True	True
gse162632	original8	primary	mean_of_scored_seeds	4	root_02	1000	1	S_to_M	CM	-0.3308712784163365	-0.3308712784163365	-1.5543122344752192e-18	True	True
gse162632	original8	primary	mean_of_scored_seeds	4	root_02	1000	1	S_to_M	TW	-0.3307901594200786	-0.3307901594200786	-1.7208456881689926e-18	True	True
gse162632	original8	primary	mean_of_scored_seeds	4	root_02	1000	1	S_to_M	PCA	-0.32962951686430125	-0.32962951686430125	-8.326672684688674e-19	True	True
gse162632	original8	primary	mean_of_scored_seeds	4	root_02	1000	1	S_to_M	RBF	-0.33062878962274117	-0.33062878962274117	-7.216449660063517e-19	True	True
gse162632	original8	primary	mean_of_scored_seeds	4	root_02	1000	1	S_to_M	scGen	-0.12132898268371983	-0.12132898268348147	2.3822141944259305e-13	False	False
gse162632	original8	primary	mean_of_scored_seeds	4	root_02	1000	1	S_to_M	CPA	-0.352929799553948	-0.35292979955215936	1.7883836818851269e-12	False	False
gse162632	original8	primary	mean_of_scored_seeds	4	root_02	1000	1	S_to_M	CellOT	-0.12899902076591901	-0.12899902076465478	1.2642542984719892e-12	False	False
gse162632	original8	primary	mean_of_scored_seeds	4	root_03	1000	1	D_to_O	NC	-0.3955474671934167	-0.3955474671934167	-3.1641356201816963e-18	True	True
gse162632	original8	primary	mean_of_scored_seeds	4	root_03	1000	1	D_to_O	CM	-0.33647448039430944	-0.33647448039430944	-8.881784197001253e-19	True	True
gse162632	original8	primary	mean_of_scored_seeds	4	root_03	1000	1	D_to_O	TW	-0.3347830514940366	-0.3347830514940366	-1.8873791418627663e-18	True	True
gse162632	original8	primary	mean_of_scored_seeds	4	root_03	1000	1	D_to_O	PCA	-0.33537164690051774	-0.33537164690051774	-9.992007221626408e-19	True	True
gse162632	original8	primary	mean_of_scored_seeds	4	root_03	1000	1	D_to_O	RBF	-0.3351542680408259	-0.3351542680408259	-1.387778780781446e-18	True	True
gse162632	original8	primary	mean_of_scored_seeds	4	root_03	1000	1	D_to_O	scGen	-0.5623874233061364	-0.5494980151099473	0.012889408196188742	False	False
gse162632	original8	primary	mean_of_scored_seeds	4	root_03	1000	1	D_to_O	CPA	-0.8131143386784431	-0.8047105834412699	0.008403755237173906	False	False
gse162632	original8	primary	mean_of_scored_seeds	4	root_03	1000	1	D_to_O	CellOT	-0.5715557033667799	-0.554479982519742	0.01707572084703794	False	False
gse162632	original8	primary	mean_of_scored_seeds	4	root_03	1000	1	D_to_P	NC	-0.3955474671934167	-0.3955474671934167	0.0	True	True
gse162632	original8	primary	mean_of_scored_seeds	4	root_03	1000	1	D_to_P	CM	-0.33647448039430944	-0.33647448039430944	0.0	True	True
gse162632	original8	primary	mean_of_scored_seeds	4	root_03	1000	1	D_to_P	TW	-0.3347830514940366	-0.3347830514940366	0.0	True	True
gse162632	original8	primary	mean_of_scored_seeds	4	root_03	1000	1	D_to_P	PCA	-0.33537164690051774	-0.33537164690051774	0.0	True	True
gse162632	original8	primary	mean_of_scored_seeds	4	root_03	1000	1	D_to_P	RBF	-0.3351542680408259	-0.3351542680408259	0.0	True	True
gse162632	original8	primary	mean_of_scored_seeds	4	root_03	1000	1	D_to_P	scGen	-0.5623874233061364	-0.5752768314988987	-0.012889408192762658	False	False
gse162632	original8	primary	mean_of_scored_seeds	4	root_03	1000	1	D_to_P	CPA	-0.8131143386784431	-0.8215180939117536	-0.008403755233309286	False	False
gse162632	original8	primary	mean_of_scored_seeds	4	root_03	1000	1	D_to_P	CellOT	-0.5715557033667799	-0.5886314242117612	-0.017075720844981473	False	False
gse162632	original8	primary	mean_of_scored_seeds	4	root_03	1000	1	S_to_M	NC	-0.3955474671934167	-0.3955474671934167	1.482147737874584e-17	True	True
gse162632	original8	primary	mean_of_scored_seeds	4	root_03	1000	1	S_to_M	CM	-0.33647448039430955	-0.33647448039430944	-8.326672684688674e-19	True	True
gse162632	original8	primary	mean_of_scored_seeds	4	root_03	1000	1	S_to_M	TW	-0.3347830514940365	-0.3347830514940366	-1.7208456881689926e-18	True	True
gse162632	original8	primary	mean_of_scored_seeds	4	root_03	1000	1	S_to_M	PCA	-0.33537164690051774	-0.33537164690051774	-6.106226635438362e-19	True	True
gse162632	original8	primary	mean_of_scored_seeds	4	root_03	1000	1	S_to_M	RBF	-0.3351542680408259	-0.3351542680408259	-1.1102230246251566e-19	True	True
gse162632	original8	primary	mean_of_scored_seeds	4	root_03	1000	1	S_to_M	scGen	-0.12458738965014032	-0.12458738964723408	2.9062764648572305e-12	False	False
gse162632	original8	primary	mean_of_scored_seeds	4	root_03	1000	1	S_to_M	CPA	-0.37531430508241376	-0.3753143050833278	-9.138639474789063e-13	False	False
gse162632	original8	primary	mean_of_scored_seeds	4	root_03	1000	1	S_to_M	CellOT	-0.13375566971308286	-0.13375566971269595	3.868833864384413e-13	False	False
gse162632	original8	primary	mean_of_scored_seeds	4	root_04	1000	1	D_to_O	NC	-0.41770653454901846	-0.41770653454901846	-5.2735593669694944e-18	True	True
gse162632	original8	primary	mean_of_scored_seeds	4	root_04	1000	1	D_to_O	CM	-0.34136805025806466	-0.34136805025806466	-1.1102230246251566e-18	True	True
gse162632	original8	primary	mean_of_scored_seeds	4	root_04	1000	1	D_to_O	TW	-0.34133691844740904	-0.34133691844740904	-6.106226635438362e-19	True	True
gse162632	original8	primary	mean_of_scored_seeds	4	root_04	1000	1	D_to_O	PCA	-0.3400985593945188	-0.3400985593945188	0.0	True	True
gse162632	original8	primary	mean_of_scored_seeds	4	root_04	1000	1	D_to_O	RBF	-0.34110610184273643	-0.34110610184273643	-1.332267629550188e-18	True	True
gse162632	original8	primary	mean_of_scored_seeds	4	root_04	1000	1	D_to_O	scGen	-0.5724909259113559	-0.5621430818184215	0.010347844092934821	False	False
gse162632	original8	primary	mean_of_scored_seeds	4	root_04	1000	1	D_to_O	CPA	-0.8277835161305105	-0.8204948952001466	0.007288620930364444	False	False
gse162632	original8	primary	mean_of_scored_seeds	4	root_04	1000	1	D_to_O	CellOT	-0.5792504340035849	-0.5650376441703348	0.014212789833250633	False	False
gse162632	original8	primary	mean_of_scored_seeds	4	root_04	1000	1	D_to_P	NC	-0.41770653454901846	-0.41770653454901846	0.0	True	True
gse162632	original8	primary	mean_of_scored_seeds	4	root_04	1000	1	D_to_P	CM	-0.34136805025806466	-0.34136805025806466	0.0	True	True
gse162632	original8	primary	mean_of_scored_seeds	4	root_04	1000	1	D_to_P	TW	-0.34133691844740904	-0.34133691844740904	0.0	True	True
gse162632	original8	primary	mean_of_scored_seeds	4	root_04	1000	1	D_to_P	PCA	-0.3400985593945188	-0.3400985593945188	0.0	True	True
gse162632	original8	primary	mean_of_scored_seeds	4	root_04	1000	1	D_to_P	RBF	-0.34110610184273643	-0.34110610184273643	0.0	True	True
gse162632	original8	primary	mean_of_scored_seeds	4	root_04	1000	1	D_to_P	scGen	-0.5724909259113559	-0.5828387699954022	-0.010347844084045798	False	False
gse162632	original8	primary	mean_of_scored_seeds	4	root_04	1000	1	D_to_P	CPA	-0.8277835161305105	-0.8350721370402372	-0.0072886209097266065	False	False
gse162632	original8	primary	mean_of_scored_seeds	4	root_04	1000	1	D_to_P	CellOT	-0.5792504340035849	-0.5934632238290395	-0.014212789825453508	False	False
gse162632	original8	primary	mean_of_scored_seeds	4	root_04	1000	1	S_to_M	NC	-0.41770653454901846	-0.41770653454901846	1.687538997430238e-17	True	True
gse162632	original8	primary	mean_of_scored_seeds	4	root_04	1000	1	S_to_M	CM	-0.3413680502580647	-0.34136805025806466	-1.8318679906315084e-18	True	True
gse162632	original8	primary	mean_of_scored_seeds	4	root_04	1000	1	S_to_M	TW	-0.34133691844740904	-0.34133691844740904	-1.7208456881689926e-18	True	True
gse162632	original8	primary	mean_of_scored_seeds	4	root_04	1000	1	S_to_M	PCA	-0.3400985593945188	-0.3400985593945188	-3.0531133177191805e-18	True	True
gse162632	original8	primary	mean_of_scored_seeds	4	root_04	1000	1	S_to_M	RBF	-0.34110610184273643	-0.34110610184273643	-1.8318679906315084e-18	True	True
gse162632	original8	primary	mean_of_scored_seeds	4	root_04	1000	1	S_to_M	scGen	-0.12448728643843743	-0.12448728643918126	-7.440217053567013e-13	False	False
gse162632	original8	primary	mean_of_scored_seeds	4	root_04	1000	1	S_to_M	CPA	-0.3797798766235056	-0.379779876643739	-2.0233351494258753e-11	False	False
gse162632	original8	primary	mean_of_scored_seeds	4	root_04	1000	1	S_to_M	CellOT	-0.13124679452970442	-0.13124679452958368	1.206829497446549e-13	False	False
gse162632	original8	primary	mean_of_scored_seeds	4	root_05	1000	1	D_to_O	NC	-0.4223345344623108	-0.4223345344623108	-4.052314039881821e-18	True	True
gse162632	original8	primary	mean_of_scored_seeds	4	root_05	1000	1	D_to_O	CM	-0.3596567922751774	-0.3596567922751774	-8.881784197001253e-19	True	True
gse162632	original8	primary	mean_of_scored_seeds	4	root_05	1000	1	D_to_O	TW	-0.35762956426471443	-0.35762956426471443	-7.216449660063517e-19	True	True
gse162632	original8	primary	mean_of_scored_seeds	4	root_05	1000	1	D_to_O	PCA	-0.3584431371693759	-0.3584431371693759	-1.4432899320127034e-18	True	True
gse162632	original8	primary	mean_of_scored_seeds	4	root_05	1000	1	D_to_O	RBF	-0.3581638042066437	-0.3581638042066437	-1.1102230246251566e-18	True	True
gse162632	original8	primary	mean_of_scored_seeds	4	root_05	1000	1	D_to_O	scGen	-0.609366085742776	-0.5988651236988818	0.010500962043894705	False	False
gse162632	original8	primary	mean_of_scored_seeds	4	root_05	1000	1	D_to_O	CPA	-0.8865886197567293	-0.8790326282628764	0.007555991493853632	False	False
gse162632	original8	primary	mean_of_scored_seeds	4	root_05	1000	1	D_to_O	CellOT	-0.6183025626754214	-0.6039390509704358	0.01436351170498608	False	False
gse162632	original8	primary	mean_of_scored_seeds	4	root_05	1000	1	D_to_P	NC	-0.4223345344623108	-0.4223345344623108	0.0	True	True
gse162632	original8	primary	mean_of_scored_seeds	4	root_05	1000	1	D_to_P	CM	-0.3596567922751774	-0.3596567922751774	0.0	True	True
gse162632	original8	primary	mean_of_scored_seeds	4	root_05	1000	1	D_to_P	TW	-0.35762956426471443	-0.35762956426471443	0.0	True	True
gse162632	original8	primary	mean_of_scored_seeds	4	root_05	1000	1	D_to_P	PCA	-0.3584431371693759	-0.3584431371693759	0.0	True	True
gse162632	original8	primary	mean_of_scored_seeds	4	root_05	1000	1	D_to_P	RBF	-0.3581638042066437	-0.3581638042066437	0.0	True	True
gse162632	original8	primary	mean_of_scored_seeds	4	root_05	1000	1	D_to_P	scGen	-0.609366085742776	-0.6198670477839404	-0.010500962041164684	False	False
gse162632	original8	primary	mean_of_scored_seeds	4	root_05	1000	1	D_to_P	CPA	-0.8865886197567293	-0.8941446112427823	-0.007555991486052581	False	False
gse162632	original8	primary	mean_of_scored_seeds	4	root_05	1000	1	D_to_P	CellOT	-0.6183025626754214	-0.6326660743831144	-0.014363511707692914	False	False
gse162632	original8	primary	mean_of_scored_seeds	4	root_05	1000	1	S_to_M	NC	-0.42233453446231084	-0.4223345344623108	1.5154544286133388e-17	True	True
gse162632	original8	primary	mean_of_scored_seeds	4	root_05	1000	1	S_to_M	CM	-0.3596567922751774	-0.3596567922751774	2.7755575615628914e-19	True	True
gse162632	original8	primary	mean_of_scored_seeds	4	root_05	1000	1	S_to_M	TW	-0.35762956426471443	-0.35762956426471443	-7.771561172376096e-19	True	True
gse162632	original8	primary	mean_of_scored_seeds	4	root_05	1000	1	S_to_M	PCA	-0.3584431371693759	-0.3584431371693759	-5.551115123125783e-20	True	True
gse162632	original8	primary	mean_of_scored_seeds	4	root_05	1000	1	S_to_M	RBF	-0.3581638042066437	-0.3581638042066437	-7.216449660063517e-19	True	True
gse162632	original8	primary	mean_of_scored_seeds	4	root_05	1000	1	S_to_M	scGen	-0.1307876494610647	-0.13078764946014107	9.236974888674848e-13	False	False
gse162632	original8	primary	mean_of_scored_seeds	4	root_05	1000	1	S_to_M	CPA	-0.408010183490179	-0.4080101834935708	-3.3916915942455712e-12	False	False
gse162632	original8	primary	mean_of_scored_seeds	4	root_05	1000	1	S_to_M	CellOT	-0.13972412639050794	-0.1397241263898049	7.030737103619344e-13	False	False
gse162632	original8	primary	mean_of_scored_seeds	4	root_06	1000	1	D_to_O	NC	-0.40490719162876515	-0.40490719162876515	-3.1086244689504384e-18	True	True
gse162632	original8	primary	mean_of_scored_seeds	4	root_06	1000	1	D_to_O	CM	-0.4115430180316468	-0.4115430180316468	-5.329070518200752e-18	True	True
gse162632	original8	primary	mean_of_scored_seeds	4	root_06	1000	1	D_to_O	TW	-0.40574458345886505	-0.40574458345886505	-4.274358644806853e-18	True	True
gse162632	original8	primary	mean_of_scored_seeds	4	root_06	1000	1	D_to_O	PCA	-0.409380121644723	-0.409380121644723	-2.275957200481571e-18	True	True
gse162632	original8	primary	mean_of_scored_seeds	4	root_06	1000	1	D_to_O	RBF	-0.40747130062635734	-0.40747130062635734	-4.551914400963142e-18	True	True
gse162632	original8	primary	mean_of_scored_seeds	4	root_06	1000	1	D_to_O	scGen	-0.6964307567448006	-0.6859586370339787	0.01047211971082227	False	False
gse162632	original8	primary	mean_of_scored_seeds	4	root_06	1000	1	D_to_O	CPA	-1.0391096069284698	-1.0329102977966944	0.006199309131775268	False	False
gse162632	original8	primary	mean_of_scored_seeds	4	root_06	1000	1	D_to_O	CellOT	-0.6959795643949374	-0.6817867093423429	0.014192855052594348	False	False
gse162632	original8	primary	mean_of_scored_seeds	4	root_06	1000	1	D_to_P	NC	-0.40490719162876515	-0.40490719162876515	0.0	True	True
gse162632	original8	primary	mean_of_scored_seeds	4	root_06	1000	1	D_to_P	CM	-0.4115430180316468	-0.4115430180316468	0.0	True	True
gse162632	original8	primary	mean_of_scored_seeds	4	root_06	1000	1	D_to_P	TW	-0.40574458345886505	-0.40574458345886505	0.0	True	True
gse162632	original8	primary	mean_of_scored_seeds	4	root_06	1000	1	D_to_P	PCA	-0.409380121644723	-0.409380121644723	0.0	True	True
gse162632	original8	primary	mean_of_scored_seeds	4	root_06	1000	1	D_to_P	RBF	-0.40747130062635734	-0.40747130062635734	0.0	True	True
gse162632	original8	primary	mean_of_scored_seeds	4	root_06	1000	1	D_to_P	scGen	-0.6964307567448006	-0.706902876461426	-0.010472119716625011	False	False
gse162632	original8	primary	mean_of_scored_seeds	4	root_06	1000	1	D_to_P	CPA	-1.0391096069284698	-1.0453089160665294	-0.006199309138059688	False	False
gse162632	original8	primary	mean_of_scored_seeds	4	root_06	1000	1	D_to_P	CellOT	-0.6959795643949374	-0.7101724194444895	-0.014192855049552804	False	False
gse162632	original8	primary	mean_of_scored_seeds	4	root_06	1000	1	S_to_M	NC	-0.40490719162876515	-0.40490719162876515	1.6486811915683574e-17	True	True
gse162632	original8	primary	mean_of_scored_seeds	4	root_06	1000	1	S_to_M	CM	-0.41154301803164683	-0.4115430180316468	1.6209256159527284e-17	True	True
gse162632	original8	primary	mean_of_scored_seeds	4	root_06	1000	1	S_to_M	TW	-0.40574458345886516	-0.40574458345886505	1.6986412276764895e-17	True	True
gse162632	original8	primary	mean_of_scored_seeds	4	root_06	1000	1	S_to_M	PCA	-0.409380121644723	-0.409380121644723	1.5432100042289677e-17	True	True
gse162632	original8	primary	mean_of_scored_seeds	4	root_06	1000	1	S_to_M	RBF	-0.40747130062635745	-0.40747130062635734	1.659783421814609e-17	True	True
gse162632	original8	primary	mean_of_scored_seeds	4	root_06	1000	1	S_to_M	scGen	-0.17911862443731627	-0.17911862443595483	1.3613718393331216e-12	False	False
gse162632	original8	primary	mean_of_scored_seeds	4	root_06	1000	1	S_to_M	CPA	-0.5217974746123788	-0.5217974746074313	4.947482349730118e-12	False	False
gse162632	original8	primary	mean_of_scored_seeds	4	root_06	1000	1	S_to_M	CellOT	-0.1786674320824282	-0.17866743208510494	-2.6766590980701698e-12	False	False
gse162632	original8	primary	mean_of_scored_seeds	4	root_07	1000	1	D_to_O	NC	-0.4252949607573833	-0.4252949607573833	-3.608224830031759e-18	True	True
gse162632	original8	primary	mean_of_scored_seeds	4	root_07	1000	1	D_to_O	CM	-0.36457811264285866	-0.36457811264285866	-2.7755575615628914e-19	True	True
gse162632	original8	primary	mean_of_scored_seeds	4	root_07	1000	1	D_to_O	TW	-0.3640303761302312	-0.3640303761302312	-1.0547118733938987e-18	True	True
gse162632	original8	primary	mean_of_scored_seeds	4	root_07	1000	1	D_to_O	PCA	-0.3631515038486008	-0.3631515038486007	-7.771561172376096e-19	True	True
gse162632	original8	primary	mean_of_scored_seeds	4	root_07	1000	1	D_to_O	RBF	-0.36392729245726163	-0.36392729245726163	-1.387778780781446e-18	True	True
gse162632	original8	primary	mean_of_scored_seeds	4	root_07	1000	1	D_to_O	scGen	-0.609335227478573	-0.5979465195036613	0.01138870797491183	False	False
gse162632	original8	primary	mean_of_scored_seeds	4	root_07	1000	1	D_to_O	CPA	-0.9072811470057488	-0.8999769458964124	0.007304201109335523	False	False
gse162632	original8	primary	mean_of_scored_seeds	4	root_07	1000	1	D_to_O	CellOT	-0.6158486164008883	-0.6001901338320924	0.015658482568795953	False	False
gse162632	original8	primary	mean_of_scored_seeds	4	root_07	1000	1	D_to_P	NC	-0.4252949607573833	-0.4252949607573833	0.0	True	True
gse162632	original8	primary	mean_of_scored_seeds	4	root_07	1000	1	D_to_P	CM	-0.36457811264285866	-0.36457811264285866	0.0	True	True
gse162632	original8	primary	mean_of_scored_seeds	4	root_07	1000	1	D_to_P	TW	-0.3640303761302312	-0.3640303761302312	0.0	True	True
gse162632	original8	primary	mean_of_scored_seeds	4	root_07	1000	1	D_to_P	PCA	-0.3631515038486008	-0.3631515038486008	0.0	True	True
gse162632	original8	primary	mean_of_scored_seeds	4	root_07	1000	1	D_to_P	RBF	-0.36392729245726163	-0.36392729245726163	0.0	True	True
gse162632	original8	primary	mean_of_scored_seeds	4	root_07	1000	1	D_to_P	scGen	-0.609335227478573	-0.6207239354437387	-0.011388707965166037	False	False
gse162632	original8	primary	mean_of_scored_seeds	4	root_07	1000	1	D_to_P	CPA	-0.9072811470057488	-0.914585348102355	-0.007304201096605835	False	False
gse162632	original8	primary	mean_of_scored_seeds	4	root_07	1000	1	D_to_P	CellOT	-0.6158486164008883	-0.6315070989528889	-0.01565848255200002	False	False
gse162632	original8	primary	mean_of_scored_seeds	4	root_07	1000	1	S_to_M	NC	-0.4252949607573833	-0.4252949607573833	1.609823385706477e-17	True	True
gse162632	original8	primary	mean_of_scored_seeds	4	root_07	1000	1	S_to_M	CM	-0.36457811264285866	-0.36457811264285866	-2.220446049250313e-19	True	True
gse162632	original8	primary	mean_of_scored_seeds	4	root_07	1000	1	S_to_M	TW	-0.3640303761302312	-0.3640303761302312	-2.7755575615628914e-19	True	True
gse162632	original8	primary	mean_of_scored_seeds	4	root_07	1000	1	S_to_M	PCA	-0.3631515038486008	-0.3631515038486008	-4.440892098500626e-19	True	True
gse162632	original8	primary	mean_of_scored_seeds	4	root_07	1000	1	S_to_M	RBF	-0.3639272924572617	-0.36392729245726163	-2.220446049250313e-19	True	True
gse162632	original8	primary	mean_of_scored_seeds	4	root_07	1000	1	S_to_M	scGen	-0.13298166807473813	-0.13298166808400544	-9.267379289893779e-12	False	False
gse162632	original8	primary	mean_of_scored_seeds	4	root_07	1000	1	S_to_M	CPA	-0.4309275876082909	-0.4309275876169096	-8.618410984873038e-12	False	False
gse162632	original8	primary	mean_of_scored_seeds	4	root_07	1000	1	S_to_M	CellOT	-0.13949505699396939	-0.13949505700588857	-1.19192452482005e-11	False	False
gse162632	original8	primary	mean_of_scored_seeds	6	equal_eight_root_mean	1000	8	D_to_O	NC	-0.3398228156843802	-0.3398228156843802	-1.2420620087993936e-18	True	True
gse162632	original8	primary	mean_of_scored_seeds	6	equal_eight_root_mean	1000	8	D_to_O	CM	-0.27987184711728075	-0.27987184711728075	-1.0755285551056206e-18	True	True
gse162632	original8	primary	mean_of_scored_seeds	6	equal_eight_root_mean	1000	8	D_to_O	TW	-0.27828924309187725	-0.27828924309187725	-6.661338147750939e-19	True	True
gse162632	original8	primary	mean_of_scored_seeds	6	equal_eight_root_mean	1000	8	D_to_O	PCA	-0.27841628641544286	-0.27841628641544286	-9.99200722162641e-19	True	True
gse162632	original8	primary	mean_of_scored_seeds	6	equal_eight_root_mean	1000	8	D_to_O	RBF	-0.27861952405360446	-0.27861952405360446	-1.0894063429134349e-18	True	True
gse162632	original8	primary	mean_of_scored_seeds	6	equal_eight_root_mean	1000	8	D_to_O	scGen	-0.44454945913397353	-0.4368429442369395	0.0077065148970340775	False	False
gse162632	original8	primary	mean_of_scored_seeds	6	equal_eight_root_mean	1000	8	D_to_O	CPA	-0.7197449803375551	-0.7146412353241851	0.005103745013369908	False	False
gse162632	original8	primary	mean_of_scored_seeds	6	equal_eight_root_mean	1000	8	D_to_O	CellOT	-0.4504135148602296	-0.4400295498412132	0.010383965019016492	False	False
gse162632	original8	primary	mean_of_scored_seeds	6	equal_eight_root_mean	1000	8	D_to_P	NC	-0.3398228156843802	-0.3398228156843802	0.0	True	True
gse162632	original8	primary	mean_of_scored_seeds	6	equal_eight_root_mean	1000	8	D_to_P	CM	-0.27987184711728075	-0.27987184711728075	0.0	True	True
gse162632	original8	primary	mean_of_scored_seeds	6	equal_eight_root_mean	1000	8	D_to_P	TW	-0.27828924309187725	-0.27828924309187725	0.0	True	True
gse162632	original8	primary	mean_of_scored_seeds	6	equal_eight_root_mean	1000	8	D_to_P	PCA	-0.27841628641544286	-0.27841628641544286	0.0	True	True
gse162632	original8	primary	mean_of_scored_seeds	6	equal_eight_root_mean	1000	8	D_to_P	RBF	-0.27861952405360446	-0.27861952405360446	0.0	True	True
gse162632	original8	primary	mean_of_scored_seeds	6	equal_eight_root_mean	1000	8	D_to_P	scGen	-0.44454945913397353	-0.45225597403063716	-0.007706514896663673	False	False
gse162632	original8	primary	mean_of_scored_seeds	6	equal_eight_root_mean	1000	8	D_to_P	CPA	-0.7197449803375551	-0.7248487253466112	-0.005103745009056197	False	False
gse162632	original8	primary	mean_of_scored_seeds	6	equal_eight_root_mean	1000	8	D_to_P	CellOT	-0.4504135148602296	-0.46079747987591435	-0.010383965015684693	False	False
gse162632	original8	primary	mean_of_scored_seeds	6	equal_eight_root_mean	1000	8	S_to_M	NC	-0.3398228156843802	-0.3398228156843802	-7.2858385991025905e-19	True	True
gse162632	original8	primary	mean_of_scored_seeds	6	equal_eight_root_mean	1000	8	S_to_M	CM	-0.2798718471172808	-0.27987184711728075	-1.1241008124329708e-18	True	True
gse162632	original8	primary	mean_of_scored_seeds	6	equal_eight_root_mean	1000	8	S_to_M	TW	-0.2782892430918773	-0.27828924309187725	-8.604228440844962e-19	True	True
gse162632	original8	primary	mean_of_scored_seeds	6	equal_eight_root_mean	1000	8	S_to_M	PCA	-0.27841628641544286	-0.27841628641544286	-8.81239525796218e-19	True	True
gse162632	original8	primary	mean_of_scored_seeds	6	equal_eight_root_mean	1000	8	S_to_M	RBF	-0.27861952405360446	-0.27861952405360446	-6.245004513516505e-19	True	True
gse162632	original8	primary	mean_of_scored_seeds	6	equal_eight_root_mean	1000	8	S_to_M	scGen	-0.1328189436541493	-0.13281894365631508	-2.1657418855976683e-12	False	False
gse162632	original8	primary	mean_of_scored_seeds	6	equal_eight_root_mean	1000	8	S_to_M	CPA	-0.4080144648423516	-0.40801446484550163	-3.150111863488755e-12	False	False
gse162632	original8	primary	mean_of_scored_seeds	6	equal_eight_root_mean	1000	8	S_to_M	CellOT	-0.13868299937881995	-0.13868299938110956	-2.2895451287178554e-12	False	False
gse162632	original8	primary	mean_of_scored_seeds	6	root_00	1000	1	D_to_O	NC	-0.34102551748717674	-0.34102551748717674	-1.6653345369377347e-18	True	True
gse162632	original8	primary	mean_of_scored_seeds	6	root_00	1000	1	D_to_O	CM	-0.2925706308829541	-0.2925706308829541	-1.1657341758564144e-18	True	True
gse162632	original8	primary	mean_of_scored_seeds	6	root_00	1000	1	D_to_O	TW	-0.28958349781164594	-0.28958349781164594	-3.33066907387547e-19	True	True
gse162632	original8	primary	mean_of_scored_seeds	6	root_00	1000	1	D_to_O	PCA	-0.290224883039953	-0.290224883039953	-1.2767564783189302e-18	True	True
gse162632	original8	primary	mean_of_scored_seeds	6	root_00	1000	1	D_to_O	RBF	-0.2904411486896899	-0.2904411486896899	-5.551115123125783e-19	True	True
gse162632	original8	primary	mean_of_scored_seeds	6	root_00	1000	1	D_to_O	scGen	-0.46328475311000034	-0.45476155338674146	0.008523199723258547	False	False
gse162632	original8	primary	mean_of_scored_seeds	6	root_00	1000	1	D_to_O	CPA	-0.7841122392252128	-0.7782943892829105	0.005817849942302914	False	False
gse162632	original8	primary	mean_of_scored_seeds	6	root_00	1000	1	D_to_O	CellOT	-0.4717044303805859	-0.46040383852825734	0.011300591852328406	False	False
gse162632	original8	primary	mean_of_scored_seeds	6	root_00	1000	1	D_to_P	NC	-0.34102551748717674	-0.34102551748717674	0.0	True	True
gse162632	original8	primary	mean_of_scored_seeds	6	root_00	1000	1	D_to_P	CM	-0.2925706308829541	-0.2925706308829541	0.0	True	True
gse162632	original8	primary	mean_of_scored_seeds	6	root_00	1000	1	D_to_P	TW	-0.28958349781164594	-0.28958349781164594	0.0	True	True
gse162632	original8	primary	mean_of_scored_seeds	6	root_00	1000	1	D_to_P	PCA	-0.290224883039953	-0.290224883039953	0.0	True	True
gse162632	original8	primary	mean_of_scored_seeds	6	root_00	1000	1	D_to_P	RBF	-0.2904411486896899	-0.2904411486896899	0.0	True	True
gse162632	original8	primary	mean_of_scored_seeds	6	root_00	1000	1	D_to_P	scGen	-0.46328475311000034	-0.47180795284072	-0.008523199730719645	False	False
gse162632	original8	primary	mean_of_scored_seeds	6	root_00	1000	1	D_to_P	CPA	-0.7841122392252128	-0.7899300891911895	-0.005817849965977131	False	False
gse162632	original8	primary	mean_of_scored_seeds	6	root_00	1000	1	D_to_P	CellOT	-0.4717044303805859	-0.483005022236706	-0.011300591856119827	False	False
gse162632	original8	primary	mean_of_scored_seeds	6	root_00	1000	1	S_to_M	NC	-0.34102551748717674	-0.34102551748717674	-7.771561172376096e-19	True	True
gse162632	original8	primary	mean_of_scored_seeds	6	root_00	1000	1	S_to_M	CM	-0.2925706308829541	-0.2925706308829541	-1.8873791418627663e-18	True	True
gse162632	original8	primary	mean_of_scored_seeds	6	root_00	1000	1	S_to_M	TW	-0.28958349781164594	-0.28958349781164594	3.33066907387547e-19	True	True
gse162632	original8	primary	mean_of_scored_seeds	6	root_00	1000	1	S_to_M	PCA	-0.290224883039953	-0.290224883039953	-2.220446049250313e-19	True	True
gse162632	original8	primary	mean_of_scored_seeds	6	root_00	1000	1	S_to_M	RBF	-0.2904411486896899	-0.2904411486896899	-1.2212453270876723e-18	True	True
gse162632	original8	primary	mean_of_scored_seeds	6	root_00	1000	1	S_to_M	scGen	-0.13734698246082047	-0.13734698245929636	1.524462620953552e-12	False	False
gse162632	original8	primary	mean_of_scored_seeds	6	root_00	1000	1	S_to_M	CPA	-0.4581744685873573	-0.45817446856500516	2.2352031096387982e-11	False	False
gse162632	original8	primary	mean_of_scored_seeds	6	root_00	1000	1	S_to_M	CellOT	-0.1457666597297406	-0.14576665973062874	-8.881180328194442e-13	False	False
gse162632	original8	primary	mean_of_scored_seeds	6	root_01	1000	1	D_to_O	NC	-0.3624718944540366	-0.3624718944540366	-7.771561172376096e-19	True	True
gse162632	original8	primary	mean_of_scored_seeds	6	root_01	1000	1	D_to_O	CM	-0.2679599173027739	-0.2679599173027739	-1.0547118733938987e-18	True	True
gse162632	original8	primary	mean_of_scored_seeds	6	root_01	1000	1	D_to_O	TW	-0.26845870247745124	-0.2684587024774512	-5.551115123125783e-19	True	True
gse162632	original8	primary	mean_of_scored_seeds	6	root_01	1000	1	D_to_O	PCA	-0.2670826760857811	-0.2670826760857811	-9.992007221626408e-19	True	True
gse162632	original8	primary	mean_of_scored_seeds	6	root_01	1000	1	D_to_O	RBF	-0.26810935741507486	-0.26810935741507486	-7.771561172376096e-19	True	True
gse162632	original8	primary	mean_of_scored_seeds	6	root_01	1000	1	D_to_O	scGen	-0.42958869147433015	-0.42190900487684696	0.007679686597483397	False	False
gse162632	original8	primary	mean_of_scored_seeds	6	root_01	1000	1	D_to_O	CPA	-0.6590221166335937	-0.6534612683970401	0.005560848236553499	False	False
gse162632	original8	primary	mean_of_scored_seeds	6	root_01	1000	1	D_to_O	CellOT	-0.4358161607621783	-0.42491853816929687	0.010897622592881242	False	False
gse162632	original8	primary	mean_of_scored_seeds	6	root_01	1000	1	D_to_P	NC	-0.3624718944540366	-0.3624718944540366	0.0	True	True
gse162632	original8	primary	mean_of_scored_seeds	6	root_01	1000	1	D_to_P	CM	-0.2679599173027739	-0.2679599173027739	0.0	True	True
gse162632	original8	primary	mean_of_scored_seeds	6	root_01	1000	1	D_to_P	TW	-0.26845870247745124	-0.26845870247745124	0.0	True	True
gse162632	original8	primary	mean_of_scored_seeds	6	root_01	1000	1	D_to_P	PCA	-0.2670826760857811	-0.2670826760857811	0.0	True	True
gse162632	original8	primary	mean_of_scored_seeds	6	root_01	1000	1	D_to_P	RBF	-0.26810935741507486	-0.26810935741507486	0.0	True	True
gse162632	original8	primary	mean_of_scored_seeds	6	root_01	1000	1	D_to_P	scGen	-0.42958869147433015	-0.43726837807337304	-0.007679686599042494	False	False
gse162632	original8	primary	mean_of_scored_seeds	6	root_01	1000	1	D_to_P	CPA	-0.6590221166335937	-0.6645829648684306	-0.0055608482348367405	False	False
gse162632	original8	primary	mean_of_scored_seeds	6	root_01	1000	1	D_to_P	CellOT	-0.4358161607621783	-0.4467137833533948	-0.0108976225912166	False	False
gse162632	original8	primary	mean_of_scored_seeds	6	root_01	1000	1	S_to_M	NC	-0.3624718944540366	-0.3624718944540366	4.440892098500626e-19	True	True
gse162632	original8	primary	mean_of_scored_seeds	6	root_01	1000	1	S_to_M	CM	-0.2679599173027739	-0.2679599173027739	-7.216449660063517e-19	True	True
gse162632	original8	primary	mean_of_scored_seeds	6	root_01	1000	1	S_to_M	TW	-0.2684587024774512	-0.26845870247745124	-1.609823385706477e-18	True	True
gse162632	original8	primary	mean_of_scored_seeds	6	root_01	1000	1	S_to_M	PCA	-0.2670826760857811	-0.2670826760857811	-4.996003610813204e-19	True	True
gse162632	original8	primary	mean_of_scored_seeds	6	root_01	1000	1	S_to_M	RBF	-0.26810935741507486	-0.26810935741507486	-2.7755575615628914e-19	True	True
gse162632	original8	primary	mean_of_scored_seeds	6	root_01	1000	1	S_to_M	scGen	-0.12583974799439288	-0.1258397479951815	-7.886023917214046e-13	False	False
gse162632	original8	primary	mean_of_scored_seeds	6	root_01	1000	1	S_to_M	CPA	-0.35527317308316037	-0.35527317308695966	-3.799691986975754e-12	False	False
gse162632	original8	primary	mean_of_scored_seeds	6	root_01	1000	1	S_to_M	CellOT	-0.132067217268361	-0.132067217271946	-3.5849580526381433e-12	False	False
gse162632	original8	primary	mean_of_scored_seeds	6	root_02	1000	1	D_to_O	NC	-0.34235995103991507	-0.34235995103991507	-7.771561172376096e-19	True	True
gse162632	original8	primary	mean_of_scored_seeds	6	root_02	1000	1	D_to_O	CM	-0.2577292390326306	-0.2577292390326306	-9.992007221626408e-19	True	True
gse162632	original8	primary	mean_of_scored_seeds	6	root_02	1000	1	D_to_O	TW	-0.2576457313359588	-0.2576457313359588	-6.66133814775094e-19	True	True
gse162632	original8	primary	mean_of_scored_seeds	6	root_02	1000	1	D_to_O	PCA	-0.25648022737643006	-0.25648022737643006	-1.8318679906315084e-18	True	True
gse162632	original8	primary	mean_of_scored_seeds	6	root_02	1000	1	D_to_O	RBF	-0.25748528480141747	-0.25748528480141747	-7.771561172376096e-19	True	True
gse162632	original8	primary	mean_of_scored_seeds	6	root_02	1000	1	D_to_O	scGen	-0.4108831411995566	-0.40224978988357235	0.008633351315983789	False	False
gse162632	original8	primary	mean_of_scored_seeds	6	root_02	1000	1	D_to_O	CPA	-0.6422510424181039	-0.6370608939233343	0.005190148494769841	False	False
gse162632	original8	primary	mean_of_scored_seeds	6	root_02	1000	1	D_to_O	CellOT	-0.41784734351372377	-0.4070700923645795	0.010777251149144358	False	False
gse162632	original8	primary	mean_of_scored_seeds	6	root_02	1000	1	D_to_P	NC	-0.34235995103991507	-0.34235995103991507	0.0	True	True
gse162632	original8	primary	mean_of_scored_seeds	6	root_02	1000	1	D_to_P	CM	-0.2577292390326306	-0.2577292390326306	0.0	True	True
gse162632	original8	primary	mean_of_scored_seeds	6	root_02	1000	1	D_to_P	TW	-0.2576457313359588	-0.2576457313359588	0.0	True	True
gse162632	original8	primary	mean_of_scored_seeds	6	root_02	1000	1	D_to_P	PCA	-0.25648022737643006	-0.25648022737643006	0.0	True	True
gse162632	original8	primary	mean_of_scored_seeds	6	root_02	1000	1	D_to_P	RBF	-0.25748528480141747	-0.25748528480141747	0.0	True	True
gse162632	original8	primary	mean_of_scored_seeds	6	root_02	1000	1	D_to_P	scGen	-0.4108831411995566	-0.4195164925139732	-0.008633351314416957	False	False
gse162632	original8	primary	mean_of_scored_seeds	6	root_02	1000	1	D_to_P	CPA	-0.6422510424181039	-0.6474411908956362	-0.0051901484775328036	False	False
gse162632	original8	primary	mean_of_scored_seeds	6	root_02	1000	1	D_to_P	CellOT	-0.41784734351372377	-0.4286245946571192	-0.010777251143395512	False	False
gse162632	original8	primary	mean_of_scored_seeds	6	root_02	1000	1	S_to_M	NC	-0.34235995103991507	-0.34235995103991507	-9.436895709313831e-19	True	True
gse162632	original8	primary	mean_of_scored_seeds	6	root_02	1000	1	S_to_M	CM	-0.2577292390326306	-0.2577292390326306	-7.216449660063517e-19	True	True
gse162632	original8	primary	mean_of_scored_seeds	6	root_02	1000	1	S_to_M	TW	-0.2576457313359588	-0.2576457313359588	-7.771561172376096e-19	True	True
gse162632	original8	primary	mean_of_scored_seeds	6	root_02	1000	1	S_to_M	PCA	-0.25648022737643006	-0.25648022737643006	-2.220446049250313e-19	True	True
gse162632	original8	primary	mean_of_scored_seeds	6	root_02	1000	1	S_to_M	RBF	-0.25748528480141747	-0.25748528480141747	-1.2212453270876723e-18	True	True
gse162632	original8	primary	mean_of_scored_seeds	6	root_02	1000	1	S_to_M	scGen	-0.11860151055826484	-0.11860151056042971	-2.164742107790829e-12	False	False
gse162632	original8	primary	mean_of_scored_seeds	6	root_02	1000	1	S_to_M	CPA	-0.3499694117698879	-0.3499694117834354	-1.3547579613693017e-11	False	False
gse162632	original8	primary	mean_of_scored_seeds	6	root_02	1000	1	S_to_M	CellOT	-0.1255657128703119	-0.125565712874568	-4.2561963814469196e-12	False	False
gse162632	original8	primary	mean_of_scored_seeds	6	root_03	1000	1	D_to_O	NC	-0.3225800361445955	-0.3225800361445955	-2.0539125955565395e-18	True	True
gse162632	original8	primary	mean_of_scored_seeds	6	root_03	1000	1	D_to_O	CM	-0.2635368726139615	-0.2635368726139615	-1.387778780781446e-18	True	True
gse162632	original8	primary	mean_of_scored_seeds	6	root_03	1000	1	D_to_O	TW	-0.26185048266419453	-0.26185048266419453	-1.0547118733938987e-18	True	True
gse162632	original8	primary	mean_of_scored_seeds	6	root_03	1000	1	D_to_O	PCA	-0.2624293295988094	-0.2624293295988094	-9.436895709313831e-19	True	True
gse162632	original8	primary	mean_of_scored_seeds	6	root_03	1000	1	D_to_O	RBF	-0.26221939400772853	-0.26221939400772853	-1.1102230246251566e-18	True	True
gse162632	original8	primary	mean_of_scored_seeds	6	root_03	1000	1	D_to_O	scGen	-0.4135391124407395	-0.4050317389601778	0.008507373480561553	False	False
gse162632	original8	primary	mean_of_scored_seeds	6	root_03	1000	1	D_to_O	CPA	-0.6638762246307107	-0.6583357272667193	0.005540497363991522	False	False
gse162632	original8	primary	mean_of_scored_seeds	6	root_03	1000	1	D_to_O	CellOT	-0.42167868245022144	-0.4103611455424801	0.011317536907740823	False	False
gse162632	original8	primary	mean_of_scored_seeds	6	root_03	1000	1	D_to_P	NC	-0.3225800361445955	-0.3225800361445955	0.0	True	True
gse162632	original8	primary	mean_of_scored_seeds	6	root_03	1000	1	D_to_P	CM	-0.2635368726139615	-0.2635368726139615	0.0	True	True
gse162632	original8	primary	mean_of_scored_seeds	6	root_03	1000	1	D_to_P	TW	-0.26185048266419453	-0.26185048266419453	0.0	True	True
gse162632	original8	primary	mean_of_scored_seeds	6	root_03	1000	1	D_to_P	PCA	-0.2624293295988094	-0.2624293295988094	0.0	True	True
gse162632	original8	primary	mean_of_scored_seeds	6	root_03	1000	1	D_to_P	RBF	-0.26221939400772853	-0.26221939400772853	0.0	True	True
gse162632	original8	primary	mean_of_scored_seeds	6	root_03	1000	1	D_to_P	scGen	-0.4135391124407395	-0.42204648591504884	-0.00850737347430936	False	False
gse162632	original8	primary	mean_of_scored_seeds	6	root_03	1000	1	D_to_P	CPA	-0.6638762246307107	-0.6694167219904439	-0.005540497359732277	False	False
gse162632	original8	primary	mean_of_scored_seeds	6	root_03	1000	1	D_to_P	CellOT	-0.42167868245022144	-0.4329962193560443	-0.011317536905822989	False	False
gse162632	original8	primary	mean_of_scored_seeds	6	root_03	1000	1	S_to_M	NC	-0.3225800361445955	-0.3225800361445955	-4.996003610813204e-19	True	True
gse162632	original8	primary	mean_of_scored_seeds	6	root_03	1000	1	S_to_M	CM	-0.2635368726139615	-0.2635368726139615	-1.0547118733938987e-18	True	True
gse162632	original8	primary	mean_of_scored_seeds	6	root_03	1000	1	S_to_M	TW	-0.26185048266419453	-0.26185048266419453	-8.326672684688674e-19	True	True
gse162632	original8	primary	mean_of_scored_seeds	6	root_03	1000	1	S_to_M	PCA	-0.2624293295988094	-0.2624293295988094	-4.996003610813204e-19	True	True
gse162632	original8	primary	mean_of_scored_seeds	6	root_03	1000	1	S_to_M	RBF	-0.26221939400772853	-0.26221939400772853	0.0	True	True
gse162632	original8	primary	mean_of_scored_seeds	6	root_03	1000	1	S_to_M	scGen	-0.1218455585899919	-0.12184555859484063	-4.848759250590066e-12	False	False
gse162632	original8	primary	mean_of_scored_seeds	6	root_03	1000	1	S_to_M	CPA	-0.3721826707440788	-0.37218267074443084	-3.518712173485501e-13	False	False
gse162632	original8	primary	mean_of_scored_seeds	6	root_03	1000	1	S_to_M	CellOT	-0.12998512860786926	-0.12998512860895983	-1.0904932790101185e-12	False	False
gse162632	original8	primary	mean_of_scored_seeds	6	root_04	1000	1	D_to_O	NC	-0.34304276418790997	-0.34304276418790997	-1.5543122344752192e-18	True	True
gse162632	original8	primary	mean_of_scored_seeds	6	root_04	1000	1	D_to_O	CM	-0.26682936654624684	-0.26682936654624684	-1.4432899320127034e-18	True	True
gse162632	original8	primary	mean_of_scored_seeds	6	root_04	1000	1	D_to_O	TW	-0.2667901914843827	-0.2667901914843827	-8.326672684688674e-19	True	True
gse162632	original8	primary	mean_of_scored_seeds	6	root_04	1000	1	D_to_O	PCA	-0.2655609047376281	-0.2655609047376281	-7.216449660063517e-19	True	True
gse162632	original8	primary	mean_of_scored_seeds	6	root_04	1000	1	D_to_O	RBF	-0.2665620504460902	-0.2665620504460902	-1.1102230246251566e-18	True	True
gse162632	original8	primary	mean_of_scored_seeds	6	root_04	1000	1	D_to_O	scGen	-0.4213997152050201	-0.4144674623584084	0.006932252846612302	False	False
gse162632	original8	primary	mean_of_scored_seeds	6	root_04	1000	1	D_to_O	CPA	-0.6756073396554442	-0.6707442626596306	0.004863076995813387	False	False
gse162632	original8	primary	mean_of_scored_seeds	6	root_04	1000	1	D_to_O	CellOT	-0.42700292012515745	-0.41750631297418517	0.00949660715097187	False	False
gse162632	original8	primary	mean_of_scored_seeds	6	root_04	1000	1	D_to_P	NC	-0.34304276418790997	-0.34304276418790997	0.0	True	True
gse162632	original8	primary	mean_of_scored_seeds	6	root_04	1000	1	D_to_P	CM	-0.26682936654624684	-0.26682936654624684	0.0	True	True
gse162632	original8	primary	mean_of_scored_seeds	6	root_04	1000	1	D_to_P	TW	-0.2667901914843827	-0.2667901914843827	0.0	True	True
gse162632	original8	primary	mean_of_scored_seeds	6	root_04	1000	1	D_to_P	PCA	-0.2655609047376281	-0.2655609047376281	0.0	True	True
gse162632	original8	primary	mean_of_scored_seeds	6	root_04	1000	1	D_to_P	RBF	-0.2665620504460902	-0.2665620504460902	0.0	True	True
gse162632	original8	primary	mean_of_scored_seeds	6	root_04	1000	1	D_to_P	scGen	-0.4213997152050201	-0.4283319680522027	-0.006932252847182358	False	False
gse162632	original8	primary	mean_of_scored_seeds	6	root_04	1000	1	D_to_P	CPA	-0.6756073396554442	-0.6804704166549262	-0.004863076999482538	False	False
gse162632	original8	primary	mean_of_scored_seeds	6	root_04	1000	1	D_to_P	CellOT	-0.42700292012515745	-0.43649952728134633	-0.009496607156189179	False	False
gse162632	original8	primary	mean_of_scored_seeds	6	root_04	1000	1	S_to_M	NC	-0.34304276418790997	-0.34304276418790997	-4.996003610813204e-19	True	True
gse162632	original8	primary	mean_of_scored_seeds	6	root_04	1000	1	S_to_M	CM	-0.26682936654624684	-0.26682936654624684	-1.6653345369377347e-18	True	True
gse162632	original8	primary	mean_of_scored_seeds	6	root_04	1000	1	S_to_M	TW	-0.2667901914843827	-0.2667901914843827	-1.942890293094024e-18	True	True
gse162632	original8	primary	mean_of_scored_seeds	6	root_04	1000	1	S_to_M	PCA	-0.2655609047376281	-0.2655609047376281	-6.66133814775094e-19	True	True
gse162632	original8	primary	mean_of_scored_seeds	6	root_04	1000	1	S_to_M	RBF	-0.2665620504460902	-0.2665620504460902	4.440892098500626e-19	True	True
gse162632	original8	primary	mean_of_scored_seeds	6	root_04	1000	1	S_to_M	scGen	-0.12246664712144688	-0.122466647122425	-9.781639664918628e-13	False	False
gse162632	original8	primary	mean_of_scored_seeds	6	root_04	1000	1	S_to_M	CPA	-0.3766742715378471	-0.3766742715365054	1.3414859963608214e-12	False	False
gse162632	original8	primary	mean_of_scored_seeds	6	root_04	1000	1	S_to_M	CellOT	-0.12806985205120444	-0.1280698520451193	6.085263186868713e-12	False	False
gse162632	original8	primary	mean_of_scored_seeds	6	root_05	1000	1	D_to_O	NC	-0.3424754760551039	-0.3424754760551039	-9.992007221626408e-19	True	True
gse162632	original8	primary	mean_of_scored_seeds	6	root_05	1000	1	D_to_O	CM	-0.27984274678354676	-0.27984274678354676	-1.4988010832439613e-18	True	True
gse162632	original8	primary	mean_of_scored_seeds	6	root_05	1000	1	D_to_O	TW	-0.2778160365156841	-0.2778160365156841	3.33066907387547e-19	True	True
gse162632	original8	primary	mean_of_scored_seeds	6	root_05	1000	1	D_to_O	PCA	-0.27862762381132294	-0.27862762381132294	-8.326672684688674e-19	True	True
gse162632	original8	primary	mean_of_scored_seeds	6	root_05	1000	1	D_to_O	RBF	-0.2783497957111473	-0.2783497957111473	-1.8318679906315084e-18	True	True
gse162632	original8	primary	mean_of_scored_seeds	6	root_05	1000	1	D_to_O	scGen	-0.4478244670453601	-0.44097899864964946	0.006845468395711117	False	False
gse162632	original8	primary	mean_of_scored_seeds	6	root_05	1000	1	D_to_O	CPA	-0.7237909682875289	-0.7188990529586469	0.004891915328881957	False	False
gse162632	original8	primary	mean_of_scored_seeds	6	root_05	1000	1	D_to_O	CellOT	-0.4555286425911364	-0.44609781855976255	0.009430824031374	False	False
gse162632	original8	primary	mean_of_scored_seeds	6	root_05	1000	1	D_to_P	NC	-0.3424754760551039	-0.3424754760551039	0.0	True	True
gse162632	original8	primary	mean_of_scored_seeds	6	root_05	1000	1	D_to_P	CM	-0.27984274678354676	-0.27984274678354676	0.0	True	True
gse162632	original8	primary	mean_of_scored_seeds	6	root_05	1000	1	D_to_P	TW	-0.2778160365156841	-0.2778160365156841	0.0	True	True
gse162632	original8	primary	mean_of_scored_seeds	6	root_05	1000	1	D_to_P	PCA	-0.27862762381132294	-0.27862762381132294	0.0	True	True
gse162632	original8	primary	mean_of_scored_seeds	6	root_05	1000	1	D_to_P	RBF	-0.2783497957111473	-0.2783497957111473	0.0	True	True
gse162632	original8	primary	mean_of_scored_seeds	6	root_05	1000	1	D_to_P	scGen	-0.4478244670453601	-0.4546699354431574	-0.006845468397796858	False	False
gse162632	original8	primary	mean_of_scored_seeds	6	root_05	1000	1	D_to_P	CPA	-0.7237909682875289	-0.728682883611279	-0.004891915323749811	False	False
gse162632	original8	primary	mean_of_scored_seeds	6	root_05	1000	1	D_to_P	CellOT	-0.4555286425911364	-0.46495946661361387	-0.009430824022477267	False	False
gse162632	original8	primary	mean_of_scored_seeds	6	root_05	1000	1	S_to_M	NC	-0.3424754760551039	-0.3424754760551039	-6.66133814775094e-19	True	True
gse162632	original8	primary	mean_of_scored_seeds	6	root_05	1000	1	S_to_M	CM	-0.27984274678354676	-0.27984274678354676	1.1102230246251566e-19	True	True
gse162632	original8	primary	mean_of_scored_seeds	6	root_05	1000	1	S_to_M	TW	-0.2778160365156841	-0.2778160365156841	-1.7208456881689926e-18	True	True
gse162632	original8	primary	mean_of_scored_seeds	6	root_05	1000	1	S_to_M	PCA	-0.27862762381132294	-0.27862762381132294	-1.4432899320127034e-18	True	True
gse162632	original8	primary	mean_of_scored_seeds	6	root_05	1000	1	S_to_M	RBF	-0.2783497957111473	-0.2783497957111473	-1.387778780781446e-18	True	True
gse162632	original8	primary	mean_of_scored_seeds	6	root_05	1000	1	S_to_M	scGen	-0.12891702329846957	-0.1289170233000357	-1.5661976715541924e-12	False	False
gse162632	original8	primary	mean_of_scored_seeds	6	root_05	1000	1	S_to_M	CPA	-0.4048835245335352	-0.4048835245411287	-7.593790873894336e-12	False	False
gse162632	original8	primary	mean_of_scored_seeds	6	root_05	1000	1	S_to_M	CellOT	-0.13662119883802262	-0.13662119884321866	-5.1959660185563194e-12	False	False
gse162632	original8	primary	mean_of_scored_seeds	6	root_06	1000	1	D_to_O	NC	-0.3187756454479282	-0.3187756454479282	-8.881784197001253e-19	True	True
gse162632	original8	primary	mean_of_scored_seeds	6	root_06	1000	1	D_to_O	CM	-0.3253928809500873	-0.3253928809500873	-3.885780586188048e-19	True	True
gse162632	original8	primary	mean_of_scored_seeds	6	root_06	1000	1	D_to_O	TW	-0.31959808851493154	-0.31959808851493154	-1.1657341758564144e-18	True	True
gse162632	original8	primary	mean_of_scored_seeds	6	root_06	1000	1	D_to_O	PCA	-0.32323404840545955	-0.32323404840545955	-4.996003610813204e-19	True	True
gse162632	original8	primary	mean_of_scored_seeds	6	root_06	1000	1	D_to_O	RBF	-0.32132337290496954	-0.32132337290496954	-1.2212453270876723e-18	True	True
gse162632	original8	primary	mean_of_scored_seeds	6	root_06	1000	1	D_to_O	scGen	-0.5218659709734259	-0.5148821551083839	0.006983815865041931	False	False
gse162632	original8	primary	mean_of_scored_seeds	6	root_06	1000	1	D_to_O	CPA	-0.8640323690476347	-0.8598878542231936	0.004144514824440914	False	False
gse162632	original8	primary	mean_of_scored_seeds	6	root_06	1000	1	D_to_O	CellOT	-0.5205073924660387	-0.5110668339186648	0.009440558547374465	False	False
gse162632	original8	primary	mean_of_scored_seeds	6	root_06	1000	1	D_to_P	NC	-0.3187756454479282	-0.3187756454479282	0.0	True	True
gse162632	original8	primary	mean_of_scored_seeds	6	root_06	1000	1	D_to_P	CM	-0.3253928809500873	-0.3253928809500873	0.0	True	True
gse162632	original8	primary	mean_of_scored_seeds	6	root_06	1000	1	D_to_P	TW	-0.31959808851493154	-0.31959808851493154	0.0	True	True
gse162632	original8	primary	mean_of_scored_seeds	6	root_06	1000	1	D_to_P	PCA	-0.32323404840545955	-0.32323404840545955	0.0	True	True
gse162632	original8	primary	mean_of_scored_seeds	6	root_06	1000	1	D_to_P	RBF	-0.32132337290496954	-0.32132337290496954	0.0	True	True
gse162632	original8	primary	mean_of_scored_seeds	6	root_06	1000	1	D_to_P	scGen	-0.5218659709734259	-0.528849786835889	-0.006983815862463559	False	False
gse162632	original8	primary	mean_of_scored_seeds	6	root_06	1000	1	D_to_P	CPA	-0.8640323690476347	-0.8681768838722093	-0.004144514824575171	False	False
gse162632	original8	primary	mean_of_scored_seeds	6	root_06	1000	1	D_to_P	CellOT	-0.5205073924660387	-0.5299479510052963	-0.009440558539257472	False	False
gse162632	original8	primary	mean_of_scored_seeds	6	root_06	1000	1	S_to_M	NC	-0.31877564544792814	-0.3187756454479282	-1.4988010832439613e-18	True	True
gse162632	original8	primary	mean_of_scored_seeds	6	root_06	1000	1	S_to_M	CM	-0.32539288095008734	-0.3253928809500873	-2.0539125955565395e-18	True	True
gse162632	original8	primary	mean_of_scored_seeds	6	root_06	1000	1	S_to_M	TW	-0.31959808851493154	-0.31959808851493154	2.7755575615628914e-19	True	True
gse162632	original8	primary	mean_of_scored_seeds	6	root_06	1000	1	S_to_M	PCA	-0.3232340484054596	-0.32323404840545955	-2.886579864025407e-18	True	True
gse162632	original8	primary	mean_of_scored_seeds	6	root_06	1000	1	S_to_M	RBF	-0.32132337290496954	-0.32132337290496954	-6.106226635438362e-19	True	True
gse162632	original8	primary	mean_of_scored_seeds	6	root_06	1000	1	S_to_M	scGen	-0.17692725966322387	-0.1769272596674735	-4.249786559699468e-12	False	False
gse162632	original8	primary	mean_of_scored_seeds	6	root_06	1000	1	S_to_M	CPA	-0.5190936577836842	-0.519093657777934	5.750371771344002e-12	False	False
gse162632	original8	primary	mean_of_scored_seeds	6	root_06	1000	1	S_to_M	CellOT	-0.1755686811456756	-0.17556868115060623	-4.930534924785235e-12	False	False
gse162632	original8	primary	mean_of_scored_seeds	6	root_07	1000	1	D_to_O	NC	-0.3458512406583756	-0.3458512406583756	-1.2212453270876723e-18	True	True
gse162632	original8	primary	mean_of_scored_seeds	6	root_07	1000	1	D_to_O	CM	-0.2851131228260453	-0.2851131228260453	-6.66133814775094e-19	True	True
gse162632	original8	primary	mean_of_scored_seeds	6	root_07	1000	1	D_to_O	TW	-0.2845712139307694	-0.2845712139307694	-1.0547118733938987e-18	True	True
gse162632	original8	primary	mean_of_scored_seeds	6	root_07	1000	1	D_to_O	PCA	-0.2836905982681586	-0.2836905982681586	-8.881784197001253e-19	True	True
gse162632	original8	primary	mean_of_scored_seeds	6	root_07	1000	1	D_to_O	RBF	-0.2844657884527175	-0.2844657884527175	-1.332267629550188e-18	True	True
gse162632	original8	primary	mean_of_scored_seeds	6	root_07	1000	1	D_to_O	scGen	-0.4480098216233554	-0.4404628506717352	0.007546970951619985	False	False
gse162632	original8	primary	mean_of_scored_seeds	6	root_07	1000	1	D_to_O	CPA	-0.7452675428022117	-0.7404464338820063	0.004821108920205226	False	False
gse162632	original8	primary	mean_of_scored_seeds	6	root_07	1000	1	D_to_O	CellOT	-0.45322254659279526	-0.44281181867247904	0.010410727920316764	False	False
gse162632	original8	primary	mean_of_scored_seeds	6	root_07	1000	1	D_to_P	NC	-0.3458512406583756	-0.3458512406583756	0.0	True	True
gse162632	original8	primary	mean_of_scored_seeds	6	root_07	1000	1	D_to_P	CM	-0.2851131228260453	-0.2851131228260453	0.0	True	True
gse162632	original8	primary	mean_of_scored_seeds	6	root_07	1000	1	D_to_P	TW	-0.2845712139307694	-0.2845712139307694	0.0	True	True
gse162632	original8	primary	mean_of_scored_seeds	6	root_07	1000	1	D_to_P	PCA	-0.2836905982681586	-0.2836905982681586	0.0	True	True
gse162632	original8	primary	mean_of_scored_seeds	6	root_07	1000	1	D_to_P	RBF	-0.2844657884527175	-0.2844657884527175	0.0	True	True
gse162632	original8	primary	mean_of_scored_seeds	6	root_07	1000	1	D_to_P	scGen	-0.4480098216233554	-0.4555567925707333	-0.007546970947378155	False	False
gse162632	original8	primary	mean_of_scored_seeds	6	root_07	1000	1	D_to_P	CPA	-0.7452675428022117	-0.7500886516887748	-0.004821108886563095	False	False
gse162632	original8	primary	mean_of_scored_seeds	6	root_07	1000	1	D_to_P	CellOT	-0.45322254659279526	-0.4636332745037943	-0.0104107279109987	False	False
gse162632	original8	primary	mean_of_scored_seeds	6	root_07	1000	1	S_to_M	NC	-0.3458512406583756	-0.3458512406583756	-1.387778780781446e-18	True	True
gse162632	original8	primary	mean_of_scored_seeds	6	root_07	1000	1	S_to_M	CM	-0.2851131228260453	-0.2851131228260453	-9.992007221626408e-19	True	True
gse162632	original8	primary	mean_of_scored_seeds	6	root_07	1000	1	S_to_M	TW	-0.28457121393076945	-0.2845712139307694	-6.106226635438362e-19	True	True
gse162632	original8	primary	mean_of_scored_seeds	6	root_07	1000	1	S_to_M	PCA	-0.2836905982681586	-0.2836905982681586	-6.106226635438362e-19	True	True
gse162632	original8	primary	mean_of_scored_seeds	6	root_07	1000	1	S_to_M	RBF	-0.2844657884527175	-0.2844657884527175	-7.216449660063517e-19	True	True
gse162632	original8	primary	mean_of_scored_seeds	6	root_07	1000	1	S_to_M	scGen	-0.13060681954658426	-0.1306068195508384	-4.254145757887074e-12	False	False
gse162632	original8	primary	mean_of_scored_seeds	6	root_07	1000	1	S_to_M	CPA	-0.42786454069926166	-0.4278645407286137	-2.935185008009119e-11	False	False
gse162632	original8	primary	mean_of_scored_seeds	6	root_07	1000	1	S_to_M	CellOT	-0.13581954451937417	-0.13581954452382977	-4.455357527355375e-12	False	False
gse162632	original8	primary	mean_of_scored_seeds	8	equal_eight_root_mean	1000	8	D_to_O	NC	-0.30087629623050133	-0.30087629623050133	-8.881784197001253e-19	True	True
gse162632	original8	primary	mean_of_scored_seeds	8	equal_eight_root_mean	1000	8	D_to_O	CM	-0.2409216976488369	-0.24092169764883686	-1.8145207558717403e-18	True	True
gse162632	original8	primary	mean_of_scored_seeds	8	equal_eight_root_mean	1000	8	D_to_O	TW	-0.23934065533389823	-0.23934065533389823	-1.800642968063926e-18	True	True
gse162632	original8	primary	mean_of_scored_seeds	8	equal_eight_root_mean	1000	8	D_to_O	PCA	-0.23946557208130068	-0.23946557208130068	-1.85268467234323e-18	True	True
gse162632	original8	primary	mean_of_scored_seeds	8	equal_eight_root_mean	1000	8	D_to_O	RBF	-0.23967029669384507	-0.23967029669384507	-1.27675647831893e-18	True	True
gse162632	original8	primary	mean_of_scored_seeds	8	equal_eight_root_mean	1000	8	D_to_O	scGen	-0.3654889911961965	-0.35968425951794303	0.005804731678253479	False	False
gse162632	original8	primary	mean_of_scored_seeds	8	equal_eight_root_mean	1000	8	D_to_O	CPA	-0.6403702698115503	-0.6365258342002217	0.0038444356113286043	False	False
gse162632	original8	primary	mean_of_scored_seeds	8	equal_eight_root_mean	1000	8	D_to_O	CellOT	-0.37079346818300435	-0.3629791637032568	0.00781430447974753	False	False
gse162632	original8	primary	mean_of_scored_seeds	8	equal_eight_root_mean	1000	8	D_to_P	NC	-0.30087629623050133	-0.30087629623050133	0.0	True	True
gse162632	original8	primary	mean_of_scored_seeds	8	equal_eight_root_mean	1000	8	D_to_P	CM	-0.2409216976488369	-0.2409216976488369	0.0	True	True
gse162632	original8	primary	mean_of_scored_seeds	8	equal_eight_root_mean	1000	8	D_to_P	TW	-0.23934065533389823	-0.23934065533389823	0.0	True	True
gse162632	original8	primary	mean_of_scored_seeds	8	equal_eight_root_mean	1000	8	D_to_P	PCA	-0.23946557208130068	-0.23946557208130068	0.0	True	True
gse162632	original8	primary	mean_of_scored_seeds	8	equal_eight_root_mean	1000	8	D_to_P	RBF	-0.23967029669384507	-0.23967029669384507	0.0	True	True
gse162632	original8	primary	mean_of_scored_seeds	8	equal_eight_root_mean	1000	8	D_to_P	scGen	-0.3654889911961965	-0.37129372287368106	-0.005804731677484406	False	False
gse162632	original8	primary	mean_of_scored_seeds	8	equal_eight_root_mean	1000	8	D_to_P	CPA	-0.6403702698115503	-0.644214705421897	-0.003844435610346787	False	False
gse162632	original8	primary	mean_of_scored_seeds	8	equal_eight_root_mean	1000	8	D_to_P	CellOT	-0.37079346818300435	-0.37860777266109374	-0.00781430447808948	False	False
gse162632	original8	primary	mean_of_scored_seeds	8	equal_eight_root_mean	1000	8	S_to_M	NC	-0.30087629623050133	-0.30087629623050133	-8.881784197001253e-19	True	True
gse162632	original8	primary	mean_of_scored_seeds	8	equal_eight_root_mean	1000	8	S_to_M	CM	-0.2409216976488369	-0.2409216976488369	5.877243136609422e-18	True	True
gse162632	original8	primary	mean_of_scored_seeds	8	equal_eight_root_mean	1000	8	S_to_M	TW	-0.23934065533389823	-0.23934065533389823	6.109696082390315e-18	True	True
gse162632	original8	primary	mean_of_scored_seeds	8	equal_eight_root_mean	1000	8	S_to_M	PCA	-0.23946557208130068	-0.23946557208130068	6.227657278756737e-18	True	True
gse162632	original8	primary	mean_of_scored_seeds	8	equal_eight_root_mean	1000	8	S_to_M	RBF	-0.23967029669384507	-0.23967029669384507	5.7419347054832316e-18	True	True
gse162632	original8	primary	mean_of_scored_seeds	8	equal_eight_root_mean	1000	8	S_to_M	scGen	-0.13165311666033355	-0.13165311666034854	-1.491128863902641e-14	False	False
gse162632	original8	primary	mean_of_scored_seeds	8	equal_eight_root_mean	1000	8	S_to_M	CPA	-0.40653439528219565	-0.4065343952851447	-2.949007732455655e-12	False	False
gse162632	original8	primary	mean_of_scored_seeds	8	equal_eight_root_mean	1000	8	S_to_M	CellOT	-0.13695759364914087	-0.13695759365022683	-1.0860179179561502e-12	False	False
gse162632	original8	primary	mean_of_scored_seeds	8	root_00	1000	1	D_to_O	NC	-0.3003647506436976	-0.3003647506436976	-8.881784197001253e-19	True	True
gse162632	original8	primary	mean_of_scored_seeds	8	root_00	1000	1	D_to_O	CM	-0.2518870662751627	-0.2518870662751627	-1.3045120539345591e-18	True	True
gse162632	original8	primary	mean_of_scored_seeds	8	root_00	1000	1	D_to_O	TW	-0.24890083088933948	-0.24890083088933948	-2.275957200481571e-18	True	True
gse162632	original8	primary	mean_of_scored_seeds	8	root_00	1000	1	D_to_O	PCA	-0.24954353596233073	-0.24954353596233073	-1.6653345369377347e-18	True	True
gse162632	original8	primary	mean_of_scored_seeds	8	root_00	1000	1	D_to_O	RBF	-0.2497582345344264	-0.2497582345344264	-1.1657341758564144e-18	True	True
gse162632	original8	primary	mean_of_scored_seeds	8	root_00	1000	1	D_to_O	scGen	-0.38074117765703086	-0.3742626081486418	0.006478569508389057	False	False
gse162632	original8	primary	mean_of_scored_seeds	8	root_00	1000	1	D_to_O	CPA	-0.7013174956507727	-0.6968831230192687	0.00443437263150373	False	False
gse162632	original8	primary	mean_of_scored_seeds	8	root_00	1000	1	D_to_O	CellOT	-0.38854394220825234	-0.38000601432949765	0.008537927878754825	False	False
gse162632	original8	primary	mean_of_scored_seeds	8	root_00	1000	1	D_to_P	NC	-0.3003647506436976	-0.3003647506436976	0.0	True	True
gse162632	original8	primary	mean_of_scored_seeds	8	root_00	1000	1	D_to_P	CM	-0.2518870662751627	-0.2518870662751627	0.0	True	True
gse162632	original8	primary	mean_of_scored_seeds	8	root_00	1000	1	D_to_P	TW	-0.24890083088933948	-0.24890083088933948	0.0	True	True
gse162632	original8	primary	mean_of_scored_seeds	8	root_00	1000	1	D_to_P	PCA	-0.24954353596233073	-0.24954353596233073	0.0	True	True
gse162632	original8	primary	mean_of_scored_seeds	8	root_00	1000	1	D_to_P	RBF	-0.2497582345344264	-0.2497582345344264	0.0	True	True
gse162632	original8	primary	mean_of_scored_seeds	8	root_00	1000	1	D_to_P	scGen	-0.38074117765703086	-0.3872197471721021	-0.006478569515071075	False	False
gse162632	original8	primary	mean_of_scored_seeds	8	root_00	1000	1	D_to_P	CPA	-0.7013174956507727	-0.7057518682893922	-0.004434372638619576	False	False
gse162632	original8	primary	mean_of_scored_seeds	8	root_00	1000	1	D_to_P	CellOT	-0.38854394220825234	-0.3970818700853984	-0.008537927877145895	False	False
gse162632	original8	primary	mean_of_scored_seeds	8	root_00	1000	1	S_to_M	NC	-0.3003647506436976	-0.3003647506436976	-1.4988010832439613e-18	True	True
gse162632	original8	primary	mean_of_scored_seeds	8	root_00	1000	1	S_to_M	CM	-0.2518870662751627	-0.2518870662751627	-1.942890293094024e-19	True	True
gse162632	original8	primary	mean_of_scored_seeds	8	root_00	1000	1	S_to_M	TW	-0.24890083088933948	-0.24890083088933948	3.0808688933348094e-18	True	True
gse162632	original8	primary	mean_of_scored_seeds	8	root_00	1000	1	S_to_M	PCA	-0.24954353596233073	-0.24954353596233073	2.5535129566378604e-18	True	True
gse162632	original8	primary	mean_of_scored_seeds	8	root_00	1000	1	S_to_M	RBF	-0.2497582345344264	-0.2497582345344264	1.8596235662471373e-18	True	True
gse162632	original8	primary	mean_of_scored_seeds	8	root_00	1000	1	S_to_M	scGen	-0.1361148106830851	-0.1361148106809352	2.1500034067904277e-12	False	False
gse162632	original8	primary	mean_of_scored_seeds	8	root_00	1000	1	S_to_M	CPA	-0.4566911286501482	-0.4566911286471805	2.9675597719898883e-12	False	False
gse162632	original8	primary	mean_of_scored_seeds	8	root_00	1000	1	S_to_M	CellOT	-0.1439175752347427	-0.1439175752368146	-2.071826913733569e-12	False	False
gse162632	original8	primary	mean_of_scored_seeds	8	root_01	1000	1	D_to_O	NC	-0.3246196933953161	-0.3246196933953161	-6.66133814775094e-19	True	True
gse162632	original8	primary	mean_of_scored_seeds	8	root_01	1000	1	D_to_O	CM	-0.23007648480075216	-0.23007648480075216	-2.3037127760972e-18	True	True
gse162632	original8	primary	mean_of_scored_seeds	8	root_01	1000	1	D_to_O	TW	-0.2305769263653219	-0.2305769263653219	-2.192690473634684e-18	True	True
gse162632	original8	primary	mean_of_scored_seeds	8	root_01	1000	1	D_to_O	PCA	-0.22920030357008844	-0.22920030357008844	-1.9706458687096527e-18	True	True
gse162632	original8	primary	mean_of_scored_seeds	8	root_01	1000	1	D_to_O	RBF	-0.23022706212233	-0.23022706212233	-1.6930901125533637e-18	True	True
gse162632	original8	primary	mean_of_scored_seeds	8	root_01	1000	1	D_to_O	scGen	-0.352484768594521	-0.34664823974223796	0.005836528852282863	False	False
gse162632	original8	primary	mean_of_scored_seeds	8	root_01	1000	1	D_to_O	CPA	-0.581438530216206	-0.5772372389788406	0.004201291237365459	False	False
gse162632	original8	primary	mean_of_scored_seeds	8	root_01	1000	1	D_to_O	CellOT	-0.35804918657518314	-0.34979020300053604	0.00825898357464683	False	False
gse162632	original8	primary	mean_of_scored_seeds	8	root_01	1000	1	D_to_P	NC	-0.3246196933953161	-0.3246196933953161	0.0	True	True
gse162632	original8	primary	mean_of_scored_seeds	8	root_01	1000	1	D_to_P	CM	-0.23007648480075216	-0.23007648480075216	0.0	True	True
gse162632	original8	primary	mean_of_scored_seeds	8	root_01	1000	1	D_to_P	TW	-0.2305769263653219	-0.2305769263653219	0.0	True	True
gse162632	original8	primary	mean_of_scored_seeds	8	root_01	1000	1	D_to_P	PCA	-0.22920030357008844	-0.22920030357008844	0.0	True	True
gse162632	original8	primary	mean_of_scored_seeds	8	root_01	1000	1	D_to_P	RBF	-0.23022706212233	-0.23022706212233	0.0	True	True
gse162632	original8	primary	mean_of_scored_seeds	8	root_01	1000	1	D_to_P	scGen	-0.352484768594521	-0.35832129744862323	-0.005836528854101544	False	False
gse162632	original8	primary	mean_of_scored_seeds	8	root_01	1000	1	D_to_P	CPA	-0.581438530216206	-0.5856398214528947	-0.004201291236688626	False	False
gse162632	original8	primary	mean_of_scored_seeds	8	root_01	1000	1	D_to_P	CellOT	-0.35804918657518314	-0.3663081701519419	-0.008258983576758904	False	False
gse162632	original8	primary	mean_of_scored_seeds	8	root_01	1000	1	S_to_M	NC	-0.3246196933953161	-0.3246196933953161	-1.1102230246251566e-18	True	True
gse162632	original8	primary	mean_of_scored_seeds	8	root_01	1000	1	S_to_M	CM	-0.23007648480075216	-0.23007648480075216	8.93729534823251e-18	True	True
gse162632	original8	primary	mean_of_scored_seeds	8	root_01	1000	1	S_to_M	TW	-0.2305769263653219	-0.2305769263653219	8.715250743307479e-18	True	True
gse162632	original8	primary	mean_of_scored_seeds	8	root_01	1000	1	S_to_M	PCA	-0.22920030357008844	-0.22920030357008844	7.771561172376097e-18	True	True
gse162632	original8	primary	mean_of_scored_seeds	8	root_01	1000	1	S_to_M	RBF	-0.23022706212233	-0.23022706212233	8.715250743307479e-18	True	True
gse162632	original8	primary	mean_of_scored_seeds	8	root_01	1000	1	S_to_M	scGen	-0.12469212653044916	-0.1246921265284533	1.995823122509973e-12	False	False
gse162632	original8	primary	mean_of_scored_seeds	8	root_01	1000	1	S_to_M	CPA	-0.3536458881915741	-0.35364588819217363	-5.990899628235032e-13	False	False
gse162632	original8	primary	mean_of_scored_seeds	8	root_01	1000	1	S_to_M	CellOT	-0.13025654451343893	-0.1302565445100016	3.4372788041784715e-12	False	False
gse162632	original8	primary	mean_of_scored_seeds	8	root_02	1000	1	D_to_O	NC	-0.3057557804442885	-0.3057557804442885	-1.1102230246251566e-18	True	True
gse162632	original8	primary	mean_of_scored_seeds	8	root_02	1000	1	D_to_O	CM	-0.2211129199722078	-0.2211129199722078	-1.6930901125533637e-18	True	True
gse162632	original8	primary	mean_of_scored_seeds	8	root_02	1000	1	D_to_O	TW	-0.22103264331060982	-0.22103264331060982	-1.360023205165817e-18	True	True
gse162632	original8	primary	mean_of_scored_seeds	8	root_02	1000	1	D_to_O	PCA	-0.21986510447041005	-0.21986510447041005	-1.7763568394002505e-18	True	True
gse162632	original8	primary	mean_of_scored_seeds	8	root_02	1000	1	D_to_O	RBF	-0.2208709004661634	-0.2208709004661634	-9.159339953157542e-19	True	True
gse162632	original8	primary	mean_of_scored_seeds	8	root_02	1000	1	D_to_O	scGen	-0.33633336710124134	-0.32981919641061425	0.0065141706906275305	False	False
gse162632	original8	primary	mean_of_scored_seeds	8	root_02	1000	1	D_to_O	CPA	-0.5676844278141079	-0.5637713766885905	0.0039130511255172935	False	False
gse162632	original8	primary	mean_of_scored_seeds	8	root_02	1000	1	D_to_O	CellOT	-0.3429427050434944	-0.33481207860994705	0.008130626433547719	False	False
gse162632	original8	primary	mean_of_scored_seeds	8	root_02	1000	1	D_to_P	NC	-0.3057557804442885	-0.3057557804442885	0.0	True	True
gse162632	original8	primary	mean_of_scored_seeds	8	root_02	1000	1	D_to_P	CM	-0.2211129199722078	-0.2211129199722078	0.0	True	True
gse162632	original8	primary	mean_of_scored_seeds	8	root_02	1000	1	D_to_P	TW	-0.22103264331060982	-0.22103264331060982	0.0	True	True
gse162632	original8	primary	mean_of_scored_seeds	8	root_02	1000	1	D_to_P	PCA	-0.21986510447041005	-0.21986510447041005	0.0	True	True
gse162632	original8	primary	mean_of_scored_seeds	8	root_02	1000	1	D_to_P	RBF	-0.2208709004661634	-0.2208709004661634	0.0	True	True
gse162632	original8	primary	mean_of_scored_seeds	8	root_02	1000	1	D_to_P	scGen	-0.33633336710124134	-0.3428475377855135	-0.006514170684272162	False	False
gse162632	original8	primary	mean_of_scored_seeds	8	root_02	1000	1	D_to_P	CPA	-0.5676844278141079	-0.5715974789418309	-0.003913051127723223	False	False
gse162632	original8	primary	mean_of_scored_seeds	8	root_02	1000	1	D_to_P	CellOT	-0.3429427050434944	-0.3510733314756324	-0.00813062643213751	False	False
gse162632	original8	primary	mean_of_scored_seeds	8	root_02	1000	1	S_to_M	NC	-0.3057557804442886	-0.3057557804442885	-1.0547118733938987e-18	True	True
gse162632	original8	primary	mean_of_scored_seeds	8	root_02	1000	1	S_to_M	CM	-0.2211129199722078	-0.2211129199722078	7.827072323607353e-18	True	True
gse162632	original8	primary	mean_of_scored_seeds	8	root_02	1000	1	S_to_M	TW	-0.22103264331060982	-0.22103264331060982	7.382983113757291e-18	True	True
gse162632	original8	primary	mean_of_scored_seeds	8	root_02	1000	1	S_to_M	PCA	-0.2198651044704101	-0.21986510447041005	8.132383655379271e-18	True	True
gse162632	original8	primary	mean_of_scored_seeds	8	root_02	1000	1	S_to_M	RBF	-0.2208709004661634	-0.2208709004661634	5.8564264548977006e-18	True	True
gse162632	original8	primary	mean_of_scored_seeds	8	root_02	1000	1	S_to_M	scGen	-0.11719371212023362	-0.11719371212318778	-2.954087053678537e-12	False	False
gse162632	original8	primary	mean_of_scored_seeds	8	root_02	1000	1	S_to_M	CPA	-0.34854477292376473	-0.3485447729223298	1.434816006747515e-12	False	False
gse162632	original8	primary	mean_of_scored_seeds	8	root_02	1000	1	S_to_M	CellOT	-0.12380305006395405	-0.12380305006529872	-1.3447323624996935e-12	False	False
gse162632	original8	primary	mean_of_scored_seeds	8	root_03	1000	1	D_to_O	NC	-0.2861264156785637	-0.2861264156785637	-1.1102230246251566e-19	True	True
gse162632	original8	primary	mean_of_scored_seeds	8	root_03	1000	1	D_to_O	CM	-0.22704278981602755	-0.22704278981602755	-2.4147350785597157e-18	True	True
gse162632	original8	primary	mean_of_scored_seeds	8	root_03	1000	1	D_to_O	TW	-0.22535628716301082	-0.22535628716301082	-9.159339953157542e-19	True	True
gse162632	original8	primary	mean_of_scored_seeds	8	root_03	1000	1	D_to_O	PCA	-0.22593730247801924	-0.22593730247801927	-2.3037127760972e-18	True	True
gse162632	original8	primary	mean_of_scored_seeds	8	root_03	1000	1	D_to_O	RBF	-0.22572548143742396	-0.22572548143742396	-1.8318679906315084e-18	True	True
gse162632	original8	primary	mean_of_scored_seeds	8	root_03	1000	1	D_to_O	scGen	-0.3391890188945826	-0.3328441733711531	0.006344845523429021	False	False
gse162632	original8	primary	mean_of_scored_seeds	8	root_03	1000	1	D_to_O	CPA	-0.5893617048425531	-0.585232553856292	0.004129150986261147	False	False
gse162632	original8	primary	mean_of_scored_seeds	8	root_03	1000	1	D_to_O	CellOT	-0.3467914702020358	-0.3383551653529325	0.008436304849103371	False	False
gse162632	original8	primary	mean_of_scored_seeds	8	root_03	1000	1	D_to_P	NC	-0.2861264156785637	-0.2861264156785637	0.0	True	True
gse162632	original8	primary	mean_of_scored_seeds	8	root_03	1000	1	D_to_P	CM	-0.22704278981602755	-0.22704278981602755	0.0	True	True
gse162632	original8	primary	mean_of_scored_seeds	8	root_03	1000	1	D_to_P	TW	-0.22535628716301082	-0.22535628716301082	0.0	True	True
gse162632	original8	primary	mean_of_scored_seeds	8	root_03	1000	1	D_to_P	PCA	-0.22593730247801924	-0.22593730247801924	0.0	True	True
gse162632	original8	primary	mean_of_scored_seeds	8	root_03	1000	1	D_to_P	RBF	-0.22572548143742396	-0.22572548143742396	0.0	True	True
gse162632	original8	primary	mean_of_scored_seeds	8	root_03	1000	1	D_to_P	scGen	-0.3391890188945826	-0.345533864412823	-0.006344845518240281	False	False
gse162632	original8	primary	mean_of_scored_seeds	8	root_03	1000	1	D_to_P	CPA	-0.5893617048425531	-0.593490855837023	-0.004129150994470122	False	False
gse162632	original8	primary	mean_of_scored_seeds	8	root_03	1000	1	D_to_P	CellOT	-0.3467914702020358	-0.3552277750500061	-0.008436304847970276	False	False
gse162632	original8	primary	mean_of_scored_seeds	8	root_03	1000	1	S_to_M	NC	-0.2861264156785637	-0.2861264156785637	-9.992007221626408e-19	True	True
gse162632	original8	primary	mean_of_scored_seeds	8	root_03	1000	1	S_to_M	CM	-0.22704278981602755	-0.22704278981602755	8.271161533457416e-18	True	True
gse162632	original8	primary	mean_of_scored_seeds	8	root_03	1000	1	S_to_M	TW	-0.22535628716301082	-0.22535628716301082	7.216449660063518e-18	True	True
gse162632	original8	primary	mean_of_scored_seeds	8	root_03	1000	1	S_to_M	PCA	-0.22593730247801927	-0.22593730247801924	8.298917109073045e-18	True	True
gse162632	original8	primary	mean_of_scored_seeds	8	root_03	1000	1	S_to_M	RBF	-0.22572548143742396	-0.22572548143742396	7.91033905045424e-18	True	True
gse162632	original8	primary	mean_of_scored_seeds	8	root_03	1000	1	S_to_M	scGen	-0.12046688377057517	-0.12046688377285748	-2.282270317177648e-12	False	False
gse162632	original8	primary	mean_of_scored_seeds	8	root_03	1000	1	S_to_M	CPA	-0.3706395697435478	-0.37063956973756707	5.980717143749814e-12	False	False
gse162632	original8	primary	mean_of_scored_seeds	8	root_03	1000	1	S_to_M	CellOT	-0.12806933508650178	-0.12806933508611726	3.844216426666473e-13	False	False
gse162632	original8	primary	mean_of_scored_seeds	8	root_04	1000	1	D_to_O	NC	-0.3057407653779721	-0.3057407653779722	-9.436895709313831e-19	True	True
gse162632	original8	primary	mean_of_scored_seeds	8	root_04	1000	1	D_to_O	CM	-0.22958436798727275	-0.22958436798727275	-1.4988010832439613e-18	True	True
gse162632	original8	primary	mean_of_scored_seeds	8	root_04	1000	1	D_to_O	TW	-0.22954004232602307	-0.22954004232602307	-2.664535259100376e-18	True	True
gse162632	original8	primary	mean_of_scored_seeds	8	root_04	1000	1	D_to_O	PCA	-0.22830784489620817	-0.22830784489620817	-1.9984014443252816e-18	True	True
gse162632	original8	primary	mean_of_scored_seeds	8	root_04	1000	1	D_to_O	RBF	-0.22931374892894185	-0.22931374892894188	-1.4155343563970745e-18	True	True
gse162632	original8	primary	mean_of_scored_seeds	8	root_04	1000	1	D_to_O	scGen	-0.34588761722849726	-0.34064372521216685	0.005243892016330551	False	False
gse162632	original8	primary	mean_of_scored_seeds	8	root_04	1000	1	D_to_O	CPA	-0.5996270106653946	-0.5959453848800872	0.0036816257853075855	False	False
gse162632	original8	primary	mean_of_scored_seeds	8	root_04	1000	1	D_to_O	CellOT	-0.3508893109174827	-0.3437124642115041	0.007176846705978671	False	False
gse162632	original8	primary	mean_of_scored_seeds	8	root_04	1000	1	D_to_P	NC	-0.3057407653779721	-0.3057407653779721	0.0	True	True
gse162632	original8	primary	mean_of_scored_seeds	8	root_04	1000	1	D_to_P	CM	-0.22958436798727275	-0.22958436798727275	0.0	True	True
gse162632	original8	primary	mean_of_scored_seeds	8	root_04	1000	1	D_to_P	TW	-0.22954004232602307	-0.22954004232602307	0.0	True	True
gse162632	original8	primary	mean_of_scored_seeds	8	root_04	1000	1	D_to_P	PCA	-0.22830784489620817	-0.22830784489620817	0.0	True	True
gse162632	original8	primary	mean_of_scored_seeds	8	root_04	1000	1	D_to_P	RBF	-0.22931374892894185	-0.22931374892894185	0.0	True	True
gse162632	original8	primary	mean_of_scored_seeds	8	root_04	1000	1	D_to_P	scGen	-0.34588761722849726	-0.351131509240387	-0.005243892011889827	False	False
gse162632	original8	primary	mean_of_scored_seeds	8	root_04	1000	1	D_to_P	CPA	-0.5996270106653946	-0.6033086364458463	-0.003681625780451884	False	False
gse162632	original8	primary	mean_of_scored_seeds	8	root_04	1000	1	D_to_P	CellOT	-0.3508893109174827	-0.3580661576151938	-0.007176846697711357	False	False
gse162632	original8	primary	mean_of_scored_seeds	8	root_04	1000	1	S_to_M	NC	-0.3057407653779721	-0.3057407653779721	-1.609823385706477e-18	True	True
gse162632	original8	primary	mean_of_scored_seeds	8	root_04	1000	1	S_to_M	CM	-0.22958436798727275	-0.22958436798727275	7.993605777301126e-18	True	True
gse162632	original8	primary	mean_of_scored_seeds	8	root_04	1000	1	S_to_M	TW	-0.22954004232602307	-0.22954004232602307	7.993605777301126e-18	True	True
gse162632	original8	primary	mean_of_scored_seeds	8	root_04	1000	1	S_to_M	PCA	-0.22830784489620817	-0.22830784489620817	8.076872504148013e-18	True	True
gse162632	original8	primary	mean_of_scored_seeds	8	root_04	1000	1	S_to_M	RBF	-0.22931374892894188	-0.22931374892894185	8.271161533457416e-18	True	True
gse162632	original8	primary	mean_of_scored_seeds	8	root_04	1000	1	S_to_M	scGen	-0.12147666286220336	-0.12147666286372945	-1.5259849772686355e-12	False	False
gse162632	original8	primary	mean_of_scored_seeds	8	root_04	1000	1	S_to_M	CPA	-0.3752160562114312	-0.37521605621727766	-5.846691612336011e-12	False	False
gse162632	original8	primary	mean_of_scored_seeds	8	root_04	1000	1	S_to_M	CellOT	-0.12647835654146775	-0.12647835654782183	-6.3540218642188505e-12	False	False
gse162632	original8	primary	mean_of_scored_seeds	8	root_05	1000	1	D_to_O	NC	-0.3025338767210602	-0.3025338767210602	-1.2767564783189302e-18	True	True
gse162632	original8	primary	mean_of_scored_seeds	8	root_05	1000	1	D_to_O	CM	-0.23992112746118513	-0.23992112746118519	-2.3869795029440868e-18	True	True
gse162632	original8	primary	mean_of_scored_seeds	8	root_05	1000	1	D_to_O	TW	-0.2378993170285816	-0.2378993170285816	-1.8041124150158794e-18	True	True
gse162632	original8	primary	mean_of_scored_seeds	8	root_05	1000	1	D_to_O	PCA	-0.23870644791028225	-0.23870644791028225	-2.4424906541753446e-18	True	True
gse162632	original8	primary	mean_of_scored_seeds	8	root_05	1000	1	D_to_O	RBF	-0.23843088710502527	-0.23843088710502527	-9.992007221626408e-19	True	True
gse162632	original8	primary	mean_of_scored_seeds	8	root_05	1000	1	D_to_O	scGen	-0.3671187439243535	-0.3620346515052659	0.005084092419087577	False	False
gse162632	original8	primary	mean_of_scored_seeds	8	root_05	1000	1	D_to_O	CPA	-0.6425022489002792	-0.6388614339458197	0.003640814954459429	False	False
gse162632	original8	primary	mean_of_scored_seeds	8	root_05	1000	1	D_to_O	CellOT	-0.3742329151940121	-0.3672037338829941	0.007029181311018318	False	False
gse162632	original8	primary	mean_of_scored_seeds	8	root_05	1000	1	D_to_P	NC	-0.3025338767210602	-0.3025338767210602	0.0	True	True
gse162632	original8	primary	mean_of_scored_seeds	8	root_05	1000	1	D_to_P	CM	-0.23992112746118513	-0.23992112746118513	0.0	True	True
gse162632	original8	primary	mean_of_scored_seeds	8	root_05	1000	1	D_to_P	TW	-0.2378993170285816	-0.2378993170285816	0.0	True	True
gse162632	original8	primary	mean_of_scored_seeds	8	root_05	1000	1	D_to_P	PCA	-0.23870644791028225	-0.23870644791028225	0.0	True	True
gse162632	original8	primary	mean_of_scored_seeds	8	root_05	1000	1	D_to_P	RBF	-0.23843088710502527	-0.23843088710502527	0.0	True	True
gse162632	original8	primary	mean_of_scored_seeds	8	root_05	1000	1	D_to_P	scGen	-0.3671187439243535	-0.37220283634426304	-0.005084092419909865	False	False
gse162632	original8	primary	mean_of_scored_seeds	8	root_05	1000	1	D_to_P	CPA	-0.6425022489002792	-0.6461430638458939	-0.0036408149456148057	False	False
gse162632	original8	primary	mean_of_scored_seeds	8	root_05	1000	1	D_to_P	CellOT	-0.3742329151940121	-0.3812620964978934	-0.007029181303881496	False	False
gse162632	original8	primary	mean_of_scored_seeds	8	root_05	1000	1	S_to_M	NC	-0.3025338767210602	-0.3025338767210602	5.551115123125783e-19	True	True
gse162632	original8	primary	mean_of_scored_seeds	8	root_05	1000	1	S_to_M	CM	-0.23992112746118519	-0.23992112746118513	8.798517470154366e-18	True	True
gse162632	original8	primary	mean_of_scored_seeds	8	root_05	1000	1	S_to_M	TW	-0.2378993170285816	-0.2378993170285816	7.827072323607353e-18	True	True
gse162632	original8	primary	mean_of_scored_seeds	8	root_05	1000	1	S_to_M	PCA	-0.23870644791028225	-0.23870644791028225	8.187894806610529e-18	True	True
gse162632	original8	primary	mean_of_scored_seeds	8	root_05	1000	1	S_to_M	RBF	-0.23843088710502527	-0.23843088710502527	6.439293542825908e-18	True	True
gse162632	original8	primary	mean_of_scored_seeds	8	root_05	1000	1	S_to_M	scGen	-0.12796145490791913	-0.12796145490728922	6.299322915144975e-13	False	False
gse162632	original8	primary	mean_of_scored_seeds	8	root_05	1000	1	S_to_M	CPA	-0.40334495992053837	-0.4033449599328332	-1.2294297487465874e-11	False	False
gse162632	original8	primary	mean_of_scored_seeds	8	root_05	1000	1	S_to_M	CellOT	-0.13507562617962518	-0.13507562618697957	-7.354472993566694e-12	False	False
gse162632	original8	primary	mean_of_scored_seeds	8	root_06	1000	1	D_to_O	NC	-0.2756270580139184	-0.2756270580139184	-1.4432899320127034e-18	True	True
gse162632	original8	primary	mean_of_scored_seeds	8	root_06	1000	1	D_to_O	CM	-0.2822732368813582	-0.28227323688135814	-1.1102230246251566e-18	True	True
gse162632	original8	primary	mean_of_scored_seeds	8	root_06	1000	1	D_to_O	TW	-0.27647575892638293	-0.276475758926383	-9.992007221626408e-19	True	True
gse162632	original8	primary	mean_of_scored_seeds	8	root_06	1000	1	D_to_O	PCA	-0.2801102833351388	-0.2801102833351388	-9.992007221626408e-19	True	True
gse162632	original8	primary	mean_of_scored_seeds	8	root_06	1000	1	D_to_O	RBF	-0.2782020111907162	-0.2782020111907162	-4.996003610813204e-19	True	True
gse162632	original8	primary	mean_of_scored_seeds	8	root_06	1000	1	D_to_O	scGen	-0.4346137729164785	-0.42934029258962764	0.005273480326850717	False	False
gse162632	original8	primary	mean_of_scored_seeds	8	root_06	1000	1	D_to_O	CPA	-0.7764684225146602	-0.7733407522365415	0.0031276702781186327	False	False
gse162632	original8	primary	mean_of_scored_seeds	8	root_06	1000	1	D_to_O	CellOT	-0.43275803659511025	-0.4256432293654288	0.007114807229681218	False	False
gse162632	original8	primary	mean_of_scored_seeds	8	root_06	1000	1	D_to_P	NC	-0.2756270580139184	-0.2756270580139184	0.0	True	True
gse162632	original8	primary	mean_of_scored_seeds	8	root_06	1000	1	D_to_P	CM	-0.2822732368813582	-0.2822732368813582	0.0	True	True
gse162632	original8	primary	mean_of_scored_seeds	8	root_06	1000	1	D_to_P	TW	-0.27647575892638293	-0.27647575892638293	0.0	True	True
gse162632	original8	primary	mean_of_scored_seeds	8	root_06	1000	1	D_to_P	PCA	-0.2801102833351388	-0.2801102833351388	0.0	True	True
gse162632	original8	primary	mean_of_scored_seeds	8	root_06	1000	1	D_to_P	RBF	-0.2782020111907162	-0.2782020111907162	0.0	True	True
gse162632	original8	primary	mean_of_scored_seeds	8	root_06	1000	1	D_to_P	scGen	-0.4346137729164785	-0.4398872532434817	-0.005273480327003397	False	False
gse162632	original8	primary	mean_of_scored_seeds	8	root_06	1000	1	D_to_P	CPA	-0.7764684225146602	-0.7795960927863033	-0.003127670271643111	False	False
gse162632	original8	primary	mean_of_scored_seeds	8	root_06	1000	1	D_to_P	CellOT	-0.43275803659511025	-0.43987284383420655	-0.007114807239096445	False	False
gse162632	original8	primary	mean_of_scored_seeds	8	root_06	1000	1	S_to_M	NC	-0.2756270580139184	-0.2756270580139184	-8.326672684688674e-19	True	True
gse162632	original8	primary	mean_of_scored_seeds	8	root_06	1000	1	S_to_M	CM	-0.2822732368813582	-0.2822732368813582	-1.9984014443252816e-18	True	True
gse162632	original8	primary	mean_of_scored_seeds	8	root_06	1000	1	S_to_M	TW	-0.27647575892638293	-0.27647575892638293	-1.1102230246251566e-18	True	True
gse162632	original8	primary	mean_of_scored_seeds	8	root_06	1000	1	S_to_M	PCA	-0.2801102833351388	-0.2801102833351388	-6.66133814775094e-19	True	True
gse162632	original8	primary	mean_of_scored_seeds	8	root_06	1000	1	S_to_M	RBF	-0.2782020111907162	-0.2782020111907162	-1.1102230246251566e-18	True	True
gse162632	original8	primary	mean_of_scored_seeds	8	root_06	1000	1	S_to_M	scGen	-0.1758669666973117	-0.1758669666975542	-2.423975187237916e-13	False	False
gse162632	original8	primary	mean_of_scored_seeds	8	root_06	1000	1	S_to_M	CPA	-0.5177216162585624	-0.5177216162677598	-9.197446323068922e-12	False	False
gse162632	original8	primary	mean_of_scored_seeds	8	root_06	1000	1	S_to_M	CellOT	-0.17401123039117183	-0.17401123038057972	1.059196859850194e-11	False	False
gse162632	original8	primary	mean_of_scored_seeds	8	root_07	1000	1	D_to_O	NC	-0.30624202956919394	-0.30624202956919394	-6.66133814775094e-19	True	True
gse162632	original8	primary	mean_of_scored_seeds	8	root_07	1000	1	D_to_O	CM	-0.24547558799672867	-0.24547558799672867	-1.8041124150158794e-18	True	True
gse162632	original8	primary	mean_of_scored_seeds	8	root_07	1000	1	D_to_O	TW	-0.24494343666191623	-0.24494343666191623	-2.192690473634684e-18	True	True
gse162632	original8	primary	mean_of_scored_seeds	8	root_07	1000	1	D_to_O	PCA	-0.24405375402792776	-0.24405375402792776	-1.6653345369377347e-18	True	True
gse162632	original8	primary	mean_of_scored_seeds	8	root_07	1000	1	D_to_O	RBF	-0.24483404776573345	-0.24483404776573345	-1.6930901125533637e-18	True	True
gse162632	original8	primary	mean_of_scored_seeds	8	root_07	1000	1	D_to_O	scGen	-0.3675434632528673	-0.361881189163837	0.005662274089030517	False	False
gse162632	original8	primary	mean_of_scored_seeds	8	root_07	1000	1	D_to_O	CPA	-0.6645623178884285	-0.6609348099963331	0.0036275078920955574	False	False
gse162632	original8	primary	mean_of_scored_seeds	8	root_07	1000	1	D_to_O	CellOT	-0.37214017872846394	-0.36431042087321425	0.00782975785524928	False	False
gse162632	original8	primary	mean_of_scored_seeds	8	root_07	1000	1	D_to_P	NC	-0.30624202956919394	-0.30624202956919394	0.0	True	True
gse162632	original8	primary	mean_of_scored_seeds	8	root_07	1000	1	D_to_P	CM	-0.24547558799672867	-0.24547558799672867	0.0	True	True
gse162632	original8	primary	mean_of_scored_seeds	8	root_07	1000	1	D_to_P	TW	-0.24494343666191623	-0.24494343666191623	0.0	True	True
gse162632	original8	primary	mean_of_scored_seeds	8	root_07	1000	1	D_to_P	PCA	-0.24405375402792776	-0.24405375402792776	0.0	True	True
gse162632	original8	primary	mean_of_scored_seeds	8	root_07	1000	1	D_to_P	RBF	-0.24483404776573345	-0.24483404776573345	0.0	True	True
gse162632	original8	primary	mean_of_scored_seeds	8	root_07	1000	1	D_to_P	scGen	-0.3675434632528673	-0.37320573734225465	-0.00566227408938709	False	False
gse162632	original8	primary	mean_of_scored_seeds	8	root_07	1000	1	D_to_P	CPA	-0.6645623178884285	-0.6681898257759915	-0.0036275078875629505	False	False
gse162632	original8	primary	mean_of_scored_seeds	8	root_07	1000	1	D_to_P	CellOT	-0.37214017872846394	-0.3799699365784776	-0.007829757850013963	False	False
gse162632	original8	primary	mean_of_scored_seeds	8	root_07	1000	1	S_to_M	NC	-0.30624202956919394	-0.30624202956919394	-5.551115123125783e-19	True	True
gse162632	original8	primary	mean_of_scored_seeds	8	root_07	1000	1	S_to_M	CM	-0.24547558799672867	-0.24547558799672867	7.382983113757291e-18	True	True
gse162632	original8	primary	mean_of_scored_seeds	8	root_07	1000	1	S_to_M	TW	-0.24494343666191623	-0.24494343666191623	7.771561172376097e-18	True	True
gse162632	original8	primary	mean_of_scored_seeds	8	root_07	1000	1	S_to_M	PCA	-0.24405375402792776	-0.24405375402792776	7.466249840604178e-18	True	True
gse162632	original8	primary	mean_of_scored_seeds	8	root_07	1000	1	S_to_M	RBF	-0.24483404776573345	-0.24483404776573345	7.993605777301126e-18	True	True
gse162632	original8	primary	mean_of_scored_seeds	8	root_07	1000	1	S_to_M	scGen	-0.12945231571089114	-0.12945231570878157	2.1096907369215028e-12	False	False
gse162632	original8	primary	mean_of_scored_seeds	8	root_07	1000	1	S_to_M	CPA	-0.4264711703579982	-0.4264711703640354	-6.037629396438148e-12	False	False
gse162632	original8	primary	mean_of_scored_seeds	8	root_07	1000	1	S_to_M	CellOT	-0.13404903118222466	-0.13404903118820147	-5.9767582549774546e-12	False	False
