allocation	depth_per_gemgroup	cells_per_role	effect_model	state_model	d_S	V	d_D	n_tasks	crossing_unit_count	d_D_predicted	identity_residual	condition_strict_raw	expected_crossing	observed_crossing	S_tie	D_tie	classification
0	8	64	direct_effect_ridge	additive	-0.009335153646806654	0.028527012578303396	0.01919185893149674	55	44	0.01919185893149674	0.0	True	True	True	False	False	state_to_effect
0	8	64	direct_effect_ridge	compositional_ridge	-0.010126389711731973	0.028527012578303396	0.01840062286657142	55	42	0.018400622866571424	-3.469446951953614e-18	True	True	True	False	False	state_to_effect
0	8	64	direct_effect_ridge	CPA_0.8.8	0.04210805096239208	0.028527012578303396	0.07063506354069547	55	7	0.07063506354069547	0.0	False	False	False	False	False	effect_preferred_both
0	16	128	direct_effect_ridge	additive	-0.0024955490673749647	0.014532244999799819	0.012036695932424858	55	38	0.012036695932424854	3.469446951953614e-18	True	True	True	False	False	state_to_effect
0	16	128	direct_effect_ridge	compositional_ridge	-0.003286785132300282	0.014532244999799819	0.011245459867499539	55	34	0.011245459867499537	1.734723475976807e-18	True	True	True	False	False	state_to_effect
0	16	128	direct_effect_ridge	CPA_0.8.8	0.04865984474201999	0.014532244999799819	0.0631920897418198	55	3	0.0631920897418198	0.0	False	False	False	False	False	effect_preferred_both
0	32	256	direct_effect_ridge	additive	0.0010292792509066797	0.007222817988993198	0.008252097239899878	55	18	0.008252097239899878	0.0	False	False	False	False	False	effect_preferred_both
0	32	256	direct_effect_ridge	compositional_ridge	0.00023804318598136248	0.007222817988993198	0.007460861174974561	55	27	0.007460861174974561	0.0	False	False	False	False	False	effect_preferred_both
0	32	256	direct_effect_ridge	CPA_0.8.8	0.04963983518817969	0.007222817988993198	0.05686265317717289	55	1	0.05686265317717289	0.0	False	False	False	False	False	effect_preferred_both
0	64	512	direct_effect_ridge	additive	0.002925802760049866	0.003646986423690466	0.006572789183740333	55	11	0.006572789183740332	8.673617379884035e-19	False	False	False	False	False	effect_preferred_both
0	64	512	direct_effect_ridge	compositional_ridge	0.0021345666951245487	0.003646986423690466	0.005781553118815013	55	14	0.005781553118815015	-1.734723475976807e-18	False	False	False	False	False	effect_preferred_both
0	64	512	direct_effect_ridge	CPA_0.8.8	0.051177595287858195	0.003646986423690466	0.05482458171154866	55	1	0.054824581711548664	-6.938893903907228e-18	False	False	False	False	False	effect_preferred_both
0	128	1024	direct_effect_ridge	additive	0.0037956773518053317	0.0018657349186582282	0.00566141227046356	55	5	0.00566141227046356	0.0	False	False	False	False	False	effect_preferred_both
0	128	1024	direct_effect_ridge	compositional_ridge	0.003004441286880014	0.0018657349186582282	0.004870176205538242	55	11	0.004870176205538242	0.0	False	False	False	False	False	effect_preferred_both
0	128	1024	direct_effect_ridge	CPA_0.8.8	0.05100633894103632	0.0018657349186582282	0.05287207385969454	55	1	0.05287207385969454	0.0	False	False	False	False	False	effect_preferred_both
0	135	1080	direct_effect_ridge	additive	0.003851065402655975	0.0018011313424203107	0.005652196745076287	55	4	0.005652196745076285	1.734723475976807e-18	False	False	False	False	False	effect_preferred_both
0	135	1080	direct_effect_ridge	compositional_ridge	0.0030598293377306573	0.0018011313424203107	0.004860960680150968	55	11	0.004860960680150968	0.0	False	False	False	False	False	effect_preferred_both
0	135	1080	direct_effect_ridge	CPA_0.8.8	0.05125377513682368	0.0018011313424203107	0.05305490647924399	55	1	0.05305490647924399	0.0	False	False	False	False	False	effect_preferred_both
1	8	64	direct_effect_ridge	additive	-0.011432389207206508	0.03195997071535509	0.020527581508148592	55	45	0.020527581508148582	1.0408340855860843e-17	True	True	True	False	False	state_to_effect
1	8	64	direct_effect_ridge	compositional_ridge	-0.012223625272131828	0.03195997071535509	0.019736345443223276	55	41	0.019736345443223266	1.0408340855860843e-17	True	True	True	False	False	state_to_effect
1	8	64	direct_effect_ridge	CPA_0.8.8	0.033541415162548764	0.03195997071535509	0.06550138587790387	55	9	0.06550138587790386	1.3877787807814457e-17	False	False	False	False	False	effect_preferred_both
1	16	128	direct_effect_ridge	additive	-0.003158412996341662	0.015846787321706454	0.012688374325364791	55	37	0.012688374325364793	-1.734723475976807e-18	True	True	True	False	False	state_to_effect
1	16	128	direct_effect_ridge	compositional_ridge	-0.00394964906126698	0.015846787321706454	0.011897138260439475	55	33	0.011897138260439474	1.734723475976807e-18	True	True	True	False	False	state_to_effect
1	16	128	direct_effect_ridge	CPA_0.8.8	0.043414226178132356	0.015846787321706454	0.05926101349983881	55	4	0.05926101349983881	0.0	False	False	False	False	False	effect_preferred_both
1	32	256	direct_effect_ridge	additive	0.00036435832681601225	0.00840000852405252	0.008764366850868534	55	22	0.008764366850868533	1.734723475976807e-18	False	False	False	False	False	effect_preferred_both
1	32	256	direct_effect_ridge	compositional_ridge	-0.00042687773810930505	0.00840000852405252	0.007973130785943217	55	25	0.007973130785943215	1.734723475976807e-18	True	True	True	False	False	state_to_effect
1	32	256	direct_effect_ridge	CPA_0.8.8	0.04506902665796532	0.00840000852405252	0.05346903518201784	55	2	0.05346903518201784	0.0	False	False	False	False	False	effect_preferred_both
1	64	512	direct_effect_ridge	additive	0.0028160029447654574	0.0037928184251342944	0.006608821369899753	55	10	0.006608821369899752	8.673617379884035e-19	False	False	False	False	False	effect_preferred_both
1	64	512	direct_effect_ridge	compositional_ridge	0.0020247668798401403	0.0037928184251342944	0.005817585304974435	55	15	0.005817585304974435	0.0	False	False	False	False	False	effect_preferred_both
1	64	512	direct_effect_ridge	CPA_0.8.8	0.0499070503998775	0.0037928184251342944	0.05369986882501179	55	1	0.05369986882501179	0.0	False	False	False	False	False	effect_preferred_both
1	128	1024	direct_effect_ridge	additive	0.003844641960113142	0.0019270362951216199	0.005771678255234762	55	3	0.005771678255234762	0.0	False	False	False	False	False	effect_preferred_both
1	128	1024	direct_effect_ridge	compositional_ridge	0.003053405895187825	0.0019270362951216199	0.004980442190309443	55	11	0.004980442190309445	-1.734723475976807e-18	False	False	False	False	False	effect_preferred_both
1	128	1024	direct_effect_ridge	CPA_0.8.8	0.05211472178814042	0.0019270362951216199	0.05404175808326204	55	1	0.05404175808326204	0.0	False	False	False	False	False	effect_preferred_both
1	135	1080	direct_effect_ridge	additive	0.0038661441969093002	0.0018768400650454743	0.005742984261954774	55	3	0.005742984261954774	0.0	False	False	False	False	False	effect_preferred_both
1	135	1080	direct_effect_ridge	compositional_ridge	0.0030749081319839827	0.0018768400650454743	0.004951748197029457	55	10	0.004951748197029457	0.0	False	False	False	False	False	effect_preferred_both
1	135	1080	direct_effect_ridge	CPA_0.8.8	0.05191193464118107	0.0018768400650454743	0.05378877470622654	55	1	0.05378877470622655	-6.938893903907228e-18	False	False	False	False	False	effect_preferred_both
2	8	64	direct_effect_ridge	additive	-0.010423006079000362	0.03155975527163019	0.021136749192629832	55	44	0.021136749192629832	0.0	True	True	True	False	False	state_to_effect
2	8	64	direct_effect_ridge	compositional_ridge	-0.01121424214392568	0.03155975527163019	0.020345513127704513	55	43	0.020345513127704513	0.0	True	True	True	False	False	state_to_effect
2	8	64	direct_effect_ridge	CPA_0.8.8	0.04589815336814861	0.03155975527163019	0.0774579086397788	55	8	0.0774579086397788	0.0	False	False	False	False	False	effect_preferred_both
2	16	128	direct_effect_ridge	additive	-0.0030447287902009503	0.015682721130162478	0.012637992339961535	55	38	0.012637992339961528	6.938893903907228e-18	True	True	True	False	False	state_to_effect
2	16	128	direct_effect_ridge	compositional_ridge	-0.003835964855126267	0.015682721130162478	0.011846756275036216	55	34	0.01184675627503621	5.204170427930421e-18	True	True	True	False	False	state_to_effect
2	16	128	direct_effect_ridge	CPA_0.8.8	0.04766844927780938	0.015682721130162478	0.06335117040797186	55	3	0.06335117040797186	0.0	False	False	False	False	False	effect_preferred_both
2	32	256	direct_effect_ridge	additive	0.0009451829779440671	0.007883317850210262	0.008828500828154331	55	18	0.00882850082815433	1.734723475976807e-18	False	False	False	False	False	effect_preferred_both
2	32	256	direct_effect_ridge	compositional_ridge	0.00015394691301875003	0.007883317850210262	0.008037264763229014	55	29	0.008037264763229012	1.734723475976807e-18	False	False	False	False	False	effect_preferred_both
2	32	256	direct_effect_ridge	CPA_0.8.8	0.050329400985290776	0.007883317850210262	0.05821271883550105	55	1	0.05821271883550104	6.938893903907228e-18	False	False	False	False	False	effect_preferred_both
2	64	512	direct_effect_ridge	additive	0.002959500756554396	0.0036946876231094025	0.0066541883796638005	55	10	0.006654188379663799	1.734723475976807e-18	False	False	False	False	False	effect_preferred_both
2	64	512	direct_effect_ridge	compositional_ridge	0.0021682646916290783	0.0036946876231094025	0.005862952314738483	55	14	0.005862952314738481	1.734723475976807e-18	False	False	False	False	False	effect_preferred_both
2	64	512	direct_effect_ridge	CPA_0.8.8	0.05080020790717897	0.0036946876231094025	0.054494895530288384	55	1	0.05449489553028837	1.3877787807814457e-17	False	False	False	False	False	effect_preferred_both
2	128	1024	direct_effect_ridge	additive	0.0038552443154077805	0.0018953966213961383	0.0057506409368039205	55	4	0.005750640936803919	1.734723475976807e-18	False	False	False	False	False	effect_preferred_both
2	128	1024	direct_effect_ridge	compositional_ridge	0.003064008250482463	0.0018953966213961383	0.0049594048718786	55	11	0.004959404871878601	-8.673617379884035e-19	False	False	False	False	False	effect_preferred_both
2	128	1024	direct_effect_ridge	CPA_0.8.8	0.05183015656491524	0.0018953966213961383	0.053725553186311385	55	1	0.05372555318631138	6.938893903907228e-18	False	False	False	False	False	effect_preferred_both
2	135	1080	direct_effect_ridge	additive	0.0038887290171356103	0.0018059612902153717	0.005694690307350982	55	3	0.005694690307350982	0.0	False	False	False	False	False	effect_preferred_both
2	135	1080	direct_effect_ridge	compositional_ridge	0.003097492952210293	0.0018059612902153717	0.004903454242425665	55	10	0.004903454242425664	8.673617379884035e-19	False	False	False	False	False	effect_preferred_both
2	135	1080	direct_effect_ridge	CPA_0.8.8	0.051626125122423226	0.0018059612902153717	0.0534320864126386	55	1	0.0534320864126386	0.0	False	False	False	False	False	effect_preferred_both
3	8	64	direct_effect_ridge	additive	-0.009884038039551178	0.03017672459217438	0.020292686552623205	55	44	0.0202926865526232	3.469446951953614e-18	True	True	True	False	False	state_to_effect
3	8	64	direct_effect_ridge	compositional_ridge	-0.010675274104476497	0.03017672459217438	0.019501450487697893	55	42	0.019501450487697886	6.938893903907228e-18	True	True	True	False	False	state_to_effect
3	8	64	direct_effect_ridge	CPA_0.8.8	0.043935659542343526	0.03017672459217438	0.0741123841345179	55	8	0.0741123841345179	0.0	False	False	False	False	False	effect_preferred_both
3	16	128	direct_effect_ridge	additive	-0.0027314017665588295	0.015680702176219533	0.012949300409660709	55	37	0.012949300409660703	5.204170427930421e-18	True	True	True	False	False	state_to_effect
3	16	128	direct_effect_ridge	compositional_ridge	-0.003522637831484146	0.015680702176219533	0.012158064344735391	55	33	0.012158064344735387	3.469446951953614e-18	True	True	True	False	False	state_to_effect
3	16	128	direct_effect_ridge	CPA_0.8.8	0.04533441182197412	0.015680702176219533	0.061015113998193655	55	3	0.06101511399819365	6.938893903907228e-18	False	False	False	False	False	effect_preferred_both
3	32	256	direct_effect_ridge	additive	0.0009250926394315603	0.008001787147119617	0.008926879786551179	55	18	0.008926879786551177	1.734723475976807e-18	False	False	False	False	False	effect_preferred_both
3	32	256	direct_effect_ridge	compositional_ridge	0.00013385657450624305	0.008001787147119617	0.008135643721625861	55	28	0.00813564372162586	1.734723475976807e-18	False	False	False	False	False	effect_preferred_both
3	32	256	direct_effect_ridge	CPA_0.8.8	0.05023927506620973	0.008001787147119617	0.05824106221332935	55	1	0.05824106221332935	0.0	False	False	False	False	False	effect_preferred_both
3	64	512	direct_effect_ridge	additive	0.002708906095717216	0.0041293923615451505	0.0068382984572623665	55	11	0.0068382984572623665	0.0	False	False	False	False	False	effect_preferred_both
3	64	512	direct_effect_ridge	compositional_ridge	0.0019176700307918983	0.0041293923615451505	0.006047062392337048	55	16	0.006047062392337049	-8.673617379884035e-19	False	False	False	False	False	effect_preferred_both
3	64	512	direct_effect_ridge	CPA_0.8.8	0.05036084132133363	0.0041293923615451505	0.05449023368287877	55	1	0.05449023368287878	-6.938893903907228e-18	False	False	False	False	False	effect_preferred_both
3	128	1024	direct_effect_ridge	additive	0.0037613052310167417	0.0019275796496853175	0.005688884880702059	55	5	0.005688884880702059	0.0	False	False	False	False	False	effect_preferred_both
3	128	1024	direct_effect_ridge	compositional_ridge	0.002970069166091425	0.0019275796496853175	0.00489764881577674	55	11	0.004897648815776742	-2.6020852139652106e-18	False	False	False	False	False	effect_preferred_both
3	128	1024	direct_effect_ridge	CPA_0.8.8	0.050568797208611314	0.0019275796496853175	0.052496376858296646	55	1	0.05249637685829663	1.3877787807814457e-17	False	False	False	False	False	effect_preferred_both
3	135	1080	direct_effect_ridge	additive	0.003821659860221574	0.0018556108691784683	0.005677270729400041	55	5	0.005677270729400042	-8.673617379884035e-19	False	False	False	False	False	effect_preferred_both
3	135	1080	direct_effect_ridge	compositional_ridge	0.0030304237952962563	0.0018556108691784683	0.004886034664474724	55	11	0.004886034664474724	0.0	False	False	False	False	False	effect_preferred_both
3	135	1080	direct_effect_ridge	CPA_0.8.8	0.05093355923323559	0.0018556108691784683	0.052789170102414046	55	1	0.05278917010241405	-6.938893903907228e-18	False	False	False	False	False	effect_preferred_both
4	8	64	direct_effect_ridge	additive	-0.010636295646629806	0.02937461345333976	0.018738317806709957	55	45	0.018738317806709953	3.469446951953614e-18	True	True	True	False	False	state_to_effect
4	8	64	direct_effect_ridge	compositional_ridge	-0.011427531711555122	0.02937461345333976	0.01794708174178464	55	40	0.017947081741784637	3.469446951953614e-18	True	True	True	False	False	state_to_effect
4	8	64	direct_effect_ridge	CPA_0.8.8	0.03277821615414119	0.02937461345333976	0.062152829607480954	55	8	0.06215282960748095	6.938893903907228e-18	False	False	False	False	False	effect_preferred_both
4	16	128	direct_effect_ridge	additive	-0.0022255765110444736	0.01415615975379698	0.011930583242752507	55	35	0.011930583242752505	1.734723475976807e-18	True	True	True	False	False	state_to_effect
4	16	128	direct_effect_ridge	compositional_ridge	-0.0030168125759697908	0.01415615975379698	0.011139347177827188	55	32	0.011139347177827188	0.0	True	True	True	False	False	state_to_effect
4	16	128	direct_effect_ridge	CPA_0.8.8	0.04622536950755101	0.01415615975379698	0.060381529261347995	55	3	0.06038152926134799	6.938893903907228e-18	False	False	False	False	False	effect_preferred_both
4	32	256	direct_effect_ridge	additive	0.0011952817245262906	0.0072405558509269705	0.008435837575453261	55	17	0.008435837575453261	0.0	False	False	False	False	False	effect_preferred_both
4	32	256	direct_effect_ridge	compositional_ridge	0.0004040456596009735	0.0072405558509269705	0.007644601510527945	55	26	0.007644601510527944	8.673617379884035e-19	False	False	False	False	False	effect_preferred_both
4	32	256	direct_effect_ridge	CPA_0.8.8	0.04971595194355258	0.0072405558509269705	0.05695650779447955	55	1	0.05695650779447955	0.0	False	False	False	False	False	effect_preferred_both
4	64	512	direct_effect_ridge	additive	0.0029892550830987823	0.0035890862185479016	0.006578341301646684	55	9	0.006578341301646684	0.0	False	False	False	False	False	effect_preferred_both
4	64	512	direct_effect_ridge	compositional_ridge	0.002198019018173465	0.0035890862185479016	0.005787105236721366	55	15	0.005787105236721367	-8.673617379884035e-19	False	False	False	False	False	effect_preferred_both
4	64	512	direct_effect_ridge	CPA_0.8.8	0.051773365558932964	0.0035890862185479016	0.05536245177748088	55	1	0.055362451777480864	1.3877787807814457e-17	False	False	False	False	False	effect_preferred_both
4	128	1024	direct_effect_ridge	additive	0.0038455127000830464	0.0018740658319742044	0.005719578532057249	55	3	0.005719578532057251	-1.734723475976807e-18	False	False	False	False	False	effect_preferred_both
4	128	1024	direct_effect_ridge	compositional_ridge	0.0030542766351577292	0.0018740658319742044	0.004928342467131932	55	11	0.0049283424671319334	-1.734723475976807e-18	False	False	False	False	False	effect_preferred_both
4	128	1024	direct_effect_ridge	CPA_0.8.8	0.05172695339770977	0.0018740658319742044	0.05360101922968398	55	1	0.05360101922968397	6.938893903907228e-18	False	False	False	False	False	effect_preferred_both
4	135	1080	direct_effect_ridge	additive	0.003911693211377993	0.001759209025422871	0.005670902236800865	55	3	0.005670902236800864	8.673617379884035e-19	False	False	False	False	False	effect_preferred_both
4	135	1080	direct_effect_ridge	compositional_ridge	0.003120457146452676	0.001759209025422871	0.004879666171875547	55	10	0.004879666171875547	0.0	False	False	False	False	False	effect_preferred_both
4	135	1080	direct_effect_ridge	CPA_0.8.8	0.05192853340103815	0.001759209025422871	0.05368774242646103	55	1	0.05368774242646102	6.938893903907228e-18	False	False	False	False	False	effect_preferred_both
5	8	64	direct_effect_ridge	additive	-0.011520535536751192	0.03068120717871799	0.019160671641966807	55	46	0.019160671641966796	1.0408340855860843e-17	True	True	True	False	False	state_to_effect
5	8	64	direct_effect_ridge	compositional_ridge	-0.01231177160167651	0.03068120717871799	0.018369435577041487	55	41	0.01836943557704148	6.938893903907228e-18	True	True	True	False	False	state_to_effect
5	8	64	direct_effect_ridge	CPA_0.8.8	0.03256955853625824	0.03068120717871799	0.06325076571497623	55	8	0.06325076571497623	0.0	False	False	False	False	False	effect_preferred_both
5	16	128	direct_effect_ridge	additive	-0.003112989096898382	0.01584263199587631	0.012729642898977935	55	36	0.01272964289897793	5.204170427930421e-18	True	True	True	False	False	state_to_effect
5	16	128	direct_effect_ridge	compositional_ridge	-0.003904225161823699	0.01584263199587631	0.011938406834052616	55	33	0.011938406834052612	3.469446951953614e-18	True	True	True	False	False	state_to_effect
5	16	128	direct_effect_ridge	CPA_0.8.8	0.043381235061561815	0.01584263199587631	0.05922386705743813	55	3	0.05922386705743812	6.938893903907228e-18	False	False	False	False	False	effect_preferred_both
5	32	256	direct_effect_ridge	additive	0.0009589828802661845	0.007596758826210528	0.008555741706476718	55	19	0.008555741706476713	5.204170427930421e-18	False	False	False	False	False	effect_preferred_both
5	32	256	direct_effect_ridge	compositional_ridge	0.00016774681534086766	0.007596758826210528	0.0077645056415513985	55	27	0.007764505641551396	2.6020852139652106e-18	False	False	False	False	False	effect_preferred_both
5	32	256	direct_effect_ridge	CPA_0.8.8	0.04789464738520108	0.007596758826210528	0.05549140621141162	55	2	0.055491406211411604	1.3877787807814457e-17	False	False	False	False	False	effect_preferred_both
5	64	512	direct_effect_ridge	additive	0.0028883566435277883	0.0037098968242642583	0.0065982534677920465	55	9	0.0065982534677920465	0.0	False	False	False	False	False	effect_preferred_both
5	64	512	direct_effect_ridge	compositional_ridge	0.002097120578602471	0.0037098968242642583	0.00580701740286673	55	15	0.005807017402866729	8.673617379884035e-19	False	False	False	False	False	effect_preferred_both
5	64	512	direct_effect_ridge	CPA_0.8.8	0.04979741636058426	0.0037098968242642583	0.05350731318484852	55	1	0.05350731318484852	0.0	False	False	False	False	False	effect_preferred_both
5	128	1024	direct_effect_ridge	additive	0.0037961159090495336	0.0019349664926630059	0.00573108240171254	55	4	0.005731082401712539	8.673617379884035e-19	False	False	False	False	False	effect_preferred_both
5	128	1024	direct_effect_ridge	compositional_ridge	0.003004879844124216	0.0019349664926630059	0.004939846336787221	55	11	0.004939846336787222	-8.673617379884035e-19	False	False	False	False	False	effect_preferred_both
5	128	1024	direct_effect_ridge	CPA_0.8.8	0.05134267936797445	0.0019349664926630059	0.053277645860637456	55	1	0.053277645860637456	0.0	False	False	False	False	False	effect_preferred_both
5	135	1080	direct_effect_ridge	additive	0.0038184591578113445	0.0018369599754741214	0.005655419133285466	55	4	0.005655419133285466	0.0	False	False	False	False	False	effect_preferred_both
5	135	1080	direct_effect_ridge	compositional_ridge	0.0030272230928860278	0.0018369599754741214	0.0048641830683601485	55	10	0.004864183068360149	-8.673617379884035e-19	False	False	False	False	False	effect_preferred_both
5	135	1080	direct_effect_ridge	CPA_0.8.8	0.05099880147978535	0.0018369599754741214	0.05283576145525947	55	1	0.05283576145525947	0.0	False	False	False	False	False	effect_preferred_both
6	8	64	direct_effect_ridge	additive	-0.011079773144898953	0.030948432080386213	0.019868658935487265	55	46	0.01986865893548726	3.469446951953614e-18	True	True	True	False	False	state_to_effect
6	8	64	direct_effect_ridge	compositional_ridge	-0.011871009209824271	0.030948432080386213	0.019077422870561946	55	40	0.019077422870561942	3.469446951953614e-18	True	True	True	False	False	state_to_effect
6	8	64	direct_effect_ridge	CPA_0.8.8	0.03648557405143146	0.030948432080386213	0.06743400613181769	55	7	0.06743400613181767	1.3877787807814457e-17	False	False	False	False	False	effect_preferred_both
6	16	128	direct_effect_ridge	additive	-0.003307354708951068	0.01636410946417831	0.013056754755227246	55	38	0.01305675475522724	5.204170427930421e-18	True	True	True	False	False	state_to_effect
6	16	128	direct_effect_ridge	compositional_ridge	-0.004098590773876386	0.01636410946417831	0.012265518690301926	55	33	0.012265518690301923	3.469446951953614e-18	True	True	True	False	False	state_to_effect
6	16	128	direct_effect_ridge	CPA_0.8.8	0.04585486418126259	0.01636410946417831	0.062218973645440906	55	3	0.0622189736454409	6.938893903907228e-18	False	False	False	False	False	effect_preferred_both
6	32	256	direct_effect_ridge	additive	0.0006255453688534721	0.0080619162522033	0.008687461621056774	55	19	0.008687461621056772	1.734723475976807e-18	False	False	False	False	False	effect_preferred_both
6	32	256	direct_effect_ridge	compositional_ridge	-0.0001656906960718452	0.0080619162522033	0.007896225556131455	55	25	0.007896225556131455	0.0	True	True	True	False	False	state_to_effect
6	32	256	direct_effect_ridge	CPA_0.8.8	0.046373194119085547	0.0080619162522033	0.05443511037128885	55	2	0.05443511037128885	0.0	False	False	False	False	False	effect_preferred_both
6	64	512	direct_effect_ridge	additive	0.0027631162651800415	0.003962316239155941	0.006725432504335983	55	10	0.006725432504335983	0.0	False	False	False	False	False	effect_preferred_both
6	64	512	direct_effect_ridge	compositional_ridge	0.001971880200254724	0.003962316239155941	0.005934196439410665	55	15	0.005934196439410665	0.0	False	False	False	False	False	effect_preferred_both
6	64	512	direct_effect_ridge	CPA_0.8.8	0.04952948458101096	0.003962316239155941	0.053491800820166906	55	1	0.0534918008201669	6.938893903907228e-18	False	False	False	False	False	effect_preferred_both
6	128	1024	direct_effect_ridge	additive	0.0038176860382348396	0.0018733894182719737	0.0056910754565068136	55	5	0.0056910754565068136	0.0	False	False	False	False	False	effect_preferred_both
6	128	1024	direct_effect_ridge	compositional_ridge	0.0030264499733095225	0.0018733894182719737	0.004899839391581495	55	11	0.004899839391581496	-8.673617379884035e-19	False	False	False	False	False	effect_preferred_both
6	128	1024	direct_effect_ridge	CPA_0.8.8	0.0512498376265455	0.0018733894182719737	0.05312322704481747	55	1	0.05312322704481748	-6.938893903907228e-18	False	False	False	False	False	effect_preferred_both
6	135	1080	direct_effect_ridge	additive	0.003864967832858421	0.0017667367855279791	0.0056317046183864	55	5	0.005631704618386401	-8.673617379884035e-19	False	False	False	False	False	effect_preferred_both
6	135	1080	direct_effect_ridge	compositional_ridge	0.0030737317679331044	0.0017667367855279791	0.004840468553461082	55	11	0.004840468553461083	-8.673617379884035e-19	False	False	False	False	False	effect_preferred_both
6	135	1080	direct_effect_ridge	CPA_0.8.8	0.051311597158183564	0.0017667367855279791	0.053078333943711545	55	1	0.053078333943711545	0.0	False	False	False	False	False	effect_preferred_both
7	8	64	direct_effect_ridge	additive	-0.010742234910272238	0.031089640423701524	0.020347405513429295	55	45	0.020347405513429284	1.0408340855860843e-17	True	True	True	False	False	state_to_effect
7	8	64	direct_effect_ridge	compositional_ridge	-0.011533470975197553	0.031089640423701524	0.019556169448503975	55	41	0.01955616944850397	6.938893903907228e-18	True	True	True	False	False	state_to_effect
7	8	64	direct_effect_ridge	CPA_0.8.8	0.03728472614333735	0.031089640423701524	0.06837436656703888	55	8	0.06837436656703888	0.0	False	False	False	False	False	effect_preferred_both
7	16	128	direct_effect_ridge	additive	-0.0028724795335717495	0.014924737247778335	0.01205225771420659	55	38	0.012052257714206585	5.204170427930421e-18	True	True	True	False	False	state_to_effect
7	16	128	direct_effect_ridge	compositional_ridge	-0.0036637155984970663	0.014924737247778335	0.01126102164928127	55	33	0.011261021649281269	1.734723475976807e-18	True	True	True	False	False	state_to_effect
7	16	128	direct_effect_ridge	CPA_0.8.8	0.04777488470742781	0.014924737247778335	0.06269962195520615	55	3	0.06269962195520615	0.0	False	False	False	False	False	effect_preferred_both
7	32	256	direct_effect_ridge	additive	0.0010614331806552183	0.007627540252196793	0.008688973432852014	55	18	0.008688973432852012	1.734723475976807e-18	False	False	False	False	False	effect_preferred_both
7	32	256	direct_effect_ridge	compositional_ridge	0.000270197115729901	0.007627540252196793	0.007897737367926696	55	27	0.007897737367926694	1.734723475976807e-18	False	False	False	False	False	effect_preferred_both
7	32	256	direct_effect_ridge	CPA_0.8.8	0.05032151059709778	0.007627540252196793	0.057949050849294574	55	1	0.057949050849294574	0.0	False	False	False	False	False	effect_preferred_both
7	64	512	direct_effect_ridge	additive	0.0028322553039239495	0.0037885726459080905	0.00662082794983204	55	11	0.00662082794983204	0.0	False	False	False	False	False	effect_preferred_both
7	64	512	direct_effect_ridge	compositional_ridge	0.0020410192389986323	0.0037885726459080905	0.005829591884906721	55	15	0.005829591884906723	-1.734723475976807e-18	False	False	False	False	False	effect_preferred_both
7	64	512	direct_effect_ridge	CPA_0.8.8	0.05084052981765517	0.0037885726459080905	0.05462910246356326	55	1	0.054629102463563256	6.938893903907228e-18	False	False	False	False	False	effect_preferred_both
7	128	1024	direct_effect_ridge	additive	0.0038425391793894944	0.0017860187317843485	0.005628557911173843	55	3	0.005628557911173843	0.0	False	False	False	False	False	effect_preferred_both
7	128	1024	direct_effect_ridge	compositional_ridge	0.0030513031144641773	0.0017860187317843485	0.004837321846248526	55	10	0.004837321846248526	0.0	False	False	False	False	False	effect_preferred_both
7	128	1024	direct_effect_ridge	CPA_0.8.8	0.05186115838332868	0.0017860187317843485	0.05364717711511303	55	1	0.05364717711511303	0.0	False	False	False	False	False	effect_preferred_both
7	135	1080	direct_effect_ridge	additive	0.003892679618616875	0.001694514898458445	0.005587194517075321	55	3	0.00558719451707532	8.673617379884035e-19	False	False	False	False	False	effect_preferred_both
7	135	1080	direct_effect_ridge	compositional_ridge	0.0031014435536915585	0.001694514898458445	0.004795958452150003	55	9	0.0047959584521500035	-8.673617379884035e-19	False	False	False	False	False	effect_preferred_both
7	135	1080	direct_effect_ridge	CPA_0.8.8	0.05163744182913058	0.001694514898458445	0.05333195672758903	55	1	0.05333195672758903	0.0	False	False	False	False	False	effect_preferred_both
8	8	64	direct_effect_ridge	additive	-0.009644421182324376	0.02884255303309267	0.0191981318507683	55	44	0.019198131850768296	3.469446951953614e-18	True	True	True	False	False	state_to_effect
8	8	64	direct_effect_ridge	compositional_ridge	-0.010435657247249694	0.02884255303309267	0.018406895785842984	55	41	0.018406895785842977	6.938893903907228e-18	True	True	True	False	False	state_to_effect
8	8	64	direct_effect_ridge	CPA_0.8.8	0.041609238679660085	0.02884255303309267	0.07045179171275277	55	6	0.07045179171275276	1.3877787807814457e-17	False	False	False	False	False	effect_preferred_both
8	16	128	direct_effect_ridge	additive	-0.0024009702416314125	0.014340246879818391	0.011939276638186983	55	38	0.011939276638186978	5.204170427930421e-18	True	True	True	False	False	state_to_effect
8	16	128	direct_effect_ridge	compositional_ridge	-0.00319220630655673	0.014340246879818391	0.011148040573261664	55	34	0.011148040573261662	1.734723475976807e-18	True	True	True	False	False	state_to_effect
8	16	128	direct_effect_ridge	CPA_0.8.8	0.048887706091209675	0.014340246879818391	0.06322795297102807	55	3	0.06322795297102807	0.0	False	False	False	False	False	effect_preferred_both
8	32	256	direct_effect_ridge	additive	0.001021030927482883	0.00777268450502393	0.008793715432506814	55	17	0.008793715432506812	1.734723475976807e-18	False	False	False	False	False	effect_preferred_both
8	32	256	direct_effect_ridge	compositional_ridge	0.0002297948625575657	0.00777268450502393	0.008002479367581495	55	29	0.008002479367581496	-1.734723475976807e-18	False	False	False	False	False	effect_preferred_both
8	32	256	direct_effect_ridge	CPA_0.8.8	0.051761382348767565	0.00777268450502393	0.0595340668537915	55	1	0.05953406685379149	6.938893903907228e-18	False	False	False	False	False	effect_preferred_both
8	64	512	direct_effect_ridge	additive	0.002779908963094192	0.003982583669743466	0.006762492632837657	55	8	0.006762492632837657	0.0	False	False	False	False	False	effect_preferred_both
8	64	512	direct_effect_ridge	compositional_ridge	0.0019886728981688747	0.003982583669743466	0.005971256567912339	55	14	0.005971256567912341	-1.734723475976807e-18	False	False	False	False	False	effect_preferred_both
8	64	512	direct_effect_ridge	CPA_0.8.8	0.04949447640531077	0.003982583669743466	0.05347706007505423	55	1	0.053477060075054234	-6.938893903907228e-18	False	False	False	False	False	effect_preferred_both
8	128	1024	direct_effect_ridge	additive	0.003825567942461096	0.0018513290969469221	0.00567689703940802	55	4	0.005676897039408018	1.734723475976807e-18	False	False	False	False	False	effect_preferred_both
8	128	1024	direct_effect_ridge	compositional_ridge	0.0030343318775357788	0.0018513290969469221	0.004885660974482699	55	10	0.004885660974482701	-1.734723475976807e-18	False	False	False	False	False	effect_preferred_both
8	128	1024	direct_effect_ridge	CPA_0.8.8	0.051347344978147455	0.0018513290969469221	0.05319867407509438	55	1	0.053198674075094377	6.938893903907228e-18	False	False	False	False	False	effect_preferred_both
8	135	1080	direct_effect_ridge	additive	0.003871208242017599	0.0017567879411202897	0.005627996183137888	55	4	0.005627996183137888	0.0	False	False	False	False	False	effect_preferred_both
8	135	1080	direct_effect_ridge	compositional_ridge	0.003079972177092281	0.0017567879411202897	0.004836760118212571	55	10	0.004836760118212571	0.0	False	False	False	False	False	effect_preferred_both
8	135	1080	direct_effect_ridge	CPA_0.8.8	0.05130790606134178	0.0017567879411202897	0.05306469400246207	55	1	0.05306469400246207	0.0	False	False	False	False	False	effect_preferred_both
9	8	64	direct_effect_ridge	additive	-0.01088926030400752	0.030125341828959176	0.019236081524951657	55	44	0.019236081524951654	3.469446951953614e-18	True	True	True	False	False	state_to_effect
9	8	64	direct_effect_ridge	compositional_ridge	-0.011680496368932836	0.030125341828959176	0.018444845460026338	55	41	0.018444845460026338	0.0	True	True	True	False	False	state_to_effect
9	8	64	direct_effect_ridge	CPA_0.8.8	0.03523733725227217	0.030125341828959176	0.06536267908123135	55	8	0.06536267908123135	0.0	False	False	False	False	False	effect_preferred_both
9	16	128	direct_effect_ridge	additive	-0.0030365195559899855	0.015587773686501516	0.012551254130511537	55	36	0.01255125413051153	6.938893903907228e-18	True	True	True	False	False	state_to_effect
9	16	128	direct_effect_ridge	compositional_ridge	-0.003827755620915303	0.015587773686501516	0.011760018065586218	55	33	0.011760018065586214	3.469446951953614e-18	True	True	True	False	False	state_to_effect
9	16	128	direct_effect_ridge	CPA_0.8.8	0.04236133870965541	0.015587773686501516	0.057949112396156924	55	5	0.057949112396156924	0.0	False	False	False	False	False	effect_preferred_both
9	32	256	direct_effect_ridge	additive	0.0007000534855224745	0.008007338068667824	0.0087073915541903	55	20	0.008707391554190298	1.734723475976807e-18	False	False	False	False	False	effect_preferred_both
9	32	256	direct_effect_ridge	compositional_ridge	-9.118257940284257e-05	0.008007338068667824	0.007916155489264982	55	26	0.007916155489264982	0.0	True	True	True	False	False	state_to_effect
9	32	256	direct_effect_ridge	CPA_0.8.8	0.04664954560574444	0.008007338068667824	0.054656883674412265	55	2	0.054656883674412265	0.0	False	False	False	False	False	effect_preferred_both
9	64	512	direct_effect_ridge	additive	0.0027544529826754554	0.004032523732000433	0.006786976714675889	55	10	0.006786976714675888	8.673617379884035e-19	False	False	False	False	False	effect_preferred_both
9	64	512	direct_effect_ridge	compositional_ridge	0.0019632169177501383	0.004032523732000433	0.0059957406497505705	55	16	0.005995740649750571	-8.673617379884035e-19	False	False	False	False	False	effect_preferred_both
9	64	512	direct_effect_ridge	CPA_0.8.8	0.05014794891323511	0.004032523732000433	0.05418047264523555	55	1	0.054180472645235546	6.938893903907228e-18	False	False	False	False	False	effect_preferred_both
9	128	1024	direct_effect_ridge	additive	0.003818374905240643	0.0019261661200772981	0.005744541025317941	55	5	0.005744541025317941	0.0	False	False	False	False	False	effect_preferred_both
9	128	1024	direct_effect_ridge	compositional_ridge	0.003027138840315326	0.0019261661200772981	0.004953304960392623	55	12	0.004953304960392624	-1.734723475976807e-18	False	False	False	False	False	effect_preferred_both
9	128	1024	direct_effect_ridge	CPA_0.8.8	0.05149641248542609	0.0019261661200772981	0.05342257860550338	55	1	0.05342257860550338	0.0	False	False	False	False	False	effect_preferred_both
9	135	1080	direct_effect_ridge	additive	0.003860049555501318	0.001836719951002603	0.005696769506503922	55	3	0.005696769506503921	8.673617379884035e-19	False	False	False	False	False	effect_preferred_both
9	135	1080	direct_effect_ridge	compositional_ridge	0.0030688134905760005	0.001836719951002603	0.004905533441578602	55	11	0.004905533441578604	-1.734723475976807e-18	False	False	False	False	False	effect_preferred_both
9	135	1080	direct_effect_ridge	CPA_0.8.8	0.05157005360431741	0.001836719951002603	0.05340677355532002	55	1	0.05340677355532002	0.0	False	False	False	False	False	effect_preferred_both
10	8	64	direct_effect_ridge	additive	-0.010873535307069837	0.03256304360563964	0.021689508298569818	55	44	0.021689508298569804	1.3877787807814457e-17	True	True	True	False	False	state_to_effect
10	8	64	direct_effect_ridge	compositional_ridge	-0.011664771371995153	0.03256304360563964	0.0208982722336445	55	43	0.020898272233644488	1.0408340855860843e-17	True	True	True	False	False	state_to_effect
10	8	64	direct_effect_ridge	CPA_0.8.8	0.04019576462313502	0.03256304360563964	0.07275880822877467	55	9	0.07275880822877466	1.3877787807814457e-17	False	False	False	False	False	effect_preferred_both
10	16	128	direct_effect_ridge	additive	-0.002842255641033218	0.015552204897471812	0.012709949256438596	55	37	0.012709949256438594	1.734723475976807e-18	True	True	True	False	False	state_to_effect
10	16	128	direct_effect_ridge	compositional_ridge	-0.0036334917059585347	0.015552204897471812	0.011918713191513277	55	33	0.011918713191513278	-1.734723475976807e-18	True	True	True	False	False	state_to_effect
10	16	128	direct_effect_ridge	CPA_0.8.8	0.045396337713255214	0.015552204897471812	0.06094854261072703	55	3	0.060948542610727026	6.938893903907228e-18	False	False	False	False	False	effect_preferred_both
10	32	256	direct_effect_ridge	additive	0.0006007159825700231	0.007932557287801926	0.008533273270371951	55	20	0.00853327327037195	1.734723475976807e-18	False	False	False	False	False	effect_preferred_both
10	32	256	direct_effect_ridge	compositional_ridge	-0.00019052008235529387	0.007932557287801926	0.007742037205446632	55	26	0.007742037205446632	0.0	True	True	True	False	False	state_to_effect
10	32	256	direct_effect_ridge	CPA_0.8.8	0.04634409514516206	0.007932557287801926	0.054276652432963986	55	2	0.054276652432963986	0.0	False	False	False	False	False	effect_preferred_both
10	64	512	direct_effect_ridge	additive	0.00277253740664929	0.004164669936030264	0.006937207342679555	55	9	0.006937207342679554	8.673617379884035e-19	False	False	False	False	False	effect_preferred_both
10	64	512	direct_effect_ridge	compositional_ridge	0.0019813013417239733	0.004164669936030264	0.006145971277754237	55	15	0.006145971277754237	0.0	False	False	False	False	False	effect_preferred_both
10	64	512	direct_effect_ridge	CPA_0.8.8	0.04961387717767836	0.004164669936030264	0.05377854711370863	55	1	0.05377854711370862	6.938893903907228e-18	False	False	False	False	False	effect_preferred_both
10	128	1024	direct_effect_ridge	additive	0.0037480422867050204	0.002056481412466666	0.005804523699171686	55	5	0.0058045236991716865	-8.673617379884035e-19	False	False	False	False	False	effect_preferred_both
10	128	1024	direct_effect_ridge	compositional_ridge	0.0029568062217797033	0.002056481412466666	0.005013287634246368	55	11	0.005013287634246369	-8.673617379884035e-19	False	False	False	False	False	effect_preferred_both
10	128	1024	direct_effect_ridge	CPA_0.8.8	0.051141334496628166	0.002056481412466666	0.05319781590909484	55	1	0.05319781590909483	6.938893903907228e-18	False	False	False	False	False	effect_preferred_both
10	135	1080	direct_effect_ridge	additive	0.003838830554066071	0.0018926722601792492	0.00573150281424532	55	3	0.00573150281424532	0.0	False	False	False	False	False	effect_preferred_both
10	135	1080	direct_effect_ridge	compositional_ridge	0.003047594489140754	0.0018926722601792492	0.0049402667493200015	55	11	0.004940266749320003	-1.734723475976807e-18	False	False	False	False	False	effect_preferred_both
10	135	1080	direct_effect_ridge	CPA_0.8.8	0.051451476384919814	0.0018926722601792492	0.053344148645099065	55	1	0.053344148645099065	0.0	False	False	False	False	False	effect_preferred_both
11	8	64	direct_effect_ridge	additive	-0.011453526829674583	0.034029377054218685	0.022575850224544104	55	45	0.0225758502245441	3.469446951953614e-18	True	True	True	False	False	state_to_effect
11	8	64	direct_effect_ridge	compositional_ridge	-0.012244762894599899	0.034029377054218685	0.021784614159618788	55	45	0.021784614159618784	3.469446951953614e-18	True	True	True	False	False	state_to_effect
11	8	64	direct_effect_ridge	CPA_0.8.8	0.04146933243788631	0.034029377054218685	0.07549870949210499	55	9	0.07549870949210499	0.0	False	False	False	False	False	effect_preferred_both
11	16	128	direct_effect_ridge	additive	-0.003194569724971595	0.016182330104930625	0.012987760379959032	55	38	0.01298776037995903	1.734723475976807e-18	True	True	True	False	False	state_to_effect
11	16	128	direct_effect_ridge	compositional_ridge	-0.003985805789896912	0.016182330104930625	0.012196524315033716	55	33	0.012196524315033713	3.469446951953614e-18	True	True	True	False	False	state_to_effect
11	16	128	direct_effect_ridge	CPA_0.8.8	0.04537130050544252	0.016182330104930625	0.06155363061037315	55	3	0.06155363061037314	1.3877787807814457e-17	False	False	False	False	False	effect_preferred_both
11	32	256	direct_effect_ridge	additive	0.0008226862521974371	0.007878032136155426	0.008700718388352863	55	19	0.008700718388352863	0.0	False	False	False	False	False	effect_preferred_both
11	32	256	direct_effect_ridge	compositional_ridge	3.145018727212004e-05	0.007878032136155426	0.007909482323427546	55	27	0.007909482323427546	0.0	False	False	False	False	False	effect_preferred_both
11	32	256	direct_effect_ridge	CPA_0.8.8	0.04830609001976792	0.007878032136155426	0.05618412215592335	55	2	0.05618412215592335	0.0	False	False	False	False	False	effect_preferred_both
11	64	512	direct_effect_ridge	additive	0.0028661780929512314	0.003976549528255105	0.006842727621206338	55	9	0.006842727621206336	1.734723475976807e-18	False	False	False	False	False	effect_preferred_both
11	64	512	direct_effect_ridge	compositional_ridge	0.0020749420280259147	0.003976549528255105	0.00605149155628102	55	16	0.0060514915562810195	8.673617379884035e-19	False	False	False	False	False	effect_preferred_both
11	64	512	direct_effect_ridge	CPA_0.8.8	0.05002158086328615	0.003976549528255105	0.053998130391541256	55	1	0.05399813039154125	6.938893903907228e-18	False	False	False	False	False	effect_preferred_both
11	128	1024	direct_effect_ridge	additive	0.003788736987720537	0.002016705164263922	0.005805442151984458	55	5	0.005805442151984459	-8.673617379884035e-19	False	False	False	False	False	effect_preferred_both
11	128	1024	direct_effect_ridge	compositional_ridge	0.0029975009227952193	0.002016705164263922	0.0050142060870591405	55	11	0.005014206087059141	-8.673617379884035e-19	False	False	False	False	False	effect_preferred_both
11	128	1024	direct_effect_ridge	CPA_0.8.8	0.05124837419439372	0.002016705164263922	0.053265079358657645	55	1	0.053265079358657645	0.0	False	False	False	False	False	effect_preferred_both
11	135	1080	direct_effect_ridge	additive	0.0038239277374169526	0.0019339364534961517	0.005757864190913104	55	5	0.0057578641909131045	-8.673617379884035e-19	False	False	False	False	False	effect_preferred_both
11	135	1080	direct_effect_ridge	compositional_ridge	0.003032691672491635	0.0019339364534961517	0.004966628125987785	55	11	0.004966628125987787	-1.734723475976807e-18	False	False	False	False	False	effect_preferred_both
11	135	1080	direct_effect_ridge	CPA_0.8.8	0.051220252657227044	0.0019339364534961517	0.05315418911072319	55	1	0.0531541891107232	-6.938893903907228e-18	False	False	False	False	False	effect_preferred_both
12	8	64	direct_effect_ridge	additive	-0.010200325681056655	0.03009214798847773	0.019891822307421078	55	42	0.019891822307421075	3.469446951953614e-18	True	True	True	False	False	state_to_effect
12	8	64	direct_effect_ridge	compositional_ridge	-0.010991561745981973	0.03009214798847773	0.01910058624249576	55	40	0.019100586242495755	3.469446951953614e-18	True	True	True	False	False	state_to_effect
12	8	64	direct_effect_ridge	CPA_0.8.8	0.03676864372317956	0.03009214798847773	0.06686079171165729	55	7	0.06686079171165729	0.0	False	False	False	False	False	effect_preferred_both
12	16	128	direct_effect_ridge	additive	-0.002714551687725472	0.015086770161794954	0.012372218474069486	55	38	0.012372218474069482	3.469446951953614e-18	True	True	True	False	False	state_to_effect
12	16	128	direct_effect_ridge	compositional_ridge	-0.003505787752650789	0.015086770161794954	0.011580982409144167	55	33	0.011580982409144165	1.734723475976807e-18	True	True	True	False	False	state_to_effect
12	16	128	direct_effect_ridge	CPA_0.8.8	0.0480843757389512	0.015086770161794954	0.06317114590074616	55	3	0.06317114590074616	0.0	False	False	False	False	False	effect_preferred_both
12	32	256	direct_effect_ridge	additive	0.0009599033006698373	0.007490235350021068	0.008450138650690907	55	19	0.008450138650690905	1.734723475976807e-18	False	False	False	False	False	effect_preferred_both
12	32	256	direct_effect_ridge	compositional_ridge	0.00016866723574452005	0.007490235350021068	0.007658902585765589	55	26	0.007658902585765588	8.673617379884035e-19	False	False	False	False	False	effect_preferred_both
12	32	256	direct_effect_ridge	CPA_0.8.8	0.04768484912892493	0.007490235350021068	0.05517508447894599	55	2	0.05517508447894599	0.0	False	False	False	False	False	effect_preferred_both
12	64	512	direct_effect_ridge	additive	0.0028187924327530756	0.003984969792869354	0.00680376222562243	55	10	0.00680376222562243	0.0	False	False	False	False	False	effect_preferred_both
12	64	512	direct_effect_ridge	compositional_ridge	0.0020275563678277585	0.003984969792869354	0.006012526160697112	55	16	0.0060125261606971125	-8.673617379884035e-19	False	False	False	False	False	effect_preferred_both
12	64	512	direct_effect_ridge	CPA_0.8.8	0.05020939835616594	0.003984969792869354	0.0541943681490353	55	1	0.05419436814903529	6.938893903907228e-18	False	False	False	False	False	effect_preferred_both
12	128	1024	direct_effect_ridge	additive	0.003724857313551682	0.0021589876154253763	0.005883844928977058	55	7	0.005883844928977058	0.0	False	False	False	False	False	effect_preferred_both
12	128	1024	direct_effect_ridge	compositional_ridge	0.0029336212486263643	0.0021589876154253763	0.00509260886405174	55	13	0.00509260886405174	0.0	False	False	False	False	False	effect_preferred_both
12	128	1024	direct_effect_ridge	CPA_0.8.8	0.05121509331277822	0.0021589876154253763	0.0533740809282036	55	1	0.0533740809282036	0.0	False	False	False	False	False	effect_preferred_both
12	135	1080	direct_effect_ridge	additive	0.0037909485117870343	0.002004302096083478	0.0057952506078705135	55	5	0.005795250607870513	8.673617379884035e-19	False	False	False	False	False	effect_preferred_both
12	135	1080	direct_effect_ridge	compositional_ridge	0.002999712446861717	0.002004302096083478	0.005004014542945195	55	13	0.005004014542945195	0.0	False	False	False	False	False	effect_preferred_both
12	135	1080	direct_effect_ridge	CPA_0.8.8	0.05146894800275708	0.002004302096083478	0.05347325009884056	55	1	0.05347325009884056	0.0	False	False	False	False	False	effect_preferred_both
13	8	64	direct_effect_ridge	additive	-0.010970358969848226	0.030879476683338628	0.019909117713490406	55	43	0.019909117713490403	3.469446951953614e-18	True	True	True	False	False	state_to_effect
13	8	64	direct_effect_ridge	compositional_ridge	-0.011761595034773541	0.030879476683338628	0.01911788164856509	55	40	0.019117881648565087	3.469446951953614e-18	True	True	True	False	False	state_to_effect
13	8	64	direct_effect_ridge	CPA_0.8.8	0.03408286088272378	0.030879476683338628	0.06496233756606241	55	9	0.06496233756606241	0.0	False	False	False	False	False	effect_preferred_both
13	16	128	direct_effect_ridge	additive	-0.003399489774568336	0.016508620729979172	0.013109130955410839	55	37	0.013109130955410837	1.734723475976807e-18	True	True	True	False	False	state_to_effect
13	16	128	direct_effect_ridge	compositional_ridge	-0.004190725839493654	0.016508620729979172	0.01231789489048552	55	33	0.012317894890485518	1.734723475976807e-18	True	True	True	False	False	state_to_effect
13	16	128	direct_effect_ridge	CPA_0.8.8	0.041900483885270214	0.016508620729979172	0.05840910461524939	55	5	0.05840910461524938	6.938893903907228e-18	False	False	False	False	False	effect_preferred_both
13	32	256	direct_effect_ridge	additive	0.0006321097336777655	0.008272633146340731	0.008904742880018496	55	18	0.008904742880018496	0.0	False	False	False	False	False	effect_preferred_both
13	32	256	direct_effect_ridge	compositional_ridge	-0.0001591263312475517	0.008272633146340731	0.008113506815093176	55	27	0.00811350681509318	-3.469446951953614e-18	True	True	True	False	False	state_to_effect
13	32	256	direct_effect_ridge	CPA_0.8.8	0.04676044626442594	0.008272633146340731	0.055033079410766676	55	2	0.05503307941076667	6.938893903907228e-18	False	False	False	False	False	effect_preferred_both
13	64	512	direct_effect_ridge	additive	0.0027032175167402287	0.003838142201775061	0.006541359718515291	55	11	0.00654135971851529	8.673617379884035e-19	False	False	False	False	False	effect_preferred_both
13	64	512	direct_effect_ridge	compositional_ridge	0.0019119814518149115	0.003838142201775061	0.005750123653589972	55	15	0.005750123653589973	-8.673617379884035e-19	False	False	False	False	False	effect_preferred_both
13	64	512	direct_effect_ridge	CPA_0.8.8	0.04922145214179674	0.003838142201775061	0.05305959434357181	55	1	0.0530595943435718	1.3877787807814457e-17	False	False	False	False	False	effect_preferred_both
13	128	1024	direct_effect_ridge	additive	0.00382838788132493	0.001888474355180706	0.005716862236505636	55	3	0.005716862236505636	0.0	False	False	False	False	False	effect_preferred_both
13	128	1024	direct_effect_ridge	compositional_ridge	0.0030371518163996125	0.001888474355180706	0.004925626171580317	55	10	0.004925626171580318	-1.734723475976807e-18	False	False	False	False	False	effect_preferred_both
13	128	1024	direct_effect_ridge	CPA_0.8.8	0.05148873455648109	0.001888474355180706	0.0533772089116618	55	1	0.0533772089116618	0.0	False	False	False	False	False	effect_preferred_both
13	135	1080	direct_effect_ridge	additive	0.0038626769918679972	0.001818184107064883	0.005680861098932881	55	3	0.00568086109893288	8.673617379884035e-19	False	False	False	False	False	effect_preferred_both
13	135	1080	direct_effect_ridge	compositional_ridge	0.00307144092694268	0.001818184107064883	0.004889625034007562	55	10	0.004889625034007563	-8.673617379884035e-19	False	False	False	False	False	effect_preferred_both
13	135	1080	direct_effect_ridge	CPA_0.8.8	0.05144561139064246	0.001818184107064883	0.05326379549770734	55	1	0.05326379549770734	0.0	False	False	False	False	False	effect_preferred_both
14	8	64	direct_effect_ridge	additive	-0.009916036517108278	0.029329976981518874	0.019413940464410598	55	44	0.019413940464410598	0.0	True	True	True	False	False	state_to_effect
14	8	64	direct_effect_ridge	compositional_ridge	-0.010707272582033595	0.029329976981518874	0.01862270439948528	55	41	0.01862270439948528	0.0	True	True	True	False	False	state_to_effect
14	8	64	direct_effect_ridge	CPA_0.8.8	0.04007074976005746	0.029329976981518874	0.06940072674157634	55	7	0.06940072674157632	1.3877787807814457e-17	False	False	False	False	False	effect_preferred_both
14	16	128	direct_effect_ridge	additive	-0.002719069331848943	0.015310896848153814	0.012591827516304874	55	36	0.01259182751630487	3.469446951953614e-18	True	True	True	False	False	state_to_effect
14	16	128	direct_effect_ridge	compositional_ridge	-0.0035103053967742593	0.015310896848153814	0.011800591451379556	55	33	0.011800591451379554	1.734723475976807e-18	True	True	True	False	False	state_to_effect
14	16	128	direct_effect_ridge	CPA_0.8.8	0.0447820751660791	0.015310896848153814	0.06009297201423292	55	3	0.060092972014232915	6.938893903907228e-18	False	False	False	False	False	effect_preferred_both
14	32	256	direct_effect_ridge	additive	0.0010182368873101922	0.007491491841346484	0.00850972872865668	55	19	0.008509728728656676	3.469446951953614e-18	False	False	False	False	False	effect_preferred_both
14	32	256	direct_effect_ridge	compositional_ridge	0.00022700082238487509	0.007491491841346484	0.00771849266373136	55	26	0.007718492663731359	8.673617379884035e-19	False	False	False	False	False	effect_preferred_both
14	32	256	direct_effect_ridge	CPA_0.8.8	0.04777064131807914	0.007491491841346484	0.05526213315942563	55	2	0.055262133159425623	6.938893903907228e-18	False	False	False	False	False	effect_preferred_both
14	64	512	direct_effect_ridge	additive	0.0029383810764684938	0.0035902710137162945	0.006528652090184789	55	11	0.006528652090184788	8.673617379884035e-19	False	False	False	False	False	effect_preferred_both
14	64	512	direct_effect_ridge	compositional_ridge	0.0021471450115431766	0.0035902710137162945	0.00573741602525947	55	14	0.005737416025259471	-8.673617379884035e-19	False	False	False	False	False	effect_preferred_both
14	64	512	direct_effect_ridge	CPA_0.8.8	0.05161701968210252	0.0035902710137162945	0.05520729069581882	55	1	0.05520729069581881	6.938893903907228e-18	False	False	False	False	False	effect_preferred_both
14	128	1024	direct_effect_ridge	additive	0.003859097013711657	0.0018363668028497145	0.005695463816561372	55	3	0.005695463816561372	0.0	False	False	False	False	False	effect_preferred_both
14	128	1024	direct_effect_ridge	compositional_ridge	0.00306786094878634	0.0018363668028497145	0.0049042277516360535	55	10	0.004904227751636054	-8.673617379884035e-19	False	False	False	False	False	effect_preferred_both
14	128	1024	direct_effect_ridge	CPA_0.8.8	0.05208273476027798	0.0018363668028497145	0.053919101563127694	55	1	0.053919101563127694	0.0	False	False	False	False	False	effect_preferred_both
14	135	1080	direct_effect_ridge	additive	0.0039005036406923013	0.001716727217891857	0.005617230858584158	55	3	0.005617230858584159	-8.673617379884035e-19	False	False	False	False	False	effect_preferred_both
14	135	1080	direct_effect_ridge	compositional_ridge	0.003109267575766984	0.001716727217891857	0.004825994793658841	55	10	0.004825994793658841	0.0	False	False	False	False	False	effect_preferred_both
14	135	1080	direct_effect_ridge	CPA_0.8.8	0.05181086809514918	0.001716727217891857	0.053527595313041035	55	1	0.05352759531304104	-6.938893903907228e-18	False	False	False	False	False	effect_preferred_both
15	8	64	direct_effect_ridge	additive	-0.010870131325487743	0.031343197276174246	0.02047306595068651	55	44	0.020473065950686504	6.938893903907228e-18	True	True	True	False	False	state_to_effect
15	8	64	direct_effect_ridge	compositional_ridge	-0.01166136739041306	0.031343197276174246	0.01968182988576119	55	42	0.019681829885761185	6.938893903907228e-18	True	True	True	False	False	state_to_effect
15	8	64	direct_effect_ridge	CPA_0.8.8	0.03809322778618449	0.031343197276174246	0.06943642506235874	55	8	0.06943642506235874	0.0	False	False	False	False	False	effect_preferred_both
15	16	128	direct_effect_ridge	additive	-0.0027619648779812697	0.015237932297746832	0.012475967419765565	55	37	0.012475967419765562	3.469446951953614e-18	True	True	True	False	False	state_to_effect
15	16	128	direct_effect_ridge	compositional_ridge	-0.0035532009429065864	0.015237932297746832	0.011684731354840246	55	33	0.011684731354840244	1.734723475976807e-18	True	True	True	False	False	state_to_effect
15	16	128	direct_effect_ridge	CPA_0.8.8	0.04432549550272789	0.015237932297746832	0.05956342780047471	55	3	0.059563427800474716	-6.938893903907228e-18	False	False	False	False	False	effect_preferred_both
15	32	256	direct_effect_ridge	additive	0.0009198414269359697	0.0076964132783374425	0.008616254705273415	55	18	0.008616254705273413	1.734723475976807e-18	False	False	False	False	False	effect_preferred_both
15	32	256	direct_effect_ridge	compositional_ridge	0.00012860536201065277	0.0076964132783374425	0.007825018640348097	55	26	0.007825018640348095	1.734723475976807e-18	False	False	False	False	False	effect_preferred_both
15	32	256	direct_effect_ridge	CPA_0.8.8	0.04877589457756743	0.0076964132783374425	0.05647230785590488	55	2	0.056472307855904874	6.938893903907228e-18	False	False	False	False	False	effect_preferred_both
15	64	512	direct_effect_ridge	additive	0.0028400487215440484	0.003818004411196786	0.0066580531327408345	55	9	0.0066580531327408345	0.0	False	False	False	False	False	effect_preferred_both
15	64	512	direct_effect_ridge	compositional_ridge	0.002048812656618731	0.003818004411196786	0.005866817067815517	55	15	0.005866817067815517	0.0	False	False	False	False	False	effect_preferred_both
15	64	512	direct_effect_ridge	CPA_0.8.8	0.05002296801886619	0.003818004411196786	0.053840972430062986	55	1	0.05384097243006297	1.3877787807814457e-17	False	False	False	False	False	effect_preferred_both
15	128	1024	direct_effect_ridge	additive	0.0038424101575100593	0.0018585003819470373	0.005700910539457099	55	3	0.005700910539457097	1.734723475976807e-18	False	False	False	False	False	effect_preferred_both
15	128	1024	direct_effect_ridge	compositional_ridge	0.0030511740925847418	0.0018585003819470373	0.004909674474531779	55	10	0.0049096744745317795	-8.673617379884035e-19	False	False	False	False	False	effect_preferred_both
15	128	1024	direct_effect_ridge	CPA_0.8.8	0.051553473562265625	0.0018585003819470373	0.05341197394421267	55	1	0.05341197394421266	6.938893903907228e-18	False	False	False	False	False	effect_preferred_both
15	135	1080	direct_effect_ridge	additive	0.0038876128767528404	0.0017650742300980926	0.005652687106850933	55	3	0.005652687106850933	0.0	False	False	False	False	False	effect_preferred_both
15	135	1080	direct_effect_ridge	compositional_ridge	0.0030963768118275233	0.0017650742300980926	0.004861451041925615	55	10	0.004861451041925616	-8.673617379884035e-19	False	False	False	False	False	effect_preferred_both
15	135	1080	direct_effect_ridge	CPA_0.8.8	0.05173297715435026	0.0017650742300980926	0.05349805138444835	55	1	0.05349805138444835	0.0	False	False	False	False	False	effect_preferred_both
16	8	64	direct_effect_ridge	additive	-0.01087329255547716	0.031453466338313946	0.02058017378283679	55	44	0.020580173782836785	3.469446951953614e-18	True	True	True	False	False	state_to_effect
16	8	64	direct_effect_ridge	compositional_ridge	-0.011664528620402476	0.031453466338313946	0.01978893771791147	55	40	0.01978893771791147	0.0	True	True	True	False	False	state_to_effect
16	8	64	direct_effect_ridge	CPA_0.8.8	0.036573123981619785	0.031453466338313946	0.06802659031993374	55	7	0.06802659031993373	1.3877787807814457e-17	False	False	False	False	False	effect_preferred_both
16	16	128	direct_effect_ridge	additive	-0.0027858459560807843	0.015427386865549578	0.012641540909468799	55	37	0.012641540909468793	5.204170427930421e-18	True	True	True	False	False	state_to_effect
16	16	128	direct_effect_ridge	compositional_ridge	-0.0035770820210061015	0.015427386865549578	0.01185030484454348	55	33	0.011850304844543476	3.469446951953614e-18	True	True	True	False	False	state_to_effect
16	16	128	direct_effect_ridge	CPA_0.8.8	0.04839330822851904	0.015427386865549578	0.06382069509406861	55	3	0.06382069509406862	-1.3877787807814457e-17	False	False	False	False	False	effect_preferred_both
16	32	256	direct_effect_ridge	additive	0.0011933385038264566	0.007431242126712774	0.008624580630539233	55	17	0.008624580630539232	1.734723475976807e-18	False	False	False	False	False	effect_preferred_both
16	32	256	direct_effect_ridge	compositional_ridge	0.00040210243890113944	0.007431242126712774	0.007833344565613914	55	27	0.007833344565613914	0.0	False	False	False	False	False	effect_preferred_both
16	32	256	direct_effect_ridge	CPA_0.8.8	0.05151260979819995	0.007431242126712774	0.05894385192491273	55	1	0.05894385192491273	0.0	False	False	False	False	False	effect_preferred_both
16	64	512	direct_effect_ridge	additive	0.0028288738873808667	0.0037860697955750242	0.006614943682955891	55	11	0.006614943682955891	0.0	False	False	False	False	False	effect_preferred_both
16	64	512	direct_effect_ridge	compositional_ridge	0.0020376378224555495	0.0037860697955750242	0.005823707618030574	55	15	0.005823707618030574	0.0	False	False	False	False	False	effect_preferred_both
16	64	512	direct_effect_ridge	CPA_0.8.8	0.050035656016610586	0.0037860697955750242	0.05382172581218562	55	1	0.05382172581218561	6.938893903907228e-18	False	False	False	False	False	effect_preferred_both
16	128	1024	direct_effect_ridge	additive	0.0038263279836950044	0.0018556234984491618	0.005681951482144166	55	4	0.005681951482144166	0.0	False	False	False	False	False	effect_preferred_both
16	128	1024	direct_effect_ridge	compositional_ridge	0.003035091918769687	0.0018556234984491618	0.0048907154172188475	55	11	0.004890715417218848	-8.673617379884035e-19	False	False	False	False	False	effect_preferred_both
16	128	1024	direct_effect_ridge	CPA_0.8.8	0.05136664977670541	0.0018556234984491618	0.05322227327515457	55	1	0.05322227327515457	0.0	False	False	False	False	False	effect_preferred_both
16	135	1080	direct_effect_ridge	additive	0.0038680381027223413	0.0017683743731664212	0.005636412475888763	55	3	0.005636412475888763	0.0	False	False	False	False	False	effect_preferred_both
16	135	1080	direct_effect_ridge	compositional_ridge	0.0030768020377970238	0.0017683743731664212	0.004845176410963444	55	9	0.004845176410963445	-8.673617379884035e-19	False	False	False	False	False	effect_preferred_both
16	135	1080	direct_effect_ridge	CPA_0.8.8	0.051478424803079556	0.0017683743731664212	0.05324679917624599	55	1	0.05324679917624598	6.938893903907228e-18	False	False	False	False	False	effect_preferred_both
17	8	64	direct_effect_ridge	additive	-0.010624370899459213	0.03182469075092049	0.021200319851461282	55	44	0.021200319851461275	6.938893903907228e-18	True	True	True	False	False	state_to_effect
17	8	64	direct_effect_ridge	compositional_ridge	-0.01141560696438453	0.03182469075092049	0.020409083786535963	55	43	0.020409083786535956	6.938893903907228e-18	True	True	True	False	False	state_to_effect
17	8	64	direct_effect_ridge	CPA_0.8.8	0.04264504903316913	0.03182469075092049	0.07446973978408963	55	8	0.07446973978408962	1.3877787807814457e-17	False	False	False	False	False	effect_preferred_both
17	16	128	direct_effect_ridge	additive	-0.002631622465731093	0.015363748732040496	0.012732126266309403	55	37	0.012732126266309403	0.0	True	True	True	False	False	state_to_effect
17	16	128	direct_effect_ridge	compositional_ridge	-0.0034228585306564107	0.015363748732040496	0.011940890201384087	55	33	0.011940890201384086	1.734723475976807e-18	True	True	True	False	False	state_to_effect
17	16	128	direct_effect_ridge	CPA_0.8.8	0.04742040651475761	0.015363748732040496	0.06278415524679812	55	3	0.0627841552467981	1.3877787807814457e-17	False	False	False	False	False	effect_preferred_both
17	32	256	direct_effect_ridge	additive	0.001153010159873889	0.007554484898135605	0.008707495058009496	55	17	0.008707495058009494	1.734723475976807e-18	False	False	False	False	False	effect_preferred_both
17	32	256	direct_effect_ridge	compositional_ridge	0.0003617740949485718	0.007554484898135605	0.007916258993084178	55	28	0.007916258993084176	1.734723475976807e-18	False	False	False	False	False	effect_preferred_both
17	32	256	direct_effect_ridge	CPA_0.8.8	0.05206197825897676	0.007554484898135605	0.059616463157112366	55	1	0.059616463157112366	0.0	False	False	False	False	False	effect_preferred_both
17	64	512	direct_effect_ridge	additive	0.003050704055204305	0.0037180066211997416	0.006768710676404047	55	10	0.006768710676404046	8.673617379884035e-19	False	False	False	False	False	effect_preferred_both
17	64	512	direct_effect_ridge	compositional_ridge	0.0022594679902789884	0.0037180066211997416	0.005977474611478729	55	17	0.0059774746114787305	-1.734723475976807e-18	False	False	False	False	False	effect_preferred_both
17	64	512	direct_effect_ridge	CPA_0.8.8	0.05302105697011916	0.0037180066211997416	0.0567390635913189	55	1	0.0567390635913189	0.0	False	False	False	False	False	effect_preferred_both
17	128	1024	direct_effect_ridge	additive	0.003807594528848611	0.0020314448397131916	0.005839039368561802	55	4	0.0058390393685618025	-8.673617379884035e-19	False	False	False	False	False	effect_preferred_both
17	128	1024	direct_effect_ridge	compositional_ridge	0.0030163584639232937	0.0020314448397131916	0.005047803303636485	55	13	0.005047803303636486	-8.673617379884035e-19	False	False	False	False	False	effect_preferred_both
17	128	1024	direct_effect_ridge	CPA_0.8.8	0.05223704977367161	0.0020314448397131916	0.0542684946133848	55	1	0.0542684946133848	0.0	False	False	False	False	False	effect_preferred_both
17	135	1080	direct_effect_ridge	additive	0.0038486952782525426	0.0019241544541008595	0.005772849732353401	55	3	0.005772849732353402	-8.673617379884035e-19	False	False	False	False	False	effect_preferred_both
17	135	1080	direct_effect_ridge	compositional_ridge	0.0030574592133272255	0.0019241544541008595	0.004981613667428084	55	12	0.004981613667428085	-8.673617379884035e-19	False	False	False	False	False	effect_preferred_both
17	135	1080	direct_effect_ridge	CPA_0.8.8	0.051860738230922895	0.0019241544541008595	0.05378489268502376	55	1	0.053784892685023754	6.938893903907228e-18	False	False	False	False	False	effect_preferred_both
18	8	64	direct_effect_ridge	additive	-0.009697423017627603	0.0293231458560733	0.019625722838445703	55	44	0.0196257228384457	3.469446951953614e-18	True	True	True	False	False	state_to_effect
18	8	64	direct_effect_ridge	compositional_ridge	-0.01048865908255292	0.0293231458560733	0.018834486773520388	55	42	0.01883448677352038	6.938893903907228e-18	True	True	True	False	False	state_to_effect
18	8	64	direct_effect_ridge	CPA_0.8.8	0.044138866404977245	0.0293231458560733	0.07346201226105056	55	7	0.07346201226105055	1.3877787807814457e-17	False	False	False	False	False	effect_preferred_both
18	16	128	direct_effect_ridge	additive	-0.002272378540327038	0.013963631487219736	0.011691252946892702	55	37	0.011691252946892697	5.204170427930421e-18	True	True	True	False	False	state_to_effect
18	16	128	direct_effect_ridge	compositional_ridge	-0.0030636146052523553	0.013963631487219736	0.010900016881967385	55	33	0.01090001688196738	5.204170427930421e-18	True	True	True	False	False	state_to_effect
18	16	128	direct_effect_ridge	CPA_0.8.8	0.05098475740042359	0.013963631487219736	0.06494838888764333	55	2	0.06494838888764333	0.0	False	False	False	False	False	effect_preferred_both
18	32	256	direct_effect_ridge	additive	0.0013128408744448345	0.007112160324635804	0.00842500119908064	55	18	0.008425001199080639	1.734723475976807e-18	False	False	False	False	False	effect_preferred_both
18	32	256	direct_effect_ridge	compositional_ridge	0.0005216048095195169	0.007112160324635804	0.007633765134155321	55	27	0.00763376513415532	8.673617379884035e-19	False	False	False	False	False	effect_preferred_both
18	32	256	direct_effect_ridge	CPA_0.8.8	0.052217609138901805	0.007112160324635804	0.0593297694635376	55	1	0.05932976946353761	-6.938893903907228e-18	False	False	False	False	False	effect_preferred_both
18	64	512	direct_effect_ridge	additive	0.0029772623083390765	0.0037187915912474377	0.006696053899586514	55	10	0.006696053899586514	0.0	False	False	False	False	False	effect_preferred_both
18	64	512	direct_effect_ridge	compositional_ridge	0.00218602624341376	0.0037187915912474377	0.005904817834661198	55	15	0.0059048178346611975	8.673617379884035e-19	False	False	False	False	False	effect_preferred_both
18	64	512	direct_effect_ridge	CPA_0.8.8	0.0514178838749161	0.0037187915912474377	0.05513667546616354	55	1	0.05513667546616354	0.0	False	False	False	False	False	effect_preferred_both
18	128	1024	direct_effect_ridge	additive	0.0038618509103924377	0.0018604954100333718	0.005722346320425811	55	3	0.00572234632042581	8.673617379884035e-19	False	False	False	False	False	effect_preferred_both
18	128	1024	direct_effect_ridge	compositional_ridge	0.0030706148454671205	0.0018604954100333718	0.004931110255500493	55	11	0.004931110255500492	8.673617379884035e-19	False	False	False	False	False	effect_preferred_both
18	128	1024	direct_effect_ridge	CPA_0.8.8	0.05172521551917668	0.0018604954100333718	0.05358571092921006	55	1	0.05358571092921005	6.938893903907228e-18	False	False	False	False	False	effect_preferred_both
18	135	1080	direct_effect_ridge	additive	0.0039037107597374356	0.0017849586934781218	0.005688669453215557	55	3	0.0056886694532155575	-8.673617379884035e-19	False	False	False	False	False	effect_preferred_both
18	135	1080	direct_effect_ridge	compositional_ridge	0.003112474694812119	0.0017849586934781218	0.00489743338829024	55	10	0.004897433388290241	-8.673617379884035e-19	False	False	False	False	False	effect_preferred_both
18	135	1080	direct_effect_ridge	CPA_0.8.8	0.05199389184425352	0.0017849586934781218	0.05377885053773164	55	1	0.05377885053773164	0.0	False	False	False	False	False	effect_preferred_both
19	8	64	direct_effect_ridge	additive	-0.010142822349970408	0.029924186602496138	0.01978136425252574	55	44	0.019781364252525732	6.938893903907228e-18	True	True	True	False	False	state_to_effect
19	8	64	direct_effect_ridge	compositional_ridge	-0.010934058414895724	0.029924186602496138	0.01899012818760042	55	43	0.018990128187600416	3.469446951953614e-18	True	True	True	False	False	state_to_effect
19	8	64	direct_effect_ridge	CPA_0.8.8	0.04574392081527619	0.029924186602496138	0.07566810741777233	55	8	0.07566810741777233	0.0	False	False	False	False	False	effect_preferred_both
19	16	128	direct_effect_ridge	additive	-0.002599277101038532	0.01478712426937949	0.01218784716834096	55	38	0.012187847168340957	1.734723475976807e-18	True	True	True	False	False	state_to_effect
19	16	128	direct_effect_ridge	compositional_ridge	-0.0033905131659638494	0.01478712426937949	0.011396611103415643	55	36	0.01139661110341564	3.469446951953614e-18	True	True	True	False	False	state_to_effect
19	16	128	direct_effect_ridge	CPA_0.8.8	0.052767577971453615	0.01478712426937949	0.06755470224083311	55	3	0.0675547022408331	1.3877787807814457e-17	False	False	False	False	False	effect_preferred_both
19	32	256	direct_effect_ridge	additive	0.001040138505514786	0.007567151320935945	0.008607289826450731	55	17	0.008607289826450731	0.0	False	False	False	False	False	effect_preferred_both
19	32	256	direct_effect_ridge	compositional_ridge	0.0002489024405894686	0.007567151320935945	0.007816053761525414	55	28	0.007816053761525414	0.0	False	False	False	False	False	effect_preferred_both
19	32	256	direct_effect_ridge	CPA_0.8.8	0.05152991703083229	0.007567151320935945	0.059097068351768235	55	1	0.059097068351768235	0.0	False	False	False	False	False	effect_preferred_both
19	64	512	direct_effect_ridge	additive	0.002842622349092967	0.0039228835687862874	0.006765505917879255	55	9	0.006765505917879255	0.0	False	False	False	False	False	effect_preferred_both
19	64	512	direct_effect_ridge	compositional_ridge	0.00205138628416765	0.0039228835687862874	0.005974269852953938	55	19	0.0059742698529539374	8.673617379884035e-19	False	False	False	False	False	effect_preferred_both
19	64	512	direct_effect_ridge	CPA_0.8.8	0.05281236932563307	0.0039228835687862874	0.05673525289441935	55	1	0.05673525289441936	-6.938893903907228e-18	False	False	False	False	False	effect_preferred_both
19	128	1024	direct_effect_ridge	additive	0.0038557391852531066	0.0019125555209463737	0.005768294706199482	55	3	0.00576829470619948	1.734723475976807e-18	False	False	False	False	False	effect_preferred_both
19	128	1024	direct_effect_ridge	compositional_ridge	0.0030645031203277895	0.0019125555209463737	0.004977058641274163	55	11	0.0049770586412741635	-8.673617379884035e-19	False	False	False	False	False	effect_preferred_both
19	128	1024	direct_effect_ridge	CPA_0.8.8	0.05207697064153169	0.0019125555209463737	0.053989526162478055	55	1	0.05398952616247806	-6.938893903907228e-18	False	False	False	False	False	effect_preferred_both
19	135	1080	direct_effect_ridge	additive	0.003891706552888072	0.0017965521965651956	0.0056882587494532675	55	3	0.0056882587494532675	0.0	False	False	False	False	False	effect_preferred_both
19	135	1080	direct_effect_ridge	compositional_ridge	0.0031004704879627545	0.0017965521965651956	0.004897022684527948	55	12	0.00489702268452795	-1.734723475976807e-18	False	False	False	False	False	effect_preferred_both
19	135	1080	direct_effect_ridge	CPA_0.8.8	0.051670513510803845	0.0017965521965651956	0.05346706570736904	55	1	0.05346706570736904	0.0	False	False	False	False	False	effect_preferred_both
20	8	64	direct_effect_ridge	additive	-0.01041122794627435	0.03043910252488027	0.020027874578605928	55	44	0.02002787457860592	6.938893903907228e-18	True	True	True	False	False	state_to_effect
20	8	64	direct_effect_ridge	compositional_ridge	-0.011202464011199667	0.03043910252488027	0.01923663851368061	55	41	0.019236638513680605	3.469446951953614e-18	True	True	True	False	False	state_to_effect
20	8	64	direct_effect_ridge	CPA_0.8.8	0.040951047965709524	0.03043910252488027	0.0713901504905898	55	7	0.07139015049058979	1.3877787807814457e-17	False	False	False	False	False	effect_preferred_both
20	16	128	direct_effect_ridge	additive	-0.002938418165696328	0.016008911678515675	0.013070493512819352	55	38	0.013070493512819347	5.204170427930421e-18	True	True	True	False	False	state_to_effect
20	16	128	direct_effect_ridge	compositional_ridge	-0.0037296542306216453	0.016008911678515675	0.012279257447894034	55	33	0.01227925744789403	5.204170427930421e-18	True	True	True	False	False	state_to_effect
20	16	128	direct_effect_ridge	CPA_0.8.8	0.04700756452009779	0.016008911678515675	0.06301647619861347	55	3	0.06301647619861347	0.0	False	False	False	False	False	effect_preferred_both
20	32	256	direct_effect_ridge	additive	0.0008017876364173777	0.007894756486320854	0.008696544122738233	55	18	0.008696544122738232	1.734723475976807e-18	False	False	False	False	False	effect_preferred_both
20	32	256	direct_effect_ridge	compositional_ridge	1.0551571492060582e-05	0.007894756486320854	0.007905308057812914	55	28	0.007905308057812916	-1.734723475976807e-18	False	False	False	False	False	effect_preferred_both
20	32	256	direct_effect_ridge	CPA_0.8.8	0.04889884198610427	0.007894756486320854	0.05679359847242513	55	1	0.05679359847242513	0.0	False	False	False	False	False	effect_preferred_both
20	64	512	direct_effect_ridge	additive	0.002783848619428816	0.0038882287855861084	0.0066720774050149255	55	10	0.006672077405014925	8.673617379884035e-19	False	False	False	False	False	effect_preferred_both
20	64	512	direct_effect_ridge	compositional_ridge	0.001992612554503499	0.0038882287855861084	0.005880841340089607	55	16	0.005880841340089607	0.0	False	False	False	False	False	effect_preferred_both
20	64	512	direct_effect_ridge	CPA_0.8.8	0.04986347485557409	0.0038882287855861084	0.05375170364116019	55	1	0.0537517036411602	-6.938893903907228e-18	False	False	False	False	False	effect_preferred_both
20	128	1024	direct_effect_ridge	additive	0.0038127876490576503	0.001923845053951682	0.005736632703009332	55	3	0.005736632703009332	0.0	False	False	False	False	False	effect_preferred_both
20	128	1024	direct_effect_ridge	compositional_ridge	0.003021551584132333	0.001923845053951682	0.004945396638084015	55	12	0.004945396638084016	-8.673617379884035e-19	False	False	False	False	False	effect_preferred_both
20	128	1024	direct_effect_ridge	CPA_0.8.8	0.05161913720012985	0.001923845053951682	0.053542982254081536	55	1	0.053542982254081536	0.0	False	False	False	False	False	effect_preferred_both
20	135	1080	direct_effect_ridge	additive	0.003865112422437588	0.0018370970374102843	0.005702209459847872	55	3	0.005702209459847872	0.0	False	False	False	False	False	effect_preferred_both
20	135	1080	direct_effect_ridge	compositional_ridge	0.0030738763575122708	0.0018370970374102843	0.004910973394922555	55	11	0.0049109733949225555	-8.673617379884035e-19	False	False	False	False	False	effect_preferred_both
20	135	1080	direct_effect_ridge	CPA_0.8.8	0.05155563271930212	0.0018370970374102843	0.05339272975671241	55	1	0.05339272975671241	0.0	False	False	False	False	False	effect_preferred_both
21	8	64	direct_effect_ridge	additive	-0.009726484705480428	0.029886231017637956	0.020159746312157528	55	44	0.020159746312157528	0.0	True	True	True	False	False	state_to_effect
21	8	64	direct_effect_ridge	compositional_ridge	-0.010517720770405744	0.029886231017637956	0.019368510247232212	55	42	0.019368510247232212	0.0	True	True	True	False	False	state_to_effect
21	8	64	direct_effect_ridge	CPA_0.8.8	0.043064315470059226	0.029886231017637956	0.07295054648769718	55	7	0.07295054648769718	0.0	False	False	False	False	False	effect_preferred_both
21	16	128	direct_effect_ridge	additive	-0.0024723759662481828	0.014298311623560935	0.01182593565731275	55	37	0.011825935657312752	-1.734723475976807e-18	True	True	True	False	False	state_to_effect
21	16	128	direct_effect_ridge	compositional_ridge	-0.0032636120311735003	0.014298311623560935	0.011034699592387436	55	33	0.011034699592387434	1.734723475976807e-18	True	True	True	False	False	state_to_effect
21	16	128	direct_effect_ridge	CPA_0.8.8	0.04468107046435149	0.014298311623560935	0.05897938208791243	55	3	0.058979382087912424	6.938893903907228e-18	False	False	False	False	False	effect_preferred_both
21	32	256	direct_effect_ridge	additive	0.0009709011514113773	0.00726542501880026	0.008236326170211637	55	17	0.008236326170211637	0.0	False	False	False	False	False	effect_preferred_both
21	32	256	direct_effect_ridge	compositional_ridge	0.00017966508648606044	0.00726542501880026	0.0074450901052863176	55	25	0.00744509010528632	-2.6020852139652106e-18	False	False	False	False	False	effect_preferred_both
21	32	256	direct_effect_ridge	CPA_0.8.8	0.04734871866545426	0.00726542501880026	0.05461414368425452	55	2	0.05461414368425452	0.0	False	False	False	False	False	effect_preferred_both
21	64	512	direct_effect_ridge	additive	0.0028460748626711386	0.0035679998326903595	0.006414074695361499	55	10	0.006414074695361498	8.673617379884035e-19	False	False	False	False	False	effect_preferred_both
21	64	512	direct_effect_ridge	compositional_ridge	0.0020548387977458215	0.0035679998326903595	0.005622838630436181	55	14	0.0056228386304361805	8.673617379884035e-19	False	False	False	False	False	effect_preferred_both
21	64	512	direct_effect_ridge	CPA_0.8.8	0.04938244037488714	0.0035679998326903595	0.0529504402075775	55	1	0.0529504402075775	0.0	False	False	False	False	False	effect_preferred_both
21	128	1024	direct_effect_ridge	additive	0.003808621128003178	0.001919860759217494	0.005728481887220671	55	3	0.005728481887220672	-8.673617379884035e-19	False	False	False	False	False	effect_preferred_both
21	128	1024	direct_effect_ridge	compositional_ridge	0.0030173850630778602	0.001919860759217494	0.004937245822295352	55	12	0.004937245822295354	-1.734723475976807e-18	False	False	False	False	False	effect_preferred_both
21	128	1024	direct_effect_ridge	CPA_0.8.8	0.05163049271729628	0.001919860759217494	0.053550353476513775	55	1	0.053550353476513775	0.0	False	False	False	False	False	effect_preferred_both
21	135	1080	direct_effect_ridge	additive	0.0038739103596652576	0.0018102486049622758	0.005684158964627533	55	4	0.005684158964627533	0.0	False	False	False	False	False	effect_preferred_both
21	135	1080	direct_effect_ridge	compositional_ridge	0.003082674294739941	0.0018102486049622758	0.004892922899702216	55	11	0.0048929228997022164	-8.673617379884035e-19	False	False	False	False	False	effect_preferred_both
21	135	1080	direct_effect_ridge	CPA_0.8.8	0.05159847875697077	0.0018102486049622758	0.05340872736193304	55	1	0.05340872736193304	0.0	False	False	False	False	False	effect_preferred_both
22	8	64	direct_effect_ridge	additive	-0.010411998317404126	0.03013275180947662	0.019720753492072494	55	45	0.019720753492072494	0.0	True	True	True	False	False	state_to_effect
22	8	64	direct_effect_ridge	compositional_ridge	-0.011203234382329444	0.03013275180947662	0.018929517427147175	55	42	0.01892951742714718	-3.469446951953614e-18	True	True	True	False	False	state_to_effect
22	8	64	direct_effect_ridge	CPA_0.8.8	0.04195371988399714	0.03013275180947662	0.07208647169347375	55	7	0.07208647169347376	-1.3877787807814457e-17	False	False	False	False	False	effect_preferred_both
22	16	128	direct_effect_ridge	additive	-0.0025317333766027273	0.01473570832697609	0.01220397495037337	55	36	0.012203974950373363	6.938893903907228e-18	True	True	True	False	False	state_to_effect
22	16	128	direct_effect_ridge	compositional_ridge	-0.0033229694415280444	0.01473570832697609	0.011412738885448049	55	33	0.011412738885448047	1.734723475976807e-18	True	True	True	False	False	state_to_effect
22	16	128	direct_effect_ridge	CPA_0.8.8	0.04696578298634856	0.01473570832697609	0.061701491313324655	55	3	0.061701491313324655	0.0	False	False	False	False	False	effect_preferred_both
22	32	256	direct_effect_ridge	additive	0.0010373596351790821	0.007636099822224989	0.008673459457404074	55	18	0.008673459457404071	3.469446951953614e-18	False	False	False	False	False	effect_preferred_both
22	32	256	direct_effect_ridge	compositional_ridge	0.00024612357025376495	0.007636099822224989	0.007882223392478755	55	26	0.007882223392478753	1.734723475976807e-18	False	False	False	False	False	effect_preferred_both
22	32	256	direct_effect_ridge	CPA_0.8.8	0.048337742095815726	0.007636099822224989	0.05597384191804072	55	2	0.055973841918040716	6.938893903907228e-18	False	False	False	False	False	effect_preferred_both
22	64	512	direct_effect_ridge	additive	0.002808444777713542	0.00389564124147306	0.0067040860191866026	55	10	0.006704086019186602	8.673617379884035e-19	False	False	False	False	False	effect_preferred_both
22	64	512	direct_effect_ridge	compositional_ridge	0.0020172087127882246	0.00389564124147306	0.005912849954261285	55	16	0.005912849954261284	8.673617379884035e-19	False	False	False	False	False	effect_preferred_both
22	64	512	direct_effect_ridge	CPA_0.8.8	0.050031680092789854	0.00389564124147306	0.053927321334262916	55	1	0.053927321334262916	0.0	False	False	False	False	False	effect_preferred_both
22	128	1024	direct_effect_ridge	additive	0.0038273474641114334	0.001842495678570426	0.00566984314268186	55	5	0.005669843142681859	8.673617379884035e-19	False	False	False	False	False	effect_preferred_both
22	128	1024	direct_effect_ridge	compositional_ridge	0.003036111399186116	0.001842495678570426	0.0048786070777565435	55	11	0.004878607077756543	8.673617379884035e-19	False	False	False	False	False	effect_preferred_both
22	128	1024	direct_effect_ridge	CPA_0.8.8	0.0509609006245319	0.001842495678570426	0.05280339630310233	55	1	0.05280339630310233	0.0	False	False	False	False	False	effect_preferred_both
22	135	1080	direct_effect_ridge	additive	0.0038908066690861794	0.001738737895741173	0.005629544564827351	55	4	0.005629544564827353	-1.734723475976807e-18	False	False	False	False	False	effect_preferred_both
22	135	1080	direct_effect_ridge	compositional_ridge	0.0030995706041608622	0.001738737895741173	0.004838308499902034	55	9	0.004838308499902035	-8.673617379884035e-19	False	False	False	False	False	effect_preferred_both
22	135	1080	direct_effect_ridge	CPA_0.8.8	0.0513912967588361	0.001738737895741173	0.053130034654577274	55	1	0.053130034654577274	0.0	False	False	False	False	False	effect_preferred_both
23	8	64	direct_effect_ridge	additive	-0.010920753367146579	0.03058180061072875	0.01966104724358218	55	45	0.019661047243582173	6.938893903907228e-18	True	True	True	False	False	state_to_effect
23	8	64	direct_effect_ridge	compositional_ridge	-0.011711989432071895	0.03058180061072875	0.01886981117865686	55	44	0.018869811178656857	3.469446951953614e-18	True	True	True	False	False	state_to_effect
23	8	64	direct_effect_ridge	CPA_0.8.8	0.03751150110763904	0.03058180061072875	0.06809330171836779	55	7	0.06809330171836779	0.0	False	False	False	False	False	effect_preferred_both
23	16	128	direct_effect_ridge	additive	-0.0028783240546058466	0.015174168092669174	0.012295844038063329	55	38	0.012295844038063327	1.734723475976807e-18	True	True	True	False	False	state_to_effect
23	16	128	direct_effect_ridge	compositional_ridge	-0.0036695601195311637	0.015174168092669174	0.011504607973138013	55	33	0.011504607973138011	1.734723475976807e-18	True	True	True	False	False	state_to_effect
23	16	128	direct_effect_ridge	CPA_0.8.8	0.04583759276633191	0.015174168092669174	0.061011760859001084	55	3	0.061011760859001084	0.0	False	False	False	False	False	effect_preferred_both
23	32	256	direct_effect_ridge	additive	0.0008247660222565898	0.008007925449398545	0.008832691471655135	55	18	0.008832691471655135	0.0	False	False	False	False	False	effect_preferred_both
23	32	256	direct_effect_ridge	compositional_ridge	3.3529957331272595e-05	0.008007925449398545	0.008041455406729818	55	28	0.008041455406729818	0.0	False	False	False	False	False	effect_preferred_both
23	32	256	direct_effect_ridge	CPA_0.8.8	0.04936266334586595	0.008007925449398545	0.05737058879526449	55	1	0.05737058879526449	0.0	False	False	False	False	False	effect_preferred_both
23	64	512	direct_effect_ridge	additive	0.00276205236864504	0.0036953295717592027	0.006457381940404243	55	9	0.006457381940404242	8.673617379884035e-19	False	False	False	False	False	effect_preferred_both
23	64	512	direct_effect_ridge	compositional_ridge	0.0019708163037197232	0.0036953295717592027	0.0056661458754789255	55	16	0.005666145875478926	-8.673617379884035e-19	False	False	False	False	False	effect_preferred_both
23	64	512	direct_effect_ridge	CPA_0.8.8	0.050199993128390415	0.0036953295717592027	0.053895322700149614	55	1	0.053895322700149614	0.0	False	False	False	False	False	effect_preferred_both
23	128	1024	direct_effect_ridge	additive	0.0038011707715985828	0.0019424559911451142	0.005743626762743696	55	5	0.005743626762743697	-8.673617379884035e-19	False	False	False	False	False	effect_preferred_both
23	128	1024	direct_effect_ridge	compositional_ridge	0.003009934706673265	0.0019424559911451142	0.004952390697818377	55	11	0.0049523906978183796	-2.6020852139652106e-18	False	False	False	False	False	effect_preferred_both
23	128	1024	direct_effect_ridge	CPA_0.8.8	0.05123702328065748	0.0019424559911451142	0.053179479271802596	55	1	0.053179479271802596	0.0	False	False	False	False	False	effect_preferred_both
23	135	1080	direct_effect_ridge	additive	0.003851204280392556	0.0018437592345282416	0.005694963514920797	55	5	0.005694963514920798	-8.673617379884035e-19	False	False	False	False	False	effect_preferred_both
23	135	1080	direct_effect_ridge	compositional_ridge	0.003059968215467239	0.0018437592345282416	0.004903727449995479	55	11	0.00490372744999548	-8.673617379884035e-19	False	False	False	False	False	effect_preferred_both
23	135	1080	direct_effect_ridge	CPA_0.8.8	0.05134531670526303	0.0018437592345282416	0.05318907593979127	55	1	0.053189075939791275	-6.938893903907228e-18	False	False	False	False	False	effect_preferred_both
24	8	64	direct_effect_ridge	additive	-0.010712264090524986	0.03147184286203804	0.02075957877151306	55	46	0.020759578771513052	6.938893903907228e-18	True	True	True	False	False	state_to_effect
24	8	64	direct_effect_ridge	compositional_ridge	-0.011503500155450304	0.03147184286203804	0.019968342706587736	55	42	0.019968342706587733	3.469446951953614e-18	True	True	True	False	False	state_to_effect
24	8	64	direct_effect_ridge	CPA_0.8.8	0.03698384383863124	0.03147184286203804	0.06845568670066929	55	7	0.06845568670066929	0.0	False	False	False	False	False	effect_preferred_both
24	16	128	direct_effect_ridge	additive	-0.0029043970145188965	0.015324803631761225	0.012420406617242329	55	36	0.012420406617242329	0.0	True	True	True	False	False	state_to_effect
24	16	128	direct_effect_ridge	compositional_ridge	-0.003695633079444214	0.015324803631761225	0.01162917055231701	55	33	0.011629170552317011	-1.734723475976807e-18	True	True	True	False	False	state_to_effect
24	16	128	direct_effect_ridge	CPA_0.8.8	0.04333739530233742	0.015324803631761225	0.05866219893409865	55	5	0.058662198934098644	6.938893903907228e-18	False	False	False	False	False	effect_preferred_both
24	32	256	direct_effect_ridge	additive	0.0010112212731829776	0.007822243924398795	0.008833465197581773	55	17	0.008833465197581773	0.0	False	False	False	False	False	effect_preferred_both
24	32	256	direct_effect_ridge	compositional_ridge	0.00021998520825766024	0.007822243924398795	0.008042229132656455	55	27	0.008042229132656455	0.0	False	False	False	False	False	effect_preferred_both
24	32	256	direct_effect_ridge	CPA_0.8.8	0.047399463721916724	0.007822243924398795	0.05522170764631552	55	2	0.05522170764631552	0.0	False	False	False	False	False	effect_preferred_both
24	64	512	direct_effect_ridge	additive	0.0028597283095372784	0.003965318223773313	0.006825046533310592	55	10	0.006825046533310591	8.673617379884035e-19	False	False	False	False	False	effect_preferred_both
24	64	512	direct_effect_ridge	compositional_ridge	0.0020684922446119612	0.003965318223773313	0.006033810468385274	55	15	0.006033810468385274	0.0	False	False	False	False	False	effect_preferred_both
24	64	512	direct_effect_ridge	CPA_0.8.8	0.05061520842483036	0.003965318223773313	0.054580526648603675	55	1	0.054580526648603675	0.0	False	False	False	False	False	effect_preferred_both
24	128	1024	direct_effect_ridge	additive	0.003754690651918139	0.0021598281774497783	0.005914518829367919	55	5	0.005914518829367917	1.734723475976807e-18	False	False	False	False	False	effect_preferred_both
24	128	1024	direct_effect_ridge	compositional_ridge	0.0029634545869928223	0.0021598281774497783	0.0051232827644426	55	12	0.005123282764442601	-8.673617379884035e-19	False	False	False	False	False	effect_preferred_both
24	128	1024	direct_effect_ridge	CPA_0.8.8	0.05170824591858516	0.0021598281774497783	0.053868074096034946	55	1	0.05386807409603494	6.938893903907228e-18	False	False	False	False	False	effect_preferred_both
24	135	1080	direct_effect_ridge	additive	0.003784567389788262	0.0020318832491924245	0.005816450638980689	55	5	0.005816450638980687	1.734723475976807e-18	False	False	False	False	False	effect_preferred_both
24	135	1080	direct_effect_ridge	compositional_ridge	0.0029933313248629453	0.0020318832491924245	0.005025214574055369	55	11	0.005025214574055369	0.0	False	False	False	False	False	effect_preferred_both
24	135	1080	direct_effect_ridge	CPA_0.8.8	0.05111372740060737	0.0020318832491924245	0.05314561064979979	55	1	0.05314561064979979	0.0	False	False	False	False	False	effect_preferred_both
25	8	64	direct_effect_ridge	additive	-0.010483893027397257	0.03242459951443362	0.02194070648703637	55	45	0.02194070648703636	1.0408340855860843e-17	True	True	True	False	False	state_to_effect
25	8	64	direct_effect_ridge	compositional_ridge	-0.011275129092322573	0.03242459951443362	0.021149470422111055	55	43	0.021149470422111044	1.0408340855860843e-17	True	True	True	False	False	state_to_effect
25	8	64	direct_effect_ridge	CPA_0.8.8	0.041400433902768166	0.03242459951443362	0.0738250334172018	55	8	0.07382503341720179	1.3877787807814457e-17	False	False	False	False	False	effect_preferred_both
25	16	128	direct_effect_ridge	additive	-0.0026632409987475815	0.015536032588006283	0.012872791589258702	55	37	0.0128727915892587	1.734723475976807e-18	True	True	True	False	False	state_to_effect
25	16	128	direct_effect_ridge	compositional_ridge	-0.0034544770636728986	0.015536032588006283	0.012081555524333385	55	33	0.012081555524333383	1.734723475976807e-18	True	True	True	False	False	state_to_effect
25	16	128	direct_effect_ridge	CPA_0.8.8	0.04477874631884992	0.015536032588006283	0.06031477890685621	55	3	0.0603147789068562	6.938893903907228e-18	False	False	False	False	False	effect_preferred_both
25	32	256	direct_effect_ridge	additive	0.0009058779680712074	0.007986264004495643	0.008892141972566853	55	18	0.008892141972566851	1.734723475976807e-18	False	False	False	False	False	effect_preferred_both
25	32	256	direct_effect_ridge	compositional_ridge	0.00011464190314589035	0.007986264004495643	0.008100905907641532	55	27	0.008100905907641533	-1.734723475976807e-18	False	False	False	False	False	effect_preferred_both
25	32	256	direct_effect_ridge	CPA_0.8.8	0.04800996902882306	0.007986264004495643	0.0559962330333187	55	2	0.0559962330333187	0.0	False	False	False	False	False	effect_preferred_both
25	64	512	direct_effect_ridge	additive	0.0028338682919717808	0.003940562153258833	0.006774430445230613	55	10	0.006774430445230613	0.0	False	False	False	False	False	effect_preferred_both
25	64	512	direct_effect_ridge	compositional_ridge	0.0020426322270464636	0.003940562153258833	0.005983194380305296	55	16	0.005983194380305297	-8.673617379884035e-19	False	False	False	False	False	effect_preferred_both
25	64	512	direct_effect_ridge	CPA_0.8.8	0.05033903882516299	0.003940562153258833	0.05427960097842183	55	1	0.05427960097842182	6.938893903907228e-18	False	False	False	False	False	effect_preferred_both
25	128	1024	direct_effect_ridge	additive	0.0038516632499115866	0.0018980725268645	0.005749735776776085	55	3	0.005749735776776087	-1.734723475976807e-18	False	False	False	False	False	effect_preferred_both
25	128	1024	direct_effect_ridge	compositional_ridge	0.0030604271849862695	0.0018980725268645	0.004958499711850768	55	10	0.004958499711850769	-8.673617379884035e-19	False	False	False	False	False	effect_preferred_both
25	128	1024	direct_effect_ridge	CPA_0.8.8	0.05205076866583401	0.0018980725268645	0.053948841192698514	55	1	0.05394884119269851	6.938893903907228e-18	False	False	False	False	False	effect_preferred_both
25	135	1080	direct_effect_ridge	additive	0.003881207922414214	0.0018378567227634787	0.005719064645177694	55	3	0.005719064645177693	8.673617379884035e-19	False	False	False	False	False	effect_preferred_both
25	135	1080	direct_effect_ridge	compositional_ridge	0.0030899718574888967	0.0018378567227634787	0.004927828580252375	55	10	0.004927828580252375	0.0	False	False	False	False	False	effect_preferred_both
25	135	1080	direct_effect_ridge	CPA_0.8.8	0.05183752850988678	0.0018378567227634787	0.05367538523265026	55	1	0.05367538523265026	0.0	False	False	False	False	False	effect_preferred_both
26	8	64	direct_effect_ridge	additive	-0.010629222952255473	0.030507789275966434	0.01987856632371097	55	45	0.01987856632371096	1.0408340855860843e-17	True	True	True	False	False	state_to_effect
26	8	64	direct_effect_ridge	compositional_ridge	-0.01142045901718079	0.030507789275966434	0.019087330258785656	55	41	0.019087330258785645	1.0408340855860843e-17	True	True	True	False	False	state_to_effect
26	8	64	direct_effect_ridge	CPA_0.8.8	0.03733018360946077	0.030507789275966434	0.06783797288542721	55	7	0.0678379728854272	1.3877787807814457e-17	False	False	False	False	False	effect_preferred_both
26	16	128	direct_effect_ridge	additive	-0.0028434286519155635	0.015927229092280393	0.013083800440364831	55	38	0.01308380044036483	1.734723475976807e-18	True	True	True	False	False	state_to_effect
26	16	128	direct_effect_ridge	compositional_ridge	-0.0036346647168408806	0.015927229092280393	0.012292564375439512	55	33	0.012292564375439512	0.0	True	True	True	False	False	state_to_effect
26	16	128	direct_effect_ridge	CPA_0.8.8	0.04586068043959708	0.015927229092280393	0.061787909531877475	55	3	0.061787909531877475	0.0	False	False	False	False	False	effect_preferred_both
26	32	256	direct_effect_ridge	additive	0.0009481371137878343	0.007800257733642782	0.008748394847430617	55	18	0.008748394847430617	0.0	False	False	False	False	False	effect_preferred_both
26	32	256	direct_effect_ridge	compositional_ridge	0.00015690104886251718	0.007800257733642782	0.007957158782505299	55	27	0.007957158782505299	0.0	False	False	False	False	False	effect_preferred_both
26	32	256	direct_effect_ridge	CPA_0.8.8	0.04912504200166941	0.007800257733642782	0.05692529973531219	55	1	0.05692529973531219	0.0	False	False	False	False	False	effect_preferred_both
26	64	512	direct_effect_ridge	additive	0.002809769036179322	0.004120072605733096	0.006929841641912417	55	10	0.006929841641912418	-8.673617379884035e-19	False	False	False	False	False	effect_preferred_both
26	64	512	direct_effect_ridge	compositional_ridge	0.0020185329712540047	0.004120072605733096	0.0061386055769871	55	18	0.0061386055769871006	-8.673617379884035e-19	False	False	False	False	False	effect_preferred_both
26	64	512	direct_effect_ridge	CPA_0.8.8	0.050849036209704684	0.004120072605733096	0.054969108815437775	55	1	0.05496910881543778	-6.938893903907228e-18	False	False	False	False	False	effect_preferred_both
26	128	1024	direct_effect_ridge	additive	0.0037959311299175414	0.0018499648794939492	0.005645896009411491	55	5	0.005645896009411491	0.0	False	False	False	False	False	effect_preferred_both
26	128	1024	direct_effect_ridge	compositional_ridge	0.0030046950649922238	0.0018499648794939492	0.004854659944486172	55	11	0.004854659944486173	-8.673617379884035e-19	False	False	False	False	False	effect_preferred_both
26	128	1024	direct_effect_ridge	CPA_0.8.8	0.05086706195390426	0.0018499648794939492	0.05271702683339821	55	1	0.05271702683339821	0.0	False	False	False	False	False	effect_preferred_both
26	135	1080	direct_effect_ridge	additive	0.0038407557189712215	0.001772181423131238	0.00561293714210246	55	5	0.005612937142102459	8.673617379884035e-19	False	False	False	False	False	effect_preferred_both
26	135	1080	direct_effect_ridge	compositional_ridge	0.0030495196540459043	0.001772181423131238	0.00482170107717714	55	11	0.004821701077177143	-2.6020852139652106e-18	False	False	False	False	False	effect_preferred_both
26	135	1080	direct_effect_ridge	CPA_0.8.8	0.05091808295215322	0.001772181423131238	0.05269026437528445	55	1	0.05269026437528446	-6.938893903907228e-18	False	False	False	False	False	effect_preferred_both
27	8	64	direct_effect_ridge	additive	-0.010833275756709736	0.030191235765787815	0.01935796000907808	55	44	0.01935796000907808	0.0	True	True	True	False	False	state_to_effect
27	8	64	direct_effect_ridge	compositional_ridge	-0.011624511821635054	0.030191235765787815	0.018566723944152756	55	40	0.018566723944152763	-6.938893903907228e-18	True	True	True	False	False	state_to_effect
27	8	64	direct_effect_ridge	CPA_0.8.8	0.03473432783054901	0.030191235765787815	0.06492556359633682	55	9	0.06492556359633682	0.0	False	False	False	False	False	effect_preferred_both
27	16	128	direct_effect_ridge	additive	-0.0031795653497508846	0.015867544193828832	0.012687978844077954	55	38	0.012687978844077947	6.938893903907228e-18	True	True	True	False	False	state_to_effect
27	16	128	direct_effect_ridge	compositional_ridge	-0.003970801414676202	0.015867544193828832	0.011896742779152635	55	33	0.01189674277915263	5.204170427930421e-18	True	True	True	False	False	state_to_effect
27	16	128	direct_effect_ridge	CPA_0.8.8	0.04331800709242599	0.015867544193828832	0.05918555128625483	55	4	0.05918555128625482	6.938893903907228e-18	False	False	False	False	False	effect_preferred_both
27	32	256	direct_effect_ridge	additive	0.0003365276626143613	0.008368477717679079	0.008705005380293441	55	23	0.00870500538029344	1.734723475976807e-18	False	False	False	False	False	effect_preferred_both
27	32	256	direct_effect_ridge	compositional_ridge	-0.0004547084023109558	0.008368477717679079	0.007913769315368122	55	25	0.007913769315368123	-1.734723475976807e-18	True	True	True	False	False	state_to_effect
27	32	256	direct_effect_ridge	CPA_0.8.8	0.04475272923531615	0.008368477717679079	0.05312120695299523	55	2	0.05312120695299523	0.0	False	False	False	False	False	effect_preferred_both
27	64	512	direct_effect_ridge	additive	0.0026746764251100318	0.0038764433049012885	0.006551119730011321	55	10	0.00655111973001132	8.673617379884035e-19	False	False	False	False	False	effect_preferred_both
27	64	512	direct_effect_ridge	compositional_ridge	0.0018834403601847142	0.0038764433049012885	0.005759883665086002	55	14	0.005759883665086002	0.0	False	False	False	False	False	effect_preferred_both
27	64	512	direct_effect_ridge	CPA_0.8.8	0.04886011628441475	0.0038764433049012885	0.05273655958931604	55	2	0.05273655958931604	0.0	False	False	False	False	False	effect_preferred_both
27	128	1024	direct_effect_ridge	additive	0.00379186326903127	0.0018397530008403232	0.005631616269871593	55	4	0.005631616269871593	0.0	False	False	False	False	False	effect_preferred_both
27	128	1024	direct_effect_ridge	compositional_ridge	0.0030006272041059527	0.0018397530008403232	0.004840380204946276	55	9	0.004840380204946276	0.0	False	False	False	False	False	effect_preferred_both
27	128	1024	direct_effect_ridge	CPA_0.8.8	0.05116976019470131	0.0018397530008403232	0.05300951319554163	55	1	0.05300951319554163	0.0	False	False	False	False	False	effect_preferred_both
27	135	1080	direct_effect_ridge	additive	0.003850541606935223	0.0017708231490019273	0.00562136475593715	55	4	0.00562136475593715	0.0	False	False	False	False	False	effect_preferred_both
27	135	1080	direct_effect_ridge	compositional_ridge	0.0030593055420099057	0.0017708231490019273	0.004830128691011833	55	10	0.004830128691011833	0.0	False	False	False	False	False	effect_preferred_both
27	135	1080	direct_effect_ridge	CPA_0.8.8	0.05112787705865465	0.0017708231490019273	0.05289870020765658	55	1	0.05289870020765658	0.0	False	False	False	False	False	effect_preferred_both
28	8	64	direct_effect_ridge	additive	-0.01027248331015499	0.0310135999112798	0.02074111660112482	55	45	0.020741116601124814	6.938893903907228e-18	True	True	True	False	False	state_to_effect
28	8	64	direct_effect_ridge	compositional_ridge	-0.011063719375080305	0.0310135999112798	0.0199498805361995	55	42	0.019949880536199498	3.469446951953614e-18	True	True	True	False	False	state_to_effect
28	8	64	direct_effect_ridge	CPA_0.8.8	0.04022439252930147	0.0310135999112798	0.07123799244058128	55	7	0.07123799244058127	1.3877787807814457e-17	False	False	False	False	False	effect_preferred_both
28	16	128	direct_effect_ridge	additive	-0.002748571566569821	0.015339563218249488	0.012590991651679671	55	38	0.012590991651679668	3.469446951953614e-18	True	True	True	False	False	state_to_effect
28	16	128	direct_effect_ridge	compositional_ridge	-0.0035398076314951377	0.015339563218249488	0.011799755586754352	55	33	0.01179975558675435	1.734723475976807e-18	True	True	True	False	False	state_to_effect
28	16	128	direct_effect_ridge	CPA_0.8.8	0.04849664838705754	0.015339563218249488	0.06383621160530704	55	3	0.06383621160530703	1.3877787807814457e-17	False	False	False	False	False	effect_preferred_both
28	32	256	direct_effect_ridge	additive	0.001114960442978792	0.007420722431435873	0.008535682874414667	55	17	0.008535682874414665	1.734723475976807e-18	False	False	False	False	False	effect_preferred_both
28	32	256	direct_effect_ridge	compositional_ridge	0.0003237243780534746	0.007420722431435873	0.007744446809489348	55	28	0.007744446809489348	0.0	False	False	False	False	False	effect_preferred_both
28	32	256	direct_effect_ridge	CPA_0.8.8	0.05224338184882726	0.007420722431435873	0.059664104280263135	55	1	0.05966410428026313	6.938893903907228e-18	False	False	False	False	False	effect_preferred_both
28	64	512	direct_effect_ridge	additive	0.003001179789561372	0.0036423752064902674	0.006643554996051639	55	11	0.00664355499605164	-8.673617379884035e-19	False	False	False	False	False	effect_preferred_both
28	64	512	direct_effect_ridge	compositional_ridge	0.002209943724636055	0.0036423752064902674	0.005852318931126321	55	18	0.005852318931126322	-1.734723475976807e-18	False	False	False	False	False	effect_preferred_both
28	64	512	direct_effect_ridge	CPA_0.8.8	0.05382981138197379	0.0036423752064902674	0.057472186588464064	55	1	0.05747218658846406	6.938893903907228e-18	False	False	False	False	False	effect_preferred_both
28	128	1024	direct_effect_ridge	additive	0.0038503194795528996	0.001882676634599399	0.005732996114152299	55	3	0.0057329961141522985	8.673617379884035e-19	False	False	False	False	False	effect_preferred_both
28	128	1024	direct_effect_ridge	compositional_ridge	0.0030590834146275825	0.001882676634599399	0.00494176004922698	55	11	0.004941760049226982	-1.734723475976807e-18	False	False	False	False	False	effect_preferred_both
28	128	1024	direct_effect_ridge	CPA_0.8.8	0.05237730163755795	0.001882676634599399	0.05425997827215735	55	1	0.05425997827215735	0.0	False	False	False	False	False	effect_preferred_both
28	135	1080	direct_effect_ridge	additive	0.0038794736467984876	0.0017778834289935408	0.005657357075792027	55	3	0.005657357075792029	-1.734723475976807e-18	False	False	False	False	False	effect_preferred_both
28	135	1080	direct_effect_ridge	compositional_ridge	0.0030882375818731705	0.0017778834289935408	0.00486612101086671	55	11	0.004866121010866711	-1.734723475976807e-18	False	False	False	False	False	effect_preferred_both
28	135	1080	direct_effect_ridge	CPA_0.8.8	0.051815184898116894	0.0017778834289935408	0.05359306832711042	55	1	0.05359306832711044	-1.3877787807814457e-17	False	False	False	False	False	effect_preferred_both
29	8	64	direct_effect_ridge	additive	-0.011370995070965232	0.03243598386128073	0.021064988790315497	55	46	0.021064988790315497	0.0	True	True	True	False	False	state_to_effect
29	8	64	direct_effect_ridge	compositional_ridge	-0.012162231135890548	0.03243598386128073	0.02027375272539018	55	41	0.02027375272539018	0.0	True	True	True	False	False	state_to_effect
29	8	64	direct_effect_ridge	CPA_0.8.8	0.0345863384708197	0.03243598386128073	0.06702232233210043	55	9	0.06702232233210043	0.0	False	False	False	False	False	effect_preferred_both
29	16	128	direct_effect_ridge	additive	-0.0031758344244331334	0.015633647387576315	0.012457812963143189	55	36	0.012457812963143182	6.938893903907228e-18	True	True	True	False	False	state_to_effect
29	16	128	direct_effect_ridge	compositional_ridge	-0.00396707048935845	0.015633647387576315	0.011666576898217871	55	33	0.011666576898217866	5.204170427930421e-18	True	True	True	False	False	state_to_effect
29	16	128	direct_effect_ridge	CPA_0.8.8	0.044095655358340785	0.015633647387576315	0.059729302745917104	55	3	0.059729302745917104	0.0	False	False	False	False	False	effect_preferred_both
29	32	256	direct_effect_ridge	additive	0.0010460379961912151	0.007577017325111409	0.008623055321302626	55	18	0.008623055321302624	1.734723475976807e-18	False	False	False	False	False	effect_preferred_both
29	32	256	direct_effect_ridge	compositional_ridge	0.00025480193126589803	0.007577017325111409	0.007831819256377309	55	27	0.007831819256377307	1.734723475976807e-18	False	False	False	False	False	effect_preferred_both
29	32	256	direct_effect_ridge	CPA_0.8.8	0.049737478129638385	0.007577017325111409	0.0573144954547498	55	1	0.05731449545474979	6.938893903907228e-18	False	False	False	False	False	effect_preferred_both
29	64	512	direct_effect_ridge	additive	0.002844186716303877	0.00373067398266516	0.006574860698969038	55	10	0.006574860698969037	8.673617379884035e-19	False	False	False	False	False	effect_preferred_both
29	64	512	direct_effect_ridge	compositional_ridge	0.0020529506513785605	0.00373067398266516	0.00578362463404372	55	14	0.0057836246340437205	-8.673617379884035e-19	False	False	False	False	False	effect_preferred_both
29	64	512	direct_effect_ridge	CPA_0.8.8	0.04947013677677229	0.00373067398266516	0.053200810759437445	55	1	0.05320081075943745	-6.938893903907228e-18	False	False	False	False	False	effect_preferred_both
29	128	1024	direct_effect_ridge	additive	0.00380216414879266	0.001925658895812063	0.0057278230446047235	55	4	0.005727823044604723	8.673617379884035e-19	False	False	False	False	False	effect_preferred_both
29	128	1024	direct_effect_ridge	compositional_ridge	0.003010928083867343	0.001925658895812063	0.004936586979679405	55	11	0.004936586979679406	-8.673617379884035e-19	False	False	False	False	False	effect_preferred_both
29	128	1024	direct_effect_ridge	CPA_0.8.8	0.051580377786265716	0.001925658895812063	0.053506036682077776	55	1	0.053506036682077776	0.0	False	False	False	False	False	effect_preferred_both
29	135	1080	direct_effect_ridge	additive	0.0038395151300304156	0.001828962695471561	0.0056684778255019766	55	4	0.0056684778255019766	0.0	False	False	False	False	False	effect_preferred_both
29	135	1080	direct_effect_ridge	compositional_ridge	0.0030482790651050985	0.001828962695471561	0.004877241760576659	55	11	0.00487724176057666	-8.673617379884035e-19	False	False	False	False	False	effect_preferred_both
29	135	1080	direct_effect_ridge	CPA_0.8.8	0.0514190074883993	0.001828962695471561	0.05324797018387086	55	1	0.05324797018387086	0.0	False	False	False	False	False	effect_preferred_both
