condition	depth_per_gemgroup	cells_per_role	effect_model	state_model	d_S	V	d_D	n_allocations	crossing_unit_count	d_D_predicted	identity_residual	condition_strict_raw	expected_crossing	observed_crossing	S_tie	D_tie	classification
BAK1+KLF1	8	64	direct_effect_ridge	additive	-0.016457548381827284	0.030771096581544737	0.014313548199717457	30	30	0.014313548199717453	3.469446951953614e-18	True	True	True	False	False	state_to_effect
BAK1+KLF1	8	64	direct_effect_ridge	compositional_ridge	-0.016244858423504937	0.030771096581544737	0.014526238158039807	30	30	0.0145262381580398	6.938893903907228e-18	True	True	True	False	False	state_to_effect
BAK1+KLF1	8	64	direct_effect_ridge	CPA_0.8.8	0.00023494432588937856	0.030771096581544737	0.03100604090743412	30	13	0.031006040907434116	3.469446951953614e-18	False	False	False	False	False	effect_preferred_both
BAK1+KLF1	16	128	direct_effect_ridge	additive	-0.008825313332117004	0.015340822696117635	0.006515509364000634	30	30	0.006515509364000631	3.469446951953614e-18	True	True	True	False	False	state_to_effect
BAK1+KLF1	16	128	direct_effect_ridge	compositional_ridge	-0.008612623373794655	0.015340822696117635	0.006728199322322983	30	30	0.00672819932232298	3.469446951953614e-18	True	True	True	False	False	state_to_effect
BAK1+KLF1	16	128	direct_effect_ridge	CPA_0.8.8	0.006832012716667179	0.015340822696117635	0.022172835412784815	30	0	0.022172835412784815	0.0	False	False	False	False	False	effect_preferred_both
BAK1+KLF1	32	256	direct_effect_ridge	additive	-0.00497835253009026	0.0077340105629845465	0.002755658032894287	30	30	0.0027556580328942865	4.336808689942018e-19	True	True	True	False	False	state_to_effect
BAK1+KLF1	32	256	direct_effect_ridge	compositional_ridge	-0.004765662571767914	0.0077340105629845465	0.0029683479912166353	30	30	0.0029683479912166327	2.6020852139652106e-18	True	True	True	False	False	state_to_effect
BAK1+KLF1	32	256	direct_effect_ridge	CPA_0.8.8	0.010570764771633167	0.0077340105629845465	0.018304775334617718	30	0	0.018304775334617714	3.469446951953614e-18	False	False	False	False	False	effect_preferred_both
BAK1+KLF1	64	512	direct_effect_ridge	additive	-0.003004118369628354	0.0038389955844027146	0.0008348772147743615	30	30	0.0008348772147743606	9.75781955236954e-19	True	True	True	False	False	state_to_effect
BAK1+KLF1	64	512	direct_effect_ridge	compositional_ridge	-0.002791428411306007	0.0038389955844027146	0.0010475671730967103	30	30	0.0010475671730967077	2.6020852139652106e-18	True	True	True	False	False	state_to_effect
BAK1+KLF1	64	512	direct_effect_ridge	CPA_0.8.8	0.012482718798018353	0.0038389955844027146	0.016321714382421068	30	0	0.016321714382421068	0.0	False	False	False	False	False	effect_preferred_both
BAK1+KLF1	128	1024	direct_effect_ridge	additive	-0.0020631279882962076	0.0019173976591933101	-0.00014573032910289771	30	1	-0.00014573032910289744	-2.710505431213761e-19	False	False	False	False	False	state_preferred_both
BAK1+KLF1	128	1024	direct_effect_ridge	compositional_ridge	-0.0018504380299738605	0.0019173976591933101	6.695962921945109e-05	30	24	6.695962921944966e-05	1.4230153513872246e-18	True	True	True	False	False	state_to_effect
BAK1+KLF1	128	1024	direct_effect_ridge	CPA_0.8.8	0.013295093389424615	0.0019173976591933101	0.015212491048617926	30	0	0.015212491048617926	0.0	False	False	False	False	False	effect_preferred_both
BAK1+KLF1	135	1080	direct_effect_ridge	additive	-0.002014381476357722	0.0018214947222395463	-0.00019288675411817537	30	0	-0.00019288675411817564	2.710505431213761e-19	False	False	False	False	False	state_preferred_both
BAK1+KLF1	135	1080	direct_effect_ridge	compositional_ridge	-0.0018016915180353748	0.0018214947222395463	1.9803204204173343e-05	30	18	1.9803204204171462e-05	1.8804131429045468e-18	True	True	True	False	False	state_to_effect
BAK1+KLF1	135	1080	direct_effect_ridge	CPA_0.8.8	0.013382770962349364	0.0018214947222395463	0.015204265684588911	30	0	0.01520426568458891	1.734723475976807e-18	False	False	False	False	False	effect_preferred_both
BAK1+TMSB4X	8	64	direct_effect_ridge	additive	-0.015914637918908826	0.030771096581544737	0.014856458662635918	30	30	0.014856458662635911	6.938893903907228e-18	True	True	True	False	False	state_to_effect
BAK1+TMSB4X	8	64	direct_effect_ridge	compositional_ridge	-0.01567087044515394	0.030771096581544737	0.0151002261363908	30	30	0.015100226136390796	3.469446951953614e-18	True	True	True	False	False	state_to_effect
BAK1+TMSB4X	8	64	direct_effect_ridge	CPA_0.8.8	-0.008406830079663134	0.030771096581544737	0.02236426650188161	30	30	0.022364266501881603	6.938893903907228e-18	True	True	True	False	False	state_to_effect
BAK1+TMSB4X	16	128	direct_effect_ridge	additive	-0.008287022084746899	0.015340822696117635	0.0070538006113707395	30	30	0.007053800611370736	3.469446951953614e-18	True	True	True	False	False	state_to_effect
BAK1+TMSB4X	16	128	direct_effect_ridge	compositional_ridge	-0.008043254610992015	0.015340822696117635	0.007297568085125621	30	30	0.007297568085125619	1.734723475976807e-18	True	True	True	False	False	state_to_effect
BAK1+TMSB4X	16	128	direct_effect_ridge	CPA_0.8.8	-0.0016273203595644245	0.015340822696117635	0.013713502336553213	30	30	0.01371350233655321	3.469446951953614e-18	True	True	True	False	False	state_to_effect
BAK1+TMSB4X	32	256	direct_effect_ridge	additive	-0.004392577915819534	0.0077340105629845465	0.0033414326471650135	30	30	0.0033414326471650126	8.673617379884035e-19	True	True	True	False	False	state_to_effect
BAK1+TMSB4X	32	256	direct_effect_ridge	compositional_ridge	-0.004148810442064651	0.0077340105629845465	0.0035852001209198954	30	30	0.003585200120919896	-4.336808689942018e-19	True	True	True	False	False	state_to_effect
BAK1+TMSB4X	32	256	direct_effect_ridge	CPA_0.8.8	0.0017050746883527544	0.0077340105629845465	0.009439085251337302	30	0	0.009439085251337302	0.0	False	False	False	False	False	effect_preferred_both
BAK1+TMSB4X	64	512	direct_effect_ridge	additive	-0.0024216110845355935	0.0038389955844027146	0.0014173844998671215	30	30	0.001417384499867121	4.336808689942018e-19	True	True	True	False	False	state_to_effect
BAK1+TMSB4X	64	512	direct_effect_ridge	compositional_ridge	-0.0021778436107807112	0.0038389955844027146	0.0016611519736220036	30	30	0.0016611519736220034	2.168404344971009e-19	True	True	True	False	False	state_to_effect
BAK1+TMSB4X	64	512	direct_effect_ridge	CPA_0.8.8	0.0035501495767826245	0.0038389955844027146	0.00738914516118534	30	0	0.007389145161185339	8.673617379884035e-19	False	False	False	False	False	effect_preferred_both
BAK1+TMSB4X	128	1024	direct_effect_ridge	additive	-0.0014670272229900605	0.0019173976591933101	0.00045037043620325	30	30	0.0004503704362032496	4.336808689942018e-19	True	True	True	False	False	state_to_effect
BAK1+TMSB4X	128	1024	direct_effect_ridge	compositional_ridge	-0.0012232597492351782	0.0019173976591933101	0.0006941379099581322	30	30	0.0006941379099581319	3.2526065174565133e-19	True	True	True	False	False	state_to_effect
BAK1+TMSB4X	128	1024	direct_effect_ridge	CPA_0.8.8	0.0044737088718597336	0.0019173976591933101	0.006391106531053044	30	0	0.006391106531053044	0.0	False	False	False	False	False	effect_preferred_both
BAK1+TMSB4X	135	1080	direct_effect_ridge	additive	-0.0014058439593446993	0.0018214947222395463	0.00041565076289484744	30	30	0.00041565076289484695	4.87890977618477e-19	True	True	True	False	False	state_to_effect
BAK1+TMSB4X	135	1080	direct_effect_ridge	compositional_ridge	-0.001162076485589817	0.0018214947222395463	0.0006594182366497288	30	30	0.0006594182366497293	-4.336808689942018e-19	True	True	True	False	False	state_to_effect
BAK1+TMSB4X	135	1080	direct_effect_ridge	CPA_0.8.8	0.004519395306202584	0.0018214947222395463	0.00634089002844213	30	0	0.006340890028442131	-8.673617379884035e-19	False	False	False	False	False	effect_preferred_both
BPGM+ZBTB1	8	64	direct_effect_ridge	additive	-0.008404344132730467	0.030771096581544737	0.022366752448814278	30	30	0.02236675244881427	6.938893903907228e-18	True	True	True	False	False	state_to_effect
BPGM+ZBTB1	8	64	direct_effect_ridge	compositional_ridge	-0.0158298309835852	0.030771096581544737	0.014941265597959545	30	30	0.014941265597959538	6.938893903907228e-18	True	True	True	False	False	state_to_effect
BPGM+ZBTB1	8	64	direct_effect_ridge	CPA_0.8.8	0.015413680782329357	0.030771096581544737	0.046184777363874094	30	0	0.046184777363874094	0.0	False	False	False	False	False	effect_preferred_both
BPGM+ZBTB1	16	128	direct_effect_ridge	additive	-0.0006286912980409487	0.015340822696117635	0.014712131398076691	30	25	0.014712131398076686	5.204170427930421e-18	True	True	True	False	False	state_to_effect
BPGM+ZBTB1	16	128	direct_effect_ridge	compositional_ridge	-0.008054178148895683	0.015340822696117635	0.007286644547221956	30	30	0.007286644547221952	4.336808689942018e-18	True	True	True	False	False	state_to_effect
BPGM+ZBTB1	16	128	direct_effect_ridge	CPA_0.8.8	0.02239618385796275	0.015340822696117635	0.03773700655408039	30	0	0.03773700655408038	6.938893903907228e-18	False	False	False	False	False	effect_preferred_both
BPGM+ZBTB1	32	256	direct_effect_ridge	additive	0.0029220781276179117	0.0077340105629845465	0.010656088690602462	30	0	0.010656088690602458	3.469446951953614e-18	False	False	False	False	False	effect_preferred_both
BPGM+ZBTB1	32	256	direct_effect_ridge	compositional_ridge	-0.004503408723236822	0.0077340105629845465	0.0032306018397477263	30	30	0.003230601839747724	2.168404344971009e-18	True	True	True	False	False	state_to_effect
BPGM+ZBTB1	32	256	direct_effect_ridge	CPA_0.8.8	0.025168889573521248	0.0077340105629845465	0.0329029001365058	30	0	0.03290290013650579	6.938893903907228e-18	False	False	False	False	False	effect_preferred_both
BPGM+ZBTB1	64	512	direct_effect_ridge	additive	0.004768375357499019	0.0038389955844027146	0.008607370941901735	30	0	0.008607370941901733	1.734723475976807e-18	False	False	False	False	False	effect_preferred_both
BPGM+ZBTB1	64	512	direct_effect_ridge	compositional_ridge	-0.0026571114933557154	0.0038389955844027146	0.0011818840910470007	30	30	0.0011818840910469992	1.5178830414797062e-18	True	True	True	False	False	state_to_effect
BPGM+ZBTB1	64	512	direct_effect_ridge	CPA_0.8.8	0.026682579663270305	0.0038389955844027146	0.03052157524767302	30	0	0.03052157524767302	0.0	False	False	False	False	False	effect_preferred_both
BPGM+ZBTB1	128	1024	direct_effect_ridge	additive	0.005757855974273745	0.0019173976591933101	0.007675253633467057	30	0	0.007675253633467055	2.6020852139652106e-18	False	False	False	False	False	effect_preferred_both
BPGM+ZBTB1	128	1024	direct_effect_ridge	compositional_ridge	-0.0016676308765809895	0.0019173976591933101	0.0002497667826123219	30	29	0.00024976678261232066	1.2468324983583301e-18	True	True	True	False	False	state_to_effect
BPGM+ZBTB1	128	1024	direct_effect_ridge	CPA_0.8.8	0.027629390585421815	0.0019173976591933101	0.029546788244615128	30	0	0.029546788244615124	3.469446951953614e-18	False	False	False	False	False	effect_preferred_both
BPGM+ZBTB1	135	1080	direct_effect_ridge	additive	0.0057982862572616475	0.0018214947222395463	0.007619780979501194	30	0	0.007619780979501193	8.673617379884035e-19	False	False	False	False	False	effect_preferred_both
BPGM+ZBTB1	135	1080	direct_effect_ridge	compositional_ridge	-0.0016272005935930867	0.0018214947222395463	0.0001942941286464605	30	29	0.0001942941286464596	8.944667923005412e-19	True	True	True	False	False	state_to_effect
BPGM+ZBTB1	135	1080	direct_effect_ridge	CPA_0.8.8	0.02761236351559328	0.0018214947222395463	0.029433858237832827	30	0	0.029433858237832827	0.0	False	False	False	False	False	effect_preferred_both
CBFA2T3+FEV	8	64	direct_effect_ridge	additive	0.01095073019939172	0.030771096581544737	0.04172182678093646	30	0	0.04172182678093646	0.0	False	False	False	False	False	effect_preferred_both
CBFA2T3+FEV	8	64	direct_effect_ridge	compositional_ridge	0.010414221420650812	0.030771096581544737	0.041185318002195555	30	0	0.04118531800219555	6.938893903907228e-18	False	False	False	False	False	effect_preferred_both
CBFA2T3+FEV	8	64	direct_effect_ridge	CPA_0.8.8	0.1001266815407512	0.030771096581544737	0.13089777812229594	30	0	0.13089777812229594	0.0	False	False	False	False	False	effect_preferred_both
CBFA2T3+FEV	16	128	direct_effect_ridge	additive	0.01854062291092871	0.015340822696117635	0.03388144560704634	30	0	0.03388144560704635	-6.938893903907228e-18	False	False	False	False	False	effect_preferred_both
CBFA2T3+FEV	16	128	direct_effect_ridge	compositional_ridge	0.018004114132187797	0.015340822696117635	0.03334493682830544	30	0	0.03334493682830543	6.938893903907228e-18	False	False	False	False	False	effect_preferred_both
CBFA2T3+FEV	16	128	direct_effect_ridge	CPA_0.8.8	0.10714847229885789	0.015340822696117635	0.12248929499497554	30	0	0.12248929499497553	1.3877787807814457e-17	False	False	False	False	False	effect_preferred_both
CBFA2T3+FEV	32	256	direct_effect_ridge	additive	0.02244317405124254	0.0077340105629845465	0.030177184614227085	30	0	0.03017718461422709	-3.469446951953614e-18	False	False	False	False	False	effect_preferred_both
CBFA2T3+FEV	32	256	direct_effect_ridge	compositional_ridge	0.02190666527250163	0.0077340105629845465	0.029640675835486175	30	0	0.02964067583548618	-3.469446951953614e-18	False	False	False	False	False	effect_preferred_both
CBFA2T3+FEV	32	256	direct_effect_ridge	CPA_0.8.8	0.11010505598820343	0.0077340105629845465	0.11783906655118796	30	0	0.11783906655118798	-1.3877787807814457e-17	False	False	False	False	False	effect_preferred_both
CBFA2T3+FEV	64	512	direct_effect_ridge	additive	0.024535296158654792	0.0038389955844027146	0.028374291743057497	30	0	0.028374291743057507	-1.0408340855860843e-17	False	False	False	False	False	effect_preferred_both
CBFA2T3+FEV	64	512	direct_effect_ridge	compositional_ridge	0.023998787379913882	0.0038389955844027146	0.027837782964316594	30	0	0.027837782964316597	-3.469446951953614e-18	False	False	False	False	False	effect_preferred_both
CBFA2T3+FEV	64	512	direct_effect_ridge	CPA_0.8.8	0.11183672252227102	0.0038389955844027146	0.11567571810667372	30	0	0.11567571810667374	-1.3877787807814457e-17	False	False	False	False	False	effect_preferred_both
CBFA2T3+FEV	128	1024	direct_effect_ridge	additive	0.02548070937014841	0.0019173976591933101	0.02739810702934171	30	0	0.027398107029341718	-6.938893903907228e-18	False	False	False	False	False	effect_preferred_both
CBFA2T3+FEV	128	1024	direct_effect_ridge	compositional_ridge	0.0249442005914075	0.0019173976591933101	0.026861598250600804	30	0	0.026861598250600808	-3.469446951953614e-18	False	False	False	False	False	effect_preferred_both
CBFA2T3+FEV	128	1024	direct_effect_ridge	CPA_0.8.8	0.1128388615444422	0.0019173976591933101	0.11475625920363551	30	0	0.11475625920363551	0.0	False	False	False	False	False	effect_preferred_both
CBFA2T3+FEV	135	1080	direct_effect_ridge	additive	0.025569256559284232	0.0018214947222395463	0.027390751281523774	30	0	0.027390751281523778	-3.469446951953614e-18	False	False	False	False	False	effect_preferred_both
CBFA2T3+FEV	135	1080	direct_effect_ridge	compositional_ridge	0.025032747780543325	0.0018214947222395463	0.026854242502782868	30	0	0.02685424250278287	-3.469446951953614e-18	False	False	False	False	False	effect_preferred_both
CBFA2T3+FEV	135	1080	direct_effect_ridge	CPA_0.8.8	0.11278165059285708	0.0018214947222395463	0.11460314531509662	30	0	0.11460314531509663	-1.3877787807814457e-17	False	False	False	False	False	effect_preferred_both
CBFA2T3+POU3F2	8	64	direct_effect_ridge	additive	-0.016524173849179088	0.030771096581544737	0.014246922732365656	30	30	0.01424692273236565	6.938893903907228e-18	True	True	True	False	False	state_to_effect
CBFA2T3+POU3F2	8	64	direct_effect_ridge	compositional_ridge	0.0038834711442911063	0.030771096581544737	0.03465456772583585	30	0	0.03465456772583585	0.0	False	False	False	False	False	effect_preferred_both
CBFA2T3+POU3F2	8	64	direct_effect_ridge	CPA_0.8.8	0.033305402538492526	0.030771096581544737	0.06407649912003727	30	0	0.06407649912003727	0.0	False	False	False	False	False	effect_preferred_both
CBFA2T3+POU3F2	16	128	direct_effect_ridge	additive	-0.008890368391546074	0.015340822696117635	0.006450454304571566	30	30	0.00645045430457156	6.071532165918825e-18	True	True	True	False	False	state_to_effect
CBFA2T3+POU3F2	16	128	direct_effect_ridge	compositional_ridge	0.01151727660192412	0.015340822696117635	0.02685809929804176	30	0	0.026858099298041754	6.938893903907228e-18	False	False	False	False	False	effect_preferred_both
CBFA2T3+POU3F2	16	128	direct_effect_ridge	CPA_0.8.8	0.04050629075067245	0.015340822696117635	0.05584711344679008	30	0	0.05584711344679008	0.0	False	False	False	False	False	effect_preferred_both
CBFA2T3+POU3F2	32	256	direct_effect_ridge	additive	-0.005186780017541481	0.0077340105629845465	0.002547230545443068	30	30	0.002547230545443066	2.168404344971009e-18	True	True	True	False	False	state_to_effect
CBFA2T3+POU3F2	32	256	direct_effect_ridge	compositional_ridge	0.015220864975928715	0.0077340105629845465	0.022954875538913257	30	0	0.02295487553891326	-3.469446951953614e-18	False	False	False	False	False	effect_preferred_both
CBFA2T3+POU3F2	32	256	direct_effect_ridge	CPA_0.8.8	0.0432229372046453	0.0077340105629845465	0.05095694776762984	30	0	0.050956947767629844	-6.938893903907228e-18	False	False	False	False	False	effect_preferred_both
CBFA2T3+POU3F2	64	512	direct_effect_ridge	additive	-0.003225028331474209	0.0038389955844027146	0.0006139672529285081	30	28	0.0006139672529285054	2.710505431213761e-18	True	True	True	False	False	state_to_effect
CBFA2T3+POU3F2	64	512	direct_effect_ridge	compositional_ridge	0.017182616661995987	0.0038389955844027146	0.0210216122463987	30	0	0.021021612246398702	-3.469446951953614e-18	False	False	False	False	False	effect_preferred_both
CBFA2T3+POU3F2	64	512	direct_effect_ridge	CPA_0.8.8	0.04489242874633584	0.0038389955844027146	0.04873142433073856	30	0	0.04873142433073855	6.938893903907228e-18	False	False	False	False	False	effect_preferred_both
CBFA2T3+POU3F2	128	1024	direct_effect_ridge	additive	-0.002243825871366176	0.0019173976591933101	-0.00032642821217286416	30	0	-0.0003264282121728658	1.6263032587282567e-18	False	False	False	False	False	state_preferred_both
CBFA2T3+POU3F2	128	1024	direct_effect_ridge	compositional_ridge	0.01816381912210402	0.0019173976591933101	0.020081216781297328	30	0	0.020081216781297328	0.0	False	False	False	False	False	effect_preferred_both
CBFA2T3+POU3F2	128	1024	direct_effect_ridge	CPA_0.8.8	0.045911678909154076	0.0019173976591933101	0.04782907656834738	30	0	0.04782907656834739	-6.938893903907228e-18	False	False	False	False	False	effect_preferred_both
CBFA2T3+POU3F2	135	1080	direct_effect_ridge	additive	-0.002173724870991579	0.0018214947222395463	-0.00035223014875203037	30	0	-0.00035223014875203264	2.2768245622195593e-18	False	False	False	False	False	state_preferred_both
CBFA2T3+POU3F2	135	1080	direct_effect_ridge	compositional_ridge	0.018233920122478615	0.0018214947222395463	0.020055414844718164	30	0	0.02005541484471816	3.469446951953614e-18	False	False	False	False	False	effect_preferred_both
CBFA2T3+POU3F2	135	1080	direct_effect_ridge	CPA_0.8.8	0.04587063198175179	0.0018214947222395463	0.047692126703991346	30	0	0.04769212670399134	6.938893903907228e-18	False	False	False	False	False	effect_preferred_both
CBL+CNN1	8	64	direct_effect_ridge	additive	-0.0025184231844310265	0.030771096581544737	0.028252673397113712	30	30	0.02825267339711371	3.469446951953614e-18	True	True	True	False	False	state_to_effect
CBL+CNN1	8	64	direct_effect_ridge	compositional_ridge	0.005922350774512798	0.030771096581544737	0.03669344735605754	30	0	0.036693447356057535	6.938893903907228e-18	False	False	False	False	False	effect_preferred_both
CBL+CNN1	8	64	direct_effect_ridge	CPA_0.8.8	0.08701299998356912	0.030771096581544737	0.11778409656511386	30	0	0.11778409656511386	0.0	False	False	False	False	False	effect_preferred_both
CBL+CNN1	16	128	direct_effect_ridge	additive	0.005127660608511113	0.015340822696117635	0.020468483304628745	30	0	0.02046848330462875	-3.469446951953614e-18	False	False	False	False	False	effect_preferred_both
CBL+CNN1	16	128	direct_effect_ridge	compositional_ridge	0.013568434567454938	0.015340822696117635	0.028909257263572578	30	0	0.028909257263572574	3.469446951953614e-18	False	False	False	False	False	effect_preferred_both
CBL+CNN1	16	128	direct_effect_ridge	CPA_0.8.8	0.09406907510436362	0.015340822696117635	0.10940989780048126	30	0	0.10940989780048126	0.0	False	False	False	False	False	effect_preferred_both
CBL+CNN1	32	256	direct_effect_ridge	additive	0.008998154871800166	0.0077340105629845465	0.016732165434784712	30	0	0.016732165434784712	0.0	False	False	False	False	False	effect_preferred_both
CBL+CNN1	32	256	direct_effect_ridge	compositional_ridge	0.017438928830743994	0.0077340105629845465	0.025172939393728545	30	0	0.02517293939372854	3.469446951953614e-18	False	False	False	False	False	effect_preferred_both
CBL+CNN1	32	256	direct_effect_ridge	CPA_0.8.8	0.09660524828740637	0.0077340105629845465	0.10433925885039091	30	0	0.10433925885039091	0.0	False	False	False	False	False	effect_preferred_both
CBL+CNN1	64	512	direct_effect_ridge	additive	0.010979799327123143	0.0038389955844027146	0.014818794911525853	30	0	0.014818794911525858	-5.204170427930421e-18	False	False	False	False	False	effect_preferred_both
CBL+CNN1	64	512	direct_effect_ridge	compositional_ridge	0.019420573286066965	0.0038389955844027146	0.023259568870469687	30	0	0.02325956887046968	6.938893903907228e-18	False	False	False	False	False	effect_preferred_both
CBL+CNN1	64	512	direct_effect_ridge	CPA_0.8.8	0.0980289683154178	0.0038389955844027146	0.1018679638998205	30	0	0.10186796389982052	-1.3877787807814457e-17	False	False	False	False	False	effect_preferred_both
CBL+CNN1	128	1024	direct_effect_ridge	additive	0.011915150937969379	0.0019173976591933101	0.013832548597162684	30	0	0.01383254859716269	-5.204170427930421e-18	False	False	False	False	False	effect_preferred_both
CBL+CNN1	128	1024	direct_effect_ridge	compositional_ridge	0.020355924896913204	0.0019173976591933101	0.02227332255610652	30	0	0.022273322556106513	6.938893903907228e-18	False	False	False	False	False	effect_preferred_both
CBL+CNN1	128	1024	direct_effect_ridge	CPA_0.8.8	0.09900843617312306	0.0019173976591933101	0.10092583383231638	30	0	0.10092583383231638	0.0	False	False	False	False	False	effect_preferred_both
CBL+CNN1	135	1080	direct_effect_ridge	additive	0.012007737438268112	0.0018214947222395463	0.013829232160507654	30	0	0.013829232160507658	-3.469446951953614e-18	False	False	False	False	False	effect_preferred_both
CBL+CNN1	135	1080	direct_effect_ridge	compositional_ridge	0.02044851139721194	0.0018214947222395463	0.02227000611945149	30	0	0.022270006119451485	3.469446951953614e-18	False	False	False	False	False	effect_preferred_both
CBL+CNN1	135	1080	direct_effect_ridge	CPA_0.8.8	0.09898598061837535	0.0018214947222395463	0.10080747534061492	30	0	0.1008074753406149	1.3877787807814457e-17	False	False	False	False	False	effect_preferred_both
CBL+PTPN12	8	64	direct_effect_ridge	additive	-0.008943839486327114	0.030771096581544737	0.02182725709521763	30	30	0.02182725709521762	1.0408340855860843e-17	True	True	True	False	False	state_to_effect
CBL+PTPN12	8	64	direct_effect_ridge	compositional_ridge	-0.013226283124799999	0.030771096581544737	0.017544813456744742	30	30	0.01754481345674474	3.469446951953614e-18	True	True	True	False	False	state_to_effect
CBL+PTPN12	8	64	direct_effect_ridge	CPA_0.8.8	0.036874931606565874	0.030771096581544737	0.06764602818811062	30	0	0.06764602818811061	1.3877787807814457e-17	False	False	False	False	False	effect_preferred_both
CBL+PTPN12	16	128	direct_effect_ridge	additive	-0.0011258673887796075	0.015340822696117635	0.014214955307338033	30	30	0.014214955307338028	5.204170427930421e-18	True	True	True	False	False	state_to_effect
CBL+PTPN12	16	128	direct_effect_ridge	compositional_ridge	-0.005408311027252492	0.015340822696117635	0.009932511668865144	30	30	0.009932511668865142	1.734723475976807e-18	True	True	True	False	False	state_to_effect
CBL+PTPN12	16	128	direct_effect_ridge	CPA_0.8.8	0.04400196438111894	0.015340822696117635	0.05934278707723658	30	0	0.05934278707723657	6.938893903907228e-18	False	False	False	False	False	effect_preferred_both
CBL+PTPN12	32	256	direct_effect_ridge	additive	0.002587597996000828	0.0077340105629845465	0.010321608558985377	30	0	0.010321608558985375	1.734723475976807e-18	False	False	False	False	False	effect_preferred_both
CBL+PTPN12	32	256	direct_effect_ridge	compositional_ridge	-0.0016948456424720564	0.0077340105629845465	0.006039164920512488	30	30	0.0060391649205124905	-2.6020852139652106e-18	True	True	True	False	False	state_to_effect
CBL+PTPN12	32	256	direct_effect_ridge	CPA_0.8.8	0.046661802918536145	0.0077340105629845465	0.05439581348152069	30	0	0.05439581348152069	0.0	False	False	False	False	False	effect_preferred_both
CBL+PTPN12	64	512	direct_effect_ridge	additive	0.004515403057330256	0.0038389955844027146	0.008354398641732973	30	0	0.008354398641732971	1.734723475976807e-18	False	False	False	False	False	effect_preferred_both
CBL+PTPN12	64	512	direct_effect_ridge	compositional_ridge	0.0002329594188573723	0.0038389955844027146	0.004071955003260084	30	1	0.004071955003260087	-2.6020852139652106e-18	False	False	False	False	False	effect_preferred_both
CBL+PTPN12	64	512	direct_effect_ridge	CPA_0.8.8	0.04813889933406357	0.0038389955844027146	0.051977894918466286	30	0	0.05197789491846628	6.938893903907228e-18	False	False	False	False	False	effect_preferred_both
CBL+PTPN12	128	1024	direct_effect_ridge	additive	0.00549602913267751	0.0019173976591933101	0.007413426791870823	30	0	0.00741342679187082	3.469446951953614e-18	False	False	False	False	False	effect_preferred_both
CBL+PTPN12	128	1024	direct_effect_ridge	compositional_ridge	0.0012135854942046257	0.0019173976591933101	0.003130983153397933	30	0	0.003130983153397936	-2.6020852139652106e-18	False	False	False	False	False	effect_preferred_both
CBL+PTPN12	128	1024	direct_effect_ridge	CPA_0.8.8	0.049118355715937305	0.0019173976591933101	0.05103575337513062	30	0	0.05103575337513062	0.0	False	False	False	False	False	effect_preferred_both
CBL+PTPN12	135	1080	direct_effect_ridge	additive	0.005540157844247321	0.0018214947222395463	0.007361652566486869	30	0	0.007361652566486868	1.734723475976807e-18	False	False	False	False	False	effect_preferred_both
CBL+PTPN12	135	1080	direct_effect_ridge	compositional_ridge	0.0012577142057744366	0.0018214947222395463	0.0030792089280139807	30	0	0.003079208928013983	-2.168404344971009e-18	False	False	False	False	False	effect_preferred_both
CBL+PTPN12	135	1080	direct_effect_ridge	CPA_0.8.8	0.04909656161675379	0.0018214947222395463	0.05091805633899334	30	0	0.05091805633899334	0.0	False	False	False	False	False	effect_preferred_both
CBL+PTPN9	8	64	direct_effect_ridge	additive	-0.008794807301610925	0.030771096581544737	0.02197628927993382	30	30	0.021976289279933812	6.938893903907228e-18	True	True	True	False	False	state_to_effect
CBL+PTPN9	8	64	direct_effect_ridge	compositional_ridge	-0.008516329161929292	0.030771096581544737	0.022254767419615448	30	30	0.022254767419615445	3.469446951953614e-18	True	True	True	False	False	state_to_effect
CBL+PTPN9	8	64	direct_effect_ridge	CPA_0.8.8	0.05161234214314651	0.030771096581544737	0.08238343872469125	30	0	0.08238343872469124	1.3877787807814457e-17	False	False	False	False	False	effect_preferred_both
CBL+PTPN9	16	128	direct_effect_ridge	additive	-0.0010920074428039702	0.015340822696117635	0.01424881525331367	30	30	0.014248815253313665	5.204170427930421e-18	True	True	True	False	False	state_to_effect
CBL+PTPN9	16	128	direct_effect_ridge	compositional_ridge	-0.0008135293031223374	0.015340822696117635	0.0145272933929953	30	30	0.014527293392995298	1.734723475976807e-18	True	True	True	False	False	state_to_effect
CBL+PTPN9	16	128	direct_effect_ridge	CPA_0.8.8	0.05868078832539718	0.015340822696117635	0.07402161102151482	30	0	0.07402161102151482	0.0	False	False	False	False	False	effect_preferred_both
CBL+PTPN9	32	256	direct_effect_ridge	additive	0.0027483075955978035	0.0077340105629845465	0.010482318158582353	30	0	0.01048231815858235	3.469446951953614e-18	False	False	False	False	False	effect_preferred_both
CBL+PTPN9	32	256	direct_effect_ridge	compositional_ridge	0.003026785735279436	0.0077340105629845465	0.010760796298263983	30	0	0.010760796298263983	0.0	False	False	False	False	False	effect_preferred_both
CBL+PTPN9	32	256	direct_effect_ridge	CPA_0.8.8	0.06120867398955189	0.0077340105629845465	0.06894268455253645	30	0	0.06894268455253644	1.3877787807814457e-17	False	False	False	False	False	effect_preferred_both
CBL+PTPN9	64	512	direct_effect_ridge	additive	0.004652187212465864	0.0038389955844027146	0.008491182796868581	30	0	0.008491182796868578	3.469446951953614e-18	False	False	False	False	False	effect_preferred_both
CBL+PTPN9	64	512	direct_effect_ridge	compositional_ridge	0.004930665352147496	0.0038389955844027146	0.00876966093655021	30	0	0.008769660936550211	-1.734723475976807e-18	False	False	False	False	False	effect_preferred_both
CBL+PTPN9	64	512	direct_effect_ridge	CPA_0.8.8	0.06269153163550098	0.0038389955844027146	0.0665305272199037	30	0	0.0665305272199037	0.0	False	False	False	False	False	effect_preferred_both
CBL+PTPN9	128	1024	direct_effect_ridge	additive	0.005586577041425963	0.0019173976591933101	0.007503974700619275	30	0	0.007503974700619273	2.6020852139652106e-18	False	False	False	False	False	effect_preferred_both
CBL+PTPN9	128	1024	direct_effect_ridge	compositional_ridge	0.005865055181107596	0.0019173976591933101	0.007782452840300905	30	0	0.007782452840300906	-8.673617379884035e-19	False	False	False	False	False	effect_preferred_both
CBL+PTPN9	128	1024	direct_effect_ridge	CPA_0.8.8	0.06370519353777844	0.0019173976591933101	0.06562259119697174	30	0	0.06562259119697175	-1.3877787807814457e-17	False	False	False	False	False	effect_preferred_both
CBL+PTPN9	135	1080	direct_effect_ridge	additive	0.00564876920293351	0.0018214947222395463	0.0074702639251730575	30	0	0.007470263925173056	1.734723475976807e-18	False	False	False	False	False	effect_preferred_both
CBL+PTPN9	135	1080	direct_effect_ridge	compositional_ridge	0.005927247342615143	0.0018214947222395463	0.007748742064854688	30	0	0.007748742064854689	-8.673617379884035e-19	False	False	False	False	False	effect_preferred_both
CBL+PTPN9	135	1080	direct_effect_ridge	CPA_0.8.8	0.06367402119167638	0.0018214947222395463	0.06549551591391593	30	0	0.06549551591391593	0.0	False	False	False	False	False	effect_preferred_both
CBL+UBASH3B	8	64	direct_effect_ridge	additive	-0.0022492310597650874	0.030771096581544737	0.028521865521779655	30	27	0.02852186552177965	3.469446951953614e-18	True	True	True	False	False	state_to_effect
CBL+UBASH3B	8	64	direct_effect_ridge	compositional_ridge	-0.0049691526580946405	0.030771096581544737	0.0258019439234501	30	30	0.025801943923450095	3.469446951953614e-18	True	True	True	False	False	state_to_effect
CBL+UBASH3B	8	64	direct_effect_ridge	CPA_0.8.8	0.08606445995525225	0.030771096581544737	0.11683555653679699	30	0	0.11683555653679699	0.0	False	False	False	False	False	effect_preferred_both
CBL+UBASH3B	16	128	direct_effect_ridge	additive	0.005349612546630162	0.015340822696117635	0.020690435242747798	30	0	0.020690435242747798	0.0	False	False	False	False	False	effect_preferred_both
CBL+UBASH3B	16	128	direct_effect_ridge	compositional_ridge	0.0026296909483006095	0.015340822696117635	0.017970513644418245	30	1	0.017970513644418245	0.0	False	False	False	False	False	effect_preferred_both
CBL+UBASH3B	16	128	direct_effect_ridge	CPA_0.8.8	0.09306860956587017	0.015340822696117635	0.1084094322619878	30	0	0.1084094322619878	0.0	False	False	False	False	False	effect_preferred_both
CBL+UBASH3B	32	256	direct_effect_ridge	additive	0.009416133336675913	0.0077340105629845465	0.01715014389966046	30	0	0.01715014389966046	0.0	False	False	False	False	False	effect_preferred_both
CBL+UBASH3B	32	256	direct_effect_ridge	compositional_ridge	0.006696211738346361	0.0077340105629845465	0.014430222301330902	30	0	0.014430222301330908	-5.204170427930421e-18	False	False	False	False	False	effect_preferred_both
CBL+UBASH3B	32	256	direct_effect_ridge	CPA_0.8.8	0.09565368467944918	0.0077340105629845465	0.10338769524243374	30	0	0.10338769524243373	1.3877787807814457e-17	False	False	False	False	False	effect_preferred_both
CBL+UBASH3B	64	512	direct_effect_ridge	additive	0.01146122764608158	0.0038389955844027146	0.015300223230484298	30	0	0.015300223230484295	3.469446951953614e-18	False	False	False	False	False	effect_preferred_both
CBL+UBASH3B	64	512	direct_effect_ridge	compositional_ridge	0.008741306047752027	0.0038389955844027146	0.012580301632154737	30	0	0.012580301632154742	-5.204170427930421e-18	False	False	False	False	False	effect_preferred_both
CBL+UBASH3B	64	512	direct_effect_ridge	CPA_0.8.8	0.09714769916549683	0.0038389955844027146	0.10098669474989955	30	0	0.10098669474989955	0.0	False	False	False	False	False	effect_preferred_both
CBL+UBASH3B	128	1024	direct_effect_ridge	additive	0.012366812211315675	0.0019173976591933101	0.014284209870508983	30	0	0.014284209870508985	-1.734723475976807e-18	False	False	False	False	False	effect_preferred_both
CBL+UBASH3B	128	1024	direct_effect_ridge	compositional_ridge	0.009646890612986122	0.0019173976591933101	0.011564288272179426	30	0	0.011564288272179432	-6.938893903907228e-18	False	False	False	False	False	effect_preferred_both
CBL+UBASH3B	128	1024	direct_effect_ridge	CPA_0.8.8	0.09814481367925547	0.0019173976591933101	0.10006221133844878	30	0	0.10006221133844878	0.0	False	False	False	False	False	effect_preferred_both
CBL+UBASH3B	135	1080	direct_effect_ridge	additive	0.012464318457082206	0.0018214947222395463	0.014285813179321753	30	0	0.014285813179321752	1.734723475976807e-18	False	False	False	False	False	effect_preferred_both
CBL+UBASH3B	135	1080	direct_effect_ridge	compositional_ridge	0.009744396858752653	0.0018214947222395463	0.011565891580992194	30	0	0.011565891580992199	-5.204170427930421e-18	False	False	False	False	False	effect_preferred_both
CBL+UBASH3B	135	1080	direct_effect_ridge	CPA_0.8.8	0.09811916963598293	0.0018214947222395463	0.09994066435822248	30	0	0.09994066435822248	0.0	False	False	False	False	False	effect_preferred_both
CEBPB+MAPK1	8	64	direct_effect_ridge	additive	0.02674200227431864	0.030771096581544737	0.057513098855863386	30	0	0.05751309885586338	6.938893903907228e-18	False	False	False	False	False	effect_preferred_both
CEBPB+MAPK1	8	64	direct_effect_ridge	compositional_ridge	-0.01863364475698799	0.030771096581544737	0.01213745182455675	30	30	0.012137451824556746	3.469446951953614e-18	True	True	True	False	False	state_to_effect
CEBPB+MAPK1	8	64	direct_effect_ridge	CPA_0.8.8	0.05015672386504456	0.030771096581544737	0.0809278204465893	30	0	0.08092782044658929	1.3877787807814457e-17	False	False	False	False	False	effect_preferred_both
CEBPB+MAPK1	16	128	direct_effect_ridge	additive	0.03454716557488002	0.015340822696117635	0.049887988270997656	30	0	0.049887988270997656	0.0	False	False	False	False	False	effect_preferred_both
CEBPB+MAPK1	16	128	direct_effect_ridge	compositional_ridge	-0.010828481456426613	0.015340822696117635	0.004512341239691024	30	30	0.004512341239691022	2.6020852139652106e-18	True	True	True	False	False	state_to_effect
CEBPB+MAPK1	16	128	direct_effect_ridge	CPA_0.8.8	0.0572360340937861	0.015340822696117635	0.07257685678990373	30	0	0.07257685678990373	0.0	False	False	False	False	False	effect_preferred_both
CEBPB+MAPK1	32	256	direct_effect_ridge	additive	0.038114210567944194	0.0077340105629845465	0.04584822113092874	30	0	0.04584822113092874	0.0	False	False	False	False	False	effect_preferred_both
CEBPB+MAPK1	32	256	direct_effect_ridge	compositional_ridge	-0.0072614364633624365	0.0077340105629845465	0.0004725740996221098	30	21	0.00047257409962210995	-1.6263032587282567e-19	True	True	True	False	False	state_to_effect
CEBPB+MAPK1	32	256	direct_effect_ridge	CPA_0.8.8	0.05983256667994314	0.0077340105629845465	0.06756657724292768	30	0	0.06756657724292768	0.0	False	False	False	False	False	effect_preferred_both
CEBPB+MAPK1	64	512	direct_effect_ridge	additive	0.040027275351162205	0.0038389955844027146	0.043866270935564916	30	0	0.043866270935564916	0.0	False	False	False	False	False	effect_preferred_both
CEBPB+MAPK1	64	512	direct_effect_ridge	compositional_ridge	-0.00534837168014443	0.0038389955844027146	-0.0015093760957417155	30	0	-0.0015093760957417151	-4.336808689942018e-19	False	False	False	False	False	state_preferred_both
CEBPB+MAPK1	64	512	direct_effect_ridge	CPA_0.8.8	0.06163173397121417	0.0038389955844027146	0.0654707295556169	30	0	0.06547072955561689	1.3877787807814457e-17	False	False	False	False	False	effect_preferred_both
CEBPB+MAPK1	128	1024	direct_effect_ridge	additive	0.04105404570755202	0.0019173976591933101	0.04297144336674533	30	0	0.042971443366745334	-6.938893903907228e-18	False	False	False	False	False	effect_preferred_both
CEBPB+MAPK1	128	1024	direct_effect_ridge	compositional_ridge	-0.004321601323754612	0.0019173976591933101	-0.0024042036645613024	30	0	-0.002404203664561302	-4.336808689942018e-19	False	False	False	False	False	state_preferred_both
CEBPB+MAPK1	128	1024	direct_effect_ridge	CPA_0.8.8	0.06274395632607321	0.0019173976591933101	0.06466135398526653	30	0	0.06466135398526653	0.0	False	False	False	False	False	effect_preferred_both
CEBPB+MAPK1	135	1080	direct_effect_ridge	additive	0.041078721564928755	0.0018214947222395463	0.042900216287168294	30	0	0.0429002162871683	-6.938893903907228e-18	False	False	False	False	False	effect_preferred_both
CEBPB+MAPK1	135	1080	direct_effect_ridge	compositional_ridge	-0.004296925466377882	0.0018214947222395463	-0.002475430744138336	30	0	-0.0024754307441383354	-4.336808689942018e-19	False	False	False	False	False	state_preferred_both
CEBPB+MAPK1	135	1080	direct_effect_ridge	CPA_0.8.8	0.06266740865244744	0.0018214947222395463	0.06448890337468699	30	0	0.06448890337468699	0.0	False	False	False	False	False	effect_preferred_both
CEBPB+PTPN12	8	64	direct_effect_ridge	additive	0.0030159961351482606	0.030771096581544737	0.03378709271669301	30	4	0.033787092716693	6.938893903907228e-18	False	False	False	False	False	effect_preferred_both
CEBPB+PTPN12	8	64	direct_effect_ridge	compositional_ridge	-0.02909570921499268	0.030771096581544737	0.001675387366552058	30	21	0.0016753873665520565	1.5178830414797062e-18	True	True	True	False	False	state_to_effect
CEBPB+PTPN12	8	64	direct_effect_ridge	CPA_0.8.8	0.006279529168119965	0.030771096581544737	0.0370506257496647	30	6	0.0370506257496647	0.0	False	False	False	False	False	effect_preferred_both
CEBPB+PTPN12	16	128	direct_effect_ridge	additive	0.0108705819069213	0.015340822696117635	0.02621140460303894	30	0	0.026211404603038932	6.938893903907228e-18	False	False	False	False	False	effect_preferred_both
CEBPB+PTPN12	16	128	direct_effect_ridge	compositional_ridge	-0.021241123443219642	0.015340822696117635	-0.005900300747102007	30	0	-0.005900300747102008	8.673617379884035e-19	False	False	False	False	False	state_preferred_both
CEBPB+PTPN12	16	128	direct_effect_ridge	CPA_0.8.8	0.01355021441000399	0.015340822696117635	0.028891037106121627	30	0	0.028891037106121627	0.0	False	False	False	False	False	effect_preferred_both
CEBPB+PTPN12	32	256	direct_effect_ridge	additive	0.014242863664594997	0.0077340105629845465	0.021976874227579546	30	0	0.021976874227579542	3.469446951953614e-18	False	False	False	False	False	effect_preferred_both
CEBPB+PTPN12	32	256	direct_effect_ridge	compositional_ridge	-0.017868841685545943	0.0077340105629845465	-0.010134831122561397	30	0	-0.010134831122561395	-1.734723475976807e-18	False	False	False	False	False	state_preferred_both
CEBPB+PTPN12	32	256	direct_effect_ridge	CPA_0.8.8	0.015924779003234225	0.0077340105629845465	0.023658789566218773	30	0	0.023658789566218773	0.0	False	False	False	False	False	effect_preferred_both
CEBPB+PTPN12	64	512	direct_effect_ridge	additive	0.016100578165624407	0.0038389955844027146	0.019939573750027122	30	0	0.019939573750027122	0.0	False	False	False	False	False	effect_preferred_both
CEBPB+PTPN12	64	512	direct_effect_ridge	compositional_ridge	-0.016011127184516537	0.0038389955844027146	-0.012172131600113822	30	0	-0.012172131600113822	0.0	False	False	False	False	False	state_preferred_both
CEBPB+PTPN12	64	512	direct_effect_ridge	CPA_0.8.8	0.01749640943703616	0.0038389955844027146	0.021335405021438877	30	0	0.021335405021438877	0.0	False	False	False	False	False	effect_preferred_both
CEBPB+PTPN12	128	1024	direct_effect_ridge	additive	0.017160869420512134	0.0019173976591933101	0.019078267079705447	30	0	0.019078267079705443	3.469446951953614e-18	False	False	False	False	False	effect_preferred_both
CEBPB+PTPN12	128	1024	direct_effect_ridge	compositional_ridge	-0.014950835929628809	0.0019173976591933101	-0.0130334382704355	30	0	-0.013033438270435498	-1.734723475976807e-18	False	False	False	False	False	state_preferred_both
CEBPB+PTPN12	128	1024	direct_effect_ridge	CPA_0.8.8	0.01862650556506814	0.0019173976591933101	0.020543903224261452	30	0	0.02054390322426145	3.469446951953614e-18	False	False	False	False	False	effect_preferred_both
CEBPB+PTPN12	135	1080	direct_effect_ridge	additive	0.01715164169928797	0.0018214947222395463	0.01897313642152752	30	0	0.018973136421527516	3.469446951953614e-18	False	False	False	False	False	effect_preferred_both
CEBPB+PTPN12	135	1080	direct_effect_ridge	compositional_ridge	-0.014960063650852971	0.0018214947222395463	-0.013138568928613426	30	0	-0.013138568928613426	0.0	False	False	False	False	False	state_preferred_both
CEBPB+PTPN12	135	1080	direct_effect_ridge	CPA_0.8.8	0.01853006880801094	0.0018214947222395463	0.020351563530250485	30	0	0.020351563530250485	0.0	False	False	False	False	False	effect_preferred_both
CEBPE+CNN1	8	64	direct_effect_ridge	additive	0.026246682427077853	0.030771096581544737	0.05701777900862259	30	0	0.05701777900862259	0.0	False	False	False	False	False	effect_preferred_both
CEBPE+CNN1	8	64	direct_effect_ridge	compositional_ridge	-0.019251017761456546	0.030771096581544737	0.011520078820088193	30	30	0.011520078820088191	1.734723475976807e-18	True	True	True	False	False	state_to_effect
CEBPE+CNN1	8	64	direct_effect_ridge	CPA_0.8.8	0.023096779595237298	0.030771096581544737	0.053867876176782035	30	0	0.053867876176782035	0.0	False	False	False	False	False	effect_preferred_both
CEBPE+CNN1	16	128	direct_effect_ridge	additive	0.03403636145776271	0.015340822696117635	0.04937718415388035	30	0	0.049377184153880344	6.938893903907228e-18	False	False	False	False	False	effect_preferred_both
CEBPE+CNN1	16	128	direct_effect_ridge	compositional_ridge	-0.011461338730771688	0.015340822696117635	0.003879483965345949	30	30	0.003879483965345947	2.168404344971009e-18	True	True	True	False	False	state_to_effect
CEBPE+CNN1	16	128	direct_effect_ridge	CPA_0.8.8	0.03030644564071496	0.015340822696117635	0.0456472683368326	30	0	0.045647268336832594	6.938893903907228e-18	False	False	False	False	False	effect_preferred_both
CEBPE+CNN1	32	256	direct_effect_ridge	additive	0.03771022780776292	0.0077340105629845465	0.045444238370747465	30	0	0.045444238370747465	0.0	False	False	False	False	False	effect_preferred_both
CEBPE+CNN1	32	256	direct_effect_ridge	compositional_ridge	-0.007787472380771484	0.0077340105629845465	-5.346181778693622e-05	30	14	-5.3461817786937434e-05	1.212951180468158e-18	False	False	False	False	False	state_preferred_both
CEBPE+CNN1	32	256	direct_effect_ridge	CPA_0.8.8	0.03287489412913928	0.0077340105629845465	0.040608904692123825	30	0	0.040608904692123825	0.0	False	False	False	False	False	effect_preferred_both
CEBPE+CNN1	64	512	direct_effect_ridge	additive	0.0395970400265889	0.0038389955844027146	0.04343603561099161	30	0	0.04343603561099161	0.0	False	False	False	False	False	effect_preferred_both
CEBPE+CNN1	64	512	direct_effect_ridge	compositional_ridge	-0.005900660161945505	0.0038389955844027146	-0.0020616645775427896	30	0	-0.0020616645775427904	8.673617379884035e-19	False	False	False	False	False	state_preferred_both
CEBPE+CNN1	64	512	direct_effect_ridge	CPA_0.8.8	0.034510747898478314	0.0038389955844027146	0.03834974348288103	30	0	0.038349743482881025	6.938893903907228e-18	False	False	False	False	False	effect_preferred_both
CEBPE+CNN1	128	1024	direct_effect_ridge	additive	0.04057716604324464	0.0019173976591933101	0.04249456370243795	30	0	0.042494563702437954	-6.938893903907228e-18	False	False	False	False	False	effect_preferred_both
CEBPE+CNN1	128	1024	direct_effect_ridge	compositional_ridge	-0.004920534145289762	0.0019173976591933101	-0.0030031364860964517	30	0	-0.0030031364860964517	0.0	False	False	False	False	False	state_preferred_both
CEBPE+CNN1	128	1024	direct_effect_ridge	CPA_0.8.8	0.03557633761834122	0.0019173976591933101	0.03749373527753453	30	0	0.03749373527753453	0.0	False	False	False	False	False	effect_preferred_both
CEBPE+CNN1	135	1080	direct_effect_ridge	additive	0.040606895441761146	0.0018214947222395463	0.04242839016400069	30	0	0.04242839016400069	0.0	False	False	False	False	False	effect_preferred_both
CEBPE+CNN1	135	1080	direct_effect_ridge	compositional_ridge	-0.004890804746773251	0.0018214947222395463	-0.003069310024533705	30	0	-0.003069310024533705	0.0	False	False	False	False	False	state_preferred_both
CEBPE+CNN1	135	1080	direct_effect_ridge	CPA_0.8.8	0.035527899222040936	0.0018214947222395463	0.03734939394428049	30	0	0.03734939394428048	6.938893903907228e-18	False	False	False	False	False	effect_preferred_both
CEBPE+ETS2	8	64	direct_effect_ridge	additive	0.0172807083578358	0.030771096581544737	0.04805180493938055	30	0	0.048051804939380535	1.3877787807814457e-17	False	False	False	False	False	effect_preferred_both
CEBPE+ETS2	8	64	direct_effect_ridge	compositional_ridge	-0.014863225381138413	0.030771096581544737	0.01590787120040633	30	30	0.015907871200406324	6.938893903907228e-18	True	True	True	False	False	state_to_effect
CEBPE+ETS2	8	64	direct_effect_ridge	CPA_0.8.8	0.04505282129959058	0.030771096581544737	0.07582391788113532	30	0	0.07582391788113532	0.0	False	False	False	False	False	effect_preferred_both
CEBPE+ETS2	16	128	direct_effect_ridge	additive	0.02508817698560139	0.015340822696117635	0.04042899968171902	30	0	0.04042899968171902	0.0	False	False	False	False	False	effect_preferred_both
CEBPE+ETS2	16	128	direct_effect_ridge	compositional_ridge	-0.0070557567533728275	0.015340822696117635	0.00828506594274481	30	30	0.008285065942744807	3.469446951953614e-18	True	True	True	False	False	state_to_effect
CEBPE+ETS2	16	128	direct_effect_ridge	CPA_0.8.8	0.052184530192093855	0.015340822696117635	0.06752535288821147	30	0	0.06752535288821149	-1.3877787807814457e-17	False	False	False	False	False	effect_preferred_both
CEBPE+ETS2	32	256	direct_effect_ridge	additive	0.02889191378272305	0.0077340105629845465	0.0366259243457076	30	0	0.0366259243457076	0.0	False	False	False	False	False	effect_preferred_both
CEBPE+ETS2	32	256	direct_effect_ridge	compositional_ridge	-0.003252019956251165	0.0077340105629845465	0.004481990606733382	30	30	0.004481990606733381	8.673617379884035e-19	True	True	True	False	False	state_to_effect
CEBPE+ETS2	32	256	direct_effect_ridge	CPA_0.8.8	0.05501203714849498	0.0077340105629845465	0.06274604771147953	30	0	0.06274604771147953	0.0	False	False	False	False	False	effect_preferred_both
CEBPE+ETS2	64	512	direct_effect_ridge	additive	0.03081771232165931	0.0038389955844027146	0.034656707906062026	30	0	0.034656707906062026	0.0	False	False	False	False	False	effect_preferred_both
CEBPE+ETS2	64	512	direct_effect_ridge	compositional_ridge	-0.0013262214173149025	0.0038389955844027146	0.0025127741670878134	30	30	0.002512774167087812	1.3010426069826053e-18	True	True	True	False	False	state_to_effect
CEBPE+ETS2	64	512	direct_effect_ridge	CPA_0.8.8	0.05685700350405906	0.0038389955844027146	0.06069599908846177	30	0	0.06069599908846177	0.0	False	False	False	False	False	effect_preferred_both
CEBPE+ETS2	128	1024	direct_effect_ridge	additive	0.0317785125974369	0.0019173976591933101	0.03369591025663022	30	0	0.03369591025663021	6.938893903907228e-18	False	False	False	False	False	effect_preferred_both
CEBPE+ETS2	128	1024	direct_effect_ridge	compositional_ridge	-0.0003654211415373126	0.0019173976591933101	0.0015519765176559986	30	30	0.0015519765176559975	1.0842021724855044e-18	True	True	True	False	False	state_to_effect
CEBPE+ETS2	128	1024	direct_effect_ridge	CPA_0.8.8	0.057900450600890344	0.0019173976591933101	0.059817848260083656	30	0	0.059817848260083656	0.0	False	False	False	False	False	effect_preferred_both
CEBPE+ETS2	135	1080	direct_effect_ridge	additive	0.03181777976073454	0.0018214947222395463	0.033639274482974095	30	0	0.03363927448297409	6.938893903907228e-18	False	False	False	False	False	effect_preferred_both
CEBPE+ETS2	135	1080	direct_effect_ridge	compositional_ridge	-0.00032615397823967295	0.0018214947222395463	0.0014953407439998742	30	30	0.0014953407439998734	8.673617379884035e-19	True	True	True	False	False	state_to_effect
CEBPE+ETS2	135	1080	direct_effect_ridge	CPA_0.8.8	0.0578548352069771	0.0018214947222395463	0.059676329929216655	30	0	0.05967632992921665	6.938893903907228e-18	False	False	False	False	False	effect_preferred_both
CEBPE+PTPN12	8	64	direct_effect_ridge	additive	0.03556456809845854	0.030771096581544737	0.06633566468000326	30	0	0.06633566468000328	-1.3877787807814457e-17	False	False	False	False	False	effect_preferred_both
CEBPE+PTPN12	8	64	direct_effect_ridge	compositional_ridge	-0.017917855792789355	0.030771096581544737	0.012853240788755391	30	30	0.012853240788755382	8.673617379884035e-18	True	True	True	False	False	state_to_effect
CEBPE+PTPN12	8	64	direct_effect_ridge	CPA_0.8.8	0.009365569414819034	0.030771096581544737	0.04013666599636378	30	0	0.04013666599636377	6.938893903907228e-18	False	False	False	False	False	effect_preferred_both
CEBPE+PTPN12	16	128	direct_effect_ridge	additive	0.04344936852304513	0.015340822696117635	0.05879019121916276	30	0	0.05879019121916276	0.0	False	False	False	False	False	effect_preferred_both
CEBPE+PTPN12	16	128	direct_effect_ridge	compositional_ridge	-0.010033055368202759	0.015340822696117635	0.005307767327914881	30	30	0.0053077673279148755	5.204170427930421e-18	True	True	True	False	False	state_to_effect
CEBPE+PTPN12	16	128	direct_effect_ridge	CPA_0.8.8	0.01658865247336239	0.015340822696117635	0.031929475169480026	30	0	0.031929475169480026	0.0	False	False	False	False	False	effect_preferred_both
CEBPE+PTPN12	32	256	direct_effect_ridge	additive	0.04720250238445128	0.0077340105629845465	0.05493651294743583	30	0	0.054936512947435824	6.938893903907228e-18	False	False	False	False	False	effect_preferred_both
CEBPE+PTPN12	32	256	direct_effect_ridge	compositional_ridge	-0.006279921506796608	0.0077340105629845465	0.0014540890561879419	30	30	0.0014540890561879384	3.469446951953614e-18	True	True	True	False	False	state_to_effect
CEBPE+PTPN12	32	256	direct_effect_ridge	CPA_0.8.8	0.01930756298975065	0.0077340105629845465	0.027041573552735197	30	0	0.027041573552735197	0.0	False	False	False	False	False	effect_preferred_both
CEBPE+PTPN12	64	512	direct_effect_ridge	additive	0.04911381519956914	0.0038389955844027146	0.05295281078397185	30	0	0.05295281078397185	0.0	False	False	False	False	False	effect_preferred_both
CEBPE+PTPN12	64	512	direct_effect_ridge	compositional_ridge	-0.004368608691678754	0.0038389955844027146	-0.0005296131072760376	30	2	-0.0005296131072760391	1.5178830414797062e-18	False	False	False	False	False	state_preferred_both
CEBPE+PTPN12	64	512	direct_effect_ridge	CPA_0.8.8	0.02096781955467582	0.0038389955844027146	0.02480681513907854	30	0	0.024806815139078536	3.469446951953614e-18	False	False	False	False	False	effect_preferred_both
CEBPE+PTPN12	128	1024	direct_effect_ridge	additive	0.05010359593187676	0.0019173976591933101	0.05202099359107006	30	0	0.05202099359107007	-6.938893903907228e-18	False	False	False	False	False	effect_preferred_both
CEBPE+PTPN12	128	1024	direct_effect_ridge	compositional_ridge	-0.003378827959371132	0.0019173976591933101	-0.0014614303001778209	30	0	-0.001461430300177822	1.0842021724855044e-18	False	False	False	False	False	state_preferred_both
CEBPE+PTPN12	128	1024	direct_effect_ridge	CPA_0.8.8	0.022007401967819036	0.0019173976591933101	0.02392479962701234	30	0	0.023924799627012345	-3.469446951953614e-18	False	False	False	False	False	effect_preferred_both
CEBPE+PTPN12	135	1080	direct_effect_ridge	additive	0.05012791880541451	0.0018214947222395463	0.05194941352765405	30	0	0.05194941352765406	-6.938893903907228e-18	False	False	False	False	False	effect_preferred_both
CEBPE+PTPN12	135	1080	direct_effect_ridge	compositional_ridge	-0.0033545050858333754	0.0018214947222395463	-0.0015330103635938274	30	0	-0.001533010363593829	1.734723475976807e-18	False	False	False	False	False	state_preferred_both
CEBPE+PTPN12	135	1080	direct_effect_ridge	CPA_0.8.8	0.021965542353948108	0.0018214947222395463	0.023787037076187657	30	0	0.023787037076187654	3.469446951953614e-18	False	False	False	False	False	effect_preferred_both
CEBPE+SPI1	8	64	direct_effect_ridge	additive	-0.031046722193287322	0.030771096581544737	-0.0002756256117425832	30	17	-0.00027562561174258524	2.0599841277224584e-18	False	False	False	False	False	state_preferred_both
CEBPE+SPI1	8	64	direct_effect_ridge	compositional_ridge	0.020056943042271864	0.030771096581544737	0.050828039623816594	30	0	0.0508280396238166	-6.938893903907228e-18	False	False	False	False	False	effect_preferred_both
CEBPE+SPI1	8	64	direct_effect_ridge	CPA_0.8.8	0.2710767744967012	0.030771096581544737	0.3018478710782459	30	0	0.30184787107824596	-5.551115123125783e-17	False	False	False	False	False	effect_preferred_both
CEBPE+SPI1	16	128	direct_effect_ridge	additive	-0.02353647894680235	0.015340822696117635	-0.008195656250684717	30	0	-0.008195656250684717	0.0	False	False	False	False	False	state_preferred_both
CEBPE+SPI1	16	128	direct_effect_ridge	compositional_ridge	0.027567186288756835	0.015340822696117635	0.04290800898487447	30	0	0.04290800898487447	0.0	False	False	False	False	False	effect_preferred_both
CEBPE+SPI1	16	128	direct_effect_ridge	CPA_0.8.8	0.27843721663093723	0.015340822696117635	0.2937780393270549	30	0	0.2937780393270549	0.0	False	False	False	False	False	effect_preferred_both
CEBPE+SPI1	32	256	direct_effect_ridge	additive	-0.019491470929210462	0.0077340105629845465	-0.011757460366225913	30	0	-0.011757460366225915	1.734723475976807e-18	False	False	False	False	False	state_preferred_both
CEBPE+SPI1	32	256	direct_effect_ridge	compositional_ridge	0.03161219430634873	0.0077340105629845465	0.03934620486933327	30	0	0.039346204869333275	-6.938893903907228e-18	False	False	False	False	False	effect_preferred_both
CEBPE+SPI1	32	256	direct_effect_ridge	CPA_0.8.8	0.2803758035483377	0.0077340105629845465	0.28810981411132225	30	0	0.28810981411132225	0.0	False	False	False	False	False	effect_preferred_both
CEBPE+SPI1	64	512	direct_effect_ridge	additive	-0.01760382283989179	0.0038389955844027146	-0.013764827255489073	30	0	-0.013764827255489075	1.734723475976807e-18	False	False	False	False	False	state_preferred_both
CEBPE+SPI1	64	512	direct_effect_ridge	compositional_ridge	0.033499842395667404	0.0038389955844027146	0.03733883798007011	30	0	0.037338837980070115	-6.938893903907228e-18	False	False	False	False	False	effect_preferred_both
CEBPE+SPI1	64	512	direct_effect_ridge	CPA_0.8.8	0.28208545128121865	0.0038389955844027146	0.28592444686562135	30	0	0.28592444686562135	0.0	False	False	False	False	False	effect_preferred_both
CEBPE+SPI1	128	1024	direct_effect_ridge	additive	-0.01679221853063633	0.0019173976591933101	-0.014874820871443019	30	0	-0.01487482087144302	1.734723475976807e-18	False	False	False	False	False	state_preferred_both
CEBPE+SPI1	128	1024	direct_effect_ridge	compositional_ridge	0.03431144670492286	0.0019173976591933101	0.03622884436411616	30	0	0.03622884436411617	-1.3877787807814457e-17	False	False	False	False	False	effect_preferred_both
CEBPE+SPI1	128	1024	direct_effect_ridge	CPA_0.8.8	0.28322875844165696	0.0019173976591933101	0.28514615610085026	30	0	0.28514615610085026	0.0	False	False	False	False	False	effect_preferred_both
CEBPE+SPI1	135	1080	direct_effect_ridge	additive	-0.01667394926051739	0.0018214947222395463	-0.014852454538277842	30	0	-0.014852454538277843	1.734723475976807e-18	False	False	False	False	False	state_preferred_both
CEBPE+SPI1	135	1080	direct_effect_ridge	compositional_ridge	0.034429715975041804	0.0018214947222395463	0.03625121069728134	30	0	0.03625121069728135	-6.938893903907228e-18	False	False	False	False	False	effect_preferred_both
CEBPE+SPI1	135	1080	direct_effect_ridge	CPA_0.8.8	0.28308386912555294	0.0018214947222395463	0.28490536384779247	30	0	0.28490536384779247	0.0	False	False	False	False	False	effect_preferred_both
CLDN6+KLF1	8	64	direct_effect_ridge	additive	-0.012495306086582624	0.030771096581544737	0.018275790494962123	30	30	0.018275790494962113	1.0408340855860843e-17	True	True	True	False	False	state_to_effect
CLDN6+KLF1	8	64	direct_effect_ridge	compositional_ridge	-0.007076990559853999	0.030771096581544737	0.02369410602169075	30	30	0.02369410602169074	1.0408340855860843e-17	True	True	True	False	False	state_to_effect
CLDN6+KLF1	8	64	direct_effect_ridge	CPA_0.8.8	0.020734806551633296	0.030771096581544737	0.05150590313317804	30	0	0.05150590313317803	6.938893903907228e-18	False	False	False	False	False	effect_preferred_both
CLDN6+KLF1	16	128	direct_effect_ridge	additive	-0.0047552432170622945	0.015340822696117635	0.010585579479055347	30	30	0.01058557947905534	6.938893903907228e-18	True	True	True	False	False	state_to_effect
CLDN6+KLF1	16	128	direct_effect_ridge	compositional_ridge	0.000663072309666331	0.015340822696117635	0.016003895005783978	30	4	0.016003895005783964	1.3877787807814457e-17	False	False	False	False	False	effect_preferred_both
CLDN6+KLF1	16	128	direct_effect_ridge	CPA_0.8.8	0.027737417647301713	0.015340822696117635	0.04307824034341935	30	0	0.043078240343419345	6.938893903907228e-18	False	False	False	False	False	effect_preferred_both
CLDN6+KLF1	32	256	direct_effect_ridge	additive	-0.0009448978324528796	0.0077340105629845465	0.0067891127305316715	30	29	0.006789112730531667	4.336808689942018e-18	True	True	True	False	False	state_to_effect
CLDN6+KLF1	32	256	direct_effect_ridge	compositional_ridge	0.004473417694275746	0.0077340105629845465	0.012207428257260297	30	0	0.012207428257260292	5.204170427930421e-18	False	False	False	False	False	effect_preferred_both
CLDN6+KLF1	32	256	direct_effect_ridge	CPA_0.8.8	0.030677138071468782	0.0077340105629845465	0.038411148634453336	30	0	0.03841114863445333	6.938893903907228e-18	False	False	False	False	False	effect_preferred_both
CLDN6+KLF1	64	512	direct_effect_ridge	additive	0.0010066838350354654	0.0038389955844027146	0.004845679419438184	30	0	0.00484567941943818	4.336808689942018e-18	False	False	False	False	False	effect_preferred_both
CLDN6+KLF1	64	512	direct_effect_ridge	compositional_ridge	0.006424999361764092	0.0038389955844027146	0.010263994946166812	30	0	0.010263994946166807	5.204170427930421e-18	False	False	False	False	False	effect_preferred_both
CLDN6+KLF1	64	512	direct_effect_ridge	CPA_0.8.8	0.03229965852400069	0.0038389955844027146	0.036138654108403404	30	0	0.036138654108403404	0.0	False	False	False	False	False	effect_preferred_both
CLDN6+KLF1	128	1024	direct_effect_ridge	additive	0.0019420475988980205	0.0019173976591933101	0.0038594452580913343	30	0	0.003859445258091331	3.469446951953614e-18	False	False	False	False	False	effect_preferred_both
CLDN6+KLF1	128	1024	direct_effect_ridge	compositional_ridge	0.007360363125626646	0.0019173976591933101	0.009277760784819962	30	0	0.009277760784819957	5.204170427930421e-18	False	False	False	False	False	effect_preferred_both
CLDN6+KLF1	128	1024	direct_effect_ridge	CPA_0.8.8	0.0332573598349872	0.0019173976591933101	0.03517475749418051	30	0	0.03517475749418051	0.0	False	False	False	False	False	effect_preferred_both
CLDN6+KLF1	135	1080	direct_effect_ridge	additive	0.002021117368972385	0.0018214947222395463	0.003842612091211934	30	0	0.0038426120912119313	2.6020852139652106e-18	False	False	False	False	False	effect_preferred_both
CLDN6+KLF1	135	1080	direct_effect_ridge	compositional_ridge	0.007439432895701011	0.0018214947222395463	0.009260927617940562	30	0	0.009260927617940557	5.204170427930421e-18	False	False	False	False	False	effect_preferred_both
CLDN6+KLF1	135	1080	direct_effect_ridge	CPA_0.8.8	0.03325162616742249	0.0018214947222395463	0.03507312088966204	30	0	0.03507312088966204	0.0	False	False	False	False	False	effect_preferred_both
CNN1+ETS2	8	64	direct_effect_ridge	additive	-0.02049672661007608	0.030771096581544737	0.010274369971468661	30	30	0.010274369971468657	3.469446951953614e-18	True	True	True	False	False	state_to_effect
CNN1+ETS2	8	64	direct_effect_ridge	compositional_ridge	-0.02197525800750792	0.030771096581544737	0.008795838574036825	30	30	0.008795838574036818	6.938893903907228e-18	True	True	True	False	False	state_to_effect
CNN1+ETS2	8	64	direct_effect_ridge	CPA_0.8.8	-0.010077660389919247	0.030771096581544737	0.020693436191625496	30	30	0.02069343619162549	6.938893903907228e-18	True	True	True	False	False	state_to_effect
CNN1+ETS2	16	128	direct_effect_ridge	additive	-0.012650021780061773	0.015340822696117635	0.002690800916055865	30	30	0.0026908009160558615	3.469446951953614e-18	True	True	True	False	False	state_to_effect
CNN1+ETS2	16	128	direct_effect_ridge	compositional_ridge	-0.014128553177493609	0.015340822696117635	0.0012122695186240282	30	29	0.0012122695186240259	2.3852447794681098e-18	True	True	True	False	False	state_to_effect
CNN1+ETS2	16	128	direct_effect_ridge	CPA_0.8.8	-0.0030106222153802654	0.015340822696117635	0.012330200480737373	30	28	0.01233020048073737	3.469446951953614e-18	True	True	True	False	False	state_to_effect
CNN1+ETS2	32	256	direct_effect_ridge	additive	-0.009049887525679813	0.0077340105629845465	-0.0013158769626952652	30	1	-0.001315876962695267	1.734723475976807e-18	False	False	False	False	False	state_preferred_both
CNN1+ETS2	32	256	direct_effect_ridge	compositional_ridge	-0.010528418923111647	0.0077340105629845465	-0.0027944083601271013	30	0	-0.002794408360127101	-4.336808689942018e-19	False	False	False	False	False	state_preferred_both
CNN1+ETS2	32	256	direct_effect_ridge	CPA_0.8.8	-0.0002059034884217861	0.0077340105629845465	0.0075281070745627605	30	15	0.0075281070745627605	0.0	True	True	True	False	False	state_to_effect
CNN1+ETS2	64	512	direct_effect_ridge	additive	-0.007149491211460221	0.0038389955844027146	-0.003310495627057505	30	0	-0.0033104956270575063	1.3010426069826053e-18	False	False	False	False	False	state_preferred_both
CNN1+ETS2	64	512	direct_effect_ridge	compositional_ridge	-0.008628022608892056	0.0038389955844027146	-0.004789027024489341	30	0	-0.004789027024489341	0.0	False	False	False	False	False	state_preferred_both
CNN1+ETS2	64	512	direct_effect_ridge	CPA_0.8.8	0.0014110736423242763	0.0038389955844027146	0.005250069226726992	30	1	0.005250069226726991	8.673617379884035e-19	False	False	False	False	False	effect_preferred_both
CNN1+ETS2	128	1024	direct_effect_ridge	additive	-0.0061354230169562655	0.0019173976591933101	-0.004218025357762954	30	0	-0.004218025357762955	8.673617379884035e-19	False	False	False	False	False	state_preferred_both
CNN1+ETS2	128	1024	direct_effect_ridge	compositional_ridge	-0.0076139544143881	0.0019173976591933101	-0.00569655675519479	30	0	-0.005696556755194791	8.673617379884035e-19	False	False	False	False	False	state_preferred_both
CNN1+ETS2	128	1024	direct_effect_ridge	CPA_0.8.8	0.002422191151810327	0.0019173976591933101	0.0043395888110036385	30	0	0.004339588811003638	8.673617379884035e-19	False	False	False	False	False	effect_preferred_both
CNN1+ETS2	135	1080	direct_effect_ridge	additive	-0.006131290550068031	0.0018214947222395463	-0.004309795827828484	30	0	-0.0043097958278284845	8.673617379884035e-19	False	False	False	False	False	state_preferred_both
CNN1+ETS2	135	1080	direct_effect_ridge	compositional_ridge	-0.007609821947499867	0.0018214947222395463	-0.00578832722526032	30	0	-0.00578832722526032	0.0	False	False	False	False	False	state_preferred_both
CNN1+ETS2	135	1080	direct_effect_ridge	CPA_0.8.8	0.0023920853355709213	0.0018214947222395463	0.004213580057810468	30	0	0.004213580057810468	0.0	False	False	False	False	False	effect_preferred_both
CNN1+UBASH3A	8	64	direct_effect_ridge	additive	-0.0017565442571228055	0.030771096581544737	0.02901455232442194	30	21	0.029014552324421933	6.938893903907228e-18	True	True	True	False	False	state_to_effect
CNN1+UBASH3A	8	64	direct_effect_ridge	compositional_ridge	0.015247829659886903	0.030771096581544737	0.04601892624143165	30	0	0.04601892624143164	6.938893903907228e-18	False	False	False	False	False	effect_preferred_both
CNN1+UBASH3A	8	64	direct_effect_ridge	CPA_0.8.8	0.08341428405551256	0.030771096581544737	0.11418538063705728	30	0	0.1141853806370573	-1.3877787807814457e-17	False	False	False	False	False	effect_preferred_both
CNN1+UBASH3A	16	128	direct_effect_ridge	additive	0.005762488744337543	0.015340822696117635	0.02110331144045518	30	0	0.02110331144045518	0.0	False	False	False	False	False	effect_preferred_both
CNN1+UBASH3A	16	128	direct_effect_ridge	compositional_ridge	0.02276686266134725	0.015340822696117635	0.03810768535746489	30	0	0.038107685357464886	6.938893903907228e-18	False	False	False	False	False	effect_preferred_both
CNN1+UBASH3A	16	128	direct_effect_ridge	CPA_0.8.8	0.09039566175944103	0.015340822696117635	0.10573648445555867	30	0	0.10573648445555867	0.0	False	False	False	False	False	effect_preferred_both
CNN1+UBASH3A	32	256	direct_effect_ridge	additive	0.009968346935409236	0.0077340105629845465	0.017702357498393783	30	0	0.017702357498393783	0.0	False	False	False	False	False	effect_preferred_both
CNN1+UBASH3A	32	256	direct_effect_ridge	compositional_ridge	0.026972720852418943	0.0077340105629845465	0.034706731415403494	30	0	0.03470673141540349	6.938893903907228e-18	False	False	False	False	False	effect_preferred_both
CNN1+UBASH3A	32	256	direct_effect_ridge	CPA_0.8.8	0.09306510964102976	0.0077340105629845465	0.10079912020401431	30	0	0.10079912020401431	0.0	False	False	False	False	False	effect_preferred_both
CNN1+UBASH3A	64	512	direct_effect_ridge	additive	0.012115941744515272	0.0038389955844027146	0.015954937328917992	30	0	0.015954937328917985	6.938893903907228e-18	False	False	False	False	False	effect_preferred_both
CNN1+UBASH3A	64	512	direct_effect_ridge	compositional_ridge	0.029120315661524978	0.0038389955844027146	0.0329593112459277	30	0	0.03295931124592769	6.938893903907228e-18	False	False	False	False	False	effect_preferred_both
CNN1+UBASH3A	64	512	direct_effect_ridge	CPA_0.8.8	0.09465106400041505	0.0038389955844027146	0.09849005958481777	30	0	0.09849005958481777	0.0	False	False	False	False	False	effect_preferred_both
CNN1+UBASH3A	128	1024	direct_effect_ridge	additive	0.012997003316055113	0.0019173976591933101	0.014914400975248425	30	0	0.014914400975248423	1.734723475976807e-18	False	False	False	False	False	effect_preferred_both
CNN1+UBASH3A	128	1024	direct_effect_ridge	compositional_ridge	0.03000137723306482	0.0019173976591933101	0.031918774892258125	30	0	0.03191877489225813	-6.938893903907228e-18	False	False	False	False	False	effect_preferred_both
CNN1+UBASH3A	128	1024	direct_effect_ridge	CPA_0.8.8	0.09564747400305876	0.0019173976591933101	0.09756487166225207	30	0	0.09756487166225207	0.0	False	False	False	False	False	effect_preferred_both
CNN1+UBASH3A	135	1080	direct_effect_ridge	additive	0.01313331166231218	0.0018214947222395463	0.014954806384551727	30	0	0.014954806384551727	0.0	False	False	False	False	False	effect_preferred_both
CNN1+UBASH3A	135	1080	direct_effect_ridge	compositional_ridge	0.030137685579321886	0.0018214947222395463	0.03195918030156143	30	0	0.03195918030156143	0.0	False	False	False	False	False	effect_preferred_both
CNN1+UBASH3A	135	1080	direct_effect_ridge	CPA_0.8.8	0.09564310623632914	0.0018214947222395463	0.09746460095856868	30	0	0.0974646009585687	-1.3877787807814457e-17	False	False	False	False	False	effect_preferred_both
COL2A1+KLF1	8	64	direct_effect_ridge	additive	-0.010753218781381009	0.030771096581544737	0.020017877800163734	30	30	0.02001787780016373	3.469446951953614e-18	True	True	True	False	False	state_to_effect
COL2A1+KLF1	8	64	direct_effect_ridge	compositional_ridge	-0.010303840394516603	0.030771096581544737	0.020467256187028136	30	30	0.020467256187028132	3.469446951953614e-18	True	True	True	False	False	state_to_effect
COL2A1+KLF1	8	64	direct_effect_ridge	CPA_0.8.8	0.021099014992609744	0.030771096581544737	0.051870111574154484	30	0	0.051870111574154484	0.0	False	False	False	False	False	effect_preferred_both
COL2A1+KLF1	16	128	direct_effect_ridge	additive	-0.0031367347840882917	0.015340822696117635	0.012204087912029345	30	30	0.012204087912029343	1.734723475976807e-18	True	True	True	False	False	state_to_effect
COL2A1+KLF1	16	128	direct_effect_ridge	compositional_ridge	-0.0026873563972238863	0.015340822696117635	0.01265346629889375	30	30	0.012653466298893749	1.734723475976807e-18	True	True	True	False	False	state_to_effect
COL2A1+KLF1	16	128	direct_effect_ridge	CPA_0.8.8	0.027929623797635018	0.015340822696117635	0.043270446493752654	30	0	0.043270446493752654	0.0	False	False	False	False	False	effect_preferred_both
COL2A1+KLF1	32	256	direct_effect_ridge	additive	0.0006301012080864649	0.0077340105629845465	0.008364111771071013	30	1	0.008364111771071011	1.734723475976807e-18	False	False	False	False	False	effect_preferred_both
COL2A1+KLF1	32	256	direct_effect_ridge	compositional_ridge	0.0010794795949508704	0.0077340105629845465	0.008813490157935415	30	0	0.008813490157935417	-1.734723475976807e-18	False	False	False	False	False	effect_preferred_both
COL2A1+KLF1	32	256	direct_effect_ridge	CPA_0.8.8	0.031483311633030024	0.0077340105629845465	0.03921732219601457	30	0	0.03921732219601457	0.0	False	False	False	False	False	effect_preferred_both
COL2A1+KLF1	64	512	direct_effect_ridge	additive	0.0025956804913044697	0.0038389955844027146	0.006434676075707187	30	0	0.006434676075707184	3.469446951953614e-18	False	False	False	False	False	effect_preferred_both
COL2A1+KLF1	64	512	direct_effect_ridge	compositional_ridge	0.0030450588781688747	0.0038389955844027146	0.006884054462571589	30	0	0.006884054462571589	0.0	False	False	False	False	False	effect_preferred_both
COL2A1+KLF1	64	512	direct_effect_ridge	CPA_0.8.8	0.033462175235190864	0.0038389955844027146	0.037301170819593575	30	0	0.037301170819593575	0.0	False	False	False	False	False	effect_preferred_both
COL2A1+KLF1	128	1024	direct_effect_ridge	additive	0.003585830312707684	0.0019173976591933101	0.005503227971900993	30	0	0.005503227971900994	-8.673617379884035e-19	False	False	False	False	False	effect_preferred_both
COL2A1+KLF1	128	1024	direct_effect_ridge	compositional_ridge	0.00403520869957209	0.0019173976591933101	0.005952606358765396	30	0	0.0059526063587654	-4.336808689942018e-18	False	False	False	False	False	effect_preferred_both
COL2A1+KLF1	128	1024	direct_effect_ridge	CPA_0.8.8	0.03437959451567673	0.0019173976591933101	0.03629699217487004	30	0	0.03629699217487004	0.0	False	False	False	False	False	effect_preferred_both
COL2A1+KLF1	135	1080	direct_effect_ridge	additive	0.0036496308854103276	0.0018214947222395463	0.005471125607649876	30	0	0.005471125607649873	2.6020852139652106e-18	False	False	False	False	False	effect_preferred_both
COL2A1+KLF1	135	1080	direct_effect_ridge	compositional_ridge	0.004099009272274733	0.0018214947222395463	0.005920503994514276	30	0	0.005920503994514279	-2.6020852139652106e-18	False	False	False	False	False	effect_preferred_both
COL2A1+KLF1	135	1080	direct_effect_ridge	CPA_0.8.8	0.03440086429461006	0.0018214947222395463	0.0362223590168496	30	0	0.03622235901684961	-6.938893903907228e-18	False	False	False	False	False	effect_preferred_both
DUSP9+PRTG	8	64	direct_effect_ridge	additive	-0.013383065286228535	0.030771096581544737	0.01738803129531621	30	30	0.0173880312953162	1.0408340855860843e-17	True	True	True	False	False	state_to_effect
DUSP9+PRTG	8	64	direct_effect_ridge	compositional_ridge	-0.014992016431020763	0.030771096581544737	0.01577908015052398	30	30	0.015779080150523976	3.469446951953614e-18	True	True	True	False	False	state_to_effect
DUSP9+PRTG	8	64	direct_effect_ridge	CPA_0.8.8	0.04525022967856187	0.030771096581544737	0.07602132626010662	30	0	0.0760213262601066	1.3877787807814457e-17	False	False	False	False	False	effect_preferred_both
DUSP9+PRTG	16	128	direct_effect_ridge	additive	-0.005573837694177255	0.015340822696117635	0.009766985001940388	30	30	0.00976698500194038	6.938893903907228e-18	True	True	True	False	False	state_to_effect
DUSP9+PRTG	16	128	direct_effect_ridge	compositional_ridge	-0.007182788838969482	0.015340822696117635	0.008158033857148155	30	30	0.008158033857148153	1.734723475976807e-18	True	True	True	False	False	state_to_effect
DUSP9+PRTG	16	128	direct_effect_ridge	CPA_0.8.8	0.05243584478759138	0.015340822696117635	0.06777666748370902	30	0	0.06777666748370902	0.0	False	False	False	False	False	effect_preferred_both
DUSP9+PRTG	32	256	direct_effect_ridge	additive	-0.0017637482693781564	0.0077340105629845465	0.005970262293606393	30	30	0.00597026229360639	3.469446951953614e-18	True	True	True	False	False	state_to_effect
DUSP9+PRTG	32	256	direct_effect_ridge	compositional_ridge	-0.003372699414170384	0.0077340105629845465	0.004361311148814163	30	30	0.004361311148814162	8.673617379884035e-19	True	True	True	False	False	state_to_effect
DUSP9+PRTG	32	256	direct_effect_ridge	CPA_0.8.8	0.05520002196957863	0.0077340105629845465	0.06293403253256317	30	0	0.06293403253256317	0.0	False	False	False	False	False	effect_preferred_both
DUSP9+PRTG	64	512	direct_effect_ridge	additive	0.00013444508281319084	0.0038389955844027146	0.003973440667215908	30	9	0.003973440667215906	2.6020852139652106e-18	False	False	False	False	False	effect_preferred_both
DUSP9+PRTG	64	512	direct_effect_ridge	compositional_ridge	-0.0014745060619790367	0.0038389955844027146	0.0023644895224236777	30	30	0.002364489522423678	-4.336808689942018e-19	True	True	True	False	False	state_to_effect
DUSP9+PRTG	64	512	direct_effect_ridge	CPA_0.8.8	0.0566078932339153	0.0038389955844027146	0.06044688881831802	30	0	0.060446888818318015	6.938893903907228e-18	False	False	False	False	False	effect_preferred_both
DUSP9+PRTG	128	1024	direct_effect_ridge	additive	0.0010373680978271454	0.0019173976591933101	0.002954765757020459	30	0	0.0029547657570204557	3.469446951953614e-18	False	False	False	False	False	effect_preferred_both
DUSP9+PRTG	128	1024	direct_effect_ridge	compositional_ridge	-0.0005715830469650823	0.0019173976591933101	0.0013458146122282272	30	30	0.0013458146122282278	-6.505213034913027e-19	True	True	True	False	False	state_to_effect
DUSP9+PRTG	128	1024	direct_effect_ridge	CPA_0.8.8	0.057555762724837214	0.0019173976591933101	0.05947316038403052	30	0	0.05947316038403053	-6.938893903907228e-18	False	False	False	False	False	effect_preferred_both
DUSP9+PRTG	135	1080	direct_effect_ridge	additive	0.0011167191430113733	0.0018214947222395463	0.0029382138652509233	30	0	0.00293821386525092	3.469446951953614e-18	False	False	False	False	False	effect_preferred_both
DUSP9+PRTG	135	1080	direct_effect_ridge	compositional_ridge	-0.0004922320017808543	0.0018214947222395463	0.0013292627204586913	30	30	0.001329262720458692	-6.505213034913027e-19	True	True	True	False	False	state_to_effect
DUSP9+PRTG	135	1080	direct_effect_ridge	CPA_0.8.8	0.05754403707539509	0.0018214947222395463	0.05936553179763464	30	0	0.05936553179763464	0.0	False	False	False	False	False	effect_preferred_both
DUSP9+SNAI1	8	64	direct_effect_ridge	additive	-0.03460232191147663	0.030771096581544737	-0.003831225329931888	30	6	-0.0038312253299318914	3.469446951953614e-18	False	False	False	False	False	state_preferred_both
DUSP9+SNAI1	8	64	direct_effect_ridge	compositional_ridge	0.0073875288645087744	0.030771096581544737	0.03815862544605351	30	0	0.038158625446053515	-6.938893903907228e-18	False	False	False	False	False	effect_preferred_both
DUSP9+SNAI1	8	64	direct_effect_ridge	CPA_0.8.8	0.09372240128788069	0.030771096581544737	0.12449349786942543	30	0	0.12449349786942543	0.0	False	False	False	False	False	effect_preferred_both
DUSP9+SNAI1	16	128	direct_effect_ridge	additive	-0.027229844676806222	0.015340822696117635	-0.011889021980688582	30	0	-0.011889021980688587	5.204170427930421e-18	False	False	False	False	False	state_preferred_both
DUSP9+SNAI1	16	128	direct_effect_ridge	compositional_ridge	0.014760006099179181	0.015340822696117635	0.030100828795296814	30	0	0.030100828795296818	-3.469446951953614e-18	False	False	False	False	False	effect_preferred_both
DUSP9+SNAI1	16	128	direct_effect_ridge	CPA_0.8.8	0.10085814437679305	0.015340822696117635	0.11619896707291069	30	0	0.11619896707291069	0.0	False	False	False	False	False	effect_preferred_both
DUSP9+SNAI1	32	256	direct_effect_ridge	additive	-0.023001952338523694	0.0077340105629845465	-0.015267941775539149	30	0	-0.015267941775539147	-1.734723475976807e-18	False	False	False	False	False	state_preferred_both
DUSP9+SNAI1	32	256	direct_effect_ridge	compositional_ridge	0.018987898437461705	0.0077340105629845465	0.026721909000446242	30	0	0.026721909000446253	-1.0408340855860843e-17	False	False	False	False	False	effect_preferred_both
DUSP9+SNAI1	32	256	direct_effect_ridge	CPA_0.8.8	0.10385287827802761	0.0077340105629845465	0.11158688884101216	30	0	0.11158688884101216	0.0	False	False	False	False	False	effect_preferred_both
DUSP9+SNAI1	64	512	direct_effect_ridge	additive	-0.021060588834471712	0.0038389955844027146	-0.017221593250069	30	0	-0.017221593250068997	-3.469446951953614e-18	False	False	False	False	False	state_preferred_both
DUSP9+SNAI1	64	512	direct_effect_ridge	compositional_ridge	0.02092926194151369	0.0038389955844027146	0.0247682575259164	30	0	0.024768257525916406	-6.938893903907228e-18	False	False	False	False	False	effect_preferred_both
DUSP9+SNAI1	64	512	direct_effect_ridge	CPA_0.8.8	0.10548588013032602	0.0038389955844027146	0.10932487571472872	30	0	0.10932487571472874	-1.3877787807814457e-17	False	False	False	False	False	effect_preferred_both
DUSP9+SNAI1	128	1024	direct_effect_ridge	additive	-0.02026351426705592	0.0019173976591933101	-0.01834611660786261	30	0	-0.01834611660786261	0.0	False	False	False	False	False	state_preferred_both
DUSP9+SNAI1	128	1024	direct_effect_ridge	compositional_ridge	0.021726336508929484	0.0019173976591933101	0.023643734168122786	30	0	0.023643734168122793	-6.938893903907228e-18	False	False	False	False	False	effect_preferred_both
DUSP9+SNAI1	128	1024	direct_effect_ridge	CPA_0.8.8	0.10643337574227409	0.0019173976591933101	0.1083507734014674	30	0	0.1083507734014674	0.0	False	False	False	False	False	effect_preferred_both
DUSP9+SNAI1	135	1080	direct_effect_ridge	additive	-0.020102881569685815	0.0018214947222395463	-0.01828138684744627	30	0	-0.01828138684744627	0.0	False	False	False	False	False	state_preferred_both
DUSP9+SNAI1	135	1080	direct_effect_ridge	compositional_ridge	0.021886969206299588	0.0018214947222395463	0.02370846392853913	30	0	0.023708463928539134	-3.469446951953614e-18	False	False	False	False	False	effect_preferred_both
DUSP9+SNAI1	135	1080	direct_effect_ridge	CPA_0.8.8	0.10642216339891354	0.0018214947222395463	0.1082436581211531	30	0	0.1082436581211531	0.0	False	False	False	False	False	effect_preferred_both
ELMSAN1+ZBTB10	8	64	direct_effect_ridge	additive	-0.016546930053987028	0.030771096581544737	0.014224166527557704	30	30	0.01422416652755771	-5.204170427930421e-18	True	True	True	False	False	state_to_effect
ELMSAN1+ZBTB10	8	64	direct_effect_ridge	compositional_ridge	0.020867973783246715	0.030771096581544737	0.05163907036479145	30	0	0.051639070364791456	-6.938893903907228e-18	False	False	False	False	False	effect_preferred_both
ELMSAN1+ZBTB10	8	64	direct_effect_ridge	CPA_0.8.8	0.08873200388883164	0.030771096581544737	0.11950310047037636	30	0	0.11950310047037638	-1.3877787807814457e-17	False	False	False	False	False	effect_preferred_both
ELMSAN1+ZBTB10	16	128	direct_effect_ridge	additive	-0.009015740555921064	0.015340822696117635	0.00632508214019657	30	30	0.006325082140196571	-8.673617379884035e-19	True	True	True	False	False	state_to_effect
ELMSAN1+ZBTB10	16	128	direct_effect_ridge	compositional_ridge	0.02839916328131268	0.015340822696117635	0.04373998597743031	30	0	0.04373998597743031	0.0	False	False	False	False	False	effect_preferred_both
ELMSAN1+ZBTB10	16	128	direct_effect_ridge	CPA_0.8.8	0.09589102228118765	0.015340822696117635	0.11123184497730529	30	0	0.11123184497730529	0.0	False	False	False	False	False	effect_preferred_both
ELMSAN1+ZBTB10	32	256	direct_effect_ridge	additive	-0.0049218132282234745	0.0077340105629845465	0.0028121973347610676	30	30	0.002812197334761072	-4.336808689942018e-18	True	True	True	False	False	state_to_effect
ELMSAN1+ZBTB10	32	256	direct_effect_ridge	compositional_ridge	0.03249309060901027	0.0077340105629845465	0.040227101171994815	30	0	0.040227101171994815	0.0	False	False	False	False	False	effect_preferred_both
ELMSAN1+ZBTB10	32	256	direct_effect_ridge	CPA_0.8.8	0.09892789327982757	0.0077340105629845465	0.10666190384281211	30	0	0.10666190384281211	0.0	False	False	False	False	False	effect_preferred_both
ELMSAN1+ZBTB10	64	512	direct_effect_ridge	additive	-0.002853307757184828	0.0038389955844027146	0.000985687827217881	30	26	0.0009856878272178865	-5.421010862427522e-18	True	True	True	False	False	state_to_effect
ELMSAN1+ZBTB10	64	512	direct_effect_ridge	compositional_ridge	0.03456159608004892	0.0038389955844027146	0.03840059166445163	30	0	0.03840059166445163	0.0	False	False	False	False	False	effect_preferred_both
ELMSAN1+ZBTB10	64	512	direct_effect_ridge	CPA_0.8.8	0.10072188671276804	0.0038389955844027146	0.10456088229717077	30	0	0.10456088229717075	1.3877787807814457e-17	False	False	False	False	False	effect_preferred_both
ELMSAN1+ZBTB10	128	1024	direct_effect_ridge	additive	-0.0019593244848871063	0.0019173976591933101	-4.192682569380268e-05	30	16	-4.192682569379618e-05	-6.5052130349130266e-18	False	False	False	False	False	state_preferred_both
ELMSAN1+ZBTB10	128	1024	direct_effect_ridge	compositional_ridge	0.03545557935234664	0.0019173976591933101	0.03737297701153995	30	0	0.03737297701153995	0.0	False	False	False	False	False	effect_preferred_both
ELMSAN1+ZBTB10	128	1024	direct_effect_ridge	CPA_0.8.8	0.10174511713845717	0.0019173976591933101	0.10366251479765048	30	0	0.10366251479765048	0.0	False	False	False	False	False	effect_preferred_both
ELMSAN1+ZBTB10	135	1080	direct_effect_ridge	additive	-0.0018725835081308609	0.0018214947222395463	-5.108878589132083e-05	30	13	-5.1088785891314614e-05	-6.213833701057547e-18	False	False	False	False	False	state_preferred_both
ELMSAN1+ZBTB10	135	1080	direct_effect_ridge	compositional_ridge	0.03554232032910288	0.0018214947222395463	0.03736381505134243	30	0	0.037363815051342425	6.938893903907228e-18	False	False	False	False	False	effect_preferred_both
ELMSAN1+ZBTB10	135	1080	direct_effect_ridge	CPA_0.8.8	0.10169041853565448	0.0018214947222395463	0.10351191325789404	30	0	0.10351191325789404	0.0	False	False	False	False	False	effect_preferred_both
ETS2+IGDCC3	8	64	direct_effect_ridge	additive	-0.011054961646026868	0.030771096581544737	0.019716134935517875	30	30	0.019716134935517868	6.938893903907228e-18	True	True	True	False	False	state_to_effect
ETS2+IGDCC3	8	64	direct_effect_ridge	compositional_ridge	-0.02016735930788902	0.030771096581544737	0.010603737273655727	30	30	0.010603737273655718	8.673617379884035e-18	True	True	True	False	False	state_to_effect
ETS2+IGDCC3	8	64	direct_effect_ridge	CPA_0.8.8	-0.004531540371946415	0.030771096581544737	0.026239556209598325	30	27	0.026239556209598322	3.469446951953614e-18	True	True	True	False	False	state_to_effect
ETS2+IGDCC3	16	128	direct_effect_ridge	additive	-0.0032907363064061464	0.015340822696117635	0.012050086389711492	30	30	0.012050086389711489	3.469446951953614e-18	True	True	True	False	False	state_to_effect
ETS2+IGDCC3	16	128	direct_effect_ridge	compositional_ridge	-0.012403133968268297	0.015340822696117635	0.0029376887278493432	30	30	0.002937688727849337	6.071532165918825e-18	True	True	True	False	False	state_to_effect
ETS2+IGDCC3	16	128	direct_effect_ridge	CPA_0.8.8	0.0025099753573088407	0.015340822696117635	0.01785079805342648	30	5	0.017850798053426476	3.469446951953614e-18	False	False	False	False	False	effect_preferred_both
ETS2+IGDCC3	32	256	direct_effect_ridge	additive	0.0003658579295133297	0.0077340105629845465	0.008099868492497879	30	11	0.008099868492497875	3.469446951953614e-18	False	False	False	False	False	effect_preferred_both
ETS2+IGDCC3	32	256	direct_effect_ridge	compositional_ridge	-0.00874653973234882	0.0077340105629845465	-0.0010125291693642716	30	2	-0.0010125291693642733	1.734723475976807e-18	False	False	False	False	False	state_preferred_both
ETS2+IGDCC3	32	256	direct_effect_ridge	CPA_0.8.8	0.0053591841157714475	0.0077340105629845465	0.013093194678755995	30	0	0.013093194678755995	0.0	False	False	False	False	False	effect_preferred_both
ETS2+IGDCC3	64	512	direct_effect_ridge	additive	0.0022985264677697448	0.0038389955844027146	0.006137522052172462	30	0	0.006137522052172459	2.6020852139652106e-18	False	False	False	False	False	effect_preferred_both
ETS2+IGDCC3	64	512	direct_effect_ridge	compositional_ridge	-0.006813871194092405	0.0038389955844027146	-0.0029748756096896877	30	0	-0.0029748756096896907	3.0357660829594124e-18	False	False	False	False	False	state_preferred_both
ETS2+IGDCC3	64	512	direct_effect_ridge	CPA_0.8.8	0.007016462100567287	0.0038389955844027146	0.010855457684970003	30	0	0.010855457684970002	1.734723475976807e-18	False	False	False	False	False	effect_preferred_both
ETS2+IGDCC3	128	1024	direct_effect_ridge	additive	0.0033129867081616907	0.0019173976591933101	0.005230384367355001	30	0	0.005230384367355001	0.0	False	False	False	False	False	effect_preferred_both
ETS2+IGDCC3	128	1024	direct_effect_ridge	compositional_ridge	-0.005799410953700459	0.0019173976591933101	-0.0038820132945071475	30	0	-0.0038820132945071493	1.734723475976807e-18	False	False	False	False	False	state_preferred_both
ETS2+IGDCC3	128	1024	direct_effect_ridge	CPA_0.8.8	0.008055001905404702	0.0019173976591933101	0.00997239956459801	30	0	0.009972399564598012	-1.734723475976807e-18	False	False	False	False	False	effect_preferred_both
ETS2+IGDCC3	135	1080	direct_effect_ridge	additive	0.0033201644189042533	0.0018214947222395463	0.0051416591411438005	30	0	0.0051416591411438	8.673617379884035e-19	False	False	False	False	False	effect_preferred_both
ETS2+IGDCC3	135	1080	direct_effect_ridge	compositional_ridge	-0.005792233242957896	0.0018214947222395463	-0.003970738520718348	30	0	-0.00397073852071835	1.734723475976807e-18	False	False	False	False	False	state_preferred_both
ETS2+IGDCC3	135	1080	direct_effect_ridge	CPA_0.8.8	0.008015838095506291	0.0018214947222395463	0.00983733281774584	30	0	0.009837332817745837	3.469446951953614e-18	False	False	False	False	False	effect_preferred_both
ETS2+IKZF3	8	64	direct_effect_ridge	additive	-0.007005056215614175	0.030771096581544737	0.023766040365930566	30	30	0.023766040365930562	3.469446951953614e-18	True	True	True	False	False	state_to_effect
ETS2+IKZF3	8	64	direct_effect_ridge	compositional_ridge	-0.013238104113324699	0.030771096581544737	0.01753299246822004	30	30	0.017532992468220036	3.469446951953614e-18	True	True	True	False	False	state_to_effect
ETS2+IKZF3	8	64	direct_effect_ridge	CPA_0.8.8	0.06880367779250346	0.030771096581544737	0.0995747743740482	30	0	0.0995747743740482	0.0	False	False	False	False	False	effect_preferred_both
ETS2+IKZF3	16	128	direct_effect_ridge	additive	0.0008082516062225466	0.015340822696117635	0.016149074302340184	30	4	0.01614907430234018	3.469446951953614e-18	False	False	False	False	False	effect_preferred_both
ETS2+IKZF3	16	128	direct_effect_ridge	compositional_ridge	-0.005424796291487978	0.015340822696117635	0.009916026404629658	30	30	0.009916026404629658	0.0	True	True	True	False	False	state_to_effect
ETS2+IKZF3	16	128	direct_effect_ridge	CPA_0.8.8	0.0759041553867899	0.015340822696117635	0.09124497808290753	30	0	0.09124497808290755	-1.3877787807814457e-17	False	False	False	False	False	effect_preferred_both
ETS2+IKZF3	32	256	direct_effect_ridge	additive	0.0043918142863368335	0.0077340105629845465	0.012125824849321381	30	0	0.012125824849321381	0.0	False	False	False	False	False	effect_preferred_both
ETS2+IKZF3	32	256	direct_effect_ridge	compositional_ridge	-0.001841233611373691	0.0077340105629845465	0.005892776951610854	30	30	0.005892776951610855	-8.673617379884035e-19	True	True	True	False	False	state_to_effect
ETS2+IKZF3	32	256	direct_effect_ridge	CPA_0.8.8	0.07849661000856888	0.0077340105629845465	0.08623062057155342	30	0	0.08623062057155342	0.0	False	False	False	False	False	effect_preferred_both
ETS2+IKZF3	64	512	direct_effect_ridge	additive	0.006329788446238282	0.0038389955844027146	0.010168784030640999	30	0	0.010168784030640997	1.734723475976807e-18	False	False	False	False	False	effect_preferred_both
ETS2+IKZF3	64	512	direct_effect_ridge	compositional_ridge	9.674054852775697e-05	0.0038389955844027146	0.003935736132930471	30	17	0.003935736132930472	-8.673617379884035e-19	False	False	False	False	False	effect_preferred_both
ETS2+IKZF3	64	512	direct_effect_ridge	CPA_0.8.8	0.08001383286226998	0.0038389955844027146	0.0838528284466727	30	0	0.0838528284466727	0.0	False	False	False	False	False	effect_preferred_both
ETS2+IKZF3	128	1024	direct_effect_ridge	additive	0.007353578996799747	0.0019173976591933101	0.009270976655993059	30	0	0.009270976655993057	1.734723475976807e-18	False	False	False	False	False	effect_preferred_both
ETS2+IKZF3	128	1024	direct_effect_ridge	compositional_ridge	0.0011205310990892229	0.0019173976591933101	0.0030379287582825315	30	0	0.0030379287582825328	-1.3010426069826053e-18	False	False	False	False	False	effect_preferred_both
ETS2+IKZF3	128	1024	direct_effect_ridge	CPA_0.8.8	0.08106699264826037	0.0019173976591933101	0.08298439030745366	30	0	0.08298439030745368	-1.3877787807814457e-17	False	False	False	False	False	effect_preferred_both
ETS2+IKZF3	135	1080	direct_effect_ridge	additive	0.00738225712389661	0.0018214947222395463	0.009203751846136159	30	0	0.009203751846136156	3.469446951953614e-18	False	False	False	False	False	effect_preferred_both
ETS2+IKZF3	135	1080	direct_effect_ridge	compositional_ridge	0.0011492092261860861	0.0018214947222395463	0.0029707039484256305	30	0	0.002970703948425632	-1.734723475976807e-18	False	False	False	False	False	effect_preferred_both
ETS2+IKZF3	135	1080	direct_effect_ridge	CPA_0.8.8	0.08097556197016338	0.0018214947222395463	0.08279705669240293	30	0	0.08279705669240293	0.0	False	False	False	False	False	effect_preferred_both
ETS2+TGFBR2	8	64	direct_effect_ridge	additive	-0.021513704100855666	0.030771096581544737	0.009257392480689079	30	30	0.009257392480689072	6.938893903907228e-18	True	True	True	False	False	state_to_effect
ETS2+TGFBR2	8	64	direct_effect_ridge	compositional_ridge	-0.015643370311892266	0.030771096581544737	0.015127726269652478	30	30	0.015127726269652472	6.938893903907228e-18	True	True	True	False	False	state_to_effect
ETS2+TGFBR2	8	64	direct_effect_ridge	CPA_0.8.8	-0.014239577524355503	0.030771096581544737	0.016531519057189237	30	30	0.016531519057189234	3.469446951953614e-18	True	True	True	False	False	state_to_effect
ETS2+TGFBR2	16	128	direct_effect_ridge	additive	-0.013697335964865795	0.015340822696117635	0.001643486731251846	30	29	0.0016434867312518399	6.071532165918825e-18	True	True	True	False	False	state_to_effect
ETS2+TGFBR2	16	128	direct_effect_ridge	compositional_ridge	-0.007827002175902395	0.015340822696117635	0.007513820520215247	30	30	0.00751382052021524	6.938893903907228e-18	True	True	True	False	False	state_to_effect
ETS2+TGFBR2	16	128	direct_effect_ridge	CPA_0.8.8	-0.007256049062599096	0.015340822696117635	0.008084773633518541	30	30	0.00808477363351854	1.734723475976807e-18	True	True	True	False	False	state_to_effect
ETS2+TGFBR2	32	256	direct_effect_ridge	additive	-0.01018436623410769	0.0077340105629845465	-0.002450355671123142	30	0	-0.0024503556711231436	1.734723475976807e-18	False	False	False	False	False	state_preferred_both
ETS2+TGFBR2	32	256	direct_effect_ridge	compositional_ridge	-0.004314032445144291	0.0077340105629845465	0.0034199781178402594	30	30	0.0034199781178402555	3.903127820947816e-18	True	True	True	False	False	state_to_effect
ETS2+TGFBR2	32	256	direct_effect_ridge	CPA_0.8.8	-0.0040739990939149895	0.0077340105629845465	0.003660011469069558	30	30	0.003660011469069557	8.673617379884035e-19	True	True	True	False	False	state_to_effect
ETS2+TGFBR2	64	512	direct_effect_ridge	additive	-0.008316607314886239	0.0038389955844027146	-0.004477611730483521	30	0	-0.004477611730483524	2.6020852139652106e-18	False	False	False	False	False	state_preferred_both
ETS2+TGFBR2	64	512	direct_effect_ridge	compositional_ridge	-0.0024462735259228384	0.0038389955844027146	0.0013927220584798792	30	30	0.0013927220584798762	3.0357660829594124e-18	True	True	True	False	False	state_to_effect
ETS2+TGFBR2	64	512	direct_effect_ridge	CPA_0.8.8	-0.0022860267722251927	0.0038389955844027146	0.0015529688121775228	30	30	0.001552968812177522	8.673617379884035e-19	True	True	True	False	False	state_to_effect
ETS2+TGFBR2	128	1024	direct_effect_ridge	additive	-0.007282333913536714	0.0019173976591933101	-0.005364936254343402	30	0	-0.005364936254343405	2.6020852139652106e-18	False	False	False	False	False	state_preferred_both
ETS2+TGFBR2	128	1024	direct_effect_ridge	compositional_ridge	-0.0014120001245733135	0.0019173976591933101	0.0005053975346199992	30	30	0.0005053975346199966	2.6020852139652106e-18	True	True	True	False	False	state_to_effect
ETS2+TGFBR2	128	1024	direct_effect_ridge	CPA_0.8.8	-0.001315368029335895	0.0019173976591933101	0.0006020296298574159	30	30	0.0006020296298574152	7.589415207398531e-19	True	True	True	False	False	state_to_effect
ETS2+TGFBR2	135	1080	direct_effect_ridge	additive	-0.007276472032015323	0.0018214947222395463	-0.005454977309775774	30	0	-0.005454977309775776	1.734723475976807e-18	False	False	False	False	False	state_preferred_both
ETS2+TGFBR2	135	1080	direct_effect_ridge	compositional_ridge	-0.001406138243051923	0.0018214947222395463	0.00041535647918762553	30	30	0.00041535647918762336	2.168404344971009e-18	True	True	True	False	False	state_to_effect
ETS2+TGFBR2	135	1080	direct_effect_ridge	CPA_0.8.8	-0.0013093535361743587	0.0018214947222395463	0.0005121411860651876	30	30	0.0005121411860651876	0.0	True	True	True	False	False	state_to_effect
FOSB+IKZF3	8	64	direct_effect_ridge	additive	-0.021926530434695276	0.030771096581544737	0.008844566146849463	30	30	0.008844566146849461	1.734723475976807e-18	True	True	True	False	False	state_to_effect
FOSB+IKZF3	8	64	direct_effect_ridge	compositional_ridge	-0.044040401022678505	0.030771096581544737	-0.013269304441133768	30	0	-0.013269304441133768	0.0	False	False	False	False	False	state_preferred_both
FOSB+IKZF3	8	64	direct_effect_ridge	CPA_0.8.8	-0.0024599888960016394	0.030771096581544737	0.0283111076855431	30	18	0.028311107685543097	3.469446951953614e-18	True	True	True	False	False	state_to_effect
FOSB+IKZF3	16	128	direct_effect_ridge	additive	-0.013970766446744201	0.015340822696117635	0.00137005624937344	30	23	0.001370056249373433	6.938893903907228e-18	True	True	True	False	False	state_to_effect
FOSB+IKZF3	16	128	direct_effect_ridge	compositional_ridge	-0.03608463703472743	0.015340822696117635	-0.020743814338609796	30	0	-0.0207438143386098	3.469446951953614e-18	False	False	False	False	False	state_preferred_both
FOSB+IKZF3	16	128	direct_effect_ridge	CPA_0.8.8	0.0047487451734139685	0.015340822696117635	0.020089567869531606	30	3	0.020089567869531602	3.469446951953614e-18	False	False	False	False	False	effect_preferred_both
FOSB+IKZF3	32	256	direct_effect_ridge	additive	-0.010681156081623911	0.0077340105629845465	-0.0029471455186393662	30	0	-0.002947145518639365	-1.3010426069826053e-18	False	False	False	False	False	state_preferred_both
FOSB+IKZF3	32	256	direct_effect_ridge	compositional_ridge	-0.032795026669607145	0.0077340105629845465	-0.025061016106622598	30	0	-0.025061016106622598	0.0	False	False	False	False	False	state_preferred_both
FOSB+IKZF3	32	256	direct_effect_ridge	CPA_0.8.8	0.007091922201526219	0.0077340105629845465	0.014825932764510769	30	0	0.014825932764510765	3.469446951953614e-18	False	False	False	False	False	effect_preferred_both
FOSB+IKZF3	64	512	direct_effect_ridge	additive	-0.008865110726630815	0.0038389955844027146	-0.005026115142228099	30	0	-0.0050261151422281	8.673617379884035e-19	False	False	False	False	False	state_preferred_both
FOSB+IKZF3	64	512	direct_effect_ridge	compositional_ridge	-0.03097898131461405	0.0038389955844027146	-0.02713998573021133	30	0	-0.027139985730211334	3.469446951953614e-18	False	False	False	False	False	state_preferred_both
FOSB+IKZF3	64	512	direct_effect_ridge	CPA_0.8.8	0.00855430767548291	0.0038389955844027146	0.012393303259885628	30	0	0.012393303259885625	3.469446951953614e-18	False	False	False	False	False	effect_preferred_both
FOSB+IKZF3	128	1024	direct_effect_ridge	additive	-0.007762864592019887	0.0019173976591933101	-0.005845466932826573	30	0	-0.005845466932826577	4.336808689942018e-18	False	False	False	False	False	state_preferred_both
FOSB+IKZF3	128	1024	direct_effect_ridge	compositional_ridge	-0.029876735180003118	0.0019173976591933101	-0.027959337520809806	30	0	-0.02795933752080981	3.469446951953614e-18	False	False	False	False	False	state_preferred_both
FOSB+IKZF3	128	1024	direct_effect_ridge	CPA_0.8.8	0.009682770191173489	0.0019173976591933101	0.011600167850366801	30	0	0.0116001678503668	1.734723475976807e-18	False	False	False	False	False	effect_preferred_both
FOSB+IKZF3	135	1080	direct_effect_ridge	additive	-0.0077984298584069965	0.0018214947222395463	-0.005976935136167451	30	0	-0.00597693513616745	-8.673617379884035e-19	False	False	False	False	False	state_preferred_both
FOSB+IKZF3	135	1080	direct_effect_ridge	compositional_ridge	-0.029912300446390226	0.0018214947222395463	-0.028090805724150684	30	0	-0.02809080572415068	-3.469446951953614e-18	False	False	False	False	False	state_preferred_both
FOSB+IKZF3	135	1080	direct_effect_ridge	CPA_0.8.8	0.009553964165774151	0.0018214947222395463	0.011375458888013697	30	0	0.011375458888013697	0.0	False	False	False	False	False	effect_preferred_both
FOSB+OSR2	8	64	direct_effect_ridge	additive	-0.021472843856051357	0.030771096581544737	0.009298252725493377	30	30	0.00929825272549338	-3.469446951953614e-18	True	True	True	False	False	state_to_effect
FOSB+OSR2	8	64	direct_effect_ridge	compositional_ridge	-0.017043418478015437	0.030771096581544737	0.013727678103529305	30	30	0.0137276781035293	5.204170427930421e-18	True	True	True	False	False	state_to_effect
FOSB+OSR2	8	64	direct_effect_ridge	CPA_0.8.8	0.039027291288634795	0.030771096581544737	0.06979838787017954	30	0	0.06979838787017953	1.3877787807814457e-17	False	False	False	False	False	effect_preferred_both
FOSB+OSR2	16	128	direct_effect_ridge	additive	-0.013494553607274468	0.015340822696117635	0.0018462690888431678	30	30	0.0018462690888431665	1.3010426069826053e-18	True	True	True	False	False	state_to_effect
FOSB+OSR2	16	128	direct_effect_ridge	compositional_ridge	-0.009065128229238547	0.015340822696117635	0.006275694466879091	30	30	0.0062756944668790875	3.469446951953614e-18	True	True	True	False	False	state_to_effect
FOSB+OSR2	16	128	direct_effect_ridge	CPA_0.8.8	0.046248034040263654	0.015340822696117635	0.061588856736381294	30	0	0.06158885673638129	6.938893903907228e-18	False	False	False	False	False	effect_preferred_both
FOSB+OSR2	32	256	direct_effect_ridge	additive	-0.00994705344528413	0.0077340105629845465	-0.002213042882299585	30	0	-0.0022130428822995834	-1.734723475976807e-18	False	False	False	False	False	state_preferred_both
FOSB+OSR2	32	256	direct_effect_ridge	compositional_ridge	-0.005517628067248209	0.0077340105629845465	0.00221638249573634	30	30	0.0022163824957363376	2.168404344971009e-18	True	True	True	False	False	state_to_effect
FOSB+OSR2	32	256	direct_effect_ridge	CPA_0.8.8	0.049162751270005266	0.0077340105629845465	0.05689676183298982	30	0	0.05689676183298981	6.938893903907228e-18	False	False	False	False	False	effect_preferred_both
FOSB+OSR2	64	512	direct_effect_ridge	additive	-0.008022930503540937	0.0038389955844027146	-0.004183934919138225	30	0	-0.004183934919138222	-2.6020852139652106e-18	False	False	False	False	False	state_preferred_both
FOSB+OSR2	64	512	direct_effect_ridge	compositional_ridge	-0.0035935051255050173	0.0038389955844027146	0.0002454904588977	30	21	0.0002454904588976973	2.710505431213761e-18	True	True	True	False	False	state_to_effect
FOSB+OSR2	64	512	direct_effect_ridge	CPA_0.8.8	0.05111649436616028	0.0038389955844027146	0.054955489950563	30	0	0.05495548995056299	6.938893903907228e-18	False	False	False	False	False	effect_preferred_both
FOSB+OSR2	128	1024	direct_effect_ridge	additive	-0.0069675291642467005	0.0019173976591933101	-0.005050131505053393	30	0	-0.005050131505053391	-1.734723475976807e-18	False	False	False	False	False	state_preferred_both
FOSB+OSR2	128	1024	direct_effect_ridge	compositional_ridge	-0.002538103786210779	0.0019173976591933101	-0.0006207061270174675	30	0	-0.000620706127017469	1.5178830414797062e-18	False	False	False	False	False	state_preferred_both
FOSB+OSR2	128	1024	direct_effect_ridge	CPA_0.8.8	0.05218574918186854	0.0019173976591933101	0.05410314684106185	30	0	0.05410314684106185	0.0	False	False	False	False	False	effect_preferred_both
FOSB+OSR2	135	1080	direct_effect_ridge	additive	-0.006961122044647451	0.0018214947222395463	-0.005139627322407906	30	0	-0.005139627322407905	-8.673617379884035e-19	False	False	False	False	False	state_preferred_both
FOSB+OSR2	135	1080	direct_effect_ridge	compositional_ridge	-0.00253169666661153	0.0018214947222395463	-0.0007102019443719812	30	0	-0.0007102019443719835	2.3852447794681098e-18	False	False	False	False	False	state_preferred_both
FOSB+OSR2	135	1080	direct_effect_ridge	CPA_0.8.8	0.05213329327355302	0.0018214947222395463	0.05395478799579257	30	0	0.053954787995792564	6.938893903907228e-18	False	False	False	False	False	effect_preferred_both
FOSB+PTPN12	8	64	direct_effect_ridge	additive	-0.03923344355387439	0.030771096581544737	-0.008462346972329652	30	0	-0.008462346972329653	1.734723475976807e-18	False	False	False	False	False	state_preferred_both
FOSB+PTPN12	8	64	direct_effect_ridge	compositional_ridge	-0.037219111396638714	0.030771096581544737	-0.0064480148150939725	30	0	-0.006448014815093977	4.336808689942018e-18	False	False	False	False	False	state_preferred_both
FOSB+PTPN12	8	64	direct_effect_ridge	CPA_0.8.8	-0.039862914172557745	0.030771096581544737	-0.009091817591013006	30	0	-0.009091817591013008	1.734723475976807e-18	False	False	False	False	False	state_preferred_both
FOSB+PTPN12	16	128	direct_effect_ridge	additive	-0.03130267906159381	0.015340822696117635	-0.015961856365476174	30	0	-0.01596185636547618	6.938893903907228e-18	False	False	False	False	False	state_preferred_both
FOSB+PTPN12	16	128	direct_effect_ridge	compositional_ridge	-0.02928834690435813	0.015340822696117635	-0.013947524208240492	30	0	-0.013947524208240495	3.469446951953614e-18	False	False	False	False	False	state_preferred_both
FOSB+PTPN12	16	128	direct_effect_ridge	CPA_0.8.8	-0.03269680868849148	0.015340822696117635	-0.017355985992373837	30	0	-0.017355985992373847	1.0408340855860843e-17	False	False	False	False	False	state_preferred_both
FOSB+PTPN12	32	256	direct_effect_ridge	additive	-0.02787273330730054	0.0077340105629845465	-0.02013872274431599	30	0	-0.020138722744315992	3.469446951953614e-18	False	False	False	False	False	state_preferred_both
FOSB+PTPN12	32	256	direct_effect_ridge	compositional_ridge	-0.02585840115006486	0.0077340105629845465	-0.01812439058708031	30	0	-0.018124390587080312	3.469446951953614e-18	False	False	False	False	False	state_preferred_both
FOSB+PTPN12	32	256	direct_effect_ridge	CPA_0.8.8	-0.03002523361020533	0.0077340105629845465	-0.022291223047220785	30	0	-0.022291223047220782	-3.469446951953614e-18	False	False	False	False	False	state_preferred_both
FOSB+PTPN12	64	512	direct_effect_ridge	additive	-0.02598023906173565	0.0038389955844027146	-0.02214124347733294	30	0	-0.022141243477332935	-3.469446951953614e-18	False	False	False	False	False	state_preferred_both
FOSB+PTPN12	64	512	direct_effect_ridge	compositional_ridge	-0.02396590690449997	0.0038389955844027146	-0.02012691132009726	30	0	-0.020126911320097255	-3.469446951953614e-18	False	False	False	False	False	state_preferred_both
FOSB+PTPN12	64	512	direct_effect_ridge	CPA_0.8.8	-0.028403761180735374	0.0038389955844027146	-0.024564765596332656	30	0	-0.02456476559633266	3.469446951953614e-18	False	False	False	False	False	state_preferred_both
FOSB+PTPN12	128	1024	direct_effect_ridge	additive	-0.024887212500897284	0.0019173976591933101	-0.022969814841703975	30	0	-0.022969814841703975	0.0	False	False	False	False	False	state_preferred_both
FOSB+PTPN12	128	1024	direct_effect_ridge	compositional_ridge	-0.022872880343661604	0.0019173976591933101	-0.020955482684468296	30	0	-0.020955482684468296	0.0	False	False	False	False	False	state_preferred_both
FOSB+PTPN12	128	1024	direct_effect_ridge	CPA_0.8.8	-0.027336848192869127	0.0019173976591933101	-0.02541945053367582	30	0	-0.02541945053367582	0.0	False	False	False	False	False	state_preferred_both
FOSB+PTPN12	135	1080	direct_effect_ridge	additive	-0.024920730518443384	0.0018214947222395463	-0.023099235796203835	30	0	-0.023099235796203838	3.469446951953614e-18	False	False	False	False	False	state_preferred_both
FOSB+PTPN12	135	1080	direct_effect_ridge	compositional_ridge	-0.022906398361207704	0.0018214947222395463	-0.021084903638968155	30	0	-0.021084903638968158	3.469446951953614e-18	False	False	False	False	False	state_preferred_both
FOSB+PTPN12	135	1080	direct_effect_ridge	CPA_0.8.8	-0.02739442496524641	0.0018214947222395463	-0.025572930243006865	30	0	-0.025572930243006865	0.0	False	False	False	False	False	state_preferred_both
FOSB+UBASH3B	8	64	direct_effect_ridge	additive	-0.042544280074134626	0.030771096581544737	-0.011773183492589885	30	0	-0.011773183492589889	3.469446951953614e-18	False	False	False	False	False	state_preferred_both
FOSB+UBASH3B	8	64	direct_effect_ridge	compositional_ridge	-0.03273861551752301	0.030771096581544737	-0.0019675189359782694	30	10	-0.001967518935978272	2.6020852139652106e-18	False	False	False	False	False	state_preferred_both
FOSB+UBASH3B	8	64	direct_effect_ridge	CPA_0.8.8	-0.037088696651154926	0.030771096581544737	-0.006317600069610183	30	3	-0.006317600069610189	6.071532165918825e-18	False	False	False	False	False	state_preferred_both
FOSB+UBASH3B	16	128	direct_effect_ridge	additive	-0.03458307579672198	0.015340822696117635	-0.019242253100604338	30	0	-0.019242253100604345	6.938893903907228e-18	False	False	False	False	False	state_preferred_both
FOSB+UBASH3B	16	128	direct_effect_ridge	compositional_ridge	-0.024777411240110354	0.015340822696117635	-0.00943658854399272	30	0	-0.00943658854399272	0.0	False	False	False	False	False	state_preferred_both
FOSB+UBASH3B	16	128	direct_effect_ridge	CPA_0.8.8	-0.029900361275110265	0.015340822696117635	-0.014559538578992625	30	0	-0.01455953857899263	5.204170427930421e-18	False	False	False	False	False	state_preferred_both
FOSB+UBASH3B	32	256	direct_effect_ridge	additive	-0.031300562104941046	0.0077340105629845465	-0.023566551541956495	30	0	-0.0235665515419565	3.469446951953614e-18	False	False	False	False	False	state_preferred_both
FOSB+UBASH3B	32	256	direct_effect_ridge	compositional_ridge	-0.021494897548329426	0.0077340105629845465	-0.01376088698534488	30	0	-0.013760886985344879	-1.734723475976807e-18	False	False	False	False	False	state_preferred_both
FOSB+UBASH3B	32	256	direct_effect_ridge	CPA_0.8.8	-0.027361145424454406	0.0077340105629845465	-0.01962713486146986	30	0	-0.019627134861469858	-3.469446951953614e-18	False	False	False	False	False	state_preferred_both
FOSB+UBASH3B	64	512	direct_effect_ridge	additive	-0.02948899607691736	0.0038389955844027146	-0.025650000492514643	30	0	-0.025650000492514646	3.469446951953614e-18	False	False	False	False	False	state_preferred_both
FOSB+UBASH3B	64	512	direct_effect_ridge	compositional_ridge	-0.019683331520305738	0.0038389955844027146	-0.015844335935903026	30	0	-0.015844335935903023	-3.469446951953614e-18	False	False	False	False	False	state_preferred_both
FOSB+UBASH3B	64	512	direct_effect_ridge	CPA_0.8.8	-0.02571018547487523	0.0038389955844027146	-0.02187118989047251	30	0	-0.021871189890472514	3.469446951953614e-18	False	False	False	False	False	state_preferred_both
FOSB+UBASH3B	128	1024	direct_effect_ridge	additive	-0.02838735670730402	0.0019173976591933101	-0.026469959048110708	30	0	-0.02646995904811071	3.469446951953614e-18	False	False	False	False	False	state_preferred_both
FOSB+UBASH3B	128	1024	direct_effect_ridge	compositional_ridge	-0.018581692150692396	0.0019173976591933101	-0.01666429449149909	30	0	-0.016664294491499088	-3.469446951953614e-18	False	False	False	False	False	state_preferred_both
FOSB+UBASH3B	128	1024	direct_effect_ridge	CPA_0.8.8	-0.024606865869888514	0.0019173976591933101	-0.022689468210695205	30	0	-0.022689468210695205	0.0	False	False	False	False	False	state_preferred_both
FOSB+UBASH3B	135	1080	direct_effect_ridge	additive	-0.028430428566843906	0.0018214947222395463	-0.026608933844604356	30	0	-0.02660893384460436	3.469446951953614e-18	False	False	False	False	False	state_preferred_both
FOSB+UBASH3B	135	1080	direct_effect_ridge	compositional_ridge	-0.018624764010232282	0.0018214947222395463	-0.01680326928799274	30	0	-0.016803269287992736	-3.469446951953614e-18	False	False	False	False	False	state_preferred_both
FOSB+UBASH3B	135	1080	direct_effect_ridge	CPA_0.8.8	-0.02468090143655983	0.0018214947222395463	-0.022859406714320286	30	0	-0.022859406714320286	0.0	False	False	False	False	False	state_preferred_both
FOXA1+FOXA3	8	64	direct_effect_ridge	additive	-0.013864989360315504	0.030771096581544737	0.016906107221229236	30	30	0.016906107221229233	3.469446951953614e-18	True	True	True	False	False	state_to_effect
FOXA1+FOXA3	8	64	direct_effect_ridge	compositional_ridge	-0.00444304635896728	0.030771096581544737	0.02632805022257746	30	30	0.026328050222577455	3.469446951953614e-18	True	True	True	False	False	state_to_effect
FOXA1+FOXA3	8	64	direct_effect_ridge	CPA_0.8.8	0.06637498962008932	0.030771096581544737	0.09714608620163406	30	0	0.09714608620163406	0.0	False	False	False	False	False	effect_preferred_both
FOXA1+FOXA3	16	128	direct_effect_ridge	additive	-0.006120649596039075	0.015340822696117635	0.009220173100078562	30	30	0.00922017310007856	1.734723475976807e-18	True	True	True	False	False	state_to_effect
FOXA1+FOXA3	16	128	direct_effect_ridge	compositional_ridge	0.0033012934053091507	0.015340822696117635	0.018642116101426787	30	0	0.018642116101426784	3.469446951953614e-18	False	False	False	False	False	effect_preferred_both
FOXA1+FOXA3	16	128	direct_effect_ridge	CPA_0.8.8	0.07363270731931679	0.015340822696117635	0.08897353001543443	30	0	0.08897353001543443	0.0	False	False	False	False	False	effect_preferred_both
FOXA1+FOXA3	32	256	direct_effect_ridge	additive	-0.002197874889370843	0.0077340105629845465	0.005536135673613704	30	30	0.005536135673613704	0.0	True	True	True	False	False	state_to_effect
FOXA1+FOXA3	32	256	direct_effect_ridge	compositional_ridge	0.007224068111977383	0.0077340105629845465	0.01495807867496193	30	0	0.01495807867496193	0.0	False	False	False	False	False	effect_preferred_both
FOXA1+FOXA3	32	256	direct_effect_ridge	CPA_0.8.8	0.07641159084210977	0.0077340105629845465	0.08414560140509433	30	0	0.08414560140509432	1.3877787807814457e-17	False	False	False	False	False	effect_preferred_both
FOXA1+FOXA3	64	512	direct_effect_ridge	additive	-0.0002908244483309611	0.0038389955844027146	0.003548171136071754	30	28	0.0035481711360717534	4.336808689942018e-19	True	True	True	False	False	state_to_effect
FOXA1+FOXA3	64	512	direct_effect_ridge	compositional_ridge	0.009131118553017264	0.0038389955844027146	0.01297011413741998	30	0	0.01297011413741998	0.0	False	False	False	False	False	effect_preferred_both
FOXA1+FOXA3	64	512	direct_effect_ridge	CPA_0.8.8	0.07798135824407691	0.0038389955844027146	0.08182035382847963	30	0	0.08182035382847963	0.0	False	False	False	False	False	effect_preferred_both
FOXA1+FOXA3	128	1024	direct_effect_ridge	additive	0.0006636617461319574	0.0019173976591933101	0.0025810594053252674	30	0	0.0025810594053252674	0.0	False	False	False	False	False	effect_preferred_both
FOXA1+FOXA3	128	1024	direct_effect_ridge	compositional_ridge	0.010085604747480183	0.0019173976591933101	0.012003002406673492	30	0	0.012003002406673494	-1.734723475976807e-18	False	False	False	False	False	effect_preferred_both
FOXA1+FOXA3	128	1024	direct_effect_ridge	CPA_0.8.8	0.07904654351854813	0.0019173976591933101	0.08096394117774144	30	0	0.08096394117774144	0.0	False	False	False	False	False	effect_preferred_both
FOXA1+FOXA3	135	1080	direct_effect_ridge	additive	0.0007201815110150601	0.0018214947222395463	0.0025416762332546054	30	0	0.0025416762332546063	-8.673617379884035e-19	False	False	False	False	False	effect_preferred_both
FOXA1+FOXA3	135	1080	direct_effect_ridge	compositional_ridge	0.010142124512363286	0.0018214947222395463	0.01196361923460283	30	0	0.011963619234602832	-1.734723475976807e-18	False	False	False	False	False	effect_preferred_both
FOXA1+FOXA3	135	1080	direct_effect_ridge	CPA_0.8.8	0.07897484199716541	0.0018214947222395463	0.08079633671940495	30	0	0.08079633671940496	-1.3877787807814457e-17	False	False	False	False	False	effect_preferred_both
FOXA1+FOXL2	8	64	direct_effect_ridge	additive	-0.009908016293502594	0.030771096581544737	0.02086308028804215	30	30	0.020863080288042145	3.469446951953614e-18	True	True	True	False	False	state_to_effect
FOXA1+FOXL2	8	64	direct_effect_ridge	compositional_ridge	-0.017386385818040504	0.030771096581544737	0.013384710763504238	30	30	0.013384710763504233	5.204170427930421e-18	True	True	True	False	False	state_to_effect
FOXA1+FOXL2	8	64	direct_effect_ridge	CPA_0.8.8	0.052531288976086395	0.030771096581544737	0.08330238555763114	30	0	0.08330238555763113	1.3877787807814457e-17	False	False	False	False	False	effect_preferred_both
FOXA1+FOXL2	16	128	direct_effect_ridge	additive	-0.002162351682601988	0.015340822696117635	0.013178471013515651	30	30	0.013178471013515648	3.469446951953614e-18	True	True	True	False	False	state_to_effect
FOXA1+FOXL2	16	128	direct_effect_ridge	compositional_ridge	-0.009640721207139899	0.015340822696117635	0.00570010148897774	30	30	0.005700101488977736	4.336808689942018e-18	True	True	True	False	False	state_to_effect
FOXA1+FOXL2	16	128	direct_effect_ridge	CPA_0.8.8	0.059832188965503595	0.015340822696117635	0.07517301166162123	30	0	0.07517301166162123	0.0	False	False	False	False	False	effect_preferred_both
FOXA1+FOXL2	32	256	direct_effect_ridge	additive	0.001492670918015945	0.0077340105629845465	0.009226681481000495	30	2	0.009226681481000492	3.469446951953614e-18	False	False	False	False	False	effect_preferred_both
FOXA1+FOXL2	32	256	direct_effect_ridge	compositional_ridge	-0.005985698606521966	0.0077340105629845465	0.001748311956462582	30	30	0.0017483119564625808	1.3010426069826053e-18	True	True	True	False	False	state_to_effect
FOXA1+FOXL2	32	256	direct_effect_ridge	CPA_0.8.8	0.06247946591693441	0.0077340105629845465	0.07021347647991896	30	0	0.07021347647991895	1.3877787807814457e-17	False	False	False	False	False	effect_preferred_both
FOXA1+FOXL2	64	512	direct_effect_ridge	additive	0.003338170808166575	0.0038389955844027146	0.007177166392569293	30	0	0.00717716639256929	2.6020852139652106e-18	False	False	False	False	False	effect_preferred_both
FOXA1+FOXL2	64	512	direct_effect_ridge	compositional_ridge	-0.004140198716371335	0.0038389955844027146	-0.0003012031319686187	30	5	-0.0003012031319686204	1.6805133673525319e-18	False	False	False	False	False	state_preferred_both
FOXA1+FOXL2	64	512	direct_effect_ridge	CPA_0.8.8	0.06407518893346684	0.0038389955844027146	0.06791418451786956	30	0	0.06791418451786956	0.0	False	False	False	False	False	effect_preferred_both
FOXA1+FOXL2	128	1024	direct_effect_ridge	additive	0.004331472658253911	0.0019173976591933101	0.006248870317447225	30	0	0.006248870317447221	3.469446951953614e-18	False	False	False	False	False	effect_preferred_both
FOXA1+FOXL2	128	1024	direct_effect_ridge	compositional_ridge	-0.003146896866283999	0.0019173976591933101	-0.0012294992070906877	30	0	-0.001229499207090689	1.3010426069826053e-18	False	False	False	False	False	state_preferred_both
FOXA1+FOXL2	128	1024	direct_effect_ridge	CPA_0.8.8	0.06515312351317824	0.0019173976591933101	0.06707052117237157	30	0	0.06707052117237156	1.3877787807814457e-17	False	False	False	False	False	effect_preferred_both
FOXA1+FOXL2	135	1080	direct_effect_ridge	additive	0.004357593007502911	0.0018214947222395463	0.00617908772974246	30	0	0.006179087729742457	2.6020852139652106e-18	False	False	False	False	False	effect_preferred_both
FOXA1+FOXL2	135	1080	direct_effect_ridge	compositional_ridge	-0.0031207765170349986	0.0018214947222395463	-0.001299281794795452	30	0	-0.0012992817947954523	4.336808689942018e-19	False	False	False	False	False	state_preferred_both
FOXA1+FOXL2	135	1080	direct_effect_ridge	CPA_0.8.8	0.06505835296016087	0.0018214947222395463	0.0668798476824004	30	0	0.06687984768240042	-1.3877787807814457e-17	False	False	False	False	False	effect_preferred_both
FOXA1+HOXB9	8	64	direct_effect_ridge	additive	-0.009367676383992695	0.030771096581544737	0.021403420197552047	30	30	0.021403420197552044	3.469446951953614e-18	True	True	True	False	False	state_to_effect
FOXA1+HOXB9	8	64	direct_effect_ridge	compositional_ridge	0.0006748624641189796	0.030771096581544737	0.03144595904566372	30	6	0.03144595904566372	0.0	False	False	False	False	False	effect_preferred_both
FOXA1+HOXB9	8	64	direct_effect_ridge	CPA_0.8.8	0.07624657911011888	0.030771096581544737	0.10701767569166364	30	0	0.10701767569166362	1.3877787807814457e-17	False	False	False	False	False	effect_preferred_both
FOXA1+HOXB9	16	128	direct_effect_ridge	additive	-0.0016897539022546692	0.015340822696117635	0.013651068793862966	30	30	0.013651068793862966	0.0	True	True	True	False	False	state_to_effect
FOXA1+HOXB9	16	128	direct_effect_ridge	compositional_ridge	0.008352784945857006	0.015340822696117635	0.02369360764197464	30	0	0.02369360764197464	0.0	False	False	False	False	False	effect_preferred_both
FOXA1+HOXB9	16	128	direct_effect_ridge	CPA_0.8.8	0.08352241767603776	0.015340822696117635	0.0988632403721554	30	0	0.0988632403721554	0.0	False	False	False	False	False	effect_preferred_both
FOXA1+HOXB9	32	256	direct_effect_ridge	additive	0.002144655015859943	0.0077340105629845465	0.009878665578844486	30	0	0.00987866557884449	-3.469446951953614e-18	False	False	False	False	False	effect_preferred_both
FOXA1+HOXB9	32	256	direct_effect_ridge	compositional_ridge	0.012187193863971619	0.0077340105629845465	0.01992120442695616	30	0	0.019921204426956166	-6.938893903907228e-18	False	False	False	False	False	effect_preferred_both
FOXA1+HOXB9	32	256	direct_effect_ridge	CPA_0.8.8	0.08632650826792672	0.0077340105629845465	0.09406051883091125	30	0	0.09406051883091127	-1.3877787807814457e-17	False	False	False	False	False	effect_preferred_both
FOXA1+HOXB9	64	512	direct_effect_ridge	additive	0.004005476843022352	0.0038389955844027146	0.007844472427425064	30	0	0.007844472427425066	-1.734723475976807e-18	False	False	False	False	False	effect_preferred_both
FOXA1+HOXB9	64	512	direct_effect_ridge	compositional_ridge	0.014048015691134027	0.0038389955844027146	0.017887011275536737	30	0	0.01788701127553674	-3.469446951953614e-18	False	False	False	False	False	effect_preferred_both
FOXA1+HOXB9	64	512	direct_effect_ridge	CPA_0.8.8	0.08792755947504736	0.0038389955844027146	0.0917665550594501	30	0	0.09176655505945008	1.3877787807814457e-17	False	False	False	False	False	effect_preferred_both
FOXA1+HOXB9	128	1024	direct_effect_ridge	additive	0.004957577548953327	0.0019173976591933101	0.006874975208146634	30	0	0.006874975208146637	-3.469446951953614e-18	False	False	False	False	False	effect_preferred_both
FOXA1+HOXB9	128	1024	direct_effect_ridge	compositional_ridge	0.015000116397065002	0.0019173976591933101	0.01691751405625831	30	0	0.016917514056258312	-3.469446951953614e-18	False	False	False	False	False	effect_preferred_both
FOXA1+HOXB9	128	1024	direct_effect_ridge	CPA_0.8.8	0.08896958348137639	0.0019173976591933101	0.0908869811405697	30	0	0.0908869811405697	0.0	False	False	False	False	False	effect_preferred_both
FOXA1+HOXB9	135	1080	direct_effect_ridge	additive	0.005022582135353143	0.0018214947222395463	0.006844076857592686	30	0	0.006844076857592689	-2.6020852139652106e-18	False	False	False	False	False	effect_preferred_both
FOXA1+HOXB9	135	1080	direct_effect_ridge	compositional_ridge	0.015065120983464818	0.0018214947222395463	0.01688661570570436	30	0	0.016886615705704364	-3.469446951953614e-18	False	False	False	False	False	effect_preferred_both
FOXA1+HOXB9	135	1080	direct_effect_ridge	CPA_0.8.8	0.0888979316740579	0.0018214947222395463	0.09071942639629745	30	0	0.09071942639629746	-1.3877787807814457e-17	False	False	False	False	False	effect_preferred_both
FOXA3+HOXB9	8	64	direct_effect_ridge	additive	-0.013545312512384415	0.030771096581544737	0.017225784069160324	30	30	0.017225784069160324	0.0	True	True	True	False	False	state_to_effect
FOXA3+HOXB9	8	64	direct_effect_ridge	compositional_ridge	0.009034540382869964	0.030771096581544737	0.0398056369644147	30	0	0.0398056369644147	0.0	False	False	False	False	False	effect_preferred_both
FOXA3+HOXB9	8	64	direct_effect_ridge	CPA_0.8.8	0.10667390294968176	0.030771096581544737	0.13744499953122652	30	0	0.1374449995312265	2.7755575615628914e-17	False	False	False	False	False	effect_preferred_both
FOXA3+HOXB9	16	128	direct_effect_ridge	additive	-0.005980028653616933	0.015340822696117635	0.009360794042500703	30	30	0.009360794042500701	1.734723475976807e-18	True	True	True	False	False	state_to_effect
FOXA3+HOXB9	16	128	direct_effect_ridge	compositional_ridge	0.016599824241637445	0.015340822696117635	0.031940646937755085	30	0	0.03194064693775508	6.938893903907228e-18	False	False	False	False	False	effect_preferred_both
FOXA3+HOXB9	16	128	direct_effect_ridge	CPA_0.8.8	0.1139389408406554	0.015340822696117635	0.12927976353677303	30	0	0.12927976353677303	0.0	False	False	False	False	False	effect_preferred_both
FOXA3+HOXB9	32	256	direct_effect_ridge	additive	-0.002192590267450179	0.0077340105629845465	0.005541420295534367	30	30	0.005541420295534368	-8.673617379884035e-19	True	True	True	False	False	state_to_effect
FOXA3+HOXB9	32	256	direct_effect_ridge	compositional_ridge	0.0203872626278042	0.0077340105629845465	0.02812127319078874	30	0	0.028121273190788748	-6.938893903907228e-18	False	False	False	False	False	effect_preferred_both
FOXA3+HOXB9	32	256	direct_effect_ridge	CPA_0.8.8	0.11650798564082457	0.0077340105629845465	0.1242419962038091	30	0	0.12424199620380912	-1.3877787807814457e-17	False	False	False	False	False	effect_preferred_both
FOXA3+HOXB9	64	512	direct_effect_ridge	additive	-0.0003210214809827569	0.0038389955844027146	0.0035179741034199576	30	25	0.0035179741034199576	0.0	True	True	True	False	False	state_to_effect
FOXA3+HOXB9	64	512	direct_effect_ridge	compositional_ridge	0.02225883141427162	0.0038389955844027146	0.026097826998674335	30	0	0.026097826998674335	0.0	False	False	False	False	False	effect_preferred_both
FOXA3+HOXB9	64	512	direct_effect_ridge	CPA_0.8.8	0.11810405772451923	0.0038389955844027146	0.12194305330892194	30	0	0.12194305330892195	-1.3877787807814457e-17	False	False	False	False	False	effect_preferred_both
FOXA3+HOXB9	128	1024	direct_effect_ridge	additive	0.0006074945884360062	0.0019173976591933101	0.0025248922476293146	30	0	0.0025248922476293163	-1.734723475976807e-18	False	False	False	False	False	effect_preferred_both
FOXA3+HOXB9	128	1024	direct_effect_ridge	compositional_ridge	0.023187347483690383	0.0019173976591933101	0.025104745142883692	30	0	0.025104745142883692	0.0	False	False	False	False	False	effect_preferred_both
FOXA3+HOXB9	128	1024	direct_effect_ridge	CPA_0.8.8	0.11918597586254331	0.0019173976591933101	0.12110337352173663	30	0	0.12110337352173663	0.0	False	False	False	False	False	effect_preferred_both
FOXA3+HOXB9	135	1080	direct_effect_ridge	additive	0.00069300221914966	0.0018214947222395463	0.002514496941389205	30	0	0.0025144969413892064	-1.3010426069826053e-18	False	False	False	False	False	effect_preferred_both
FOXA3+HOXB9	135	1080	direct_effect_ridge	compositional_ridge	0.023272855114404037	0.0018214947222395463	0.025094349836643583	30	0	0.025094349836643583	0.0	False	False	False	False	False	effect_preferred_both
FOXA3+HOXB9	135	1080	direct_effect_ridge	CPA_0.8.8	0.11910944955446844	0.0018214947222395463	0.12093094427670799	30	0	0.12093094427670799	0.0	False	False	False	False	False	effect_preferred_both
FOXL2+POU3F2	8	64	direct_effect_ridge	additive	-0.008687360250910122	0.030771096581544737	0.02208373633063462	30	30	0.022083736330634617	3.469446951953614e-18	True	True	True	False	False	state_to_effect
FOXL2+POU3F2	8	64	direct_effect_ridge	compositional_ridge	0.0010779694846569997	0.030771096581544737	0.031849066066201734	30	2	0.031849066066201734	0.0	False	False	False	False	False	effect_preferred_both
FOXL2+POU3F2	8	64	direct_effect_ridge	CPA_0.8.8	0.08719481110523161	0.030771096581544737	0.11796590768677634	30	0	0.11796590768677635	-1.3877787807814457e-17	False	False	False	False	False	effect_preferred_both
FOXL2+POU3F2	16	128	direct_effect_ridge	additive	-0.0010618374491514037	0.015340822696117635	0.014278985246966235	30	29	0.014278985246966231	3.469446951953614e-18	True	True	True	False	False	state_to_effect
FOXL2+POU3F2	16	128	direct_effect_ridge	compositional_ridge	0.008703492286415716	0.015340822696117635	0.02404431498253335	30	0	0.02404431498253335	0.0	False	False	False	False	False	effect_preferred_both
FOXL2+POU3F2	16	128	direct_effect_ridge	CPA_0.8.8	0.09444520360070316	0.015340822696117635	0.10978602629682081	30	0	0.1097860262968208	1.3877787807814457e-17	False	False	False	False	False	effect_preferred_both
FOXL2+POU3F2	32	256	direct_effect_ridge	additive	0.0027216085432039136	0.0077340105629845465	0.010455619106188458	30	0	0.01045561910618846	-1.734723475976807e-18	False	False	False	False	False	effect_preferred_both
FOXL2+POU3F2	32	256	direct_effect_ridge	compositional_ridge	0.012486938278771035	0.0077340105629845465	0.020220948841755574	30	0	0.02022094884175558	-6.938893903907228e-18	False	False	False	False	False	effect_preferred_both
FOXL2+POU3F2	32	256	direct_effect_ridge	CPA_0.8.8	0.09703387263115942	0.0077340105629845465	0.10476788319414396	30	0	0.10476788319414397	-1.3877787807814457e-17	False	False	False	False	False	effect_preferred_both
FOXL2+POU3F2	64	512	direct_effect_ridge	additive	0.004635768786985249	0.0038389955844027146	0.008474764371387965	30	0	0.008474764371387963	1.734723475976807e-18	False	False	False	False	False	effect_preferred_both
FOXL2+POU3F2	64	512	direct_effect_ridge	compositional_ridge	0.014401098522552369	0.0038389955844027146	0.01824009410695508	30	0	0.018240094106955082	-3.469446951953614e-18	False	False	False	False	False	effect_preferred_both
FOXL2+POU3F2	64	512	direct_effect_ridge	CPA_0.8.8	0.09861561064089779	0.0038389955844027146	0.1024546062253005	30	0	0.1024546062253005	0.0	False	False	False	False	False	effect_preferred_both
FOXL2+POU3F2	128	1024	direct_effect_ridge	additive	0.005603738742342384	0.0019173976591933101	0.007521136401535694	30	0	0.007521136401535695	-8.673617379884035e-19	False	False	False	False	False	effect_preferred_both
FOXL2+POU3F2	128	1024	direct_effect_ridge	compositional_ridge	0.015369068477909505	0.0019173976591933101	0.017286466137102812	30	0	0.017286466137102816	-3.469446951953614e-18	False	False	False	False	False	effect_preferred_both
FOXL2+POU3F2	128	1024	direct_effect_ridge	CPA_0.8.8	0.09967537091268326	0.0019173976591933101	0.10159276857187657	30	0	0.10159276857187657	0.0	False	False	False	False	False	effect_preferred_both
FOXL2+POU3F2	135	1080	direct_effect_ridge	additive	0.0056743829797089975	0.0018214947222395463	0.0074958777019485424	30	0	0.007495877701948544	-1.734723475976807e-18	False	False	False	False	False	effect_preferred_both
FOXL2+POU3F2	135	1080	direct_effect_ridge	compositional_ridge	0.015439712715276117	0.0018214947222395463	0.017261207437515656	30	0	0.017261207437515663	-6.938893903907228e-18	False	False	False	False	False	effect_preferred_both
FOXL2+POU3F2	135	1080	direct_effect_ridge	CPA_0.8.8	0.09959364694094178	0.0018214947222395463	0.10141514166318132	30	0	0.10141514166318133	-1.3877787807814457e-17	False	False	False	False	False	effect_preferred_both
FOXL2+ZNF318	8	64	direct_effect_ridge	additive	-0.016707195427732933	0.030771096581544737	0.014063901153811807	30	30	0.014063901153811804	3.469446951953614e-18	True	True	True	False	False	state_to_effect
FOXL2+ZNF318	8	64	direct_effect_ridge	compositional_ridge	-0.016701897501293594	0.030771096581544737	0.014069199080251144	30	30	0.014069199080251144	0.0	True	True	True	False	False	state_to_effect
FOXL2+ZNF318	8	64	direct_effect_ridge	CPA_0.8.8	0.019724522097922505	0.030771096581544737	0.050495618679467245	30	0	0.05049561867946724	6.938893903907228e-18	False	False	False	False	False	effect_preferred_both
FOXL2+ZNF318	16	128	direct_effect_ridge	additive	-0.008860599545541926	0.015340822696117635	0.006480223150575714	30	30	0.006480223150575708	5.204170427930421e-18	True	True	True	False	False	state_to_effect
FOXL2+ZNF318	16	128	direct_effect_ridge	compositional_ridge	-0.008855301619102586	0.015340822696117635	0.006485521077015049	30	30	0.006485521077015048	8.673617379884035e-19	True	True	True	False	False	state_to_effect
FOXL2+ZNF318	16	128	direct_effect_ridge	CPA_0.8.8	0.026905018244407043	0.015340822696117635	0.04224584094052468	30	0	0.04224584094052468	0.0	False	False	False	False	False	effect_preferred_both
FOXL2+ZNF318	32	256	direct_effect_ridge	additive	-0.005045934593516108	0.0077340105629845465	0.0026880759694684424	30	30	0.0026880759694684385	3.903127820947816e-18	True	True	True	False	False	state_to_effect
FOXL2+ZNF318	32	256	direct_effect_ridge	compositional_ridge	-0.005040636667076767	0.0077340105629845465	0.0026933738959077774	30	30	0.002693373895907779	-1.734723475976807e-18	True	True	True	False	False	state_to_effect
FOXL2+ZNF318	32	256	direct_effect_ridge	CPA_0.8.8	0.029632546644064287	0.0077340105629845465	0.03736655720704884	30	0	0.03736655720704883	6.938893903907228e-18	False	False	False	False	False	effect_preferred_both
FOXL2+ZNF318	64	512	direct_effect_ridge	additive	-0.003058517504063092	0.0038389955844027146	0.0007804780803396262	30	30	0.0007804780803396228	3.3610267347050637e-18	True	True	True	False	False	state_to_effect
FOXL2+ZNF318	64	512	direct_effect_ridge	compositional_ridge	-0.003053219577623752	0.0038389955844027146	0.0007857760067789614	30	30	0.0007857760067789626	-1.1926223897340549e-18	True	True	True	False	False	state_to_effect
FOXL2+ZNF318	64	512	direct_effect_ridge	CPA_0.8.8	0.031316740005320386	0.0038389955844027146	0.0351557355897231	30	0	0.0351557355897231	0.0	False	False	False	False	False	effect_preferred_both
FOXL2+ZNF318	128	1024	direct_effect_ridge	additive	-0.002071714345760559	0.0019173976591933101	-0.00015431668656724635	30	3	-0.00015431668656724906	2.710505431213761e-18	False	False	False	False	False	state_preferred_both
FOXL2+ZNF318	128	1024	direct_effect_ridge	compositional_ridge	-0.0020664164193212194	0.0019173976591933101	-0.00014901876012791127	30	3	-0.0001490187601279093	-1.9786689647860456e-18	False	False	False	False	False	state_preferred_both
FOXL2+ZNF318	128	1024	direct_effect_ridge	CPA_0.8.8	0.03238239133996416	0.0019173976591933101	0.03429978899915746	30	0	0.03429978899915747	-6.938893903907228e-18	False	False	False	False	False	effect_preferred_both
FOXL2+ZNF318	135	1080	direct_effect_ridge	additive	-0.0020300208776518713	0.0018214947222395463	-0.00020852615541232215	30	1	-0.00020852615541232505	2.9002408113987244e-18	False	False	False	False	False	state_preferred_both
FOXL2+ZNF318	135	1080	direct_effect_ridge	compositional_ridge	-0.0020247229512125316	0.0018214947222395463	-0.00020322822897298707	30	1	-0.00020322822897298528	-1.7889335846010823e-18	False	False	False	False	False	state_preferred_both
FOXL2+ZNF318	135	1080	direct_effect_ridge	CPA_0.8.8	0.032339781184452174	0.0018214947222395463	0.03416127590669172	30	0	0.03416127590669172	0.0	False	False	False	False	False	effect_preferred_both
HOXC13+ZC3HAV1	8	64	direct_effect_ridge	additive	-0.005947966608314061	0.030771096581544737	0.024823129973230683	30	30	0.024823129973230676	6.938893903907228e-18	True	True	True	False	False	state_to_effect
HOXC13+ZC3HAV1	8	64	direct_effect_ridge	compositional_ridge	-0.014616542323900526	0.030771096581544737	0.016154554257644217	30	30	0.016154554257644213	3.469446951953614e-18	True	True	True	False	False	state_to_effect
HOXC13+ZC3HAV1	8	64	direct_effect_ridge	CPA_0.8.8	0.01108191385999509	0.030771096581544737	0.041853010441539835	30	0	0.04185301044153983	6.938893903907228e-18	False	False	False	False	False	effect_preferred_both
HOXC13+ZC3HAV1	16	128	direct_effect_ridge	additive	0.0018294481955593992	0.015340822696117635	0.01717027089167704	30	0	0.017170270891677032	6.938893903907228e-18	False	False	False	False	False	effect_preferred_both
HOXC13+ZC3HAV1	16	128	direct_effect_ridge	compositional_ridge	-0.006839127520027065	0.015340822696117635	0.008501695176090571	30	30	0.00850169517609057	1.734723475976807e-18	True	True	True	False	False	state_to_effect
HOXC13+ZC3HAV1	16	128	direct_effect_ridge	CPA_0.8.8	0.01823003133410351	0.015340822696117635	0.033570854030221156	30	0	0.03357085403022114	1.3877787807814457e-17	False	False	False	False	False	effect_preferred_both
HOXC13+ZC3HAV1	32	256	direct_effect_ridge	additive	0.005443932685797406	0.0077340105629845465	0.013177943248781956	30	0	0.013177943248781953	3.469446951953614e-18	False	False	False	False	False	effect_preferred_both
HOXC13+ZC3HAV1	32	256	direct_effect_ridge	compositional_ridge	-0.003224643029789058	0.0077340105629845465	0.004509367533195489	30	30	0.004509367533195488	8.673617379884035e-19	True	True	True	False	False	state_to_effect
HOXC13+ZC3HAV1	32	256	direct_effect_ridge	CPA_0.8.8	0.020969246876204887	0.0077340105629845465	0.028703257439189434	30	0	0.028703257439189434	0.0	False	False	False	False	False	effect_preferred_both
HOXC13+ZC3HAV1	64	512	direct_effect_ridge	additive	0.007401964037739958	0.0038389955844027146	0.011240959622142676	30	0	0.011240959622142672	3.469446951953614e-18	False	False	False	False	False	effect_preferred_both
HOXC13+ZC3HAV1	64	512	direct_effect_ridge	compositional_ridge	-0.0012666116778465065	0.0038389955844027146	0.0025723839065562083	30	30	0.002572383906556208	4.336808689942018e-19	True	True	True	False	False	state_to_effect
HOXC13+ZC3HAV1	64	512	direct_effect_ridge	CPA_0.8.8	0.02264731633942916	0.0038389955844027146	0.026486311923831878	30	0	0.026486311923831874	3.469446951953614e-18	False	False	False	False	False	effect_preferred_both
HOXC13+ZC3HAV1	128	1024	direct_effect_ridge	additive	0.00840105661350435	0.0019173976591933101	0.010318454272697664	30	0	0.01031845427269766	3.469446951953614e-18	False	False	False	False	False	effect_preferred_both
HOXC13+ZC3HAV1	128	1024	direct_effect_ridge	compositional_ridge	-0.00026751910208211335	0.0019173976591933101	0.001649878557111196	30	30	0.0016498785571111968	-8.673617379884035e-19	True	True	True	False	False	state_to_effect
HOXC13+ZC3HAV1	128	1024	direct_effect_ridge	CPA_0.8.8	0.02370711820396987	0.0019173976591933101	0.02562451586316318	30	0	0.02562451586316318	0.0	False	False	False	False	False	effect_preferred_both
HOXC13+ZC3HAV1	135	1080	direct_effect_ridge	additive	0.008432561019141145	0.0018214947222395463	0.010254055741380694	30	0	0.010254055741380691	3.469446951953614e-18	False	False	False	False	False	effect_preferred_both
HOXC13+ZC3HAV1	135	1080	direct_effect_ridge	compositional_ridge	-0.00023601469644531816	0.0018214947222395463	0.0015854800257942272	30	30	0.001585480025794228	-8.673617379884035e-19	True	True	True	False	False	state_to_effect
HOXC13+ZC3HAV1	135	1080	direct_effect_ridge	CPA_0.8.8	0.023679836039109472	0.0018214947222395463	0.02550133076134902	30	0	0.025501330761349018	3.469446951953614e-18	False	False	False	False	False	effect_preferred_both
IGDCC3+PRTG	8	64	direct_effect_ridge	additive	0.0005789042262831684	0.030771096581544737	0.03135000080782791	30	8	0.031350000807827905	6.938893903907228e-18	False	False	False	False	False	effect_preferred_both
IGDCC3+PRTG	8	64	direct_effect_ridge	compositional_ridge	-0.02509514999423297	0.030771096581544737	0.005675946587311769	30	30	0.005675946587311766	2.6020852139652106e-18	True	True	True	False	False	state_to_effect
IGDCC3+PRTG	8	64	direct_effect_ridge	CPA_0.8.8	0.014936557689527397	0.030771096581544737	0.04570765427107214	30	0	0.04570765427107214	0.0	False	False	False	False	False	effect_preferred_both
IGDCC3+PRTG	16	128	direct_effect_ridge	additive	0.008335489908205766	0.015340822696117635	0.023676312604323405	30	0	0.023676312604323402	3.469446951953614e-18	False	False	False	False	False	effect_preferred_both
IGDCC3+PRTG	16	128	direct_effect_ridge	compositional_ridge	-0.017338564312310376	0.015340822696117635	-0.0019977416161927383	30	0	-0.0019977416161927417	3.469446951953614e-18	False	False	False	False	False	state_preferred_both
IGDCC3+PRTG	16	128	direct_effect_ridge	CPA_0.8.8	0.022034111711052226	0.015340822696117635	0.037374934407169866	30	0	0.03737493440716986	6.938893903907228e-18	False	False	False	False	False	effect_preferred_both
IGDCC3+PRTG	32	256	direct_effect_ridge	additive	0.011914446488376005	0.0077340105629845465	0.01964845705136055	30	0	0.019648457051360552	-3.469446951953614e-18	False	False	False	False	False	effect_preferred_both
IGDCC3+PRTG	32	256	direct_effect_ridge	compositional_ridge	-0.013759607732140137	0.0077340105629845465	-0.006025597169155589	30	0	-0.00602559716915559	8.673617379884035e-19	False	False	False	False	False	state_preferred_both
IGDCC3+PRTG	32	256	direct_effect_ridge	CPA_0.8.8	0.024637691165108482	0.0077340105629845465	0.032371701728093026	30	0	0.032371701728093026	0.0	False	False	False	False	False	effect_preferred_both
IGDCC3+PRTG	64	512	direct_effect_ridge	additive	0.01380191622131887	0.0038389955844027146	0.017640911805721585	30	0	0.017640911805721585	0.0	False	False	False	False	False	effect_preferred_both
IGDCC3+PRTG	64	512	direct_effect_ridge	compositional_ridge	-0.011872137999197273	0.0038389955844027146	-0.008033142414794558	30	0	-0.008033142414794558	0.0	False	False	False	False	False	state_preferred_both
IGDCC3+PRTG	64	512	direct_effect_ridge	CPA_0.8.8	0.026176971309896557	0.0038389955844027146	0.03001596689429927	30	0	0.03001596689429927	0.0	False	False	False	False	False	effect_preferred_both
IGDCC3+PRTG	128	1024	direct_effect_ridge	additive	0.014780400611930313	0.0019173976591933101	0.016697798271123623	30	0	0.016697798271123623	0.0	False	False	False	False	False	effect_preferred_both
IGDCC3+PRTG	128	1024	direct_effect_ridge	compositional_ridge	-0.010893653608585829	0.0019173976591933101	-0.00897625594939252	30	0	-0.008976255949392518	-1.734723475976807e-18	False	False	False	False	False	state_preferred_both
IGDCC3+PRTG	128	1024	direct_effect_ridge	CPA_0.8.8	0.02722177928956971	0.0019173976591933101	0.029139176948763022	30	0	0.02913917694876302	3.469446951953614e-18	False	False	False	False	False	effect_preferred_both
IGDCC3+PRTG	135	1080	direct_effect_ridge	additive	0.014824661025048343	0.0018214947222395463	0.016646155747287887	30	0	0.01664615574728789	-3.469446951953614e-18	False	False	False	False	False	effect_preferred_both
IGDCC3+PRTG	135	1080	direct_effect_ridge	compositional_ridge	-0.010849393195467799	0.0018214947222395463	-0.009027898473228253	30	0	-0.009027898473228253	0.0	False	False	False	False	False	state_preferred_both
IGDCC3+PRTG	135	1080	direct_effect_ridge	CPA_0.8.8	0.027181476298189948	0.0018214947222395463	0.029002971020429497	30	0	0.029002971020429494	3.469446951953614e-18	False	False	False	False	False	effect_preferred_both
IGDCC3+TGFBR2	8	64	direct_effect_ridge	additive	-0.01178338812636209	0.030771096581544737	0.01898770845518265	30	30	0.018987708455182647	3.469446951953614e-18	True	True	True	False	False	state_to_effect
IGDCC3+TGFBR2	8	64	direct_effect_ridge	compositional_ridge	-0.01596768585723568	0.030771096581544737	0.014803410724309058	30	30	0.014803410724309057	1.734723475976807e-18	True	True	True	False	False	state_to_effect
IGDCC3+TGFBR2	8	64	direct_effect_ridge	CPA_0.8.8	0.013763023054544264	0.030771096581544737	0.044534119636089005	30	0	0.044534119636089	6.938893903907228e-18	False	False	False	False	False	effect_preferred_both
IGDCC3+TGFBR2	16	128	direct_effect_ridge	additive	-0.004080076800001062	0.015340822696117635	0.011260745896116578	30	30	0.011260745896116572	5.204170427930421e-18	True	True	True	False	False	state_to_effect
IGDCC3+TGFBR2	16	128	direct_effect_ridge	compositional_ridge	-0.008264374530874653	0.015340822696117635	0.007076448165242983	30	30	0.0070764481652429816	1.734723475976807e-18	True	True	True	False	False	state_to_effect
IGDCC3+TGFBR2	16	128	direct_effect_ridge	CPA_0.8.8	0.020809110394052577	0.015340822696117635	0.036149933090170214	30	0	0.036149933090170214	0.0	False	False	False	False	False	effect_preferred_both
IGDCC3+TGFBR2	32	256	direct_effect_ridge	additive	-0.00032729879878428254	0.0077340105629845465	0.007406711764200265	30	29	0.007406711764200264	1.734723475976807e-18	True	True	True	False	False	state_to_effect
IGDCC3+TGFBR2	32	256	direct_effect_ridge	compositional_ridge	-0.0045115965296578745	0.0077340105629845465	0.0032224140333266724	30	30	0.003222414033326672	4.336808689942018e-19	True	True	True	False	False	state_to_effect
IGDCC3+TGFBR2	32	256	direct_effect_ridge	CPA_0.8.8	0.023678790198872868	0.0077340105629845465	0.031412800761857415	30	0	0.031412800761857415	0.0	False	False	False	False	False	effect_preferred_both
IGDCC3+TGFBR2	64	512	direct_effect_ridge	additive	0.0016077419034848624	0.0038389955844027146	0.0054467374878875785	30	0	0.005446737487887577	1.734723475976807e-18	False	False	False	False	False	effect_preferred_both
IGDCC3+TGFBR2	64	512	direct_effect_ridge	compositional_ridge	-0.002576555827388729	0.0038389955844027146	0.0012624397570139862	30	30	0.0012624397570139855	6.505213034913027e-19	True	True	True	False	False	state_to_effect
IGDCC3+TGFBR2	64	512	direct_effect_ridge	CPA_0.8.8	0.02530719983696227	0.0038389955844027146	0.029146195421364984	30	0	0.029146195421364984	0.0	False	False	False	False	False	effect_preferred_both
IGDCC3+TGFBR2	128	1024	direct_effect_ridge	additive	0.0025705835179618565	0.0019173976591933101	0.0044879811771551675	30	0	0.004487981177155167	8.673617379884035e-19	False	False	False	False	False	effect_preferred_both
IGDCC3+TGFBR2	128	1024	direct_effect_ridge	compositional_ridge	-0.001613714212911735	0.0019173976591933101	0.000303683446281575	30	30	0.0003036834462815752	-1.6263032587282567e-19	True	True	True	False	False	state_to_effect
IGDCC3+TGFBR2	128	1024	direct_effect_ridge	CPA_0.8.8	0.02631445639687772	0.0019173976591933101	0.02823185405607103	30	0	0.02823185405607103	0.0	False	False	False	False	False	effect_preferred_both
IGDCC3+TGFBR2	135	1080	direct_effect_ridge	additive	0.0026192184432999284	0.0018214947222395463	0.004440713165539475	30	0	0.004440713165539475	0.0	False	False	False	False	False	effect_preferred_both
IGDCC3+TGFBR2	135	1080	direct_effect_ridge	compositional_ridge	-0.0015650792875736633	0.0018214947222395463	0.0002564154346658823	30	30	0.000256415434665883	-7.047314121155779e-19	True	True	True	False	False	state_to_effect
IGDCC3+TGFBR2	135	1080	direct_effect_ridge	CPA_0.8.8	0.026307189222028172	0.0018214947222395463	0.028128683944267718	30	0	0.028128683944267718	0.0	False	False	False	False	False	effect_preferred_both
KLF1+TGFBR2	8	64	direct_effect_ridge	additive	-0.013147133677200992	0.030771096581544737	0.01762396290434375	30	30	0.017623962904343746	3.469446951953614e-18	True	True	True	False	False	state_to_effect
KLF1+TGFBR2	8	64	direct_effect_ridge	compositional_ridge	-0.01578505395915901	0.030771096581544737	0.014986042622385733	30	30	0.014986042622385728	5.204170427930421e-18	True	True	True	False	False	state_to_effect
KLF1+TGFBR2	8	64	direct_effect_ridge	CPA_0.8.8	-0.0041481241517165954	0.030771096581544737	0.026622972429828147	30	30	0.02662297242982814	6.938893903907228e-18	True	True	True	False	False	state_to_effect
KLF1+TGFBR2	16	128	direct_effect_ridge	additive	-0.0054591952239395015	0.015340822696117635	0.009881627472178137	30	30	0.009881627472178134	3.469446951953614e-18	True	True	True	False	False	state_to_effect
KLF1+TGFBR2	16	128	direct_effect_ridge	compositional_ridge	-0.008097115505897519	0.015340822696117635	0.007243707190220119	30	30	0.007243707190220116	2.6020852139652106e-18	True	True	True	False	False	state_to_effect
KLF1+TGFBR2	16	128	direct_effect_ridge	CPA_0.8.8	0.002590782159676677	0.015340822696117635	0.017931604855794314	30	0	0.01793160485579431	3.469446951953614e-18	False	False	False	False	False	effect_preferred_both
KLF1+TGFBR2	32	256	direct_effect_ridge	additive	-0.0015380807237492552	0.0077340105629845465	0.006195929839235292	30	30	0.006195929839235292	0.0	True	True	True	False	False	state_to_effect
KLF1+TGFBR2	32	256	direct_effect_ridge	compositional_ridge	-0.004176001005707272	0.0077340105629845465	0.003558009557277275	30	30	0.0035580095572772747	4.336808689942018e-19	True	True	True	False	False	state_to_effect
KLF1+TGFBR2	32	256	direct_effect_ridge	CPA_0.8.8	0.006129796492040276	0.0077340105629845465	0.013863807055024822	30	0	0.013863807055024822	0.0	False	False	False	False	False	effect_preferred_both
KLF1+TGFBR2	64	512	direct_effect_ridge	additive	0.00047169859137299717	0.0038389955844027146	0.004310694175775713	30	2	0.004310694175775712	8.673617379884035e-19	False	False	False	False	False	effect_preferred_both
KLF1+TGFBR2	64	512	direct_effect_ridge	compositional_ridge	-0.00216622169058502	0.0038389955844027146	0.001672773893817696	30	30	0.0016727738938176946	1.5178830414797062e-18	True	True	True	False	False	state_to_effect
KLF1+TGFBR2	64	512	direct_effect_ridge	CPA_0.8.8	0.007969050103940547	0.0038389955844027146	0.011808045688343262	30	0	0.011808045688343262	0.0	False	False	False	False	False	effect_preferred_both
KLF1+TGFBR2	128	1024	direct_effect_ridge	additive	0.0013855834392925758	0.0019173976591933101	0.0033029810984858852	30	0	0.003302981098485886	-8.673617379884035e-19	False	False	False	False	False	effect_preferred_both
KLF1+TGFBR2	128	1024	direct_effect_ridge	compositional_ridge	-0.0012523368426654413	0.0019173976591933101	0.000665060816527869	30	30	0.0006650608165278688	1.0842021724855044e-19	True	True	True	False	False	state_to_effect
KLF1+TGFBR2	128	1024	direct_effect_ridge	CPA_0.8.8	0.00882265000720826	0.0019173976591933101	0.010740047666401572	30	0	0.01074004766640157	1.734723475976807e-18	False	False	False	False	False	effect_preferred_both
KLF1+TGFBR2	135	1080	direct_effect_ridge	additive	0.0014445896389046827	0.0018214947222395463	0.003266084361144229	30	0	0.003266084361144229	0.0	False	False	False	False	False	effect_preferred_both
KLF1+TGFBR2	135	1080	direct_effect_ridge	compositional_ridge	-0.0011933306430533346	0.0018214947222395463	0.0006281640791862127	30	30	0.0006281640791862117	9.75781955236954e-19	True	True	True	False	False	state_to_effect
KLF1+TGFBR2	135	1080	direct_effect_ridge	CPA_0.8.8	0.00889136214524195	0.0018214947222395463	0.010712856867481498	30	0	0.010712856867481496	1.734723475976807e-18	False	False	False	False	False	effect_preferred_both
MAPK1+TGFBR2	8	64	direct_effect_ridge	additive	-0.01525452025018644	0.030771096581544737	0.015516576331358304	30	30	0.015516576331358297	6.938893903907228e-18	True	True	True	False	False	state_to_effect
MAPK1+TGFBR2	8	64	direct_effect_ridge	compositional_ridge	-0.013594539682878711	0.030771096581544737	0.017176556898666033	30	30	0.017176556898666026	6.938893903907228e-18	True	True	True	False	False	state_to_effect
MAPK1+TGFBR2	8	64	direct_effect_ridge	CPA_0.8.8	0.006392676831374533	0.030771096581544737	0.03716377341291928	30	0	0.03716377341291927	6.938893903907228e-18	False	False	False	False	False	effect_preferred_both
MAPK1+TGFBR2	16	128	direct_effect_ridge	additive	-0.00744161192090225	0.015340822696117635	0.007899210775215387	30	30	0.007899210775215385	1.734723475976807e-18	True	True	True	False	False	state_to_effect
MAPK1+TGFBR2	16	128	direct_effect_ridge	compositional_ridge	-0.005781631353594522	0.015340822696117635	0.009559191342523116	30	30	0.009559191342523112	3.469446951953614e-18	True	True	True	False	False	state_to_effect
MAPK1+TGFBR2	16	128	direct_effect_ridge	CPA_0.8.8	0.013331172667620416	0.015340822696117635	0.028671995363738052	30	0	0.028671995363738052	0.0	False	False	False	False	False	effect_preferred_both
MAPK1+TGFBR2	32	256	direct_effect_ridge	additive	-0.0035774684086150713	0.0077340105629845465	0.0041565421543694765	30	30	0.004156542154369475	1.734723475976807e-18	True	True	True	False	False	state_to_effect
MAPK1+TGFBR2	32	256	direct_effect_ridge	compositional_ridge	-0.0019174878413073426	0.0077340105629845465	0.005816522721677204	30	30	0.005816522721677203	8.673617379884035e-19	True	True	True	False	False	state_to_effect
MAPK1+TGFBR2	32	256	direct_effect_ridge	CPA_0.8.8	0.016566103422090056	0.0077340105629845465	0.024300113985074603	30	0	0.024300113985074603	0.0	False	False	False	False	False	effect_preferred_both
MAPK1+TGFBR2	64	512	direct_effect_ridge	additive	-0.0015730506355190756	0.0038389955844027146	0.0022659449488836394	30	30	0.002265944948883639	4.336808689942018e-19	True	True	True	False	False	state_to_effect
MAPK1+TGFBR2	64	512	direct_effect_ridge	compositional_ridge	8.692993178865307e-05	0.0038389955844027146	0.003925925516191368	30	7	0.003925925516191368	0.0	False	False	False	False	False	effect_preferred_both
MAPK1+TGFBR2	64	512	direct_effect_ridge	CPA_0.8.8	0.01842355586281682	0.0038389955844027146	0.022262551447219538	30	0	0.022262551447219534	3.469446951953614e-18	False	False	False	False	False	effect_preferred_both
MAPK1+TGFBR2	128	1024	direct_effect_ridge	additive	-0.0006442587130907672	0.0019173976591933101	0.0012731389461025427	30	30	0.001273138946102543	-2.168404344971009e-19	True	True	True	False	False	state_to_effect
MAPK1+TGFBR2	128	1024	direct_effect_ridge	compositional_ridge	0.0010157218542169615	0.0019173976591933101	0.002933119513410271	30	0	0.0029331195134102714	-4.336808689942018e-19	False	False	False	False	False	effect_preferred_both
MAPK1+TGFBR2	128	1024	direct_effect_ridge	CPA_0.8.8	0.01936364510703598	0.0019173976591933101	0.021281042766229292	30	0	0.02128104276622929	3.469446951953614e-18	False	False	False	False	False	effect_preferred_both
MAPK1+TGFBR2	135	1080	direct_effect_ridge	additive	-0.0005810526474330183	0.0018214947222395463	0.001240442074806528	30	30	0.001240442074806528	0.0	True	True	True	False	False	state_to_effect
MAPK1+TGFBR2	135	1080	direct_effect_ridge	compositional_ridge	0.0010789279198747106	0.0018214947222395463	0.0029004226421142565	30	0	0.002900422642114257	-4.336808689942018e-19	False	False	False	False	False	effect_preferred_both
MAPK1+TGFBR2	135	1080	direct_effect_ridge	CPA_0.8.8	0.019389077183726327	0.0018214947222395463	0.021210571905965873	30	0	0.021210571905965873	0.0	False	False	False	False	False	effect_preferred_both
OSR2+PTPN12	8	64	direct_effect_ridge	additive	-0.02108602632945096	0.030771096581544737	0.009685070252093782	30	30	0.009685070252093777	5.204170427930421e-18	True	True	True	False	False	state_to_effect
OSR2+PTPN12	8	64	direct_effect_ridge	compositional_ridge	-0.021297080919957377	0.030771096581544737	0.009474015661587358	30	30	0.00947401566158736	-1.734723475976807e-18	True	True	True	False	False	state_to_effect
OSR2+PTPN12	8	64	direct_effect_ridge	CPA_0.8.8	-0.02677978166150579	0.030771096581544737	0.003991314920038951	30	28	0.003991314920038947	4.336808689942018e-18	True	True	True	False	False	state_to_effect
OSR2+PTPN12	16	128	direct_effect_ridge	additive	-0.013111571028934036	0.015340822696117635	0.002229251667183604	30	30	0.002229251667183598	6.071532165918825e-18	True	True	True	False	False	state_to_effect
OSR2+PTPN12	16	128	direct_effect_ridge	compositional_ridge	-0.013322625619440453	0.015340822696117635	0.00201819707667718	30	30	0.0020181970766771813	-1.3010426069826053e-18	True	True	True	False	False	state_to_effect
OSR2+PTPN12	16	128	direct_effect_ridge	CPA_0.8.8	-0.019637574192625552	0.015340822696117635	-0.0042967514965079135	30	1	-0.004296751496507918	4.336808689942018e-18	False	False	False	False	False	state_preferred_both
OSR2+PTPN12	32	256	direct_effect_ridge	additive	-0.009615109088101238	0.0077340105629845465	-0.0018810985251166879	30	0	-0.0018810985251166918	3.903127820947816e-18	False	False	False	False	False	state_preferred_both
OSR2+PTPN12	32	256	direct_effect_ridge	compositional_ridge	-0.009826163678607657	0.0077340105629845465	-0.0020921531156231116	30	0	-0.0020921531156231103	-1.3010426069826053e-18	False	False	False	False	False	state_preferred_both
OSR2+PTPN12	32	256	direct_effect_ridge	CPA_0.8.8	-0.016578184299104223	0.0077340105629845465	-0.008844173736119676	30	0	-0.008844173736119676	0.0	False	False	False	False	False	state_preferred_both
OSR2+PTPN12	64	512	direct_effect_ridge	additive	-0.007768273868503206	0.0038389955844027146	-0.003929278284100486	30	0	-0.003929278284100491	5.204170427930421e-18	False	False	False	False	False	state_preferred_both
OSR2+PTPN12	64	512	direct_effect_ridge	compositional_ridge	-0.007979328459009623	0.0038389955844027146	-0.0041403328746069095	30	0	-0.004140332874606908	-1.734723475976807e-18	False	False	False	False	False	state_preferred_both
OSR2+PTPN12	64	512	direct_effect_ridge	CPA_0.8.8	-0.014835766103131658	0.0038389955844027146	-0.010996770518728941	30	0	-0.010996770518728943	1.734723475976807e-18	False	False	False	False	False	state_preferred_both
OSR2+PTPN12	128	1024	direct_effect_ridge	additive	-0.006711544185713969	0.0019173976591933101	-0.004794146526520655	30	0	-0.0047941465265206595	4.336808689942018e-18	False	False	False	False	False	state_preferred_both
OSR2+PTPN12	128	1024	direct_effect_ridge	compositional_ridge	-0.006922598776220385	0.0019173976591933101	-0.005005201117027079	30	0	-0.005005201117027075	-4.336808689942018e-18	False	False	False	False	False	state_preferred_both
OSR2+PTPN12	128	1024	direct_effect_ridge	CPA_0.8.8	-0.013828206406129204	0.0019173976591933101	-0.011910808746935894	30	0	-0.011910808746935894	0.0	False	False	False	False	False	state_preferred_both
OSR2+PTPN12	135	1080	direct_effect_ridge	additive	-0.006721456331852915	0.0018214947222395463	-0.0048999616096133645	30	0	-0.004899961609613368	3.469446951953614e-18	False	False	False	False	False	state_preferred_both
OSR2+PTPN12	135	1080	direct_effect_ridge	compositional_ridge	-0.006932510922359331	0.0018214947222395463	-0.005111016200119788	30	0	-0.005111016200119785	-3.469446951953614e-18	False	False	False	False	False	state_preferred_both
OSR2+PTPN12	135	1080	direct_effect_ridge	CPA_0.8.8	-0.013845403251589922	0.0018214947222395463	-0.012023908529350374	30	0	-0.012023908529350376	1.734723475976807e-18	False	False	False	False	False	state_preferred_both
OSR2+UBASH3B	8	64	direct_effect_ridge	additive	-0.028606175724041852	0.030771096581544737	0.0021649208575028863	30	21	0.0021649208575028854	8.673617379884035e-19	True	True	True	False	False	state_to_effect
OSR2+UBASH3B	8	64	direct_effect_ridge	compositional_ridge	-0.01590919604417252	0.030771096581544737	0.014861900537372217	30	30	0.014861900537372217	0.0	True	True	True	False	False	state_to_effect
OSR2+UBASH3B	8	64	direct_effect_ridge	CPA_0.8.8	-0.033073443213706824	0.030771096581544737	-0.0023023466321620842	30	9	-0.002302346632162087	2.6020852139652106e-18	False	False	False	False	False	state_preferred_both
OSR2+UBASH3B	16	128	direct_effect_ridge	additive	-0.020679298560253787	0.015340822696117635	-0.005338475864136148	30	1	-0.005338475864136152	4.336808689942018e-18	False	False	False	False	False	state_preferred_both
OSR2+UBASH3B	16	128	direct_effect_ridge	compositional_ridge	-0.007982318880384452	0.015340822696117635	0.007358503815733184	30	30	0.007358503815733183	8.673617379884035e-19	True	True	True	False	False	state_to_effect
OSR2+UBASH3B	16	128	direct_effect_ridge	CPA_0.8.8	-0.02599103602729537	0.015340822696117635	-0.010650213331177733	30	0	-0.010650213331177735	1.734723475976807e-18	False	False	False	False	False	state_preferred_both
OSR2+UBASH3B	32	256	direct_effect_ridge	additive	-0.017436931109045248	0.0077340105629845465	-0.0097029205460607	30	0	-0.0097029205460607	0.0	False	False	False	False	False	state_preferred_both
OSR2+UBASH3B	32	256	direct_effect_ridge	compositional_ridge	-0.004739951429175913	0.0077340105629845465	0.0029940591338086333	30	28	0.0029940591338086337	-4.336808689942018e-19	True	True	True	False	False	state_to_effect
OSR2+UBASH3B	32	256	direct_effect_ridge	CPA_0.8.8	-0.023077682582657195	0.0077340105629845465	-0.015343672019672648	30	0	-0.015343672019672648	0.0	False	False	False	False	False	state_preferred_both
OSR2+UBASH3B	64	512	direct_effect_ridge	additive	-0.01568462208977317	0.0038389955844027146	-0.011845626505370455	30	0	-0.011845626505370455	0.0	False	False	False	False	False	state_preferred_both
OSR2+UBASH3B	64	512	direct_effect_ridge	compositional_ridge	-0.0029876424099038357	0.0038389955844027146	0.0008513531744988786	30	23	0.0008513531744988789	-3.2526065174565133e-19	True	True	True	False	False	state_to_effect
OSR2+UBASH3B	64	512	direct_effect_ridge	CPA_0.8.8	-0.021348691332835585	0.0038389955844027146	-0.01750969574843287	30	0	-0.01750969574843287	0.0	False	False	False	False	False	state_preferred_both
OSR2+UBASH3B	128	1024	direct_effect_ridge	additive	-0.014575395124528014	0.0019173976591933101	-0.012657997465334704	30	0	-0.012657997465334704	0.0	False	False	False	False	False	state_preferred_both
OSR2+UBASH3B	128	1024	direct_effect_ridge	compositional_ridge	-0.0018784154446586784	0.0019173976591933101	3.898221453462886e-05	30	15	3.898221453463172e-05	-2.859583229930518e-18	True	True	True	False	False	state_to_effect
OSR2+UBASH3B	128	1024	direct_effect_ridge	CPA_0.8.8	-0.020303268611984074	0.0019173976591933101	-0.018385870952790765	30	0	-0.018385870952790765	0.0	False	False	False	False	False	state_preferred_both
OSR2+UBASH3B	135	1080	direct_effect_ridge	additive	-0.014613582195703835	0.0018214947222395463	-0.012792087473464291	30	0	-0.01279208747346429	-1.734723475976807e-18	False	False	False	False	False	state_preferred_both
OSR2+UBASH3B	135	1080	direct_effect_ridge	compositional_ridge	-0.0019166025158345002	0.0018214947222395463	-9.510779359495602e-05	30	12	-9.510779359495395e-05	-2.0735366548785272e-18	False	False	False	False	False	state_preferred_both
OSR2+UBASH3B	135	1080	direct_effect_ridge	CPA_0.8.8	-0.020335757477005636	0.0018214947222395463	-0.018514262754766093	30	0	-0.01851426275476609	-3.469446951953614e-18	False	False	False	False	False	state_preferred_both
PRTG+TGFBR2	8	64	direct_effect_ridge	additive	-0.01637583109545678	0.030771096581544737	0.014395265486087962	30	30	0.014395265486087959	3.469446951953614e-18	True	True	True	False	False	state_to_effect
PRTG+TGFBR2	8	64	direct_effect_ridge	compositional_ridge	-0.016329533499952094	0.030771096581544737	0.014441563081592647	30	30	0.014441563081592643	3.469446951953614e-18	True	True	True	False	False	state_to_effect
PRTG+TGFBR2	8	64	direct_effect_ridge	CPA_0.8.8	0.015462434495874495	0.030771096581544737	0.04623353107741923	30	0	0.04623353107741923	0.0	False	False	False	False	False	effect_preferred_both
PRTG+TGFBR2	16	128	direct_effect_ridge	additive	-0.008613579358369228	0.015340822696117635	0.0067272433377484125	30	30	0.0067272433377484064	6.071532165918825e-18	True	True	True	False	False	state_to_effect
PRTG+TGFBR2	16	128	direct_effect_ridge	compositional_ridge	-0.00856728176286454	0.015340822696117635	0.006773540933253098	30	30	0.006773540933253094	3.469446951953614e-18	True	True	True	False	False	state_to_effect
PRTG+TGFBR2	16	128	direct_effect_ridge	CPA_0.8.8	0.022540538790317	0.015340822696117635	0.03788136148643464	30	0	0.03788136148643464	0.0	False	False	False	False	False	effect_preferred_both
PRTG+TGFBR2	32	256	direct_effect_ridge	additive	-0.004808616301558275	0.0077340105629845465	0.002925394261426274	30	30	0.0029253942614262717	2.168404344971009e-18	True	True	True	False	False	state_to_effect
PRTG+TGFBR2	32	256	direct_effect_ridge	compositional_ridge	-0.004762318706053589	0.0077340105629845465	0.002971691856930959	30	30	0.002971691856930958	1.3010426069826053e-18	True	True	True	False	False	state_to_effect
PRTG+TGFBR2	32	256	direct_effect_ridge	CPA_0.8.8	0.025453249034690546	0.0077340105629845465	0.033187259597675094	30	0	0.033187259597675094	0.0	False	False	False	False	False	effect_preferred_both
PRTG+TGFBR2	64	512	direct_effect_ridge	additive	-0.002852515348243393	0.0038389955844027146	0.0009864802361593246	30	30	0.0009864802361593218	2.8189256484623115e-18	True	True	True	False	False	state_to_effect
PRTG+TGFBR2	64	512	direct_effect_ridge	compositional_ridge	-0.0028062177527387066	0.0038389955844027146	0.00103277783166401	30	30	0.001032777831664008	1.951563910473908e-18	True	True	True	False	False	state_to_effect
PRTG+TGFBR2	64	512	direct_effect_ridge	CPA_0.8.8	0.0270685573397072	0.0038389955844027146	0.030907552924109915	30	0	0.030907552924109915	0.0	False	False	False	False	False	effect_preferred_both
PRTG+TGFBR2	128	1024	direct_effect_ridge	additive	-0.001931514555379322	0.0019173976591933101	-1.4116896186009964e-05	30	11	-1.41168961860119e-05	1.9363173174233306e-18	False	False	False	False	False	state_preferred_both
PRTG+TGFBR2	128	1024	direct_effect_ridge	compositional_ridge	-0.001885216959874636	0.0019173976591933101	3.218069931867484e-05	30	19	3.2180699318674075e-05	7.657177843178875e-19	True	True	True	False	False	state_to_effect
PRTG+TGFBR2	128	1024	direct_effect_ridge	CPA_0.8.8	0.0280265563456117	0.0019173976591933101	0.029943954004805016	30	0	0.02994395400480501	6.938893903907228e-18	False	False	False	False	False	effect_preferred_both
PRTG+TGFBR2	135	1080	direct_effect_ridge	additive	-0.0018620808432876612	0.0018214947222395463	-4.058612104811393e-05	30	7	-4.05861210481149e-05	9.690056916589196e-19	False	False	False	False	False	state_preferred_both
PRTG+TGFBR2	135	1080	direct_effect_ridge	compositional_ridge	-0.001815783247782975	0.0018214947222395463	5.711474456571973e-06	30	17	5.711474456571294e-06	6.793204236979489e-19	True	True	True	False	False	state_to_effect
PRTG+TGFBR2	135	1080	direct_effect_ridge	CPA_0.8.8	0.028029849269843164	0.0018214947222395463	0.02985134399208271	30	0	0.02985134399208271	0.0	False	False	False	False	False	effect_preferred_both
PTPN12+SAMD1	8	64	direct_effect_ridge	additive	-0.010045741045789753	0.030771096581544737	0.020725355535754993	30	30	0.020725355535754983	1.0408340855860843e-17	True	True	True	False	False	state_to_effect
PTPN12+SAMD1	8	64	direct_effect_ridge	compositional_ridge	-0.012637928908758521	0.030771096581544737	0.01813316767278622	30	30	0.018133167672786214	6.938893903907228e-18	True	True	True	False	False	state_to_effect
PTPN12+SAMD1	8	64	direct_effect_ridge	CPA_0.8.8	0.060834480968236695	0.030771096581544737	0.09160557754978144	30	0	0.09160557754978144	0.0	False	False	False	False	False	effect_preferred_both
PTPN12+SAMD1	16	128	direct_effect_ridge	additive	-0.002283950658061568	0.015340822696117635	0.013056872038056071	30	30	0.013056872038056066	5.204170427930421e-18	True	True	True	False	False	state_to_effect
PTPN12+SAMD1	16	128	direct_effect_ridge	compositional_ridge	-0.004876138521030336	0.015340822696117635	0.0104646841750873	30	30	0.010464684175087297	3.469446951953614e-18	True	True	True	False	False	state_to_effect
PTPN12+SAMD1	16	128	direct_effect_ridge	CPA_0.8.8	0.06799086387029893	0.015340822696117635	0.08333168656641657	30	0	0.08333168656641657	0.0	False	False	False	False	False	effect_preferred_both
PTPN12+SAMD1	32	256	direct_effect_ridge	additive	0.0015614830220770347	0.0077340105629845465	0.009295493585061581	30	0	0.009295493585061581	0.0	False	False	False	False	False	effect_preferred_both
PTPN12+SAMD1	32	256	direct_effect_ridge	compositional_ridge	-0.001030704840891734	0.0077340105629845465	0.006703305722092812	30	30	0.006703305722092812	0.0	True	True	True	False	False	state_to_effect
PTPN12+SAMD1	32	256	direct_effect_ridge	CPA_0.8.8	0.0705885401754799	0.0077340105629845465	0.07832255073846445	30	0	0.07832255073846445	0.0	False	False	False	False	False	effect_preferred_both
PTPN12+SAMD1	64	512	direct_effect_ridge	additive	0.003539176397657654	0.0038389955844027146	0.007378171982060369	30	0	0.007378171982060368	8.673617379884035e-19	False	False	False	False	False	effect_preferred_both
PTPN12+SAMD1	64	512	direct_effect_ridge	compositional_ridge	0.0009469885346888855	0.0038389955844027146	0.0047859841190916	30	0	0.0047859841190916	0.0	False	False	False	False	False	effect_preferred_both
PTPN12+SAMD1	64	512	direct_effect_ridge	CPA_0.8.8	0.07211799994189659	0.0038389955844027146	0.07595699552629931	30	0	0.07595699552629931	0.0	False	False	False	False	False	effect_preferred_both
PTPN12+SAMD1	128	1024	direct_effect_ridge	additive	0.004462083152576538	0.0019173976591933101	0.006379480811769848	30	0	0.006379480811769847	8.673617379884035e-19	False	False	False	False	False	effect_preferred_both
PTPN12+SAMD1	128	1024	direct_effect_ridge	compositional_ridge	0.0018698952896077689	0.0019173976591933101	0.0037872929488010788	30	0	0.0037872929488010788	0.0	False	False	False	False	False	effect_preferred_both
PTPN12+SAMD1	128	1024	direct_effect_ridge	CPA_0.8.8	0.07309813095893095	0.0019173976591933101	0.07501552861812426	30	0	0.07501552861812426	0.0	False	False	False	False	False	effect_preferred_both
PTPN12+SAMD1	135	1080	direct_effect_ridge	additive	0.004513457098723061	0.0018214947222395463	0.006334951820962608	30	0	0.006334951820962607	8.673617379884035e-19	False	False	False	False	False	effect_preferred_both
PTPN12+SAMD1	135	1080	direct_effect_ridge	compositional_ridge	0.0019212692357542934	0.0018214947222395463	0.003742763957993839	30	0	0.0037427639579938397	-8.673617379884035e-19	False	False	False	False	False	effect_preferred_both
PTPN12+SAMD1	135	1080	direct_effect_ridge	CPA_0.8.8	0.07304803666977769	0.0018214947222395463	0.07486953139201726	30	0	0.07486953139201724	1.3877787807814457e-17	False	False	False	False	False	effect_preferred_both
PTPN12+SNAI1	8	64	direct_effect_ridge	additive	-0.009829363507457216	0.030771096581544737	0.02094173307408753	30	30	0.02094173307408752	6.938893903907228e-18	True	True	True	False	False	state_to_effect
PTPN12+SNAI1	8	64	direct_effect_ridge	compositional_ridge	-0.017768353882886265	0.030771096581544737	0.01300274269865848	30	30	0.013002742698658473	6.938893903907228e-18	True	True	True	False	False	state_to_effect
PTPN12+SNAI1	8	64	direct_effect_ridge	CPA_0.8.8	0.010705125949224488	0.030771096581544737	0.04147622253076923	30	0	0.04147622253076923	0.0	False	False	False	False	False	effect_preferred_both
PTPN12+SNAI1	16	128	direct_effect_ridge	additive	-0.0019930578995991334	0.015340822696117635	0.013347764796518507	30	30	0.013347764796518502	5.204170427930421e-18	True	True	True	False	False	state_to_effect
PTPN12+SNAI1	16	128	direct_effect_ridge	compositional_ridge	-0.009932048275028181	0.015340822696117635	0.0054087744210894574	30	30	0.005408774421089453	4.336808689942018e-18	True	True	True	False	False	state_to_effect
PTPN12+SNAI1	16	128	direct_effect_ridge	CPA_0.8.8	0.01794397002903823	0.015340822696117635	0.033284792725155866	30	0	0.033284792725155866	0.0	False	False	False	False	False	effect_preferred_both
PTPN12+SNAI1	32	256	direct_effect_ridge	additive	0.0016419953299830615	0.0077340105629845465	0.009376005892967611	30	1	0.009376005892967608	3.469446951953614e-18	False	False	False	False	False	effect_preferred_both
PTPN12+SNAI1	32	256	direct_effect_ridge	compositional_ridge	-0.006296995045445985	0.0077340105629845465	0.001437015517538562	30	30	0.0014370155175385613	6.505213034913027e-19	True	True	True	False	False	state_to_effect
PTPN12+SNAI1	32	256	direct_effect_ridge	CPA_0.8.8	0.020741981834250262	0.0077340105629845465	0.02847599239723481	30	0	0.02847599239723481	0.0	False	False	False	False	False	effect_preferred_both
PTPN12+SNAI1	64	512	direct_effect_ridge	additive	0.00351133435447603	0.0038389955844027146	0.007350329938878747	30	0	0.007350329938878745	2.6020852139652106e-18	False	False	False	False	False	effect_preferred_both
PTPN12+SNAI1	64	512	direct_effect_ridge	compositional_ridge	-0.004427656020953017	0.0038389955844027146	-0.0005886604365503016	30	2	-0.0005886604365503028	1.1926223897340549e-18	False	False	False	False	False	state_preferred_both
PTPN12+SNAI1	64	512	direct_effect_ridge	CPA_0.8.8	0.022377442734068477	0.0038389955844027146	0.026216438318471192	30	0	0.026216438318471192	0.0	False	False	False	False	False	effect_preferred_both
PTPN12+SNAI1	128	1024	direct_effect_ridge	additive	0.0044949977664873585	0.0019173976591933101	0.006412395425680671	30	0	0.006412395425680669	1.734723475976807e-18	False	False	False	False	False	effect_preferred_both
PTPN12+SNAI1	128	1024	direct_effect_ridge	compositional_ridge	-0.0034439926089416886	0.0019173976591933101	-0.0015265949497483787	30	0	-0.0015265949497483785	-2.168404344971009e-19	False	False	False	False	False	state_preferred_both
PTPN12+SNAI1	128	1024	direct_effect_ridge	CPA_0.8.8	0.023388413191743902	0.0019173976591933101	0.025305810850937215	30	0	0.02530581085093721	3.469446951953614e-18	False	False	False	False	False	effect_preferred_both
PTPN12+SNAI1	135	1080	direct_effect_ridge	additive	0.004511640617115496	0.0018214947222395463	0.006333135339355043	30	0	0.0063331353393550425	8.673617379884035e-19	False	False	False	False	False	effect_preferred_both
PTPN12+SNAI1	135	1080	direct_effect_ridge	compositional_ridge	-0.003427349758313552	0.0018214947222395463	-0.0016058550360740055	30	0	-0.0016058550360740055	0.0	False	False	False	False	False	state_preferred_both
PTPN12+SNAI1	135	1080	direct_effect_ridge	CPA_0.8.8	0.023350301925523755	0.0018214947222395463	0.025171796647763305	30	0	0.0251717966477633	3.469446951953614e-18	False	False	False	False	False	effect_preferred_both
PTPN12+UBASH3A	8	64	direct_effect_ridge	additive	-0.007549890882919948	0.030771096581544737	0.02322120569862479	30	30	0.023221205698624788	3.469446951953614e-18	True	True	True	False	False	state_to_effect
PTPN12+UBASH3A	8	64	direct_effect_ridge	compositional_ridge	-0.0053642822397425485	0.030771096581544737	0.025406814341802187	30	30	0.02540681434180219	-3.469446951953614e-18	True	True	True	False	False	state_to_effect
PTPN12+UBASH3A	8	64	direct_effect_ridge	CPA_0.8.8	0.04708933384775331	0.030771096581544737	0.07786043042929805	30	0	0.07786043042929805	0.0	False	False	False	False	False	effect_preferred_both
PTPN12+UBASH3A	16	128	direct_effect_ridge	additive	0.00011093766943832775	0.015340822696117635	0.015451760365555964	30	14	0.015451760365555962	1.734723475976807e-18	False	False	False	False	False	effect_preferred_both
PTPN12+UBASH3A	16	128	direct_effect_ridge	compositional_ridge	0.0022965463126157267	0.015340822696117635	0.017637369008733358	30	1	0.01763736900873336	-3.469446951953614e-18	False	False	False	False	False	effect_preferred_both
PTPN12+UBASH3A	16	128	direct_effect_ridge	CPA_0.8.8	0.05412822489880243	0.015340822696117635	0.06946904759492006	30	0	0.06946904759492006	0.0	False	False	False	False	False	effect_preferred_both
PTPN12+UBASH3A	32	256	direct_effect_ridge	additive	0.004172848097827594	0.0077340105629845465	0.011906858660812139	30	0	0.01190685866081214	-1.734723475976807e-18	False	False	False	False	False	effect_preferred_both
PTPN12+UBASH3A	32	256	direct_effect_ridge	compositional_ridge	0.006358456741004992	0.0077340105629845465	0.014092467303989532	30	0	0.01409246730398954	-6.938893903907228e-18	False	False	False	False	False	effect_preferred_both
PTPN12+UBASH3A	32	256	direct_effect_ridge	CPA_0.8.8	0.056910468976231435	0.0077340105629845465	0.06464447953921598	30	0	0.06464447953921598	0.0	False	False	False	False	False	effect_preferred_both
PTPN12+UBASH3A	64	512	direct_effect_ridge	additive	0.006243530920503111	0.0038389955844027146	0.010082526504905823	30	0	0.010082526504905825	-1.734723475976807e-18	False	False	False	False	False	effect_preferred_both
PTPN12+UBASH3A	64	512	direct_effect_ridge	compositional_ridge	0.00842913956368051	0.0038389955844027146	0.012268135148083219	30	0	0.012268135148083226	-6.938893903907228e-18	False	False	False	False	False	effect_preferred_both
PTPN12+UBASH3A	64	512	direct_effect_ridge	CPA_0.8.8	0.05848323059896314	0.0038389955844027146	0.062322226183365866	30	0	0.06232222618336585	1.3877787807814457e-17	False	False	False	False	False	effect_preferred_both
PTPN12+UBASH3A	128	1024	direct_effect_ridge	additive	0.007158296610810435	0.0019173976591933101	0.009075694270003742	30	0	0.009075694270003746	-3.469446951953614e-18	False	False	False	False	False	effect_preferred_both
PTPN12+UBASH3A	128	1024	direct_effect_ridge	compositional_ridge	0.009343905253987834	0.0019173976591933101	0.011261302913181136	30	0	0.011261302913181144	-8.673617379884035e-18	False	False	False	False	False	effect_preferred_both
PTPN12+UBASH3A	128	1024	direct_effect_ridge	CPA_0.8.8	0.059444812847342474	0.0019173976591933101	0.061362210506535786	30	0	0.061362210506535786	0.0	False	False	False	False	False	effect_preferred_both
PTPN12+UBASH3A	135	1080	direct_effect_ridge	additive	0.007252112974034515	0.0018214947222395463	0.00907360769627406	30	0	0.009073607696274062	-1.734723475976807e-18	False	False	False	False	False	effect_preferred_both
PTPN12+UBASH3A	135	1080	direct_effect_ridge	compositional_ridge	0.009437721617211913	0.0018214947222395463	0.011259216339451454	30	0	0.011259216339451459	-5.204170427930421e-18	False	False	False	False	False	effect_preferred_both
PTPN12+UBASH3A	135	1080	direct_effect_ridge	CPA_0.8.8	0.05944116279646216	0.0018214947222395463	0.06126265751870171	30	0	0.061262657518701705	6.938893903907228e-18	False	False	False	False	False	effect_preferred_both
PTPN12+ZBTB10	8	64	direct_effect_ridge	additive	-0.010299688253288601	0.030771096581544737	0.020471408328256138	30	30	0.020471408328256134	3.469446951953614e-18	True	True	True	False	False	state_to_effect
PTPN12+ZBTB10	8	64	direct_effect_ridge	compositional_ridge	-0.017392984197239728	0.030771096581544737	0.01337811238430501	30	30	0.013378112384305009	1.734723475976807e-18	True	True	True	False	False	state_to_effect
PTPN12+ZBTB10	8	64	direct_effect_ridge	CPA_0.8.8	0.06271745387273815	0.030771096581544737	0.09348855045428289	30	0	0.09348855045428289	0.0	False	False	False	False	False	effect_preferred_both
PTPN12+ZBTB10	16	128	direct_effect_ridge	additive	-0.0025302280595334145	0.015340822696117635	0.012810594636584223	30	30	0.012810594636584221	1.734723475976807e-18	True	True	True	False	False	state_to_effect
PTPN12+ZBTB10	16	128	direct_effect_ridge	compositional_ridge	-0.009623524003484542	0.015340822696117635	0.005717298692633091	30	30	0.005717298692633092	-1.734723475976807e-18	True	True	True	False	False	state_to_effect
PTPN12+ZBTB10	16	128	direct_effect_ridge	CPA_0.8.8	0.07006792236154266	0.015340822696117635	0.0854087450576603	30	0	0.0854087450576603	0.0	False	False	False	False	False	effect_preferred_both
PTPN12+ZBTB10	32	256	direct_effect_ridge	additive	0.001016366986042399	0.0077340105629845465	0.008750377549026944	30	4	0.008750377549026946	-1.734723475976807e-18	False	False	False	False	False	effect_preferred_both
PTPN12+ZBTB10	32	256	direct_effect_ridge	compositional_ridge	-0.0060769289579087294	0.0077340105629845465	0.0016570816050758136	30	30	0.001657081605075817	-3.469446951953614e-18	True	True	True	False	False	state_to_effect
PTPN12+ZBTB10	32	256	direct_effect_ridge	CPA_0.8.8	0.07249130539902839	0.0077340105629845465	0.08022531596201293	30	0	0.08022531596201293	0.0	False	False	False	False	False	effect_preferred_both
PTPN12+ZBTB10	64	512	direct_effect_ridge	additive	0.002879214156662617	0.0038389955844027146	0.006718209741065331	30	0	0.006718209741065332	-8.673617379884035e-19	False	False	False	False	False	effect_preferred_both
PTPN12+ZBTB10	64	512	direct_effect_ridge	compositional_ridge	-0.004214081787288511	0.0038389955844027146	-0.0003750862028857992	30	5	-0.00037508620288579644	-2.7647155398380363e-18	False	False	False	False	False	state_preferred_both
PTPN12+ZBTB10	64	512	direct_effect_ridge	CPA_0.8.8	0.07403846660241045	0.0038389955844027146	0.07787746218681317	30	0	0.07787746218681317	0.0	False	False	False	False	False	effect_preferred_both
PTPN12+ZBTB10	128	1024	direct_effect_ridge	additive	0.0038933331320244497	0.0019173976591933101	0.005810730791217757	30	0	0.00581073079121776	-2.6020852139652106e-18	False	False	False	False	False	effect_preferred_both
PTPN12+ZBTB10	128	1024	direct_effect_ridge	compositional_ridge	-0.0031999628119266793	0.0019173976591933101	-0.001282565152733372	30	0	-0.0012825651527333692	-2.8189256484623115e-18	False	False	False	False	False	state_preferred_both
PTPN12+ZBTB10	128	1024	direct_effect_ridge	CPA_0.8.8	0.07516080010750682	0.0019173976591933101	0.07707819776670014	30	0	0.07707819776670014	0.0	False	False	False	False	False	effect_preferred_both
PTPN12+ZBTB10	135	1080	direct_effect_ridge	additive	0.003910017012802488	0.0018214947222395463	0.005731511735042035	30	0	0.005731511735042034	8.673617379884035e-19	False	False	False	False	False	effect_preferred_both
PTPN12+ZBTB10	135	1080	direct_effect_ridge	compositional_ridge	-0.00318327893114864	0.0018214947222395463	-0.0013617842089090975	30	0	-0.0013617842089090936	-3.903127820947816e-18	False	False	False	False	False	state_preferred_both
PTPN12+ZBTB10	135	1080	direct_effect_ridge	CPA_0.8.8	0.07505202229213105	0.0018214947222395463	0.07687351701437059	30	0	0.0768735170143706	-1.3877787807814457e-17	False	False	False	False	False	effect_preferred_both
RHOXF2B+ZBTB25	8	64	direct_effect_ridge	additive	-0.012228362151146309	0.030771096581544737	0.018542734430398434	30	30	0.01854273443039843	3.469446951953614e-18	True	True	True	False	False	state_to_effect
RHOXF2B+ZBTB25	8	64	direct_effect_ridge	compositional_ridge	-0.0034960698621056886	0.030771096581544737	0.027275026719439054	30	30	0.027275026719439047	6.938893903907228e-18	True	True	True	False	False	state_to_effect
RHOXF2B+ZBTB25	8	64	direct_effect_ridge	CPA_0.8.8	0.08113347009366341	0.030771096581544737	0.11190456667520815	30	0	0.11190456667520815	0.0	False	False	False	False	False	effect_preferred_both
RHOXF2B+ZBTB25	16	128	direct_effect_ridge	additive	-0.004548218156812878	0.015340822696117635	0.01079260453930476	30	30	0.010792604539304756	3.469446951953614e-18	True	True	True	False	False	state_to_effect
RHOXF2B+ZBTB25	16	128	direct_effect_ridge	compositional_ridge	0.004184074132227742	0.015340822696117635	0.019524896828345382	30	0	0.01952489682834538	3.469446951953614e-18	False	False	False	False	False	effect_preferred_both
RHOXF2B+ZBTB25	16	128	direct_effect_ridge	CPA_0.8.8	0.08842208132489042	0.015340822696117635	0.10376290402100805	30	0	0.10376290402100806	-1.3877787807814457e-17	False	False	False	False	False	effect_preferred_both
RHOXF2B+ZBTB25	32	256	direct_effect_ridge	additive	-0.000624207943648366	0.0077340105629845465	0.0071098026193361814	30	29	0.007109802619336181	8.673617379884035e-19	True	True	True	False	False	state_to_effect
RHOXF2B+ZBTB25	32	256	direct_effect_ridge	compositional_ridge	0.008108084345392255	0.0077340105629845465	0.015842094908376802	30	0	0.015842094908376802	0.0	False	False	False	False	False	effect_preferred_both
RHOXF2B+ZBTB25	32	256	direct_effect_ridge	CPA_0.8.8	0.09103069510190157	0.0077340105629845465	0.09876470566488613	30	0	0.09876470566488611	1.3877787807814457e-17	False	False	False	False	False	effect_preferred_both
RHOXF2B+ZBTB25	64	512	direct_effect_ridge	additive	0.0012774115345398677	0.0038389955844027146	0.005116407118942584	30	0	0.005116407118942582	1.734723475976807e-18	False	False	False	False	False	effect_preferred_both
RHOXF2B+ZBTB25	64	512	direct_effect_ridge	compositional_ridge	0.010009703823580489	0.0038389955844027146	0.013848699407983204	30	0	0.013848699407983204	0.0	False	False	False	False	False	effect_preferred_both
RHOXF2B+ZBTB25	64	512	direct_effect_ridge	CPA_0.8.8	0.09251570496345514	0.0038389955844027146	0.09635470054785786	30	0	0.09635470054785786	0.0	False	False	False	False	False	effect_preferred_both
RHOXF2B+ZBTB25	128	1024	direct_effect_ridge	additive	0.002222467056670539	0.0019173976591933101	0.004139864715863849	30	0	0.004139864715863849	0.0	False	False	False	False	False	effect_preferred_both
RHOXF2B+ZBTB25	128	1024	direct_effect_ridge	compositional_ridge	0.010954759345711159	0.0019173976591933101	0.012872157004904471	30	0	0.01287215700490447	1.734723475976807e-18	False	False	False	False	False	effect_preferred_both
RHOXF2B+ZBTB25	128	1024	direct_effect_ridge	CPA_0.8.8	0.0935838774840724	0.0019173976591933101	0.09550127514326572	30	0	0.09550127514326572	0.0	False	False	False	False	False	effect_preferred_both
RHOXF2B+ZBTB25	135	1080	direct_effect_ridge	additive	0.002287256399063985	0.0018214947222395463	0.004108751121303531	30	0	0.004108751121303531	0.0	False	False	False	False	False	effect_preferred_both
RHOXF2B+ZBTB25	135	1080	direct_effect_ridge	compositional_ridge	0.011019548688104607	0.0018214947222395463	0.012841043410344153	30	0	0.012841043410344153	0.0	False	False	False	False	False	effect_preferred_both
RHOXF2B+ZBTB25	135	1080	direct_effect_ridge	CPA_0.8.8	0.09353478249655521	0.0018214947222395463	0.09535627721879476	30	0	0.09535627721879476	0.0	False	False	False	False	False	effect_preferred_both
SAMD1+UBASH3B	8	64	direct_effect_ridge	additive	-0.012462854993211888	0.030771096581544737	0.01830824158833285	30	30	0.01830824158833285	0.0	True	True	True	False	False	state_to_effect
SAMD1+UBASH3B	8	64	direct_effect_ridge	compositional_ridge	-0.011701667772928014	0.030771096581544737	0.019069428808616732	30	30	0.01906942880861672	1.0408340855860843e-17	True	True	True	False	False	state_to_effect
SAMD1+UBASH3B	8	64	direct_effect_ridge	CPA_0.8.8	0.07573783215580113	0.030771096581544737	0.10650892873734588	30	0	0.10650892873734587	1.3877787807814457e-17	False	False	False	False	False	effect_preferred_both
SAMD1+UBASH3B	16	128	direct_effect_ridge	additive	-0.004783270534399261	0.015340822696117635	0.010557552161718378	30	30	0.010557552161718373	5.204170427930421e-18	True	True	True	False	False	state_to_effect
SAMD1+UBASH3B	16	128	direct_effect_ridge	compositional_ridge	-0.004022083314115386	0.015340822696117635	0.011318739382002256	30	30	0.011318739382002249	6.938893903907228e-18	True	True	True	False	False	state_to_effect
SAMD1+UBASH3B	16	128	direct_effect_ridge	CPA_0.8.8	0.08289014944629214	0.015340822696117635	0.09823097214240976	30	0	0.09823097214240978	-1.3877787807814457e-17	False	False	False	False	False	effect_preferred_both
SAMD1+UBASH3B	32	256	direct_effect_ridge	additive	-0.0009400523197038905	0.0077340105629845465	0.006793958243280657	30	30	0.006793958243280656	8.673617379884035e-19	True	True	True	False	False	state_to_effect
SAMD1+UBASH3B	32	256	direct_effect_ridge	compositional_ridge	-0.000178865099420016	0.0077340105629845465	0.007555145463564535	30	22	0.007555145463564531	4.336808689942018e-18	True	True	True	False	False	state_to_effect
SAMD1+UBASH3B	32	256	direct_effect_ridge	CPA_0.8.8	0.08537091511995064	0.0077340105629845465	0.09310492568293519	30	0	0.09310492568293519	0.0	False	False	False	False	False	effect_preferred_both
SAMD1+UBASH3B	64	512	direct_effect_ridge	additive	0.0009811412987511254	0.0038389955844027146	0.00482013688315384	30	0	0.00482013688315384	0.0	False	False	False	False	False	effect_preferred_both
SAMD1+UBASH3B	64	512	direct_effect_ridge	compositional_ridge	0.0017423285190350001	0.0038389955844027146	0.005581324103437719	30	0	0.0055813241034377145	4.336808689942018e-18	False	False	False	False	False	effect_preferred_both
SAMD1+UBASH3B	64	512	direct_effect_ridge	CPA_0.8.8	0.08687154578139654	0.0038389955844027146	0.09071054136579927	30	0	0.09071054136579926	1.3877787807814457e-17	False	False	False	False	False	effect_preferred_both
SAMD1+UBASH3B	128	1024	direct_effect_ridge	additive	0.0019086390114573003	0.0019173976591933101	0.00382603667065061	30	0	0.0038260366706506102	-4.336808689942018e-19	False	False	False	False	False	effect_preferred_both
SAMD1+UBASH3B	128	1024	direct_effect_ridge	compositional_ridge	0.002669826231741175	0.0019173976591933101	0.004587223890934488	30	0	0.0045872238909344856	2.6020852139652106e-18	False	False	False	False	False	effect_preferred_both
SAMD1+UBASH3B	128	1024	direct_effect_ridge	CPA_0.8.8	0.0879064610126787	0.0019173976591933101	0.08982385867187201	30	0	0.08982385867187201	0.0	False	False	False	False	False	effect_preferred_both
SAMD1+UBASH3B	135	1080	direct_effect_ridge	additive	0.001965738540374165	0.0018214947222395463	0.00378723326261371	30	0	0.0037872332626137113	-1.3010426069826053e-18	False	False	False	False	False	effect_preferred_both
SAMD1+UBASH3B	135	1080	direct_effect_ridge	compositional_ridge	0.0027269257606580394	0.0018214947222395463	0.004548420482897589	30	0	0.004548420482897586	3.469446951953614e-18	False	False	False	False	False	effect_preferred_both
SAMD1+UBASH3B	135	1080	direct_effect_ridge	CPA_0.8.8	0.08784583993315256	0.0018214947222395463	0.0896673346553921	30	0	0.08966733465539212	-1.3877787807814457e-17	False	False	False	False	False	effect_preferred_both
SAMD1+ZBTB1	8	64	direct_effect_ridge	additive	-0.012705465369829371	0.030771096581544737	0.01806563121171537	30	30	0.018065631211715366	3.469446951953614e-18	True	True	True	False	False	state_to_effect
SAMD1+ZBTB1	8	64	direct_effect_ridge	compositional_ridge	0.00011452409750362681	0.030771096581544737	0.030885620679048365	30	10	0.030885620679048365	0.0	False	False	False	False	False	effect_preferred_both
SAMD1+ZBTB1	8	64	direct_effect_ridge	CPA_0.8.8	0.07023844413656509	0.030771096581544737	0.10100954071810983	30	0	0.10100954071810983	0.0	False	False	False	False	False	effect_preferred_both
SAMD1+ZBTB1	16	128	direct_effect_ridge	additive	-0.0048703283988668486	0.015340822696117635	0.010470494297250787	30	30	0.010470494297250787	0.0	True	True	True	False	False	state_to_effect
SAMD1+ZBTB1	16	128	direct_effect_ridge	compositional_ridge	0.007949661068466151	0.015340822696117635	0.023290483764583782	30	0	0.023290483764583786	-3.469446951953614e-18	False	False	False	False	False	effect_preferred_both
SAMD1+ZBTB1	16	128	direct_effect_ridge	CPA_0.8.8	0.07745048712248798	0.015340822696117635	0.09279130981860563	30	0	0.09279130981860562	1.3877787807814457e-17	False	False	False	False	False	effect_preferred_both
SAMD1+ZBTB1	32	256	direct_effect_ridge	additive	-0.0010475324120577693	0.0077340105629845465	0.0066864781509267755	30	30	0.006686478150926777	-1.734723475976807e-18	True	True	True	False	False	state_to_effect
SAMD1+ZBTB1	32	256	direct_effect_ridge	compositional_ridge	0.01177245705527523	0.0077340105629845465	0.01950646761825977	30	0	0.019506467618259776	-6.938893903907228e-18	False	False	False	False	False	effect_preferred_both
SAMD1+ZBTB1	32	256	direct_effect_ridge	CPA_0.8.8	0.08005236687332266	0.0077340105629845465	0.08778637743630721	30	0	0.08778637743630721	0.0	False	False	False	False	False	effect_preferred_both
SAMD1+ZBTB1	64	512	direct_effect_ridge	additive	0.0008825452599621724	0.0038389955844027146	0.004721540844364886	30	0	0.004721540844364887	-8.673617379884035e-19	False	False	False	False	False	effect_preferred_both
SAMD1+ZBTB1	64	512	direct_effect_ridge	compositional_ridge	0.013702534727295173	0.0038389955844027146	0.01754153031169788	30	0	0.017541530311697886	-6.938893903907228e-18	False	False	False	False	False	effect_preferred_both
SAMD1+ZBTB1	64	512	direct_effect_ridge	CPA_0.8.8	0.0815874605799407	0.0038389955844027146	0.08542645616434341	30	0	0.08542645616434341	0.0	False	False	False	False	False	effect_preferred_both
SAMD1+ZBTB1	128	1024	direct_effect_ridge	additive	0.0018033844133762045	0.0019173976591933101	0.0037207820725695135	30	0	0.0037207820725695144	-8.673617379884035e-19	False	False	False	False	False	effect_preferred_both
SAMD1+ZBTB1	128	1024	direct_effect_ridge	compositional_ridge	0.014623373880709204	0.0019173976591933101	0.01654077153990251	30	0	0.016540771539902514	-3.469446951953614e-18	False	False	False	False	False	effect_preferred_both
SAMD1+ZBTB1	128	1024	direct_effect_ridge	CPA_0.8.8	0.08258080221999904	0.0019173976591933101	0.08449819987919235	30	0	0.08449819987919235	0.0	False	False	False	False	False	effect_preferred_both
SAMD1+ZBTB1	135	1080	direct_effect_ridge	additive	0.0018564217813072312	0.0018214947222395463	0.003677916503546776	30	0	0.0036779165035467774	-1.3010426069826053e-18	False	False	False	False	False	effect_preferred_both
SAMD1+ZBTB1	135	1080	direct_effect_ridge	compositional_ridge	0.01467641124864023	0.0018214947222395463	0.016497905970879773	30	0	0.016497905970879776	-3.469446951953614e-18	False	False	False	False	False	effect_preferred_both
SAMD1+ZBTB1	135	1080	direct_effect_ridge	CPA_0.8.8	0.08251948309634077	0.0018214947222395463	0.08434097781858033	30	0	0.08434097781858033	0.0	False	False	False	False	False	effect_preferred_both
SGK1+TBX2	8	64	direct_effect_ridge	additive	-0.010745891802566476	0.030771096581544737	0.02002520477897827	30	30	0.02002520477897826	6.938893903907228e-18	True	True	True	False	False	state_to_effect
SGK1+TBX2	8	64	direct_effect_ridge	compositional_ridge	-0.006608223523964768	0.030771096581544737	0.024162873057579977	30	30	0.02416287305757997	6.938893903907228e-18	True	True	True	False	False	state_to_effect
SGK1+TBX2	8	64	direct_effect_ridge	CPA_0.8.8	0.05639040161799295	0.030771096581544737	0.0871614981995377	30	0	0.08716149819953768	1.3877787807814457e-17	False	False	False	False	False	effect_preferred_both
SGK1+TBX2	16	128	direct_effect_ridge	additive	-0.00294627924634755	0.015340822696117635	0.012394543449770088	30	30	0.012394543449770085	3.469446951953614e-18	True	True	True	False	False	state_to_effect
SGK1+TBX2	16	128	direct_effect_ridge	compositional_ridge	0.0011913890322541583	0.015340822696117635	0.0165322117283718	30	0	0.01653221172837179	6.938893903907228e-18	False	False	False	False	False	effect_preferred_both
SGK1+TBX2	16	128	direct_effect_ridge	CPA_0.8.8	0.06360152215641837	0.015340822696117635	0.07894234485253601	30	0	0.07894234485253601	0.0	False	False	False	False	False	effect_preferred_both
SGK1+TBX2	32	256	direct_effect_ridge	additive	0.0007940156256330712	0.0077340105629845465	0.008528026188617619	30	2	0.008528026188617617	1.734723475976807e-18	False	False	False	False	False	effect_preferred_both
SGK1+TBX2	32	256	direct_effect_ridge	compositional_ridge	0.004931683904234779	0.0077340105629845465	0.012665694467219329	30	0	0.012665694467219326	3.469446951953614e-18	False	False	False	False	False	effect_preferred_both
SGK1+TBX2	32	256	direct_effect_ridge	CPA_0.8.8	0.06616065211978082	0.0077340105629845465	0.07389466268276539	30	0	0.07389466268276537	1.3877787807814457e-17	False	False	False	False	False	effect_preferred_both
SGK1+TBX2	64	512	direct_effect_ridge	additive	0.0027387162975200633	0.0038389955844027146	0.006577711881922779	30	0	0.006577711881922778	8.673617379884035e-19	False	False	False	False	False	effect_preferred_both
SGK1+TBX2	64	512	direct_effect_ridge	compositional_ridge	0.006876384576121772	0.0038389955844027146	0.01071538016052449	30	0	0.010715380160524486	3.469446951953614e-18	False	False	False	False	False	effect_preferred_both
SGK1+TBX2	64	512	direct_effect_ridge	CPA_0.8.8	0.06771125628509005	0.0038389955844027146	0.07155025186949276	30	0	0.07155025186949276	0.0	False	False	False	False	False	effect_preferred_both
SGK1+TBX2	128	1024	direct_effect_ridge	additive	0.003740840681971284	0.0019173976591933101	0.005658238341164595	30	0	0.005658238341164594	8.673617379884035e-19	False	False	False	False	False	effect_preferred_both
SGK1+TBX2	128	1024	direct_effect_ridge	compositional_ridge	0.007878508960572992	0.0019173976591933101	0.009795906619766306	30	0	0.009795906619766303	3.469446951953614e-18	False	False	False	False	False	effect_preferred_both
SGK1+TBX2	128	1024	direct_effect_ridge	CPA_0.8.8	0.06877519297289068	0.0019173976591933101	0.07069259063208401	30	0	0.070692590632084	1.3877787807814457e-17	False	False	False	False	False	effect_preferred_both
SGK1+TBX2	135	1080	direct_effect_ridge	additive	0.0037746300552132664	0.0018214947222395463	0.005596124777452813	30	0	0.005596124777452813	0.0	False	False	False	False	False	effect_preferred_both
SGK1+TBX2	135	1080	direct_effect_ridge	compositional_ridge	0.007912298333814976	0.0018214947222395463	0.009733793056054523	30	0	0.009733793056054521	1.734723475976807e-18	False	False	False	False	False	effect_preferred_both
SGK1+TBX2	135	1080	direct_effect_ridge	CPA_0.8.8	0.0687199315494185	0.0018214947222395463	0.07054142627165803	30	0	0.07054142627165805	-1.3877787807814457e-17	False	False	False	False	False	effect_preferred_both
SGK1+TBX3	8	64	direct_effect_ridge	additive	-0.009223441878586485	0.030771096581544737	0.021547654702958257	30	30	0.021547654702958254	3.469446951953614e-18	True	True	True	False	False	state_to_effect
SGK1+TBX3	8	64	direct_effect_ridge	compositional_ridge	-0.013322027070623004	0.030771096581544737	0.017449069510921737	30	30	0.017449069510921733	3.469446951953614e-18	True	True	True	False	False	state_to_effect
SGK1+TBX3	8	64	direct_effect_ridge	CPA_0.8.8	0.03771274915653467	0.030771096581544737	0.06848384573807942	30	0	0.0684838457380794	1.3877787807814457e-17	False	False	False	False	False	effect_preferred_both
SGK1+TBX3	16	128	direct_effect_ridge	additive	-0.0014546857556326652	0.015340822696117635	0.013886136940484971	30	30	0.01388613694048497	1.734723475976807e-18	True	True	True	False	False	state_to_effect
SGK1+TBX3	16	128	direct_effect_ridge	compositional_ridge	-0.0055532709476691835	0.015340822696117635	0.009787551748448453	30	30	0.009787551748448451	1.734723475976807e-18	True	True	True	False	False	state_to_effect
SGK1+TBX3	16	128	direct_effect_ridge	CPA_0.8.8	0.04493188078379324	0.015340822696117635	0.06027270347991088	30	0	0.06027270347991087	6.938893903907228e-18	False	False	False	False	False	effect_preferred_both
SGK1+TBX3	32	256	direct_effect_ridge	additive	0.0021507483795773466	0.0077340105629845465	0.009884758942561892	30	0	0.009884758942561894	-1.734723475976807e-18	False	False	False	False	False	effect_preferred_both
SGK1+TBX3	32	256	direct_effect_ridge	compositional_ridge	-0.0019478368124591723	0.0077340105629845465	0.005786173750525373	30	30	0.005786173750525374	-8.673617379884035e-19	True	True	True	False	False	state_to_effect
SGK1+TBX3	32	256	direct_effect_ridge	CPA_0.8.8	0.047391052761519364	0.0077340105629845465	0.05512506332450392	30	0	0.05512506332450391	6.938893903907228e-18	False	False	False	False	False	effect_preferred_both
SGK1+TBX3	64	512	direct_effect_ridge	additive	0.004042816769099218	0.0038389955844027146	0.007881812353501933	30	0	0.007881812353501933	0.0	False	False	False	False	False	effect_preferred_both
SGK1+TBX3	64	512	direct_effect_ridge	compositional_ridge	-5.576842293730077e-05	0.0038389955844027146	0.0037832271614654128	30	20	0.0037832271614654136	-8.673617379884035e-19	True	True	True	False	False	state_to_effect
SGK1+TBX3	64	512	direct_effect_ridge	CPA_0.8.8	0.0489961699254482	0.0038389955844027146	0.05283516550985092	30	0	0.052835165509850915	6.938893903907228e-18	False	False	False	False	False	effect_preferred_both
SGK1+TBX3	128	1024	direct_effect_ridge	additive	0.005049860794380638	0.0019173976591933101	0.006967258453573948	30	0	0.006967258453573948	0.0	False	False	False	False	False	effect_preferred_both
SGK1+TBX3	128	1024	direct_effect_ridge	compositional_ridge	0.0009512756023441201	0.0019173976591933101	0.0028686732615374284	30	0	0.00286867326153743	-1.734723475976807e-18	False	False	False	False	False	effect_preferred_both
SGK1+TBX3	128	1024	direct_effect_ridge	CPA_0.8.8	0.050089177525494376	0.0019173976591933101	0.05200657518468769	30	0	0.05200657518468769	0.0	False	False	False	False	False	effect_preferred_both
SGK1+TBX3	135	1080	direct_effect_ridge	additive	0.005082230755350736	0.0018214947222395463	0.006903725477590282	30	0	0.006903725477590283	-8.673617379884035e-19	False	False	False	False	False	effect_preferred_both
SGK1+TBX3	135	1080	direct_effect_ridge	compositional_ridge	0.000983645563314218	0.0018214947222395463	0.0028051402855537627	30	0	0.002805140285553764	-1.3010426069826053e-18	False	False	False	False	False	effect_preferred_both
SGK1+TBX3	135	1080	direct_effect_ridge	CPA_0.8.8	0.050029468015795574	0.0018214947222395463	0.05185096273803512	30	0	0.05185096273803512	0.0	False	False	False	False	False	effect_preferred_both
TBX2+TBX3	8	64	direct_effect_ridge	additive	-0.01156326243483167	0.030771096581544737	0.01920783414671307	30	30	0.019207834146713065	3.469446951953614e-18	True	True	True	False	False	state_to_effect
TBX2+TBX3	8	64	direct_effect_ridge	compositional_ridge	-0.011979370038885804	0.030771096581544737	0.018791726542658937	30	30	0.018791726542658933	3.469446951953614e-18	True	True	True	False	False	state_to_effect
TBX2+TBX3	8	64	direct_effect_ridge	CPA_0.8.8	0.029616245619856176	0.030771096581544737	0.06038734220140092	30	0	0.06038734220140091	6.938893903907228e-18	False	False	False	False	False	effect_preferred_both
TBX2+TBX3	16	128	direct_effect_ridge	additive	-0.0038364484116304486	0.015340822696117635	0.01150437428448719	30	30	0.011504374284487185	5.204170427930421e-18	True	True	True	False	False	state_to_effect
TBX2+TBX3	16	128	direct_effect_ridge	compositional_ridge	-0.004252556015684581	0.015340822696117635	0.011088266680433058	30	30	0.011088266680433053	5.204170427930421e-18	True	True	True	False	False	state_to_effect
TBX2+TBX3	16	128	direct_effect_ridge	CPA_0.8.8	0.03669438732795751	0.015340822696117635	0.05203521002407516	30	0	0.05203521002407514	1.3877787807814457e-17	False	False	False	False	False	effect_preferred_both
TBX2+TBX3	32	256	direct_effect_ridge	additive	-0.00015864674863386093	0.0077340105629845465	0.0075753638143506875	30	21	0.007575363814350686	1.734723475976807e-18	True	True	True	False	False	state_to_effect
TBX2+TBX3	32	256	direct_effect_ridge	compositional_ridge	-0.000574754352687993	0.0077340105629845465	0.007159256210296555	30	28	0.007159256210296554	8.673617379884035e-19	True	True	True	False	False	state_to_effect
TBX2+TBX3	32	256	direct_effect_ridge	CPA_0.8.8	0.03929655904411484	0.0077340105629845465	0.047030569607099386	30	0	0.047030569607099386	0.0	False	False	False	False	False	effect_preferred_both
TBX2+TBX3	64	512	direct_effect_ridge	additive	0.0017246756588392587	0.0038389955844027146	0.005563671243241975	30	0	0.0055636712432419735	1.734723475976807e-18	False	False	False	False	False	effect_preferred_both
TBX2+TBX3	64	512	direct_effect_ridge	compositional_ridge	0.0013085680547851267	0.0038389955844027146	0.005147563639187841	30	0	0.0051475636391878415	-8.673617379884035e-19	False	False	False	False	False	effect_preferred_both
TBX2+TBX3	64	512	direct_effect_ridge	CPA_0.8.8	0.04091242528722131	0.0038389955844027146	0.04475142087162402	30	0	0.04475142087162402	0.0	False	False	False	False	False	effect_preferred_both
TBX2+TBX3	128	1024	direct_effect_ridge	additive	0.0027019395191158987	0.0019173976591933101	0.0046193371783092105	30	0	0.004619337178309209	1.734723475976807e-18	False	False	False	False	False	effect_preferred_both
TBX2+TBX3	128	1024	direct_effect_ridge	compositional_ridge	0.0022858319150617667	0.0019173976591933101	0.004203229574255077	30	0	0.004203229574255077	0.0	False	False	False	False	False	effect_preferred_both
TBX2+TBX3	128	1024	direct_effect_ridge	CPA_0.8.8	0.041940566864023254	0.0019173976591933101	0.04385796452321657	30	0	0.04385796452321657	0.0	False	False	False	False	False	effect_preferred_both
TBX2+TBX3	135	1080	direct_effect_ridge	additive	0.002738591600816331	0.0018214947222395463	0.004560086323055878	30	0	0.004560086323055877	8.673617379884035e-19	False	False	False	False	False	effect_preferred_both
TBX2+TBX3	135	1080	direct_effect_ridge	compositional_ridge	0.002322483996762199	0.0018214947222395463	0.004143978719001745	30	0	0.004143978719001745	0.0	False	False	False	False	False	effect_preferred_both
TBX2+TBX3	135	1080	direct_effect_ridge	CPA_0.8.8	0.04191612552676098	0.0018214947222395463	0.043737620249000526	30	0	0.043737620249000526	0.0	False	False	False	False	False	effect_preferred_both
UBASH3A+UBASH3B	8	64	direct_effect_ridge	additive	-0.015476442429874133	0.030771096581544737	0.01529465415167061	30	30	0.015294654151670604	5.204170427930421e-18	True	True	True	False	False	state_to_effect
UBASH3A+UBASH3B	8	64	direct_effect_ridge	compositional_ridge	-0.018392511746919412	0.030771096581544737	0.012378584834625329	30	30	0.012378584834625325	3.469446951953614e-18	True	True	True	False	False	state_to_effect
UBASH3A+UBASH3B	8	64	direct_effect_ridge	CPA_0.8.8	0.003341449449905142	0.030771096581544737	0.034112546031449885	30	7	0.03411254603144988	6.938893903907228e-18	False	False	False	False	False	effect_preferred_both
UBASH3A+UBASH3B	16	128	direct_effect_ridge	additive	-0.007693455337390966	0.015340822696117635	0.007647367358726672	30	30	0.0076473673587266686	3.469446951953614e-18	True	True	True	False	False	state_to_effect
UBASH3A+UBASH3B	16	128	direct_effect_ridge	compositional_ridge	-0.010609524654436245	0.015340822696117635	0.004731298041681393	30	30	0.004731298041681389	3.469446951953614e-18	True	True	True	False	False	state_to_effect
UBASH3A+UBASH3B	16	128	direct_effect_ridge	CPA_0.8.8	0.010385497821327661	0.015340822696117635	0.025726320517445295	30	0	0.025726320517445295	0.0	False	False	False	False	False	effect_preferred_both
UBASH3A+UBASH3B	32	256	direct_effect_ridge	additive	-0.004053521023429947	0.0077340105629845465	0.0036804895395546	30	30	0.0036804895395545992	8.673617379884035e-19	True	True	True	False	False	state_to_effect
UBASH3A+UBASH3B	32	256	direct_effect_ridge	compositional_ridge	-0.0069695903404752265	0.0077340105629845465	0.0007644202225093211	30	30	0.00076442022250932	1.0842021724855044e-18	True	True	True	False	False	state_to_effect
UBASH3A+UBASH3B	32	256	direct_effect_ridge	CPA_0.8.8	0.013087818034361763	0.0077340105629845465	0.020821828597346312	30	0	0.02082182859734631	3.469446951953614e-18	False	False	False	False	False	effect_preferred_both
UBASH3A+UBASH3B	64	512	direct_effect_ridge	additive	-0.002138276651697588	0.0038389955844027146	0.0017007189327051275	30	30	0.0017007189327051266	8.673617379884035e-19	True	True	True	False	False	state_to_effect
UBASH3A+UBASH3B	64	512	direct_effect_ridge	compositional_ridge	-0.005054345968742867	0.0038389955844027146	-0.001215350384340152	30	0	-0.0012153503843401526	6.505213034913027e-19	False	False	False	False	False	state_preferred_both
UBASH3A+UBASH3B	64	512	direct_effect_ridge	CPA_0.8.8	0.014691274083805021	0.0038389955844027146	0.018530269668207738	30	0	0.018530269668207734	3.469446951953614e-18	False	False	False	False	False	effect_preferred_both
UBASH3A+UBASH3B	128	1024	direct_effect_ridge	additive	-0.0011420761832476479	0.0019173976591933101	0.0007753214759456626	30	30	0.0007753214759456623	3.2526065174565133e-19	True	True	True	False	False	state_to_effect
UBASH3A+UBASH3B	128	1024	direct_effect_ridge	compositional_ridge	-0.004058145500292927	0.0019173976591933101	-0.002140747841099617	30	0	-0.0021407478410996167	-4.336808689942018e-19	False	False	False	False	False	state_preferred_both
UBASH3A+UBASH3B	128	1024	direct_effect_ridge	CPA_0.8.8	0.015713904764870192	0.0019173976591933101	0.017631302424063508	30	0	0.0176313024240635	6.938893903907228e-18	False	False	False	False	False	effect_preferred_both
UBASH3A+UBASH3B	135	1080	direct_effect_ridge	additive	-0.0011145144796294952	0.0018214947222395463	0.0007069802426100514	30	30	0.000706980242610051	3.2526065174565133e-19	True	True	True	False	False	state_to_effect
UBASH3A+UBASH3B	135	1080	direct_effect_ridge	compositional_ridge	-0.004030583796674775	0.0018214947222395463	-0.002209089074435228	30	0	-0.0022090890744352284	4.336808689942018e-19	False	False	False	False	False	state_preferred_both
UBASH3A+UBASH3B	135	1080	direct_effect_ridge	CPA_0.8.8	0.015692362414732562	0.0018214947222395463	0.01751385713697211	30	0	0.017513857136972108	3.469446951953614e-18	False	False	False	False	False	effect_preferred_both
UBASH3B+ZBTB25	8	64	direct_effect_ridge	additive	-0.009461738992979475	0.030771096581544737	0.021309357588565267	30	30	0.02130935758856526	6.938893903907228e-18	True	True	True	False	False	state_to_effect
UBASH3B+ZBTB25	8	64	direct_effect_ridge	compositional_ridge	-0.014886208680266052	0.030771096581544737	0.01588488790127869	30	30	0.015884887901278684	6.938893903907228e-18	True	True	True	False	False	state_to_effect
UBASH3B+ZBTB25	8	64	direct_effect_ridge	CPA_0.8.8	0.04325573903654261	0.030771096581544737	0.07402683561808736	30	0	0.07402683561808734	1.3877787807814457e-17	False	False	False	False	False	effect_preferred_both
UBASH3B+ZBTB25	16	128	direct_effect_ridge	additive	-0.0017480160696943575	0.015340822696117635	0.013592806626423279	30	30	0.013592806626423277	1.734723475976807e-18	True	True	True	False	False	state_to_effect
UBASH3B+ZBTB25	16	128	direct_effect_ridge	compositional_ridge	-0.007172485756980932	0.015340822696117635	0.008168336939136706	30	30	0.008168336939136702	3.469446951953614e-18	True	True	True	False	False	state_to_effect
UBASH3B+ZBTB25	16	128	direct_effect_ridge	CPA_0.8.8	0.05030936558414393	0.015340822696117635	0.06565018828026156	30	0	0.06565018828026156	0.0	False	False	False	False	False	effect_preferred_both
UBASH3B+ZBTB25	32	256	direct_effect_ridge	additive	0.0019669994508044438	0.0077340105629845465	0.00970101001378899	30	0	0.00970101001378899	0.0	False	False	False	False	False	effect_preferred_both
UBASH3B+ZBTB25	32	256	direct_effect_ridge	compositional_ridge	-0.0034574702364821306	0.0077340105629845465	0.004276540326502418	30	30	0.004276540326502416	1.734723475976807e-18	True	True	True	False	False	state_to_effect
UBASH3B+ZBTB25	32	256	direct_effect_ridge	CPA_0.8.8	0.052811889359590226	0.0077340105629845465	0.06054589992257477	30	0	0.060545899922574774	-6.938893903907228e-18	False	False	False	False	False	effect_preferred_both
UBASH3B+ZBTB25	64	512	direct_effect_ridge	additive	0.0038925539531276493	0.0038389955844027146	0.007731549537530363	30	0	0.007731549537530364	-8.673617379884035e-19	False	False	False	False	False	effect_preferred_both
UBASH3B+ZBTB25	64	512	direct_effect_ridge	compositional_ridge	-0.0015319157341589249	0.0038389955844027146	0.0023070798502437912	30	30	0.0023070798502437895	1.734723475976807e-18	True	True	True	False	False	state_to_effect
UBASH3B+ZBTB25	64	512	direct_effect_ridge	CPA_0.8.8	0.05430907449029618	0.0038389955844027146	0.05814807007469889	30	0	0.05814807007469889	0.0	False	False	False	False	False	effect_preferred_both
UBASH3B+ZBTB25	128	1024	direct_effect_ridge	additive	0.004855536356270756	0.0019173976591933101	0.0067729340154640645	30	0	0.006772934015464065	-8.673617379884035e-19	False	False	False	False	False	effect_preferred_both
UBASH3B+ZBTB25	128	1024	direct_effect_ridge	compositional_ridge	-0.0005689333310158189	0.0019173976591933101	0.0013484643281774925	30	30	0.0013484643281774912	1.3010426069826053e-18	True	True	True	False	False	state_to_effect
UBASH3B+ZBTB25	128	1024	direct_effect_ridge	CPA_0.8.8	0.055314243629250276	0.0019173976591933101	0.05723164128844358	30	0	0.05723164128844359	-6.938893903907228e-18	False	False	False	False	False	effect_preferred_both
UBASH3B+ZBTB25	135	1080	direct_effect_ridge	additive	0.004906397264358887	0.0018214947222395463	0.006727891986598432	30	0	0.006727891986598433	-8.673617379884035e-19	False	False	False	False	False	effect_preferred_both
UBASH3B+ZBTB25	135	1080	direct_effect_ridge	compositional_ridge	-0.0005180724229276873	0.0018214947222395463	0.0013034222993118598	30	30	0.001303422299311859	8.673617379884035e-19	True	True	True	False	False	state_to_effect
UBASH3B+ZBTB25	135	1080	direct_effect_ridge	CPA_0.8.8	0.05528360095568032	0.0018214947222395463	0.057105095677919875	30	0	0.05710509567791987	6.938893903907228e-18	False	False	False	False	False	effect_preferred_both
