dataset	regime	depth	policy_code	family_a	family_b	utility_margin	shared_utility_margin	status_exact
gse162632	original8	4	S	NC	CM	-0.05995498192277343	-0.05995498192277343	stable_order
gse162632	original8	4	S	NC	TW	-0.06153936070964633	-0.06153936070964633	stable_order
gse162632	original8	4	S	NC	PCA	-0.06141018439781876	-0.06141018439781876	stable_order
gse162632	original8	4	S	NC	RBF	-0.06120830557240542	-0.06120830557240542	stable_order
gse162632	original8	4	S	NC	scGen	-0.2825932555890379	-0.2825932555890379	stable_order
gse162632	original8	4	S	NC	CPA	-0.007743104382589905	-0.007743104382589905	stable_order
gse162632	original8	4	S	NC	CellOT	-0.2756193165228725	-0.2756193165228725	stable_order
gse162632	original8	4	S	CM	TW	-0.0015843787868728976	-0.0015843787868728976	stable_order
gse162632	original8	4	S	CM	PCA	-0.0014552024750453252	-0.0014552024750453252	stable_order
gse162632	original8	4	S	CM	RBF	-0.0012533236496319877	-0.0012533236496319877	stable_order
gse162632	original8	4	S	CM	scGen	-0.22263827366626449	-0.22263827366626449	stable_order
gse162632	original8	4	S	CM	CPA	0.05221187754018353	0.05221187754018353	stable_order
gse162632	original8	4	S	CM	CellOT	-0.21566433460009912	-0.21566433460009912	stable_order
gse162632	original8	4	S	TW	PCA	0.0001291763118275724	0.0001291763118275724	stable_order
gse162632	original8	4	S	TW	RBF	0.00033105513724090985	0.00033105513724090985	stable_order
gse162632	original8	4	S	TW	scGen	-0.2210538948793916	-0.2210538948793916	stable_order
gse162632	original8	4	S	TW	CPA	0.053796256327056424	0.053796256327056424	stable_order
gse162632	original8	4	S	TW	CellOT	-0.21407995581322622	-0.21407995581322622	stable_order
gse162632	original8	4	S	PCA	RBF	0.00020187882541333746	0.00020187882541333746	stable_order
gse162632	original8	4	S	PCA	scGen	-0.22118307119121916	-0.22118307119121916	stable_order
gse162632	original8	4	S	PCA	CPA	0.05366708001522885	0.05366708001522885	stable_order
gse162632	original8	4	S	PCA	CellOT	-0.2142091321250538	-0.2142091321250538	stable_order
gse162632	original8	4	S	RBF	scGen	-0.2213849500166325	-0.2213849500166325	stable_order
gse162632	original8	4	S	RBF	CPA	0.053465201189815514	0.053465201189815514	stable_order
gse162632	original8	4	S	RBF	CellOT	-0.21441101095046713	-0.21441101095046713	stable_order
gse162632	original8	4	S	scGen	CPA	0.274850151206448	0.274850151206448	stable_order
gse162632	original8	4	S	scGen	CellOT	0.006973939066165363	0.006973939066165363	stable_order
gse162632	original8	4	S	CPA	CellOT	-0.2678762121402827	-0.2678762121402827	stable_order
gse162632	original8	4	M	NC	CM	-0.059954981922773376	-0.05995498192277343	stable_order
gse162632	original8	4	M	NC	TW	-0.06153936070964622	-0.06153936070964633	stable_order
gse162632	original8	4	M	NC	PCA	-0.0614101843978187	-0.06141018439781876	stable_order
gse162632	original8	4	M	NC	RBF	-0.06120830557240542	-0.06120830557240542	stable_order
gse162632	original8	4	M	NC	scGen	-0.2825932555889815	-0.2825932555890379	stable_order
gse162632	original8	4	M	NC	CPA	-0.007743104377327392	-0.007743104382589905	stable_order
gse162632	original8	4	M	NC	CellOT	-0.2756193165243727	-0.2756193165228725	stable_order
gse162632	original8	4	M	CM	TW	-0.001584378786872842	-0.0015843787868728976	stable_order
gse162632	original8	4	M	CM	PCA	-0.0014552024750453252	-0.0014552024750453252	stable_order
gse162632	original8	4	M	CM	RBF	-0.0012533236496320432	-0.0012533236496319877	stable_order
gse162632	original8	4	M	CM	scGen	-0.22263827366620817	-0.22263827366626449	stable_order
gse162632	original8	4	M	CM	CPA	0.052211877545445984	0.05221187754018353	stable_order
gse162632	original8	4	M	CM	CellOT	-0.21566433460159934	-0.21566433460009912	stable_order
gse162632	original8	4	M	TW	PCA	0.00012917631182751688	0.0001291763118275724	stable_order
gse162632	original8	4	M	TW	RBF	0.0003310551372407988	0.00033105513724090985	stable_order
gse162632	original8	4	M	TW	scGen	-0.22105389487933533	-0.2210538948793916	stable_order
gse162632	original8	4	M	TW	CPA	0.053796256332318826	0.053796256327056424	stable_order
gse162632	original8	4	M	TW	CellOT	-0.2140799558147265	-0.21407995581322622	stable_order
gse162632	original8	4	M	PCA	RBF	0.00020187882541328195	0.00020187882541333746	stable_order
gse162632	original8	4	M	PCA	scGen	-0.22118307119116284	-0.22118307119121916	stable_order
gse162632	original8	4	M	PCA	CPA	0.05366708002049131	0.05366708001522885	stable_order
gse162632	original8	4	M	PCA	CellOT	-0.214209132126554	-0.2142091321250538	stable_order
gse162632	original8	4	M	RBF	scGen	-0.22138495001657613	-0.2213849500166325	stable_order
gse162632	original8	4	M	RBF	CPA	0.05346520119507803	0.053465201189815514	stable_order
gse162632	original8	4	M	RBF	CellOT	-0.2144110109519673	-0.21441101095046713	stable_order
gse162632	original8	4	M	scGen	CPA	0.2748501512116541	0.274850151206448	stable_order
gse162632	original8	4	M	scGen	CellOT	0.006973939064608831	0.006973939066165363	stable_order
gse162632	original8	4	M	CPA	CellOT	-0.2678762121470453	-0.2678762121402827	stable_order
gse162632	original8	4	P	NC	CM	-0.059954981922773376	-0.05995498192277343	stable_order
gse162632	original8	4	P	NC	TW	-0.06153936070964622	-0.06153936070964633	stable_order
gse162632	original8	4	P	NC	PCA	-0.0614101843978187	-0.06141018439781876	stable_order
gse162632	original8	4	P	NC	RBF	-0.06120830557240542	-0.06120830557240542	stable_order
gse162632	original8	4	P	NC	scGen	0.19669305082754462	-0.2825932555890379	reversal
gse162632	original8	4	P	NC	CPA	0.4680418075980173	-0.007743104382589905	reversal
gse162632	original8	4	P	NC	CellOT	0.20767303284355787	-0.2756193165228725	reversal
gse162632	original8	4	P	CM	TW	-0.001584378786872842	-0.0015843787868728976	stable_order
gse162632	original8	4	P	CM	PCA	-0.0014552024750453252	-0.0014552024750453252	stable_order
gse162632	original8	4	P	CM	RBF	-0.0012533236496320432	-0.0012533236496319877	stable_order
gse162632	original8	4	P	CM	scGen	0.256648032750318	-0.22263827366626449	reversal
gse162632	original8	4	P	CM	CPA	0.5279967895207907	0.05221187754018353	stable_order
gse162632	original8	4	P	CM	CellOT	0.26762801476633125	-0.21566433460009912	reversal
gse162632	original8	4	P	TW	PCA	0.00012917631182751688	0.0001291763118275724	stable_order
gse162632	original8	4	P	TW	RBF	0.0003310551372407988	0.00033105513724090985	stable_order
gse162632	original8	4	P	TW	scGen	0.25823241153719084	-0.2210538948793916	reversal
gse162632	original8	4	P	TW	CPA	0.5295811683076634	0.053796256327056424	stable_order
gse162632	original8	4	P	TW	CellOT	0.2692123935532041	-0.21407995581322622	reversal
gse162632	original8	4	P	PCA	RBF	0.00020187882541328195	0.00020187882541333746	stable_order
gse162632	original8	4	P	PCA	scGen	0.2581032352253633	-0.22118307119121916	reversal
gse162632	original8	4	P	PCA	CPA	0.529451991995836	0.05366708001522885	stable_order
gse162632	original8	4	P	PCA	CellOT	0.26908321724137657	-0.2142091321250538	reversal
gse162632	original8	4	P	RBF	scGen	0.25790135639995004	-0.2213849500166325	reversal
gse162632	original8	4	P	RBF	CPA	0.5292501131704227	0.053465201189815514	stable_order
gse162632	original8	4	P	RBF	CellOT	0.2688813384159633	-0.21441101095046713	reversal
gse162632	original8	4	P	scGen	CPA	0.27134875677047265	0.274850151206448	stable_order
gse162632	original8	4	P	scGen	CellOT	0.010979982016013246	0.006973939066165363	stable_order
gse162632	original8	4	P	CPA	CellOT	-0.2603687747544594	-0.2678762121402827	stable_order
gse162632	original8	4	O	NC	CM	-0.059954981922773376	-0.05995498192277343	stable_order
gse162632	original8	4	O	NC	TW	-0.06153936070964622	-0.06153936070964633	stable_order
gse162632	original8	4	O	NC	PCA	-0.06141018439781876	-0.06141018439781876	stable_order
gse162632	original8	4	O	NC	RBF	-0.06120830557240542	-0.06120830557240542	stable_order
gse162632	original8	4	O	NC	scGen	0.17344878176831702	-0.2825932555890379	reversal
gse162632	original8	4	O	NC	CPA	0.45180032739641185	-0.007743104382589905	reversal
gse162632	original8	4	O	NC	CellOT	0.1764166778823849	-0.2756193165228725	reversal
gse162632	original8	4	O	CM	TW	-0.001584378786872842	-0.0015843787868728976	stable_order
gse162632	original8	4	O	CM	PCA	-0.0014552024750453807	-0.0014552024750453252	stable_order
gse162632	original8	4	O	CM	RBF	-0.0012533236496320432	-0.0012533236496319877	stable_order
gse162632	original8	4	O	CM	scGen	0.2334037636910904	-0.22263827366626449	reversal
gse162632	original8	4	O	CM	CPA	0.5117553093191852	0.05221187754018353	stable_order
gse162632	original8	4	O	CM	CellOT	0.23637165980515829	-0.21566433460009912	reversal
gse162632	original8	4	O	TW	PCA	0.00012917631182746137	0.0001291763118275724	stable_order
gse162632	original8	4	O	TW	RBF	0.0003310551372407988	0.00033105513724090985	stable_order
gse162632	original8	4	O	TW	scGen	0.23498814247796324	-0.2210538948793916	reversal
gse162632	original8	4	O	TW	CPA	0.5133396881060581	0.053796256327056424	stable_order
gse162632	original8	4	O	TW	CellOT	0.23795603859203113	-0.21407995581322622	reversal
gse162632	original8	4	O	PCA	RBF	0.00020187882541333746	0.00020187882541333746	stable_order
gse162632	original8	4	O	PCA	scGen	0.23485896616613577	-0.22118307119121916	reversal
gse162632	original8	4	O	PCA	CPA	0.5132105117942306	0.05366708001522885	stable_order
gse162632	original8	4	O	PCA	CellOT	0.23782686228020367	-0.2142091321250538	reversal
gse162632	original8	4	O	RBF	scGen	0.23465708734072244	-0.2213849500166325	reversal
gse162632	original8	4	O	RBF	CPA	0.5130086329688173	0.053465201189815514	stable_order
gse162632	original8	4	O	RBF	CellOT	0.23762498345479033	-0.21441101095046713	reversal
gse162632	original8	4	O	scGen	CPA	0.27835154562809483	0.274850151206448	stable_order
gse162632	original8	4	O	scGen	CellOT	0.0029678961140678917	0.006973939066165363	stable_order
gse162632	original8	4	O	CPA	CellOT	-0.27538364951402694	-0.2678762121402827	stable_order
gse162632	original8	4	D	NC	CM	-0.059954981922773376	-0.05995498192277343	stable_order
gse162632	original8	4	D	NC	TW	-0.06153936070964622	-0.06153936070964633	stable_order
gse162632	original8	4	D	NC	PCA	-0.0614101843978187	-0.06141018439781876	stable_order
gse162632	original8	4	D	NC	RBF	-0.06120830557240542	-0.06120830557240542	stable_order
gse162632	original8	4	D	NC	scGen	0.1850709162990427	-0.2825932555890379	reversal
gse162632	original8	4	D	NC	CPA	0.45992106749950745	-0.007743104382589905	reversal
gse162632	original8	4	D	NC	CellOT	0.19204485536315696	-0.2756193165228725	reversal
gse162632	original8	4	D	CM	TW	-0.001584378786872842	-0.0015843787868728976	stable_order
gse162632	original8	4	D	CM	PCA	-0.0014552024750453252	-0.0014552024750453252	stable_order
gse162632	original8	4	D	CM	RBF	-0.0012533236496320432	-0.0012533236496319877	stable_order
gse162632	original8	4	D	CM	scGen	0.24502589822181609	-0.22263827366626449	reversal
gse162632	original8	4	D	CM	CPA	0.5198760494222808	0.05221187754018353	stable_order
gse162632	original8	4	D	CM	CellOT	0.25199983728593034	-0.21566433460009912	reversal
gse162632	original8	4	D	TW	PCA	0.00012917631182751688	0.0001291763118275724	stable_order
gse162632	original8	4	D	TW	RBF	0.0003310551372407988	0.00033105513724090985	stable_order
gse162632	original8	4	D	TW	scGen	0.24661027700868893	-0.2210538948793916	reversal
gse162632	original8	4	D	TW	CPA	0.5214604282091537	0.053796256327056424	stable_order
gse162632	original8	4	D	TW	CellOT	0.2535842160728032	-0.21407995581322622	reversal
gse162632	original8	4	D	PCA	RBF	0.00020187882541328195	0.00020187882541333746	stable_order
gse162632	original8	4	D	PCA	scGen	0.2464811006968614	-0.22118307119121916	reversal
gse162632	original8	4	D	PCA	CPA	0.5213312518973261	0.05366708001522885	stable_order
gse162632	original8	4	D	PCA	CellOT	0.25345503976097566	-0.2142091321250538	reversal
gse162632	original8	4	D	RBF	scGen	0.24627922187144813	-0.2213849500166325	reversal
gse162632	original8	4	D	RBF	CPA	0.5211293730719129	0.053465201189815514	stable_order
gse162632	original8	4	D	RBF	CellOT	0.2532531609355624	-0.21441101095046713	reversal
gse162632	original8	4	D	scGen	CPA	0.27485015120046474	0.274850151206448	stable_order
gse162632	original8	4	D	scGen	CellOT	0.006973939064114254	0.006973939066165363	stable_order
gse162632	original8	4	D	CPA	CellOT	-0.2678762121363505	-0.2678762121402827	stable_order
gse162632	original8	6	S	NC	CM	-0.059950968567099416	-0.059950968567099416	stable_order
gse162632	original8	6	S	NC	TW	-0.061533572592502916	-0.061533572592502916	stable_order
gse162632	original8	6	S	NC	PCA	-0.06140652926893736	-0.06140652926893736	stable_order
gse162632	original8	6	S	NC	RBF	-0.06120329163077576	-0.06120329163077576	stable_order
gse162632	original8	6	S	NC	scGen	-0.2070038720302309	-0.2070038720302309	stable_order
gse162632	original8	6	S	NC	CPA	0.0667602249374949	0.0667602249374949	stable_order
gse162632	original8	6	S	NC	CellOT	-0.20113981630556027	-0.20113981630556027	stable_order
gse162632	original8	6	S	CM	TW	-0.0015826040254035	-0.0015826040254035	stable_order
gse162632	original8	6	S	CM	PCA	-0.0014555607018379435	-0.0014555607018379435	stable_order
gse162632	original8	6	S	CM	RBF	-0.0012523230636763416	-0.0012523230636763416	stable_order
gse162632	original8	6	S	CM	scGen	-0.1470529034631315	-0.1470529034631315	stable_order
gse162632	original8	6	S	CM	CPA	0.1267111935045943	0.1267111935045943	stable_order
gse162632	original8	6	S	CM	CellOT	-0.14118884773846085	-0.14118884773846085	stable_order
gse162632	original8	6	S	TW	PCA	0.0001270433235655566	0.0001270433235655566	stable_order
gse162632	original8	6	S	TW	RBF	0.0003302809617271585	0.0003302809617271585	stable_order
gse162632	original8	6	S	TW	scGen	-0.145470299437728	-0.145470299437728	stable_order
gse162632	original8	6	S	TW	CPA	0.1282937975299978	0.1282937975299978	stable_order
gse162632	original8	6	S	TW	CellOT	-0.13960624371305735	-0.13960624371305735	stable_order
gse162632	original8	6	S	PCA	RBF	0.0002032376381616019	0.0002032376381616019	stable_order
gse162632	original8	6	S	PCA	scGen	-0.14559734276129355	-0.14559734276129355	stable_order
gse162632	original8	6	S	PCA	CPA	0.12816675420643225	0.12816675420643225	stable_order
gse162632	original8	6	S	PCA	CellOT	-0.1397332870366229	-0.1397332870366229	stable_order
gse162632	original8	6	S	RBF	scGen	-0.14580058039945515	-0.14580058039945515	stable_order
gse162632	original8	6	S	RBF	CPA	0.12796351656827065	0.12796351656827065	stable_order
gse162632	original8	6	S	RBF	CellOT	-0.1399365246747845	-0.1399365246747845	stable_order
gse162632	original8	6	S	scGen	CPA	0.2737640969677258	0.2737640969677258	stable_order
gse162632	original8	6	S	scGen	CellOT	0.005864055724670636	0.005864055724670636	stable_order
gse162632	original8	6	S	CPA	CellOT	-0.26790004124305516	-0.26790004124305516	stable_order
gse162632	original8	6	M	NC	CM	-0.05995096856709947	-0.059950968567099416	stable_order
gse162632	original8	6	M	NC	TW	-0.06153357259250297	-0.061533572592502916	stable_order
gse162632	original8	6	M	NC	PCA	-0.06140652926893736	-0.06140652926893736	stable_order
gse162632	original8	6	M	NC	RBF	-0.06120329163077576	-0.06120329163077576	stable_order
gse162632	original8	6	M	NC	scGen	-0.20700387202806514	-0.2070038720302309	stable_order
gse162632	original8	6	M	NC	CPA	0.06676022494029438	0.0667602249374949	stable_order
gse162632	original8	6	M	NC	CellOT	-0.20113981630327066	-0.20113981630556027	stable_order
gse162632	original8	6	M	CM	TW	-0.0015826040254035	-0.0015826040254035	stable_order
gse162632	original8	6	M	CM	PCA	-0.001455560701837888	-0.0014555607018379435	stable_order
gse162632	original8	6	M	CM	RBF	-0.001252323063676286	-0.0012523230636763416	stable_order
gse162632	original8	6	M	CM	scGen	-0.14705290346096567	-0.1470529034631315	stable_order
gse162632	original8	6	M	CM	CPA	0.12671119350739385	0.1267111935045943	stable_order
gse162632	original8	6	M	CM	CellOT	-0.14118884773617119	-0.14118884773846085	stable_order
gse162632	original8	6	M	TW	PCA	0.0001270433235656121	0.0001270433235655566	stable_order
gse162632	original8	6	M	TW	RBF	0.000330280961727214	0.0003302809617271585	stable_order
gse162632	original8	6	M	TW	scGen	-0.14547029943556217	-0.145470299437728	stable_order
gse162632	original8	6	M	TW	CPA	0.12829379753279735	0.1282937975299978	stable_order
gse162632	original8	6	M	TW	CellOT	-0.13960624371076769	-0.13960624371305735	stable_order
gse162632	original8	6	M	PCA	RBF	0.0002032376381616019	0.0002032376381616019	stable_order
gse162632	original8	6	M	PCA	scGen	-0.14559734275912778	-0.14559734276129355	stable_order
gse162632	original8	6	M	PCA	CPA	0.12816675420923174	0.12816675420643225	stable_order
gse162632	original8	6	M	PCA	CellOT	-0.1397332870343333	-0.1397332870366229	stable_order
gse162632	original8	6	M	RBF	scGen	-0.14580058039728938	-0.14580058039945515	stable_order
gse162632	original8	6	M	RBF	CPA	0.12796351657107013	0.12796351656827065	stable_order
gse162632	original8	6	M	RBF	CellOT	-0.1399365246724949	-0.1399365246747845	stable_order
gse162632	original8	6	M	scGen	CPA	0.2737640969683595	0.2737640969677258	stable_order
gse162632	original8	6	M	scGen	CellOT	0.005864055724794481	0.005864055724670636	stable_order
gse162632	original8	6	M	CPA	CellOT	-0.26790004124356503	-0.26790004124305516	stable_order
gse162632	original8	6	P	NC	CM	-0.05995096856709947	-0.059950968567099416	stable_order
gse162632	original8	6	P	NC	TW	-0.06153357259250297	-0.061533572592502916	stable_order
gse162632	original8	6	P	NC	PCA	-0.06140652926893736	-0.06140652926893736	stable_order
gse162632	original8	6	P	NC	RBF	-0.06120329163077576	-0.06120329163077576	stable_order
gse162632	original8	6	P	NC	scGen	0.11243315834625695	-0.2070038720302309	reversal
gse162632	original8	6	P	NC	CPA	0.3838657553961452	0.0667602249374949	stable_order
gse162632	original8	6	P	NC	CellOT	0.12097466419153413	-0.20113981630556027	reversal
gse162632	original8	6	P	CM	TW	-0.0015826040254035	-0.0015826040254035	stable_order
gse162632	original8	6	P	CM	PCA	-0.001455560701837888	-0.0014555607018379435	stable_order
gse162632	original8	6	P	CM	RBF	-0.001252323063676286	-0.0012523230636763416	stable_order
gse162632	original8	6	P	CM	scGen	0.17238412691335642	-0.1470529034631315	reversal
gse162632	original8	6	P	CM	CPA	0.4438167239632447	0.1267111935045943	stable_order
gse162632	original8	6	P	CM	CellOT	0.1809256327586336	-0.14118884773846085	reversal
gse162632	original8	6	P	TW	PCA	0.0001270433235656121	0.0001270433235655566	stable_order
gse162632	original8	6	P	TW	RBF	0.000330280961727214	0.0003302809617271585	stable_order
gse162632	original8	6	P	TW	scGen	0.17396673093875992	-0.145470299437728	reversal
gse162632	original8	6	P	TW	CPA	0.4453993279886482	0.1282937975299978	stable_order
gse162632	original8	6	P	TW	CellOT	0.1825082367840371	-0.13960624371305735	reversal
gse162632	original8	6	P	PCA	RBF	0.0002032376381616019	0.0002032376381616019	stable_order
gse162632	original8	6	P	PCA	scGen	0.1738396876151943	-0.14559734276129355	reversal
gse162632	original8	6	P	PCA	CPA	0.44527228466508256	0.12816675420643225	stable_order
gse162632	original8	6	P	PCA	CellOT	0.1823811934604715	-0.1397332870366229	reversal
gse162632	original8	6	P	RBF	scGen	0.1736364499770327	-0.14580058039945515	reversal
gse162632	original8	6	P	RBF	CPA	0.44506904702692096	0.12796351656827065	stable_order
gse162632	original8	6	P	RBF	CellOT	0.1821779558223099	-0.1399365246747845	reversal
gse162632	original8	6	P	scGen	CPA	0.27143259704988826	0.2737640969677258	stable_order
gse162632	original8	6	P	scGen	CellOT	0.008541505845277186	0.005864055724670636	stable_order
gse162632	original8	6	P	CPA	CellOT	-0.26289109120461107	-0.26790004124305516	stable_order
gse162632	original8	6	O	NC	CM	-0.05995096856709947	-0.059950968567099416	stable_order
gse162632	original8	6	O	NC	TW	-0.06153357259250297	-0.061533572592502916	stable_order
gse162632	original8	6	O	NC	PCA	-0.06140652926893736	-0.06140652926893736	stable_order
gse162632	original8	6	O	NC	RBF	-0.06120329163077576	-0.06120329163077576	stable_order
gse162632	original8	6	O	NC	scGen	0.09702012855255926	-0.2070038720302309	reversal
gse162632	original8	6	O	NC	CPA	0.37311572546312133	0.0667602249374949	stable_order
gse162632	original8	6	O	NC	CellOT	0.10020673415683296	-0.20113981630556027	reversal
gse162632	original8	6	O	CM	TW	-0.0015826040254035	-0.0015826040254035	stable_order
gse162632	original8	6	O	CM	PCA	-0.001455560701837888	-0.0014555607018379435	stable_order
gse162632	original8	6	O	CM	RBF	-0.001252323063676286	-0.0012523230636763416	stable_order
gse162632	original8	6	O	CM	scGen	0.15697109711965873	-0.1470529034631315	reversal
gse162632	original8	6	O	CM	CPA	0.4330666940302208	0.1267111935045943	stable_order
gse162632	original8	6	O	CM	CellOT	0.16015770272393243	-0.14118884773846085	reversal
gse162632	original8	6	O	TW	PCA	0.0001270433235656121	0.0001270433235655566	stable_order
gse162632	original8	6	O	TW	RBF	0.000330280961727214	0.0003302809617271585	stable_order
gse162632	original8	6	O	TW	scGen	0.15855370114506223	-0.145470299437728	reversal
gse162632	original8	6	O	TW	CPA	0.4346492980556243	0.1282937975299978	stable_order
gse162632	original8	6	O	TW	CellOT	0.16174030674933593	-0.13960624371305735	reversal
gse162632	original8	6	O	PCA	RBF	0.0002032376381616019	0.0002032376381616019	stable_order
gse162632	original8	6	O	PCA	scGen	0.15842665782149662	-0.14559734276129355	reversal
gse162632	original8	6	O	PCA	CPA	0.4345222547320587	0.12816675420643225	stable_order
gse162632	original8	6	O	PCA	CellOT	0.16161326342577031	-0.1397332870366229	reversal
gse162632	original8	6	O	RBF	scGen	0.15822342018333502	-0.14580058039945515	reversal
gse162632	original8	6	O	RBF	CPA	0.4343190170938971	0.12796351656827065	stable_order
gse162632	original8	6	O	RBF	CellOT	0.1614100257876087	-0.1399365246747845	reversal
gse162632	original8	6	O	scGen	CPA	0.27609559691056207	0.2737640969677258	stable_order
gse162632	original8	6	O	scGen	CellOT	0.0031866056042736957	0.005864055724670636	stable_order
gse162632	original8	6	O	CPA	CellOT	-0.2729089913062884	-0.26790004124305516	stable_order
gse162632	original8	6	D	NC	CM	-0.05995096856709947	-0.059950968567099416	stable_order
gse162632	original8	6	D	NC	TW	-0.06153357259250297	-0.061533572592502916	stable_order
gse162632	original8	6	D	NC	PCA	-0.06140652926893736	-0.06140652926893736	stable_order
gse162632	original8	6	D	NC	RBF	-0.06120329163077576	-0.06120329163077576	stable_order
gse162632	original8	6	D	NC	scGen	0.10472664344959332	-0.2070038720302309	reversal
gse162632	original8	6	D	NC	CPA	0.37849074043096287	0.0667602249374949	stable_order
gse162632	original8	6	D	NC	CellOT	0.1105906991758494	-0.20113981630556027	reversal
gse162632	original8	6	D	CM	TW	-0.0015826040254035	-0.0015826040254035	stable_order
gse162632	original8	6	D	CM	PCA	-0.001455560701837888	-0.0014555607018379435	stable_order
gse162632	original8	6	D	CM	RBF	-0.001252323063676286	-0.0012523230636763416	stable_order
gse162632	original8	6	D	CM	scGen	0.1646776120166928	-0.1470529034631315	reversal
gse162632	original8	6	D	CM	CPA	0.43844170899806234	0.1267111935045943	stable_order
gse162632	original8	6	D	CM	CellOT	0.17054166774294888	-0.14118884773846085	reversal
gse162632	original8	6	D	TW	PCA	0.0001270433235656121	0.0001270433235655566	stable_order
gse162632	original8	6	D	TW	RBF	0.000330280961727214	0.0003302809617271585	stable_order
gse162632	original8	6	D	TW	scGen	0.1662602160420963	-0.145470299437728	reversal
gse162632	original8	6	D	TW	CPA	0.44002431302346584	0.1282937975299978	stable_order
gse162632	original8	6	D	TW	CellOT	0.17212427176835238	-0.13960624371305735	reversal
gse162632	original8	6	D	PCA	RBF	0.0002032376381616019	0.0002032376381616019	stable_order
gse162632	original8	6	D	PCA	scGen	0.16613317271853068	-0.14559734276129355	reversal
gse162632	original8	6	D	PCA	CPA	0.43989726969990023	0.12816675420643225	stable_order
gse162632	original8	6	D	PCA	CellOT	0.17199722844478676	-0.1397332870366229	reversal
gse162632	original8	6	D	RBF	scGen	0.16592993508036907	-0.14580058039945515	reversal
gse162632	original8	6	D	RBF	CPA	0.4396940320617386	0.12796351656827065	stable_order
gse162632	original8	6	D	RBF	CellOT	0.17179399080662516	-0.1399365246747845	reversal
gse162632	original8	6	D	scGen	CPA	0.27376409698136955	0.2737640969677258	stable_order
gse162632	original8	6	D	scGen	CellOT	0.00586405572625609	0.005864055724670636	stable_order
gse162632	original8	6	D	CPA	CellOT	-0.26790004125511346	-0.26790004124305516	stable_order
gse162632	original8	8	S	NC	CM	-0.05995459858166444	-0.05995459858166444	stable_order
gse162632	original8	8	S	NC	TW	-0.0615356408966031	-0.0615356408966031	stable_order
gse162632	original8	8	S	NC	PCA	-0.06141072414920065	-0.06141072414920065	stable_order
gse162632	original8	8	S	NC	RBF	-0.06120599953665626	-0.06120599953665626	stable_order
gse162632	original8	8	S	NC	scGen	-0.16922317957016778	-0.16922317957016778	stable_order
gse162632	original8	8	S	NC	CPA	0.10402986114989848	0.10402986114989848	stable_order
gse162632	original8	8	S	NC	CellOT	-0.16391870258136046	-0.16391870258136046	stable_order
gse162632	original8	8	S	CM	TW	-0.0015810423149386632	-0.0015810423149386632	stable_order
gse162632	original8	8	S	CM	PCA	-0.001456125567536215	-0.001456125567536215	stable_order
gse162632	original8	8	S	CM	RBF	-0.0012514009549918215	-0.0012514009549918215	stable_order
gse162632	original8	8	S	CM	scGen	-0.10926858098850334	-0.10926858098850334	stable_order
gse162632	original8	8	S	CM	CPA	0.16398445973156292	0.16398445973156292	stable_order
gse162632	original8	8	S	CM	CellOT	-0.10396410399969602	-0.10396410399969602	stable_order
gse162632	original8	8	S	TW	PCA	0.00012491674740244818	0.00012491674740244818	stable_order
gse162632	original8	8	S	TW	RBF	0.00032964135994684174	0.00032964135994684174	stable_order
gse162632	original8	8	S	TW	scGen	-0.10768753867356468	-0.10768753867356468	stable_order
gse162632	original8	8	S	TW	CPA	0.16556550204650158	0.16556550204650158	stable_order
gse162632	original8	8	S	TW	CellOT	-0.10238306168475736	-0.10238306168475736	stable_order
gse162632	original8	8	S	PCA	RBF	0.00020472461254439356	0.00020472461254439356	stable_order
gse162632	original8	8	S	PCA	scGen	-0.10781245542096712	-0.10781245542096712	stable_order
gse162632	original8	8	S	PCA	CPA	0.16544058529909914	0.16544058529909914	stable_order
gse162632	original8	8	S	PCA	CellOT	-0.10250797843215981	-0.10250797843215981	stable_order
gse162632	original8	8	S	RBF	scGen	-0.10801718003351152	-0.10801718003351152	stable_order
gse162632	original8	8	S	RBF	CPA	0.16523586068655474	0.16523586068655474	stable_order
gse162632	original8	8	S	RBF	CellOT	-0.1027127030447042	-0.1027127030447042	stable_order
gse162632	original8	8	S	scGen	CPA	0.2732530407200663	0.2732530407200663	stable_order
gse162632	original8	8	S	scGen	CellOT	0.005304476988807316	0.005304476988807316	stable_order
gse162632	original8	8	S	CPA	CellOT	-0.26794856373125897	-0.26794856373125897	stable_order
gse162632	original8	8	M	NC	CM	-0.05995459858166444	-0.05995459858166444	stable_order
gse162632	original8	8	M	NC	TW	-0.0615356408966031	-0.0615356408966031	stable_order
gse162632	original8	8	M	NC	PCA	-0.06141072414920065	-0.06141072414920065	stable_order
gse162632	original8	8	M	NC	RBF	-0.06120599953665626	-0.06120599953665626	stable_order
gse162632	original8	8	M	NC	scGen	-0.1692231795701528	-0.16922317957016778	stable_order
gse162632	original8	8	M	NC	CPA	0.10402986115147472	0.10402986114989848	stable_order
gse162632	original8	8	M	NC	CellOT	-0.1639187025802745	-0.16391870258136046	stable_order
gse162632	original8	8	M	CM	TW	-0.0015810423149386632	-0.0015810423149386632	stable_order
gse162632	original8	8	M	CM	PCA	-0.001456125567536215	-0.001456125567536215	stable_order
gse162632	original8	8	M	CM	RBF	-0.0012514009549918215	-0.0012514009549918215	stable_order
gse162632	original8	8	M	CM	scGen	-0.10926858098848835	-0.10926858098850334	stable_order
gse162632	original8	8	M	CM	CPA	0.16398445973313916	0.16398445973156292	stable_order
gse162632	original8	8	M	CM	CellOT	-0.10396410399861006	-0.10396410399969602	stable_order
gse162632	original8	8	M	TW	PCA	0.00012491674740244818	0.00012491674740244818	stable_order
gse162632	original8	8	M	TW	RBF	0.00032964135994684174	0.00032964135994684174	stable_order
gse162632	original8	8	M	TW	scGen	-0.10768753867354969	-0.10768753867356468	stable_order
gse162632	original8	8	M	TW	CPA	0.16556550204807782	0.16556550204650158	stable_order
gse162632	original8	8	M	TW	CellOT	-0.1023830616836714	-0.10238306168475736	stable_order
gse162632	original8	8	M	PCA	RBF	0.00020472461254439356	0.00020472461254439356	stable_order
gse162632	original8	8	M	PCA	scGen	-0.10781245542095214	-0.10781245542096712	stable_order
gse162632	original8	8	M	PCA	CPA	0.16544058530067537	0.16544058529909914	stable_order
gse162632	original8	8	M	PCA	CellOT	-0.10250797843107384	-0.10250797843215981	stable_order
gse162632	original8	8	M	RBF	scGen	-0.10801718003349653	-0.10801718003351152	stable_order
gse162632	original8	8	M	RBF	CPA	0.16523586068813098	0.16523586068655474	stable_order
gse162632	original8	8	M	RBF	CellOT	-0.10271270304361824	-0.1027127030447042	stable_order
gse162632	original8	8	M	scGen	CPA	0.2732530407216275	0.2732530407200663	stable_order
gse162632	original8	8	M	scGen	CellOT	0.005304476989878293	0.005304476988807316	stable_order
gse162632	original8	8	M	CPA	CellOT	-0.26794856373174925	-0.26794856373125897	stable_order
gse162632	original8	8	P	NC	CM	-0.05995459858166444	-0.05995459858166444	stable_order
gse162632	original8	8	P	NC	TW	-0.0615356408966031	-0.0615356408966031	stable_order
gse162632	original8	8	P	NC	PCA	-0.06141072414920065	-0.06141072414920065	stable_order
gse162632	original8	8	P	NC	RBF	-0.06120599953665626	-0.06120599953665626	stable_order
gse162632	original8	8	P	NC	scGen	0.07041742664317974	-0.16922317957016778	reversal
gse162632	original8	8	P	NC	CPA	0.3419146682007677	0.10402986114989848	stable_order
gse162632	original8	8	P	NC	CellOT	0.07773147643059242	-0.16391870258136046	reversal
gse162632	original8	8	P	CM	TW	-0.0015810423149386632	-0.0015810423149386632	stable_order
gse162632	original8	8	P	CM	PCA	-0.001456125567536215	-0.001456125567536215	stable_order
gse162632	original8	8	P	CM	RBF	-0.0012514009549918215	-0.0012514009549918215	stable_order
gse162632	original8	8	P	CM	scGen	0.13037202522484417	-0.10926858098850334	reversal
gse162632	original8	8	P	CM	CPA	0.4018692667824322	0.16398445973156292	stable_order
gse162632	original8	8	P	CM	CellOT	0.13768607501225685	-0.10396410399969602	reversal
gse162632	original8	8	P	TW	PCA	0.00012491674740244818	0.00012491674740244818	stable_order
gse162632	original8	8	P	TW	RBF	0.00032964135994684174	0.00032964135994684174	stable_order
gse162632	original8	8	P	TW	scGen	0.13195306753978284	-0.10768753867356468	reversal
gse162632	original8	8	P	TW	CPA	0.4034503090973708	0.16556550204650158	stable_order
gse162632	original8	8	P	TW	CellOT	0.13926711732719552	-0.10238306168475736	reversal
gse162632	original8	8	P	PCA	RBF	0.00020472461254439356	0.00020472461254439356	stable_order
gse162632	original8	8	P	PCA	scGen	0.1318281507923804	-0.10781245542096712	reversal
gse162632	original8	8	P	PCA	CPA	0.40332539234996834	0.16544058529909914	stable_order
gse162632	original8	8	P	PCA	CellOT	0.13914220057979307	-0.10250797843215981	reversal
gse162632	original8	8	P	RBF	scGen	0.131623426179836	-0.10801718003351152	reversal
gse162632	original8	8	P	RBF	CPA	0.40312066773742394	0.16523586068655474	stable_order
gse162632	original8	8	P	RBF	CellOT	0.13893747596724867	-0.1027127030447042	reversal
gse162632	original8	8	P	scGen	CPA	0.271497241557588	0.2732530407200663	stable_order
gse162632	original8	8	P	scGen	CellOT	0.00731404978741268	0.005304476988807316	stable_order
gse162632	original8	8	P	CPA	CellOT	-0.2641831917701753	-0.26794856373125897	stable_order
gse162632	original8	8	O	NC	CM	-0.059954598581664464	-0.05995459858166444	stable_order
gse162632	original8	8	O	NC	TW	-0.0615356408966031	-0.0615356408966031	stable_order
gse162632	original8	8	O	NC	PCA	-0.06141072414920065	-0.06141072414920065	stable_order
gse162632	original8	8	O	NC	RBF	-0.06120599953665626	-0.06120599953665626	stable_order
gse162632	original8	8	O	NC	scGen	0.0588079632874417	-0.16922317957016778	reversal
gse162632	original8	8	O	NC	CPA	0.33381680315507894	0.10402986114989848	stable_order
gse162632	original8	8	O	NC	CellOT	0.06210286747275545	-0.16391870258136046	reversal
gse162632	original8	8	O	CM	TW	-0.0015810423149386355	-0.0015810423149386632	stable_order
gse162632	original8	8	O	CM	PCA	-0.0014561255675361873	-0.001456125567536215	stable_order
gse162632	original8	8	O	CM	RBF	-0.0012514009549917937	-0.0012514009549918215	stable_order
gse162632	original8	8	O	CM	scGen	0.11876256186910616	-0.10926858098850334	reversal
gse162632	original8	8	O	CM	CPA	0.3937714017367434	0.16398445973156292	stable_order
gse162632	original8	8	O	CM	CellOT	0.12205746605441992	-0.10396410399969602	reversal
gse162632	original8	8	O	TW	PCA	0.00012491674740244818	0.00012491674740244818	stable_order
gse162632	original8	8	O	TW	RBF	0.00032964135994684174	0.00032964135994684174	stable_order
gse162632	original8	8	O	TW	scGen	0.1203436041840448	-0.10768753867356468	reversal
gse162632	original8	8	O	TW	CPA	0.395352444051682	0.16556550204650158	stable_order
gse162632	original8	8	O	TW	CellOT	0.12363850836935855	-0.10238306168475736	reversal
gse162632	original8	8	O	PCA	RBF	0.00020472461254439356	0.00020472461254439356	stable_order
gse162632	original8	8	O	PCA	scGen	0.12021868743664235	-0.10781245542096712	reversal
gse162632	original8	8	O	PCA	CPA	0.39522752730427957	0.16544058529909914	stable_order
gse162632	original8	8	O	PCA	CellOT	0.1235135916219561	-0.10250797843215981	reversal
gse162632	original8	8	O	RBF	scGen	0.12001396282409796	-0.10801718003351152	reversal
gse162632	original8	8	O	RBF	CPA	0.3950228026917352	0.16523586068655474	stable_order
gse162632	original8	8	O	RBF	CellOT	0.12330886700941171	-0.1027127030447042	reversal
gse162632	original8	8	O	scGen	CPA	0.27500883986763724	0.2732530407200663	stable_order
gse162632	original8	8	O	scGen	CellOT	0.0032949041853137517	0.005304476988807316	stable_order
gse162632	original8	8	O	CPA	CellOT	-0.2717139356823235	-0.26794856373125897	stable_order
gse162632	original8	8	D	NC	CM	-0.05995459858166444	-0.05995459858166444	stable_order
gse162632	original8	8	D	NC	TW	-0.0615356408966031	-0.0615356408966031	stable_order
gse162632	original8	8	D	NC	PCA	-0.06141072414920065	-0.06141072414920065	stable_order
gse162632	original8	8	D	NC	RBF	-0.06120599953665626	-0.06120599953665626	stable_order
gse162632	original8	8	D	NC	scGen	0.06461269496569516	-0.16922317957016778	reversal
gse162632	original8	8	D	NC	CPA	0.337865735678281	0.10402986114989848	stable_order
gse162632	original8	8	D	NC	CellOT	0.06991717195250302	-0.16391870258136046	reversal
gse162632	original8	8	D	CM	TW	-0.0015810423149386632	-0.0015810423149386632	stable_order
gse162632	original8	8	D	CM	PCA	-0.001456125567536215	-0.001456125567536215	stable_order
gse162632	original8	8	D	CM	RBF	-0.0012514009549918215	-0.0012514009549918215	stable_order
gse162632	original8	8	D	CM	scGen	0.1245672935473596	-0.10926858098850334	reversal
gse162632	original8	8	D	CM	CPA	0.39782033425994545	0.16398445973156292	stable_order
gse162632	original8	8	D	CM	CellOT	0.12987177053416746	-0.10396410399969602	reversal
gse162632	original8	8	D	TW	PCA	0.00012491674740244818	0.00012491674740244818	stable_order
gse162632	original8	8	D	TW	RBF	0.00032964135994684174	0.00032964135994684174	stable_order
gse162632	original8	8	D	TW	scGen	0.12614833586229826	-0.10768753867356468	reversal
gse162632	original8	8	D	TW	CPA	0.39940137657488406	0.16556550204650158	stable_order
gse162632	original8	8	D	TW	CellOT	0.13145281284910612	-0.10238306168475736	reversal
gse162632	original8	8	D	PCA	RBF	0.00020472461254439356	0.00020472461254439356	stable_order
gse162632	original8	8	D	PCA	scGen	0.1260234191148958	-0.10781245542096712	reversal
gse162632	original8	8	D	PCA	CPA	0.3992764598274816	0.16544058529909914	stable_order
gse162632	original8	8	D	PCA	CellOT	0.13132789610170367	-0.10250797843215981	reversal
gse162632	original8	8	D	RBF	scGen	0.12581869450235142	-0.10801718003351152	reversal
gse162632	original8	8	D	RBF	CPA	0.3990717352149372	0.16523586068655474	stable_order
gse162632	original8	8	D	RBF	CellOT	0.13112317148915928	-0.1027127030447042	reversal
gse162632	original8	8	D	scGen	CPA	0.2732530407125858	0.2732530407200663	stable_order
gse162632	original8	8	D	scGen	CellOT	0.00530447698680786	0.005304476988807316	stable_order
gse162632	original8	8	D	CPA	CellOT	-0.26794856372577797	-0.26794856373125897	stable_order
gse162632	cap48	4	S	NC	CM	-0.06408748689523841	-0.06408748689523841	stable_order
gse162632	cap48	4	S	NC	TW	-0.0642428940122528	-0.0642428940122528	stable_order
gse162632	cap48	4	S	NC	PCA	-0.06443711098274779	-0.06443711098274779	stable_order
gse162632	cap48	4	S	NC	RBF	-0.06441033335208812	-0.06441033335208812	stable_order
gse162632	cap48	4	S	NC	scGen	-0.28498835866235683	-0.28498835866235683	stable_order
gse162632	cap48	4	S	NC	CPA	-0.02160291853786861	-0.02160291853786861	stable_order
gse162632	cap48	4	S	NC	CellOT	-0.2757947859735237	-0.2757947859735237	stable_order
gse162632	cap48	4	S	CM	TW	-0.00015540711701439447	-0.00015540711701439447	stable_order
gse162632	cap48	4	S	CM	PCA	-0.00034962408750938145	-0.00034962408750938145	stable_order
gse162632	cap48	4	S	CM	RBF	-0.00032284645684971247	-0.00032284645684971247	stable_order
gse162632	cap48	4	S	CM	scGen	-0.2209008717671184	-0.2209008717671184	stable_order
gse162632	cap48	4	S	CM	CPA	0.0424845683573698	0.0424845683573698	stable_order
gse162632	cap48	4	S	CM	CellOT	-0.21170729907828525	-0.21170729907828525	stable_order
gse162632	cap48	4	S	TW	PCA	-0.00019421697049498698	-0.00019421697049498698	stable_order
gse162632	cap48	4	S	TW	RBF	-0.000167439339835318	-0.000167439339835318	stable_order
gse162632	cap48	4	S	TW	scGen	-0.220745464650104	-0.220745464650104	stable_order
gse162632	cap48	4	S	TW	CPA	0.042639975474384195	0.042639975474384195	stable_order
gse162632	cap48	4	S	TW	CellOT	-0.21155189196127086	-0.21155189196127086	stable_order
gse162632	cap48	4	S	PCA	RBF	2.6777630659668983e-05	2.6777630659668983e-05	stable_order
gse162632	cap48	4	S	PCA	scGen	-0.220551247679609	-0.220551247679609	stable_order
gse162632	cap48	4	S	PCA	CPA	0.04283419244487918	0.04283419244487918	stable_order
gse162632	cap48	4	S	PCA	CellOT	-0.21135767499077587	-0.21135767499077587	stable_order
gse162632	cap48	4	S	RBF	scGen	-0.22057802531026868	-0.22057802531026868	stable_order
gse162632	cap48	4	S	RBF	CPA	0.04280741481421951	0.04280741481421951	stable_order
gse162632	cap48	4	S	RBF	CellOT	-0.21138445262143554	-0.21138445262143554	stable_order
gse162632	cap48	4	S	scGen	CPA	0.26338544012448817	0.26338544012448817	stable_order
gse162632	cap48	4	S	scGen	CellOT	0.00919357268883314	0.00919357268883314	stable_order
gse162632	cap48	4	S	CPA	CellOT	-0.25419186743565503	-0.25419186743565503	stable_order
gse162632	cap48	4	M	NC	CM	-0.06408748689523835	-0.06408748689523841	stable_order
gse162632	cap48	4	M	NC	TW	-0.06424289401225275	-0.0642428940122528	stable_order
gse162632	cap48	4	M	NC	PCA	-0.06443711098274774	-0.06443711098274779	stable_order
gse162632	cap48	4	M	NC	RBF	-0.06441033335208801	-0.06441033335208812	stable_order
gse162632	cap48	4	M	NC	scGen	-0.284988358664381	-0.28498835866235683	stable_order
gse162632	cap48	4	M	NC	CPA	-0.021602918535080062	-0.02160291853786861	stable_order
gse162632	cap48	4	M	NC	CellOT	-0.275794785975268	-0.2757947859735237	stable_order
gse162632	cap48	4	M	CM	TW	-0.00015540711701439447	-0.00015540711701439447	stable_order
gse162632	cap48	4	M	CM	PCA	-0.00034962408750938145	-0.00034962408750938145	stable_order
gse162632	cap48	4	M	CM	RBF	-0.00032284645684965696	-0.00032284645684971247	stable_order
gse162632	cap48	4	M	CM	scGen	-0.2209008717691426	-0.2209008717671184	stable_order
gse162632	cap48	4	M	CM	CPA	0.04248456836015829	0.0424845683573698	stable_order
gse162632	cap48	4	M	CM	CellOT	-0.21170729908002967	-0.21170729907828525	stable_order
gse162632	cap48	4	M	TW	PCA	-0.00019421697049498698	-0.00019421697049498698	stable_order
gse162632	cap48	4	M	TW	RBF	-0.0001674393398352625	-0.000167439339835318	stable_order
gse162632	cap48	4	M	TW	scGen	-0.22074546465212821	-0.220745464650104	stable_order
gse162632	cap48	4	M	TW	CPA	0.04263997547717269	0.042639975474384195	stable_order
gse162632	cap48	4	M	TW	CellOT	-0.21155189196301527	-0.21155189196127086	stable_order
gse162632	cap48	4	M	PCA	RBF	2.6777630659724494e-05	2.6777630659668983e-05	stable_order
gse162632	cap48	4	M	PCA	scGen	-0.22055124768163323	-0.220551247679609	stable_order
gse162632	cap48	4	M	PCA	CPA	0.042834192447667674	0.04283419244487918	stable_order
gse162632	cap48	4	M	PCA	CellOT	-0.21135767499252028	-0.21135767499077587	stable_order
gse162632	cap48	4	M	RBF	scGen	-0.22057802531229295	-0.22057802531026868	stable_order
gse162632	cap48	4	M	RBF	CPA	0.04280741481700795	0.04280741481421951	stable_order
gse162632	cap48	4	M	RBF	CellOT	-0.21138445262318	-0.21138445262143554	stable_order
gse162632	cap48	4	M	scGen	CPA	0.2633854401293009	0.26338544012448817	stable_order
gse162632	cap48	4	M	scGen	CellOT	0.009193572689112944	0.00919357268883314	stable_order
gse162632	cap48	4	M	CPA	CellOT	-0.25419186744018796	-0.25419186743565503	stable_order
gse162632	cap48	4	P	NC	CM	-0.06408748689523835	-0.06408748689523841	stable_order
gse162632	cap48	4	P	NC	TW	-0.06424289401225275	-0.0642428940122528	stable_order
gse162632	cap48	4	P	NC	PCA	-0.06443711098274774	-0.06443711098274779	stable_order
gse162632	cap48	4	P	NC	RBF	-0.06441033335208801	-0.06441033335208812	stable_order
gse162632	cap48	4	P	NC	scGen	0.2040062867719067	-0.28498835866235683	reversal
gse162632	cap48	4	P	NC	CPA	0.4602547392537337	-0.02160291853786861	reversal
gse162632	cap48	4	P	NC	CellOT	0.21607665551711874	-0.2757947859735237	reversal
gse162632	cap48	4	P	CM	TW	-0.00015540711701439447	-0.00015540711701439447	stable_order
gse162632	cap48	4	P	CM	PCA	-0.00034962408750938145	-0.00034962408750938145	stable_order
gse162632	cap48	4	P	CM	RBF	-0.00032284645684965696	-0.00032284645684971247	stable_order
gse162632	cap48	4	P	CM	scGen	0.26809377366714504	-0.2209008717671184	reversal
gse162632	cap48	4	P	CM	CPA	0.5243422261489721	0.0424845683573698	stable_order
gse162632	cap48	4	P	CM	CellOT	0.2801641424123571	-0.21170729907828525	reversal
gse162632	cap48	4	P	TW	PCA	-0.00019421697049498698	-0.00019421697049498698	stable_order
gse162632	cap48	4	P	TW	RBF	-0.0001674393398352625	-0.000167439339835318	stable_order
gse162632	cap48	4	P	TW	scGen	0.26824918078415944	-0.220745464650104	reversal
gse162632	cap48	4	P	TW	CPA	0.5244976332659865	0.042639975474384195	stable_order
gse162632	cap48	4	P	TW	CellOT	0.2803195495293715	-0.21155189196127086	reversal
gse162632	cap48	4	P	PCA	RBF	2.6777630659724494e-05	2.6777630659668983e-05	stable_order
gse162632	cap48	4	P	PCA	scGen	0.2684433977546544	-0.220551247679609	reversal
gse162632	cap48	4	P	PCA	CPA	0.5246918502364815	0.04283419244487918	stable_order
gse162632	cap48	4	P	PCA	CellOT	0.2805137664998665	-0.21135767499077587	reversal
gse162632	cap48	4	P	RBF	scGen	0.2684166201239947	-0.22057802531026868	reversal
gse162632	cap48	4	P	RBF	CPA	0.5246650726058217	0.04280741481421951	stable_order
gse162632	cap48	4	P	RBF	CellOT	0.28048698886920675	-0.21138445262143554	reversal
gse162632	cap48	4	P	scGen	CPA	0.25624845248182704	0.26338544012448817	stable_order
gse162632	cap48	4	P	scGen	CellOT	0.012070368745212057	0.00919357268883314	stable_order
gse162632	cap48	4	P	CPA	CellOT	-0.24417808373661498	-0.25419186743565503	stable_order
gse162632	cap48	4	O	NC	CM	-0.06408748689523835	-0.06408748689523841	stable_order
gse162632	cap48	4	O	NC	TW	-0.06424289401225275	-0.0642428940122528	stable_order
gse162632	cap48	4	O	NC	PCA	-0.06443711098274774	-0.06443711098274779	stable_order
gse162632	cap48	4	O	NC	RBF	-0.06441033335208801	-0.06441033335208812	stable_order
gse162632	cap48	4	O	NC	scGen	0.16134533967550468	-0.28498835866235683	reversal
gse162632	cap48	4	O	NC	CPA	0.4318677674265504	-0.02160291853786861	reversal
gse162632	cap48	4	O	NC	CellOT	0.1676621163065497	-0.2757947859735237	reversal
gse162632	cap48	4	O	CM	TW	-0.00015540711701439447	-0.00015540711701439447	stable_order
gse162632	cap48	4	O	CM	PCA	-0.00034962408750938145	-0.00034962408750938145	stable_order
gse162632	cap48	4	O	CM	RBF	-0.00032284645684965696	-0.00032284645684971247	stable_order
gse162632	cap48	4	O	CM	scGen	0.22543282657074304	-0.2209008717671184	reversal
gse162632	cap48	4	O	CM	CPA	0.4959552543217888	0.0424845683573698	stable_order
gse162632	cap48	4	O	CM	CellOT	0.23174960320178806	-0.21170729907828525	reversal
gse162632	cap48	4	O	TW	PCA	-0.00019421697049498698	-0.00019421697049498698	stable_order
gse162632	cap48	4	O	TW	RBF	-0.0001674393398352625	-0.000167439339835318	stable_order
gse162632	cap48	4	O	TW	scGen	0.22558823368775743	-0.220745464650104	reversal
gse162632	cap48	4	O	TW	CPA	0.49611066143880317	0.042639975474384195	stable_order
gse162632	cap48	4	O	TW	CellOT	0.23190501031880245	-0.21155189196127086	reversal
gse162632	cap48	4	O	PCA	RBF	2.6777630659724494e-05	2.6777630659668983e-05	stable_order
gse162632	cap48	4	O	PCA	scGen	0.22578245065825242	-0.220551247679609	reversal
gse162632	cap48	4	O	PCA	CPA	0.49630487840929816	0.04283419244487918	stable_order
gse162632	cap48	4	O	PCA	CellOT	0.23209922728929744	-0.21135767499077587	reversal
gse162632	cap48	4	O	RBF	scGen	0.2257556730275927	-0.22057802531026868	reversal
gse162632	cap48	4	O	RBF	CPA	0.49627810077863843	0.04280741481421951	stable_order
gse162632	cap48	4	O	RBF	CellOT	0.23207244965863771	-0.21138445262143554	reversal
gse162632	cap48	4	O	scGen	CPA	0.27052242775104574	0.26338544012448817	stable_order
gse162632	cap48	4	O	scGen	CellOT	0.006316776631045018	0.00919357268883314	stable_order
gse162632	cap48	4	O	CPA	CellOT	-0.2642056511200007	-0.25419186743565503	stable_order
gse162632	cap48	4	D	NC	CM	-0.06408748689523835	-0.06408748689523841	stable_order
gse162632	cap48	4	D	NC	TW	-0.06424289401225275	-0.0642428940122528	stable_order
gse162632	cap48	4	D	NC	PCA	-0.06443711098274774	-0.06443711098274779	stable_order
gse162632	cap48	4	D	NC	RBF	-0.06441033335208801	-0.06441033335208812	stable_order
gse162632	cap48	4	D	NC	scGen	0.1826758132230193	-0.28498835866235683	reversal
gse162632	cap48	4	D	NC	CPA	0.4460612533413364	-0.02160291853786861	reversal
gse162632	cap48	4	D	NC	CellOT	0.19186938591230573	-0.2757947859735237	reversal
gse162632	cap48	4	D	CM	TW	-0.00015540711701439447	-0.00015540711701439447	stable_order
gse162632	cap48	4	D	CM	PCA	-0.00034962408750938145	-0.00034962408750938145	stable_order
gse162632	cap48	4	D	CM	RBF	-0.00032284645684965696	-0.00032284645684971247	stable_order
gse162632	cap48	4	D	CM	scGen	0.24676330011825764	-0.2209008717671184	reversal
gse162632	cap48	4	D	CM	CPA	0.5101487402365747	0.0424845683573698	stable_order
gse162632	cap48	4	D	CM	CellOT	0.2559568728075441	-0.21170729907828525	reversal
gse162632	cap48	4	D	TW	PCA	-0.00019421697049498698	-0.00019421697049498698	stable_order
gse162632	cap48	4	D	TW	RBF	-0.0001674393398352625	-0.000167439339835318	stable_order
gse162632	cap48	4	D	TW	scGen	0.24691870723527204	-0.220745464650104	reversal
gse162632	cap48	4	D	TW	CPA	0.5103041473535892	0.042639975474384195	stable_order
gse162632	cap48	4	D	TW	CellOT	0.2561122799245585	-0.21155189196127086	reversal
gse162632	cap48	4	D	PCA	RBF	2.6777630659724494e-05	2.6777630659668983e-05	stable_order
gse162632	cap48	4	D	PCA	scGen	0.24711292420576703	-0.220551247679609	reversal
gse162632	cap48	4	D	PCA	CPA	0.5104983643240841	0.04283419244487918	stable_order
gse162632	cap48	4	D	PCA	CellOT	0.25630649689505347	-0.21135767499077587	reversal
gse162632	cap48	4	D	RBF	scGen	0.2470861465751073	-0.22057802531026868	reversal
gse162632	cap48	4	D	RBF	CPA	0.5104715866934244	0.04280741481421951	stable_order
gse162632	cap48	4	D	RBF	CellOT	0.25627971926439375	-0.21138445262143554	reversal
gse162632	cap48	4	D	scGen	CPA	0.2633854401183171	0.26338544012448817	stable_order
gse162632	cap48	4	D	scGen	CellOT	0.009193572689286444	0.00919357268883314	stable_order
gse162632	cap48	4	D	CPA	CellOT	-0.25419186742903066	-0.25419186743565503	stable_order
gse162632	cap48	6	S	NC	CM	-0.06408824862233647	-0.06408824862233647	stable_order
gse162632	cap48	6	S	NC	TW	-0.06424333535897103	-0.06424333535897103	stable_order
gse162632	cap48	6	S	NC	PCA	-0.06443724294639136	-0.06443724294639136	stable_order
gse162632	cap48	6	S	NC	RBF	-0.06441071925016101	-0.06441071925016101	stable_order
gse162632	cap48	6	S	NC	scGen	-0.21089160156774167	-0.21089160156774167	stable_order
gse162632	cap48	6	S	NC	CPA	0.05183867973728734	0.05183867973728734	stable_order
gse162632	cap48	6	S	NC	CellOT	-0.20297009204501507	-0.20297009204501507	stable_order
gse162632	cap48	6	S	CM	TW	-0.00015508673663455763	-0.00015508673663455763	stable_order
gse162632	cap48	6	S	CM	PCA	-0.0003489943240548854	-0.0003489943240548854	stable_order
gse162632	cap48	6	S	CM	RBF	-0.00032247062782453373	-0.00032247062782453373	stable_order
gse162632	cap48	6	S	CM	scGen	-0.1468033529454052	-0.1468033529454052	stable_order
gse162632	cap48	6	S	CM	CPA	0.11592692835962382	0.11592692835962382	stable_order
gse162632	cap48	6	S	CM	CellOT	-0.1388818434226786	-0.1388818434226786	stable_order
gse162632	cap48	6	S	TW	PCA	-0.00019390758742032776	-0.00019390758742032776	stable_order
gse162632	cap48	6	S	TW	RBF	-0.0001673838911899761	-0.0001673838911899761	stable_order
gse162632	cap48	6	S	TW	scGen	-0.14664826620877064	-0.14664826620877064	stable_order
gse162632	cap48	6	S	TW	CPA	0.11608201509625837	0.11608201509625837	stable_order
gse162632	cap48	6	S	TW	CellOT	-0.13872675668604403	-0.13872675668604403	stable_order
gse162632	cap48	6	S	PCA	RBF	2.6523696230351668e-05	2.6523696230351668e-05	stable_order
gse162632	cap48	6	S	PCA	scGen	-0.1464543586213503	-0.1464543586213503	stable_order
gse162632	cap48	6	S	PCA	CPA	0.1162759226836787	0.1162759226836787	stable_order
gse162632	cap48	6	S	PCA	CellOT	-0.1385328490986237	-0.1385328490986237	stable_order
gse162632	cap48	6	S	RBF	scGen	-0.14648088231758066	-0.14648088231758066	stable_order
gse162632	cap48	6	S	RBF	CPA	0.11624939898744835	0.11624939898744835	stable_order
gse162632	cap48	6	S	RBF	CellOT	-0.13855937279485406	-0.13855937279485406	stable_order
gse162632	cap48	6	S	scGen	CPA	0.262730281305029	0.262730281305029	stable_order
gse162632	cap48	6	S	scGen	CellOT	0.007921509522726605	0.007921509522726605	stable_order
gse162632	cap48	6	S	CPA	CellOT	-0.25480877178230243	-0.25480877178230243	stable_order
gse162632	cap48	6	M	NC	CM	-0.06408824862233647	-0.06408824862233647	stable_order
gse162632	cap48	6	M	NC	TW	-0.06424333535897103	-0.06424333535897103	stable_order
gse162632	cap48	6	M	NC	PCA	-0.06443724294639136	-0.06443724294639136	stable_order
gse162632	cap48	6	M	NC	RBF	-0.06441071925016101	-0.06441071925016101	stable_order
gse162632	cap48	6	M	NC	scGen	-0.21089160156656397	-0.21089160156774167	stable_order
gse162632	cap48	6	M	NC	CPA	0.0518386797455781	0.05183867973728734	stable_order
gse162632	cap48	6	M	NC	CellOT	-0.20297009204295535	-0.20297009204501507	stable_order
gse162632	cap48	6	M	CM	TW	-0.00015508673663455763	-0.00015508673663455763	stable_order
gse162632	cap48	6	M	CM	PCA	-0.0003489943240548854	-0.0003489943240548854	stable_order
gse162632	cap48	6	M	CM	RBF	-0.00032247062782453373	-0.00032247062782453373	stable_order
gse162632	cap48	6	M	CM	scGen	-0.1468033529442275	-0.1468033529454052	stable_order
gse162632	cap48	6	M	CM	CPA	0.11592692836791457	0.11592692835962382	stable_order
gse162632	cap48	6	M	CM	CellOT	-0.13888184342061888	-0.1388818434226786	stable_order
gse162632	cap48	6	M	TW	PCA	-0.00019390758742032776	-0.00019390758742032776	stable_order
gse162632	cap48	6	M	TW	RBF	-0.0001673838911899761	-0.0001673838911899761	stable_order
gse162632	cap48	6	M	TW	scGen	-0.14664826620759294	-0.14664826620877064	stable_order
gse162632	cap48	6	M	TW	CPA	0.11608201510454913	0.11608201509625837	stable_order
gse162632	cap48	6	M	TW	CellOT	-0.13872675668398432	-0.13872675668604403	stable_order
gse162632	cap48	6	M	PCA	RBF	2.6523696230351668e-05	2.6523696230351668e-05	stable_order
gse162632	cap48	6	M	PCA	scGen	-0.14645435862017261	-0.1464543586213503	stable_order
gse162632	cap48	6	M	PCA	CPA	0.11627592269196946	0.1162759226836787	stable_order
gse162632	cap48	6	M	PCA	CellOT	-0.138532849096564	-0.1385328490986237	stable_order
gse162632	cap48	6	M	RBF	scGen	-0.14648088231640297	-0.14648088231758066	stable_order
gse162632	cap48	6	M	RBF	CPA	0.1162493989957391	0.11624939898744835	stable_order
gse162632	cap48	6	M	RBF	CellOT	-0.13855937279279434	-0.13855937279485406	stable_order
gse162632	cap48	6	M	scGen	CPA	0.26273028131214204	0.262730281305029	stable_order
gse162632	cap48	6	M	scGen	CellOT	0.007921509523608622	0.007921509522726605	stable_order
gse162632	cap48	6	M	CPA	CellOT	-0.25480877178853345	-0.25480877178230243	stable_order
gse162632	cap48	6	P	NC	CM	-0.06408824862233647	-0.06408824862233647	stable_order
gse162632	cap48	6	P	NC	TW	-0.06424333535897103	-0.06424333535897103	stable_order
gse162632	cap48	6	P	NC	PCA	-0.06443724294639136	-0.06443724294639136	stable_order
gse162632	cap48	6	P	NC	RBF	-0.06441071925016101	-0.06441071925016101	stable_order
gse162632	cap48	6	P	NC	scGen	0.11502807414521193	-0.21089160156774167	reversal
gse162632	cap48	6	P	NC	CPA	0.3729879897502464	0.05183867973728734	stable_order
gse162632	cap48	6	P	NC	CellOT	0.12486293501709805	-0.20297009204501507	reversal
gse162632	cap48	6	P	CM	TW	-0.00015508673663455763	-0.00015508673663455763	stable_order
gse162632	cap48	6	P	CM	PCA	-0.0003489943240548854	-0.0003489943240548854	stable_order
gse162632	cap48	6	P	CM	RBF	-0.00032247062782453373	-0.00032247062782453373	stable_order
gse162632	cap48	6	P	CM	scGen	0.1791163227675484	-0.1468033529454052	reversal
gse162632	cap48	6	P	CM	CPA	0.43707623837258286	0.11592692835962382	stable_order
gse162632	cap48	6	P	CM	CellOT	0.18895118363943453	-0.1388818434226786	reversal
gse162632	cap48	6	P	TW	PCA	-0.00019390758742032776	-0.00019390758742032776	stable_order
gse162632	cap48	6	P	TW	RBF	-0.0001673838911899761	-0.0001673838911899761	stable_order
gse162632	cap48	6	P	TW	scGen	0.17927140950418297	-0.14664826620877064	reversal
gse162632	cap48	6	P	TW	CPA	0.4372313251092174	0.11608201509625837	stable_order
gse162632	cap48	6	P	TW	CellOT	0.18910627037606909	-0.13872675668604403	reversal
gse162632	cap48	6	P	PCA	RBF	2.6523696230351668e-05	2.6523696230351668e-05	stable_order
gse162632	cap48	6	P	PCA	scGen	0.1794653170916033	-0.1464543586213503	reversal
gse162632	cap48	6	P	PCA	CPA	0.43742523269663774	0.1162759226836787	stable_order
gse162632	cap48	6	P	PCA	CellOT	0.1893001779634894	-0.1385328490986237	reversal
gse162632	cap48	6	P	RBF	scGen	0.17943879339537294	-0.14648088231758066	reversal
gse162632	cap48	6	P	RBF	CPA	0.4373987090004074	0.11624939898744835	stable_order
gse162632	cap48	6	P	RBF	CellOT	0.18927365426725906	-0.13855937279485406	reversal
gse162632	cap48	6	P	scGen	CPA	0.25795991560503445	0.262730281305029	stable_order
gse162632	cap48	6	P	scGen	CellOT	0.00983486087188612	0.007921509522726605	stable_order
gse162632	cap48	6	P	CPA	CellOT	-0.24812505473314833	-0.25480877178230243	stable_order
gse162632	cap48	6	O	NC	CM	-0.06408824862233647	-0.06408824862233647	stable_order
gse162632	cap48	6	O	NC	TW	-0.06424333535897103	-0.06424333535897103	stable_order
gse162632	cap48	6	O	NC	PCA	-0.06443724294639136	-0.06443724294639136	stable_order
gse162632	cap48	6	O	NC	RBF	-0.06441071925016101	-0.06441071925016101	stable_order
gse162632	cap48	6	O	NC	scGen	0.08664975367684302	-0.21089160156774167	reversal
gse162632	cap48	6	O	NC	CPA	0.35415040071085613	0.05183867973728734	stable_order
gse162632	cap48	6	O	NC	CellOT	0.09265791185207911	-0.20297009204501507	reversal
gse162632	cap48	6	O	CM	TW	-0.00015508673663455763	-0.00015508673663455763	stable_order
gse162632	cap48	6	O	CM	PCA	-0.0003489943240548854	-0.0003489943240548854	stable_order
gse162632	cap48	6	O	CM	RBF	-0.00032247062782453373	-0.00032247062782453373	stable_order
gse162632	cap48	6	O	CM	scGen	0.1507380022991795	-0.1468033529454052	reversal
gse162632	cap48	6	O	CM	CPA	0.4182386493331926	0.11592692835962382	stable_order
gse162632	cap48	6	O	CM	CellOT	0.15674616047441559	-0.1388818434226786	reversal
gse162632	cap48	6	O	TW	PCA	-0.00019390758742032776	-0.00019390758742032776	stable_order
gse162632	cap48	6	O	TW	RBF	-0.0001673838911899761	-0.0001673838911899761	stable_order
gse162632	cap48	6	O	TW	scGen	0.15089308903581405	-0.14664826620877064	reversal
gse162632	cap48	6	O	TW	CPA	0.41839373606982716	0.11608201509625837	stable_order
gse162632	cap48	6	O	TW	CellOT	0.15690124721105014	-0.13872675668604403	reversal
gse162632	cap48	6	O	PCA	RBF	2.6523696230351668e-05	2.6523696230351668e-05	stable_order
gse162632	cap48	6	O	PCA	scGen	0.15108699662323438	-0.1464543586213503	reversal
gse162632	cap48	6	O	PCA	CPA	0.4185876436572475	0.1162759226836787	stable_order
gse162632	cap48	6	O	PCA	CellOT	0.15709515479847047	-0.1385328490986237	reversal
gse162632	cap48	6	O	RBF	scGen	0.15106047292700403	-0.14648088231758066	reversal
gse162632	cap48	6	O	RBF	CPA	0.41856111996101714	0.11624939898744835	stable_order
gse162632	cap48	6	O	RBF	CellOT	0.15706863110224012	-0.13855937279485406	reversal
gse162632	cap48	6	O	scGen	CPA	0.2675006470340131	0.262730281305029	stable_order
gse162632	cap48	6	O	scGen	CellOT	0.006008158175236089	0.007921509522726605	stable_order
gse162632	cap48	6	O	CPA	CellOT	-0.261492488858777	-0.25480877178230243	stable_order
gse162632	cap48	6	D	NC	CM	-0.06408824862233647	-0.06408824862233647	stable_order
gse162632	cap48	6	D	NC	TW	-0.06424333535897103	-0.06424333535897103	stable_order
gse162632	cap48	6	D	NC	PCA	-0.06443724294639136	-0.06443724294639136	stable_order
gse162632	cap48	6	D	NC	RBF	-0.06441071925016101	-0.06441071925016101	stable_order
gse162632	cap48	6	D	NC	scGen	0.10083891391280392	-0.21089160156774167	reversal
gse162632	cap48	6	D	NC	CPA	0.36356919523387743	0.05183867973728734	stable_order
gse162632	cap48	6	D	NC	CellOT	0.10876042343542319	-0.20297009204501507	reversal
gse162632	cap48	6	D	CM	TW	-0.00015508673663455763	-0.00015508673663455763	stable_order
gse162632	cap48	6	D	CM	PCA	-0.0003489943240548854	-0.0003489943240548854	stable_order
gse162632	cap48	6	D	CM	RBF	-0.00032247062782453373	-0.00032247062782453373	stable_order
gse162632	cap48	6	D	CM	scGen	0.1649271625351404	-0.1468033529454052	reversal
gse162632	cap48	6	D	CM	CPA	0.4276574438562139	0.11592692835962382	stable_order
gse162632	cap48	6	D	CM	CellOT	0.17284867205775967	-0.1388818434226786	reversal
gse162632	cap48	6	D	TW	PCA	-0.00019390758742032776	-0.00019390758742032776	stable_order
gse162632	cap48	6	D	TW	RBF	-0.0001673838911899761	-0.0001673838911899761	stable_order
gse162632	cap48	6	D	TW	scGen	0.16508224927177495	-0.14664826620877064	reversal
gse162632	cap48	6	D	TW	CPA	0.42781253059284846	0.11608201509625837	stable_order
gse162632	cap48	6	D	TW	CellOT	0.17300375879439422	-0.13872675668604403	reversal
gse162632	cap48	6	D	PCA	RBF	2.6523696230351668e-05	2.6523696230351668e-05	stable_order
gse162632	cap48	6	D	PCA	scGen	0.16527615685919528	-0.1464543586213503	reversal
gse162632	cap48	6	D	PCA	CPA	0.4280064381802688	0.1162759226836787	stable_order
gse162632	cap48	6	D	PCA	CellOT	0.17319766638181455	-0.1385328490986237	reversal
gse162632	cap48	6	D	RBF	scGen	0.16524963316296493	-0.14648088231758066	reversal
gse162632	cap48	6	D	RBF	CPA	0.42797991448403844	0.11624939898744835	stable_order
gse162632	cap48	6	D	RBF	CellOT	0.1731711426855842	-0.13855937279485406	reversal
gse162632	cap48	6	D	scGen	CPA	0.2627302813210735	0.262730281305029	stable_order
gse162632	cap48	6	D	scGen	CellOT	0.007921509522619274	0.007921509522726605	stable_order
gse162632	cap48	6	D	CPA	CellOT	-0.25480877179845424	-0.25480877178230243	stable_order
gse162632	cap48	8	S	NC	CM	-0.06409360019914462	-0.06409360019914462	stable_order
gse162632	cap48	8	S	NC	TW	-0.06424845469689694	-0.06424845469689694	stable_order
gse162632	cap48	8	S	NC	PCA	-0.06444280172944836	-0.06444280172944836	stable_order
gse162632	cap48	8	S	NC	RBF	-0.06441575033276203	-0.06441575033276203	stable_order
gse162632	cap48	8	S	NC	scGen	-0.1738553340505004	-0.1738553340505004	stable_order
gse162632	cap48	8	S	NC	CPA	0.08860289713009162	0.08860289713009162	stable_order
gse162632	cap48	8	S	NC	CellOT	-0.16656698321785796	-0.16656698321785796	stable_order
gse162632	cap48	8	S	CM	TW	-0.0001548544977523214	-0.0001548544977523214	stable_order
gse162632	cap48	8	S	CM	PCA	-0.0003492015303037388	-0.0003492015303037388	stable_order
gse162632	cap48	8	S	CM	RBF	-0.00032215013361741596	-0.00032215013361741596	stable_order
gse162632	cap48	8	S	CM	scGen	-0.10976173385135579	-0.10976173385135579	stable_order
gse162632	cap48	8	S	CM	CPA	0.15269649732923624	0.15269649732923624	stable_order
gse162632	cap48	8	S	CM	CellOT	-0.10247338301871334	-0.10247338301871334	stable_order
gse162632	cap48	8	S	TW	PCA	-0.0001943470325514174	-0.0001943470325514174	stable_order
gse162632	cap48	8	S	TW	RBF	-0.00016729563586509455	-0.00016729563586509455	stable_order
gse162632	cap48	8	S	TW	scGen	-0.10960687935360347	-0.10960687935360347	stable_order
gse162632	cap48	8	S	TW	CPA	0.15285135182698856	0.15285135182698856	stable_order
gse162632	cap48	8	S	TW	CellOT	-0.10231852852096102	-0.10231852852096102	stable_order
gse162632	cap48	8	S	PCA	RBF	2.7051396686322837e-05	2.7051396686322837e-05	stable_order
gse162632	cap48	8	S	PCA	scGen	-0.10941253232105205	-0.10941253232105205	stable_order
gse162632	cap48	8	S	PCA	CPA	0.15304569885953997	0.15304569885953997	stable_order
gse162632	cap48	8	S	PCA	CellOT	-0.1021241814884096	-0.1021241814884096	stable_order
gse162632	cap48	8	S	RBF	scGen	-0.10943958371773838	-0.10943958371773838	stable_order
gse162632	cap48	8	S	RBF	CPA	0.15301864746285365	0.15301864746285365	stable_order
gse162632	cap48	8	S	RBF	CellOT	-0.10215123288509592	-0.10215123288509592	stable_order
gse162632	cap48	8	S	scGen	CPA	0.262458231180592	0.262458231180592	stable_order
gse162632	cap48	8	S	scGen	CellOT	0.007288350832642454	0.007288350832642454	stable_order
gse162632	cap48	8	S	CPA	CellOT	-0.2551698803479496	-0.2551698803479496	stable_order
gse162632	cap48	8	M	NC	CM	-0.06409360019914462	-0.06409360019914462	stable_order
gse162632	cap48	8	M	NC	TW	-0.06424845469689694	-0.06424845469689694	stable_order
gse162632	cap48	8	M	NC	PCA	-0.06444280172944841	-0.06444280172944836	stable_order
gse162632	cap48	8	M	NC	RBF	-0.06441575033276203	-0.06441575033276203	stable_order
gse162632	cap48	8	M	NC	scGen	-0.17385533404952266	-0.1738553340505004	stable_order
gse162632	cap48	8	M	NC	CPA	0.08860289713322983	0.08860289713009162	stable_order
gse162632	cap48	8	M	NC	CellOT	-0.1665669832176113	-0.16656698321785796	stable_order
gse162632	cap48	8	M	CM	TW	-0.0001548544977523214	-0.0001548544977523214	stable_order
gse162632	cap48	8	M	CM	PCA	-0.0003492015303037943	-0.0003492015303037388	stable_order
gse162632	cap48	8	M	CM	RBF	-0.00032215013361741596	-0.00032215013361741596	stable_order
gse162632	cap48	8	M	CM	scGen	-0.10976173385037805	-0.10976173385135579	stable_order
gse162632	cap48	8	M	CM	CPA	0.15269649733237445	0.15269649732923624	stable_order
gse162632	cap48	8	M	CM	CellOT	-0.10247338301846667	-0.10247338301871334	stable_order
gse162632	cap48	8	M	TW	PCA	-0.0001943470325514729	-0.0001943470325514174	stable_order
gse162632	cap48	8	M	TW	RBF	-0.00016729563586509455	-0.00016729563586509455	stable_order
gse162632	cap48	8	M	TW	scGen	-0.10960687935262572	-0.10960687935360347	stable_order
gse162632	cap48	8	M	TW	CPA	0.15285135183012677	0.15285135182698856	stable_order
gse162632	cap48	8	M	TW	CellOT	-0.10231852852071435	-0.10231852852096102	stable_order
gse162632	cap48	8	M	PCA	RBF	2.705139668637835e-05	2.7051396686322837e-05	stable_order
gse162632	cap48	8	M	PCA	scGen	-0.10941253232007425	-0.10941253232105205	stable_order
gse162632	cap48	8	M	PCA	CPA	0.15304569886267824	0.15304569885953997	stable_order
gse162632	cap48	8	M	PCA	CellOT	-0.10212418148816288	-0.1021241814884096	stable_order
gse162632	cap48	8	M	RBF	scGen	-0.10943958371676063	-0.10943958371773838	stable_order
gse162632	cap48	8	M	RBF	CPA	0.15301864746599186	0.15301864746285365	stable_order
gse162632	cap48	8	M	RBF	CellOT	-0.10215123288484926	-0.10215123288509592	stable_order
gse162632	cap48	8	M	scGen	CPA	0.26245823118275247	0.262458231180592	stable_order
gse162632	cap48	8	M	scGen	CellOT	0.007288350831911372	0.007288350832642454	stable_order
gse162632	cap48	8	M	CPA	CellOT	-0.2551698803508411	-0.2551698803479496	stable_order
gse162632	cap48	8	P	NC	CM	-0.06409360019914462	-0.06409360019914462	stable_order
gse162632	cap48	8	P	NC	TW	-0.06424845469689694	-0.06424845469689694	stable_order
gse162632	cap48	8	P	NC	PCA	-0.06444280172944841	-0.06444280172944836	stable_order
gse162632	cap48	8	P	NC	RBF	-0.06441575033276203	-0.06441575033276203	stable_order
gse162632	cap48	8	P	NC	scGen	0.07064568991886105	-0.1738553340505004	reversal
gse162632	cap48	8	P	NC	CPA	0.32951756598166565	0.08860289713009162	stable_order
gse162632	cap48	8	P	NC	CellOT	0.07937432738150241	-0.16656698321785796	reversal
gse162632	cap48	8	P	CM	TW	-0.0001548544977523214	-0.0001548544977523214	stable_order
gse162632	cap48	8	P	CM	PCA	-0.0003492015303037943	-0.0003492015303037388	stable_order
gse162632	cap48	8	P	CM	RBF	-0.00032215013361741596	-0.00032215013361741596	stable_order
gse162632	cap48	8	P	CM	scGen	0.13473929011800567	-0.10976173385135579	reversal
gse162632	cap48	8	P	CM	CPA	0.39361116618081027	0.15269649732923624	stable_order
gse162632	cap48	8	P	CM	CellOT	0.14346792758064703	-0.10247338301871334	reversal
gse162632	cap48	8	P	TW	PCA	-0.0001943470325514729	-0.0001943470325514174	stable_order
gse162632	cap48	8	P	TW	RBF	-0.00016729563586509455	-0.00016729563586509455	stable_order
gse162632	cap48	8	P	TW	scGen	0.134894144615758	-0.10960687935360347	reversal
gse162632	cap48	8	P	TW	CPA	0.3937660206785626	0.15285135182698856	stable_order
gse162632	cap48	8	P	TW	CellOT	0.14362278207839935	-0.10231852852096102	reversal
gse162632	cap48	8	P	PCA	RBF	2.705139668637835e-05	2.7051396686322837e-05	stable_order
gse162632	cap48	8	P	PCA	scGen	0.13508849164830947	-0.10941253232105205	reversal
gse162632	cap48	8	P	PCA	CPA	0.3939603677111141	0.15304569885953997	stable_order
gse162632	cap48	8	P	PCA	CellOT	0.14381712911095082	-0.1021241814884096	reversal
gse162632	cap48	8	P	RBF	scGen	0.1350614402516231	-0.10943958371773838	reversal
gse162632	cap48	8	P	RBF	CPA	0.3939333163144277	0.15301864746285365	stable_order
gse162632	cap48	8	P	RBF	CellOT	0.14379007771426444	-0.10215123288509592	reversal
gse162632	cap48	8	P	scGen	CPA	0.2588718760628046	0.262458231180592	stable_order
gse162632	cap48	8	P	scGen	CellOT	0.008728637462641353	0.007288350832642454	stable_order
gse162632	cap48	8	P	CPA	CellOT	-0.25014323860016324	-0.2551698803479496	stable_order
gse162632	cap48	8	O	NC	CM	-0.06409360019914462	-0.06409360019914462	stable_order
gse162632	cap48	8	O	NC	TW	-0.06424845469689694	-0.06424845469689694	stable_order
gse162632	cap48	8	O	NC	PCA	-0.06444280172944838	-0.06444280172944836	stable_order
gse162632	cap48	8	O	NC	RBF	-0.06441575033276203	-0.06441575033276203	stable_order
gse162632	cap48	8	O	NC	scGen	0.049315391049319424	-0.1738553340505004	reversal
gse162632	cap48	8	O	NC	CPA	0.3153599773342817	0.08860289713009162	stable_order
gse162632	cap48	8	O	NC	CellOT	0.05516345524805477	-0.16656698321785796	reversal
gse162632	cap48	8	O	CM	TW	-0.0001548544977523214	-0.0001548544977523214	stable_order
gse162632	cap48	8	O	CM	PCA	-0.00034920153030376655	-0.0003492015303037388	stable_order
gse162632	cap48	8	O	CM	RBF	-0.00032215013361741596	-0.00032215013361741596	stable_order
gse162632	cap48	8	O	CM	scGen	0.11340899124846404	-0.10976173385135579	reversal
gse162632	cap48	8	O	CM	CPA	0.37945357753342634	0.15269649732923624	stable_order
gse162632	cap48	8	O	CM	CellOT	0.11925705544719939	-0.10247338301871334	reversal
gse162632	cap48	8	O	TW	PCA	-0.00019434703255144514	-0.0001943470325514174	stable_order
gse162632	cap48	8	O	TW	RBF	-0.00016729563586509455	-0.00016729563586509455	stable_order
gse162632	cap48	8	O	TW	scGen	0.11356384574621636	-0.10960687935360347	reversal
gse162632	cap48	8	O	TW	CPA	0.37960843203117867	0.15285135182698856	stable_order
gse162632	cap48	8	O	TW	CellOT	0.11941190994495171	-0.10231852852096102	reversal
gse162632	cap48	8	O	PCA	RBF	2.7051396686350593e-05	2.7051396686322837e-05	stable_order
gse162632	cap48	8	O	PCA	scGen	0.11375819277876781	-0.10941253232105205	reversal
gse162632	cap48	8	O	PCA	CPA	0.3798027790637301	0.15304569885953997	stable_order
gse162632	cap48	8	O	PCA	CellOT	0.11960625697750316	-0.1021241814884096	reversal
gse162632	cap48	8	O	RBF	scGen	0.11373114138208146	-0.10943958371773838	reversal
gse162632	cap48	8	O	RBF	CPA	0.37977572766704376	0.15301864746285365	stable_order
gse162632	cap48	8	O	RBF	CellOT	0.1195792055808168	-0.10215123288509592	reversal
gse162632	cap48	8	O	scGen	CPA	0.2660445862849623	0.262458231180592	stable_order
gse162632	cap48	8	O	scGen	CellOT	0.005848064198735348	0.007288350832642454	stable_order
gse162632	cap48	8	O	CPA	CellOT	-0.26019652208622696	-0.2551698803479496	stable_order
gse162632	cap48	8	D	NC	CM	-0.06409360019914462	-0.06409360019914462	stable_order
gse162632	cap48	8	D	NC	TW	-0.06424845469689694	-0.06424845469689694	stable_order
gse162632	cap48	8	D	NC	PCA	-0.06444280172944841	-0.06444280172944836	stable_order
gse162632	cap48	8	D	NC	RBF	-0.06441575033276203	-0.06441575033276203	stable_order
gse162632	cap48	8	D	NC	scGen	0.059980540484391276	-0.1738553340505004	reversal
gse162632	cap48	8	D	NC	CPA	0.3224387716595643	0.08860289713009162	stable_order
gse162632	cap48	8	D	NC	CellOT	0.06726889131483521	-0.16656698321785796	reversal
gse162632	cap48	8	D	CM	TW	-0.0001548544977523214	-0.0001548544977523214	stable_order
gse162632	cap48	8	D	CM	PCA	-0.0003492015303037943	-0.0003492015303037388	stable_order
gse162632	cap48	8	D	CM	RBF	-0.00032215013361741596	-0.00032215013361741596	stable_order
gse162632	cap48	8	D	CM	scGen	0.1240741406835359	-0.10976173385135579	reversal
gse162632	cap48	8	D	CM	CPA	0.3865323718587089	0.15269649732923624	stable_order
gse162632	cap48	8	D	CM	CellOT	0.13136249151397983	-0.10247338301871334	reversal
gse162632	cap48	8	D	TW	PCA	-0.0001943470325514729	-0.0001943470325514174	stable_order
gse162632	cap48	8	D	TW	RBF	-0.00016729563586509455	-0.00016729563586509455	stable_order
gse162632	cap48	8	D	TW	scGen	0.12422899518128822	-0.10960687935360347	reversal
gse162632	cap48	8	D	TW	CPA	0.38668722635646124	0.15285135182698856	stable_order
gse162632	cap48	8	D	TW	CellOT	0.13151734601173215	-0.10231852852096102	reversal
gse162632	cap48	8	D	PCA	RBF	2.705139668637835e-05	2.7051396686322837e-05	stable_order
gse162632	cap48	8	D	PCA	scGen	0.12442334221383969	-0.10941253232105205	reversal
gse162632	cap48	8	D	PCA	CPA	0.38688157338901275	0.15304569885953997	stable_order
gse162632	cap48	8	D	PCA	CellOT	0.13171169304428362	-0.1021241814884096	reversal
gse162632	cap48	8	D	RBF	scGen	0.12439629081715331	-0.10943958371773838	reversal
gse162632	cap48	8	D	RBF	CPA	0.38685452199232634	0.15301864746285365	stable_order
gse162632	cap48	8	D	RBF	CellOT	0.13168464164759724	-0.10215123288509592	reversal
gse162632	cap48	8	D	scGen	CPA	0.26245823117517303	0.262458231180592	stable_order
gse162632	cap48	8	D	scGen	CellOT	0.007288350830443935	0.007288350832642454	stable_order
gse162632	cap48	8	D	CPA	CellOT	-0.2551698803447291	-0.2551698803479496	stable_order
parse	common48	16	S	NC	CM	0.005962008293568022	0.005962008293568022	stable_order
parse	common48	16	S	NC	TW	0.0018001330789600978	0.0018001330789600978	stable_order
parse	common48	16	S	NC	PCA	0.00181127693707811	0.00181127693707811	stable_order
parse	common48	16	S	NC	RBF	-0.0008485511838529913	-0.0008485511838529913	stable_order
parse	common48	16	S	NC	scGen	-0.04428330986282581	-0.04428330986282581	stable_order
parse	common48	16	S	NC	CPA	0.11005120055599069	0.11005120055599069	stable_order
parse	common48	16	S	NC	CellOT	-0.03686256672083623	-0.03686256672083623	stable_order
parse	common48	16	S	CM	TW	-0.004161875214607924	-0.004161875214607924	stable_order
parse	common48	16	S	CM	PCA	-0.004150731356489912	-0.004150731356489912	stable_order
parse	common48	16	S	CM	RBF	-0.006810559477421013	-0.006810559477421013	stable_order
parse	common48	16	S	CM	scGen	-0.05024531815639383	-0.05024531815639383	stable_order
parse	common48	16	S	CM	CPA	0.10408919226242266	0.10408919226242266	stable_order
parse	common48	16	S	CM	CellOT	-0.04282457501440425	-0.04282457501440425	stable_order
parse	common48	16	S	TW	PCA	1.1143858118012329e-05	1.1143858118012329e-05	stable_order
parse	common48	16	S	TW	RBF	-0.002648684262813089	-0.002648684262813089	stable_order
parse	common48	16	S	TW	scGen	-0.04608344294178591	-0.04608344294178591	stable_order
parse	common48	16	S	TW	CPA	0.10825106747703059	0.10825106747703059	stable_order
parse	common48	16	S	TW	CellOT	-0.03866269979979633	-0.03866269979979633	stable_order
parse	common48	16	S	PCA	RBF	-0.0026598281209311014	-0.0026598281209311014	stable_order
parse	common48	16	S	PCA	scGen	-0.04609458679990392	-0.04609458679990392	stable_order
parse	common48	16	S	PCA	CPA	0.10823992361891258	0.10823992361891258	stable_order
parse	common48	16	S	PCA	CellOT	-0.03867384365791434	-0.03867384365791434	stable_order
parse	common48	16	S	RBF	scGen	-0.04343475867897282	-0.04343475867897282	stable_order
parse	common48	16	S	RBF	CPA	0.11089975173984368	0.11089975173984368	stable_order
parse	common48	16	S	RBF	CellOT	-0.03601401553698324	-0.03601401553698324	stable_order
parse	common48	16	S	scGen	CPA	0.1543345104188165	0.1543345104188165	stable_order
parse	common48	16	S	scGen	CellOT	0.00742074314198958	0.00742074314198958	stable_order
parse	common48	16	S	CPA	CellOT	-0.14691376727682692	-0.14691376727682692	stable_order
parse	common48	16	M	NC	CM	0.005962008293568022	0.005962008293568022	stable_order
parse	common48	16	M	NC	TW	0.0018001330789600978	0.0018001330789600978	stable_order
parse	common48	16	M	NC	PCA	0.00181127693707811	0.00181127693707811	stable_order
parse	common48	16	M	NC	RBF	-0.0008485511838529913	-0.0008485511838529913	stable_order
parse	common48	16	M	NC	scGen	-0.04428330986283402	-0.04428330986282581	stable_order
parse	common48	16	M	NC	CPA	0.11005120055556414	0.11005120055599069	stable_order
parse	common48	16	M	NC	CellOT	-0.03686256672085271	-0.03686256672083623	stable_order
parse	common48	16	M	CM	TW	-0.004161875214607924	-0.004161875214607924	stable_order
parse	common48	16	M	CM	PCA	-0.004150731356489912	-0.004150731356489912	stable_order
parse	common48	16	M	CM	RBF	-0.006810559477421013	-0.006810559477421013	stable_order
parse	common48	16	M	CM	scGen	-0.05024531815640204	-0.05024531815639383	stable_order
parse	common48	16	M	CM	CPA	0.10408919226199612	0.10408919226242266	stable_order
parse	common48	16	M	CM	CellOT	-0.04282457501442073	-0.04282457501440425	stable_order
parse	common48	16	M	TW	PCA	1.1143858118012329e-05	1.1143858118012329e-05	stable_order
parse	common48	16	M	TW	RBF	-0.002648684262813089	-0.002648684262813089	stable_order
parse	common48	16	M	TW	scGen	-0.04608344294179412	-0.04608344294178591	stable_order
parse	common48	16	M	TW	CPA	0.10825106747660404	0.10825106747703059	stable_order
parse	common48	16	M	TW	CellOT	-0.03866269979981281	-0.03866269979979633	stable_order
parse	common48	16	M	PCA	RBF	-0.0026598281209311014	-0.0026598281209311014	stable_order
parse	common48	16	M	PCA	scGen	-0.04609458679991213	-0.04609458679990392	stable_order
parse	common48	16	M	PCA	CPA	0.10823992361848603	0.10823992361891258	stable_order
parse	common48	16	M	PCA	CellOT	-0.03867384365793082	-0.03867384365791434	stable_order
parse	common48	16	M	RBF	scGen	-0.04343475867898103	-0.04343475867897282	stable_order
parse	common48	16	M	RBF	CPA	0.11089975173941713	0.11089975173984368	stable_order
parse	common48	16	M	RBF	CellOT	-0.03601401553699972	-0.03601401553698324	stable_order
parse	common48	16	M	scGen	CPA	0.15433451041839816	0.1543345104188165	stable_order
parse	common48	16	M	scGen	CellOT	0.007420743141981313	0.00742074314198958	stable_order
parse	common48	16	M	CPA	CellOT	-0.14691376727641686	-0.14691376727682692	stable_order
parse	common48	16	P	NC	CM	0.005962008293568022	0.005962008293568022	stable_order
parse	common48	16	P	NC	TW	0.0018001330789600978	0.0018001330789600978	stable_order
parse	common48	16	P	NC	PCA	0.00181127693707811	0.00181127693707811	stable_order
parse	common48	16	P	NC	RBF	-0.0008485511838529913	-0.0008485511838529913	stable_order
parse	common48	16	P	NC	scGen	0.06439862096301346	-0.04428330986282581	reversal
parse	common48	16	P	NC	CPA	0.21670535662272083	0.11005120055599069	stable_order
parse	common48	16	P	NC	CellOT	0.07245066426908026	-0.03686256672083623	reversal
parse	common48	16	P	CM	TW	-0.004161875214607924	-0.004161875214607924	stable_order
parse	common48	16	P	CM	PCA	-0.004150731356489912	-0.004150731356489912	stable_order
parse	common48	16	P	CM	RBF	-0.006810559477421013	-0.006810559477421013	stable_order
parse	common48	16	P	CM	scGen	0.05843661266944544	-0.05024531815639383	reversal
parse	common48	16	P	CM	CPA	0.2107433483291528	0.10408919226242266	stable_order
parse	common48	16	P	CM	CellOT	0.06648865597551223	-0.04282457501440425	reversal
parse	common48	16	P	TW	PCA	1.1143858118012329e-05	1.1143858118012329e-05	stable_order
parse	common48	16	P	TW	RBF	-0.002648684262813089	-0.002648684262813089	stable_order
parse	common48	16	P	TW	scGen	0.06259848788405337	-0.04608344294178591	reversal
parse	common48	16	P	TW	CPA	0.21490522354376074	0.10825106747703059	stable_order
parse	common48	16	P	TW	CellOT	0.07065053119012016	-0.03866269979979633	reversal
parse	common48	16	P	PCA	RBF	-0.0026598281209311014	-0.0026598281209311014	stable_order
parse	common48	16	P	PCA	scGen	0.06258734402593535	-0.04609458679990392	reversal
parse	common48	16	P	PCA	CPA	0.21489407968564272	0.10823992361891258	stable_order
parse	common48	16	P	PCA	CellOT	0.07063938733200215	-0.03867384365791434	reversal
parse	common48	16	P	RBF	scGen	0.06524717214686646	-0.04343475867897282	reversal
parse	common48	16	P	RBF	CPA	0.21755390780657383	0.11089975173984368	stable_order
parse	common48	16	P	RBF	CellOT	0.07329921545293325	-0.03601401553698324	reversal
parse	common48	16	P	scGen	CPA	0.15230673565970737	0.1543345104188165	stable_order
parse	common48	16	P	scGen	CellOT	0.008052043306066792	0.00742074314198958	stable_order
parse	common48	16	P	CPA	CellOT	-0.14425469235364058	-0.14691376727682692	stable_order
parse	common48	16	O	NC	CM	0.005962008293568022	0.005962008293568022	stable_order
parse	common48	16	O	NC	TW	0.0018001330789600978	0.0018001330789600978	stable_order
parse	common48	16	O	NC	PCA	0.00181127693707811	0.00181127693707811	stable_order
parse	common48	16	O	NC	RBF	-0.0008485511838529913	-0.0008485511838529913	stable_order
parse	common48	16	O	NC	scGen	0.05026126115211017	-0.04428330986282581	reversal
parse	common48	16	O	NC	CPA	0.20662354632684082	0.11005120055599069	stable_order
parse	common48	16	O	NC	CellOT	0.057050704129845614	-0.03686256672083623	reversal
parse	common48	16	O	CM	TW	-0.004161875214607924	-0.004161875214607924	stable_order
parse	common48	16	O	CM	PCA	-0.004150731356489912	-0.004150731356489912	stable_order
parse	common48	16	O	CM	RBF	-0.006810559477421013	-0.006810559477421013	stable_order
parse	common48	16	O	CM	scGen	0.04429925285854215	-0.05024531815639383	reversal
parse	common48	16	O	CM	CPA	0.2006615380332728	0.10408919226242266	stable_order
parse	common48	16	O	CM	CellOT	0.05108869583627759	-0.04282457501440425	reversal
parse	common48	16	O	TW	PCA	1.1143858118012329e-05	1.1143858118012329e-05	stable_order
parse	common48	16	O	TW	RBF	-0.002648684262813089	-0.002648684262813089	stable_order
parse	common48	16	O	TW	scGen	0.048461128073150075	-0.04608344294178591	reversal
parse	common48	16	O	TW	CPA	0.20482341324788073	0.10825106747703059	stable_order
parse	common48	16	O	TW	CellOT	0.055250571050885516	-0.03866269979979633	reversal
parse	common48	16	O	PCA	RBF	-0.0026598281209311014	-0.0026598281209311014	stable_order
parse	common48	16	O	PCA	scGen	0.04844998421503206	-0.04609458679990392	reversal
parse	common48	16	O	PCA	CPA	0.2048122693897627	0.10823992361891258	stable_order
parse	common48	16	O	PCA	CellOT	0.055239427192767504	-0.03867384365791434	reversal
parse	common48	16	O	RBF	scGen	0.051109812335963165	-0.04343475867897282	reversal
parse	common48	16	O	RBF	CPA	0.20747209751069381	0.11089975173984368	stable_order
parse	common48	16	O	RBF	CellOT	0.057899255313698605	-0.03601401553698324	reversal
parse	common48	16	O	scGen	CPA	0.15636228517473066	0.1543345104188165	stable_order
parse	common48	16	O	scGen	CellOT	0.006789442977735441	0.00742074314198958	stable_order
parse	common48	16	O	CPA	CellOT	-0.1495728421969952	-0.14691376727682692	stable_order
parse	common48	16	D	NC	CM	0.005962008293568022	0.005962008293568022	stable_order
parse	common48	16	D	NC	TW	0.0018001330789600978	0.0018001330789600978	stable_order
parse	common48	16	D	NC	PCA	0.00181127693707811	0.00181127693707811	stable_order
parse	common48	16	D	NC	RBF	-0.0008485511838529913	-0.0008485511838529913	stable_order
parse	common48	16	D	NC	scGen	0.05732994105751578	-0.04428330986282581	reversal
parse	common48	16	D	NC	CPA	0.21166445147444424	0.11005120055599069	stable_order
parse	common48	16	D	NC	CellOT	0.06475068419940588	-0.03686256672083623	reversal
parse	common48	16	D	CM	TW	-0.004161875214607924	-0.004161875214607924	stable_order
parse	common48	16	D	CM	PCA	-0.004150731356489912	-0.004150731356489912	stable_order
parse	common48	16	D	CM	RBF	-0.006810559477421013	-0.006810559477421013	stable_order
parse	common48	16	D	CM	scGen	0.05136793276394776	-0.05024531815639383	reversal
parse	common48	16	D	CM	CPA	0.20570244318087622	0.10408919226242266	stable_order
parse	common48	16	D	CM	CellOT	0.05878867590583786	-0.04282457501440425	reversal
parse	common48	16	D	TW	PCA	1.1143858118012329e-05	1.1143858118012329e-05	stable_order
parse	common48	16	D	TW	RBF	-0.002648684262813089	-0.002648684262813089	stable_order
parse	common48	16	D	TW	scGen	0.05552980797855568	-0.04608344294178591	reversal
parse	common48	16	D	TW	CPA	0.20986431839548414	0.10825106747703059	stable_order
parse	common48	16	D	TW	CellOT	0.06295055112044579	-0.03866269979979633	reversal
parse	common48	16	D	PCA	RBF	-0.0026598281209311014	-0.0026598281209311014	stable_order
parse	common48	16	D	PCA	scGen	0.05551866412043767	-0.04609458679990392	reversal
parse	common48	16	D	PCA	CPA	0.20985317453736613	0.10823992361891258	stable_order
parse	common48	16	D	PCA	CellOT	0.06293940726232777	-0.03867384365791434	reversal
parse	common48	16	D	RBF	scGen	0.05817849224136877	-0.04343475867897282	reversal
parse	common48	16	D	RBF	CPA	0.21251300265829723	0.11089975173984368	stable_order
parse	common48	16	D	RBF	CellOT	0.06559923538325887	-0.03601401553698324	reversal
parse	common48	16	D	scGen	CPA	0.15433451041692847	0.1543345104188165	stable_order
parse	common48	16	D	scGen	CellOT	0.007420743141890104	0.00742074314198958	stable_order
parse	common48	16	D	CPA	CellOT	-0.14691376727503835	-0.14691376727682692	stable_order
parse	common48	24	S	NC	CM	0.005968207484773558	0.005968207484773558	stable_order
parse	common48	24	S	NC	TW	0.0018057048916887766	0.0018057048916887766	stable_order
parse	common48	24	S	NC	PCA	0.0018168483131638519	0.0018168483131638519	stable_order
parse	common48	24	S	NC	RBF	-0.0008471969885509509	-0.0008471969885509509	stable_order
parse	common48	24	S	NC	scGen	-0.028364130635811953	-0.028364130635811953	stable_order
parse	common48	24	S	NC	CPA	0.12567787303573486	0.12567787303573486	stable_order
parse	common48	24	S	NC	CellOT	-0.021288597199545865	-0.021288597199545865	stable_order
parse	common48	24	S	CM	TW	-0.004162502593084781	-0.004162502593084781	stable_order
parse	common48	24	S	CM	PCA	-0.004151359171609706	-0.004151359171609706	stable_order
parse	common48	24	S	CM	RBF	-0.006815404473324509	-0.006815404473324509	stable_order
parse	common48	24	S	CM	scGen	-0.03433233812058551	-0.03433233812058551	stable_order
parse	common48	24	S	CM	CPA	0.1197096655509613	0.1197096655509613	stable_order
parse	common48	24	S	CM	CellOT	-0.027256804684319423	-0.027256804684319423	stable_order
parse	common48	24	S	TW	PCA	1.1143421475075244e-05	1.1143421475075244e-05	stable_order
parse	common48	24	S	TW	RBF	-0.0026529018802397275	-0.0026529018802397275	stable_order
parse	common48	24	S	TW	scGen	-0.03016983552750073	-0.03016983552750073	stable_order
parse	common48	24	S	TW	CPA	0.12387216814404609	0.12387216814404609	stable_order
parse	common48	24	S	TW	CellOT	-0.023094302091234642	-0.023094302091234642	stable_order
parse	common48	24	S	PCA	RBF	-0.0026640453017148027	-0.0026640453017148027	stable_order
parse	common48	24	S	PCA	scGen	-0.030180978948975805	-0.030180978948975805	stable_order
parse	common48	24	S	PCA	CPA	0.123861024722571	0.123861024722571	stable_order
parse	common48	24	S	PCA	CellOT	-0.023105445512709717	-0.023105445512709717	stable_order
parse	common48	24	S	RBF	scGen	-0.027516933647261002	-0.027516933647261002	stable_order
parse	common48	24	S	RBF	CPA	0.1265250700242858	0.1265250700242858	stable_order
parse	common48	24	S	RBF	CellOT	-0.020441400210994914	-0.020441400210994914	stable_order
parse	common48	24	S	scGen	CPA	0.1540420036715468	0.1540420036715468	stable_order
parse	common48	24	S	scGen	CellOT	0.007075533436266088	0.007075533436266088	stable_order
parse	common48	24	S	CPA	CellOT	-0.14696647023528073	-0.14696647023528073	stable_order
parse	common48	24	M	NC	CM	0.005968207484773558	0.005968207484773558	stable_order
parse	common48	24	M	NC	TW	0.0018057048916887766	0.0018057048916887766	stable_order
parse	common48	24	M	NC	PCA	0.0018168483131638519	0.0018168483131638519	stable_order
parse	common48	24	M	NC	RBF	-0.0008471969885509578	-0.0008471969885509509	stable_order
parse	common48	24	M	NC	scGen	-0.028364130635762833	-0.028364130635811953	stable_order
parse	common48	24	M	NC	CPA	0.12567787303578926	0.12567787303573486	stable_order
parse	common48	24	M	NC	CellOT	-0.02128859719949612	-0.021288597199545865	stable_order
parse	common48	24	M	CM	TW	-0.004162502593084781	-0.004162502593084781	stable_order
parse	common48	24	M	CM	PCA	-0.004151359171609706	-0.004151359171609706	stable_order
parse	common48	24	M	CM	RBF	-0.006815404473324516	-0.006815404473324509	stable_order
parse	common48	24	M	CM	scGen	-0.03433233812053639	-0.03433233812058551	stable_order
parse	common48	24	M	CM	CPA	0.1197096655510157	0.1197096655509613	stable_order
parse	common48	24	M	CM	CellOT	-0.027256804684269678	-0.027256804684319423	stable_order
parse	common48	24	M	TW	PCA	1.1143421475075244e-05	1.1143421475075244e-05	stable_order
parse	common48	24	M	TW	RBF	-0.0026529018802397344	-0.0026529018802397275	stable_order
parse	common48	24	M	TW	scGen	-0.03016983552745161	-0.03016983552750073	stable_order
parse	common48	24	M	TW	CPA	0.12387216814410049	0.12387216814404609	stable_order
parse	common48	24	M	TW	CellOT	-0.023094302091184897	-0.023094302091234642	stable_order
parse	common48	24	M	PCA	RBF	-0.0026640453017148097	-0.0026640453017148027	stable_order
parse	common48	24	M	PCA	scGen	-0.030180978948926684	-0.030180978948975805	stable_order
parse	common48	24	M	PCA	CPA	0.1238610247226254	0.123861024722571	stable_order
parse	common48	24	M	PCA	CellOT	-0.023105445512659972	-0.023105445512709717	stable_order
parse	common48	24	M	RBF	scGen	-0.027516933647211875	-0.027516933647261002	stable_order
parse	common48	24	M	RBF	CPA	0.1265250700243402	0.1265250700242858	stable_order
parse	common48	24	M	RBF	CellOT	-0.020441400210945163	-0.020441400210994914	stable_order
parse	common48	24	M	scGen	CPA	0.15404200367155207	0.1540420036715468	stable_order
parse	common48	24	M	scGen	CellOT	0.007075533436266712	0.007075533436266088	stable_order
parse	common48	24	M	CPA	CellOT	-0.14696647023528536	-0.14696647023528073	stable_order
parse	common48	24	P	NC	CM	0.005968207484773558	0.005968207484773558	stable_order
parse	common48	24	P	NC	TW	0.0018057048916887766	0.0018057048916887766	stable_order
parse	common48	24	P	NC	PCA	0.0018168483131638519	0.0018168483131638519	stable_order
parse	common48	24	P	NC	RBF	-0.0008471969885509578	-0.0008471969885509509	stable_order
parse	common48	24	P	NC	scGen	0.04410045290188226	-0.028364130635811953	reversal
parse	common48	24	P	NC	CPA	0.19678539384928556	0.12567787303573486	stable_order
parse	common48	24	P	NC	CellOT	0.05159627298766402	-0.021288597199545865	reversal
parse	common48	24	P	CM	TW	-0.004162502593084781	-0.004162502593084781	stable_order
parse	common48	24	P	CM	PCA	-0.004151359171609706	-0.004151359171609706	stable_order
parse	common48	24	P	CM	RBF	-0.006815404473324516	-0.006815404473324509	stable_order
parse	common48	24	P	CM	scGen	0.038132245417108704	-0.03433233812058551	reversal
parse	common48	24	P	CM	CPA	0.190817186364512	0.1197096655509613	stable_order
parse	common48	24	P	CM	CellOT	0.04562806550289046	-0.027256804684319423	reversal
parse	common48	24	P	TW	PCA	1.1143421475075244e-05	1.1143421475075244e-05	stable_order
parse	common48	24	P	TW	RBF	-0.0026529018802397344	-0.0026529018802397275	stable_order
parse	common48	24	P	TW	scGen	0.042294748010193485	-0.03016983552750073	reversal
parse	common48	24	P	TW	CPA	0.1949796889575968	0.12387216814404609	stable_order
parse	common48	24	P	TW	CellOT	0.04979056809597524	-0.023094302091234642	reversal
parse	common48	24	P	PCA	RBF	-0.0026640453017148097	-0.0026640453017148027	stable_order
parse	common48	24	P	PCA	scGen	0.04228360458871841	-0.030180978948975805	reversal
parse	common48	24	P	PCA	CPA	0.1949685455361217	0.123861024722571	stable_order
parse	common48	24	P	PCA	CellOT	0.04977942467450017	-0.023105445512709717	reversal
parse	common48	24	P	RBF	scGen	0.04494764989043322	-0.027516933647261002	reversal
parse	common48	24	P	RBF	CPA	0.19763259083783652	0.1265250700242858	stable_order
parse	common48	24	P	RBF	CellOT	0.052443469976214976	-0.020441400210994914	reversal
parse	common48	24	P	scGen	CPA	0.1526849409474033	0.1540420036715468	stable_order
parse	common48	24	P	scGen	CellOT	0.007495820085781757	0.007075533436266088	stable_order
parse	common48	24	P	CPA	CellOT	-0.14518912086162156	-0.14696647023528073	stable_order
parse	common48	24	O	NC	CM	0.005968207484773558	0.005968207484773558	stable_order
parse	common48	24	O	NC	TW	0.0018057048916887766	0.0018057048916887766	stable_order
parse	common48	24	O	NC	PCA	0.0018168483131638519	0.0018168483131638519	stable_order
parse	common48	24	O	NC	RBF	-0.0008471969885509578	-0.0008471969885509509	stable_order
parse	common48	24	O	NC	scGen	0.03465788036999634	-0.028364130635811953	reversal
parse	common48	24	O	NC	CPA	0.19005694676523638	0.12567787303573486	stable_order
parse	common48	24	O	NC	CellOT	0.04131312715675005	-0.021288597199545865	reversal
parse	common48	24	O	CM	TW	-0.004162502593084781	-0.004162502593084781	stable_order
parse	common48	24	O	CM	PCA	-0.004151359171609706	-0.004151359171609706	stable_order
parse	common48	24	O	CM	RBF	-0.006815404473324516	-0.006815404473324509	stable_order
parse	common48	24	O	CM	scGen	0.028689672885222783	-0.03433233812058551	reversal
parse	common48	24	O	CM	CPA	0.18408873928046282	0.1197096655509613	stable_order
parse	common48	24	O	CM	CellOT	0.03534491967197649	-0.027256804684319423	reversal
parse	common48	24	O	TW	PCA	1.1143421475075244e-05	1.1143421475075244e-05	stable_order
parse	common48	24	O	TW	RBF	-0.0026529018802397344	-0.0026529018802397275	stable_order
parse	common48	24	O	TW	scGen	0.032852175478307565	-0.03016983552750073	reversal
parse	common48	24	O	TW	CPA	0.1882512418735476	0.12387216814404609	stable_order
parse	common48	24	O	TW	CellOT	0.03950742226506127	-0.023094302091234642	reversal
parse	common48	24	O	PCA	RBF	-0.0026640453017148097	-0.0026640453017148027	stable_order
parse	common48	24	O	PCA	scGen	0.03284103205683249	-0.030180978948975805	reversal
parse	common48	24	O	PCA	CPA	0.1882400984520725	0.123861024722571	stable_order
parse	common48	24	O	PCA	CellOT	0.0394962788435862	-0.023105445512709717	reversal
parse	common48	24	O	RBF	scGen	0.0355050773585473	-0.027516933647261002	reversal
parse	common48	24	O	RBF	CPA	0.19090414375378734	0.1265250700242858	stable_order
parse	common48	24	O	RBF	CellOT	0.042160324145301006	-0.020441400210994914	reversal
parse	common48	24	O	scGen	CPA	0.15539906639524004	0.1540420036715468	stable_order
parse	common48	24	O	scGen	CellOT	0.006655246786753707	0.007075533436266088	stable_order
parse	common48	24	O	CPA	CellOT	-0.14874381960848632	-0.14696647023528073	stable_order
parse	common48	24	D	NC	CM	0.005968207484773558	0.005968207484773558	stable_order
parse	common48	24	D	NC	TW	0.0018057048916887766	0.0018057048916887766	stable_order
parse	common48	24	D	NC	PCA	0.0018168483131638519	0.0018168483131638519	stable_order
parse	common48	24	D	NC	RBF	-0.0008471969885509578	-0.0008471969885509509	stable_order
parse	common48	24	D	NC	scGen	0.03937916663597078	-0.028364130635811953	reversal
parse	common48	24	D	NC	CPA	0.19342117030726655	0.12567787303573486	stable_order
parse	common48	24	D	NC	CellOT	0.04645470007223486	-0.021288597199545865	reversal
parse	common48	24	D	CM	TW	-0.004162502593084781	-0.004162502593084781	stable_order
parse	common48	24	D	CM	PCA	-0.004151359171609706	-0.004151359171609706	stable_order
parse	common48	24	D	CM	RBF	-0.006815404473324516	-0.006815404473324509	stable_order
parse	common48	24	D	CM	scGen	0.033410959151197225	-0.03433233812058551	reversal
parse	common48	24	D	CM	CPA	0.187452962822493	0.1197096655509613	stable_order
parse	common48	24	D	CM	CellOT	0.0404864925874613	-0.027256804684319423	reversal
parse	common48	24	D	TW	PCA	1.1143421475075244e-05	1.1143421475075244e-05	stable_order
parse	common48	24	D	TW	RBF	-0.0026529018802397344	-0.0026529018802397275	stable_order
parse	common48	24	D	TW	scGen	0.037573461744282007	-0.03016983552750073	reversal
parse	common48	24	D	TW	CPA	0.19161546541557778	0.12387216814404609	stable_order
parse	common48	24	D	TW	CellOT	0.04464899518054608	-0.023094302091234642	reversal
parse	common48	24	D	PCA	RBF	-0.0026640453017148097	-0.0026640453017148027	stable_order
parse	common48	24	D	PCA	scGen	0.03756231832280693	-0.030180978948975805	reversal
parse	common48	24	D	PCA	CPA	0.1916043219941027	0.123861024722571	stable_order
parse	common48	24	D	PCA	CellOT	0.04463785175907101	-0.023105445512709717	reversal
parse	common48	24	D	RBF	scGen	0.04022636362452174	-0.027516933647261002	reversal
parse	common48	24	D	RBF	CPA	0.1942683672958175	0.1265250700242858	stable_order
parse	common48	24	D	RBF	CellOT	0.047301897060785816	-0.020441400210994914	reversal
parse	common48	24	D	scGen	CPA	0.15404200367129578	0.1540420036715468	stable_order
parse	common48	24	D	scGen	CellOT	0.007075533436264075	0.007075533436266088	stable_order
parse	common48	24	D	CPA	CellOT	-0.14696647023503168	-0.14696647023528073	stable_order
parse	common48	32	S	NC	CM	0.005969923388071861	0.005969923388071861	stable_order
parse	common48	32	S	NC	TW	0.001806528093130172	0.001806528093130172	stable_order
parse	common48	32	S	NC	PCA	0.0018176683268360944	0.0018176683268360944	stable_order
parse	common48	32	S	NC	RBF	-0.000846857719525744	-0.000846857719525744	stable_order
parse	common48	32	S	NC	scGen	-0.020411618502297658	-0.020411618502297658	stable_order
parse	common48	32	S	NC	CPA	0.13348726388345444	0.13348726388345444	stable_order
parse	common48	32	S	NC	CellOT	-0.013511158435584224	-0.013511158435584224	stable_order
parse	common48	32	S	CM	TW	-0.004163395294941689	-0.004163395294941689	stable_order
parse	common48	32	S	CM	PCA	-0.004152255061235767	-0.004152255061235767	stable_order
parse	common48	32	S	CM	RBF	-0.006816781107597605	-0.006816781107597605	stable_order
parse	common48	32	S	CM	scGen	-0.02638154189036952	-0.02638154189036952	stable_order
parse	common48	32	S	CM	CPA	0.1275173404953826	0.1275173404953826	stable_order
parse	common48	32	S	CM	CellOT	-0.019481081823656085	-0.019481081823656085	stable_order
parse	common48	32	S	TW	PCA	1.1140233705922431e-05	1.1140233705922431e-05	stable_order
parse	common48	32	S	TW	RBF	-0.002653385812655916	-0.002653385812655916	stable_order
parse	common48	32	S	TW	scGen	-0.02221814659542783	-0.02221814659542783	stable_order
parse	common48	32	S	TW	CPA	0.13168073579032427	0.13168073579032427	stable_order
parse	common48	32	S	TW	CellOT	-0.015317686528714396	-0.015317686528714396	stable_order
parse	common48	32	S	PCA	RBF	-0.0026645260463618384	-0.0026645260463618384	stable_order
parse	common48	32	S	PCA	scGen	-0.022229286829133752	-0.022229286829133752	stable_order
parse	common48	32	S	PCA	CPA	0.13166959555661836	0.13166959555661836	stable_order
parse	common48	32	S	PCA	CellOT	-0.015328826762420318	-0.015328826762420318	stable_order
parse	common48	32	S	RBF	scGen	-0.019564760782771914	-0.019564760782771914	stable_order
parse	common48	32	S	RBF	CPA	0.1343341216029802	0.1343341216029802	stable_order
parse	common48	32	S	RBF	CellOT	-0.01266430071605848	-0.01266430071605848	stable_order
parse	common48	32	S	scGen	CPA	0.1538988823857521	0.1538988823857521	stable_order
parse	common48	32	S	scGen	CellOT	0.006900460066713434	0.006900460066713434	stable_order
parse	common48	32	S	CPA	CellOT	-0.14699842231903867	-0.14699842231903867	stable_order
parse	common48	32	M	NC	CM	0.005969923388071868	0.005969923388071861	stable_order
parse	common48	32	M	NC	TW	0.0018065280931301789	0.001806528093130172	stable_order
parse	common48	32	M	NC	PCA	0.0018176683268361013	0.0018176683268360944	stable_order
parse	common48	32	M	NC	RBF	-0.0008468577195257371	-0.000846857719525744	stable_order
parse	common48	32	M	NC	scGen	-0.020411618502321975	-0.020411618502297658	stable_order
parse	common48	32	M	NC	CPA	0.1334872638834993	0.13348726388345444	stable_order
parse	common48	32	M	NC	CellOT	-0.013511158435618904	-0.013511158435584224	stable_order
parse	common48	32	M	CM	TW	-0.004163395294941689	-0.004163395294941689	stable_order
parse	common48	32	M	CM	PCA	-0.004152255061235767	-0.004152255061235767	stable_order
parse	common48	32	M	CM	RBF	-0.006816781107597605	-0.006816781107597605	stable_order
parse	common48	32	M	CM	scGen	-0.026381541890393843	-0.02638154189036952	stable_order
parse	common48	32	M	CM	CPA	0.12751734049542746	0.1275173404953826	stable_order
parse	common48	32	M	CM	CellOT	-0.019481081823690773	-0.019481081823656085	stable_order
parse	common48	32	M	TW	PCA	1.1140233705922431e-05	1.1140233705922431e-05	stable_order
parse	common48	32	M	TW	RBF	-0.002653385812655916	-0.002653385812655916	stable_order
parse	common48	32	M	TW	scGen	-0.022218146595452154	-0.02221814659542783	stable_order
parse	common48	32	M	TW	CPA	0.13168073579036912	0.13168073579032427	stable_order
parse	common48	32	M	TW	CellOT	-0.015317686528749083	-0.015317686528714396	stable_order
parse	common48	32	M	PCA	RBF	-0.0026645260463618384	-0.0026645260463618384	stable_order
parse	common48	32	M	PCA	scGen	-0.022229286829158076	-0.022229286829133752	stable_order
parse	common48	32	M	PCA	CPA	0.13166959555666322	0.13166959555661836	stable_order
parse	common48	32	M	PCA	CellOT	-0.015328826762455006	-0.015328826762420318	stable_order
parse	common48	32	M	RBF	scGen	-0.019564760782796238	-0.019564760782771914	stable_order
parse	common48	32	M	RBF	CPA	0.13433412160302505	0.1343341216029802	stable_order
parse	common48	32	M	RBF	CellOT	-0.012664300716093167	-0.01266430071605848	stable_order
parse	common48	32	M	scGen	CPA	0.15389888238582128	0.1538988823857521	stable_order
parse	common48	32	M	scGen	CellOT	0.006900460066703071	0.006900460066713434	stable_order
parse	common48	32	M	CPA	CellOT	-0.14699842231911822	-0.14699842231903867	stable_order
parse	common48	32	P	NC	CM	0.005969923388071868	0.005969923388071861	stable_order
parse	common48	32	P	NC	TW	0.0018065280931301789	0.001806528093130172	stable_order
parse	common48	32	P	NC	PCA	0.0018176683268361013	0.0018176683268360944	stable_order
parse	common48	32	P	NC	RBF	-0.0008468577195257371	-0.000846857719525744	stable_order
parse	common48	32	P	NC	scGen	0.03394366691665883	-0.020411618502297658	reversal
parse	common48	32	P	NC	CPA	0.18682508294911443	0.13348726388345444	stable_order
parse	common48	32	P	NC	CellOT	0.04115873550117033	-0.013511158435584224	reversal
parse	common48	32	P	CM	TW	-0.004163395294941689	-0.004163395294941689	stable_order
parse	common48	32	P	CM	PCA	-0.004152255061235767	-0.004152255061235767	stable_order
parse	common48	32	P	CM	RBF	-0.006816781107597605	-0.006816781107597605	stable_order
parse	common48	32	P	CM	scGen	0.02797374352858696	-0.02638154189036952	reversal
parse	common48	32	P	CM	CPA	0.1808551595610426	0.1275173404953826	stable_order
parse	common48	32	P	CM	CellOT	0.03518881211309846	-0.019481081823656085	reversal
parse	common48	32	P	TW	PCA	1.1140233705922431e-05	1.1140233705922431e-05	stable_order
parse	common48	32	P	TW	RBF	-0.002653385812655916	-0.002653385812655916	stable_order
parse	common48	32	P	TW	scGen	0.03213713882352865	-0.02221814659542783	reversal
parse	common48	32	P	TW	CPA	0.18501855485598426	0.13168073579032427	stable_order
parse	common48	32	P	TW	CellOT	0.03935220740804015	-0.015317686528714396	reversal
parse	common48	32	P	PCA	RBF	-0.0026645260463618384	-0.0026645260463618384	stable_order
parse	common48	32	P	PCA	scGen	0.03212599858982273	-0.022229286829133752	reversal
parse	common48	32	P	PCA	CPA	0.18500741462227835	0.13166959555661836	stable_order
parse	common48	32	P	PCA	CellOT	0.03934106717433423	-0.015328826762420318	reversal
parse	common48	32	P	RBF	scGen	0.03479052463618457	-0.019564760782771914	reversal
parse	common48	32	P	RBF	CPA	0.18767194066864018	0.1343341216029802	stable_order
parse	common48	32	P	RBF	CellOT	0.042005593220696066	-0.01266430071605848	reversal
parse	common48	32	P	scGen	CPA	0.1528814160324556	0.1538988823857521	stable_order
parse	common48	32	P	scGen	CellOT	0.0072150685845115	0.006900460066713434	stable_order
parse	common48	32	P	CPA	CellOT	-0.1456663474479441	-0.14699842231903867	stable_order
parse	common48	32	O	NC	CM	0.005969923388071854	0.005969923388071861	stable_order
parse	common48	32	O	NC	TW	0.001806528093130165	0.001806528093130172	stable_order
parse	common48	32	O	NC	PCA	0.0018176683268360874	0.0018176683268360944	stable_order
parse	common48	32	O	NC	RBF	-0.000846857719525751	-0.000846857719525744	stable_order
parse	common48	32	O	NC	scGen	0.02686049966077042	-0.020411618502297658	reversal
parse	common48	32	O	NC	CPA	0.1817768484002575	0.13348726388345444	stable_order
parse	common48	32	O	NC	CellOT	0.03344635120968108	-0.013511158435584224	reversal
parse	common48	32	O	CM	TW	-0.004163395294941689	-0.004163395294941689	stable_order
parse	common48	32	O	CM	PCA	-0.004152255061235767	-0.004152255061235767	stable_order
parse	common48	32	O	CM	RBF	-0.006816781107597605	-0.006816781107597605	stable_order
parse	common48	32	O	CM	scGen	0.020890576272698566	-0.02638154189036952	reversal
parse	common48	32	O	CM	CPA	0.17580692501218564	0.1275173404953826	stable_order
parse	common48	32	O	CM	CellOT	0.027476427821609223	-0.019481081823656085	reversal
parse	common48	32	O	TW	PCA	1.1140233705922431e-05	1.1140233705922431e-05	stable_order
parse	common48	32	O	TW	RBF	-0.002653385812655916	-0.002653385812655916	stable_order
parse	common48	32	O	TW	scGen	0.025053971567640256	-0.02221814659542783	reversal
parse	common48	32	O	TW	CPA	0.17997032030712734	0.13168073579032427	stable_order
parse	common48	32	O	TW	CellOT	0.03163982311655091	-0.015317686528714396	reversal
parse	common48	32	O	PCA	RBF	-0.0026645260463618384	-0.0026645260463618384	stable_order
parse	common48	32	O	PCA	scGen	0.025042831333934333	-0.022229286829133752	reversal
parse	common48	32	O	PCA	CPA	0.17995918007342143	0.13166959555661836	stable_order
parse	common48	32	O	PCA	CellOT	0.03162868288284499	-0.015328826762420318	reversal
parse	common48	32	O	RBF	scGen	0.02770735738029617	-0.019564760782771914	reversal
parse	common48	32	O	RBF	CPA	0.18262370611978326	0.1343341216029802	stable_order
parse	common48	32	O	RBF	CellOT	0.03429320892920683	-0.01266430071605848	reversal
parse	common48	32	O	scGen	CPA	0.1549163487394871	0.1538988823857521	stable_order
parse	common48	32	O	scGen	CellOT	0.006585851548910657	0.006900460066713434	stable_order
parse	common48	32	O	CPA	CellOT	-0.14833049719057645	-0.14699842231903867	stable_order
parse	common48	32	D	NC	CM	0.005969923388071868	0.005969923388071861	stable_order
parse	common48	32	D	NC	TW	0.0018065280931301789	0.001806528093130172	stable_order
parse	common48	32	D	NC	PCA	0.0018176683268361013	0.0018176683268360944	stable_order
parse	common48	32	D	NC	RBF	-0.0008468577195257371	-0.000846857719525744	stable_order
parse	common48	32	D	NC	scGen	0.030402083288700754	-0.020411618502297658	reversal
parse	common48	32	D	NC	CPA	0.1843009656747011	0.13348726388345444	stable_order
parse	common48	32	D	NC	CellOT	0.037302543355412734	-0.013511158435584224	reversal
parse	common48	32	D	CM	TW	-0.004163395294941689	-0.004163395294941689	stable_order
parse	common48	32	D	CM	PCA	-0.004152255061235767	-0.004152255061235767	stable_order
parse	common48	32	D	CM	RBF	-0.006816781107597605	-0.006816781107597605	stable_order
parse	common48	32	D	CM	scGen	0.024432159900628886	-0.02638154189036952	reversal
parse	common48	32	D	CM	CPA	0.17833104228662927	0.1275173404953826	stable_order
parse	common48	32	D	CM	CellOT	0.031332619967340866	-0.019481081823656085	reversal
parse	common48	32	D	TW	PCA	1.1140233705922431e-05	1.1140233705922431e-05	stable_order
parse	common48	32	D	TW	RBF	-0.002653385812655916	-0.002653385812655916	stable_order
parse	common48	32	D	TW	scGen	0.028595555195570575	-0.02221814659542783	reversal
parse	common48	32	D	TW	CPA	0.18249443758157094	0.13168073579032427	stable_order
parse	common48	32	D	TW	CellOT	0.035496015262282556	-0.015317686528714396	reversal
parse	common48	32	D	PCA	RBF	-0.0026645260463618384	-0.0026645260463618384	stable_order
parse	common48	32	D	PCA	scGen	0.028584414961864653	-0.022229286829133752	reversal
parse	common48	32	D	PCA	CPA	0.18248329734786503	0.13166959555661836	stable_order
parse	common48	32	D	PCA	CellOT	0.03548487502857663	-0.015328826762420318	reversal
parse	common48	32	D	RBF	scGen	0.03124894100822649	-0.019564760782771914	reversal
parse	common48	32	D	RBF	CPA	0.18514782339422686	0.1343341216029802	stable_order
parse	common48	32	D	RBF	CellOT	0.03814940107493847	-0.01266430071605848	reversal
parse	common48	32	D	scGen	CPA	0.15389888238600036	0.1538988823857521	stable_order
parse	common48	32	D	scGen	CellOT	0.00690046006671198	0.006900460066713434	stable_order
parse	common48	32	D	CPA	CellOT	-0.1469984223192884	-0.14699842231903867	stable_order
parse	common48	40	S	NC	CM	0.005969978666023092	0.005969978666023092	stable_order
parse	common48	40	S	NC	TW	0.001806394894323958	0.001806394894323958	stable_order
parse	common48	40	S	NC	PCA	0.0018175336330023759	0.0018175336330023759	stable_order
parse	common48	40	S	NC	RBF	-0.0008468576904372624	-0.0008468576904372624	stable_order
parse	common48	40	S	NC	scGen	-0.01564087687127564	-0.01564087687127564	stable_order
parse	common48	40	S	NC	CPA	0.13816553822806282	0.13816553822806282	stable_order
parse	common48	40	S	NC	CellOT	-0.008845485259153942	-0.008845485259153942	stable_order
parse	common48	40	S	CM	TW	-0.004163583771699134	-0.004163583771699134	stable_order
parse	common48	40	S	CM	PCA	-0.004152445033020716	-0.004152445033020716	stable_order
parse	common48	40	S	CM	RBF	-0.006816836356460354	-0.006816836356460354	stable_order
parse	common48	40	S	CM	scGen	-0.02161085553729873	-0.02161085553729873	stable_order
parse	common48	40	S	CM	CPA	0.13219555956203974	0.13219555956203974	stable_order
parse	common48	40	S	CM	CellOT	-0.014815463925177033	-0.014815463925177033	stable_order
parse	common48	40	S	TW	PCA	1.1138738678417859e-05	1.1138738678417859e-05	stable_order
parse	common48	40	S	TW	RBF	-0.0026532525847612204	-0.0026532525847612204	stable_order
parse	common48	40	S	TW	scGen	-0.017447271765599598	-0.017447271765599598	stable_order
parse	common48	40	S	TW	CPA	0.13635914333373889	0.13635914333373889	stable_order
parse	common48	40	S	TW	CellOT	-0.0106518801534779	-0.0106518801534779	stable_order
parse	common48	40	S	PCA	RBF	-0.0026643913234396382	-0.0026643913234396382	stable_order
parse	common48	40	S	PCA	scGen	-0.017458410504278016	-0.017458410504278016	stable_order
parse	common48	40	S	PCA	CPA	0.13634800459506047	0.13634800459506047	stable_order
parse	common48	40	S	PCA	CellOT	-0.010663018892156317	-0.010663018892156317	stable_order
parse	common48	40	S	RBF	scGen	-0.014794019180838378	-0.014794019180838378	stable_order
parse	common48	40	S	RBF	CPA	0.1390123959185001	0.1390123959185001	stable_order
parse	common48	40	S	RBF	CellOT	-0.007998627568716679	-0.007998627568716679	stable_order
parse	common48	40	S	scGen	CPA	0.15380641509933848	0.15380641509933848	stable_order
parse	common48	40	S	scGen	CellOT	0.006795391612121698	0.006795391612121698	stable_order
parse	common48	40	S	CPA	CellOT	-0.14701102348721679	-0.14701102348721679	stable_order
parse	common48	40	M	NC	CM	0.005969978666023099	0.005969978666023092	stable_order
parse	common48	40	M	NC	TW	0.001806394894323958	0.001806394894323958	stable_order
parse	common48	40	M	NC	PCA	0.0018175336330023759	0.0018175336330023759	stable_order
parse	common48	40	M	NC	RBF	-0.0008468576904372624	-0.0008468576904372624	stable_order
parse	common48	40	M	NC	scGen	-0.01564087687121652	-0.01564087687127564	stable_order
parse	common48	40	M	NC	CPA	0.13816553822803396	0.13816553822806282	stable_order
parse	common48	40	M	NC	CellOT	-0.00884548525911201	-0.008845485259153942	stable_order
parse	common48	40	M	CM	TW	-0.004163583771699141	-0.004163583771699134	stable_order
parse	common48	40	M	CM	PCA	-0.004152445033020723	-0.004152445033020716	stable_order
parse	common48	40	M	CM	RBF	-0.006816836356460361	-0.006816836356460354	stable_order
parse	common48	40	M	CM	scGen	-0.02161085553723962	-0.02161085553729873	stable_order
parse	common48	40	M	CM	CPA	0.13219555956201084	0.13219555956203974	stable_order
parse	common48	40	M	CM	CellOT	-0.014815463925135108	-0.014815463925177033	stable_order
parse	common48	40	M	TW	PCA	1.1138738678417859e-05	1.1138738678417859e-05	stable_order
parse	common48	40	M	TW	RBF	-0.0026532525847612204	-0.0026532525847612204	stable_order
parse	common48	40	M	TW	scGen	-0.01744727176554048	-0.017447271765599598	stable_order
parse	common48	40	M	TW	CPA	0.13635914333371	0.13635914333373889	stable_order
parse	common48	40	M	TW	CellOT	-0.010651880153435968	-0.0106518801534779	stable_order
parse	common48	40	M	PCA	RBF	-0.0026643913234396382	-0.0026643913234396382	stable_order
parse	common48	40	M	PCA	scGen	-0.017458410504218896	-0.017458410504278016	stable_order
parse	common48	40	M	PCA	CPA	0.13634800459503157	0.13634800459506047	stable_order
parse	common48	40	M	PCA	CellOT	-0.010663018892114386	-0.010663018892156317	stable_order
parse	common48	40	M	RBF	scGen	-0.014794019180779258	-0.014794019180838378	stable_order
parse	common48	40	M	RBF	CPA	0.1390123959184712	0.1390123959185001	stable_order
parse	common48	40	M	RBF	CellOT	-0.007998627568674747	-0.007998627568716679	stable_order
parse	common48	40	M	scGen	CPA	0.15380641509925047	0.15380641509933848	stable_order
parse	common48	40	M	scGen	CellOT	0.006795391612104511	0.006795391612121698	stable_order
parse	common48	40	M	CPA	CellOT	-0.14701102348714595	-0.14701102348721679	stable_order
parse	common48	40	P	NC	CM	0.005969978666023099	0.005969978666023092	stable_order
parse	common48	40	P	NC	TW	0.001806394894323958	0.001806394894323958	stable_order
parse	common48	40	P	NC	PCA	0.0018175336330023759	0.0018175336330023759	stable_order
parse	common48	40	P	NC	RBF	-0.0008468576904372624	-0.0008468576904372624	stable_order
parse	common48	40	P	NC	scGen	0.02784404536795232	-0.01564087687127564	reversal
parse	common48	40	P	NC	CPA	0.18084013675132848	0.13816553822806282	stable_order
parse	common48	40	P	NC	CellOT	0.034890364720869496	-0.008845485259153942	reversal
parse	common48	40	P	CM	TW	-0.004163583771699141	-0.004163583771699134	stable_order
parse	common48	40	P	CM	PCA	-0.004152445033020723	-0.004152445033020716	stable_order
parse	common48	40	P	CM	RBF	-0.006816836356460361	-0.006816836356460354	stable_order
parse	common48	40	P	CM	scGen	0.02187406670192922	-0.02161085553729873	reversal
parse	common48	40	P	CM	CPA	0.1748701580853054	0.13219555956203974	stable_order
parse	common48	40	P	CM	CellOT	0.028920386054846398	-0.014815463925177033	reversal
parse	common48	40	P	TW	PCA	1.1138738678417859e-05	1.1138738678417859e-05	stable_order
parse	common48	40	P	TW	RBF	-0.0026532525847612204	-0.0026532525847612204	stable_order
parse	common48	40	P	TW	scGen	0.02603765047362836	-0.017447271765599598	reversal
parse	common48	40	P	TW	CPA	0.17903374185700455	0.13635914333373889	stable_order
parse	common48	40	P	TW	CellOT	0.03308396982654554	-0.0106518801534779	reversal
parse	common48	40	P	PCA	RBF	-0.0026643913234396382	-0.0026643913234396382	stable_order
parse	common48	40	P	PCA	scGen	0.026026511734949943	-0.017458410504278016	reversal
parse	common48	40	P	PCA	CPA	0.17902260311832613	0.13634800459506047	stable_order
parse	common48	40	P	PCA	CellOT	0.03307283108786712	-0.010663018892156317	reversal
parse	common48	40	P	RBF	scGen	0.02869090305838958	-0.014794019180838378	reversal
parse	common48	40	P	RBF	CPA	0.18168699444176575	0.1390123959185001	stable_order
parse	common48	40	P	RBF	CellOT	0.03573722241130676	-0.007998627568716679	reversal
parse	common48	40	P	scGen	CPA	0.15299609138337616	0.15380641509933848	stable_order
parse	common48	40	P	scGen	CellOT	0.007046319352917177	0.006795391612121698	stable_order
parse	common48	40	P	CPA	CellOT	-0.145949772030459	-0.14701102348721679	stable_order
parse	common48	40	O	NC	CM	0.005969978666023092	0.005969978666023092	stable_order
parse	common48	40	O	NC	TW	0.001806394894323951	0.001806394894323958	stable_order
parse	common48	40	O	NC	PCA	0.001817533633002369	0.0018175336330023759	stable_order
parse	common48	40	O	NC	RBF	-0.0008468576904372693	-0.0008468576904372624	stable_order
parse	common48	40	O	NC	scGen	0.022178809077314808	-0.01564087687127564	reversal
parse	common48	40	O	NC	CPA	0.1767955478927497	0.13816553822806282	stable_order
parse	common48	40	O	NC	CellOT	0.028723272948607916	-0.008845485259153942	reversal
parse	common48	40	O	CM	TW	-0.004163583771699141	-0.004163583771699134	stable_order
parse	common48	40	O	CM	PCA	-0.004152445033020723	-0.004152445033020716	stable_order
parse	common48	40	O	CM	RBF	-0.006816836356460361	-0.006816836356460354	stable_order
parse	common48	40	O	CM	scGen	0.016208830411291716	-0.02161085553729873	reversal
parse	common48	40	O	CM	CPA	0.17082556922672662	0.13219555956203974	stable_order
parse	common48	40	O	CM	CellOT	0.022753294282584824	-0.014815463925177033	reversal
parse	common48	40	O	TW	PCA	1.1138738678417859e-05	1.1138738678417859e-05	stable_order
parse	common48	40	O	TW	RBF	-0.0026532525847612204	-0.0026532525847612204	stable_order
parse	common48	40	O	TW	scGen	0.020372414182990857	-0.017447271765599598	reversal
parse	common48	40	O	TW	CPA	0.17498915299842577	0.13635914333373889	stable_order
parse	common48	40	O	TW	CellOT	0.026916878054283964	-0.0106518801534779	reversal
parse	common48	40	O	PCA	RBF	-0.0026643913234396382	-0.0026643913234396382	stable_order
parse	common48	40	O	PCA	scGen	0.02036127544431244	-0.017458410504278016	reversal
parse	common48	40	O	PCA	CPA	0.17497801425974735	0.13634800459506047	stable_order
parse	common48	40	O	PCA	CellOT	0.026905739315605547	-0.010663018892156317	reversal
parse	common48	40	O	RBF	scGen	0.023025666767752077	-0.014794019180838378	reversal
parse	common48	40	O	RBF	CPA	0.17764240558318697	0.1390123959185001	stable_order
parse	common48	40	O	RBF	CellOT	0.029570130639045185	-0.007998627568716679	reversal
parse	common48	40	O	scGen	CPA	0.15461673881543492	0.15380641509933848	stable_order
parse	common48	40	O	scGen	CellOT	0.0065444638712931075	0.006795391612121698	stable_order
parse	common48	40	O	CPA	CellOT	-0.1480722749441418	-0.14701102348721679	stable_order
parse	common48	40	D	NC	CM	0.005969978666023099	0.005969978666023092	stable_order
parse	common48	40	D	NC	TW	0.001806394894323958	0.001806394894323958	stable_order
parse	common48	40	D	NC	PCA	0.0018175336330023759	0.0018175336330023759	stable_order
parse	common48	40	D	NC	RBF	-0.0008468576904372624	-0.0008468576904372624	stable_order
parse	common48	40	D	NC	scGen	0.025011427222662398	-0.01564087687127564	reversal
parse	common48	40	D	NC	CPA	0.1788178423220143	0.13816553822806282	stable_order
parse	common48	40	D	NC	CellOT	0.031806818834764966	-0.008845485259153942	reversal
parse	common48	40	D	CM	TW	-0.004163583771699141	-0.004163583771699134	stable_order
parse	common48	40	D	CM	PCA	-0.004152445033020723	-0.004152445033020716	stable_order
parse	common48	40	D	CM	RBF	-0.006816836356460361	-0.006816836356460354	stable_order
parse	common48	40	D	CM	scGen	0.0190414485566393	-0.02161085553729873	reversal
parse	common48	40	D	CM	CPA	0.1728478636559912	0.13219555956203974	stable_order
parse	common48	40	D	CM	CellOT	0.025836840168741868	-0.014815463925177033	reversal
parse	common48	40	D	TW	PCA	1.1138738678417859e-05	1.1138738678417859e-05	stable_order
parse	common48	40	D	TW	RBF	-0.0026532525847612204	-0.0026532525847612204	stable_order
parse	common48	40	D	TW	scGen	0.02320503232833844	-0.017447271765599598	reversal
parse	common48	40	D	TW	CPA	0.17701144742769034	0.13635914333373889	stable_order
parse	common48	40	D	TW	CellOT	0.030000423940441008	-0.0106518801534779	reversal
parse	common48	40	D	PCA	RBF	-0.0026643913234396382	-0.0026643913234396382	stable_order
parse	common48	40	D	PCA	scGen	0.023193893589660022	-0.017458410504278016	reversal
parse	common48	40	D	PCA	CPA	0.17700030868901193	0.13634800459506047	stable_order
parse	common48	40	D	PCA	CellOT	0.02998928520176259	-0.010663018892156317	reversal
parse	common48	40	D	RBF	scGen	0.02585828491309966	-0.014794019180838378	reversal
parse	common48	40	D	RBF	CPA	0.17966470001245155	0.1390123959185001	stable_order
parse	common48	40	D	RBF	CellOT	0.03265367652520223	-0.007998627568716679	reversal
parse	common48	40	D	scGen	CPA	0.1538064150993519	0.15380641509933848	stable_order
parse	common48	40	D	scGen	CellOT	0.006795391612102568	0.006795391612121698	stable_order
parse	common48	40	D	CPA	CellOT	-0.14701102348724931	-0.14701102348721679	stable_order
parse	common48	48	S	NC	CM	0.005970324501939683	0.005970324501939683	stable_order
parse	common48	48	S	NC	TW	0.0018070625842763963	0.0018070625842763963	stable_order
parse	common48	48	S	NC	PCA	0.0018181994309425381	0.0018181994309425381	stable_order
parse	common48	48	S	NC	RBF	-0.0008467576477624757	-0.0008467576477624757	stable_order
parse	common48	48	S	NC	scGen	-0.012458721247527997	-0.012458721247527997	stable_order
parse	common48	48	S	NC	CPA	0.1412892680226328	0.1412892680226328	stable_order
parse	common48	48	S	NC	CellOT	-0.005733150018239944	-0.005733150018239944	stable_order
parse	common48	48	S	CM	TW	-0.004163261917663287	-0.004163261917663287	stable_order
parse	common48	48	S	CM	PCA	-0.004152125070997145	-0.004152125070997145	stable_order
parse	common48	48	S	CM	RBF	-0.006817082149702159	-0.006817082149702159	stable_order
parse	common48	48	S	CM	scGen	-0.01842904574946768	-0.01842904574946768	stable_order
parse	common48	48	S	CM	CPA	0.13531894352069312	0.13531894352069312	stable_order
parse	common48	48	S	CM	CellOT	-0.011703474520179627	-0.011703474520179627	stable_order
parse	common48	48	S	TW	PCA	1.1136846666141842e-05	1.1136846666141842e-05	stable_order
parse	common48	48	S	TW	RBF	-0.002653820232038872	-0.002653820232038872	stable_order
parse	common48	48	S	TW	scGen	-0.014265783831804393	-0.014265783831804393	stable_order
parse	common48	48	S	TW	CPA	0.1394822054383564	0.1394822054383564	stable_order
parse	common48	48	S	TW	CellOT	-0.00754021260251634	-0.00754021260251634	stable_order
parse	common48	48	S	PCA	RBF	-0.0026649570787050138	-0.0026649570787050138	stable_order
parse	common48	48	S	PCA	scGen	-0.014276920678470535	-0.014276920678470535	stable_order
parse	common48	48	S	PCA	CPA	0.13947106859169026	0.13947106859169026	stable_order
parse	common48	48	S	PCA	CellOT	-0.007551349449182482	-0.007551349449182482	stable_order
parse	common48	48	S	RBF	scGen	-0.011611963599765521	-0.011611963599765521	stable_order
parse	common48	48	S	RBF	CPA	0.14213602567039527	0.14213602567039527	stable_order
parse	common48	48	S	RBF	CellOT	-0.004886392370477468	-0.004886392370477468	stable_order
parse	common48	48	S	scGen	CPA	0.15374798927016078	0.15374798927016078	stable_order
parse	common48	48	S	scGen	CellOT	0.0067255712292880535	0.0067255712292880535	stable_order
parse	common48	48	S	CPA	CellOT	-0.14702241804087274	-0.14702241804087274	stable_order
parse	common48	48	M	NC	CM	0.005970324501939683	0.005970324501939683	stable_order
parse	common48	48	M	NC	TW	0.0018070625842764032	0.0018070625842763963	stable_order
parse	common48	48	M	NC	PCA	0.0018181994309425381	0.0018181994309425381	stable_order
parse	common48	48	M	NC	RBF	-0.0008467576477624757	-0.0008467576477624757	stable_order
parse	common48	48	M	NC	scGen	-0.012458721247528077	-0.012458721247527997	stable_order
parse	common48	48	M	NC	CPA	0.14128926802267278	0.1412892680226328	stable_order
parse	common48	48	M	NC	CellOT	-0.005733150018237043	-0.005733150018239944	stable_order
parse	common48	48	M	CM	TW	-0.00416326191766328	-0.004163261917663287	stable_order
parse	common48	48	M	CM	PCA	-0.004152125070997145	-0.004152125070997145	stable_order
parse	common48	48	M	CM	RBF	-0.006817082149702159	-0.006817082149702159	stable_order
parse	common48	48	M	CM	scGen	-0.01842904574946776	-0.01842904574946768	stable_order
parse	common48	48	M	CM	CPA	0.1353189435207331	0.13531894352069312	stable_order
parse	common48	48	M	CM	CellOT	-0.011703474520176727	-0.011703474520179627	stable_order
parse	common48	48	M	TW	PCA	1.1136846666134903e-05	1.1136846666141842e-05	stable_order
parse	common48	48	M	TW	RBF	-0.002653820232038879	-0.002653820232038872	stable_order
parse	common48	48	M	TW	scGen	-0.01426578383180448	-0.014265783831804393	stable_order
parse	common48	48	M	TW	CPA	0.1394822054383964	0.1394822054383564	stable_order
parse	common48	48	M	TW	CellOT	-0.007540212602513446	-0.00754021260251634	stable_order
parse	common48	48	M	PCA	RBF	-0.0026649570787050138	-0.0026649570787050138	stable_order
parse	common48	48	M	PCA	scGen	-0.014276920678470615	-0.014276920678470535	stable_order
parse	common48	48	M	PCA	CPA	0.13947106859173025	0.13947106859169026	stable_order
parse	common48	48	M	PCA	CellOT	-0.007551349449179581	-0.007551349449182482	stable_order
parse	common48	48	M	RBF	scGen	-0.011611963599765601	-0.011611963599765521	stable_order
parse	common48	48	M	RBF	CPA	0.14213602567043526	0.14213602567039527	stable_order
parse	common48	48	M	RBF	CellOT	-0.0048863923704745675	-0.004886392370477468	stable_order
parse	common48	48	M	scGen	CPA	0.15374798927020086	0.15374798927016078	stable_order
parse	common48	48	M	scGen	CellOT	0.006725571229291034	0.0067255712292880535	stable_order
parse	common48	48	M	CPA	CellOT	-0.14702241804090982	-0.14702241804087274	stable_order
parse	common48	48	P	NC	CM	0.005970324501939683	0.005970324501939683	stable_order
parse	common48	48	P	NC	TW	0.0018070625842764032	0.0018070625842763963	stable_order
parse	common48	48	P	NC	PCA	0.0018181994309425381	0.0018181994309425381	stable_order
parse	common48	48	P	NC	RBF	-0.0008467576477624757	-0.0008467576477624757	stable_order
parse	common48	48	P	NC	scGen	0.023782284281691976	-0.012458721247527997	reversal
parse	common48	48	P	NC	CPA	0.17685381047134957	0.1412892680226328	stable_order
parse	common48	48	P	NC	CellOT	0.030717323556435548	-0.005733150018239944	reversal
parse	common48	48	P	CM	TW	-0.00416326191766328	-0.004163261917663287	stable_order
parse	common48	48	P	CM	PCA	-0.004152125070997145	-0.004152125070997145	stable_order
parse	common48	48	P	CM	RBF	-0.006817082149702159	-0.006817082149702159	stable_order
parse	common48	48	P	CM	scGen	0.017811959779752293	-0.01842904574946768	reversal
parse	common48	48	P	CM	CPA	0.1708834859694099	0.13531894352069312	stable_order
parse	common48	48	P	CM	CellOT	0.024746999054495865	-0.011703474520179627	reversal
parse	common48	48	P	TW	PCA	1.1136846666134903e-05	1.1136846666141842e-05	stable_order
parse	common48	48	P	TW	RBF	-0.002653820232038879	-0.002653820232038872	stable_order
parse	common48	48	P	TW	scGen	0.021975221697415573	-0.014265783831804393	reversal
parse	common48	48	P	TW	CPA	0.17504674788707314	0.1394822054383564	stable_order
parse	common48	48	P	TW	CellOT	0.028910260972159145	-0.00754021260251634	reversal
parse	common48	48	P	PCA	RBF	-0.0026649570787050138	-0.0026649570787050138	stable_order
parse	common48	48	P	PCA	scGen	0.021964084850749438	-0.014276920678470535	reversal
parse	common48	48	P	PCA	CPA	0.17503561104040702	0.13947106859169026	stable_order
parse	common48	48	P	PCA	CellOT	0.02889912412549301	-0.007551349449182482	reversal
parse	common48	48	P	RBF	scGen	0.02462904192945445	-0.011611963599765521	reversal
parse	common48	48	P	RBF	CPA	0.17770056811911203	0.14213602567039527	stable_order
parse	common48	48	P	RBF	CellOT	0.03156408120419803	-0.004886392370477468	reversal
parse	common48	48	P	scGen	CPA	0.15307152618965758	0.15374798927016078	stable_order
parse	common48	48	P	scGen	CellOT	0.006935039274743572	0.0067255712292880535	stable_order
parse	common48	48	P	CPA	CellOT	-0.14613648691491402	-0.14702241804087274	stable_order
parse	common48	48	O	NC	CM	0.005970324501939683	0.005970324501939683	stable_order
parse	common48	48	O	NC	TW	0.0018070625842764032	0.0018070625842763963	stable_order
parse	common48	48	O	NC	PCA	0.0018181994309425381	0.0018181994309425381	stable_order
parse	common48	48	O	NC	RBF	-0.0008467576477624757	-0.0008467576477624757	stable_order
parse	common48	48	O	NC	scGen	0.019059554752720496	-0.012458721247527997	reversal
parse	common48	48	O	NC	CPA	0.17348400710354073	0.1412892680226328	stable_order
parse	common48	48	O	NC	CellOT	0.025575657936565764	-0.005733150018239944	reversal
parse	common48	48	O	CM	TW	-0.00416326191766328	-0.004163261917663287	stable_order
parse	common48	48	O	CM	PCA	-0.004152125070997145	-0.004152125070997145	stable_order
parse	common48	48	O	CM	RBF	-0.006817082149702159	-0.006817082149702159	stable_order
parse	common48	48	O	CM	scGen	0.013089230250780813	-0.01842904574946768	reversal
parse	common48	48	O	CM	CPA	0.16751368260160104	0.13531894352069312	stable_order
parse	common48	48	O	CM	CellOT	0.01960533343462608	-0.011703474520179627	reversal
parse	common48	48	O	TW	PCA	1.1136846666134903e-05	1.1136846666141842e-05	stable_order
parse	common48	48	O	TW	RBF	-0.002653820232038879	-0.002653820232038872	stable_order
parse	common48	48	O	TW	scGen	0.017252492168444093	-0.014265783831804393	reversal
parse	common48	48	O	TW	CPA	0.17167694451926435	0.1394822054383564	stable_order
parse	common48	48	O	TW	CellOT	0.02376859535228936	-0.00754021260251634	reversal
parse	common48	48	O	PCA	RBF	-0.0026649570787050138	-0.0026649570787050138	stable_order
parse	common48	48	O	PCA	scGen	0.01724135532177796	-0.014276920678470535	reversal
parse	common48	48	O	PCA	CPA	0.1716658076725982	0.13947106859169026	stable_order
parse	common48	48	O	PCA	CellOT	0.023757458505623226	-0.007551349449182482	reversal
parse	common48	48	O	RBF	scGen	0.019906312400482972	-0.011611963599765521	reversal
parse	common48	48	O	RBF	CPA	0.1743307647513032	0.14213602567039527	stable_order
parse	common48	48	O	RBF	CellOT	0.02642241558432824	-0.004886392370477468	reversal
parse	common48	48	O	scGen	CPA	0.15442445235082025	0.15374798927016078	stable_order
parse	common48	48	O	scGen	CellOT	0.006516103183845268	0.0067255712292880535	stable_order
parse	common48	48	O	CPA	CellOT	-0.14790834916697498	-0.14702241804087274	stable_order
parse	common48	48	D	NC	CM	0.005970324501939683	0.005970324501939683	stable_order
parse	common48	48	D	NC	TW	0.0018070625842764032	0.0018070625842763963	stable_order
parse	common48	48	D	NC	PCA	0.0018181994309425381	0.0018181994309425381	stable_order
parse	common48	48	D	NC	RBF	-0.0008467576477624757	-0.0008467576477624757	stable_order
parse	common48	48	D	NC	scGen	0.02142091951720413	-0.012458721247527997	reversal
parse	common48	48	D	NC	CPA	0.17516890878747055	0.1412892680226328	stable_order
parse	common48	48	D	NC	CellOT	0.02814649074650226	-0.005733150018239944	reversal
parse	common48	48	D	CM	TW	-0.00416326191766328	-0.004163261917663287	stable_order
parse	common48	48	D	CM	PCA	-0.004152125070997145	-0.004152125070997145	stable_order
parse	common48	48	D	CM	RBF	-0.006817082149702159	-0.006817082149702159	stable_order
parse	common48	48	D	CM	scGen	0.015450595015264447	-0.01842904574946768	reversal
parse	common48	48	D	CM	CPA	0.16919858428553086	0.13531894352069312	stable_order
parse	common48	48	D	CM	CellOT	0.022176166244562576	-0.011703474520179627	reversal
parse	common48	48	D	TW	PCA	1.1136846666134903e-05	1.1136846666141842e-05	stable_order
parse	common48	48	D	TW	RBF	-0.002653820232038879	-0.002653820232038872	stable_order
parse	common48	48	D	TW	scGen	0.019613856932927727	-0.014265783831804393	reversal
parse	common48	48	D	TW	CPA	0.17336184620319417	0.1394822054383564	stable_order
parse	common48	48	D	TW	CellOT	0.026339428162225856	-0.00754021260251634	reversal
parse	common48	48	D	PCA	RBF	-0.0026649570787050138	-0.0026649570787050138	stable_order
parse	common48	48	D	PCA	scGen	0.019602720086261592	-0.014276920678470535	reversal
parse	common48	48	D	PCA	CPA	0.17335070935652802	0.13947106859169026	stable_order
parse	common48	48	D	PCA	CellOT	0.02632829131555972	-0.007551349449182482	reversal
parse	common48	48	D	RBF	scGen	0.022267677164966606	-0.011611963599765521	reversal
parse	common48	48	D	RBF	CPA	0.17601566643523303	0.14213602567039527	stable_order
parse	common48	48	D	RBF	CellOT	0.028993248394264735	-0.004886392370477468	reversal
parse	common48	48	D	scGen	CPA	0.15374798927026642	0.15374798927016078	stable_order
parse	common48	48	D	scGen	CellOT	0.006725571229298129	0.0067255712292880535	stable_order
parse	common48	48	D	CPA	CellOT	-0.1470224180409683	-0.14702241804087274	stable_order
parse	common128	16	S	NC	CM	0.002818440980135478	0.002818440980135478	stable_order
parse	common128	16	S	NC	TW	0.0005528597900667925	0.0005528597900667925	stable_order
parse	common128	16	S	NC	PCA	0.0005457935713235745	0.0005457935713235745	stable_order
parse	common128	16	S	NC	RBF	-0.0017602964377306102	-0.0017602964377306102	stable_order
parse	common128	16	S	NC	scGen	-0.0447913059569334	-0.0447913059569334	stable_order
parse	common128	16	S	NC	CPA	0.1113090036713657	0.1113090036713657	stable_order
parse	common128	16	S	NC	CellOT	-0.037780398707343885	-0.037780398707343885	stable_order
parse	common128	16	S	CM	TW	-0.0022655811900686856	-0.0022655811900686856	stable_order
parse	common128	16	S	CM	PCA	-0.0022726474088119036	-0.0022726474088119036	stable_order
parse	common128	16	S	CM	RBF	-0.004578737417866088	-0.004578737417866088	stable_order
parse	common128	16	S	CM	scGen	-0.047609746937068875	-0.047609746937068875	stable_order
parse	common128	16	S	CM	CPA	0.10849056269123022	0.10849056269123022	stable_order
parse	common128	16	S	CM	CellOT	-0.04059883968747936	-0.04059883968747936	stable_order
parse	common128	16	S	TW	PCA	-7.066218743218e-06	-7.066218743218e-06	stable_order
parse	common128	16	S	TW	RBF	-0.0023131562277974027	-0.0023131562277974027	stable_order
parse	common128	16	S	TW	scGen	-0.04534416574700019	-0.04534416574700019	stable_order
parse	common128	16	S	TW	CPA	0.11075614388129891	0.11075614388129891	stable_order
parse	common128	16	S	TW	CellOT	-0.03833325849741068	-0.03833325849741068	stable_order
parse	common128	16	S	PCA	RBF	-0.0023060900090541847	-0.0023060900090541847	stable_order
parse	common128	16	S	PCA	scGen	-0.04533709952825697	-0.04533709952825697	stable_order
parse	common128	16	S	PCA	CPA	0.11076321010004213	0.11076321010004213	stable_order
parse	common128	16	S	PCA	CellOT	-0.03832619227866746	-0.03832619227866746	stable_order
parse	common128	16	S	RBF	scGen	-0.04303100951920279	-0.04303100951920279	stable_order
parse	common128	16	S	RBF	CPA	0.11306930010909631	0.11306930010909631	stable_order
parse	common128	16	S	RBF	CellOT	-0.036020102269613274	-0.036020102269613274	stable_order
parse	common128	16	S	scGen	CPA	0.1561003096282991	0.1561003096282991	stable_order
parse	common128	16	S	scGen	CellOT	0.007010907249589516	0.007010907249589516	stable_order
parse	common128	16	S	CPA	CellOT	-0.1490894023787096	-0.1490894023787096	stable_order
parse	common128	16	M	NC	CM	0.002818440980135478	0.002818440980135478	stable_order
parse	common128	16	M	NC	TW	0.0005528597900667925	0.0005528597900667925	stable_order
parse	common128	16	M	NC	PCA	0.0005457935713235745	0.0005457935713235745	stable_order
parse	common128	16	M	NC	RBF	-0.0017602964377306102	-0.0017602964377306102	stable_order
parse	common128	16	M	NC	scGen	-0.04479130595694217	-0.0447913059569334	stable_order
parse	common128	16	M	NC	CPA	0.11130900367108254	0.1113090036713657	stable_order
parse	common128	16	M	NC	CellOT	-0.0377803987073698	-0.037780398707343885	stable_order
parse	common128	16	M	CM	TW	-0.0022655811900686856	-0.0022655811900686856	stable_order
parse	common128	16	M	CM	PCA	-0.0022726474088119036	-0.0022726474088119036	stable_order
parse	common128	16	M	CM	RBF	-0.004578737417866088	-0.004578737417866088	stable_order
parse	common128	16	M	CM	scGen	-0.047609746937077646	-0.047609746937068875	stable_order
parse	common128	16	M	CM	CPA	0.10849056269094706	0.10849056269123022	stable_order
parse	common128	16	M	CM	CellOT	-0.04059883968750528	-0.04059883968747936	stable_order
parse	common128	16	M	TW	PCA	-7.066218743218e-06	-7.066218743218e-06	stable_order
parse	common128	16	M	TW	RBF	-0.0023131562277974027	-0.0023131562277974027	stable_order
parse	common128	16	M	TW	scGen	-0.04534416574700896	-0.04534416574700019	stable_order
parse	common128	16	M	TW	CPA	0.11075614388101575	0.11075614388129891	stable_order
parse	common128	16	M	TW	CellOT	-0.038333258497436594	-0.03833325849741068	stable_order
parse	common128	16	M	PCA	RBF	-0.0023060900090541847	-0.0023060900090541847	stable_order
parse	common128	16	M	PCA	scGen	-0.04533709952826574	-0.04533709952825697	stable_order
parse	common128	16	M	PCA	CPA	0.11076321009975897	0.11076321010004213	stable_order
parse	common128	16	M	PCA	CellOT	-0.038326192278693376	-0.03832619227866746	stable_order
parse	common128	16	M	RBF	scGen	-0.04303100951921156	-0.04303100951920279	stable_order
parse	common128	16	M	RBF	CPA	0.11306930010881315	0.11306930010909631	stable_order
parse	common128	16	M	RBF	CellOT	-0.03602010226963919	-0.036020102269613274	stable_order
parse	common128	16	M	scGen	CPA	0.1561003096280247	0.1561003096282991	stable_order
parse	common128	16	M	scGen	CellOT	0.00701090724957237	0.007010907249589516	stable_order
parse	common128	16	M	CPA	CellOT	-0.14908940237845233	-0.1490894023787096	stable_order
parse	common128	16	P	NC	CM	0.002818440980135478	0.002818440980135478	stable_order
parse	common128	16	P	NC	TW	0.0005528597900667925	0.0005528597900667925	stable_order
parse	common128	16	P	NC	PCA	0.0005457935713235745	0.0005457935713235745	stable_order
parse	common128	16	P	NC	RBF	-0.0017602964377306102	-0.0017602964377306102	stable_order
parse	common128	16	P	NC	scGen	0.06363391873630181	-0.0447913059569334	reversal
parse	common128	16	P	NC	CPA	0.21902070836501292	0.1113090036713657	stable_order
parse	common128	16	P	NC	CellOT	0.07133209451781442	-0.037780398707343885	reversal
parse	common128	16	P	CM	TW	-0.0022655811900686856	-0.0022655811900686856	stable_order
parse	common128	16	P	CM	PCA	-0.0022726474088119036	-0.0022726474088119036	stable_order
parse	common128	16	P	CM	RBF	-0.004578737417866088	-0.004578737417866088	stable_order
parse	common128	16	P	CM	scGen	0.06081547775616633	-0.047609746937068875	reversal
parse	common128	16	P	CM	CPA	0.21620226738487744	0.10849056269123022	stable_order
parse	common128	16	P	CM	CellOT	0.06851365353767894	-0.04059883968747936	reversal
parse	common128	16	P	TW	PCA	-7.066218743218e-06	-7.066218743218e-06	stable_order
parse	common128	16	P	TW	RBF	-0.0023131562277974027	-0.0023131562277974027	stable_order
parse	common128	16	P	TW	scGen	0.06308105894623502	-0.04534416574700019	reversal
parse	common128	16	P	TW	CPA	0.2184678485749461	0.11075614388129891	stable_order
parse	common128	16	P	TW	CellOT	0.07077923472774762	-0.03833325849741068	reversal
parse	common128	16	P	PCA	RBF	-0.0023060900090541847	-0.0023060900090541847	stable_order
parse	common128	16	P	PCA	scGen	0.06308812516497823	-0.04533709952825697	reversal
parse	common128	16	P	PCA	CPA	0.21847491479368936	0.11076321010004213	stable_order
parse	common128	16	P	PCA	CellOT	0.07078630094649084	-0.03832619227866746	reversal
parse	common128	16	P	RBF	scGen	0.06539421517403242	-0.04303100951920279	reversal
parse	common128	16	P	RBF	CPA	0.22078100480274354	0.11306930010909631	stable_order
parse	common128	16	P	RBF	CellOT	0.07309239095554503	-0.036020102269613274	reversal
parse	common128	16	P	scGen	CPA	0.1553867896287111	0.1561003096282991	stable_order
parse	common128	16	P	scGen	CellOT	0.007698175781512606	0.007010907249589516	stable_order
parse	common128	16	P	CPA	CellOT	-0.1476886138471985	-0.1490894023787096	stable_order
parse	common128	16	O	NC	CM	0.002818440980135478	0.002818440980135478	stable_order
parse	common128	16	O	NC	TW	0.0005528597900667925	0.0005528597900667925	stable_order
parse	common128	16	O	NC	PCA	0.0005457935713235745	0.0005457935713235745	stable_order
parse	common128	16	O	NC	RBF	-0.0017602964377306102	-0.0017602964377306102	stable_order
parse	common128	16	O	NC	scGen	0.05000997119065993	-0.0447913059569334	reversal
parse	common128	16	O	NC	CPA	0.20682380081550522	0.1113090036713657	stable_order
parse	common128	16	O	NC	CellOT	0.05633360990806888	-0.037780398707343885	reversal
parse	common128	16	O	CM	TW	-0.0022655811900686856	-0.0022655811900686856	stable_order
parse	common128	16	O	CM	PCA	-0.0022726474088119036	-0.0022726474088119036	stable_order
parse	common128	16	O	CM	RBF	-0.004578737417866088	-0.004578737417866088	stable_order
parse	common128	16	O	CM	scGen	0.047191530210524454	-0.047609746937068875	reversal
parse	common128	16	O	CM	CPA	0.20400535983536974	0.10849056269123022	stable_order
parse	common128	16	O	CM	CellOT	0.0535151689279334	-0.04059883968747936	reversal
parse	common128	16	O	TW	PCA	-7.066218743218e-06	-7.066218743218e-06	stable_order
parse	common128	16	O	TW	RBF	-0.0023131562277974027	-0.0023131562277974027	stable_order
parse	common128	16	O	TW	scGen	0.04945711140059314	-0.04534416574700019	reversal
parse	common128	16	O	TW	CPA	0.20627094102543841	0.11075614388129891	stable_order
parse	common128	16	O	TW	CellOT	0.055780750118002084	-0.03833325849741068	reversal
parse	common128	16	O	PCA	RBF	-0.0023060900090541847	-0.0023060900090541847	stable_order
parse	common128	16	O	PCA	scGen	0.04946417761933636	-0.04533709952825697	reversal
parse	common128	16	O	PCA	CPA	0.20627800724418166	0.11076321010004213	stable_order
parse	common128	16	O	PCA	CellOT	0.0557878163367453	-0.03832619227866746	reversal
parse	common128	16	O	RBF	scGen	0.05177026762839054	-0.04303100951920279	reversal
parse	common128	16	O	RBF	CPA	0.20858409725323585	0.11306930010909631	stable_order
parse	common128	16	O	RBF	CellOT	0.05809390634579949	-0.036020102269613274	reversal
parse	common128	16	O	scGen	CPA	0.1568138296248453	0.1561003096282991	stable_order
parse	common128	16	O	scGen	CellOT	0.006323638717408944	0.007010907249589516	stable_order
parse	common128	16	O	CPA	CellOT	-0.15049019090743634	-0.1490894023787096	stable_order
parse	common128	16	D	NC	CM	0.002818440980135478	0.002818440980135478	stable_order
parse	common128	16	D	NC	TW	0.0005528597900667925	0.0005528597900667925	stable_order
parse	common128	16	D	NC	PCA	0.0005457935713235745	0.0005457935713235745	stable_order
parse	common128	16	D	NC	RBF	-0.0017602964377306102	-0.0017602964377306102	stable_order
parse	common128	16	D	NC	scGen	0.0568219449634286	-0.0447913059569334	reversal
parse	common128	16	D	NC	CPA	0.21292225459006447	0.1113090036713657	stable_order
parse	common128	16	D	NC	CellOT	0.06383285221288576	-0.037780398707343885	reversal
parse	common128	16	D	CM	TW	-0.0022655811900686856	-0.0022655811900686856	stable_order
parse	common128	16	D	CM	PCA	-0.0022726474088119036	-0.0022726474088119036	stable_order
parse	common128	16	D	CM	RBF	-0.004578737417866088	-0.004578737417866088	stable_order
parse	common128	16	D	CM	scGen	0.05400350398329312	-0.047609746937068875	reversal
parse	common128	16	D	CM	CPA	0.210103813609929	0.10849056269123022	stable_order
parse	common128	16	D	CM	CellOT	0.06101441123275028	-0.04059883968747936	reversal
parse	common128	16	D	TW	PCA	-7.066218743218e-06	-7.066218743218e-06	stable_order
parse	common128	16	D	TW	RBF	-0.0023131562277974027	-0.0023131562277974027	stable_order
parse	common128	16	D	TW	scGen	0.05626908517336181	-0.04534416574700019	reversal
parse	common128	16	D	TW	CPA	0.21236939479999767	0.11075614388129891	stable_order
parse	common128	16	D	TW	CellOT	0.06327999242281897	-0.03833325849741068	reversal
parse	common128	16	D	PCA	RBF	-0.0023060900090541847	-0.0023060900090541847	stable_order
parse	common128	16	D	PCA	scGen	0.056276151392105025	-0.04533709952825697	reversal
parse	common128	16	D	PCA	CPA	0.21237646101874091	0.11076321010004213	stable_order
parse	common128	16	D	PCA	CellOT	0.06328705864156219	-0.03832619227866746	reversal
parse	common128	16	D	RBF	scGen	0.05858224140115921	-0.04303100951920279	reversal
parse	common128	16	D	RBF	CPA	0.2146825510277951	0.11306930010909631	stable_order
parse	common128	16	D	RBF	CellOT	0.06559314865061637	-0.036020102269613274	reversal
parse	common128	16	D	scGen	CPA	0.15610030962663587	0.1561003096282991	stable_order
parse	common128	16	D	scGen	CellOT	0.00701090724945716	0.007010907249589516	stable_order
parse	common128	16	D	CPA	CellOT	-0.14908940237717871	-0.1490894023787096	stable_order
parse	common128	24	S	NC	CM	0.002825436809671976	0.002825436809671976	stable_order
parse	common128	24	S	NC	TW	0.0005598122950424347	0.0005598122950424347	stable_order
parse	common128	24	S	NC	PCA	0.0005527443739411012	0.0005527443739411012	stable_order
parse	common128	24	S	NC	RBF	-0.0017551715500827708	-0.0017551715500827708	stable_order
parse	common128	24	S	NC	scGen	-0.028828019580023255	-0.028828019580023255	stable_order
parse	common128	24	S	NC	CPA	0.1271103095624397	0.1271103095624397	stable_order
parse	common128	24	S	NC	CellOT	-0.022090130678284428	-0.022090130678284428	stable_order
parse	common128	24	S	CM	TW	-0.002265624514629541	-0.002265624514629541	stable_order
parse	common128	24	S	CM	PCA	-0.0022726924357308748	-0.0022726924357308748	stable_order
parse	common128	24	S	CM	RBF	-0.004580608359754747	-0.004580608359754747	stable_order
parse	common128	24	S	CM	scGen	-0.03165345638969523	-0.03165345638969523	stable_order
parse	common128	24	S	CM	CPA	0.12428487275276773	0.12428487275276773	stable_order
parse	common128	24	S	CM	CellOT	-0.024915567487956404	-0.024915567487956404	stable_order
parse	common128	24	S	TW	PCA	-7.067921101333585e-06	-7.067921101333585e-06	stable_order
parse	common128	24	S	TW	RBF	-0.0023149838451252056	-0.0023149838451252056	stable_order
parse	common128	24	S	TW	scGen	-0.02938783187506569	-0.02938783187506569	stable_order
parse	common128	24	S	TW	CPA	0.12655049726739728	0.12655049726739728	stable_order
parse	common128	24	S	TW	CellOT	-0.022649942973326863	-0.022649942973326863	stable_order
parse	common128	24	S	PCA	RBF	-0.002307915924023872	-0.002307915924023872	stable_order
parse	common128	24	S	PCA	scGen	-0.029380763953964356	-0.029380763953964356	stable_order
parse	common128	24	S	PCA	CPA	0.12655756518849862	0.12655756518849862	stable_order
parse	common128	24	S	PCA	CellOT	-0.02264287505222553	-0.02264287505222553	stable_order
parse	common128	24	S	RBF	scGen	-0.027072848029940484	-0.027072848029940484	stable_order
parse	common128	24	S	RBF	CPA	0.1288654811125225	0.1288654811125225	stable_order
parse	common128	24	S	RBF	CellOT	-0.020334959128201657	-0.020334959128201657	stable_order
parse	common128	24	S	scGen	CPA	0.15593832914246297	0.15593832914246297	stable_order
parse	common128	24	S	scGen	CellOT	0.006737888901738827	0.006737888901738827	stable_order
parse	common128	24	S	CPA	CellOT	-0.14920044024072415	-0.14920044024072415	stable_order
parse	common128	24	M	NC	CM	0.002825436809671976	0.002825436809671976	stable_order
parse	common128	24	M	NC	TW	0.0005598122950424347	0.0005598122950424347	stable_order
parse	common128	24	M	NC	PCA	0.0005527443739411012	0.0005527443739411012	stable_order
parse	common128	24	M	NC	RBF	-0.0017551715500827708	-0.0017551715500827708	stable_order
parse	common128	24	M	NC	scGen	-0.02882801957998709	-0.028828019580023255	stable_order
parse	common128	24	M	NC	CPA	0.12711030956235325	0.1271103095624397	stable_order
parse	common128	24	M	NC	CellOT	-0.02209013067822422	-0.022090130678284428	stable_order
parse	common128	24	M	CM	TW	-0.002265624514629541	-0.002265624514629541	stable_order
parse	common128	24	M	CM	PCA	-0.0022726924357308748	-0.0022726924357308748	stable_order
parse	common128	24	M	CM	RBF	-0.004580608359754747	-0.004580608359754747	stable_order
parse	common128	24	M	CM	scGen	-0.031653456389659065	-0.03165345638969523	stable_order
parse	common128	24	M	CM	CPA	0.12428487275268127	0.12428487275276773	stable_order
parse	common128	24	M	CM	CellOT	-0.024915567487896195	-0.024915567487956404	stable_order
parse	common128	24	M	TW	PCA	-7.067921101333585e-06	-7.067921101333585e-06	stable_order
parse	common128	24	M	TW	RBF	-0.0023149838451252056	-0.0023149838451252056	stable_order
parse	common128	24	M	TW	scGen	-0.029387831875029524	-0.02938783187506569	stable_order
parse	common128	24	M	TW	CPA	0.12655049726731082	0.12655049726739728	stable_order
parse	common128	24	M	TW	CellOT	-0.022649942973266654	-0.022649942973326863	stable_order
parse	common128	24	M	PCA	RBF	-0.002307915924023872	-0.002307915924023872	stable_order
parse	common128	24	M	PCA	scGen	-0.02938076395392819	-0.029380763953964356	stable_order
parse	common128	24	M	PCA	CPA	0.12655756518841216	0.12655756518849862	stable_order
parse	common128	24	M	PCA	CellOT	-0.02264287505216532	-0.02264287505222553	stable_order
parse	common128	24	M	RBF	scGen	-0.02707284802990432	-0.027072848029940484	stable_order
parse	common128	24	M	RBF	CPA	0.128865481112436	0.1288654811125225	stable_order
parse	common128	24	M	RBF	CellOT	-0.02033495912814145	-0.020334959128201657	stable_order
parse	common128	24	M	scGen	CPA	0.15593832914234035	0.15593832914246297	stable_order
parse	common128	24	M	scGen	CellOT	0.00673788890176287	0.006737888901738827	stable_order
parse	common128	24	M	CPA	CellOT	-0.14920044024057746	-0.14920044024072415	stable_order
parse	common128	24	P	NC	CM	0.002825436809671976	0.002825436809671976	stable_order
parse	common128	24	P	NC	TW	0.0005598122950424347	0.0005598122950424347	stable_order
parse	common128	24	P	NC	PCA	0.0005527443739411012	0.0005527443739411012	stable_order
parse	common128	24	P	NC	RBF	-0.0017551715500827708	-0.0017551715500827708	stable_order
parse	common128	24	P	NC	scGen	0.04346484893152448	-0.028828019580023255	reversal
parse	common128	24	P	NC	CPA	0.19892245291456764	0.1271103095624397	stable_order
parse	common128	24	P	NC	CellOT	0.050660730798743586	-0.022090130678284428	reversal
parse	common128	24	P	CM	TW	-0.002265624514629541	-0.002265624514629541	stable_order
parse	common128	24	P	CM	PCA	-0.0022726924357308748	-0.0022726924357308748	stable_order
parse	common128	24	P	CM	RBF	-0.004580608359754747	-0.004580608359754747	stable_order
parse	common128	24	P	CM	scGen	0.04063941212185251	-0.03165345638969523	reversal
parse	common128	24	P	CM	CPA	0.19609701610489566	0.12428487275276773	stable_order
parse	common128	24	P	CM	CellOT	0.04783529398907161	-0.024915567487956404	reversal
parse	common128	24	P	TW	PCA	-7.067921101333585e-06	-7.067921101333585e-06	stable_order
parse	common128	24	P	TW	RBF	-0.0023149838451252056	-0.0023149838451252056	stable_order
parse	common128	24	P	TW	scGen	0.04290503663648205	-0.02938783187506569	reversal
parse	common128	24	P	TW	CPA	0.19836264061952522	0.12655049726739728	stable_order
parse	common128	24	P	TW	CellOT	0.05010091850370115	-0.022649942973326863	reversal
parse	common128	24	P	PCA	RBF	-0.002307915924023872	-0.002307915924023872	stable_order
parse	common128	24	P	PCA	scGen	0.04291210455758338	-0.029380763953964356	reversal
parse	common128	24	P	PCA	CPA	0.19836970854062655	0.12655756518849862	stable_order
parse	common128	24	P	PCA	CellOT	0.050107986424802485	-0.02264287505222553	reversal
parse	common128	24	P	RBF	scGen	0.045220020481607254	-0.027072848029940484	reversal
parse	common128	24	P	RBF	CPA	0.20067762446465043	0.1288654811125225	stable_order
parse	common128	24	P	RBF	CellOT	0.05241590234882636	-0.020334959128201657	reversal
parse	common128	24	P	scGen	CPA	0.15545760398304315	0.15593832914246297	stable_order
parse	common128	24	P	scGen	CellOT	0.007195881867219103	0.006737888901738827	stable_order
parse	common128	24	P	CPA	CellOT	-0.14826172211582406	-0.14920044024072415	stable_order
parse	common128	24	O	NC	CM	0.002825436809671976	0.002825436809671976	stable_order
parse	common128	24	O	NC	TW	0.0005598122950424347	0.0005598122950424347	stable_order
parse	common128	24	O	NC	PCA	0.0005527443739411081	0.0005527443739411012	stable_order
parse	common128	24	O	NC	RBF	-0.0017551715500827708	-0.0017551715500827708	stable_order
parse	common128	24	O	NC	scGen	0.03436570645193747	-0.028828019580023255	reversal
parse	common128	24	O	NC	CPA	0.19078476075308068	0.1271103095624397	stable_order
parse	common128	24	O	NC	CellOT	0.04064560238826814	-0.022090130678284428	reversal
parse	common128	24	O	CM	TW	-0.002265624514629541	-0.002265624514629541	stable_order
parse	common128	24	O	CM	PCA	-0.002272692435730868	-0.0022726924357308748	stable_order
parse	common128	24	O	CM	RBF	-0.004580608359754747	-0.004580608359754747	stable_order
parse	common128	24	O	CM	scGen	0.031540269642265494	-0.03165345638969523	reversal
parse	common128	24	O	CM	CPA	0.1879593239434087	0.12428487275276773	stable_order
parse	common128	24	O	CM	CellOT	0.03782016557859617	-0.024915567487956404	reversal
parse	common128	24	O	TW	PCA	-7.067921101326646e-06	-7.067921101333585e-06	stable_order
parse	common128	24	O	TW	RBF	-0.0023149838451252056	-0.0023149838451252056	stable_order
parse	common128	24	O	TW	scGen	0.033805894156895035	-0.02938783187506569	reversal
parse	common128	24	O	TW	CPA	0.19022494845803825	0.12655049726739728	stable_order
parse	common128	24	O	TW	CellOT	0.04008579009322571	-0.022649942973326863	reversal
parse	common128	24	O	PCA	RBF	-0.002307915924023879	-0.002307915924023872	stable_order
parse	common128	24	O	PCA	scGen	0.03381296207799636	-0.029380763953964356	reversal
parse	common128	24	O	PCA	CPA	0.19023201637913956	0.12655756518849862	stable_order
parse	common128	24	O	PCA	CellOT	0.040092858014327035	-0.02264287505222553	reversal
parse	common128	24	O	RBF	scGen	0.03612087800202024	-0.027072848029940484	reversal
parse	common128	24	O	RBF	CPA	0.19253993230316346	0.1288654811125225	stable_order
parse	common128	24	O	RBF	CellOT	0.042400773938350914	-0.020334959128201657	reversal
parse	common128	24	O	scGen	CPA	0.15641905430114322	0.15593832914246297	stable_order
parse	common128	24	O	scGen	CellOT	0.006279895936330673	0.006737888901738827	stable_order
parse	common128	24	O	CPA	CellOT	-0.15013915836481254	-0.14920044024072415	stable_order
parse	common128	24	D	NC	CM	0.002825436809671976	0.002825436809671976	stable_order
parse	common128	24	D	NC	TW	0.0005598122950424347	0.0005598122950424347	stable_order
parse	common128	24	D	NC	PCA	0.0005527443739411012	0.0005527443739411012	stable_order
parse	common128	24	D	NC	RBF	-0.0017551715500827708	-0.0017551715500827708	stable_order
parse	common128	24	D	NC	scGen	0.03891527769175884	-0.028828019580023255	reversal
parse	common128	24	D	NC	CPA	0.19485360683373512	0.1271103095624397	stable_order
parse	common128	24	D	NC	CellOT	0.045653166593533245	-0.022090130678284428	reversal
parse	common128	24	D	CM	TW	-0.002265624514629541	-0.002265624514629541	stable_order
parse	common128	24	D	CM	PCA	-0.0022726924357308748	-0.0022726924357308748	stable_order
parse	common128	24	D	CM	RBF	-0.004580608359754747	-0.004580608359754747	stable_order
parse	common128	24	D	CM	scGen	0.03608984088208687	-0.03165345638969523	reversal
parse	common128	24	D	CM	CPA	0.19202817002406314	0.12428487275276773	stable_order
parse	common128	24	D	CM	CellOT	0.04282772978386127	-0.024915567487956404	reversal
parse	common128	24	D	TW	PCA	-7.067921101333585e-06	-7.067921101333585e-06	stable_order
parse	common128	24	D	TW	RBF	-0.0023149838451252056	-0.0023149838451252056	stable_order
parse	common128	24	D	TW	scGen	0.03835546539671641	-0.02938783187506569	reversal
parse	common128	24	D	TW	CPA	0.1942937945386927	0.12655049726739728	stable_order
parse	common128	24	D	TW	CellOT	0.04509335429849081	-0.022649942973326863	reversal
parse	common128	24	D	PCA	RBF	-0.002307915924023872	-0.002307915924023872	stable_order
parse	common128	24	D	PCA	scGen	0.03836253331781774	-0.029380763953964356	reversal
parse	common128	24	D	PCA	CPA	0.19430086245979403	0.12655756518849862	stable_order
parse	common128	24	D	PCA	CellOT	0.045100422219592144	-0.02264287505222553	reversal
parse	common128	24	D	RBF	scGen	0.040670449241841614	-0.027072848029940484	reversal
parse	common128	24	D	RBF	CPA	0.1966087783838179	0.1288654811125225	stable_order
parse	common128	24	D	RBF	CellOT	0.047408338143616016	-0.020334959128201657	reversal
parse	common128	24	D	scGen	CPA	0.15593832914197628	0.15593832914246297	stable_order
parse	common128	24	D	scGen	CellOT	0.006737888901774403	0.006737888901738827	stable_order
parse	common128	24	D	CPA	CellOT	-0.14920044024020188	-0.14920044024072415	stable_order
parse	common128	32	S	NC	CM	0.0028271331154158044	0.0028271331154158044	stable_order
parse	common128	32	S	NC	TW	0.0005614760733407692	0.0005614760733407692	stable_order
parse	common128	32	S	NC	PCA	0.0005544013303835846	0.0005544013303835846	stable_order
parse	common128	32	S	NC	RBF	-0.001753981109800705	-0.001753981109800705	stable_order
parse	common128	32	S	NC	scGen	-0.020853806347209097	-0.020853806347209097	stable_order
parse	common128	32	S	NC	CPA	0.13500957045082856	0.13500957045082856	stable_order
parse	common128	32	S	NC	CellOT	-0.014256047204051572	-0.014256047204051572	stable_order
parse	common128	32	S	CM	TW	-0.002265657042075035	-0.002265657042075035	stable_order
parse	common128	32	S	CM	PCA	-0.00227273178503222	-0.00227273178503222	stable_order
parse	common128	32	S	CM	RBF	-0.004581114225216509	-0.004581114225216509	stable_order
parse	common128	32	S	CM	scGen	-0.023680939462624902	-0.023680939462624902	stable_order
parse	common128	32	S	CM	CPA	0.13218243733541277	0.13218243733541277	stable_order
parse	common128	32	S	CM	CellOT	-0.017083180319467376	-0.017083180319467376	stable_order
parse	common128	32	S	TW	PCA	-7.074742957184632e-06	-7.074742957184632e-06	stable_order
parse	common128	32	S	TW	RBF	-0.002315457183141474	-0.002315457183141474	stable_order
parse	common128	32	S	TW	scGen	-0.021415282420549867	-0.021415282420549867	stable_order
parse	common128	32	S	TW	CPA	0.1344480943774878	0.1344480943774878	stable_order
parse	common128	32	S	TW	CellOT	-0.01481752327739234	-0.01481752327739234	stable_order
parse	common128	32	S	PCA	RBF	-0.0023083824401842895	-0.0023083824401842895	stable_order
parse	common128	32	S	PCA	scGen	-0.021408207677592682	-0.021408207677592682	stable_order
parse	common128	32	S	PCA	CPA	0.13445516912044497	0.13445516912044497	stable_order
parse	common128	32	S	PCA	CellOT	-0.014810448534435156	-0.014810448534435156	stable_order
parse	common128	32	S	RBF	scGen	-0.019099825237408392	-0.019099825237408392	stable_order
parse	common128	32	S	RBF	CPA	0.13676355156062928	0.13676355156062928	stable_order
parse	common128	32	S	RBF	CellOT	-0.012502066094250867	-0.012502066094250867	stable_order
parse	common128	32	S	scGen	CPA	0.15586337679803766	0.15586337679803766	stable_order
parse	common128	32	S	scGen	CellOT	0.006597759143157526	0.006597759143157526	stable_order
parse	common128	32	S	CPA	CellOT	-0.14926561765488014	-0.14926561765488014	stable_order
parse	common128	32	M	NC	CM	0.0028271331154158114	0.0028271331154158044	stable_order
parse	common128	32	M	NC	TW	0.0005614760733407761	0.0005614760733407692	stable_order
parse	common128	32	M	NC	PCA	0.0005544013303835985	0.0005544013303835846	stable_order
parse	common128	32	M	NC	RBF	-0.001753981109800698	-0.001753981109800705	stable_order
parse	common128	32	M	NC	scGen	-0.020853806347233356	-0.020853806347209097	stable_order
parse	common128	32	M	NC	CPA	0.13500957045093992	0.13500957045082856	stable_order
parse	common128	32	M	NC	CellOT	-0.014256047204079282	-0.014256047204051572	stable_order
parse	common128	32	M	CM	TW	-0.002265657042075035	-0.002265657042075035	stable_order
parse	common128	32	M	CM	PCA	-0.002272731785032213	-0.00227273178503222	stable_order
parse	common128	32	M	CM	RBF	-0.004581114225216509	-0.004581114225216509	stable_order
parse	common128	32	M	CM	scGen	-0.023680939462649167	-0.023680939462624902	stable_order
parse	common128	32	M	CM	CPA	0.1321824373355241	0.13218243733541277	stable_order
parse	common128	32	M	CM	CellOT	-0.017083180319495093	-0.017083180319467376	stable_order
parse	common128	32	M	TW	PCA	-7.074742957177693e-06	-7.074742957184632e-06	stable_order
parse	common128	32	M	TW	RBF	-0.002315457183141474	-0.002315457183141474	stable_order
parse	common128	32	M	TW	scGen	-0.021415282420574132	-0.021415282420549867	stable_order
parse	common128	32	M	TW	CPA	0.13444809437759914	0.1344480943774878	stable_order
parse	common128	32	M	TW	CellOT	-0.014817523277420058	-0.01481752327739234	stable_order
parse	common128	32	M	PCA	RBF	-0.0023083824401842964	-0.0023083824401842895	stable_order
parse	common128	32	M	PCA	scGen	-0.021408207677616954	-0.021408207677592682	stable_order
parse	common128	32	M	PCA	CPA	0.1344551691205563	0.13445516912044497	stable_order
parse	common128	32	M	PCA	CellOT	-0.01481044853446288	-0.014810448534435156	stable_order
parse	common128	32	M	RBF	scGen	-0.019099825237432658	-0.019099825237408392	stable_order
parse	common128	32	M	RBF	CPA	0.1367635515607406	0.13676355156062928	stable_order
parse	common128	32	M	RBF	CellOT	-0.012502066094278584	-0.012502066094250867	stable_order
parse	common128	32	M	scGen	CPA	0.15586337679817325	0.15586337679803766	stable_order
parse	common128	32	M	scGen	CellOT	0.006597759143154074	0.006597759143157526	stable_order
parse	common128	32	M	CPA	CellOT	-0.1492656176550192	-0.14926561765488014	stable_order
parse	common128	32	P	NC	CM	0.0028271331154158114	0.0028271331154158044	stable_order
parse	common128	32	P	NC	TW	0.0005614760733407761	0.0005614760733407692	stable_order
parse	common128	32	P	NC	PCA	0.0005544013303835985	0.0005544013303835846	stable_order
parse	common128	32	P	NC	RBF	-0.001753981109800698	-0.001753981109800705	stable_order
parse	common128	32	P	NC	scGen	0.033373225425173875	-0.020853806347209097	reversal
parse	common128	32	P	NC	CPA	0.1888773841340743	0.13500957045082856	stable_order
parse	common128	32	P	NC	CellOT	0.04031350829009851	-0.014256047204051572	reversal
parse	common128	32	P	CM	TW	-0.002265657042075035	-0.002265657042075035	stable_order
parse	common128	32	P	CM	PCA	-0.002272731785032213	-0.00227273178503222	stable_order
parse	common128	32	P	CM	RBF	-0.004581114225216509	-0.004581114225216509	stable_order
parse	common128	32	P	CM	scGen	0.030546092309758063	-0.023680939462624902	reversal
parse	common128	32	P	CM	CPA	0.1860502510186585	0.13218243733541277	stable_order
parse	common128	32	P	CM	CellOT	0.0374863751746827	-0.017083180319467376	reversal
parse	common128	32	P	TW	PCA	-7.074742957177693e-06	-7.074742957184632e-06	stable_order
parse	common128	32	P	TW	RBF	-0.002315457183141474	-0.002315457183141474	stable_order
parse	common128	32	P	TW	scGen	0.0328117493518331	-0.021415282420549867	reversal
parse	common128	32	P	TW	CPA	0.18831590806073353	0.1344480943774878	stable_order
parse	common128	32	P	TW	CellOT	0.039752032216757736	-0.01481752327739234	reversal
parse	common128	32	P	PCA	RBF	-0.0023083824401842964	-0.0023083824401842895	stable_order
parse	common128	32	P	PCA	scGen	0.032818824094790276	-0.021408207677592682	reversal
parse	common128	32	P	PCA	CPA	0.1883229828036907	0.13445516912044497	stable_order
parse	common128	32	P	PCA	CellOT	0.039759106959714914	-0.014810448534435156	reversal
parse	common128	32	P	RBF	scGen	0.03512720653497457	-0.019099825237408392	reversal
parse	common128	32	P	RBF	CPA	0.190631365243875	0.13676355156062928	stable_order
parse	common128	32	P	RBF	CellOT	0.04206748939989921	-0.012502066094250867	reversal
parse	common128	32	P	scGen	CPA	0.15550415870890044	0.15586337679803766	stable_order
parse	common128	32	P	scGen	CellOT	0.006940282864924638	0.006597759143157526	stable_order
parse	common128	32	P	CPA	CellOT	-0.1485638758439758	-0.14926561765488014	stable_order
parse	common128	32	O	NC	CM	0.0028271331154157975	0.0028271331154158044	stable_order
parse	common128	32	O	NC	TW	0.0005614760733407623	0.0005614760733407692	stable_order
parse	common128	32	O	NC	PCA	0.0005544013303835846	0.0005544013303835846	stable_order
parse	common128	32	O	NC	RBF	-0.0017539811098007119	-0.001753981109800705	stable_order
parse	common128	32	O	NC	scGen	0.026546565462421193	-0.020853806347209097	reversal
parse	common128	32	O	NC	CPA	0.18276916035016436	0.13500957045082856	stable_order
parse	common128	32	O	NC	CellOT	0.03280180088386195	-0.014256047204051572	reversal
parse	common128	32	O	CM	TW	-0.002265657042075035	-0.002265657042075035	stable_order
parse	common128	32	O	CM	PCA	-0.002272731785032213	-0.00227273178503222	stable_order
parse	common128	32	O	CM	RBF	-0.004581114225216509	-0.004581114225216509	stable_order
parse	common128	32	O	CM	scGen	0.023719432347005395	-0.023680939462624902	reversal
parse	common128	32	O	CM	CPA	0.17994202723474856	0.13218243733541277	stable_order
parse	common128	32	O	CM	CellOT	0.02997466776844615	-0.017083180319467376	reversal
parse	common128	32	O	TW	PCA	-7.074742957177693e-06	-7.074742957184632e-06	stable_order
parse	common128	32	O	TW	RBF	-0.002315457183141474	-0.002315457183141474	stable_order
parse	common128	32	O	TW	scGen	0.02598508938908043	-0.021415282420549867	reversal
parse	common128	32	O	TW	CPA	0.1822076842768236	0.1344480943774878	stable_order
parse	common128	32	O	TW	CellOT	0.032240324810521186	-0.01481752327739234	reversal
parse	common128	32	O	PCA	RBF	-0.0023083824401842964	-0.0023083824401842895	stable_order
parse	common128	32	O	PCA	scGen	0.025992164132037608	-0.021408207677592682	reversal
parse	common128	32	O	PCA	CPA	0.18221475901978076	0.13445516912044497	stable_order
parse	common128	32	O	PCA	CellOT	0.03224739955347836	-0.014810448534435156	reversal
parse	common128	32	O	RBF	scGen	0.028300546572221905	-0.019099825237408392	reversal
parse	common128	32	O	RBF	CPA	0.18452314145996507	0.13676355156062928	stable_order
parse	common128	32	O	RBF	CellOT	0.03455578199366266	-0.012502066094250867	reversal
parse	common128	32	O	scGen	CPA	0.15622259488774315	0.15586337679803766	stable_order
parse	common128	32	O	scGen	CellOT	0.006255235421440755	0.006597759143157526	stable_order
parse	common128	32	O	CPA	CellOT	-0.1499673594663024	-0.14926561765488014	stable_order
parse	common128	32	D	NC	CM	0.0028271331154158114	0.0028271331154158044	stable_order
parse	common128	32	D	NC	TW	0.0005614760733407761	0.0005614760733407692	stable_order
parse	common128	32	D	NC	PCA	0.0005544013303835985	0.0005544013303835846	stable_order
parse	common128	32	D	NC	RBF	-0.001753981109800698	-0.001753981109800705	stable_order
parse	common128	32	D	NC	scGen	0.029959895443788506	-0.020853806347209097	reversal
parse	common128	32	D	NC	CPA	0.18582327224215062	0.13500957045082856	stable_order
parse	common128	32	D	NC	CellOT	0.036557654586965554	-0.014256047204051572	reversal
parse	common128	32	D	CM	TW	-0.002265657042075035	-0.002265657042075035	stable_order
parse	common128	32	D	CM	PCA	-0.002272731785032213	-0.00227273178503222	stable_order
parse	common128	32	D	CM	RBF	-0.004581114225216509	-0.004581114225216509	stable_order
parse	common128	32	D	CM	scGen	0.027132762328372695	-0.023680939462624902	reversal
parse	common128	32	D	CM	CPA	0.18299613912673482	0.13218243733541277	stable_order
parse	common128	32	D	CM	CellOT	0.03373052147154974	-0.017083180319467376	reversal
parse	common128	32	D	TW	PCA	-7.074742957177693e-06	-7.074742957184632e-06	stable_order
parse	common128	32	D	TW	RBF	-0.002315457183141474	-0.002315457183141474	stable_order
parse	common128	32	D	TW	scGen	0.02939841937044773	-0.021415282420549867	reversal
parse	common128	32	D	TW	CPA	0.18526179616880986	0.1344480943774878	stable_order
parse	common128	32	D	TW	CellOT	0.03599617851362478	-0.01481752327739234	reversal
parse	common128	32	D	PCA	RBF	-0.0023083824401842964	-0.0023083824401842895	stable_order
parse	common128	32	D	PCA	scGen	0.029405494113404908	-0.021408207677592682	reversal
parse	common128	32	D	PCA	CPA	0.18526887091176703	0.13445516912044497	stable_order
parse	common128	32	D	PCA	CellOT	0.036003253256581956	-0.014810448534435156	reversal
parse	common128	32	D	RBF	scGen	0.031713876553589204	-0.019099825237408392	reversal
parse	common128	32	D	RBF	CPA	0.18757725335195133	0.13676355156062928	stable_order
parse	common128	32	D	RBF	CellOT	0.03831163569676625	-0.012502066094250867	reversal
parse	common128	32	D	scGen	CPA	0.15586337679836212	0.15586337679803766	stable_order
parse	common128	32	D	scGen	CellOT	0.006597759143177048	0.006597759143157526	stable_order
parse	common128	32	D	CPA	CellOT	-0.1492656176551851	-0.14926561765488014	stable_order
parse	common128	40	S	NC	CM	0.0028265974222890927	0.0028265974222890927	stable_order
parse	common128	40	S	NC	TW	0.0005609360941091629	0.0005609360941091629	stable_order
parse	common128	40	S	NC	PCA	0.0005538594006017708	0.0005538594006017708	stable_order
parse	common128	40	S	NC	RBF	-0.0017543824622116844	-0.0017543824622116844	stable_order
parse	common128	40	S	NC	scGen	-0.016071023170052864	-0.016071023170052864	stable_order
parse	common128	40	S	NC	CPA	0.13974377225366713	0.13974377225366713	stable_order
parse	common128	40	S	NC	CellOT	-0.009556409849243	-0.009556409849243	stable_order
parse	common128	40	S	CM	TW	-0.00226566132817993	-0.00226566132817993	stable_order
parse	common128	40	S	CM	PCA	-0.002272738021687322	-0.002272738021687322	stable_order
parse	common128	40	S	CM	RBF	-0.004580979884500777	-0.004580979884500777	stable_order
parse	common128	40	S	CM	scGen	-0.018897620592341957	-0.018897620592341957	stable_order
parse	common128	40	S	CM	CPA	0.13691717483137805	0.13691717483137805	stable_order
parse	common128	40	S	CM	CellOT	-0.012383007271532093	-0.012383007271532093	stable_order
parse	common128	40	S	TW	PCA	-7.0766935073920956e-06	-7.0766935073920956e-06	stable_order
parse	common128	40	S	TW	RBF	-0.0023153185563208473	-0.0023153185563208473	stable_order
parse	common128	40	S	TW	scGen	-0.016631959264162027	-0.016631959264162027	stable_order
parse	common128	40	S	TW	CPA	0.13918283615955798	0.13918283615955798	stable_order
parse	common128	40	S	TW	CellOT	-0.010117345943352164	-0.010117345943352164	stable_order
parse	common128	40	S	PCA	RBF	-0.002308241862813455	-0.002308241862813455	stable_order
parse	common128	40	S	PCA	scGen	-0.016624882570654635	-0.016624882570654635	stable_order
parse	common128	40	S	PCA	CPA	0.13918991285306537	0.13918991285306537	stable_order
parse	common128	40	S	PCA	CellOT	-0.010110269249844771	-0.010110269249844771	stable_order
parse	common128	40	S	RBF	scGen	-0.01431664070784118	-0.01431664070784118	stable_order
parse	common128	40	S	RBF	CPA	0.14149815471587884	0.14149815471587884	stable_order
parse	common128	40	S	RBF	CellOT	-0.007802027387031316	-0.007802027387031316	stable_order
parse	common128	40	S	scGen	CPA	0.15581479542372	0.15581479542372	stable_order
parse	common128	40	S	scGen	CellOT	0.006514613320809864	0.006514613320809864	stable_order
parse	common128	40	S	CPA	CellOT	-0.14930018210291016	-0.14930018210291016	stable_order
parse	common128	40	M	NC	CM	0.0028265974222890927	0.0028265974222890927	stable_order
parse	common128	40	M	NC	TW	0.0005609360941091629	0.0005609360941091629	stable_order
parse	common128	40	M	NC	PCA	0.0005538594006017708	0.0005538594006017708	stable_order
parse	common128	40	M	NC	RBF	-0.0017543824622116844	-0.0017543824622116844	stable_order
parse	common128	40	M	NC	scGen	-0.016071023170009087	-0.016071023170052864	stable_order
parse	common128	40	M	NC	CPA	0.1397437722535651	0.13974377225366713	stable_order
parse	common128	40	M	NC	CellOT	-0.009556409849200479	-0.009556409849243	stable_order
parse	common128	40	M	CM	TW	-0.00226566132817993	-0.00226566132817993	stable_order
parse	common128	40	M	CM	PCA	-0.002272738021687322	-0.002272738021687322	stable_order
parse	common128	40	M	CM	RBF	-0.004580979884500777	-0.004580979884500777	stable_order
parse	common128	40	M	CM	scGen	-0.01889762059229818	-0.018897620592341957	stable_order
parse	common128	40	M	CM	CPA	0.136917174831276	0.13691717483137805	stable_order
parse	common128	40	M	CM	CellOT	-0.012383007271489572	-0.012383007271532093	stable_order
parse	common128	40	M	TW	PCA	-7.0766935073920956e-06	-7.0766935073920956e-06	stable_order
parse	common128	40	M	TW	RBF	-0.0023153185563208473	-0.0023153185563208473	stable_order
parse	common128	40	M	TW	scGen	-0.01663195926411825	-0.016631959264162027	stable_order
parse	common128	40	M	TW	CPA	0.13918283615945592	0.13918283615955798	stable_order
parse	common128	40	M	TW	CellOT	-0.010117345943309642	-0.010117345943352164	stable_order
parse	common128	40	M	PCA	RBF	-0.002308241862813455	-0.002308241862813455	stable_order
parse	common128	40	M	PCA	scGen	-0.016624882570610858	-0.016624882570654635	stable_order
parse	common128	40	M	PCA	CPA	0.1391899128529633	0.13918991285306537	stable_order
parse	common128	40	M	PCA	CellOT	-0.01011026924980225	-0.010110269249844771	stable_order
parse	common128	40	M	RBF	scGen	-0.014316640707797403	-0.01431664070784118	stable_order
parse	common128	40	M	RBF	CPA	0.14149815471577676	0.14149815471587884	stable_order
parse	common128	40	M	RBF	CellOT	-0.007802027386988795	-0.007802027387031316	stable_order
parse	common128	40	M	scGen	CPA	0.15581479542357418	0.15581479542372	stable_order
parse	common128	40	M	scGen	CellOT	0.006514613320808608	0.006514613320809864	stable_order
parse	common128	40	M	CPA	CellOT	-0.14930018210276558	-0.14930018210291016	stable_order
parse	common128	40	P	NC	CM	0.0028265974222890927	0.0028265974222890927	stable_order
parse	common128	40	P	NC	TW	0.0005609360941091629	0.0005609360941091629	stable_order
parse	common128	40	P	NC	PCA	0.0005538594006017708	0.0005538594006017708	stable_order
parse	common128	40	P	NC	RBF	-0.0017543824622116844	-0.0017543824622116844	stable_order
parse	common128	40	P	NC	scGen	0.027311181763208382	-0.016071023170052864	reversal
parse	common128	40	P	NC	CPA	0.1828421270356781	0.13974377225366713	stable_order
parse	common128	40	P	NC	CellOT	0.03409935964181189	-0.009556409849243	reversal
parse	common128	40	P	CM	TW	-0.00226566132817993	-0.00226566132817993	stable_order
parse	common128	40	P	CM	PCA	-0.002272738021687322	-0.002272738021687322	stable_order
parse	common128	40	P	CM	RBF	-0.004580979884500777	-0.004580979884500777	stable_order
parse	common128	40	P	CM	scGen	0.02448458434091929	-0.018897620592341957	reversal
parse	common128	40	P	CM	CPA	0.18001552961338899	0.13691717483137805	stable_order
parse	common128	40	P	CM	CellOT	0.0312727622195228	-0.012383007271532093	reversal
parse	common128	40	P	TW	PCA	-7.0766935073920956e-06	-7.0766935073920956e-06	stable_order
parse	common128	40	P	TW	RBF	-0.0023153185563208473	-0.0023153185563208473	stable_order
parse	common128	40	P	TW	scGen	0.02675024566909922	-0.016631959264162027	reversal
parse	common128	40	P	TW	CPA	0.18228119094156892	0.13918283615955798	stable_order
parse	common128	40	P	TW	CellOT	0.03353842354770273	-0.010117345943352164	reversal
parse	common128	40	P	PCA	RBF	-0.002308241862813455	-0.002308241862813455	stable_order
parse	common128	40	P	PCA	scGen	0.02675732236260661	-0.016624882570654635	reversal
parse	common128	40	P	PCA	CPA	0.1822882676350763	0.13918991285306537	stable_order
parse	common128	40	P	PCA	CellOT	0.03354550024121012	-0.010110269249844771	reversal
parse	common128	40	P	RBF	scGen	0.029065564225420067	-0.01431664070784118	reversal
parse	common128	40	P	RBF	CPA	0.18459650949788975	0.14149815471587884	stable_order
parse	common128	40	P	RBF	CellOT	0.035853742104023575	-0.007802027387031316	reversal
parse	common128	40	P	scGen	CPA	0.1555309452724697	0.15581479542372	stable_order
parse	common128	40	P	scGen	CellOT	0.006788177878603509	0.006514613320809864	stable_order
parse	common128	40	P	CPA	CellOT	-0.1487427673938662	-0.14930018210291016	stable_order
parse	common128	40	O	NC	CM	0.0028265974222890858	0.0028265974222890927	stable_order
parse	common128	40	O	NC	TW	0.000560936094109156	0.0005609360941091629	stable_order
parse	common128	40	O	NC	PCA	0.0005538594006017639	0.0005538594006017708	stable_order
parse	common128	40	O	NC	RBF	-0.0017543824622116913	-0.0017543824622116844	stable_order
parse	common128	40	O	NC	scGen	0.021851380084490876	-0.016071023170052864	reversal
parse	common128	40	O	NC	CPA	0.17795002565959364	0.13974377225366713	stable_order
parse	common128	40	O	NC	CellOT	0.028092428847493016	-0.009556409849243	reversal
parse	common128	40	O	CM	TW	-0.00226566132817993	-0.00226566132817993	stable_order
parse	common128	40	O	CM	PCA	-0.002272738021687322	-0.002272738021687322	stable_order
parse	common128	40	O	CM	RBF	-0.004580979884500777	-0.004580979884500777	stable_order
parse	common128	40	O	CM	scGen	0.01902478266220179	-0.018897620592341957	reversal
parse	common128	40	O	CM	CPA	0.17512342823730456	0.13691717483137805	stable_order
parse	common128	40	O	CM	CellOT	0.02526583142520393	-0.012383007271532093	reversal
parse	common128	40	O	TW	PCA	-7.0766935073920956e-06	-7.0766935073920956e-06	stable_order
parse	common128	40	O	TW	RBF	-0.0023153185563208473	-0.0023153185563208473	stable_order
parse	common128	40	O	TW	scGen	0.02129044399038172	-0.016631959264162027	reversal
parse	common128	40	O	TW	CPA	0.1773890895654845	0.13918283615955798	stable_order
parse	common128	40	O	TW	CellOT	0.02753149275338386	-0.010117345943352164	reversal
parse	common128	40	O	PCA	RBF	-0.002308241862813455	-0.002308241862813455	stable_order
parse	common128	40	O	PCA	scGen	0.021297520683889112	-0.016624882570654635	reversal
parse	common128	40	O	PCA	CPA	0.17739616625899188	0.13918991285306537	stable_order
parse	common128	40	O	PCA	CellOT	0.027538569446891252	-0.010110269249844771	reversal
parse	common128	40	O	RBF	scGen	0.023605762546702568	-0.01431664070784118	reversal
parse	common128	40	O	RBF	CPA	0.17970440812180533	0.14149815471587884	stable_order
parse	common128	40	O	RBF	CellOT	0.029846811309704707	-0.007802027387031316	reversal
parse	common128	40	O	scGen	CPA	0.15609864557510278	0.15581479542372	stable_order
parse	common128	40	O	scGen	CellOT	0.00624104876300214	0.006514613320809864	stable_order
parse	common128	40	O	CPA	CellOT	-0.14985759681210065	-0.14930018210291016	stable_order
parse	common128	40	D	NC	CM	0.0028265974222890927	0.0028265974222890927	stable_order
parse	common128	40	D	NC	TW	0.0005609360941091629	0.0005609360941091629	stable_order
parse	common128	40	D	NC	PCA	0.0005538594006017708	0.0005538594006017708	stable_order
parse	common128	40	D	NC	RBF	-0.0017543824622116844	-0.0017543824622116844	stable_order
parse	common128	40	D	NC	scGen	0.024581280923873655	-0.016071023170052864	reversal
parse	common128	40	D	NC	CPA	0.18039607634755972	0.13974377225366713	stable_order
parse	common128	40	D	NC	CellOT	0.031095894244679206	-0.009556409849243	reversal
parse	common128	40	D	CM	TW	-0.00226566132817993	-0.00226566132817993	stable_order
parse	common128	40	D	CM	PCA	-0.002272738021687322	-0.002272738021687322	stable_order
parse	common128	40	D	CM	RBF	-0.004580979884500777	-0.004580979884500777	stable_order
parse	common128	40	D	CM	scGen	0.021754683501584562	-0.018897620592341957	reversal
parse	common128	40	D	CM	CPA	0.1775694789252706	0.13691717483137805	stable_order
parse	common128	40	D	CM	CellOT	0.028269296822390114	-0.012383007271532093	reversal
parse	common128	40	D	TW	PCA	-7.0766935073920956e-06	-7.0766935073920956e-06	stable_order
parse	common128	40	D	TW	RBF	-0.0023153185563208473	-0.0023153185563208473	stable_order
parse	common128	40	D	TW	scGen	0.024020344829764492	-0.016631959264162027	reversal
parse	common128	40	D	TW	CPA	0.17983514025345054	0.13918283615955798	stable_order
parse	common128	40	D	TW	CellOT	0.030534958150570043	-0.010117345943352164	reversal
parse	common128	40	D	PCA	RBF	-0.002308241862813455	-0.002308241862813455	stable_order
parse	common128	40	D	PCA	scGen	0.024027421523271884	-0.016624882570654635	reversal
parse	common128	40	D	PCA	CPA	0.17984221694695793	0.13918991285306537	stable_order
parse	common128	40	D	PCA	CellOT	0.030542034844077436	-0.010110269249844771	reversal
parse	common128	40	D	RBF	scGen	0.02633566338608534	-0.01431664070784118	reversal
parse	common128	40	D	RBF	CPA	0.18215045880977138	0.14149815471587884	stable_order
parse	common128	40	D	RBF	CellOT	0.03285027670689089	-0.007802027387031316	reversal
parse	common128	40	D	scGen	CPA	0.15581479542368604	0.15581479542372	stable_order
parse	common128	40	D	scGen	CellOT	0.006514613320805551	0.006514613320809864	stable_order
parse	common128	40	D	CPA	CellOT	-0.14930018210288049	-0.14930018210291016	stable_order
parse	common128	48	S	NC	CM	0.0028265908901306536	0.0028265908901306536	stable_order
parse	common128	48	S	NC	TW	0.0005609455398082885	0.0005609455398082885	stable_order
parse	common128	48	S	NC	PCA	0.0005538670145177962	0.0005538670145177962	stable_order
parse	common128	48	S	NC	RBF	-0.0017543520887469237	-0.0017543520887469237	stable_order
parse	common128	48	S	NC	scGen	-0.0128806192089717	-0.0128806192089717	stable_order
parse	common128	48	S	NC	CPA	0.14290373668564527	0.14290373668564527	stable_order
parse	common128	48	S	NC	CellOT	-0.006421913855748539	-0.006421913855748539	stable_order
parse	common128	48	S	CM	TW	-0.002265645350322365	-0.002265645350322365	stable_order
parse	common128	48	S	CM	PCA	-0.0022727238756128573	-0.0022727238756128573	stable_order
parse	common128	48	S	CM	RBF	-0.004580942978877577	-0.004580942978877577	stable_order
parse	common128	48	S	CM	scGen	-0.015707210099102354	-0.015707210099102354	stable_order
parse	common128	48	S	CM	CPA	0.1400771457955146	0.1400771457955146	stable_order
parse	common128	48	S	CM	CellOT	-0.009248504745879193	-0.009248504745879193	stable_order
parse	common128	48	S	TW	PCA	-7.078525290492299e-06	-7.078525290492299e-06	stable_order
parse	common128	48	S	TW	RBF	-0.0023152976285552122	-0.0023152976285552122	stable_order
parse	common128	48	S	TW	scGen	-0.013441564748779989	-0.013441564748779989	stable_order
parse	common128	48	S	TW	CPA	0.14234279114583698	0.14234279114583698	stable_order
parse	common128	48	S	TW	CellOT	-0.006982859395556828	-0.006982859395556828	stable_order
parse	common128	48	S	PCA	RBF	-0.00230821910326472	-0.00230821910326472	stable_order
parse	common128	48	S	PCA	scGen	-0.013434486223489497	-0.013434486223489497	stable_order
parse	common128	48	S	PCA	CPA	0.14234986967112748	0.14234986967112748	stable_order
parse	common128	48	S	PCA	CellOT	-0.0069757808702663356	-0.0069757808702663356	stable_order
parse	common128	48	S	RBF	scGen	-0.011126267120224777	-0.011126267120224777	stable_order
parse	common128	48	S	RBF	CPA	0.1446580887743922	0.1446580887743922	stable_order
parse	common128	48	S	RBF	CellOT	-0.004667561767001616	-0.004667561767001616	stable_order
parse	common128	48	S	scGen	CPA	0.15578435589461698	0.15578435589461698	stable_order
parse	common128	48	S	scGen	CellOT	0.006458705353223161	0.006458705353223161	stable_order
parse	common128	48	S	CPA	CellOT	-0.14932565054139382	-0.14932565054139382	stable_order
parse	common128	48	M	NC	CM	0.0028265908901306536	0.0028265908901306536	stable_order
parse	common128	48	M	NC	TW	0.0005609455398082885	0.0005609455398082885	stable_order
parse	common128	48	M	NC	PCA	0.0005538670145177962	0.0005538670145177962	stable_order
parse	common128	48	M	NC	RBF	-0.0017543520887469237	-0.0017543520887469237	stable_order
parse	common128	48	M	NC	scGen	-0.012880619208973269	-0.0128806192089717	stable_order
parse	common128	48	M	NC	CPA	0.14290373668556094	0.14290373668564527	stable_order
parse	common128	48	M	NC	CellOT	-0.0064219138557482375	-0.006421913855748539	stable_order
parse	common128	48	M	CM	TW	-0.002265645350322365	-0.002265645350322365	stable_order
parse	common128	48	M	CM	PCA	-0.0022727238756128573	-0.0022727238756128573	stable_order
parse	common128	48	M	CM	RBF	-0.004580942978877577	-0.004580942978877577	stable_order
parse	common128	48	M	CM	scGen	-0.015707210099103922	-0.015707210099102354	stable_order
parse	common128	48	M	CM	CPA	0.1400771457954303	0.1400771457955146	stable_order
parse	common128	48	M	CM	CellOT	-0.009248504745878891	-0.009248504745879193	stable_order
parse	common128	48	M	TW	PCA	-7.078525290492299e-06	-7.078525290492299e-06	stable_order
parse	common128	48	M	TW	RBF	-0.0023152976285552122	-0.0023152976285552122	stable_order
parse	common128	48	M	TW	scGen	-0.013441564748781557	-0.013441564748779989	stable_order
parse	common128	48	M	TW	CPA	0.14234279114575266	0.14234279114583698	stable_order
parse	common128	48	M	TW	CellOT	-0.006982859395556526	-0.006982859395556828	stable_order
parse	common128	48	M	PCA	RBF	-0.00230821910326472	-0.00230821910326472	stable_order
parse	common128	48	M	PCA	scGen	-0.013434486223491065	-0.013434486223489497	stable_order
parse	common128	48	M	PCA	CPA	0.14234986967104313	0.14234986967112748	stable_order
parse	common128	48	M	PCA	CellOT	-0.006975780870266034	-0.0069757808702663356	stable_order
parse	common128	48	M	RBF	scGen	-0.011126267120226345	-0.011126267120224777	stable_order
parse	common128	48	M	RBF	CPA	0.14465808877430786	0.1446580887743922	stable_order
parse	common128	48	M	RBF	CellOT	-0.004667561767001314	-0.004667561767001616	stable_order
parse	common128	48	M	scGen	CPA	0.1557843558945342	0.15578435589461698	stable_order
parse	common128	48	M	scGen	CellOT	0.006458705353225031	0.006458705353223161	stable_order
parse	common128	48	M	CPA	CellOT	-0.14932565054130917	-0.14932565054139382	stable_order
parse	common128	48	P	NC	CM	0.0028265908901306536	0.0028265908901306536	stable_order
parse	common128	48	P	NC	TW	0.0005609455398082885	0.0005609455398082885	stable_order
parse	common128	48	P	NC	PCA	0.0005538670145177962	0.0005538670145177962	stable_order
parse	common128	48	P	NC	RBF	-0.0017543520887469237	-0.0017543520887469237	stable_order
parse	common128	48	P	NC	scGen	0.023274705783978562	-0.0128806192089717	reversal
parse	common128	48	P	NC	CPA	0.17882096743981601	0.14290373668564527	stable_order
parse	common128	48	P	NC	CellOT	0.029961640180481586	-0.006421913855748539	reversal
parse	common128	48	P	CM	TW	-0.002265645350322365	-0.002265645350322365	stable_order
parse	common128	48	P	CM	PCA	-0.0022727238756128573	-0.0022727238756128573	stable_order
parse	common128	48	P	CM	RBF	-0.004580942978877577	-0.004580942978877577	stable_order
parse	common128	48	P	CM	scGen	0.02044811489384791	-0.015707210099102354	reversal
parse	common128	48	P	CM	CPA	0.17599437654968536	0.1400771457955146	stable_order
parse	common128	48	P	CM	CellOT	0.027135049290350932	-0.009248504745879193	reversal
parse	common128	48	P	TW	PCA	-7.078525290492299e-06	-7.078525290492299e-06	stable_order
parse	common128	48	P	TW	RBF	-0.0023152976285552122	-0.0023152976285552122	stable_order
parse	common128	48	P	TW	scGen	0.022713760244170274	-0.013441564748779989	reversal
parse	common128	48	P	TW	CPA	0.17826002190000773	0.14234279114583698	stable_order
parse	common128	48	P	TW	CellOT	0.029400694640673297	-0.006982859395556828	reversal
parse	common128	48	P	PCA	RBF	-0.00230821910326472	-0.00230821910326472	stable_order
parse	common128	48	P	PCA	scGen	0.022720838769460766	-0.013434486223489497	reversal
parse	common128	48	P	PCA	CPA	0.17826710042529822	0.14234986967112748	stable_order
parse	common128	48	P	PCA	CellOT	0.02940777316596379	-0.0069757808702663356	reversal
parse	common128	48	P	RBF	scGen	0.025029057872725486	-0.011126267120224777	reversal
parse	common128	48	P	RBF	CPA	0.18057531952856296	0.1446580887743922	stable_order
parse	common128	48	P	RBF	CellOT	0.03171599226922851	-0.004667561767001616	reversal
parse	common128	48	P	scGen	CPA	0.15554626165583746	0.15578435589461698	stable_order
parse	common128	48	P	scGen	CellOT	0.006686934396503023	0.006458705353223161	stable_order
parse	common128	48	P	CPA	CellOT	-0.14885932725933443	-0.14932565054139382	stable_order
parse	common128	48	O	NC	CM	0.0028265908901306536	0.0028265908901306536	stable_order
parse	common128	48	O	NC	TW	0.0005609455398082885	0.0005609455398082885	stable_order
parse	common128	48	O	NC	PCA	0.0005538670145177928	0.0005538670145177962	stable_order
parse	common128	48	O	NC	RBF	-0.0017543520887469237	-0.0017543520887469237	stable_order
parse	common128	48	O	NC	scGen	0.0187233373275466	-0.0128806192089717	reversal
parse	common128	48	O	NC	CPA	0.17474578746097674	0.14290373668564527	stable_order
parse	common128	48	O	NC	CellOT	0.024953813637463247	-0.006421913855748539	reversal
parse	common128	48	O	CM	TW	-0.002265645350322365	-0.002265645350322365	stable_order
parse	common128	48	O	CM	PCA	-0.002272723875612861	-0.0022727238756128573	stable_order
parse	common128	48	O	CM	RBF	-0.004580942978877577	-0.004580942978877577	stable_order
parse	common128	48	O	CM	scGen	0.015896746437415947	-0.015707210099102354	reversal
parse	common128	48	O	CM	CPA	0.1719191965708461	0.1400771457955146	stable_order
parse	common128	48	O	CM	CellOT	0.022127222747332594	-0.009248504745879193	reversal
parse	common128	48	O	TW	PCA	-7.0785252904957685e-06	-7.078525290492299e-06	stable_order
parse	common128	48	O	TW	RBF	-0.0023152976285552122	-0.0023152976285552122	stable_order
parse	common128	48	O	TW	scGen	0.018162391787738312	-0.013441564748779989	reversal
parse	common128	48	O	TW	CPA	0.17418484192116845	0.14234279114583698	stable_order
parse	common128	48	O	TW	CellOT	0.02439286809765496	-0.006982859395556828	reversal
parse	common128	48	O	PCA	RBF	-0.0023082191032647165	-0.00230821910326472	stable_order
parse	common128	48	O	PCA	scGen	0.018169470313028808	-0.013434486223489497	reversal
parse	common128	48	O	PCA	CPA	0.17419192044645895	0.14234986967112748	stable_order
parse	common128	48	O	PCA	CellOT	0.024399946622945454	-0.0069757808702663356	reversal
parse	common128	48	O	RBF	scGen	0.020477689416293524	-0.011126267120224777	reversal
parse	common128	48	O	RBF	CPA	0.17650013954972368	0.1446580887743922	stable_order
parse	common128	48	O	RBF	CellOT	0.02670816572621017	-0.004667561767001616	reversal
parse	common128	48	O	scGen	CPA	0.15602245013343016	0.15578435589461698	stable_order
parse	common128	48	O	scGen	CellOT	0.006230476309916647	0.006458705353223161	stable_order
parse	common128	48	O	CPA	CellOT	-0.1497919738235135	-0.14932565054139382	stable_order
parse	common128	48	D	NC	CM	0.0028265908901306536	0.0028265908901306536	stable_order
parse	common128	48	D	NC	TW	0.0005609455398082885	0.0005609455398082885	stable_order
parse	common128	48	D	NC	PCA	0.0005538670145177962	0.0005538670145177962	stable_order
parse	common128	48	D	NC	RBF	-0.0017543520887469237	-0.0017543520887469237	stable_order
parse	common128	48	D	NC	scGen	0.020999021555763102	-0.0128806192089717	reversal
parse	common128	48	D	NC	CPA	0.17678337745033945	0.14290373668564527	stable_order
parse	common128	48	D	NC	CellOT	0.02745772690897444	-0.006421913855748539	reversal
parse	common128	48	D	CM	TW	-0.002265645350322365	-0.002265645350322365	stable_order
parse	common128	48	D	CM	PCA	-0.0022727238756128573	-0.0022727238756128573	stable_order
parse	common128	48	D	CM	RBF	-0.004580942978877577	-0.004580942978877577	stable_order
parse	common128	48	D	CM	scGen	0.01817243066563245	-0.015707210099102354	reversal
parse	common128	48	D	CM	CPA	0.1739567865602088	0.1400771457955146	stable_order
parse	common128	48	D	CM	CellOT	0.024631136018843786	-0.009248504745879193	reversal
parse	common128	48	D	TW	PCA	-7.078525290492299e-06	-7.078525290492299e-06	stable_order
parse	common128	48	D	TW	RBF	-0.0023152976285552122	-0.0023152976285552122	stable_order
parse	common128	48	D	TW	scGen	0.020438076015954813	-0.013441564748779989	reversal
parse	common128	48	D	TW	CPA	0.17622243191053116	0.14234279114583698	stable_order
parse	common128	48	D	TW	CellOT	0.02689678136916615	-0.006982859395556828	reversal
parse	common128	48	D	PCA	RBF	-0.00230821910326472	-0.00230821910326472	stable_order
parse	common128	48	D	PCA	scGen	0.020445154541245306	-0.013434486223489497	reversal
parse	common128	48	D	PCA	CPA	0.17622951043582166	0.14234986967112748	stable_order
parse	common128	48	D	PCA	CellOT	0.026903859894456643	-0.0069757808702663356	reversal
parse	common128	48	D	RBF	scGen	0.022753373644510026	-0.011126267120224777	reversal
parse	common128	48	D	RBF	CPA	0.1785377295390864	0.1446580887743922	stable_order
parse	common128	48	D	RBF	CellOT	0.029212078997721363	-0.004667561767001616	reversal
parse	common128	48	D	scGen	CPA	0.15578435589457637	0.15578435589461698	stable_order
parse	common128	48	D	scGen	CellOT	0.006458705353211337	0.006458705353223161	stable_order
parse	common128	48	D	CPA	CellOT	-0.14932565054136504	-0.14932565054139382	stable_order
