allocation	depth_per_gemgroup	cells_per_reference	model	pattern	scaled_squared_error
0	8	64	additive	S	0.026195167136201958
0	8	64	additive	M	0.026195167136201958
0	8	64	additive	P	0.054722179714505326
0	8	64	additive	O	0.054722179714505326
0	8	64	additive	D	0.054722179714505326
0	8	64	compositional_ridge	S	0.025403931071276635
0	8	64	compositional_ridge	M	0.025403931071276635
0	8	64	compositional_ridge	P	0.053930943649580045
0	8	64	compositional_ridge	O	0.053930943649580045
0	8	64	compositional_ridge	D	0.053930943649580045
0	8	64	CPA_0.8.8	S	0.077638371745400697
0	8	64	CPA_0.8.8	M	0.077638371745400697
0	8	64	CPA_0.8.8	P	0.10813309865885504
0	8	64	CPA_0.8.8	O	0.10419766998855319
0	8	64	CPA_0.8.8	D	0.10616538432370404
0	8	64	zero_effect	S	0.12040613242783979
0	8	64	zero_effect	M	0.1204061324278398
0	8	64	zero_effect	P	0.1204061324278398
0	8	64	zero_effect	O	0.1204061324278398
0	8	64	zero_effect	D	0.1204061324278398
0	16	128	additive	S	0.026195167136201958
0	16	128	additive	M	0.026195167136201958
0	16	128	additive	P	0.040727412136001784
0	16	128	additive	O	0.040727412136001784
0	16	128	additive	D	0.040727412136001784
0	16	128	compositional_ridge	S	0.025403931071276635
0	16	128	compositional_ridge	M	0.025403931071276635
0	16	128	compositional_ridge	P	0.039936176071076447
0	16	128	compositional_ridge	O	0.039936176071076447
0	16	128	compositional_ridge	D	0.039936176071076447
0	16	128	CPA_0.8.8	S	0.077350560945596905
0	16	128	CPA_0.8.8	M	0.077350560945596905
0	16	128	CPA_0.8.8	P	0.093049958925227452
0	16	128	CPA_0.8.8	O	0.090715652965566052
0	16	128	CPA_0.8.8	D	0.091882805945396759
0	16	128	zero_effect	S	0.11361059662069056
0	16	128	zero_effect	M	0.11361059662069056
0	16	128	zero_effect	P	0.11361059662069056
0	16	128	zero_effect	O	0.11361059662069056
0	16	128	zero_effect	D	0.11361059662069056
0	32	256	additive	S	0.026195167136201958
0	32	256	additive	M	0.026195167136201958
0	32	256	additive	P	0.033417985125195157
0	32	256	additive	O	0.033417985125195157
0	32	256	additive	D	0.033417985125195157
0	32	256	compositional_ridge	S	0.025403931071276635
0	32	256	compositional_ridge	M	0.025403931071276635
0	32	256	compositional_ridge	P	0.032626749060269841
0	32	256	compositional_ridge	O	0.032626749060269841
0	32	256	compositional_ridge	D	0.032626749060269841
0	32	256	CPA_0.8.8	S	0.074805723073474939
0	32	256	CPA_0.8.8	M	0.074805723073474939
0	32	256	CPA_0.8.8	P	0.082517330421098697
0	32	256	CPA_0.8.8	O	0.081539751703837635
0	32	256	CPA_0.8.8	D	0.082028541062468152
0	32	256	zero_effect	S	0.10682591466463098
0	32	256	zero_effect	M	0.10682591466463097
0	32	256	zero_effect	P	0.10682591466463097
0	32	256	zero_effect	O	0.10682591466463097
0	32	256	zero_effect	D	0.10682591466463097
0	64	512	additive	S	0.026195167136201958
0	64	512	additive	M	0.026195167136201958
0	64	512	additive	P	0.029842153559892427
0	64	512	additive	O	0.029842153559892427
0	64	512	additive	D	0.029842153559892427
0	64	512	compositional_ridge	S	0.025403931071276635
0	64	512	compositional_ridge	M	0.025403931071276635
0	64	512	compositional_ridge	P	0.029050917494967108
0	64	512	compositional_ridge	O	0.029050917494967108
0	64	512	compositional_ridge	D	0.029050917494967108
0	64	512	CPA_0.8.8	S	0.07444695966401027
0	64	512	CPA_0.8.8	M	0.07444695966401027
0	64	512	CPA_0.8.8	P	0.078362765594664666
0	64	512	CPA_0.8.8	O	0.077825126580736828
0	64	512	CPA_0.8.8	D	0.078093946087700733
0	64	512	zero_effect	S	0.10461208807991276
0	64	512	zero_effect	M	0.10461208807991275
0	64	512	zero_effect	P	0.10461208807991275
0	64	512	zero_effect	O	0.10461208807991275
0	64	512	zero_effect	D	0.10461208807991275
0	128	1024	additive	S	0.026195167136201958
0	128	1024	additive	M	0.026195167136201958
0	128	1024	additive	P	0.028060902054860181
0	128	1024	additive	O	0.028060902054860181
0	128	1024	additive	D	0.028060902054860181
0	128	1024	compositional_ridge	S	0.025403931071276635
0	128	1024	compositional_ridge	M	0.025403931071276635
0	128	1024	compositional_ridge	P	0.027269665989934865
0	128	1024	compositional_ridge	O	0.027269665989934865
0	128	1024	compositional_ridge	D	0.027269665989934865
0	128	1024	CPA_0.8.8	S	0.073405828725432928
0	128	1024	CPA_0.8.8	M	0.073405828725432928
0	128	1024	CPA_0.8.8	P	0.075422189030326631
0	128	1024	CPA_0.8.8	O	0.075120938257855707
0	128	1024	CPA_0.8.8	D	0.075271563644091183
0	128	1024	zero_effect	S	0.10269736696083379
0	128	1024	zero_effect	M	0.10269736696083379
0	128	1024	zero_effect	P	0.10269736696083379
0	128	1024	zero_effect	O	0.10269736696083379
0	128	1024	zero_effect	D	0.10269736696083379
0	135	1080	additive	S	0.026195167136201958
0	135	1080	additive	M	0.026195167136201958
0	135	1080	additive	P	0.027996298478622256
0	135	1080	additive	O	0.027996298478622256
0	135	1080	additive	D	0.027996298478622256
0	135	1080	compositional_ridge	S	0.025403931071276635
0	135	1080	compositional_ridge	M	0.025403931071276635
0	135	1080	compositional_ridge	P	0.027205062413696943
0	135	1080	compositional_ridge	O	0.027205062413696943
0	135	1080	compositional_ridge	D	0.027205062413696943
0	135	1080	CPA_0.8.8	S	0.073597876870369658
0	135	1080	CPA_0.8.8	M	0.073597876870369658
0	135	1080	CPA_0.8.8	P	0.075556048377882393
0	135	1080	CPA_0.8.8	O	0.075241968047697561
0	135	1080	CPA_0.8.8	D	0.075399008212789942
0	135	1080	zero_effect	S	0.10291164648091326
0	135	1080	zero_effect	M	0.10291164648091324
0	135	1080	zero_effect	P	0.10291164648091324
0	135	1080	zero_effect	O	0.10291164648091324
0	135	1080	zero_effect	D	0.10291164648091324
1	8	64	additive	S	0.026195167136201958
1	8	64	additive	M	0.026195167136201958
1	8	64	additive	P	0.058155137851557077
1	8	64	additive	O	0.058155137851557077
1	8	64	additive	D	0.058155137851557077
1	8	64	compositional_ridge	S	0.025403931071276635
1	8	64	compositional_ridge	M	0.025403931071276635
1	8	64	compositional_ridge	P	0.057363901786631734
1	8	64	compositional_ridge	O	0.057363901786631734
1	8	64	compositional_ridge	D	0.057363901786631734
1	8	64	CPA_0.8.8	S	0.071168971505957218
1	8	64	CPA_0.8.8	M	0.071168971505957218
1	8	64	CPA_0.8.8	P	0.10717711072595264
1	8	64	CPA_0.8.8	O	0.099080773716672024
1	8	64	CPA_0.8.8	D	0.10312894222131233
1	8	64	zero_effect	S	0.1126886569754965
1	8	64	zero_effect	M	0.1126886569754965
1	8	64	zero_effect	P	0.1126886569754965
1	8	64	zero_effect	O	0.1126886569754965
1	8	64	zero_effect	D	0.1126886569754965
1	16	128	additive	S	0.026195167136201958
1	16	128	additive	M	0.026195167136201958
1	16	128	additive	P	0.042041954457908398
1	16	128	additive	O	0.042041954457908398
1	16	128	additive	D	0.042041954457908398
1	16	128	compositional_ridge	S	0.025403931071276635
1	16	128	compositional_ridge	M	0.025403931071276635
1	16	128	compositional_ridge	P	0.041250718392983096
1	16	128	compositional_ridge	O	0.041250718392983096
1	16	128	compositional_ridge	D	0.041250718392983096
1	16	128	CPA_0.8.8	S	0.072767806310676003
1	16	128	CPA_0.8.8	M	0.072767806310675989
1	16	128	CPA_0.8.8	P	0.091003437622420622
1	16	128	CPA_0.8.8	O	0.08622574964234421
1	16	128	CPA_0.8.8	D	0.08861459363238243
1	16	128	zero_effect	S	0.10814726754503144
1	16	128	zero_effect	M	0.10814726754503144
1	16	128	zero_effect	P	0.10814726754503144
1	16	128	zero_effect	O	0.10814726754503144
1	16	128	zero_effect	D	0.10814726754503144
1	32	256	additive	S	0.026195167136201958
1	32	256	additive	M	0.026195167136201958
1	32	256	additive	P	0.034595175660254489
1	32	256	additive	O	0.034595175660254489
1	32	256	additive	D	0.034595175660254489
1	32	256	compositional_ridge	S	0.025403931071276635
1	32	256	compositional_ridge	M	0.025403931071276635
1	32	256	compositional_ridge	P	0.033803939595329152
1	32	256	compositional_ridge	O	0.033803939595329152
1	32	256	compositional_ridge	D	0.033803939595329152
1	32	256	CPA_0.8.8	S	0.070899835467351263
1	32	256	CPA_0.8.8	M	0.070899835467351263
1	32	256	CPA_0.8.8	P	0.080778532390182803
1	32	256	CPA_0.8.8	O	0.077821155592624786
1	32	256	CPA_0.8.8	D	0.079299843991403801
1	32	256	zero_effect	S	0.102160325254316
1	32	256	zero_effect	M	0.102160325254316
1	32	256	zero_effect	P	0.102160325254316
1	32	256	zero_effect	O	0.102160325254316
1	32	256	zero_effect	D	0.102160325254316
1	64	512	additive	S	0.026195167136201958
1	64	512	additive	M	0.026195167136201958
1	64	512	additive	P	0.02998798556133625
1	64	512	additive	O	0.02998798556133625
1	64	512	additive	D	0.02998798556133625
1	64	512	compositional_ridge	S	0.025403931071276635
1	64	512	compositional_ridge	M	0.025403931071276635
1	64	512	compositional_ridge	P	0.029196749496410941
1	64	512	compositional_ridge	O	0.029196749496410941
1	64	512	compositional_ridge	D	0.029196749496410941
1	64	512	CPA_0.8.8	S	0.073286214591314
1	64	512	CPA_0.8.8	M	0.073286214591314
1	64	512	CPA_0.8.8	P	0.077493864161762224
1	64	512	CPA_0.8.8	O	0.076664201871134319
1	64	512	CPA_0.8.8	D	0.077079033016448278
1	64	512	zero_effect	S	0.10363214735789429
1	64	512	zero_effect	M	0.10363214735789433
1	64	512	zero_effect	P	0.10363214735789433
1	64	512	zero_effect	O	0.10363214735789433
1	64	512	zero_effect	D	0.10363214735789433
1	128	1024	additive	S	0.026195167136201958
1	128	1024	additive	M	0.026195167136201958
1	128	1024	additive	P	0.028122203431323579
1	128	1024	additive	O	0.028122203431323579
1	128	1024	additive	D	0.028122203431323579
1	128	1024	compositional_ridge	S	0.025403931071276635
1	128	1024	compositional_ridge	M	0.025403931071276635
1	128	1024	compositional_ridge	P	0.027330967366398257
1	128	1024	compositional_ridge	O	0.027330967366398257
1	128	1024	compositional_ridge	D	0.027330967366398257
1	128	1024	CPA_0.8.8	S	0.074465246964229251
1	128	1024	CPA_0.8.8	M	0.074465246964229251
1	128	1024	CPA_0.8.8	P	0.076634424324755618
1	128	1024	CPA_0.8.8	O	0.076150142193946058
1	128	1024	CPA_0.8.8	D	0.076392283259350852
1	128	1024	zero_effect	S	0.10403765253898523
1	128	1024	zero_effect	M	0.10403765253898523
1	128	1024	zero_effect	P	0.10403765253898523
1	128	1024	zero_effect	O	0.10403765253898523
1	128	1024	zero_effect	D	0.10403765253898523
1	135	1080	additive	S	0.026195167136201958
1	135	1080	additive	M	0.026195167136201958
1	135	1080	additive	P	0.028072007201247424
1	135	1080	additive	O	0.028072007201247424
1	135	1080	additive	D	0.028072007201247424
1	135	1080	compositional_ridge	S	0.025403931071276635
1	135	1080	compositional_ridge	M	0.025403931071276635
1	135	1080	compositional_ridge	P	0.027280771136322112
1	135	1080	compositional_ridge	O	0.027280771136322112
1	135	1080	compositional_ridge	D	0.027280771136322112
1	135	1080	CPA_0.8.8	S	0.074240957580473735
1	135	1080	CPA_0.8.8	M	0.074240957580473721
1	135	1080	CPA_0.8.8	P	0.076383426873052704
1	135	1080	CPA_0.8.8	O	0.075852168417985699
1	135	1080	CPA_0.8.8	D	0.076117797645519181
1	135	1080	zero_effect	S	0.10377728402331596
1	135	1080	zero_effect	M	0.10377728402331596
1	135	1080	zero_effect	P	0.10377728402331596
1	135	1080	zero_effect	O	0.10377728402331596
1	135	1080	zero_effect	D	0.10377728402331596
2	8	64	additive	S	0.026195167136201958
2	8	64	additive	M	0.026195167136201958
2	8	64	additive	P	0.057754922407832143
2	8	64	additive	O	0.057754922407832143
2	8	64	additive	D	0.057754922407832143
2	8	64	compositional_ridge	S	0.025403931071276635
2	8	64	compositional_ridge	M	0.025403931071276635
2	8	64	compositional_ridge	P	0.05696368634290682
2	8	64	compositional_ridge	O	0.05696368634290682
2	8	64	compositional_ridge	D	0.05696368634290682
2	8	64	CPA_0.8.8	S	0.082516326583350938
2	8	64	CPA_0.8.8	M	0.082516326583350938
2	8	64	CPA_0.8.8	P	0.11781451744338443
2	8	64	CPA_0.8.8	O	0.11033764626657779
2	8	64	CPA_0.8.8	D	0.11407608185498114
2	8	64	zero_effect	S	0.12720414693120913
2	8	64	zero_effect	M	0.12720414693120916
2	8	64	zero_effect	P	0.12720414693120916
2	8	64	zero_effect	O	0.12720414693120916
2	8	64	zero_effect	D	0.12720414693120916
2	16	128	additive	S	0.026195167136201958
2	16	128	additive	M	0.026195167136201958
2	16	128	additive	P	0.041877888266364446
2	16	128	additive	O	0.041877888266364446
2	16	128	additive	D	0.041877888266364446
2	16	128	compositional_ridge	S	0.025403931071276635
2	16	128	compositional_ridge	M	0.025403931071276635
2	16	128	compositional_ridge	P	0.041086652201439103
2	16	128	compositional_ridge	O	0.041086652201439103
2	16	128	compositional_ridge	D	0.041086652201439103
2	16	128	CPA_0.8.8	S	0.076908345204212275
2	16	128	CPA_0.8.8	M	0.076908345204212275
2	16	128	CPA_0.8.8	P	0.09423113721808761
2	16	128	CPA_0.8.8	O	0.090950995450661945
2	16	128	CPA_0.8.8	D	0.092591066334374791
2	16	128	zero_effect	S	0.11376465779589257
2	16	128	zero_effect	M	0.11376465779589255
2	16	128	zero_effect	P	0.11376465779589255
2	16	128	zero_effect	O	0.11376465779589255
2	16	128	zero_effect	D	0.11376465779589255
2	32	256	additive	S	0.026195167136201958
2	32	256	additive	M	0.026195167136201958
2	32	256	additive	P	0.034078484986412222
2	32	256	additive	O	0.034078484986412222
2	32	256	additive	D	0.034078484986412222
2	32	256	compositional_ridge	S	0.025403931071276635
2	32	256	compositional_ridge	M	0.025403931071276635
2	32	256	compositional_ridge	P	0.033287248921486892
2	32	256	compositional_ridge	O	0.033287248921486892
2	32	256	compositional_ridge	D	0.033287248921486892
2	32	256	CPA_0.8.8	S	0.075579385143548644
2	32	256	CPA_0.8.8	M	0.075579385143548644
2	32	256	CPA_0.8.8	P	0.084347947573245638
2	32	256	CPA_0.8.8	O	0.082577458414272234
2	32	256	CPA_0.8.8	D	0.08346270299375895
2	32	256	zero_effect	S	0.1083328130814442
2	32	256	zero_effect	M	0.10833281308144418
2	32	256	zero_effect	P	0.10833281308144418
2	32	256	zero_effect	O	0.10833281308144418
2	32	256	zero_effect	D	0.10833281308144418
2	64	512	additive	S	0.026195167136201958
2	64	512	additive	M	0.026195167136201958
2	64	512	additive	P	0.029889854759311357
2	64	512	additive	O	0.029889854759311357
2	64	512	additive	D	0.029889854759311357
2	64	512	compositional_ridge	S	0.025403931071276635
2	64	512	compositional_ridge	M	0.025403931071276635
2	64	512	compositional_ridge	P	0.029098618694386038
2	64	512	compositional_ridge	O	0.029098618694386038
2	64	512	compositional_ridge	D	0.029098618694386038
2	64	512	CPA_0.8.8	S	0.07403587428682655
2	64	512	CPA_0.8.8	M	0.07403587428682655
2	64	512	CPA_0.8.8	P	0.077982661702238415
2	64	512	CPA_0.8.8	O	0.077478462117633415
2	64	512	CPA_0.8.8	D	0.077730561909935936
2	64	512	zero_effect	S	0.10457971686425074
2	64	512	zero_effect	M	0.10457971686425074
2	64	512	zero_effect	P	0.10457971686425074
2	64	512	zero_effect	O	0.10457971686425074
2	64	512	zero_effect	D	0.10457971686425074
2	128	1024	additive	S	0.026195167136201958
2	128	1024	additive	M	0.026195167136201958
2	128	1024	additive	P	0.028090563757598105
2	128	1024	additive	O	0.028090563757598105
2	128	1024	additive	D	0.028090563757598105
2	128	1024	compositional_ridge	S	0.025403931071276635
2	128	1024	compositional_ridge	M	0.025403931071276635
2	128	1024	compositional_ridge	P	0.027299327692672765
2	128	1024	compositional_ridge	O	0.027299327692672765
2	128	1024	compositional_ridge	D	0.027299327692672765
2	128	1024	CPA_0.8.8	S	0.074170079385709395
2	128	1024	CPA_0.8.8	M	0.074170079385709395
2	128	1024	CPA_0.8.8	P	0.076242268560723747
2	128	1024	CPA_0.8.8	O	0.075888683453487371
2	128	1024	CPA_0.8.8	D	0.076065476007105573
2	128	1024	zero_effect	S	0.10362220482537941
2	128	1024	zero_effect	M	0.10362220482537943
2	128	1024	zero_effect	P	0.10362220482537943
2	128	1024	zero_effect	O	0.10362220482537943
2	128	1024	zero_effect	D	0.10362220482537943
2	135	1080	additive	S	0.026195167136201958
2	135	1080	additive	M	0.026195167136201958
2	135	1080	additive	P	0.028001128426417318
2	135	1080	additive	O	0.028001128426417318
2	135	1080	additive	D	0.028001128426417318
2	135	1080	compositional_ridge	S	0.025403931071276635
2	135	1080	compositional_ridge	M	0.025403931071276635
2	135	1080	compositional_ridge	P	0.027209892361492013
2	135	1080	compositional_ridge	O	0.027209892361492013
2	135	1080	compositional_ridge	D	0.027209892361492013
2	135	1080	CPA_0.8.8	S	0.073932563241489571
2	135	1080	CPA_0.8.8	M	0.073932563241489543
2	135	1080	CPA_0.8.8	P	0.07591182486281435
2	135	1080	CPA_0.8.8	O	0.075565224200595554
2	135	1080	CPA_0.8.8	D	0.075738524531704932
2	135	1080	zero_effect	S	0.10327496372290151
2	135	1080	zero_effect	M	0.10327496372290147
2	135	1080	zero_effect	P	0.10327496372290147
2	135	1080	zero_effect	O	0.10327496372290147
2	135	1080	zero_effect	D	0.10327496372290147
3	8	64	additive	S	0.026195167136201958
3	8	64	additive	M	0.026195167136201958
3	8	64	additive	P	0.056371891728376325
3	8	64	additive	O	0.056371891728376325
3	8	64	additive	D	0.056371891728376325
3	8	64	compositional_ridge	S	0.025403931071276635
3	8	64	compositional_ridge	M	0.025403931071276635
3	8	64	compositional_ridge	P	0.055580655663451037
3	8	64	compositional_ridge	O	0.055580655663451037
3	8	64	compositional_ridge	D	0.055580655663451037
3	8	64	CPA_0.8.8	S	0.080014864718096629
3	8	64	CPA_0.8.8	M	0.080014864718096629
3	8	64	CPA_0.8.8	P	0.11344019392832538
3	8	64	CPA_0.8.8	O	0.10694298469221666
3	8	64	CPA_0.8.8	D	0.11019158931027108
3	8	64	zero_effect	S	0.12283104605356325
3	8	64	zero_effect	M	0.12283104605356325
3	8	64	zero_effect	P	0.12283104605356325
3	8	64	zero_effect	O	0.12283104605356325
3	8	64	zero_effect	D	0.12283104605356325
3	16	128	additive	S	0.026195167136201958
3	16	128	additive	M	0.026195167136201958
3	16	128	additive	P	0.041875869312421495
3	16	128	additive	O	0.041875869312421495
3	16	128	additive	D	0.041875869312421495
3	16	128	compositional_ridge	S	0.025403931071276635
3	16	128	compositional_ridge	M	0.025403931071276635
3	16	128	compositional_ridge	P	0.041084633247496172
3	16	128	compositional_ridge	O	0.041084633247496172
3	16	128	compositional_ridge	D	0.041084633247496172
3	16	128	CPA_0.8.8	S	0.074260980724734929
3	16	128	CPA_0.8.8	M	0.074260980724734929
3	16	128	CPA_0.8.8	P	0.091280080507232284
3	16	128	CPA_0.8.8	O	0.088603285294676593
3	16	128	CPA_0.8.8	D	0.089941682900954473
3	16	128	zero_effect	S	0.11037886120403212
3	16	128	zero_effect	M	0.11037886120403212
3	16	128	zero_effect	P	0.11037886120403212
3	16	128	zero_effect	O	0.11037886120403212
3	16	128	zero_effect	D	0.11037886120403212
3	32	256	additive	S	0.026195167136201958
3	32	256	additive	M	0.026195167136201958
3	32	256	additive	P	0.034196954283321583
3	32	256	additive	O	0.034196954283321583
3	32	256	additive	D	0.034196954283321583
3	32	256	compositional_ridge	S	0.025403931071276635
3	32	256	compositional_ridge	M	0.025403931071276635
3	32	256	compositional_ridge	P	0.033405718218396253
3	32	256	compositional_ridge	O	0.033405718218396253
3	32	256	compositional_ridge	D	0.033405718218396253
3	32	256	CPA_0.8.8	S	0.07550934956298011
3	32	256	CPA_0.8.8	M	0.075509349562980124
3	32	256	CPA_0.8.8	P	0.084481307285398141
3	32	256	CPA_0.8.8	O	0.08254096613480133
3	32	256	CPA_0.8.8	D	0.08351113671009977
3	32	256	zero_effect	S	0.10823770066731814
3	32	256	zero_effect	M	0.10823770066731814
3	32	256	zero_effect	P	0.10823770066731814
3	32	256	zero_effect	O	0.10823770066731814
3	32	256	zero_effect	D	0.10823770066731814
3	64	512	additive	S	0.026195167136201958
3	64	512	additive	M	0.026195167136201958
3	64	512	additive	P	0.030324559497747105
3	64	512	additive	O	0.030324559497747105
3	64	512	additive	D	0.030324559497747105
3	64	512	compositional_ridge	S	0.025403931071276635
3	64	512	compositional_ridge	M	0.025403931071276635
3	64	512	compositional_ridge	P	0.029533323432821789
3	64	512	compositional_ridge	O	0.029533323432821789
3	64	512	compositional_ridge	D	0.029533323432821789
3	64	512	CPA_0.8.8	S	0.073847102361818392
3	64	512	CPA_0.8.8	M	0.073847102361818379
3	64	512	CPA_0.8.8	P	0.078598568670955465
3	64	512	CPA_0.8.8	O	0.077354420775771593
3	64	512	CPA_0.8.8	D	0.077976494723363501
3	64	512	zero_effect	S	0.10428550380502531
3	64	512	zero_effect	M	0.10428550380502533
3	64	512	zero_effect	P	0.10428550380502533
3	64	512	zero_effect	O	0.10428550380502533
3	64	512	zero_effect	D	0.10428550380502533
3	128	1024	additive	S	0.026195167136201958
3	128	1024	additive	M	0.026195167136201958
3	128	1024	additive	P	0.028122746785887272
3	128	1024	additive	O	0.028122746785887272
3	128	1024	additive	D	0.028122746785887272
3	128	1024	compositional_ridge	S	0.025403931071276635
3	128	1024	compositional_ridge	M	0.025403931071276635
3	128	1024	compositional_ridge	P	0.027331510720961964
3	128	1024	compositional_ridge	O	0.027331510720961964
3	128	1024	compositional_ridge	D	0.027331510720961964
3	128	1024	CPA_0.8.8	S	0.073002659113796553
3	128	1024	CPA_0.8.8	M	0.073002659113796553
3	128	1024	CPA_0.8.8	P	0.075148604935176944
3	128	1024	CPA_0.8.8	O	0.074711872591786785
3	128	1024	CPA_0.8.8	D	0.074930238763481857
3	128	1024	zero_effect	S	0.10226445598301483
3	128	1024	zero_effect	M	0.10226445598301483
3	128	1024	zero_effect	P	0.10226445598301483
3	128	1024	zero_effect	O	0.10226445598301483
3	128	1024	zero_effect	D	0.10226445598301483
3	135	1080	additive	S	0.026195167136201958
3	135	1080	additive	M	0.026195167136201958
3	135	1080	additive	P	0.028050778005380417
3	135	1080	additive	O	0.028050778005380417
3	135	1080	additive	D	0.028050778005380417
3	135	1080	compositional_ridge	S	0.025403931071276635
3	135	1080	compositional_ridge	M	0.025403931071276635
3	135	1080	compositional_ridge	P	0.027259541940455111
3	135	1080	compositional_ridge	O	0.027259541940455111
3	135	1080	compositional_ridge	D	0.027259541940455111
3	135	1080	CPA_0.8.8	S	0.073307066509215965
3	135	1080	CPA_0.8.8	M	0.073307066509215965
3	135	1080	CPA_0.8.8	P	0.075396928783677666
3	135	1080	CPA_0.8.8	O	0.07492842597311121
3	135	1080	CPA_0.8.8	D	0.07516267737839441
3	135	1080	zero_effect	S	0.102567922411659
3	135	1080	zero_effect	M	0.102567922411659
3	135	1080	zero_effect	P	0.102567922411659
3	135	1080	zero_effect	O	0.102567922411659
3	135	1080	zero_effect	D	0.102567922411659
4	8	64	additive	S	0.026195167136201958
4	8	64	additive	M	0.026195167136201958
4	8	64	additive	P	0.055569780589541741
4	8	64	additive	O	0.055569780589541741
4	8	64	additive	D	0.055569780589541741
4	8	64	compositional_ridge	S	0.025403931071276635
4	8	64	compositional_ridge	M	0.025403931071276635
4	8	64	compositional_ridge	P	0.05477854452461639
4	8	64	compositional_ridge	O	0.05477854452461639
4	8	64	compositional_ridge	D	0.05477854452461639
4	8	64	CPA_0.8.8	S	0.069609678936972938
4	8	64	CPA_0.8.8	M	0.069609678936972938
4	8	64	CPA_0.8.8	P	0.10106484817647439
4	8	64	CPA_0.8.8	O	0.096903736604150997
4	8	64	CPA_0.8.8	D	0.0989842923903127
4	8	64	zero_effect	S	0.11094839173997537
4	8	64	zero_effect	M	0.11094839173997537
4	8	64	zero_effect	P	0.11094839173997537
4	8	64	zero_effect	O	0.11094839173997537
4	8	64	zero_effect	D	0.11094839173997537
4	16	128	additive	S	0.026195167136201958
4	16	128	additive	M	0.026195167136201958
4	16	128	additive	P	0.040351326889998936
4	16	128	additive	O	0.040351326889998936
4	16	128	additive	D	0.040351326889998936
4	16	128	compositional_ridge	S	0.025403931071276635
4	16	128	compositional_ridge	M	0.025403931071276635
4	16	128	compositional_ridge	P	0.039560090825073606
4	16	128	compositional_ridge	O	0.039560090825073606
4	16	128	compositional_ridge	D	0.039560090825073606
4	16	128	CPA_0.8.8	S	0.074646113154797439
4	16	128	CPA_0.8.8	M	0.074646113154797439
4	16	128	CPA_0.8.8	P	0.089445829417258288
4	16	128	CPA_0.8.8	O	0.088158716399930573
4	16	128	CPA_0.8.8	D	0.088802272908594423
4	16	128	zero_effect	S	0.1101294508141091
4	16	128	zero_effect	M	0.11012945081410909
4	16	128	zero_effect	P	0.11012945081410909
4	16	128	zero_effect	O	0.11012945081410909
4	16	128	zero_effect	D	0.11012945081410909
4	32	256	additive	S	0.026195167136201958
4	32	256	additive	M	0.026195167136201958
4	32	256	additive	P	0.033435722987128935
4	32	256	additive	O	0.033435722987128935
4	32	256	additive	D	0.033435722987128935
4	32	256	compositional_ridge	S	0.025403931071276635
4	32	256	compositional_ridge	M	0.025403931071276635
4	32	256	compositional_ridge	P	0.032644486922203599
4	32	256	compositional_ridge	O	0.032644486922203599
4	32	256	compositional_ridge	D	0.032644486922203599
4	32	256	CPA_0.8.8	S	0.074715837355228201
4	32	256	CPA_0.8.8	M	0.074715837355228201
4	32	256	CPA_0.8.8	P	0.082522982036831588
4	32	256	CPA_0.8.8	O	0.081389804375478825
4	32	256	CPA_0.8.8	D	0.081956393206155193
4	32	256	zero_effect	S	0.10775420626235251
4	32	256	zero_effect	M	0.10775420626235252
4	32	256	zero_effect	P	0.10775420626235252
4	32	256	zero_effect	O	0.10775420626235252
4	32	256	zero_effect	D	0.10775420626235252
4	64	512	additive	S	0.026195167136201958
4	64	512	additive	M	0.026195167136201958
4	64	512	additive	P	0.029784253354749858
4	64	512	additive	O	0.029784253354749858
4	64	512	additive	D	0.029784253354749858
4	64	512	compositional_ridge	S	0.025403931071276635
4	64	512	compositional_ridge	M	0.025403931071276635
4	64	512	compositional_ridge	P	0.028993017289824535
4	64	512	compositional_ridge	O	0.028993017289824535
4	64	512	compositional_ridge	D	0.028993017289824535
4	64	512	CPA_0.8.8	S	0.074979277612036155
4	64	512	CPA_0.8.8	M	0.074979277612036155
4	64	512	CPA_0.8.8	P	0.078723165862645661
4	64	512	CPA_0.8.8	O	0.078413561798522421
4	64	512	CPA_0.8.8	D	0.078568363830584048
4	64	512	zero_effect	S	0.10559902729241831
4	64	512	zero_effect	M	0.10559902729241831
4	64	512	zero_effect	P	0.10559902729241831
4	64	512	zero_effect	O	0.10559902729241831
4	64	512	zero_effect	D	0.10559902729241831
4	128	1024	additive	S	0.026195167136201958
4	128	1024	additive	M	0.026195167136201958
4	128	1024	additive	P	0.028069232968176157
4	128	1024	additive	O	0.028069232968176157
4	128	1024	additive	D	0.028069232968176157
4	128	1024	compositional_ridge	S	0.025403931071276635
4	128	1024	compositional_ridge	M	0.025403931071276635
4	128	1024	compositional_ridge	P	0.027277996903250844
4	128	1024	compositional_ridge	O	0.027277996903250844
4	128	1024	compositional_ridge	D	0.027277996903250844
4	128	1024	CPA_0.8.8	S	0.074076607833828675
4	128	1024	CPA_0.8.8	M	0.074076607833828689
4	128	1024	CPA_0.8.8	P	0.07608699725682308
4	128	1024	CPA_0.8.8	O	0.075814350074782696
4	128	1024	CPA_0.8.8	D	0.075950673665802881
4	128	1024	zero_effect	S	0.10355033874916166
4	128	1024	zero_effect	M	0.10355033874916166
4	128	1024	zero_effect	P	0.10355033874916166
4	128	1024	zero_effect	O	0.10355033874916166
4	128	1024	zero_effect	D	0.10355033874916166
4	135	1080	additive	S	0.026195167136201958
4	135	1080	additive	M	0.026195167136201958
4	135	1080	additive	P	0.027954376161624824
4	135	1080	additive	O	0.027954376161624824
4	135	1080	additive	D	0.027954376161624824
4	135	1080	compositional_ridge	S	0.025403931071276635
4	135	1080	compositional_ridge	M	0.025403931071276635
4	135	1080	compositional_ridge	P	0.027163140096699515
4	135	1080	compositional_ridge	O	0.027163140096699515
4	135	1080	compositional_ridge	D	0.027163140096699515
4	135	1080	CPA_0.8.8	S	0.074212007325862139
4	135	1080	CPA_0.8.8	M	0.074212007325862139
4	135	1080	CPA_0.8.8	P	0.076091829261109856
4	135	1080	CPA_0.8.8	O	0.075850603441460121
4	135	1080	CPA_0.8.8	D	0.075971216351284968
4	135	1080	zero_effect	S	0.1036472902976731
4	135	1080	zero_effect	M	0.1036472902976731
4	135	1080	zero_effect	P	0.1036472902976731
4	135	1080	zero_effect	O	0.1036472902976731
4	135	1080	zero_effect	D	0.1036472902976731
5	8	64	additive	S	0.026195167136201958
5	8	64	additive	M	0.026195167136201958
5	8	64	additive	P	0.056876374314919972
5	8	64	additive	O	0.056876374314919972
5	8	64	additive	D	0.056876374314919972
5	8	64	compositional_ridge	S	0.025403931071276635
5	8	64	compositional_ridge	M	0.025403931071276635
5	8	64	compositional_ridge	P	0.056085138249994636
5	8	64	compositional_ridge	O	0.056085138249994636
5	8	64	compositional_ridge	D	0.056085138249994636
5	8	64	CPA_0.8.8	S	0.070285261209211372
5	8	64	CPA_0.8.8	M	0.070285261209211372
5	8	64	CPA_0.8.8	P	0.10279044837660867
5	8	64	CPA_0.8.8	O	0.099142488399250037
5	8	64	CPA_0.8.8	D	0.10096646838792941
5	8	64	zero_effect	S	0.11344583877000516
5	8	64	zero_effect	M	0.11344583877000516
5	8	64	zero_effect	P	0.11344583877000516
5	8	64	zero_effect	O	0.11344583877000516
5	8	64	zero_effect	D	0.11344583877000516
5	16	128	additive	S	0.026195167136201958
5	16	128	additive	M	0.026195167136201958
5	16	128	additive	P	0.042037799132078245
5	16	128	additive	O	0.042037799132078245
5	16	128	additive	D	0.042037799132078245
5	16	128	compositional_ridge	S	0.025403931071276635
5	16	128	compositional_ridge	M	0.025403931071276635
5	16	128	compositional_ridge	P	0.041246563067152957
5	16	128	compositional_ridge	O	0.041246563067152957
5	16	128	compositional_ridge	D	0.041246563067152957
5	16	128	CPA_0.8.8	S	0.072689391294662148
5	16	128	CPA_0.8.8	M	0.072689391294662148
5	16	128	CPA_0.8.8	P	0.09027131263189081
5	16	128	CPA_0.8.8	O	0.086792733949186143
5	16	128	CPA_0.8.8	D	0.088532023290538442
5	16	128	zero_effect	S	0.10819334963705508
5	16	128	zero_effect	M	0.10819334963705508
5	16	128	zero_effect	P	0.10819334963705508
5	16	128	zero_effect	O	0.10819334963705508
5	16	128	zero_effect	D	0.10819334963705508
5	32	256	additive	S	0.026195167136201958
5	32	256	additive	M	0.026195167136201958
5	32	256	additive	P	0.033791925962412477
5	32	256	additive	O	0.033791925962412477
5	32	256	additive	D	0.033791925962412477
5	32	256	compositional_ridge	S	0.025403931071276635
5	32	256	compositional_ridge	M	0.025403931071276635
5	32	256	compositional_ridge	P	0.033000689897487168
5	32	256	compositional_ridge	O	0.033000689897487168
5	32	256	compositional_ridge	D	0.033000689897487168
5	32	256	CPA_0.8.8	S	0.073130831641136845
5	32	256	CPA_0.8.8	M	0.073130831641136845
5	32	256	CPA_0.8.8	P	0.081237287921993209
5	32	256	CPA_0.8.8	O	0.080217893012701533
5	32	256	CPA_0.8.8	D	0.080727590467347371
5	32	256	zero_effect	S	0.10572235332560455
5	32	256	zero_effect	M	0.10572235332560455
5	32	256	zero_effect	P	0.10572235332560455
5	32	256	zero_effect	O	0.10572235332560455
5	32	256	zero_effect	D	0.10572235332560455
5	64	512	additive	S	0.026195167136201958
5	64	512	additive	M	0.026195167136201958
5	64	512	additive	P	0.029905063960466202
5	64	512	additive	O	0.029905063960466202
5	64	512	additive	D	0.029905063960466202
5	64	512	compositional_ridge	S	0.025403931071276635
5	64	512	compositional_ridge	M	0.025403931071276635
5	64	512	compositional_ridge	P	0.029113827895540897
5	64	512	compositional_ridge	O	0.029113827895540897
5	64	512	compositional_ridge	D	0.029113827895540897
5	64	512	CPA_0.8.8	S	0.073104226853258444
5	64	512	CPA_0.8.8	M	0.073104226853258444
5	64	512	CPA_0.8.8	P	0.077071831382244341
5	64	512	CPA_0.8.8	O	0.076556415972801065
5	64	512	CPA_0.8.8	D	0.076814123677522717
5	64	512	zero_effect	S	0.10344205507563543
5	64	512	zero_effect	M	0.10344205507563543
5	64	512	zero_effect	P	0.10344205507563543
5	64	512	zero_effect	O	0.10344205507563543
5	64	512	zero_effect	D	0.10344205507563543
5	128	1024	additive	S	0.026195167136201958
5	128	1024	additive	M	0.026195167136201958
5	128	1024	additive	P	0.028130133628864948
5	128	1024	additive	O	0.028130133628864948
5	128	1024	additive	D	0.028130133628864948
5	128	1024	compositional_ridge	S	0.025403931071276635
5	128	1024	compositional_ridge	M	0.025403931071276635
5	128	1024	compositional_ridge	P	0.027338897563939642
5	128	1024	compositional_ridge	O	0.027338897563939642
5	128	1024	compositional_ridge	D	0.027338897563939642
5	128	1024	CPA_0.8.8	S	0.07374173059512687
5	128	1024	CPA_0.8.8	M	0.07374173059512687
5	128	1024	CPA_0.8.8	P	0.075834386868107895
5	128	1024	CPA_0.8.8	O	0.075519007307471811
5	128	1024	CPA_0.8.8	D	0.075676697087789901
5	128	1024	zero_effect	S	0.1031804925646255
5	128	1024	zero_effect	M	0.1031804925646255
5	128	1024	zero_effect	P	0.1031804925646255
5	128	1024	zero_effect	O	0.1031804925646255
5	128	1024	zero_effect	D	0.1031804925646255
5	135	1080	additive	S	0.026195167136201958
5	135	1080	additive	M	0.026195167136201958
5	135	1080	additive	P	0.028032127111676079
5	135	1080	additive	O	0.028032127111676079
5	135	1080	additive	D	0.028032127111676079
5	135	1080	compositional_ridge	S	0.025403931071276635
5	135	1080	compositional_ridge	M	0.025403931071276635
5	135	1080	compositional_ridge	P	0.027240891046750766
5	135	1080	compositional_ridge	O	0.027240891046750766
5	135	1080	compositional_ridge	D	0.027240891046750766
5	135	1080	CPA_0.8.8	S	0.073375509458175975
5	135	1080	CPA_0.8.8	M	0.073375509458175947
5	135	1080	CPA_0.8.8	P	0.075362632340712679
5	135	1080	CPA_0.8.8	O	0.075062306526587491
5	135	1080	CPA_0.8.8	D	0.075212469433650064
5	135	1080	zero_effect	S	0.10271433755719499
5	135	1080	zero_effect	M	0.10271433755719499
5	135	1080	zero_effect	P	0.10271433755719499
5	135	1080	zero_effect	O	0.10271433755719499
5	135	1080	zero_effect	D	0.10271433755719499
6	8	64	additive	S	0.026195167136201958
6	8	64	additive	M	0.026195167136201958
6	8	64	additive	P	0.057143599216588174
6	8	64	additive	O	0.057143599216588174
6	8	64	additive	D	0.057143599216588174
6	8	64	compositional_ridge	S	0.025403931071276635
6	8	64	compositional_ridge	M	0.025403931071276635
6	8	64	compositional_ridge	P	0.056352363151662872
6	8	64	compositional_ridge	O	0.056352363151662872
6	8	64	compositional_ridge	D	0.056352363151662872
6	8	64	CPA_0.8.8	S	0.073760514332532348
6	8	64	CPA_0.8.8	M	0.073760514332532362
6	8	64	CPA_0.8.8	P	0.10861254176369037
6	8	64	CPA_0.8.8	O	0.10080535106214684
6	8	64	CPA_0.8.8	D	0.10470894641291857
6	8	64	zero_effect	S	0.11660727134911351
6	8	64	zero_effect	M	0.11660727134911351
6	8	64	zero_effect	P	0.11660727134911351
6	8	64	zero_effect	O	0.11660727134911351
6	8	64	zero_effect	D	0.11660727134911351
6	16	128	additive	S	0.026195167136201958
6	16	128	additive	M	0.026195167136201958
6	16	128	additive	P	0.042559276600380273
6	16	128	additive	O	0.042559276600380273
6	16	128	additive	D	0.042559276600380273
6	16	128	compositional_ridge	S	0.025403931071276635
6	16	128	compositional_ridge	M	0.025403931071276635
6	16	128	compositional_ridge	P	0.041768040535454951
6	16	128	compositional_ridge	O	0.041768040535454951
6	16	128	compositional_ridge	D	0.041768040535454951
6	16	128	CPA_0.8.8	S	0.075357386026415632
6	16	128	CPA_0.8.8	M	0.075357386026415632
6	16	128	CPA_0.8.8	P	0.094280290723073465
6	16	128	CPA_0.8.8	O	0.089162700258114375
6	16	128	CPA_0.8.8	D	0.091721495490593954
6	16	128	zero_effect	S	0.11155640424469219
6	16	128	zero_effect	M	0.11155640424469217
6	16	128	zero_effect	P	0.11155640424469217
6	16	128	zero_effect	O	0.11155640424469217
6	16	128	zero_effect	D	0.11155640424469217
6	32	256	additive	S	0.026195167136201958
6	32	256	additive	M	0.026195167136201958
6	32	256	additive	P	0.034257083388405274
6	32	256	additive	O	0.034257083388405274
6	32	256	additive	D	0.034257083388405274
6	32	256	compositional_ridge	S	0.025403931071276635
6	32	256	compositional_ridge	M	0.025403931071276635
6	32	256	compositional_ridge	P	0.033465847323479937
6	32	256	compositional_ridge	O	0.033465847323479937
6	32	256	compositional_ridge	D	0.033465847323479937
6	32	256	CPA_0.8.8	S	0.071942815886434031
6	32	256	CPA_0.8.8	M	0.071942815886434031
6	32	256	CPA_0.8.8	P	0.080747250294290321
6	32	256	CPA_0.8.8	O	0.079262213982984359
6	32	256	CPA_0.8.8	D	0.080004732138637333
6	32	256	zero_effect	S	0.10436888665991367
6	32	256	zero_effect	M	0.10436888665991369
6	32	256	zero_effect	P	0.10436888665991369
6	32	256	zero_effect	O	0.10436888665991369
6	32	256	zero_effect	D	0.10436888665991369
6	64	512	additive	S	0.026195167136201958
6	64	512	additive	M	0.026195167136201958
6	64	512	additive	P	0.030157483375357896
6	64	512	additive	O	0.030157483375357896
6	64	512	additive	D	0.030157483375357896
6	64	512	compositional_ridge	S	0.025403931071276635
6	64	512	compositional_ridge	M	0.025403931071276635
6	64	512	compositional_ridge	P	0.029366247310432587
6	64	512	compositional_ridge	O	0.029366247310432587
6	64	512	compositional_ridge	D	0.029366247310432587
6	64	512	CPA_0.8.8	S	0.072961535452032891
6	64	512	CPA_0.8.8	M	0.072961535452032891
6	64	512	CPA_0.8.8	P	0.077314737115512594
6	64	512	CPA_0.8.8	O	0.076532966266865052
6	64	512	CPA_0.8.8	D	0.07692385169118883
6	64	512	zero_effect	S	0.10308991787653868
6	64	512	zero_effect	M	0.10308991787653868
6	64	512	zero_effect	P	0.10308991787653868
6	64	512	zero_effect	O	0.10308991787653868
6	64	512	zero_effect	D	0.10308991787653868
6	128	1024	additive	S	0.026195167136201958
6	128	1024	additive	M	0.026195167136201958
6	128	1024	additive	P	0.02806855655447392
6	128	1024	additive	O	0.02806855655447392
6	128	1024	additive	D	0.02806855655447392
6	128	1024	compositional_ridge	S	0.025403931071276635
6	128	1024	compositional_ridge	M	0.025403931071276635
6	128	1024	compositional_ridge	P	0.027277320489548614
6	128	1024	compositional_ridge	O	0.027277320489548614
6	128	1024	compositional_ridge	D	0.027277320489548614
6	128	1024	CPA_0.8.8	S	0.073627318724512641
6	128	1024	CPA_0.8.8	M	0.073627318724512641
6	128	1024	CPA_0.8.8	P	0.075647411856068367
6	128	1024	CPA_0.8.8	O	0.075354004429500812
6	128	1024	CPA_0.8.8	D	0.075500708142784589
6	128	1024	zero_effect	S	0.10304894970291531
6	128	1024	zero_effect	M	0.10304894970291531
6	128	1024	zero_effect	P	0.10304894970291531
6	128	1024	zero_effect	O	0.10304894970291531
6	128	1024	zero_effect	D	0.10304894970291531
6	135	1080	additive	S	0.026195167136201958
6	135	1080	additive	M	0.026195167136201958
6	135	1080	additive	P	0.027961903921729935
6	135	1080	additive	O	0.027961903921729935
6	135	1080	additive	D	0.027961903921729935
6	135	1080	compositional_ridge	S	0.025403931071276635
6	135	1080	compositional_ridge	M	0.025403931071276635
6	135	1080	compositional_ridge	P	0.027170667856804616
6	135	1080	compositional_ridge	O	0.027170667856804616
6	135	1080	compositional_ridge	D	0.027170667856804616
6	135	1080	CPA_0.8.8	S	0.073641796461527076
6	135	1080	CPA_0.8.8	M	0.073641796461527076
6	135	1080	CPA_0.8.8	P	0.075554368436311414
6	135	1080	CPA_0.8.8	O	0.075262698057798755
6	135	1080	CPA_0.8.8	D	0.075408533247055085
6	135	1080	zero_effect	S	0.10291939648537006
6	135	1080	zero_effect	M	0.10291939648537006
6	135	1080	zero_effect	P	0.10291939648537006
6	135	1080	zero_effect	O	0.10291939648537006
6	135	1080	zero_effect	D	0.10291939648537006
7	8	64	additive	S	0.026195167136201958
7	8	64	additive	M	0.026195167136201958
7	8	64	additive	P	0.057284807559903471
7	8	64	additive	O	0.057284807559903471
7	8	64	additive	D	0.057284807559903471
7	8	64	compositional_ridge	S	0.025403931071276635
7	8	64	compositional_ridge	M	0.025403931071276635
7	8	64	compositional_ridge	P	0.056493571494978176
7	8	64	compositional_ridge	O	0.056493571494978176
7	8	64	compositional_ridge	D	0.056493571494978176
7	8	64	CPA_0.8.8	S	0.07422212818981154
7	8	64	CPA_0.8.8	M	0.07422212818981154
7	8	64	CPA_0.8.8	P	0.10756534743322234
7	8	64	CPA_0.8.8	O	0.10305818979380378
7	8	64	CPA_0.8.8	D	0.10531176861351306
7	8	64	zero_effect	S	0.11766313339936825
7	8	64	zero_effect	M	0.11766313339936826
7	8	64	zero_effect	P	0.11766313339936826
7	8	64	zero_effect	O	0.11766313339936826
7	8	64	zero_effect	D	0.11766313339936826
7	16	128	additive	S	0.026195167136201958
7	16	128	additive	M	0.026195167136201958
7	16	128	additive	P	0.041119904383980291
7	16	128	additive	O	0.041119904383980291
7	16	128	additive	D	0.041119904383980291
7	16	128	compositional_ridge	S	0.025403931071276635
7	16	128	compositional_ridge	M	0.025403931071276635
7	16	128	compositional_ridge	P	0.040328668319054968
7	16	128	compositional_ridge	O	0.040328668319054968
7	16	128	compositional_ridge	D	0.040328668319054968
7	16	128	CPA_0.8.8	S	0.076842531377201512
7	16	128	CPA_0.8.8	M	0.076842531377201512
7	16	128	CPA_0.8.8	P	0.093123752298991586
7	16	128	CPA_0.8.8	O	0.090410784950968118
7	16	128	CPA_0.8.8	D	0.091767268624979831
7	16	128	zero_effect	S	0.11252044681937831
7	16	128	zero_effect	M	0.11252044681937835
7	16	128	zero_effect	P	0.11252044681937835
7	16	128	zero_effect	O	0.11252044681937835
7	16	128	zero_effect	D	0.11252044681937835
7	32	256	additive	S	0.026195167136201958
7	32	256	additive	M	0.026195167136201958
7	32	256	additive	P	0.033822707388398765
7	32	256	additive	O	0.033822707388398765
7	32	256	additive	D	0.033822707388398765
7	32	256	compositional_ridge	S	0.025403931071276635
7	32	256	compositional_ridge	M	0.025403931071276635
7	32	256	compositional_ridge	P	0.033031471323473421
7	32	256	compositional_ridge	O	0.033031471323473421
7	32	256	compositional_ridge	D	0.033031471323473421
7	32	256	CPA_0.8.8	S	0.075455244552644532
7	32	256	CPA_0.8.8	M	0.075455244552644532
7	32	256	CPA_0.8.8	P	0.083959020320494918
7	32	256	CPA_0.8.8	O	0.082206549289187705
7	32	256	CPA_0.8.8	D	0.083082784804841325
7	32	256	zero_effect	S	0.10697517681520838
7	32	256	zero_effect	M	0.10697517681520838
7	32	256	zero_effect	P	0.10697517681520838
7	32	256	zero_effect	O	0.10697517681520838
7	32	256	zero_effect	D	0.10697517681520838
7	64	512	additive	S	0.026195167136201958
7	64	512	additive	M	0.026195167136201958
7	64	512	additive	P	0.029983739782110049
7	64	512	additive	O	0.029983739782110049
7	64	512	additive	D	0.029983739782110049
7	64	512	compositional_ridge	S	0.025403931071276635
7	64	512	compositional_ridge	M	0.025403931071276635
7	64	512	compositional_ridge	P	0.029192503717184737
7	64	512	compositional_ridge	O	0.029192503717184737
7	64	512	compositional_ridge	D	0.029192503717184737
7	64	512	CPA_0.8.8	S	0.074203441649933172
7	64	512	CPA_0.8.8	M	0.074203441649933172
7	64	512	CPA_0.8.8	P	0.078326049010628909
7	64	512	CPA_0.8.8	O	0.077657979581053624
7	64	512	CPA_0.8.8	D	0.07799201429584128
7	64	512	zero_effect	S	0.10429017490082758
7	64	512	zero_effect	M	0.10429017490082758
7	64	512	zero_effect	P	0.10429017490082758
7	64	512	zero_effect	O	0.10429017490082758
7	64	512	zero_effect	D	0.10429017490082758
7	128	1024	additive	S	0.026195167136201958
7	128	1024	additive	M	0.026195167136201958
7	128	1024	additive	P	0.027981185867986303
7	128	1024	additive	O	0.027981185867986303
7	128	1024	additive	D	0.027981185867986303
7	128	1024	compositional_ridge	S	0.025403931071276635
7	128	1024	compositional_ridge	M	0.025403931071276635
7	128	1024	compositional_ridge	P	0.027189949803060998
7	128	1024	compositional_ridge	O	0.027189949803060998
7	128	1024	compositional_ridge	D	0.027189949803060998
7	128	1024	CPA_0.8.8	S	0.074213786340141155
7	128	1024	CPA_0.8.8	M	0.074213786340141155
7	128	1024	CPA_0.8.8	P	0.076108490170980425
7	128	1024	CPA_0.8.8	O	0.075891119972870569
7	128	1024	CPA_0.8.8	D	0.075999805071925469
7	128	1024	zero_effect	S	0.10365207388079314
7	128	1024	zero_effect	M	0.10365207388079314
7	128	1024	zero_effect	P	0.10365207388079314
7	128	1024	zero_effect	O	0.10365207388079314
7	128	1024	zero_effect	D	0.10365207388079314
7	135	1080	additive	S	0.026195167136201958
7	135	1080	additive	M	0.026195167136201958
7	135	1080	additive	P	0.027889682034660402
7	135	1080	additive	O	0.027889682034660402
7	135	1080	additive	D	0.027889682034660402
7	135	1080	compositional_ridge	S	0.025403931071276635
7	135	1080	compositional_ridge	M	0.025403931071276635
7	135	1080	compositional_ridge	P	0.027098445969735086
7	135	1080	compositional_ridge	O	0.027098445969735086
7	135	1080	compositional_ridge	D	0.027098445969735086
7	135	1080	CPA_0.8.8	S	0.073939929346715672
7	135	1080	CPA_0.8.8	M	0.073939929346715672
7	135	1080	CPA_0.8.8	P	0.075742853406374419
7	135	1080	CPA_0.8.8	O	0.075526035083973792
7	135	1080	CPA_0.8.8	D	0.075634444245174084
7	135	1080	zero_effect	S	0.10328281951059527
7	135	1080	zero_effect	M	0.10328281951059529
7	135	1080	zero_effect	P	0.10328281951059529
7	135	1080	zero_effect	O	0.10328281951059529
7	135	1080	zero_effect	D	0.10328281951059529
8	8	64	additive	S	0.026195167136201958
8	8	64	additive	M	0.026195167136201958
8	8	64	additive	P	0.055037720169294639
8	8	64	additive	O	0.055037720169294639
8	8	64	additive	D	0.055037720169294639
8	8	64	compositional_ridge	S	0.025403931071276635
8	8	64	compositional_ridge	M	0.025403931071276635
8	8	64	compositional_ridge	P	0.054246484104369302
8	8	64	compositional_ridge	O	0.054246484104369302
8	8	64	compositional_ridge	D	0.054246484104369302
8	8	64	CPA_0.8.8	S	0.077448826998186407
8	8	64	CPA_0.8.8	M	0.077448826998186407
8	8	64	CPA_0.8.8	P	0.10889875023361321
8	8	64	CPA_0.8.8	O	0.10368400982894502
8	8	64	CPA_0.8.8	D	0.1062913800312791
8	8	64	zero_effect	S	0.11985803781642348
8	8	64	zero_effect	M	0.11985803781642348
8	8	64	zero_effect	P	0.11985803781642348
8	8	64	zero_effect	O	0.11985803781642348
8	8	64	zero_effect	D	0.11985803781642348
8	16	128	additive	S	0.026195167136201958
8	16	128	additive	M	0.026195167136201958
8	16	128	additive	P	0.040535414016020344
8	16	128	additive	O	0.040535414016020344
8	16	128	additive	D	0.040535414016020344
8	16	128	compositional_ridge	S	0.025403931071276635
8	16	128	compositional_ridge	M	0.025403931071276635
8	16	128	compositional_ridge	P	0.039744177951095035
8	16	128	compositional_ridge	O	0.039744177951095035
8	16	128	compositional_ridge	D	0.039744177951095035
8	16	128	CPA_0.8.8	S	0.077483843469043051
8	16	128	CPA_0.8.8	M	0.077483843469043051
8	16	128	CPA_0.8.8	P	0.09264495298426087
8	16	128	CPA_0.8.8	O	0.091003227713461934
8	16	128	CPA_0.8.8	D	0.091824090348861423
8	16	128	zero_effect	S	0.11337408024386959
8	16	128	zero_effect	M	0.11337408024386959
8	16	128	zero_effect	P	0.11337408024386959
8	16	128	zero_effect	O	0.11337408024386959
8	16	128	zero_effect	D	0.11337408024386959
8	32	256	additive	S	0.026195167136201958
8	32	256	additive	M	0.026195167136201958
8	32	256	additive	P	0.033967851641225878
8	32	256	additive	O	0.033967851641225878
8	32	256	additive	D	0.033967851641225878
8	32	256	compositional_ridge	S	0.025403931071276635
8	32	256	compositional_ridge	M	0.025403931071276635
8	32	256	compositional_ridge	P	0.033176615576300555
8	32	256	compositional_ridge	O	0.033176615576300555
8	32	256	compositional_ridge	D	0.033176615576300555
8	32	256	CPA_0.8.8	S	0.076935518557486621
8	32	256	CPA_0.8.8	M	0.076935518557486621
8	32	256	CPA_0.8.8	P	0.085652954972975454
8	32	256	CPA_0.8.8	O	0.083763451152045657
8	32	256	CPA_0.8.8	D	0.084708203062510576
8	32	256	zero_effect	S	0.10904559219547941
8	32	256	zero_effect	M	0.10904559219547941
8	32	256	zero_effect	P	0.10904559219547941
8	32	256	zero_effect	O	0.10904559219547941
8	32	256	zero_effect	D	0.10904559219547941
8	64	512	additive	S	0.026195167136201958
8	64	512	additive	M	0.026195167136201958
8	64	512	additive	P	0.030177750805945411
8	64	512	additive	O	0.030177750805945411
8	64	512	additive	D	0.030177750805945411
8	64	512	compositional_ridge	S	0.025403931071276635
8	64	512	compositional_ridge	M	0.025403931071276635
8	64	512	compositional_ridge	P	0.029386514741020105
8	64	512	compositional_ridge	O	0.029386514741020105
8	64	512	compositional_ridge	D	0.029386514741020105
8	64	512	CPA_0.8.8	S	0.072909734578418511
8	64	512	CPA_0.8.8	M	0.072909734578418511
8	64	512	CPA_0.8.8	P	0.077327402184250618
8	64	512	CPA_0.8.8	O	0.076457234312073394
8	64	512	CPA_0.8.8	D	0.076892318248162006
8	64	512	zero_effect	S	0.10272634782360104
8	64	512	zero_effect	M	0.102726347823601
8	64	512	zero_effect	P	0.102726347823601
8	64	512	zero_effect	O	0.102726347823601
8	64	512	zero_effect	D	0.102726347823601
8	128	1024	additive	S	0.026195167136201958
8	128	1024	additive	M	0.026195167136201958
8	128	1024	additive	P	0.028046496233148876
8	128	1024	additive	O	0.028046496233148876
8	128	1024	additive	D	0.028046496233148876
8	128	1024	compositional_ridge	S	0.025403931071276635
8	128	1024	compositional_ridge	M	0.025403931071276635
8	128	1024	compositional_ridge	P	0.027255260168223563
8	128	1024	compositional_ridge	O	0.027255260168223563
8	128	1024	compositional_ridge	D	0.027255260168223563
8	128	1024	CPA_0.8.8	S	0.073716944171888329
8	128	1024	CPA_0.8.8	M	0.073716944171888329
8	128	1024	CPA_0.8.8	P	0.075720013162540817
8	128	1024	CPA_0.8.8	O	0.075416533375129657
8	128	1024	CPA_0.8.8	D	0.075568273268835237
8	128	1024	zero_effect	S	0.10305400287751607
8	128	1024	zero_effect	M	0.10305400287751604
8	128	1024	zero_effect	P	0.10305400287751604
8	128	1024	zero_effect	O	0.10305400287751604
8	128	1024	zero_effect	D	0.10305400287751604
8	135	1080	additive	S	0.026195167136201958
8	135	1080	additive	M	0.026195167136201958
8	135	1080	additive	P	0.027951955077322243
8	135	1080	additive	O	0.027951955077322243
8	135	1080	additive	D	0.027951955077322243
8	135	1080	compositional_ridge	S	0.025403931071276635
8	135	1080	compositional_ridge	M	0.025403931071276635
8	135	1080	compositional_ridge	P	0.027160719012396931
8	135	1080	compositional_ridge	O	0.027160719012396931
8	135	1080	compositional_ridge	D	0.027160719012396931
8	135	1080	CPA_0.8.8	S	0.07363186495552615
8	135	1080	CPA_0.8.8	M	0.07363186495552615
8	135	1080	CPA_0.8.8	P	0.07551768364225242
8	135	1080	CPA_0.8.8	O	0.075259622151040401
8	135	1080	CPA_0.8.8	D	0.075388652896646424
8	135	1080	zero_effect	S	0.10294503366667812
8	135	1080	zero_effect	M	0.10294503366667811
8	135	1080	zero_effect	P	0.10294503366667811
8	135	1080	zero_effect	O	0.10294503366667811
8	135	1080	zero_effect	D	0.10294503366667811
9	8	64	additive	S	0.026195167136201958
9	8	64	additive	M	0.026195167136201958
9	8	64	additive	P	0.056320508965161151
9	8	64	additive	O	0.056320508965161151
9	8	64	additive	D	0.056320508965161151
9	8	64	compositional_ridge	S	0.025403931071276635
9	8	64	compositional_ridge	M	0.025403931071276635
9	8	64	compositional_ridge	P	0.0555292729002358
9	8	64	compositional_ridge	O	0.0555292729002358
9	8	64	compositional_ridge	D	0.0555292729002358
9	8	64	CPA_0.8.8	S	0.072321764692481597
9	8	64	CPA_0.8.8	M	0.072321764692481597
9	8	64	CPA_0.8.8	P	0.10468476652599694
9	8	64	CPA_0.8.8	O	0.10020944651688472
9	8	64	CPA_0.8.8	D	0.1024471065214408
9	8	64	zero_effect	S	0.11454196913190245
9	8	64	zero_effect	M	0.11454196913190245
9	8	64	zero_effect	P	0.11454196913190245
9	8	64	zero_effect	O	0.11454196913190245
9	8	64	zero_effect	D	0.11454196913190245
9	16	128	additive	S	0.026195167136201958
9	16	128	additive	M	0.026195167136201958
9	16	128	additive	P	0.041782940822703486
9	16	128	additive	O	0.041782940822703486
9	16	128	additive	D	0.041782940822703486
9	16	128	compositional_ridge	S	0.025403931071276635
9	16	128	compositional_ridge	M	0.025403931071276635
9	16	128	compositional_ridge	P	0.040991704757778163
9	16	128	compositional_ridge	O	0.040991704757778163
9	16	128	compositional_ridge	D	0.040991704757778163
9	16	128	CPA_0.8.8	S	0.071593025401847338
9	16	128	CPA_0.8.8	M	0.071593025401847338
9	16	128	CPA_0.8.8	P	0.088472462711458116
9	16	128	CPA_0.8.8	O	0.085889135465239616
9	16	128	CPA_0.8.8	D	0.087180799088348818
9	16	128	zero_effect	S	0.10625501477008828
9	16	128	zero_effect	M	0.10625501477008828
9	16	128	zero_effect	P	0.10625501477008828
9	16	128	zero_effect	O	0.10625501477008828
9	16	128	zero_effect	D	0.10625501477008828
9	32	256	additive	S	0.026195167136201958
9	32	256	additive	M	0.026195167136201958
9	32	256	additive	P	0.034202505204869789
9	32	256	additive	O	0.034202505204869789
9	32	256	additive	D	0.034202505204869789
9	32	256	compositional_ridge	S	0.025403931071276635
9	32	256	compositional_ridge	M	0.025403931071276635
9	32	256	compositional_ridge	P	0.033411269139944452
9	32	256	compositional_ridge	O	0.033411269139944452
9	32	256	compositional_ridge	D	0.033411269139944452
9	32	256	CPA_0.8.8	S	0.072144659256423924
9	32	256	CPA_0.8.8	M	0.072144659256423924
9	32	256	CPA_0.8.8	P	0.081123081985783899
9	32	256	CPA_0.8.8	O	0.079180912664399625
9	32	256	CPA_0.8.8	D	0.080151997325091748
9	32	256	zero_effect	S	0.10326577913151645
9	32	256	zero_effect	M	0.10326577913151645
9	32	256	zero_effect	P	0.10326577913151645
9	32	256	zero_effect	O	0.10326577913151645
9	32	256	zero_effect	D	0.10326577913151645
9	64	512	additive	S	0.026195167136201958
9	64	512	additive	M	0.026195167136201958
9	64	512	additive	P	0.030227690868202386
9	64	512	additive	O	0.030227690868202386
9	64	512	additive	D	0.030227690868202386
9	64	512	compositional_ridge	S	0.025403931071276635
9	64	512	compositional_ridge	M	0.025403931071276635
9	64	512	compositional_ridge	P	0.029436454803277074
9	64	512	compositional_ridge	O	0.029436454803277074
9	64	512	compositional_ridge	D	0.029436454803277074
9	64	512	CPA_0.8.8	S	0.073588663066761609
9	64	512	CPA_0.8.8	M	0.073588663066761609
9	64	512	CPA_0.8.8	P	0.078134549674522102
9	64	512	CPA_0.8.8	O	0.077107823923002014
9	64	512	CPA_0.8.8	D	0.077621186798762079
9	64	512	zero_effect	S	0.10383969557077088
9	64	512	zero_effect	M	0.10383969557077088
9	64	512	zero_effect	P	0.10383969557077088
9	64	512	zero_effect	O	0.10383969557077088
9	64	512	zero_effect	D	0.10383969557077088
9	128	1024	additive	S	0.026195167136201958
9	128	1024	additive	M	0.026195167136201958
9	128	1024	additive	P	0.028121333256279253
9	128	1024	additive	O	0.028121333256279253
9	128	1024	additive	D	0.028121333256279253
9	128	1024	compositional_ridge	S	0.025403931071276635
9	128	1024	compositional_ridge	M	0.025403931071276635
9	128	1024	compositional_ridge	P	0.027330097191353937
9	128	1024	compositional_ridge	O	0.027330097191353937
9	128	1024	compositional_ridge	D	0.027330097191353937
9	128	1024	CPA_0.8.8	S	0.073873204716387392
9	128	1024	CPA_0.8.8	M	0.073873204716387392
9	128	1024	CPA_0.8.8	P	0.076012363018743201
9	128	1024	CPA_0.8.8	O	0.075586378654186201
9	128	1024	CPA_0.8.8	D	0.075799370836464694
9	128	1024	zero_effect	S	0.10338702104740675
9	128	1024	zero_effect	M	0.10338702104740675
9	128	1024	zero_effect	P	0.10338702104740675
9	128	1024	zero_effect	O	0.10338702104740675
9	128	1024	zero_effect	D	0.10338702104740675
9	135	1080	additive	S	0.026195167136201958
9	135	1080	additive	M	0.026195167136201958
9	135	1080	additive	P	0.028031887087204554
9	135	1080	additive	O	0.028031887087204554
9	135	1080	additive	D	0.028031887087204554
9	135	1080	compositional_ridge	S	0.025403931071276635
9	135	1080	compositional_ridge	M	0.025403931071276635
9	135	1080	compositional_ridge	P	0.027240651022279242
9	135	1080	compositional_ridge	O	0.027240651022279242
9	135	1080	compositional_ridge	D	0.027240651022279242
9	135	1080	CPA_0.8.8	S	0.073905171185018062
9	135	1080	CPA_0.8.8	M	0.073905171185018062
9	135	1080	CPA_0.8.8	P	0.07596506105338946
9	135	1080	CPA_0.8.8	O	0.075518721218651857
9	135	1080	CPA_0.8.8	D	0.075741891136020645
9	135	1080	zero_effect	S	0.10333833024755867
9	135	1080	zero_effect	M	0.10333833024755867
9	135	1080	zero_effect	P	0.10333833024755867
9	135	1080	zero_effect	O	0.10333833024755867
9	135	1080	zero_effect	D	0.10333833024755867
10	8	64	additive	S	0.026195167136201958
10	8	64	additive	M	0.026195167136201958
10	8	64	additive	P	0.058758210741841607
10	8	64	additive	O	0.058758210741841607
10	8	64	additive	D	0.058758210741841607
10	8	64	compositional_ridge	S	0.025403931071276635
10	8	64	compositional_ridge	M	0.025403931071276635
10	8	64	compositional_ridge	P	0.057966974676916271
10	8	64	compositional_ridge	O	0.057966974676916271
10	8	64	compositional_ridge	D	0.057966974676916271
10	8	64	CPA_0.8.8	S	0.077264467066406828
10	8	64	CPA_0.8.8	M	0.077264467066406828
10	8	64	CPA_0.8.8	P	0.11478244712117865
10	8	64	CPA_0.8.8	O	0.10487257422291422
10	8	64	CPA_0.8.8	D	0.10982751067204648
10	8	64	zero_effect	S	0.11962592551551268
10	8	64	zero_effect	M	0.11962592551551268
10	8	64	zero_effect	P	0.11962592551551268
10	8	64	zero_effect	O	0.11962592551551268
10	8	64	zero_effect	D	0.11962592551551268
10	16	128	additive	S	0.026195167136201958
10	16	128	additive	M	0.026195167136201958
10	16	128	additive	P	0.04174737203367377
10	16	128	additive	O	0.04174737203367377
10	16	128	additive	D	0.04174737203367377
10	16	128	compositional_ridge	S	0.025403931071276635
10	16	128	compositional_ridge	M	0.025403931071276635
10	16	128	compositional_ridge	P	0.040956135968748447
10	16	128	compositional_ridge	O	0.040956135968748447
10	16	128	compositional_ridge	D	0.040956135968748447
10	16	128	CPA_0.8.8	S	0.0744337604904904
10	16	128	CPA_0.8.8	M	0.0744337604904904
10	16	128	CPA_0.8.8	P	0.091821161820659566
10	16	128	CPA_0.8.8	O	0.088150768955264802
10	16	128	CPA_0.8.8	D	0.089985965387962177
10	16	128	zero_effect	S	0.10934629641501596
10	16	128	zero_effect	M	0.10934629641501596
10	16	128	zero_effect	P	0.10934629641501596
10	16	128	zero_effect	O	0.10934629641501596
10	16	128	zero_effect	D	0.10934629641501596
10	32	256	additive	S	0.026195167136201958
10	32	256	additive	M	0.026195167136201958
10	32	256	additive	P	0.034127724424003893
10	32	256	additive	O	0.034127724424003893
10	32	256	additive	D	0.034127724424003893
10	32	256	compositional_ridge	S	0.025403931071276635
10	32	256	compositional_ridge	M	0.025403931071276635
10	32	256	compositional_ridge	P	0.033336488359078563
10	32	256	compositional_ridge	O	0.033336488359078563
10	32	256	compositional_ridge	D	0.033336488359078563
10	32	256	CPA_0.8.8	S	0.071938546298793996
10	32	256	CPA_0.8.8	M	0.071938546298793982
10	32	256	CPA_0.8.8	P	0.080852667373809237
10	32	256	CPA_0.8.8	O	0.078889539799382583
10	32	256	CPA_0.8.8	D	0.079871103586595896
10	32	256	zero_effect	S	0.10305565682423472
10	32	256	zero_effect	M	0.10305565682423472
10	32	256	zero_effect	P	0.10305565682423472
10	32	256	zero_effect	O	0.10305565682423472
10	32	256	zero_effect	D	0.10305565682423472
10	64	512	additive	S	0.026195167136201958
10	64	512	additive	M	0.026195167136201958
10	64	512	additive	P	0.030359837072232224
10	64	512	additive	O	0.030359837072232224
10	64	512	additive	D	0.030359837072232224
10	64	512	compositional_ridge	S	0.025403931071276635
10	64	512	compositional_ridge	M	0.025403931071276635
10	64	512	compositional_ridge	P	0.029568601007306898
10	64	512	compositional_ridge	O	0.029568601007306898
10	64	512	compositional_ridge	D	0.029568601007306898
10	64	512	CPA_0.8.8	S	0.073036506907230986
10	64	512	CPA_0.8.8	M	0.073036506907231
10	64	512	CPA_0.8.8	P	0.077726629738788799
10	64	512	CPA_0.8.8	O	0.076675723947733782
10	64	512	CPA_0.8.8	D	0.077201176843261318
10	64	512	zero_effect	S	0.1026267051272904
10	64	512	zero_effect	M	0.1026267051272904
10	64	512	zero_effect	P	0.1026267051272904
10	64	512	zero_effect	O	0.1026267051272904
10	64	512	zero_effect	D	0.1026267051272904
10	128	1024	additive	S	0.026195167136201958
10	128	1024	additive	M	0.026195167136201958
10	128	1024	additive	P	0.028251648548668622
10	128	1024	additive	O	0.028251648548668622
10	128	1024	additive	D	0.028251648548668622
10	128	1024	compositional_ridge	S	0.025403931071276635
10	128	1024	compositional_ridge	M	0.025403931071276635
10	128	1024	compositional_ridge	P	0.027460412483743306
10	128	1024	compositional_ridge	O	0.027460412483743306
10	128	1024	compositional_ridge	D	0.027460412483743306
10	128	1024	CPA_0.8.8	S	0.073588459346125096
10	128	1024	CPA_0.8.8	M	0.073588459346125096
10	128	1024	CPA_0.8.8	P	0.075894444649507953
10	128	1024	CPA_0.8.8	O	0.07539543686767558
10	128	1024	CPA_0.8.8	D	0.07564494075859178
10	128	1024	zero_effect	S	0.10291921814113804
10	128	1024	zero_effect	M	0.10291921814113802
10	128	1024	zero_effect	P	0.10291921814113802
10	128	1024	zero_effect	O	0.10291921814113802
10	128	1024	zero_effect	D	0.10291921814113802
10	135	1080	additive	S	0.026195167136201958
10	135	1080	additive	M	0.026195167136201958
10	135	1080	additive	P	0.028087839396381205
10	135	1080	additive	O	0.028087839396381205
10	135	1080	additive	D	0.028087839396381205
10	135	1080	compositional_ridge	S	0.025403931071276635
10	135	1080	compositional_ridge	M	0.025403931071276635
10	135	1080	compositional_ridge	P	0.027296603331455893
10	135	1080	compositional_ridge	O	0.027296603331455893
10	135	1080	compositional_ridge	D	0.027296603331455893
10	135	1080	CPA_0.8.8	S	0.073807812967055686
10	135	1080	CPA_0.8.8	M	0.073807812967055686
10	135	1080	CPA_0.8.8	P	0.07590068364567526
10	135	1080	CPA_0.8.8	O	0.075500286808794656
10	135	1080	CPA_0.8.8	D	0.075700485227234937
10	135	1080	zero_effect	S	0.10311944963864429
10	135	1080	zero_effect	M	0.10311944963864429
10	135	1080	zero_effect	P	0.10311944963864429
10	135	1080	zero_effect	O	0.10311944963864429
10	135	1080	zero_effect	D	0.10311944963864429
11	8	64	additive	S	0.026195167136201958
11	8	64	additive	M	0.026195167136201958
11	8	64	additive	P	0.060224544190420663
11	8	64	additive	O	0.060224544190420663
11	8	64	additive	D	0.060224544190420663
11	8	64	compositional_ridge	S	0.025403931071276635
11	8	64	compositional_ridge	M	0.025403931071276635
11	8	64	compositional_ridge	P	0.05943330812549532
11	8	64	compositional_ridge	O	0.05943330812549532
11	8	64	compositional_ridge	D	0.05943330812549532
11	8	64	CPA_0.8.8	S	0.079118026403762864
11	8	64	CPA_0.8.8	M	0.079118026403762864
11	8	64	CPA_0.8.8	P	0.11945677124743082
11	8	64	CPA_0.8.8	O	0.10683803566853228
11	8	64	CPA_0.8.8	D	0.11314740345798152
11	8	64	zero_effect	S	0.12266157056410967
11	8	64	zero_effect	M	0.12266157056410966
11	8	64	zero_effect	P	0.12266157056410966
11	8	64	zero_effect	O	0.12266157056410966
11	8	64	zero_effect	D	0.12266157056410966
11	16	128	additive	S	0.026195167136201958
11	16	128	additive	M	0.026195167136201958
11	16	128	additive	P	0.042377497241132607
11	16	128	additive	O	0.042377497241132607
11	16	128	additive	D	0.042377497241132607
11	16	128	compositional_ridge	S	0.025403931071276635
11	16	128	compositional_ridge	M	0.025403931071276635
11	16	128	compositional_ridge	P	0.04158626117620727
11	16	128	compositional_ridge	O	0.04158626117620727
11	16	128	compositional_ridge	D	0.04158626117620727
11	16	128	CPA_0.8.8	S	0.074761037366616059
11	16	128	CPA_0.8.8	M	0.074761037366616059
11	16	128	CPA_0.8.8	P	0.093458707915642356
11	16	128	CPA_0.8.8	O	0.088428027027451089
11	16	128	CPA_0.8.8	D	0.090943367471546716
11	16	128	zero_effect	S	0.1109840338966087
11	16	128	zero_effect	M	0.1109840338966087
11	16	128	zero_effect	P	0.1109840338966087
11	16	128	zero_effect	O	0.1109840338966087
11	16	128	zero_effect	D	0.1109840338966087
11	32	256	additive	S	0.026195167136201958
11	32	256	additive	M	0.026195167136201958
11	32	256	additive	P	0.034073199272357378
11	32	256	additive	O	0.034073199272357378
11	32	256	additive	D	0.034073199272357378
11	32	256	compositional_ridge	S	0.025403931071276635
11	32	256	compositional_ridge	M	0.025403931071276635
11	32	256	compositional_ridge	P	0.033281963207432069
11	32	256	compositional_ridge	O	0.033281963207432069
11	32	256	compositional_ridge	D	0.033281963207432069
11	32	256	CPA_0.8.8	S	0.073678570903772417
11	32	256	CPA_0.8.8	M	0.073678570903772417
11	32	256	CPA_0.8.8	P	0.08267261704372536
11	32	256	CPA_0.8.8	O	0.080440589036130369
11	32	256	CPA_0.8.8	D	0.081556603039927844
11	32	256	zero_effect	S	0.10586125053788357
11	32	256	zero_effect	M	0.10586125053788357
11	32	256	zero_effect	P	0.10586125053788357
11	32	256	zero_effect	O	0.10586125053788357
11	32	256	zero_effect	D	0.10586125053788357
11	64	512	additive	S	0.026195167136201958
11	64	512	additive	M	0.026195167136201958
11	64	512	additive	P	0.030171716664457063
11	64	512	additive	O	0.030171716664457063
11	64	512	additive	D	0.030171716664457063
11	64	512	compositional_ridge	S	0.025403931071276635
11	64	512	compositional_ridge	M	0.025403931071276635
11	64	512	compositional_ridge	P	0.029380480599531741
11	64	512	compositional_ridge	O	0.029380480599531741
11	64	512	compositional_ridge	D	0.029380480599531741
11	64	512	CPA_0.8.8	S	0.073350569906536878
11	64	512	CPA_0.8.8	M	0.073350569906536878
11	64	512	CPA_0.8.8	P	0.077885049173752663
11	64	512	CPA_0.8.8	O	0.076769189695831297
11	64	512	CPA_0.8.8	D	0.077327119434791994
11	64	512	zero_effect	S	0.10355672633143581
11	64	512	zero_effect	M	0.10355672633143581
11	64	512	zero_effect	P	0.10355672633143581
11	64	512	zero_effect	O	0.10355672633143581
11	64	512	zero_effect	D	0.10355672633143581
11	128	1024	additive	S	0.026195167136201958
11	128	1024	additive	M	0.026195167136201958
11	128	1024	additive	P	0.028211872300465887
11	128	1024	additive	O	0.028211872300465887
11	128	1024	additive	D	0.028211872300465887
11	128	1024	compositional_ridge	S	0.025403931071276635
11	128	1024	compositional_ridge	M	0.025403931071276635
11	128	1024	compositional_ridge	P	0.027420636235540558
11	128	1024	compositional_ridge	O	0.027420636235540558
11	128	1024	compositional_ridge	D	0.027420636235540558
11	128	1024	CPA_0.8.8	S	0.073654804342875135
11	128	1024	CPA_0.8.8	M	0.073654804342875135
11	128	1024	CPA_0.8.8	P	0.075975424618796736
11	128	1024	CPA_0.8.8	O	0.07536759439548138
11	128	1024	CPA_0.8.8	D	0.075671509507139079
11	128	1024	zero_effect	S	0.10303880143037947
11	128	1024	zero_effect	M	0.10303880143037945
11	128	1024	zero_effect	P	0.10303880143037945
11	128	1024	zero_effect	O	0.10303880143037945
11	128	1024	zero_effect	D	0.10303880143037945
11	135	1080	additive	S	0.026195167136201958
11	135	1080	additive	M	0.026195167136201958
11	135	1080	additive	P	0.028129103589698098
11	135	1080	additive	O	0.028129103589698098
11	135	1080	additive	D	0.028129103589698098
11	135	1080	compositional_ridge	S	0.025403931071276635
11	135	1080	compositional_ridge	M	0.025403931071276635
11	135	1080	compositional_ridge	P	0.027337867524772786
11	135	1080	compositional_ridge	O	0.027337867524772786
11	135	1080	compositional_ridge	D	0.027337867524772786
11	135	1080	CPA_0.8.8	S	0.073591492056012023
11	135	1080	CPA_0.8.8	M	0.073591492056012023
11	135	1080	CPA_0.8.8	P	0.075829050557832178
11	135	1080	CPA_0.8.8	O	0.075221806461184232
11	135	1080	CPA_0.8.8	D	0.075525428509508205
11	135	1080	zero_effect	S	0.10288466393047567
11	135	1080	zero_effect	M	0.10288466393047567
11	135	1080	zero_effect	P	0.10288466393047567
11	135	1080	zero_effect	O	0.10288466393047567
11	135	1080	zero_effect	D	0.10288466393047567
12	8	64	additive	S	0.026195167136201958
12	8	64	additive	M	0.026195167136201958
12	8	64	additive	P	0.056287315124679681
12	8	64	additive	O	0.056287315124679681
12	8	64	additive	D	0.056287315124679681
12	8	64	compositional_ridge	S	0.025403931071276635
12	8	64	compositional_ridge	M	0.025403931071276635
12	8	64	compositional_ridge	P	0.055496079059754358
12	8	64	compositional_ridge	O	0.055496079059754358
12	8	64	compositional_ridge	D	0.055496079059754358
12	8	64	CPA_0.8.8	S	0.073164136540438157
12	8	64	CPA_0.8.8	M	0.073164136540438157
12	8	64	CPA_0.8.8	P	0.1058405776580203
12	8	64	CPA_0.8.8	O	0.10067199139981152
12	8	64	CPA_0.8.8	D	0.10325628452891589
12	8	64	zero_effect	S	0.11581910483069598
12	8	64	zero_effect	M	0.11581910483069598
12	8	64	zero_effect	P	0.11581910483069598
12	8	64	zero_effect	O	0.11581910483069598
12	8	64	zero_effect	D	0.11581910483069598
12	16	128	additive	S	0.026195167136201958
12	16	128	additive	M	0.026195167136201958
12	16	128	additive	P	0.041281937297996917
12	16	128	additive	O	0.041281937297996917
12	16	128	additive	D	0.041281937297996917
12	16	128	compositional_ridge	S	0.025403931071276635
12	16	128	compositional_ridge	M	0.025403931071276635
12	16	128	compositional_ridge	P	0.040490701233071594
12	16	128	compositional_ridge	O	0.040490701233071594
12	16	128	compositional_ridge	D	0.040490701233071594
12	16	128	CPA_0.8.8	S	0.076994094562878618
12	16	128	CPA_0.8.8	M	0.076994094562878618
12	16	128	CPA_0.8.8	P	0.093130819451482369
12	16	128	CPA_0.8.8	O	0.091030909997864798
12	16	128	CPA_0.8.8	D	0.092080864724673583
12	16	128	zero_effect	S	0.11283582058734655
12	16	128	zero_effect	M	0.11283582058734655
12	16	128	zero_effect	P	0.11283582058734655
12	16	128	zero_effect	O	0.11283582058734655
12	16	128	zero_effect	D	0.11283582058734655
12	32	256	additive	S	0.026195167136201958
12	32	256	additive	M	0.026195167136201958
12	32	256	additive	P	0.033685402486223023
12	32	256	additive	O	0.033685402486223023
12	32	256	additive	D	0.033685402486223023
12	32	256	compositional_ridge	S	0.025403931071276635
12	32	256	compositional_ridge	M	0.025403931071276635
12	32	256	compositional_ridge	P	0.032894166421297694
12	32	256	compositional_ridge	O	0.032894166421297694
12	32	256	compositional_ridge	D	0.032894166421297694
12	32	256	CPA_0.8.8	S	0.072920112964457037
12	32	256	CPA_0.8.8	M	0.072920112964457051
12	32	256	CPA_0.8.8	P	0.080725699145445889
12	32	256	CPA_0.8.8	O	0.08009499748351033
12	32	256	CPA_0.8.8	D	0.080410348314478103
12	32	256	zero_effect	S	0.10480265906572689
12	32	256	zero_effect	M	0.10480265906572689
12	32	256	zero_effect	P	0.10480265906572689
12	32	256	zero_effect	O	0.10480265906572689
12	32	256	zero_effect	D	0.10480265906572689
12	64	512	additive	S	0.026195167136201958
12	64	512	additive	M	0.026195167136201958
12	64	512	additive	P	0.030180136929071313
12	64	512	additive	O	0.030180136929071313
12	64	512	additive	D	0.030180136929071313
12	64	512	compositional_ridge	S	0.025403931071276635
12	64	512	compositional_ridge	M	0.025403931071276635
12	64	512	compositional_ridge	P	0.02938890086414599
12	64	512	compositional_ridge	O	0.02938890086414599
12	64	512	compositional_ridge	D	0.02938890086414599
12	64	512	CPA_0.8.8	S	0.07358577305961482
12	64	512	CPA_0.8.8	M	0.07358577305961482
12	64	512	CPA_0.8.8	P	0.078073502665717817
12	64	512	CPA_0.8.8	O	0.07706798303925054
12	64	512	CPA_0.8.8	D	0.077570742852484179
12	64	512	zero_effect	S	0.10396908565662047
12	64	512	zero_effect	M	0.10396908565662047
12	64	512	zero_effect	P	0.10396908565662047
12	64	512	zero_effect	O	0.10396908565662047
12	64	512	zero_effect	D	0.10396908565662047
12	128	1024	additive	S	0.026195167136201958
12	128	1024	additive	M	0.026195167136201958
12	128	1024	additive	P	0.028354154751627329
12	128	1024	additive	O	0.028354154751627329
12	128	1024	additive	D	0.028354154751627329
12	128	1024	compositional_ridge	S	0.025403931071276635
12	128	1024	compositional_ridge	M	0.025403931071276635
12	128	1024	compositional_ridge	P	0.027562918686702024
12	128	1024	compositional_ridge	O	0.027562918686702024
12	128	1024	compositional_ridge	D	0.027562918686702024
12	128	1024	CPA_0.8.8	S	0.073685403135428512
12	128	1024	CPA_0.8.8	M	0.073685403135428512
12	128	1024	CPA_0.8.8	P	0.076221546819808403
12	128	1024	CPA_0.8.8	O	0.075467234681899323
12	128	1024	CPA_0.8.8	D	0.075844390750853849
12	128	1024	zero_effect	S	0.10321362224343469
12	128	1024	zero_effect	M	0.10321362224343469
12	128	1024	zero_effect	P	0.10321362224343469
12	128	1024	zero_effect	O	0.10321362224343469
12	128	1024	zero_effect	D	0.10321362224343469
12	135	1080	additive	S	0.026195167136201958
12	135	1080	additive	M	0.026195167136201958
12	135	1080	additive	P	0.028199469232285425
12	135	1080	additive	O	0.028199469232285425
12	135	1080	additive	D	0.028199469232285425
12	135	1080	compositional_ridge	S	0.025403931071276635
12	135	1080	compositional_ridge	M	0.025403931071276635
12	135	1080	compositional_ridge	P	0.027408233167360106
12	135	1080	compositional_ridge	O	0.027408233167360106
12	135	1080	compositional_ridge	D	0.027408233167360106
12	135	1080	CPA_0.8.8	S	0.073873166627172027
12	135	1080	CPA_0.8.8	M	0.073873166627172027
12	135	1080	CPA_0.8.8	P	0.076223677451767738
12	135	1080	CPA_0.8.8	O	0.07553125999474318
12	135	1080	CPA_0.8.8	D	0.075877468723255501
12	135	1080	zero_effect	S	0.10341732533235259
12	135	1080	zero_effect	M	0.10341732533235259
12	135	1080	zero_effect	P	0.10341732533235259
12	135	1080	zero_effect	O	0.10341732533235259
12	135	1080	zero_effect	D	0.10341732533235259
13	8	64	additive	S	0.026195167136201958
13	8	64	additive	M	0.026195167136201958
13	8	64	additive	P	0.057074643819540596
13	8	64	additive	O	0.057074643819540596
13	8	64	additive	D	0.057074643819540596
13	8	64	compositional_ridge	S	0.025403931071276635
13	8	64	compositional_ridge	M	0.025403931071276635
13	8	64	compositional_ridge	P	0.05628340775461526
13	8	64	compositional_ridge	O	0.05628340775461526
13	8	64	compositional_ridge	D	0.05628340775461526
13	8	64	CPA_0.8.8	S	0.071248386988773976
13	8	64	CPA_0.8.8	M	0.071248386988773976
13	8	64	CPA_0.8.8	P	0.10502431240741358
13	8	64	CPA_0.8.8	O	0.099231414936811646
13	8	64	CPA_0.8.8	D	0.10212786367211259
13	8	64	zero_effect	S	0.11271866020067003
13	8	64	zero_effect	M	0.11271866020067003
13	8	64	zero_effect	P	0.11271866020067003
13	8	64	zero_effect	O	0.11271866020067003
13	8	64	zero_effect	D	0.11271866020067003
13	16	128	additive	S	0.026195167136201958
13	16	128	additive	M	0.026195167136201958
13	16	128	additive	P	0.042703787866181134
13	16	128	additive	O	0.042703787866181134
13	16	128	additive	D	0.042703787866181134
13	16	128	compositional_ridge	S	0.025403931071276635
13	16	128	compositional_ridge	M	0.025403931071276635
13	16	128	compositional_ridge	P	0.041912551801255804
13	16	128	compositional_ridge	O	0.041912551801255804
13	16	128	compositional_ridge	D	0.041912551801255804
13	16	128	CPA_0.8.8	S	0.071495140796040524
13	16	128	CPA_0.8.8	M	0.071495140796040524
13	16	128	CPA_0.8.8	P	0.090261345562659329
13	16	128	CPA_0.8.8	O	0.085746177489380057
13	16	128	CPA_0.8.8	D	0.0880037615260197
13	16	128	zero_effect	S	0.10665788312161893
13	16	128	zero_effect	M	0.10665788312161893
13	16	128	zero_effect	P	0.10665788312161893
13	16	128	zero_effect	O	0.10665788312161893
13	16	128	zero_effect	D	0.10665788312161893
13	32	256	additive	S	0.026195167136201958
13	32	256	additive	M	0.026195167136201958
13	32	256	additive	P	0.034467800282542704
13	32	256	additive	O	0.034467800282542704
13	32	256	additive	D	0.034467800282542704
13	32	256	compositional_ridge	S	0.025403931071276635
13	32	256	compositional_ridge	M	0.025403931071276635
13	32	256	compositional_ridge	P	0.033676564217617361
13	32	256	compositional_ridge	O	0.033676564217617361
13	32	256	compositional_ridge	D	0.033676564217617361
13	32	256	CPA_0.8.8	S	0.072323503666950145
13	32	256	CPA_0.8.8	M	0.072323503666950117
13	32	256	CPA_0.8.8	P	0.081675424689138992
13	32	256	CPA_0.8.8	O	0.079516848937442708
13	32	256	CPA_0.8.8	D	0.080596136813290836
13	32	256	zero_effect	S	0.10419173709550643
13	32	256	zero_effect	M	0.10419173709550643
13	32	256	zero_effect	P	0.10419173709550643
13	32	256	zero_effect	O	0.10419173709550643
13	32	256	zero_effect	D	0.10419173709550643
13	64	512	additive	S	0.026195167136201958
13	64	512	additive	M	0.026195167136201958
13	64	512	additive	P	0.030033309337977022
13	64	512	additive	O	0.030033309337977022
13	64	512	additive	D	0.030033309337977022
13	64	512	compositional_ridge	S	0.025403931071276635
13	64	512	compositional_ridge	M	0.025403931071276635
13	64	512	compositional_ridge	P	0.029242073273051693
13	64	512	compositional_ridge	O	0.029242073273051693
13	64	512	compositional_ridge	D	0.029242073273051693
13	64	512	CPA_0.8.8	S	0.072713401761258456
13	64	512	CPA_0.8.8	M	0.072713401761258456
13	64	512	CPA_0.8.8	P	0.076941660898034087
13	64	512	CPA_0.8.8	O	0.076161427028032941
13	64	512	CPA_0.8.8	D	0.076551543963033569
13	64	512	zero_effect	S	0.10254972684236656
13	64	512	zero_effect	M	0.10254972684236656
13	64	512	zero_effect	P	0.10254972684236656
13	64	512	zero_effect	O	0.10254972684236656
13	64	512	zero_effect	D	0.10254972684236656
13	128	1024	additive	S	0.026195167136201958
13	128	1024	additive	M	0.026195167136201958
13	128	1024	additive	P	0.028083641491382663
13	128	1024	additive	O	0.028083641491382663
13	128	1024	additive	D	0.028083641491382663
13	128	1024	compositional_ridge	S	0.025403931071276635
13	128	1024	compositional_ridge	M	0.025403931071276635
13	128	1024	compositional_ridge	P	0.02729240542645734
13	128	1024	compositional_ridge	O	0.02729240542645734
13	128	1024	compositional_ridge	D	0.02729240542645734
13	128	1024	CPA_0.8.8	S	0.073855513811358089
13	128	1024	CPA_0.8.8	M	0.073855513811358089
13	128	1024	CPA_0.8.8	P	0.075900571475855896
13	128	1024	CPA_0.8.8	O	0.075587404857221777
13	128	1024	CPA_0.8.8	D	0.075743988166538823
13	128	1024	zero_effect	S	0.10339580436552509
13	128	1024	zero_effect	M	0.10339580436552509
13	128	1024	zero_effect	P	0.10339580436552509
13	128	1024	zero_effect	O	0.10339580436552509
13	128	1024	zero_effect	D	0.10339580436552509
13	135	1080	additive	S	0.026195167136201958
13	135	1080	additive	M	0.026195167136201958
13	135	1080	additive	P	0.028013351243266836
13	135	1080	additive	O	0.028013351243266836
13	135	1080	additive	D	0.028013351243266836
13	135	1080	compositional_ridge	S	0.025403931071276635
13	135	1080	compositional_ridge	M	0.025403931071276635
13	135	1080	compositional_ridge	P	0.027222115178341517
13	135	1080	compositional_ridge	O	0.027222115178341517
13	135	1080	compositional_ridge	D	0.027222115178341517
13	135	1080	CPA_0.8.8	S	0.073778101534976395
13	135	1080	CPA_0.8.8	M	0.073778101534976395
13	135	1080	CPA_0.8.8	P	0.075766398908742427
13	135	1080	CPA_0.8.8	O	0.075426172375340175
13	135	1080	CPA_0.8.8	D	0.075596285642041294
13	135	1080	zero_effect	S	0.10319537433828894
13	135	1080	zero_effect	M	0.10319537433828894
13	135	1080	zero_effect	P	0.10319537433828894
13	135	1080	zero_effect	O	0.10319537433828894
13	135	1080	zero_effect	D	0.10319537433828894
14	8	64	additive	S	0.026195167136201958
14	8	64	additive	M	0.026195167136201958
14	8	64	additive	P	0.055525144117720845
14	8	64	additive	O	0.055525144117720845
14	8	64	additive	D	0.055525144117720845
14	8	64	compositional_ridge	S	0.025403931071276635
14	8	64	compositional_ridge	M	0.025403931071276635
14	8	64	compositional_ridge	P	0.054733908052795502
14	8	64	compositional_ridge	O	0.054733908052795502
14	8	64	compositional_ridge	D	0.054733908052795502
14	8	64	CPA_0.8.8	S	0.076181953413367656
14	8	64	CPA_0.8.8	M	0.076181953413367656
14	8	64	CPA_0.8.8	P	0.10910388490428623
14	8	64	CPA_0.8.8	O	0.10191997588548687
14	8	64	CPA_0.8.8	D	0.1055119303948866
14	8	64	zero_effect	S	0.11785738070008704
14	8	64	zero_effect	M	0.11785738070008704
14	8	64	zero_effect	P	0.11785738070008704
14	8	64	zero_effect	O	0.11785738070008704
14	8	64	zero_effect	D	0.11785738070008704
14	16	128	additive	S	0.026195167136201958
14	16	128	additive	M	0.026195167136201958
14	16	128	additive	P	0.04150606398435578
14	16	128	additive	O	0.04150606398435578
14	16	128	additive	D	0.04150606398435578
14	16	128	compositional_ridge	S	0.025403931071276635
14	16	128	compositional_ridge	M	0.025403931071276635
14	16	128	compositional_ridge	P	0.04071482791943045
14	16	128	compositional_ridge	O	0.04071482791943045
14	16	128	compositional_ridge	D	0.04071482791943045
14	16	128	CPA_0.8.8	S	0.073696311634130027
14	16	128	CPA_0.8.8	M	0.073696311634130027
14	16	128	CPA_0.8.8	P	0.091274601764739019
14	16	128	CPA_0.8.8	O	0.086739815199828638
14	16	128	CPA_0.8.8	D	0.089007208482283814
14	16	128	zero_effect	S	0.10857846854062123
14	16	128	zero_effect	M	0.10857846854062123
14	16	128	zero_effect	P	0.10857846854062123
14	16	128	zero_effect	O	0.10857846854062123
14	16	128	zero_effect	D	0.10857846854062123
14	32	256	additive	S	0.026195167136201958
14	32	256	additive	M	0.026195167136201958
14	32	256	additive	P	0.033686658977548446
14	32	256	additive	O	0.033686658977548446
14	32	256	additive	D	0.033686658977548446
14	32	256	compositional_ridge	S	0.025403931071276635
14	32	256	compositional_ridge	M	0.025403931071276635
14	32	256	compositional_ridge	P	0.03289542291262311
14	32	256	compositional_ridge	O	0.03289542291262311
14	32	256	compositional_ridge	D	0.03289542291262311
14	32	256	CPA_0.8.8	S	0.072947571566970904
14	32	256	CPA_0.8.8	M	0.072947571566970904
14	32	256	CPA_0.8.8	P	0.081255728244713096
14	32	256	CPA_0.8.8	O	0.079622398571921688
14	32	256	CPA_0.8.8	D	0.080439063408317371
14	32	256	zero_effect	S	0.10459155822847394
14	32	256	zero_effect	M	0.10459155822847394
14	32	256	zero_effect	P	0.10459155822847394
14	32	256	zero_effect	O	0.10459155822847394
14	32	256	zero_effect	D	0.10459155822847394
14	64	512	additive	S	0.026195167136201958
14	64	512	additive	M	0.026195167136201958
14	64	512	additive	P	0.029785438149918249
14	64	512	additive	O	0.029785438149918249
14	64	512	additive	D	0.029785438149918249
14	64	512	compositional_ridge	S	0.025403931071276635
14	64	512	compositional_ridge	M	0.025403931071276635
14	64	512	compositional_ridge	P	0.028994202084992943
14	64	512	compositional_ridge	O	0.028994202084992943
14	64	512	compositional_ridge	D	0.028994202084992943
14	64	512	CPA_0.8.8	S	0.074873805741835997
14	64	512	CPA_0.8.8	M	0.074873805741835997
14	64	512	CPA_0.8.8	P	0.078707643643344302
14	64	512	CPA_0.8.8	O	0.078220509867760246
14	64	512	CPA_0.8.8	D	0.078464076755552267
14	64	512	zero_effect	S	0.10531599473842353
14	64	512	zero_effect	M	0.1053159947384235
14	64	512	zero_effect	P	0.1053159947384235
14	64	512	zero_effect	O	0.1053159947384235
14	64	512	zero_effect	D	0.1053159947384235
14	128	1024	additive	S	0.026195167136201958
14	128	1024	additive	M	0.026195167136201958
14	128	1024	additive	P	0.02803153393905166
14	128	1024	additive	O	0.02803153393905166
14	128	1024	additive	D	0.02803153393905166
14	128	1024	compositional_ridge	S	0.025403931071276635
14	128	1024	compositional_ridge	M	0.025403931071276635
14	128	1024	compositional_ridge	P	0.027240297874126351
14	128	1024	compositional_ridge	O	0.027240297874126351
14	128	1024	compositional_ridge	D	0.027240297874126351
14	128	1024	CPA_0.8.8	S	0.074418804882768266
14	128	1024	CPA_0.8.8	M	0.074418804882768266
14	128	1024	CPA_0.8.8	P	0.076363293544923674
14	128	1024	CPA_0.8.8	O	0.076147049826312332
14	128	1024	CPA_0.8.8	D	0.076255171685617962
14	128	1024	zero_effect	S	0.1039675340151185
14	128	1024	zero_effect	M	0.10396753401511855
14	128	1024	zero_effect	P	0.10396753401511855
14	128	1024	zero_effect	O	0.10396753401511855
14	128	1024	zero_effect	D	0.10396753401511855
14	135	1080	additive	S	0.026195167136201958
14	135	1080	additive	M	0.026195167136201958
14	135	1080	additive	P	0.027911894354093809
14	135	1080	additive	O	0.027911894354093809
14	135	1080	additive	D	0.027911894354093809
14	135	1080	compositional_ridge	S	0.025403931071276635
14	135	1080	compositional_ridge	M	0.025403931071276635
14	135	1080	compositional_ridge	P	0.027120658289168494
14	135	1080	compositional_ridge	O	0.027120658289168494
14	135	1080	compositional_ridge	D	0.027120658289168494
14	135	1080	CPA_0.8.8	S	0.074105531590658844
14	135	1080	CPA_0.8.8	M	0.074105531590658844
14	135	1080	CPA_0.8.8	P	0.075908267783345737
14	135	1080	CPA_0.8.8	O	0.075736249833755667
14	135	1080	CPA_0.8.8	D	0.075822258808550688
14	135	1080	zero_effect	S	0.10353279700201454
14	135	1080	zero_effect	M	0.10353279700201454
14	135	1080	zero_effect	P	0.10353279700201454
14	135	1080	zero_effect	O	0.10353279700201454
14	135	1080	zero_effect	D	0.10353279700201454
15	8	64	additive	S	0.026195167136201958
15	8	64	additive	M	0.026195167136201958
15	8	64	additive	P	0.057538364412376197
15	8	64	additive	O	0.057538364412376197
15	8	64	additive	D	0.057538364412376197
15	8	64	compositional_ridge	S	0.025403931071276635
15	8	64	compositional_ridge	M	0.025403931071276635
15	8	64	compositional_ridge	P	0.056747128347450895
15	8	64	compositional_ridge	O	0.056747128347450895
15	8	64	compositional_ridge	D	0.056747128347450895
15	8	64	CPA_0.8.8	S	0.075158526247874197
15	8	64	CPA_0.8.8	M	0.075158526247874197
15	8	64	CPA_0.8.8	P	0.10868333370096581
15	8	64	CPA_0.8.8	O	0.10432011334713116
15	8	64	CPA_0.8.8	D	0.10650172352404841
15	8	64	zero_effect	S	0.11713680204816186
15	8	64	zero_effect	M	0.11713680204816186
15	8	64	zero_effect	P	0.11713680204816186
15	8	64	zero_effect	O	0.11713680204816186
15	8	64	zero_effect	D	0.11713680204816186
15	16	128	additive	S	0.026195167136201958
15	16	128	additive	M	0.026195167136201958
15	16	128	additive	P	0.041433099433948788
15	16	128	additive	O	0.041433099433948788
15	16	128	additive	D	0.041433099433948788
15	16	128	compositional_ridge	S	0.025403931071276635
15	16	128	compositional_ridge	M	0.025403931071276635
15	16	128	compositional_ridge	P	0.040641863369023472
15	16	128	compositional_ridge	O	0.040641863369023472
15	16	128	compositional_ridge	D	0.040641863369023472
15	16	128	CPA_0.8.8	S	0.073282627516911086
15	16	128	CPA_0.8.8	M	0.073282627516911086
15	16	128	CPA_0.8.8	P	0.089593797560047622
15	16	128	CPA_0.8.8	O	0.087447322069268293
15	16	128	CPA_0.8.8	D	0.088520559814657965
15	16	128	zero_effect	S	0.10804270027296867
15	16	128	zero_effect	M	0.10804270027296867
15	16	128	zero_effect	P	0.10804270027296867
15	16	128	zero_effect	O	0.10804270027296867
15	16	128	zero_effect	D	0.10804270027296867
15	32	256	additive	S	0.026195167136201958
15	32	256	additive	M	0.026195167136201958
15	32	256	additive	P	0.033891580414539407
15	32	256	additive	O	0.033891580414539407
15	32	256	additive	D	0.033891580414539407
15	32	256	compositional_ridge	S	0.025403931071276635
15	32	256	compositional_ridge	M	0.025403931071276635
15	32	256	compositional_ridge	P	0.033100344349614085
15	32	256	compositional_ridge	O	0.033100344349614085
15	32	256	compositional_ridge	D	0.033100344349614085
15	32	256	CPA_0.8.8	S	0.074051220286833405
15	32	256	CPA_0.8.8	M	0.074051220286833405
15	32	256	CPA_0.8.8	P	0.082431614751378945
15	32	256	CPA_0.8.8	O	0.08106365237896275
15	32	256	CPA_0.8.8	D	0.081747633565170896
15	32	256	zero_effect	S	0.10591410449619891
15	32	256	zero_effect	M	0.10591410449619891
15	32	256	zero_effect	P	0.10591410449619891
15	32	256	zero_effect	O	0.10591410449619891
15	32	256	zero_effect	D	0.10591410449619891
15	64	512	additive	S	0.026195167136201958
15	64	512	additive	M	0.026195167136201958
15	64	512	additive	P	0.030013171547398743
15	64	512	additive	O	0.030013171547398743
15	64	512	additive	D	0.030013171547398743
15	64	512	compositional_ridge	S	0.025403931071276635
15	64	512	compositional_ridge	M	0.025403931071276635
15	64	512	compositional_ridge	P	0.029221935482473437
15	64	512	compositional_ridge	O	0.029221935482473437
15	64	512	compositional_ridge	D	0.029221935482473437
15	64	512	CPA_0.8.8	S	0.073378086433524115
15	64	512	CPA_0.8.8	M	0.073378086433524115
15	64	512	CPA_0.8.8	P	0.077586437519442775
15	64	512	CPA_0.8.8	O	0.07680574416999901
15	64	512	CPA_0.8.8	D	0.077196090844720872
15	64	512	zero_effect	S	0.10367371970996724
15	64	512	zero_effect	M	0.10367371970996724
15	64	512	zero_effect	P	0.10367371970996724
15	64	512	zero_effect	O	0.10367371970996724
15	64	512	zero_effect	D	0.10367371970996724
15	128	1024	additive	S	0.026195167136201958
15	128	1024	additive	M	0.026195167136201958
15	128	1024	additive	P	0.028053667518149
15	128	1024	additive	O	0.028053667518149
15	128	1024	additive	D	0.028053667518149
15	128	1024	compositional_ridge	S	0.025403931071276635
15	128	1024	compositional_ridge	M	0.025403931071276635
15	128	1024	compositional_ridge	P	0.027262431453223671
15	128	1024	compositional_ridge	O	0.027262431453223671
15	128	1024	compositional_ridge	D	0.027262431453223671
15	128	1024	CPA_0.8.8	S	0.073906230540957532
15	128	1024	CPA_0.8.8	M	0.073906230540957532
15	128	1024	CPA_0.8.8	P	0.075962762288697624
15	128	1024	CPA_0.8.8	O	0.075566699557111469
15	128	1024	CPA_0.8.8	D	0.075764730922904547
15	128	1024	zero_effect	S	0.10336587207381789
15	128	1024	zero_effect	M	0.10336587207381789
15	128	1024	zero_effect	P	0.10336587207381789
15	128	1024	zero_effect	O	0.10336587207381789
15	128	1024	zero_effect	D	0.10336587207381789
15	135	1080	additive	S	0.026195167136201958
15	135	1080	additive	M	0.026195167136201958
15	135	1080	additive	P	0.027960241366300046
15	135	1080	additive	O	0.027960241366300046
15	135	1080	additive	D	0.027960241366300046
15	135	1080	compositional_ridge	S	0.025403931071276635
15	135	1080	compositional_ridge	M	0.025403931071276635
15	135	1080	compositional_ridge	P	0.02716900530137473
15	135	1080	compositional_ridge	O	0.02716900530137473
15	135	1080	compositional_ridge	D	0.02716900530137473
15	135	1080	CPA_0.8.8	S	0.074040531413799376
15	135	1080	CPA_0.8.8	M	0.074040531413799376
15	135	1080	CPA_0.8.8	P	0.075984303504247355
15	135	1080	CPA_0.8.8	O	0.075626907783547595
15	135	1080	CPA_0.8.8	D	0.075805605643897475
15	135	1080	zero_effect	S	0.10345665541151793
15	135	1080	zero_effect	M	0.10345665541151793
15	135	1080	zero_effect	P	0.10345665541151793
15	135	1080	zero_effect	O	0.10345665541151793
15	135	1080	zero_effect	D	0.10345665541151793
16	8	64	additive	S	0.026195167136201958
16	8	64	additive	M	0.026195167136201958
16	8	64	additive	P	0.057648633474515924
16	8	64	additive	O	0.057648633474515924
16	8	64	additive	D	0.057648633474515924
16	8	64	compositional_ridge	S	0.025403931071276635
16	8	64	compositional_ridge	M	0.025403931071276635
16	8	64	compositional_ridge	P	0.056857397409590574
16	8	64	compositional_ridge	O	0.056857397409590574
16	8	64	compositional_ridge	D	0.056857397409590574
16	8	64	CPA_0.8.8	S	0.073641583673298927
16	8	64	CPA_0.8.8	M	0.073641583673298927
16	8	64	CPA_0.8.8	P	0.10939910966759897
16	8	64	CPA_0.8.8	O	0.10079099035562666
16	8	64	CPA_0.8.8	D	0.10509505001161283
16	8	64	zero_effect	S	0.1146184025121207
16	8	64	zero_effect	M	0.11461840251212066
16	8	64	zero_effect	P	0.11461840251212066
16	8	64	zero_effect	O	0.11461840251212066
16	8	64	zero_effect	D	0.11461840251212066
16	16	128	additive	S	0.026195167136201958
16	16	128	additive	M	0.026195167136201958
16	16	128	additive	P	0.041622554001751549
16	16	128	additive	O	0.041622554001751549
16	16	128	additive	D	0.041622554001751549
16	16	128	compositional_ridge	S	0.025403931071276635
16	16	128	compositional_ridge	M	0.025403931071276635
16	16	128	compositional_ridge	P	0.04083131793682622
16	16	128	compositional_ridge	O	0.04083131793682622
16	16	128	compositional_ridge	D	0.04083131793682622
16	16	128	CPA_0.8.8	S	0.077374321320801784
16	16	128	CPA_0.8.8	M	0.077374321320801784
16	16	128	CPA_0.8.8	P	0.094878968509222256
16	16	128	CPA_0.8.8	O	0.090724447863480454
16	16	128	CPA_0.8.8	D	0.09280170818635132
16	16	128	zero_effect	S	0.11295284200643312
16	16	128	zero_effect	M	0.11295284200643313
16	16	128	zero_effect	P	0.11295284200643313
16	16	128	zero_effect	O	0.11295284200643313
16	16	128	zero_effect	D	0.11295284200643313
16	32	256	additive	S	0.026195167136201958
16	32	256	additive	M	0.026195167136201958
16	32	256	additive	P	0.033626409262914735
16	32	256	additive	O	0.033626409262914735
16	32	256	additive	D	0.033626409262914735
16	32	256	compositional_ridge	S	0.025403931071276635
16	32	256	compositional_ridge	M	0.025403931071276635
16	32	256	compositional_ridge	P	0.032835173197989412
16	32	256	compositional_ridge	O	0.032835173197989412
16	32	256	compositional_ridge	D	0.032835173197989412
16	32	256	CPA_0.8.8	S	0.076514438430575427
16	32	256	CPA_0.8.8	M	0.076514438430575427
16	32	256	CPA_0.8.8	P	0.084586196199450417
16	32	256	CPA_0.8.8	O	0.083305164915126004
16	32	256	CPA_0.8.8	D	0.083945680557288224
16	32	256	zero_effect	S	0.10898222710354871
16	32	256	zero_effect	M	0.10898222710354871
16	32	256	zero_effect	P	0.10898222710354871
16	32	256	zero_effect	O	0.10898222710354871
16	32	256	zero_effect	D	0.10898222710354871
16	64	512	additive	S	0.026195167136201958
16	64	512	additive	M	0.026195167136201958
16	64	512	additive	P	0.029981236931776976
16	64	512	additive	O	0.029981236931776976
16	64	512	additive	D	0.029981236931776976
16	64	512	compositional_ridge	S	0.025403931071276635
16	64	512	compositional_ridge	M	0.025403931071276635
16	64	512	compositional_ridge	P	0.029190000866851668
16	64	512	compositional_ridge	O	0.029190000866851668
16	64	512	compositional_ridge	D	0.029190000866851668
16	64	512	CPA_0.8.8	S	0.073401949265431671
16	64	512	CPA_0.8.8	M	0.073401949265431671
16	64	512	CPA_0.8.8	P	0.077515130187126038
16	64	512	CPA_0.8.8	O	0.076860907934887396
16	64	512	CPA_0.8.8	D	0.077188019061006696
16	64	512	zero_effect	S	0.10345032815594891
16	64	512	zero_effect	M	0.10345032815594891
16	64	512	zero_effect	P	0.10345032815594891
16	64	512	zero_effect	O	0.10345032815594891
16	64	512	zero_effect	D	0.10345032815594891
16	128	1024	additive	S	0.026195167136201958
16	128	1024	additive	M	0.026195167136201958
16	128	1024	additive	P	0.028050790634651119
16	128	1024	additive	O	0.028050790634651119
16	128	1024	additive	D	0.028050790634651119
16	128	1024	compositional_ridge	S	0.025403931071276635
16	128	1024	compositional_ridge	M	0.025403931071276635
16	128	1024	compositional_ridge	P	0.027259554569725796
16	128	1024	compositional_ridge	O	0.027259554569725796
16	128	1024	compositional_ridge	D	0.027259554569725796
16	128	1024	CPA_0.8.8	S	0.073735488929212376
16	128	1024	CPA_0.8.8	M	0.073735488929212376
16	128	1024	CPA_0.8.8	P	0.075705765128797009
16	128	1024	CPA_0.8.8	O	0.075476459726526016
16	128	1024	CPA_0.8.8	D	0.075591112427661519
16	128	1024	zero_effect	S	0.10317432928988991
16	128	1024	zero_effect	M	0.10317432928988991
16	128	1024	zero_effect	P	0.10317432928988991
16	128	1024	zero_effect	O	0.10317432928988991
16	128	1024	zero_effect	D	0.10317432928988991
16	135	1080	additive	S	0.026195167136201958
16	135	1080	additive	M	0.026195167136201958
16	135	1080	additive	P	0.027963541509368372
16	135	1080	additive	O	0.027963541509368372
16	135	1080	additive	D	0.027963541509368372
16	135	1080	compositional_ridge	S	0.025403931071276635
16	135	1080	compositional_ridge	M	0.025403931071276635
16	135	1080	compositional_ridge	P	0.027172305444443056
16	135	1080	compositional_ridge	O	0.027172305444443056
16	135	1080	compositional_ridge	D	0.027172305444443056
16	135	1080	CPA_0.8.8	S	0.073805553836559151
16	135	1080	CPA_0.8.8	M	0.073805553836559151
16	135	1080	CPA_0.8.8	P	0.075683590279922178
16	135	1080	CPA_0.8.8	O	0.075464266139529015
16	135	1080	CPA_0.8.8	D	0.075573928209725583
16	135	1080	zero_effect	S	0.10321804104400197
16	135	1080	zero_effect	M	0.10321804104400197
16	135	1080	zero_effect	P	0.10321804104400197
16	135	1080	zero_effect	O	0.10321804104400197
16	135	1080	zero_effect	D	0.10321804104400197
17	8	64	additive	S	0.026195167136201958
17	8	64	additive	M	0.026195167136201958
17	8	64	additive	P	0.058019857887122439
17	8	64	additive	O	0.058019857887122439
17	8	64	additive	D	0.058019857887122439
17	8	64	compositional_ridge	S	0.025403931071276635
17	8	64	compositional_ridge	M	0.025403931071276635
17	8	64	compositional_ridge	P	0.057228621822197158
17	8	64	compositional_ridge	O	0.057228621822197158
17	8	64	compositional_ridge	D	0.057228621822197158
17	8	64	CPA_0.8.8	S	0.079464587068830278
17	8	64	CPA_0.8.8	M	0.079464587068830278
17	8	64	CPA_0.8.8	P	0.11487223783691097
17	8	64	CPA_0.8.8	O	0.1077063178025906
17	8	64	CPA_0.8.8	D	0.1112892778197508
17	8	64	zero_effect	S	0.12204254632854025
17	8	64	zero_effect	M	0.12204254632854027
17	8	64	zero_effect	P	0.12204254632854027
17	8	64	zero_effect	O	0.12204254632854027
17	8	64	zero_effect	D	0.12204254632854027
17	16	128	additive	S	0.026195167136201958
17	16	128	additive	M	0.026195167136201958
17	16	128	additive	P	0.041558915868242452
17	16	128	additive	O	0.041558915868242452
17	16	128	additive	D	0.041558915868242452
17	16	128	compositional_ridge	S	0.025403931071276635
17	16	128	compositional_ridge	M	0.025403931071276635
17	16	128	compositional_ridge	P	0.040767679803317136
17	16	128	compositional_ridge	O	0.040767679803317136
17	16	128	compositional_ridge	D	0.040767679803317136
17	16	128	CPA_0.8.8	S	0.076247196116690674
17	16	128	CPA_0.8.8	M	0.076247196116690674
17	16	128	CPA_0.8.8	P	0.092727998281850063
17	16	128	CPA_0.8.8	O	0.090493891415612315
17	16	128	CPA_0.8.8	D	0.091610944848731182
17	16	128	zero_effect	S	0.11071849768756596
17	16	128	zero_effect	M	0.11071849768756596
17	16	128	zero_effect	P	0.11071849768756596
17	16	128	zero_effect	O	0.11071849768756596
17	16	128	zero_effect	D	0.11071849768756596
17	32	256	additive	S	0.026195167136201958
17	32	256	additive	M	0.026195167136201958
17	32	256	additive	P	0.033749652034337559
17	32	256	additive	O	0.033749652034337559
17	32	256	additive	D	0.033749652034337559
17	32	256	compositional_ridge	S	0.025403931071276635
17	32	256	compositional_ridge	M	0.025403931071276635
17	32	256	compositional_ridge	P	0.032958415969412243
17	32	256	compositional_ridge	O	0.032958415969412243
17	32	256	compositional_ridge	D	0.032958415969412243
17	32	256	CPA_0.8.8	S	0.077104135235304821
17	32	256	CPA_0.8.8	M	0.077104135235304821
17	32	256	CPA_0.8.8	P	0.085352742595676143
17	32	256	CPA_0.8.8	O	0.08396449767120473
17	32	256	CPA_0.8.8	D	0.084658620133440415
17	32	256	zero_effect	S	0.10953983703610282
17	32	256	zero_effect	M	0.10953983703610282
17	32	256	zero_effect	P	0.10953983703610282
17	32	256	zero_effect	O	0.10953983703610282
17	32	256	zero_effect	D	0.10953983703610282
17	64	512	additive	S	0.026195167136201958
17	64	512	additive	M	0.026195167136201958
17	64	512	additive	P	0.029913173757401698
17	64	512	additive	O	0.029913173757401698
17	64	512	additive	D	0.029913173757401698
17	64	512	compositional_ridge	S	0.025403931071276635
17	64	512	compositional_ridge	M	0.025403931071276635
17	64	512	compositional_ridge	P	0.029121937692476368
17	64	512	compositional_ridge	O	0.029121937692476368
17	64	512	compositional_ridge	D	0.029121937692476368
17	64	512	CPA_0.8.8	S	0.07616552005111682
17	64	512	CPA_0.8.8	M	0.07616552005111682
17	64	512	CPA_0.8.8	P	0.080298482410203043
17	64	512	CPA_0.8.8	O	0.079468570934430049
17	64	512	CPA_0.8.8	D	0.079883526672316546
17	64	512	zero_effect	S	0.10678875470223403
17	64	512	zero_effect	M	0.10678875470223405
17	64	512	zero_effect	P	0.10678875470223405
17	64	512	zero_effect	O	0.10678875470223405
17	64	512	zero_effect	D	0.10678875470223405
17	128	1024	additive	S	0.026195167136201958
17	128	1024	additive	M	0.026195167136201958
17	128	1024	additive	P	0.028226611975915143
17	128	1024	additive	O	0.028226611975915143
17	128	1024	additive	D	0.028226611975915143
17	128	1024	compositional_ridge	S	0.025403931071276635
17	128	1024	compositional_ridge	M	0.025403931071276635
17	128	1024	compositional_ridge	P	0.027435375910989834
17	128	1024	compositional_ridge	O	0.027435375910989834
17	128	1024	compositional_ridge	D	0.027435375910989834
17	128	1024	CPA_0.8.8	S	0.074624622381024949
17	128	1024	CPA_0.8.8	M	0.074624622381024949
17	128	1024	CPA_0.8.8	P	0.076931945205432256
17	128	1024	CPA_0.8.8	O	0.076380189236043977
17	128	1024	CPA_0.8.8	D	0.076656067220738131
17	128	1024	zero_effect	S	0.10412838528739642
17	128	1024	zero_effect	M	0.10412838528739642
17	128	1024	zero_effect	P	0.10412838528739642
17	128	1024	zero_effect	O	0.10412838528739642
17	128	1024	zero_effect	D	0.10412838528739642
17	135	1080	additive	S	0.026195167136201958
17	135	1080	additive	M	0.026195167136201958
17	135	1080	additive	P	0.028119321590302813
17	135	1080	additive	O	0.028119321590302813
17	135	1080	additive	D	0.028119321590302813
17	135	1080	compositional_ridge	S	0.025403931071276635
17	135	1080	compositional_ridge	M	0.025403931071276635
17	135	1080	compositional_ridge	P	0.02732808552537749
17	135	1080	compositional_ridge	O	0.02732808552537749
17	135	1080	compositional_ridge	D	0.02732808552537749
17	135	1080	CPA_0.8.8	S	0.074207210088872308
17	135	1080	CPA_0.8.8	M	0.074207210088872308
17	135	1080	CPA_0.8.8	P	0.076401321928804777
17	135	1080	CPA_0.8.8	O	0.075861407157141597
17	135	1080	CPA_0.8.8	D	0.076131364542973187
17	135	1080	zero_effect	S	0.10361332766658145
17	135	1080	zero_effect	M	0.10361332766658146
17	135	1080	zero_effect	P	0.10361332766658146
17	135	1080	zero_effect	O	0.10361332766658146
17	135	1080	zero_effect	D	0.10361332766658146
18	8	64	additive	S	0.026195167136201958
18	8	64	additive	M	0.026195167136201958
18	8	64	additive	P	0.055518312992275248
18	8	64	additive	O	0.055518312992275248
18	8	64	additive	D	0.055518312992275248
18	8	64	compositional_ridge	S	0.025403931071276635
18	8	64	compositional_ridge	M	0.025403931071276635
18	8	64	compositional_ridge	P	0.054727076927349967
18	8	64	compositional_ridge	O	0.054727076927349967
18	8	64	compositional_ridge	D	0.054727076927349967
18	8	64	CPA_0.8.8	S	0.080031456558806793
18	8	64	CPA_0.8.8	M	0.080031456558806807
18	8	64	CPA_0.8.8	P	0.11250595716451528
18	8	64	CPA_0.8.8	O	0.10620324766524492
18	8	64	CPA_0.8.8	D	0.10935460241488015
18	8	64	zero_effect	S	0.1226545540414451
18	8	64	zero_effect	M	0.1226545540414451
18	8	64	zero_effect	P	0.1226545540414451
18	8	64	zero_effect	O	0.1226545540414451
18	8	64	zero_effect	D	0.1226545540414451
18	16	128	additive	S	0.026195167136201958
18	16	128	additive	M	0.026195167136201958
18	16	128	additive	P	0.040158798623421699
18	16	128	additive	O	0.040158798623421699
18	16	128	additive	D	0.040158798623421699
18	16	128	compositional_ridge	S	0.025403931071276635
18	16	128	compositional_ridge	M	0.025403931071276635
18	16	128	compositional_ridge	P	0.03936756255849639
18	16	128	compositional_ridge	O	0.03936756255849639
18	16	128	compositional_ridge	D	0.03936756255849639
18	16	128	CPA_0.8.8	S	0.079452303076952585
18	16	128	CPA_0.8.8	M	0.079452303076952585
18	16	128	CPA_0.8.8	P	0.094436949663905007
18	16	128	CPA_0.8.8	O	0.092394919464439576
18	16	128	CPA_0.8.8	D	0.09341593456417234
18	16	128	zero_effect	S	0.11502917049398241
18	16	128	zero_effect	M	0.1150291704939824
18	16	128	zero_effect	P	0.1150291704939824
18	16	128	zero_effect	O	0.1150291704939824
18	16	128	zero_effect	D	0.1150291704939824
18	32	256	additive	S	0.026195167136201958
18	32	256	additive	M	0.026195167136201958
18	32	256	additive	P	0.033307327460837761
18	32	256	additive	O	0.033307327460837761
18	32	256	additive	D	0.033307327460837761
18	32	256	compositional_ridge	S	0.025403931071276635
18	32	256	compositional_ridge	M	0.025403931071276635
18	32	256	compositional_ridge	P	0.032516091395912446
18	32	256	compositional_ridge	O	0.032516091395912446
18	32	256	compositional_ridge	D	0.032516091395912446
18	32	256	CPA_0.8.8	S	0.077099935400658931
18	32	256	CPA_0.8.8	M	0.077099935400658931
18	32	256	CPA_0.8.8	P	0.084756210175050542
18	32	256	CPA_0.8.8	O	0.083667981275538886
18	32	256	CPA_0.8.8	D	0.084212095725294686
18	32	256	zero_effect	S	0.10981764330112784
18	32	256	zero_effect	M	0.10981764330112784
18	32	256	zero_effect	P	0.10981764330112784
18	32	256	zero_effect	O	0.10981764330112784
18	32	256	zero_effect	D	0.10981764330112784
18	64	512	additive	S	0.026195167136201958
18	64	512	additive	M	0.026195167136201958
18	64	512	additive	P	0.029913958727449386
18	64	512	additive	O	0.029913958727449386
18	64	512	additive	D	0.029913958727449386
18	64	512	compositional_ridge	S	0.025403931071276635
18	64	512	compositional_ridge	M	0.025403931071276635
18	64	512	compositional_ridge	P	0.029122722662524077
18	64	512	compositional_ridge	O	0.029122722662524077
18	64	512	compositional_ridge	D	0.029122722662524077
18	64	512	CPA_0.8.8	S	0.074635788702778996
18	64	512	CPA_0.8.8	M	0.074635788702778996
18	64	512	CPA_0.8.8	P	0.07874779792244184
18	64	512	CPA_0.8.8	O	0.077961362665610975
18	64	512	CPA_0.8.8	D	0.078354580294026421
18	64	512	zero_effect	S	0.10497911653211604
18	64	512	zero_effect	M	0.10497911653211604
18	64	512	zero_effect	P	0.10497911653211604
18	64	512	zero_effect	O	0.10497911653211604
18	64	512	zero_effect	D	0.10497911653211604
18	128	1024	additive	S	0.026195167136201958
18	128	1024	additive	M	0.026195167136201958
18	128	1024	additive	P	0.028055662546235323
18	128	1024	additive	O	0.028055662546235323
18	128	1024	additive	D	0.028055662546235323
18	128	1024	compositional_ridge	S	0.025403931071276635
18	128	1024	compositional_ridge	M	0.025403931071276635
18	128	1024	compositional_ridge	P	0.027264426481310011
18	128	1024	compositional_ridge	O	0.027264426481310011
18	128	1024	compositional_ridge	D	0.027264426481310011
18	128	1024	CPA_0.8.8	S	0.074058531744986195
18	128	1024	CPA_0.8.8	M	0.074058531744986195
18	128	1024	CPA_0.8.8	P	0.076115993926291189
18	128	1024	CPA_0.8.8	O	0.075722060383747986
18	128	1024	CPA_0.8.8	D	0.075919027155019553
18	128	1024	zero_effect	S	0.10348475392713967
18	128	1024	zero_effect	M	0.10348475392713968
18	128	1024	zero_effect	P	0.10348475392713968
18	128	1024	zero_effect	O	0.10348475392713968
18	128	1024	zero_effect	D	0.10348475392713968
18	135	1080	additive	S	0.026195167136201958
18	135	1080	additive	M	0.026195167136201958
18	135	1080	additive	P	0.027980125829680076
18	135	1080	additive	O	0.027980125829680076
18	135	1080	additive	D	0.027980125829680076
18	135	1080	compositional_ridge	S	0.025403931071276635
18	135	1080	compositional_ridge	M	0.025403931071276635
18	135	1080	compositional_ridge	P	0.027188889764754764
18	135	1080	compositional_ridge	O	0.027188889764754764
18	135	1080	compositional_ridge	D	0.027188889764754764
18	135	1080	CPA_0.8.8	S	0.074285348220718042
18	135	1080	CPA_0.8.8	M	0.074285348220718056
18	135	1080	CPA_0.8.8	P	0.076287354249796976
18	135	1080	CPA_0.8.8	O	0.075853259578595386
18	135	1080	CPA_0.8.8	D	0.076070306914196181
18	135	1080	zero_effect	S	0.10374060497669131
18	135	1080	zero_effect	M	0.10374060497669133
18	135	1080	zero_effect	P	0.10374060497669133
18	135	1080	zero_effect	O	0.10374060497669133
18	135	1080	zero_effect	D	0.10374060497669133
19	8	64	additive	S	0.026195167136201958
19	8	64	additive	M	0.026195167136201958
19	8	64	additive	P	0.056119353738698086
19	8	64	additive	O	0.056119353738698086
19	8	64	additive	D	0.056119353738698086
19	8	64	compositional_ridge	S	0.025403931071276635
19	8	64	compositional_ridge	M	0.025403931071276635
19	8	64	compositional_ridge	P	0.055328117673772804
19	8	64	compositional_ridge	O	0.055328117673772804
19	8	64	compositional_ridge	D	0.055328117673772804
19	8	64	CPA_0.8.8	S	0.082081910301448568
19	8	64	CPA_0.8.8	M	0.082081910301448568
19	8	64	CPA_0.8.8	P	0.11551271719450526
19	8	64	CPA_0.8.8	O	0.1084994766133841
19	8	64	CPA_0.8.8	D	0.1120060969039447
19	8	64	zero_effect	S	0.12530555375136246
19	8	64	zero_effect	M	0.12530555375136246
19	8	64	zero_effect	P	0.12530555375136246
19	8	64	zero_effect	O	0.12530555375136246
19	8	64	zero_effect	D	0.12530555375136246
19	16	128	additive	S	0.026195167136201958
19	16	128	additive	M	0.026195167136201958
19	16	128	additive	P	0.040982291405581434
19	16	128	additive	O	0.040982291405581434
19	16	128	additive	D	0.040982291405581434
19	16	128	compositional_ridge	S	0.025403931071276635
19	16	128	compositional_ridge	M	0.025403931071276635
19	16	128	compositional_ridge	P	0.040191055340656132
19	16	128	compositional_ridge	O	0.040191055340656132
19	16	128	compositional_ridge	D	0.040191055340656132
19	16	128	CPA_0.8.8	S	0.081562022208694074
19	16	128	CPA_0.8.8	M	0.081562022208694074
19	16	128	CPA_0.8.8	P	0.097726203419916308
19	16	128	CPA_0.8.8	O	0.094972089536230944
19	16	128	CPA_0.8.8	D	0.096349146478073577
19	16	128	zero_effect	S	0.11837380253338349
19	16	128	zero_effect	M	0.11837380253338349
19	16	128	zero_effect	P	0.11837380253338349
19	16	128	zero_effect	O	0.11837380253338349
19	16	128	zero_effect	D	0.11837380253338349
19	32	256	additive	S	0.026195167136201958
19	32	256	additive	M	0.026195167136201958
19	32	256	additive	P	0.033762318457137896
19	32	256	additive	O	0.033762318457137896
19	32	256	additive	D	0.033762318457137896
19	32	256	compositional_ridge	S	0.025403931071276635
19	32	256	compositional_ridge	M	0.025403931071276635
19	32	256	compositional_ridge	P	0.032971082392212581
19	32	256	compositional_ridge	O	0.032971082392212581
19	32	256	compositional_ridge	D	0.032971082392212581
19	32	256	CPA_0.8.8	S	0.076684945661519455
19	32	256	CPA_0.8.8	M	0.076684945661519455
19	32	256	CPA_0.8.8	P	0.084928959669267848
19	32	256	CPA_0.8.8	O	0.083575234295642953
19	32	256	CPA_0.8.8	D	0.084252096982455366
19	32	256	zero_effect	S	0.10987451761254784
19	32	256	zero_effect	M	0.10987451761254784
19	32	256	zero_effect	P	0.10987451761254784
19	32	256	zero_effect	O	0.10987451761254784
19	32	256	zero_effect	D	0.10987451761254784
19	64	512	additive	S	0.026195167136201958
19	64	512	additive	M	0.026195167136201958
19	64	512	additive	P	0.030118050704988245
19	64	512	additive	O	0.030118050704988245
19	64	512	additive	D	0.030118050704988245
19	64	512	compositional_ridge	S	0.025403931071276635
19	64	512	compositional_ridge	M	0.025403931071276635
19	64	512	compositional_ridge	P	0.029326814640062936
19	64	512	compositional_ridge	O	0.029326814640062936
19	64	512	compositional_ridge	D	0.029326814640062936
19	64	512	CPA_0.8.8	S	0.076164914112742052
19	64	512	CPA_0.8.8	M	0.076164914112742052
19	64	512	CPA_0.8.8	P	0.080618924548324311
19	64	512	CPA_0.8.8	O	0.079556670814732403
19	64	512	CPA_0.8.8	D	0.08008779768152835
19	64	512	zero_effect	S	0.10751161542033001
19	64	512	zero_effect	M	0.10751161542033001
19	64	512	zero_effect	P	0.10751161542033001
19	64	512	zero_effect	O	0.10751161542033001
19	64	512	zero_effect	D	0.10751161542033001
19	128	1024	additive	S	0.026195167136201958
19	128	1024	additive	M	0.026195167136201958
19	128	1024	additive	P	0.028107722657148317
19	128	1024	additive	O	0.028107722657148317
19	128	1024	additive	D	0.028107722657148317
19	128	1024	compositional_ridge	S	0.025403931071276635
19	128	1024	compositional_ridge	M	0.025403931071276635
19	128	1024	compositional_ridge	P	0.027316486592223008
19	128	1024	compositional_ridge	O	0.027316486592223008
19	128	1024	compositional_ridge	D	0.027316486592223008
19	128	1024	CPA_0.8.8	S	0.074416398592480545
19	128	1024	CPA_0.8.8	M	0.074416398592480545
19	128	1024	CPA_0.8.8	P	0.076546633898550112
19	128	1024	CPA_0.8.8	O	0.076111274328303724
19	128	1024	CPA_0.8.8	D	0.076328954113426925
19	128	1024	zero_effect	S	0.10403618894621011
19	128	1024	zero_effect	M	0.10403618894621011
19	128	1024	zero_effect	P	0.10403618894621011
19	128	1024	zero_effect	O	0.10403618894621011
19	128	1024	zero_effect	D	0.10403618894621011
19	135	1080	additive	S	0.026195167136201958
19	135	1080	additive	M	0.026195167136201958
19	135	1080	additive	P	0.027991719332767156
19	135	1080	additive	O	0.027991719332767156
19	135	1080	additive	D	0.027991719332767156
19	135	1080	compositional_ridge	S	0.025403931071276635
19	135	1080	compositional_ridge	M	0.025403931071276635
19	135	1080	compositional_ridge	P	0.027200483267841837
19	135	1080	compositional_ridge	O	0.027200483267841837
19	135	1080	compositional_ridge	D	0.027200483267841837
19	135	1080	CPA_0.8.8	S	0.073973974094117781
19	135	1080	CPA_0.8.8	M	0.073973974094117781
19	135	1080	CPA_0.8.8	P	0.07594189032642705
19	135	1080	CPA_0.8.8	O	0.075599162254938818
19	135	1080	CPA_0.8.8	D	0.075770526290682913
19	135	1080	zero_effect	S	0.10343789162471144
19	135	1080	zero_effect	M	0.10343789162471144
19	135	1080	zero_effect	P	0.10343789162471144
19	135	1080	zero_effect	O	0.10343789162471144
19	135	1080	zero_effect	D	0.10343789162471144
20	8	64	additive	S	0.026195167136201958
20	8	64	additive	M	0.026195167136201958
20	8	64	additive	P	0.056634269661082259
20	8	64	additive	O	0.056634269661082259
20	8	64	additive	D	0.056634269661082259
20	8	64	compositional_ridge	S	0.025403931071276635
20	8	64	compositional_ridge	M	0.025403931071276635
20	8	64	compositional_ridge	P	0.055843033596156902
20	8	64	compositional_ridge	O	0.055843033596156902
20	8	64	compositional_ridge	D	0.055843033596156902
20	8	64	CPA_0.8.8	S	0.077557443048185848
20	8	64	CPA_0.8.8	M	0.077557443048185848
20	8	64	CPA_0.8.8	P	0.11123831910976001
20	8	64	CPA_0.8.8	O	0.10475477203637218
20	8	64	CPA_0.8.8	D	0.10799654557306614
20	8	64	zero_effect	S	0.12082091850099434
20	8	64	zero_effect	M	0.12082091850099434
20	8	64	zero_effect	P	0.12082091850099434
20	8	64	zero_effect	O	0.12082091850099434
20	8	64	zero_effect	D	0.12082091850099434
20	16	128	additive	S	0.026195167136201958
20	16	128	additive	M	0.026195167136201958
20	16	128	additive	P	0.042204078814717626
20	16	128	additive	O	0.042204078814717626
20	16	128	additive	D	0.042204078814717626
20	16	128	compositional_ridge	S	0.025403931071276635
20	16	128	compositional_ridge	M	0.025403931071276635
20	16	128	compositional_ridge	P	0.041412842749792331
20	16	128	compositional_ridge	O	0.041412842749792331
20	16	128	compositional_ridge	D	0.041412842749792331
20	16	128	CPA_0.8.8	S	0.076141149821996074
20	16	128	CPA_0.8.8	M	0.076141149821996074
20	16	128	CPA_0.8.8	P	0.094479043799108708
20	16	128	CPA_0.8.8	O	0.089821079201914844
20	16	128	CPA_0.8.8	D	0.092150061500511735
20	16	128	zero_effect	S	0.11230288595899807
20	16	128	zero_effect	M	0.11230288595899807
20	16	128	zero_effect	P	0.11230288595899807
20	16	128	zero_effect	O	0.11230288595899807
20	16	128	zero_effect	D	0.11230288595899807
20	32	256	additive	S	0.026195167136201958
20	32	256	additive	M	0.026195167136201958
20	32	256	additive	P	0.034089923622522805
20	32	256	additive	O	0.034089923622522805
20	32	256	additive	D	0.034089923622522805
20	32	256	compositional_ridge	S	0.025403931071276635
20	32	256	compositional_ridge	M	0.025403931071276635
20	32	256	compositional_ridge	P	0.033298687557597496
20	32	256	compositional_ridge	O	0.033298687557597496
20	32	256	compositional_ridge	D	0.033298687557597496
20	32	256	CPA_0.8.8	S	0.074292221485888862
20	32	256	CPA_0.8.8	M	0.074292221485888862
20	32	256	CPA_0.8.8	P	0.082862851374431376
20	32	256	CPA_0.8.8	O	0.081511104569988085
20	32	256	CPA_0.8.8	D	0.082186977972209682
20	32	256	zero_effect	S	0.1067083081130312
20	32	256	zero_effect	M	0.10670830811303121
20	32	256	zero_effect	P	0.10670830811303121
20	32	256	zero_effect	O	0.10670830811303121
20	32	256	zero_effect	D	0.10670830811303121
20	64	512	additive	S	0.026195167136201958
20	64	512	additive	M	0.026195167136201958
20	64	512	additive	P	0.030083395921788068
20	64	512	additive	O	0.030083395921788068
20	64	512	additive	D	0.030083395921788068
20	64	512	compositional_ridge	S	0.025403931071276635
20	64	512	compositional_ridge	M	0.025403931071276635
20	64	512	compositional_ridge	P	0.029292159856862749
20	64	512	compositional_ridge	O	0.029292159856862749
20	64	512	compositional_ridge	D	0.029292159856862749
20	64	512	CPA_0.8.8	S	0.073274793372347227
20	64	512	CPA_0.8.8	M	0.073274793372347227
20	64	512	CPA_0.8.8	P	0.077530201928795603
20	64	512	CPA_0.8.8	O	0.076795842387071059
20	64	512	CPA_0.8.8	D	0.077163022157933372
20	64	512	zero_effect	S	0.10336769800648171
20	64	512	zero_effect	M	0.10336769800648171
20	64	512	zero_effect	P	0.10336769800648171
20	64	512	zero_effect	O	0.10336769800648171
20	64	512	zero_effect	D	0.10336769800648171
20	128	1024	additive	S	0.026195167136201958
20	128	1024	additive	M	0.026195167136201958
20	128	1024	additive	P	0.028119012190153635
20	128	1024	additive	O	0.028119012190153635
20	128	1024	additive	D	0.028119012190153635
20	128	1024	compositional_ridge	S	0.025403931071276635
20	128	1024	compositional_ridge	M	0.025403931071276635
20	128	1024	compositional_ridge	P	0.027327776125228319
20	128	1024	compositional_ridge	O	0.027327776125228319
20	128	1024	compositional_ridge	D	0.027327776125228319
20	128	1024	CPA_0.8.8	S	0.074001516687274171
20	128	1024	CPA_0.8.8	M	0.074001516687274158
20	128	1024	CPA_0.8.8	P	0.0760623398022688
20	128	1024	CPA_0.8.8	O	0.075788383680182897
20	128	1024	CPA_0.8.8	D	0.075925361741225869
20	128	1024	zero_effect	S	0.10340148471278197
20	128	1024	zero_effect	M	0.10340148471278197
20	128	1024	zero_effect	P	0.10340148471278197
20	128	1024	zero_effect	O	0.10340148471278197
20	128	1024	zero_effect	D	0.10340148471278197
20	135	1080	additive	S	0.026195167136201958
20	135	1080	additive	M	0.026195167136201958
20	135	1080	additive	P	0.028032264173612233
20	135	1080	additive	O	0.028032264173612233
20	135	1080	additive	D	0.028032264173612233
20	135	1080	compositional_ridge	S	0.025403931071276635
20	135	1080	compositional_ridge	M	0.025403931071276635
20	135	1080	compositional_ridge	P	0.027241028108686921
20	135	1080	compositional_ridge	O	0.027241028108686921
20	135	1080	compositional_ridge	D	0.027241028108686921
20	135	1080	CPA_0.8.8	S	0.073885687433066505
20	135	1080	CPA_0.8.8	M	0.073885687433066505
20	135	1080	CPA_0.8.8	P	0.075871136135321607
20	135	1080	CPA_0.8.8	O	0.075574432805631975
20	135	1080	CPA_0.8.8	D	0.07572278447047677
20	135	1080	zero_effect	S	0.10321408747683827
20	135	1080	zero_effect	M	0.10321408747683827
20	135	1080	zero_effect	P	0.10321408747683827
20	135	1080	zero_effect	O	0.10321408747683827
20	135	1080	zero_effect	D	0.10321408747683827
21	8	64	additive	S	0.026195167136201958
21	8	64	additive	M	0.026195167136201958
21	8	64	additive	P	0.05608139815383989
21	8	64	additive	O	0.05608139815383989
21	8	64	additive	D	0.05608139815383989
21	8	64	compositional_ridge	S	0.025403931071276635
21	8	64	compositional_ridge	M	0.025403931071276635
21	8	64	compositional_ridge	P	0.055290162088914616
21	8	64	compositional_ridge	O	0.055290162088914616
21	8	64	compositional_ridge	D	0.055290162088914616
21	8	64	CPA_0.8.8	S	0.078985967311741637
21	8	64	CPA_0.8.8	M	0.078985967311741637
21	8	64	CPA_0.8.8	P	0.11156296943538427
21	8	64	CPA_0.8.8	O	0.10618142722337488
21	8	64	CPA_0.8.8	D	0.10887219832937951
21	8	64	zero_effect	S	0.12161021680530697
21	8	64	zero_effect	M	0.12161021680530697
21	8	64	zero_effect	P	0.12161021680530697
21	8	64	zero_effect	O	0.12161021680530697
21	8	64	zero_effect	D	0.12161021680530697
21	16	128	additive	S	0.026195167136201958
21	16	128	additive	M	0.026195167136201958
21	16	128	additive	P	0.040493478759762891
21	16	128	additive	O	0.040493478759762891
21	16	128	additive	D	0.040493478759762891
21	16	128	compositional_ridge	S	0.025403931071276635
21	16	128	compositional_ridge	M	0.025403931071276635
21	16	128	compositional_ridge	P	0.039702242694837568
21	16	128	compositional_ridge	O	0.039702242694837568
21	16	128	compositional_ridge	D	0.039702242694837568
21	16	128	CPA_0.8.8	S	0.073348613566801626
21	16	128	CPA_0.8.8	M	0.073348613566801626
21	16	128	CPA_0.8.8	P	0.088693396796523535
21	16	128	CPA_0.8.8	O	0.086600453584201612
21	16	128	CPA_0.8.8	D	0.087646925190362601
21	16	128	zero_effect	S	0.10938912442555174
21	16	128	zero_effect	M	0.10938912442555174
21	16	128	zero_effect	P	0.10938912442555174
21	16	128	zero_effect	O	0.10938912442555174
21	16	128	zero_effect	D	0.10938912442555174
21	32	256	additive	S	0.026195167136201958
21	32	256	additive	M	0.026195167136201958
21	32	256	additive	P	0.033460592155002217
21	32	256	additive	O	0.033460592155002217
21	32	256	additive	D	0.033460592155002217
21	32	256	compositional_ridge	S	0.025403931071276635
21	32	256	compositional_ridge	M	0.025403931071276635
21	32	256	compositional_ridge	P	0.032669356090076887
21	32	256	compositional_ridge	O	0.032669356090076887
21	32	256	compositional_ridge	D	0.032669356090076887
21	32	256	CPA_0.8.8	S	0.072572984650244809
21	32	256	CPA_0.8.8	M	0.072572984650244809
21	32	256	CPA_0.8.8	P	0.08048816617040605
21	32	256	CPA_0.8.8	O	0.079188653167684142
21	32	256	CPA_0.8.8	D	0.079838409669045124
21	32	256	zero_effect	S	0.10422131423050919
21	32	256	zero_effect	M	0.10422131423050919
21	32	256	zero_effect	P	0.10422131423050919
21	32	256	zero_effect	O	0.10422131423050919
21	32	256	zero_effect	D	0.10422131423050919
21	64	512	additive	S	0.026195167136201958
21	64	512	additive	M	0.026195167136201958
21	64	512	additive	P	0.029763166968892311
21	64	512	additive	O	0.029763166968892311
21	64	512	additive	D	0.029763166968892311
21	64	512	compositional_ridge	S	0.025403931071276635
21	64	512	compositional_ridge	M	0.025403931071276635
21	64	512	compositional_ridge	P	0.028971930903966995
21	64	512	compositional_ridge	O	0.028971930903966995
21	64	512	compositional_ridge	D	0.028971930903966995
21	64	512	CPA_0.8.8	S	0.072731532648417946
21	64	512	CPA_0.8.8	M	0.072731532648417946
21	64	512	CPA_0.8.8	P	0.076556097788583896
21	64	512	CPA_0.8.8	O	0.076042967173632708
21	64	512	CPA_0.8.8	D	0.076299532481108323
21	64	512	zero_effect	S	0.10277711272349371
21	64	512	zero_effect	M	0.10277711272349371
21	64	512	zero_effect	P	0.10277711272349371
21	64	512	zero_effect	O	0.10277711272349371
21	64	512	zero_effect	D	0.10277711272349371
21	128	1024	additive	S	0.026195167136201958
21	128	1024	additive	M	0.026195167136201958
21	128	1024	additive	P	0.028115027895419455
21	128	1024	additive	O	0.028115027895419455
21	128	1024	additive	D	0.028115027895419455
21	128	1024	compositional_ridge	S	0.025403931071276635
21	128	1024	compositional_ridge	M	0.025403931071276635
21	128	1024	compositional_ridge	P	0.027323791830494132
21	128	1024	compositional_ridge	O	0.027323791830494132
21	128	1024	compositional_ridge	D	0.027323791830494132
21	128	1024	CPA_0.8.8	S	0.074017038725495046
21	128	1024	CPA_0.8.8	M	0.074017038725495046
21	128	1024	CPA_0.8.8	P	0.076090117474994834
21	128	1024	CPA_0.8.8	O	0.07578368149443028
21	128	1024	CPA_0.8.8	D	0.075936899484712536
21	128	1024	zero_effect	S	0.10354207887650886
21	128	1024	zero_effect	M	0.10354207887650886
21	128	1024	zero_effect	P	0.10354207887650886
21	128	1024	zero_effect	O	0.10354207887650886
21	128	1024	zero_effect	D	0.10354207887650886
21	135	1080	additive	S	0.026195167136201958
21	135	1080	additive	M	0.026195167136201958
21	135	1080	additive	P	0.028005415741164236
21	135	1080	additive	O	0.028005415741164236
21	135	1080	additive	D	0.028005415741164236
21	135	1080	compositional_ridge	S	0.025403931071276635
21	135	1080	compositional_ridge	M	0.025403931071276635
21	135	1080	compositional_ridge	P	0.027214179676238914
21	135	1080	compositional_ridge	O	0.027214179676238914
21	135	1080	compositional_ridge	D	0.027214179676238914
21	135	1080	CPA_0.8.8	S	0.073919735533507475
21	135	1080	CPA_0.8.8	M	0.073919735533507475
21	135	1080	CPA_0.8.8	P	0.075868843370257538
21	135	1080	CPA_0.8.8	O	0.07559112490668192
21	135	1080	CPA_0.8.8	D	0.07572998413846975
21	135	1080	zero_effect	S	0.10337625368280495
21	135	1080	zero_effect	M	0.10337625368280495
21	135	1080	zero_effect	P	0.10337625368280495
21	135	1080	zero_effect	O	0.10337625368280495
21	135	1080	zero_effect	D	0.10337625368280495
22	8	64	additive	S	0.026195167136201958
22	8	64	additive	M	0.026195167136201958
22	8	64	additive	P	0.056327918945678561
22	8	64	additive	O	0.056327918945678561
22	8	64	additive	D	0.056327918945678561
22	8	64	compositional_ridge	S	0.025403931071276635
22	8	64	compositional_ridge	M	0.025403931071276635
22	8	64	compositional_ridge	P	0.055536682880753266
22	8	64	compositional_ridge	O	0.055536682880753266
22	8	64	compositional_ridge	D	0.055536682880753266
22	8	64	CPA_0.8.8	S	0.07856088533760322
22	8	64	CPA_0.8.8	M	0.07856088533760322
22	8	64	CPA_0.8.8	P	0.11217649993993999
22	8	64	CPA_0.8.8	O	0.10521077435421966
22	8	64	CPA_0.8.8	D	0.10869363714707983
22	8	64	zero_effect	S	0.11959386303303887
22	8	64	zero_effect	M	0.11959386303303886
22	8	64	zero_effect	P	0.11959386303303886
22	8	64	zero_effect	O	0.11959386303303886
22	8	64	zero_effect	D	0.11959386303303886
22	16	128	additive	S	0.026195167136201958
22	16	128	additive	M	0.026195167136201958
22	16	128	additive	P	0.04093087546317805
22	16	128	additive	O	0.04093087546317805
22	16	128	additive	D	0.04093087546317805
22	16	128	compositional_ridge	S	0.025403931071276635
22	16	128	compositional_ridge	M	0.025403931071276635
22	16	128	compositional_ridge	P	0.040139639398252741
22	16	128	compositional_ridge	O	0.040139639398252741
22	16	128	compositional_ridge	D	0.040139639398252741
22	16	128	CPA_0.8.8	S	0.075692683499153271
22	16	128	CPA_0.8.8	M	0.075692683499153271
22	16	128	CPA_0.8.8	P	0.091928670930196049
22	16	128	CPA_0.8.8	O	0.088928112722062608
22	16	128	CPA_0.8.8	D	0.090428391826129356
22	16	128	zero_effect	S	0.11061427136978083
22	16	128	zero_effect	M	0.11061427136978082
22	16	128	zero_effect	P	0.11061427136978082
22	16	128	zero_effect	O	0.11061427136978082
22	16	128	zero_effect	D	0.11061427136978082
22	32	256	additive	S	0.026195167136201958
22	32	256	additive	M	0.026195167136201958
22	32	256	additive	P	0.033831266958426941
22	32	256	additive	O	0.033831266958426941
22	32	256	additive	D	0.033831266958426941
22	32	256	compositional_ridge	S	0.025403931071276635
22	32	256	compositional_ridge	M	0.025403931071276635
22	32	256	compositional_ridge	P	0.033040030893501632
22	32	256	compositional_ridge	O	0.033040030893501632
22	32	256	compositional_ridge	D	0.033040030893501632
22	32	256	CPA_0.8.8	S	0.0734955495968386
22	32	256	CPA_0.8.8	M	0.0734955495968386
22	32	256	CPA_0.8.8	P	0.081930583848228836
22	32	256	CPA_0.8.8	O	0.080332714989898357
22	32	256	CPA_0.8.8	D	0.081131649419063576
22	32	256	zero_effect	S	0.1046804937454708
22	32	256	zero_effect	M	0.1046804937454708
22	32	256	zero_effect	P	0.1046804937454708
22	32	256	zero_effect	O	0.1046804937454708
22	32	256	zero_effect	D	0.1046804937454708
22	64	512	additive	S	0.026195167136201958
22	64	512	additive	M	0.026195167136201958
22	64	512	additive	P	0.030090808377675016
22	64	512	additive	O	0.030090808377675016
22	64	512	additive	D	0.030090808377675016
22	64	512	compositional_ridge	S	0.025403931071276635
22	64	512	compositional_ridge	M	0.025403931071276635
22	64	512	compositional_ridge	P	0.029299572312749694
22	64	512	compositional_ridge	O	0.029299572312749694
22	64	512	compositional_ridge	D	0.029299572312749694
22	64	512	CPA_0.8.8	S	0.073418402451278258
22	64	512	CPA_0.8.8	M	0.073418402451278258
22	64	512	CPA_0.8.8	P	0.07775713741326569
22	64	512	CPA_0.8.8	O	0.076870949972236993
22	64	512	CPA_0.8.8	D	0.077314043692751314
22	64	512	zero_effect	S	0.10368315091168361
22	64	512	zero_effect	M	0.10368315091168361
22	64	512	zero_effect	P	0.10368315091168361
22	64	512	zero_effect	O	0.10368315091168361
22	64	512	zero_effect	D	0.10368315091168361
22	128	1024	additive	S	0.026195167136201958
22	128	1024	additive	M	0.026195167136201958
22	128	1024	additive	P	0.028037662814772372
22	128	1024	additive	O	0.028037662814772372
22	128	1024	additive	D	0.028037662814772372
22	128	1024	compositional_ridge	S	0.025403931071276635
22	128	1024	compositional_ridge	M	0.025403931071276635
22	128	1024	compositional_ridge	P	0.027246426749847064
22	128	1024	compositional_ridge	O	0.027246426749847064
22	128	1024	compositional_ridge	D	0.027246426749847064
22	128	1024	CPA_0.8.8	S	0.073328720296622421
22	128	1024	CPA_0.8.8	M	0.073328720296622421
22	128	1024	CPA_0.8.8	P	0.075330039841631724
22	128	1024	CPA_0.8.8	O	0.075012392108753961
22	128	1024	CPA_0.8.8	D	0.075171215975192857
22	128	1024	zero_effect	S	0.10264804641568979
22	128	1024	zero_effect	M	0.10264804641568979
22	128	1024	zero_effect	P	0.10264804641568979
22	128	1024	zero_effect	O	0.10264804641568979
22	128	1024	zero_effect	D	0.10264804641568979
22	135	1080	additive	S	0.026195167136201958
22	135	1080	additive	M	0.026195167136201958
22	135	1080	additive	P	0.027933905031943134
22	135	1080	additive	O	0.027933905031943134
22	135	1080	additive	D	0.027933905031943134
22	135	1080	compositional_ridge	S	0.025403931071276635
22	135	1080	compositional_ridge	M	0.025403931071276635
22	135	1080	compositional_ridge	P	0.027142668967017804
22	135	1080	compositional_ridge	O	0.027142668967017804
22	135	1080	compositional_ridge	D	0.027142668967017804
22	135	1080	CPA_0.8.8	S	0.073695657225951894
22	135	1080	CPA_0.8.8	M	0.073695657225951894
22	135	1080	CPA_0.8.8	P	0.07558293323265175
22	135	1080	CPA_0.8.8	O	0.075285857010734328
22	135	1080	CPA_0.8.8	D	0.07543439512169306
22	135	1080	zero_effect	S	0.1030190629348194
22	135	1080	zero_effect	M	0.1030190629348194
22	135	1080	zero_effect	P	0.1030190629348194
22	135	1080	zero_effect	O	0.1030190629348194
22	135	1080	zero_effect	D	0.1030190629348194
23	8	64	additive	S	0.026195167136201958
23	8	64	additive	M	0.026195167136201958
23	8	64	additive	P	0.056776967746930695
23	8	64	additive	O	0.056776967746930695
23	8	64	additive	D	0.056776967746930695
23	8	64	compositional_ridge	S	0.025403931071276635
23	8	64	compositional_ridge	M	0.025403931071276635
23	8	64	compositional_ridge	P	0.0559857316820054
23	8	64	compositional_ridge	O	0.0559857316820054
23	8	64	compositional_ridge	D	0.0559857316820054
23	8	64	CPA_0.8.8	S	0.074627421610987579
23	8	64	CPA_0.8.8	M	0.074627421610987579
23	8	64	CPA_0.8.8	P	0.1077263815708152
23	8	64	CPA_0.8.8	O	0.10269206287261747
23	8	64	CPA_0.8.8	D	0.10520922222171632
23	8	64	zero_effect	S	0.11817652307834975
23	8	64	zero_effect	M	0.11817652307834975
23	8	64	zero_effect	P	0.11817652307834975
23	8	64	zero_effect	O	0.11817652307834975
23	8	64	zero_effect	D	0.11817652307834975
23	16	128	additive	S	0.026195167136201958
23	16	128	additive	M	0.026195167136201958
23	16	128	additive	P	0.041369335228871131
23	16	128	additive	O	0.041369335228871131
23	16	128	additive	D	0.041369335228871131
23	16	128	compositional_ridge	S	0.025403931071276635
23	16	128	compositional_ridge	M	0.025403931071276635
23	16	128	compositional_ridge	P	0.040578099163945801
23	16	128	compositional_ridge	O	0.040578099163945801
23	16	128	compositional_ridge	D	0.040578099163945801
23	16	128	CPA_0.8.8	S	0.07491108395713969
23	16	128	CPA_0.8.8	M	0.074911083957139676
23	16	128	CPA_0.8.8	P	0.091306887126506947
23	16	128	CPA_0.8.8	O	0.088863616973110821
23	16	128	CPA_0.8.8	D	0.090085252049808856
23	16	128	zero_effect	S	0.11185981131670492
23	16	128	zero_effect	M	0.11185981131670494
23	16	128	zero_effect	P	0.11185981131670494
23	16	128	zero_effect	O	0.11185981131670494
23	16	128	zero_effect	D	0.11185981131670494
23	32	256	additive	S	0.026195167136201958
23	32	256	additive	M	0.026195167136201958
23	32	256	additive	P	0.03420309258560051
23	32	256	additive	O	0.03420309258560051
23	32	256	additive	D	0.03420309258560051
23	32	256	compositional_ridge	S	0.025403931071276635
23	32	256	compositional_ridge	M	0.025403931071276635
23	32	256	compositional_ridge	P	0.033411856520675187
23	32	256	compositional_ridge	O	0.033411856520675187
23	32	256	compositional_ridge	D	0.033411856520675187
23	32	256	CPA_0.8.8	S	0.074733064459811302
23	32	256	CPA_0.8.8	M	0.074733064459811302
23	32	256	CPA_0.8.8	P	0.083633753885809195
23	32	256	CPA_0.8.8	O	0.081848225932610541
23	32	256	CPA_0.8.8	D	0.082740989909209847
23	32	256	zero_effect	S	0.10802159747562894
23	32	256	zero_effect	M	0.10802159747562894
23	32	256	zero_effect	P	0.10802159747562894
23	32	256	zero_effect	O	0.10802159747562894
23	32	256	zero_effect	D	0.10802159747562894
23	64	512	additive	S	0.026195167136201958
23	64	512	additive	M	0.026195167136201958
23	64	512	additive	P	0.029890496707961175
23	64	512	additive	O	0.029890496707961175
23	64	512	additive	D	0.029890496707961175
23	64	512	compositional_ridge	S	0.025403931071276635
23	64	512	compositional_ridge	M	0.025403931071276635
23	64	512	compositional_ridge	P	0.029099260643035835
23	64	512	compositional_ridge	O	0.029099260643035835
23	64	512	compositional_ridge	D	0.029099260643035835
23	64	512	CPA_0.8.8	S	0.073633107895947347
23	64	512	CPA_0.8.8	M	0.073633107895947347
23	64	512	CPA_0.8.8	P	0.077609012631010763
23	64	512	CPA_0.8.8	O	0.077047862304402248
23	64	512	CPA_0.8.8	D	0.07732843746770654
23	64	512	zero_effect	S	0.10433042702980004
23	64	512	zero_effect	M	0.10433042702980004
23	64	512	zero_effect	P	0.10433042702980004
23	64	512	zero_effect	O	0.10433042702980004
23	64	512	zero_effect	D	0.10433042702980004
23	128	1024	additive	S	0.026195167136201958
23	128	1024	additive	M	0.026195167136201958
23	128	1024	additive	P	0.028137623127347074
23	128	1024	additive	O	0.028137623127347074
23	128	1024	additive	D	0.028137623127347074
23	128	1024	compositional_ridge	S	0.025403931071276635
23	128	1024	compositional_ridge	M	0.025403931071276635
23	128	1024	compositional_ridge	P	0.027346387062421762
23	128	1024	compositional_ridge	O	0.027346387062421762
23	128	1024	compositional_ridge	D	0.027346387062421762
23	128	1024	CPA_0.8.8	S	0.073631019645260865
23	128	1024	CPA_0.8.8	M	0.073631019645260865
23	128	1024	CPA_0.8.8	P	0.075790768989928203
23	128	1024	CPA_0.8.8	O	0.075356182282883766
23	128	1024	CPA_0.8.8	D	0.075573475636405957
23	128	1024	zero_effect	S	0.10308305058416514
23	128	1024	zero_effect	M	0.10308305058416514
23	128	1024	zero_effect	P	0.10308305058416514
23	128	1024	zero_effect	O	0.10308305058416514
23	128	1024	zero_effect	D	0.10308305058416514
23	135	1080	additive	S	0.026195167136201958
23	135	1080	additive	M	0.026195167136201958
23	135	1080	additive	P	0.028038926370730192
23	135	1080	additive	O	0.028038926370730192
23	135	1080	additive	D	0.028038926370730192
23	135	1080	compositional_ridge	S	0.025403931071276635
23	135	1080	compositional_ridge	M	0.025403931071276635
23	135	1080	compositional_ridge	P	0.027247690305804886
23	135	1080	compositional_ridge	O	0.027247690305804886
23	135	1080	compositional_ridge	D	0.027247690305804886
23	135	1080	CPA_0.8.8	S	0.073689279561072435
23	135	1080	CPA_0.8.8	M	0.073689279561072435
23	135	1080	CPA_0.8.8	P	0.075747822405067278
23	135	1080	CPA_0.8.8	O	0.075318255186134039
23	135	1080	CPA_0.8.8	D	0.075533038795600707
23	135	1080	zero_effect	S	0.10306960722747603
23	135	1080	zero_effect	M	0.10306960722747603
23	135	1080	zero_effect	P	0.10306960722747603
23	135	1080	zero_effect	O	0.10306960722747603
23	135	1080	zero_effect	D	0.10306960722747603
24	8	64	additive	S	0.026195167136201958
24	8	64	additive	M	0.026195167136201958
24	8	64	additive	P	0.057667009998240017
24	8	64	additive	O	0.057667009998240017
24	8	64	additive	D	0.057667009998240017
24	8	64	compositional_ridge	S	0.025403931071276635
24	8	64	compositional_ridge	M	0.025403931071276635
24	8	64	compositional_ridge	P	0.056875773933314673
24	8	64	compositional_ridge	O	0.056875773933314673
24	8	64	compositional_ridge	D	0.056875773933314673
24	8	64	CPA_0.8.8	S	0.073891275065358183
24	8	64	CPA_0.8.8	M	0.073891275065358183
24	8	64	CPA_0.8.8	P	0.10879241582325355
24	8	64	CPA_0.8.8	O	0.10193382003153893
24	8	64	CPA_0.8.8	D	0.10536311792739626
24	8	64	zero_effect	S	0.11468644865470239
24	8	64	zero_effect	M	0.11468644865470239
24	8	64	zero_effect	P	0.11468644865470239
24	8	64	zero_effect	O	0.11468644865470239
24	8	64	zero_effect	D	0.11468644865470239
24	16	128	additive	S	0.026195167136201958
24	16	128	additive	M	0.026195167136201958
24	16	128	additive	P	0.041519970767963182
24	16	128	additive	O	0.041519970767963182
24	16	128	additive	D	0.041519970767963182
24	16	128	compositional_ridge	S	0.025403931071276635
24	16	128	compositional_ridge	M	0.025403931071276635
24	16	128	compositional_ridge	P	0.040728734703037874
24	16	128	compositional_ridge	O	0.040728734703037874
24	16	128	compositional_ridge	D	0.040728734703037874
24	16	128	CPA_0.8.8	S	0.072436959453058294
24	16	128	CPA_0.8.8	M	0.072436959453058294
24	16	128	CPA_0.8.8	P	0.089120266945354507
24	16	128	CPA_0.8.8	O	0.086403259224284504
24	16	128	CPA_0.8.8	D	0.087761763084819519
24	16	128	zero_effect	S	0.10694017803555238
24	16	128	zero_effect	M	0.10694017803555238
24	16	128	zero_effect	P	0.10694017803555238
24	16	128	zero_effect	O	0.10694017803555238
24	16	128	zero_effect	D	0.10694017803555238
24	32	256	additive	S	0.026195167136201958
24	32	256	additive	M	0.026195167136201958
24	32	256	additive	P	0.034017411060600737
24	32	256	additive	O	0.034017411060600737
24	32	256	additive	D	0.034017411060600737
24	32	256	compositional_ridge	S	0.025403931071276635
24	32	256	compositional_ridge	M	0.025403931071276635
24	32	256	compositional_ridge	P	0.033226174995675435
24	32	256	compositional_ridge	O	0.033226174995675435
24	32	256	compositional_ridge	D	0.033226174995675435
24	32	256	CPA_0.8.8	S	0.072583409584935699
24	32	256	CPA_0.8.8	M	0.072583409584935699
24	32	256	CPA_0.8.8	P	0.081099950142069319
24	32	256	CPA_0.8.8	O	0.079711356876599679
24	32	256	CPA_0.8.8	D	0.080405653509334513
24	32	256	zero_effect	S	0.10482701759192012
24	32	256	zero_effect	M	0.1048270175919201
24	32	256	zero_effect	P	0.1048270175919201
24	32	256	zero_effect	O	0.1048270175919201
24	32	256	zero_effect	D	0.1048270175919201
24	64	512	additive	S	0.026195167136201958
24	64	512	additive	M	0.026195167136201958
24	64	512	additive	P	0.03016048535997528
24	64	512	additive	O	0.03016048535997528
24	64	512	additive	D	0.03016048535997528
24	64	512	compositional_ridge	S	0.025403931071276635
24	64	512	compositional_ridge	M	0.025403931071276635
24	64	512	compositional_ridge	P	0.029369249295049943
24	64	512	compositional_ridge	O	0.029369249295049943
24	64	512	compositional_ridge	D	0.029369249295049943
24	64	512	CPA_0.8.8	S	0.073950647251495041
24	64	512	CPA_0.8.8	M	0.073950647251495041
24	64	512	CPA_0.8.8	P	0.07829565433544923
24	64	512	CPA_0.8.8	O	0.077536276615087524
24	64	512	CPA_0.8.8	D	0.077915965475268356
24	64	512	zero_effect	S	0.10443107848299218
24	64	512	zero_effect	M	0.10443107848299218
24	64	512	zero_effect	P	0.10443107848299218
24	64	512	zero_effect	O	0.10443107848299218
24	64	512	zero_effect	D	0.10443107848299218
24	128	1024	additive	S	0.026195167136201958
24	128	1024	additive	M	0.026195167136201958
24	128	1024	additive	P	0.028354995313651744
24	128	1024	additive	O	0.028354995313651744
24	128	1024	additive	D	0.028354995313651744
24	128	1024	compositional_ridge	S	0.025403931071276635
24	128	1024	compositional_ridge	M	0.025403931071276635
24	128	1024	compositional_ridge	P	0.027563759248726415
24	128	1024	compositional_ridge	O	0.027563759248726415
24	128	1024	compositional_ridge	D	0.027563759248726415
24	128	1024	CPA_0.8.8	S	0.074148722402869002
24	128	1024	CPA_0.8.8	M	0.074148722402869002
24	128	1024	CPA_0.8.8	P	0.076666061302884239
24	128	1024	CPA_0.8.8	O	0.075951039857753255
24	128	1024	CPA_0.8.8	D	0.076308550580318726
24	128	1024	zero_effect	S	0.10369396586370742
24	128	1024	zero_effect	M	0.10369396586370742
24	128	1024	zero_effect	P	0.10369396586370742
24	128	1024	zero_effect	O	0.10369396586370742
24	128	1024	zero_effect	D	0.10369396586370742
24	135	1080	additive	S	0.026195167136201958
24	135	1080	additive	M	0.026195167136201958
24	135	1080	additive	P	0.02822705038539438
24	135	1080	additive	O	0.02822705038539438
24	135	1080	additive	D	0.02822705038539438
24	135	1080	compositional_ridge	S	0.025403931071276635
24	135	1080	compositional_ridge	M	0.025403931071276635
24	135	1080	compositional_ridge	P	0.027435814320469064
24	135	1080	compositional_ridge	O	0.027435814320469064
24	135	1080	compositional_ridge	D	0.027435814320469064
24	135	1080	CPA_0.8.8	S	0.073524327147021076
24	135	1080	CPA_0.8.8	M	0.073524327147021076
24	135	1080	CPA_0.8.8	P	0.075877788265423518
24	135	1080	CPA_0.8.8	O	0.075234632527003464
24	135	1080	CPA_0.8.8	D	0.075556210396213477
24	135	1080	zero_effect	S	0.10285877746988656
24	135	1080	zero_effect	M	0.10285877746988656
24	135	1080	zero_effect	P	0.10285877746988656
24	135	1080	zero_effect	O	0.10285877746988656
24	135	1080	zero_effect	D	0.10285877746988656
25	8	64	additive	S	0.026195167136201958
25	8	64	additive	M	0.026195167136201958
25	8	64	additive	P	0.05861976665063557
25	8	64	additive	O	0.05861976665063557
25	8	64	additive	D	0.05861976665063557
25	8	64	compositional_ridge	S	0.025403931071276635
25	8	64	compositional_ridge	M	0.025403931071276635
25	8	64	compositional_ridge	P	0.057828530585710289
25	8	64	compositional_ridge	O	0.057828530585710289
25	8	64	compositional_ridge	D	0.057828530585710289
25	8	64	CPA_0.8.8	S	0.078079494066367383
25	8	64	CPA_0.8.8	M	0.078079494066367397
25	8	64	CPA_0.8.8	P	0.11560241692600047
25	8	64	CPA_0.8.8	O	0.10540577023560163
25	8	64	CPA_0.8.8	D	0.11050409358080106
25	8	64	zero_effect	S	0.12110825546796888
25	8	64	zero_effect	M	0.12110825546796888
25	8	64	zero_effect	P	0.12110825546796888
25	8	64	zero_effect	O	0.12110825546796888
25	8	64	zero_effect	D	0.12110825546796888
25	16	128	additive	S	0.026195167136201958
25	16	128	additive	M	0.026195167136201958
25	16	128	additive	P	0.041731199724208232
25	16	128	additive	O	0.041731199724208232
25	16	128	additive	D	0.041731199724208232
25	16	128	compositional_ridge	S	0.025403931071276635
25	16	128	compositional_ridge	M	0.025403931071276635
25	16	128	compositional_ridge	P	0.040939963659282923
25	16	128	compositional_ridge	O	0.040939963659282923
25	16	128	compositional_ridge	D	0.040939963659282923
25	16	128	CPA_0.8.8	S	0.073637154453799467
25	16	128	CPA_0.8.8	M	0.073637154453799467
25	16	128	CPA_0.8.8	P	0.090828624636920471
25	16	128	CPA_0.8.8	O	0.087517749446691009
25	16	128	CPA_0.8.8	D	0.089173187041805685
25	16	128	zero_effect	S	0.10929985383461532
25	16	128	zero_effect	M	0.10929985383461531
25	16	128	zero_effect	P	0.10929985383461531
25	16	128	zero_effect	O	0.10929985383461531
25	16	128	zero_effect	D	0.10929985383461531
25	32	256	additive	S	0.026195167136201958
25	32	256	additive	M	0.026195167136201958
25	32	256	additive	P	0.034181431140697612
25	32	256	additive	O	0.034181431140697612
25	32	256	additive	D	0.034181431140697612
25	32	256	compositional_ridge	S	0.025403931071276635
25	32	256	compositional_ridge	M	0.025403931071276635
25	32	256	compositional_ridge	P	0.033390195075772275
25	32	256	compositional_ridge	O	0.033390195075772275
25	32	256	compositional_ridge	D	0.033390195075772275
25	32	256	CPA_0.8.8	S	0.073299258196953807
25	32	256	CPA_0.8.8	M	0.073299258196953807
25	32	256	CPA_0.8.8	P	0.082489110645663791
25	32	256	CPA_0.8.8	O	0.080081933757235116
25	32	256	CPA_0.8.8	D	0.081285522201449467
25	32	256	zero_effect	S	0.10578014074627519
25	32	256	zero_effect	M	0.10578014074627519
25	32	256	zero_effect	P	0.10578014074627519
25	32	256	zero_effect	O	0.10578014074627519
25	32	256	zero_effect	D	0.10578014074627519
25	64	512	additive	S	0.026195167136201958
25	64	512	additive	M	0.026195167136201958
25	64	512	additive	P	0.030135729289460785
25	64	512	additive	O	0.030135729289460785
25	64	512	additive	D	0.030135729289460785
25	64	512	compositional_ridge	S	0.025403931071276635
25	64	512	compositional_ridge	M	0.025403931071276635
25	64	512	compositional_ridge	P	0.029344493224535483
25	64	512	compositional_ridge	O	0.029344493224535483
25	64	512	compositional_ridge	D	0.029344493224535483
25	64	512	CPA_0.8.8	S	0.073700337669393157
25	64	512	CPA_0.8.8	M	0.073700337669393143
25	64	512	CPA_0.8.8	P	0.078043810606306704
25	64	512	CPA_0.8.8	O	0.077237989038997285
25	64	512	CPA_0.8.8	D	0.077640899822651988
25	64	512	zero_effect	S	0.10398846099752664
25	64	512	zero_effect	M	0.10398846099752664
25	64	512	zero_effect	P	0.10398846099752664
25	64	512	zero_effect	O	0.10398846099752664
25	64	512	zero_effect	D	0.10398846099752664
25	128	1024	additive	S	0.026195167136201958
25	128	1024	additive	M	0.026195167136201958
25	128	1024	additive	P	0.028093239663066462
25	128	1024	additive	O	0.028093239663066462
25	128	1024	additive	D	0.028093239663066462
25	128	1024	compositional_ridge	S	0.025403931071276635
25	128	1024	compositional_ridge	M	0.025403931071276635
25	128	1024	compositional_ridge	P	0.027302003598141139
25	128	1024	compositional_ridge	O	0.027302003598141139
25	128	1024	compositional_ridge	D	0.027302003598141139
25	128	1024	CPA_0.8.8	S	0.074394272552124385
25	128	1024	CPA_0.8.8	M	0.074394272552124385
25	128	1024	CPA_0.8.8	P	0.076429526015756949
25	128	1024	CPA_0.8.8	O	0.076155164142220844
25	128	1024	CPA_0.8.8	D	0.076292345078988882
25	128	1024	zero_effect	S	0.10419662456078126
25	128	1024	zero_effect	M	0.10419662456078126
25	128	1024	zero_effect	P	0.10419662456078126
25	128	1024	zero_effect	O	0.10419662456078126
25	128	1024	zero_effect	D	0.10419662456078126
25	135	1080	additive	S	0.026195167136201958
25	135	1080	additive	M	0.026195167136201958
25	135	1080	additive	P	0.028033023858965445
25	135	1080	additive	O	0.028033023858965445
25	135	1080	additive	D	0.028033023858965445
25	135	1080	compositional_ridge	S	0.025403931071276635
25	135	1080	compositional_ridge	M	0.025403931071276635
25	135	1080	compositional_ridge	P	0.027241787794040101
25	135	1080	compositional_ridge	O	0.027241787794040101
25	135	1080	compositional_ridge	D	0.027241787794040101
25	135	1080	CPA_0.8.8	S	0.074151487723674525
25	135	1080	CPA_0.8.8	M	0.074151487723674525
25	135	1080	CPA_0.8.8	P	0.076142088724760595
25	135	1080	CPA_0.8.8	O	0.075836600168115373
25	135	1080	CPA_0.8.8	D	0.075989344446438012
25	135	1080	zero_effect	S	0.10376839437162169
25	135	1080	zero_effect	M	0.10376839437162169
25	135	1080	zero_effect	P	0.10376839437162169
25	135	1080	zero_effect	O	0.10376839437162169
25	135	1080	zero_effect	D	0.10376839437162169
26	8	64	additive	S	0.026195167136201958
26	8	64	additive	M	0.026195167136201958
26	8	64	additive	P	0.056702956412168395
26	8	64	additive	O	0.056702956412168395
26	8	64	additive	D	0.056702956412168395
26	8	64	compositional_ridge	S	0.025403931071276635
26	8	64	compositional_ridge	M	0.025403931071276635
26	8	64	compositional_ridge	P	0.055911720347243087
26	8	64	compositional_ridge	O	0.055911720347243087
26	8	64	compositional_ridge	D	0.055911720347243087
26	8	64	CPA_0.8.8	S	0.074154573697918197
26	8	64	CPA_0.8.8	M	0.074154573697918197
26	8	64	CPA_0.8.8	P	0.10718284452380659
26	8	64	CPA_0.8.8	O	0.10214188142396266
26	8	64	CPA_0.8.8	D	0.10466236297388459
26	8	64	zero_effect	S	0.11733607757435398
26	8	64	zero_effect	M	0.11733607757435398
26	8	64	zero_effect	P	0.11733607757435398
26	8	64	zero_effect	O	0.11733607757435398
26	8	64	zero_effect	D	0.11733607757435398
26	16	128	additive	S	0.026195167136201958
26	16	128	additive	M	0.026195167136201958
26	16	128	additive	P	0.042122396228482323
26	16	128	additive	O	0.042122396228482323
26	16	128	additive	D	0.042122396228482323
26	16	128	compositional_ridge	S	0.025403931071276635
26	16	128	compositional_ridge	M	0.025403931071276635
26	16	128	compositional_ridge	P	0.041331160163557035
26	16	128	compositional_ridge	O	0.041331160163557035
26	16	128	compositional_ridge	D	0.041331160163557035
26	16	128	CPA_0.8.8	S	0.074899276227714626
26	16	128	CPA_0.8.8	M	0.074899276227714612
26	16	128	CPA_0.8.8	P	0.092720985573550671
26	16	128	CPA_0.8.8	O	0.088932025066439338
26	16	128	CPA_0.8.8	D	0.090826505319995005
26	16	128	zero_effect	S	0.11118016886061136
26	16	128	zero_effect	M	0.11118016886061136
26	16	128	zero_effect	P	0.11118016886061136
26	16	128	zero_effect	O	0.11118016886061136
26	16	128	zero_effect	D	0.11118016886061136
26	32	256	additive	S	0.026195167136201958
26	32	256	additive	M	0.026195167136201958
26	32	256	additive	P	0.033995424869844727
26	32	256	additive	O	0.033995424869844727
26	32	256	additive	D	0.033995424869844727
26	32	256	compositional_ridge	S	0.025403931071276635
26	32	256	compositional_ridge	M	0.025403931071276635
26	32	256	compositional_ridge	P	0.033204188804919425
26	32	256	compositional_ridge	O	0.033204188804919425
26	32	256	compositional_ridge	D	0.033204188804919425
26	32	256	CPA_0.8.8	S	0.074372072024083552
26	32	256	CPA_0.8.8	M	0.074372072024083552
26	32	256	CPA_0.8.8	P	0.083105170794985403
26	32	256	CPA_0.8.8	O	0.081239488720467198
26	32	256	CPA_0.8.8	D	0.082172329757726342
26	32	256	zero_effect	S	0.10667148482485828
26	32	256	zero_effect	M	0.10667148482485828
26	32	256	zero_effect	P	0.10667148482485828
26	32	256	zero_effect	O	0.10667148482485828
26	32	256	zero_effect	D	0.10667148482485828
26	64	512	additive	S	0.026195167136201958
26	64	512	additive	M	0.026195167136201958
26	64	512	additive	P	0.030315239741935063
26	64	512	additive	O	0.030315239741935063
26	64	512	additive	D	0.030315239741935063
26	64	512	compositional_ridge	S	0.025403931071276635
26	64	512	compositional_ridge	M	0.025403931071276635
26	64	512	compositional_ridge	P	0.029524003677009726
26	64	512	compositional_ridge	O	0.029524003677009726
26	64	512	compositional_ridge	D	0.029524003677009726
26	64	512	CPA_0.8.8	S	0.074234434309727301
26	64	512	CPA_0.8.8	M	0.074234434309727315
26	64	512	CPA_0.8.8	P	0.078950473825490364
26	64	512	CPA_0.8.8	O	0.07775854000543049
26	64	512	CPA_0.8.8	D	0.078354506915460392
26	64	512	zero_effect	S	0.1049168867562654
26	64	512	zero_effect	M	0.1049168867562654
26	64	512	zero_effect	P	0.1049168867562654
26	64	512	zero_effect	O	0.1049168867562654
26	64	512	zero_effect	D	0.1049168867562654
26	128	1024	additive	S	0.026195167136201958
26	128	1024	additive	M	0.026195167136201958
26	128	1024	additive	P	0.028045132015695896
26	128	1024	additive	O	0.028045132015695896
26	128	1024	additive	D	0.028045132015695896
26	128	1024	compositional_ridge	S	0.025403931071276635
26	128	1024	compositional_ridge	M	0.025403931071276635
26	128	1024	compositional_ridge	P	0.027253895950770577
26	128	1024	compositional_ridge	O	0.027253895950770577
26	128	1024	compositional_ridge	D	0.027253895950770577
26	128	1024	CPA_0.8.8	S	0.073266297960188673
26	128	1024	CPA_0.8.8	M	0.073266297960188673
26	128	1024	CPA_0.8.8	P	0.075236726812757532
26	128	1024	CPA_0.8.8	O	0.074995798866607705
26	128	1024	CPA_0.8.8	D	0.075116262839682646
26	128	1024	zero_effect	S	0.10271812868746601
26	128	1024	zero_effect	M	0.10271812868746601
26	128	1024	zero_effect	P	0.10271812868746601
26	128	1024	zero_effect	O	0.10271812868746601
26	128	1024	zero_effect	D	0.10271812868746601
26	135	1080	additive	S	0.026195167136201958
26	135	1080	additive	M	0.026195167136201958
26	135	1080	additive	P	0.027967348559333194
26	135	1080	additive	O	0.027967348559333194
26	135	1080	additive	D	0.027967348559333194
26	135	1080	compositional_ridge	S	0.025403931071276635
26	135	1080	compositional_ridge	M	0.025403931071276635
26	135	1080	compositional_ridge	P	0.027176112494407881
26	135	1080	compositional_ridge	O	0.027176112494407881
26	135	1080	compositional_ridge	D	0.027176112494407881
26	135	1080	CPA_0.8.8	S	0.073272494369383961
26	135	1080	CPA_0.8.8	M	0.073272494369383948
26	135	1080	CPA_0.8.8	P	0.075163097094700995
26	135	1080	CPA_0.8.8	O	0.074926254490329414
26	135	1080	CPA_0.8.8	D	0.075044675792515184
26	135	1080	zero_effect	S	0.10264614265094649
26	135	1080	zero_effect	M	0.10264614265094649
26	135	1080	zero_effect	P	0.10264614265094649
26	135	1080	zero_effect	O	0.10264614265094649
26	135	1080	zero_effect	D	0.10264614265094649
27	8	64	additive	S	0.026195167136201958
27	8	64	additive	M	0.026195167136201958
27	8	64	additive	P	0.056386402901989756
27	8	64	additive	O	0.056386402901989756
27	8	64	additive	D	0.056386402901989756
27	8	64	compositional_ridge	S	0.025403931071276635
27	8	64	compositional_ridge	M	0.025403931071276635
27	8	64	compositional_ridge	P	0.055595166837064468
27	8	64	compositional_ridge	O	0.055595166837064468
27	8	64	compositional_ridge	D	0.055595166837064468
27	8	64	CPA_0.8.8	S	0.071762770723460698
27	8	64	CPA_0.8.8	M	0.071762770723460684
27	8	64	CPA_0.8.8	P	0.10438296911648083
27	8	64	CPA_0.8.8	O	0.099525043862016133
27	8	64	CPA_0.8.8	D	0.10195400648924847
27	8	64	zero_effect	S	0.11437578455982984
27	8	64	zero_effect	M	0.11437578455982984
27	8	64	zero_effect	P	0.11437578455982984
27	8	64	zero_effect	O	0.11437578455982984
27	8	64	zero_effect	D	0.11437578455982984
27	16	128	additive	S	0.026195167136201958
27	16	128	additive	M	0.026195167136201958
27	16	128	additive	P	0.042062711330030776
27	16	128	additive	O	0.042062711330030776
27	16	128	additive	D	0.042062711330030776
27	16	128	compositional_ridge	S	0.025403931071276635
27	16	128	compositional_ridge	M	0.025403931071276635
27	16	128	compositional_ridge	P	0.041271475265105481
27	16	128	compositional_ridge	O	0.041271475265105481
27	16	128	compositional_ridge	D	0.041271475265105481
27	16	128	CPA_0.8.8	S	0.072692739578378823
27	16	128	CPA_0.8.8	M	0.072692739578378823
27	16	128	CPA_0.8.8	P	0.090875348199876069
27	16	128	CPA_0.8.8	O	0.086245219344539215
27	16	128	CPA_0.8.8	D	0.088560283772207662
27	16	128	zero_effect	S	0.10823314589550646
27	16	128	zero_effect	M	0.10823314589550646
27	16	128	zero_effect	P	0.10823314589550646
27	16	128	zero_effect	O	0.10823314589550646
27	16	128	zero_effect	D	0.10823314589550646
27	32	256	additive	S	0.026195167136201958
27	32	256	additive	M	0.026195167136201958
27	32	256	additive	P	0.03456364485388104
27	32	256	additive	O	0.03456364485388104
27	32	256	additive	D	0.03456364485388104
27	32	256	compositional_ridge	S	0.025403931071276635
27	32	256	compositional_ridge	M	0.025403931071276635
27	32	256	compositional_ridge	P	0.033772408788955724
27	32	256	compositional_ridge	O	0.033772408788955724
27	32	256	compositional_ridge	D	0.033772408788955724
27	32	256	CPA_0.8.8	S	0.070611368708903749
27	32	256	CPA_0.8.8	M	0.070611368708903749
27	32	256	CPA_0.8.8	P	0.08043877946305783
27	32	256	CPA_0.8.8	O	0.07752091339010786
27	32	256	CPA_0.8.8	D	0.078979846426582817
27	32	256	zero_effect	S	0.10208774926458339
27	32	256	zero_effect	M	0.10208774926458339
27	32	256	zero_effect	P	0.10208774926458339
27	32	256	zero_effect	O	0.10208774926458339
27	32	256	zero_effect	D	0.10208774926458339
27	64	512	additive	S	0.026195167136201958
27	64	512	additive	M	0.026195167136201958
27	64	512	additive	P	0.030071610441103239
27	64	512	additive	O	0.030071610441103239
27	64	512	additive	D	0.030071610441103239
27	64	512	compositional_ridge	S	0.025403931071276635
27	64	512	compositional_ridge	M	0.025403931071276635
27	64	512	compositional_ridge	P	0.029280374376177927
27	64	512	compositional_ridge	O	0.029280374376177927
27	64	512	compositional_ridge	D	0.029280374376177927
27	64	512	CPA_0.8.8	S	0.072380606995506677
27	64	512	CPA_0.8.8	M	0.072380606995506677
27	64	512	CPA_0.8.8	P	0.076603195399849486
27	64	512	CPA_0.8.8	O	0.075910905200966425
27	64	512	CPA_0.8.8	D	0.076257050300407941
27	64	512	zero_effect	S	0.10252134725090015
27	64	512	zero_effect	M	0.10252134725090012
27	64	512	zero_effect	P	0.10252134725090012
27	64	512	zero_effect	O	0.10252134725090012
27	64	512	zero_effect	D	0.10252134725090012
27	128	1024	additive	S	0.026195167136201958
27	128	1024	additive	M	0.026195167136201958
27	128	1024	additive	P	0.028034920137042278
27	128	1024	additive	O	0.028034920137042278
27	128	1024	additive	D	0.028034920137042278
27	128	1024	compositional_ridge	S	0.025403931071276635
27	128	1024	compositional_ridge	M	0.025403931071276635
27	128	1024	compositional_ridge	P	0.027243684072116962
27	128	1024	compositional_ridge	O	0.027243684072116962
27	128	1024	compositional_ridge	D	0.027243684072116962
27	128	1024	CPA_0.8.8	S	0.073573064061872001
27	128	1024	CPA_0.8.8	M	0.073573064061872001
27	128	1024	CPA_0.8.8	P	0.075555852331013279
27	128	1024	CPA_0.8.8	O	0.075269781794411378
27	128	1024	CPA_0.8.8	D	0.075412817062712342
27	128	1024	zero_effect	S	0.1030391523597235
27	128	1024	zero_effect	M	0.1030391523597235
27	128	1024	zero_effect	P	0.1030391523597235
27	128	1024	zero_effect	O	0.1030391523597235
27	128	1024	zero_effect	D	0.1030391523597235
27	135	1080	additive	S	0.026195167136201958
27	135	1080	additive	M	0.026195167136201958
27	135	1080	additive	P	0.027965990285203891
27	135	1080	additive	O	0.027965990285203891
27	135	1080	additive	D	0.027965990285203891
27	135	1080	compositional_ridge	S	0.025403931071276635
27	135	1080	compositional_ridge	M	0.025403931071276635
27	135	1080	compositional_ridge	P	0.027174754220278562
27	135	1080	compositional_ridge	O	0.027174754220278562
27	135	1080	compositional_ridge	D	0.027174754220278562
27	135	1080	CPA_0.8.8	S	0.073472502587921373
27	135	1080	CPA_0.8.8	M	0.073472502587921373
27	135	1080	CPA_0.8.8	P	0.075386366231176463
27	135	1080	CPA_0.8.8	O	0.075100285242670178
27	135	1080	CPA_0.8.8	D	0.075243325736923328
27	135	1080	zero_effect	S	0.10281236445594417
27	135	1080	zero_effect	M	0.10281236445594416
27	135	1080	zero_effect	P	0.10281236445594416
27	135	1080	zero_effect	O	0.10281236445594416
27	135	1080	zero_effect	D	0.10281236445594416
28	8	64	additive	S	0.026195167136201958
28	8	64	additive	M	0.026195167136201958
28	8	64	additive	P	0.057208767047481797
28	8	64	additive	O	0.057208767047481797
28	8	64	additive	D	0.057208767047481797
28	8	64	compositional_ridge	S	0.025403931071276635
28	8	64	compositional_ridge	M	0.025403931071276635
28	8	64	compositional_ridge	P	0.056417530982556446
28	8	64	compositional_ridge	O	0.056417530982556446
28	8	64	compositional_ridge	D	0.056417530982556446
28	8	64	CPA_0.8.8	S	0.076692042975658417
28	8	64	CPA_0.8.8	M	0.076692042975658417
28	8	64	CPA_0.8.8	P	0.11184724953367876
28	8	64	CPA_0.8.8	O	0.10356403624019767
28	8	64	CPA_0.8.8	D	0.10770564288693822
28	8	64	zero_effect	S	0.11831575539172515
28	8	64	zero_effect	M	0.11831575539172515
28	8	64	zero_effect	P	0.11831575539172515
28	8	64	zero_effect	O	0.11831575539172515
28	8	64	zero_effect	D	0.11831575539172515
28	16	128	additive	S	0.026195167136201958
28	16	128	additive	M	0.026195167136201958
28	16	128	additive	P	0.041534730354451432
28	16	128	additive	O	0.041534730354451432
28	16	128	additive	D	0.041534730354451432
28	16	128	compositional_ridge	S	0.025403931071276635
28	16	128	compositional_ridge	M	0.025403931071276635
28	16	128	compositional_ridge	P	0.04074349428952613
28	16	128	compositional_ridge	O	0.04074349428952613
28	16	128	compositional_ridge	D	0.04074349428952613
28	16	128	CPA_0.8.8	S	0.07744038708982931
28	16	128	CPA_0.8.8	M	0.07744038708982931
28	16	128	CPA_0.8.8	P	0.094854415911468301
28	16	128	CPA_0.8.8	O	0.09070548470468931
28	16	128	CPA_0.8.8	D	0.092779950308078826
28	16	128	zero_effect	S	0.11287895583375979
28	16	128	zero_effect	M	0.11287895583375979
28	16	128	zero_effect	P	0.11287895583375979
28	16	128	zero_effect	O	0.11287895583375979
28	16	128	zero_effect	D	0.11287895583375979
28	32	256	additive	S	0.026195167136201958
28	32	256	additive	M	0.026195167136201958
28	32	256	additive	P	0.033615889567637808
28	32	256	additive	O	0.033615889567637808
28	32	256	additive	D	0.033615889567637808
28	32	256	compositional_ridge	S	0.025403931071276635
28	32	256	compositional_ridge	M	0.025403931071276635
28	32	256	compositional_ridge	P	0.03282465350271252
28	32	256	compositional_ridge	O	0.03282465350271252
28	32	256	compositional_ridge	D	0.03282465350271252
28	32	256	CPA_0.8.8	S	0.077323588542050445
28	32	256	CPA_0.8.8	M	0.077323588542050431
28	32	256	CPA_0.8.8	P	0.085473127739004992
28	32	256	CPA_0.8.8	O	0.084015494207967695
28	32	256	CPA_0.8.8	D	0.084744310973486281
28	32	256	zero_effect	S	0.11024015001015931
28	32	256	zero_effect	M	0.11024015001015931
28	32	256	zero_effect	P	0.11024015001015931
28	32	256	zero_effect	O	0.11024015001015931
28	32	256	zero_effect	D	0.11024015001015931
28	64	512	additive	S	0.026195167136201958
28	64	512	additive	M	0.026195167136201958
28	64	512	additive	P	0.029837542342692227
28	64	512	additive	O	0.029837542342692227
28	64	512	additive	D	0.029837542342692227
28	64	512	compositional_ridge	S	0.025403931071276635
28	64	512	compositional_ridge	M	0.025403931071276635
28	64	512	compositional_ridge	P	0.029046306277766904
28	64	512	compositional_ridge	O	0.029046306277766904
28	64	512	compositional_ridge	D	0.029046306277766904
28	64	512	CPA_0.8.8	S	0.077023798728614395
28	64	512	CPA_0.8.8	M	0.077023798728614395
28	64	512	CPA_0.8.8	P	0.081006722524550864
28	64	512	CPA_0.8.8	O	0.08032562534565843
28	64	512	CPA_0.8.8	D	0.08066617393510464
28	64	512	zero_effect	S	0.10790309054873151
28	64	512	zero_effect	M	0.10790309054873151
28	64	512	zero_effect	P	0.10790309054873151
28	64	512	zero_effect	O	0.10790309054873151
28	64	512	zero_effect	D	0.10790309054873151
28	128	1024	additive	S	0.026195167136201958
28	128	1024	additive	M	0.026195167136201958
28	128	1024	additive	P	0.028077843770801358
28	128	1024	additive	O	0.028077843770801358
28	128	1024	additive	D	0.028077843770801358
28	128	1024	compositional_ridge	S	0.025403931071276635
28	128	1024	compositional_ridge	M	0.025403931071276635
28	128	1024	compositional_ridge	P	0.027286607705876032
28	128	1024	compositional_ridge	O	0.027286607705876032
28	128	1024	compositional_ridge	D	0.027286607705876032
28	128	1024	CPA_0.8.8	S	0.074722149294206994
28	128	1024	CPA_0.8.8	M	0.074722149294206994
28	128	1024	CPA_0.8.8	P	0.076835907322265071
28	128	1024	CPA_0.8.8	O	0.076373744535347732
28	128	1024	CPA_0.8.8	D	0.076604825928806394
28	128	1024	zero_effect	S	0.10432719372603638
28	128	1024	zero_effect	M	0.10432719372603638
28	128	1024	zero_effect	P	0.10432719372603638
28	128	1024	zero_effect	O	0.10432719372603638
28	128	1024	zero_effect	D	0.10432719372603638
28	135	1080	additive	S	0.026195167136201958
28	135	1080	additive	M	0.026195167136201958
28	135	1080	additive	P	0.027973050565195487
28	135	1080	additive	O	0.027973050565195487
28	135	1080	additive	D	0.027973050565195487
28	135	1080	compositional_ridge	S	0.025403931071276635
28	135	1080	compositional_ridge	M	0.025403931071276635
28	135	1080	compositional_ridge	P	0.027181814500270175
28	135	1080	compositional_ridge	O	0.027181814500270175
28	135	1080	compositional_ridge	D	0.027181814500270175
28	135	1080	CPA_0.8.8	S	0.074130878387520374
28	135	1080	CPA_0.8.8	M	0.074130878387520374
28	135	1080	CPA_0.8.8	P	0.076106915747606779
28	135	1080	CPA_0.8.8	O	0.075710607885421041
28	135	1080	CPA_0.8.8	D	0.075908761816513889
28	135	1080	zero_effect	S	0.10354303424278136
28	135	1080	zero_effect	M	0.10354303424278134
28	135	1080	zero_effect	P	0.10354303424278134
28	135	1080	zero_effect	O	0.10354303424278134
28	135	1080	zero_effect	D	0.10354303424278134
29	8	64	additive	S	0.026195167136201958
29	8	64	additive	M	0.026195167136201958
29	8	64	additive	P	0.058631150997482707
29	8	64	additive	O	0.058631150997482707
29	8	64	additive	D	0.058631150997482707
29	8	64	compositional_ridge	S	0.025403931071276635
29	8	64	compositional_ridge	M	0.025403931071276635
29	8	64	compositional_ridge	P	0.057839914932557357
29	8	64	compositional_ridge	O	0.057839914932557357
29	8	64	compositional_ridge	D	0.057839914932557357
29	8	64	CPA_0.8.8	S	0.072152500677986883
29	8	64	CPA_0.8.8	M	0.072152500677986883
29	8	64	CPA_0.8.8	P	0.10832327275617169
29	8	64	CPA_0.8.8	O	0.10085369632236352
29	8	64	CPA_0.8.8	D	0.10458848453926761
29	8	64	zero_effect	S	0.11359623766593785
29	8	64	zero_effect	M	0.11359623766593784
29	8	64	zero_effect	P	0.11359623766593784
29	8	64	zero_effect	O	0.11359623766593784
29	8	64	zero_effect	D	0.11359623766593784
29	16	128	additive	S	0.026195167136201958
29	16	128	additive	M	0.026195167136201958
29	16	128	additive	P	0.041828814523778256
29	16	128	additive	O	0.041828814523778256
29	16	128	additive	D	0.041828814523778256
29	16	128	compositional_ridge	S	0.025403931071276635
29	16	128	compositional_ridge	M	0.025403931071276635
29	16	128	compositional_ridge	P	0.041037578458852961
29	16	128	compositional_ridge	O	0.041037578458852961
29	16	128	compositional_ridge	D	0.041037578458852961
29	16	128	CPA_0.8.8	S	0.073466656918975873
29	16	128	CPA_0.8.8	M	0.073466656918975873
29	16	128	CPA_0.8.8	P	0.090459630937901894
29	16	128	CPA_0.8.8	O	0.087740977675202489
29	16	128	CPA_0.8.8	D	0.089100304306552178
29	16	128	zero_effect	S	0.10881303021678988
29	16	128	zero_effect	M	0.10881303021678987
29	16	128	zero_effect	P	0.10881303021678987
29	16	128	zero_effect	O	0.10881303021678987
29	16	128	zero_effect	D	0.10881303021678987
29	32	256	additive	S	0.026195167136201958
29	32	256	additive	M	0.026195167136201958
29	32	256	additive	P	0.033772184461313359
29	32	256	additive	O	0.033772184461313359
29	32	256	additive	D	0.033772184461313359
29	32	256	compositional_ridge	S	0.025403931071276635
29	32	256	compositional_ridge	M	0.025403931071276635
29	32	256	compositional_ridge	P	0.03298094839638805
29	32	256	compositional_ridge	O	0.03298094839638805
29	32	256	compositional_ridge	D	0.03298094839638805
29	32	256	CPA_0.8.8	S	0.07488660726964913
29	32	256	CPA_0.8.8	M	0.074886607269649116
29	32	256	CPA_0.8.8	P	0.0832475992870189
29	32	256	CPA_0.8.8	O	0.081679649902502163
29	32	256	CPA_0.8.8	D	0.082463624594760546
29	32	256	zero_effect	S	0.10709442213418864
29	32	256	zero_effect	M	0.10709442213418864
29	32	256	zero_effect	P	0.10709442213418864
29	32	256	zero_effect	O	0.10709442213418864
29	32	256	zero_effect	D	0.10709442213418864
29	64	512	additive	S	0.026195167136201958
29	64	512	additive	M	0.026195167136201958
29	64	512	additive	P	0.029925841118867123
29	64	512	additive	O	0.029925841118867123
29	64	512	additive	D	0.029925841118867123
29	64	512	compositional_ridge	S	0.025403931071276635
29	64	512	compositional_ridge	M	0.025403931071276635
29	64	512	compositional_ridge	P	0.029134605053941803
29	64	512	compositional_ridge	O	0.029134605053941803
29	64	512	compositional_ridge	D	0.029134605053941803
29	64	512	CPA_0.8.8	S	0.072821117196670379
29	64	512	CPA_0.8.8	M	0.072821117196670365
29	64	512	CPA_0.8.8	P	0.076934992238966979
29	64	512	CPA_0.8.8	O	0.076168590119704033
29	64	512	CPA_0.8.8	D	0.076551791179335513
29	64	512	zero_effect	S	0.10253239885074575
29	64	512	zero_effect	M	0.10253239885074571
29	64	512	zero_effect	P	0.10253239885074571
29	64	512	zero_effect	O	0.10253239885074571
29	64	512	zero_effect	D	0.10253239885074571
29	128	1024	additive	S	0.026195167136201958
29	128	1024	additive	M	0.026195167136201958
29	128	1024	additive	P	0.028120826032014018
29	128	1024	additive	O	0.028120826032014018
29	128	1024	additive	D	0.028120826032014018
29	128	1024	compositional_ridge	S	0.025403931071276635
29	128	1024	compositional_ridge	M	0.025403931071276635
29	128	1024	compositional_ridge	P	0.027329589967088695
29	128	1024	compositional_ridge	O	0.027329589967088695
29	128	1024	compositional_ridge	D	0.027329589967088695
29	128	1024	CPA_0.8.8	S	0.073973380773675004
29	128	1024	CPA_0.8.8	M	0.073973380773675004
29	128	1024	CPA_0.8.8	P	0.076180449092519795
29	128	1024	CPA_0.8.8	O	0.075617630246454404
29	128	1024	CPA_0.8.8	D	0.075899039669487051
29	128	1024	zero_effect	S	0.10331934698271829
29	128	1024	zero_effect	M	0.10331934698271829
29	128	1024	zero_effect	P	0.10331934698271829
29	128	1024	zero_effect	O	0.10331934698271829
29	128	1024	zero_effect	D	0.10331934698271829
29	135	1080	additive	S	0.026195167136201958
29	135	1080	additive	M	0.026195167136201958
29	135	1080	additive	P	0.028024129831673513
29	135	1080	additive	O	0.028024129831673513
29	135	1080	additive	D	0.028024129831673513
29	135	1080	compositional_ridge	S	0.025403931071276635
29	135	1080	compositional_ridge	M	0.025403931071276635
29	135	1080	compositional_ridge	P	0.027232893766748204
29	135	1080	compositional_ridge	O	0.027232893766748204
29	135	1080	compositional_ridge	D	0.027232893766748204
29	135	1080	CPA_0.8.8	S	0.073774659494570849
29	135	1080	CPA_0.8.8	M	0.073774659494570863
29	135	1080	CPA_0.8.8	P	0.075883936545771677
29	135	1080	CPA_0.8.8	O	0.075323307834313138
29	135	1080	CPA_0.8.8	D	0.075603622190042408
29	135	1080	zero_effect	S	0.10304783558497399
29	135	1080	zero_effect	M	0.10304783558497399
29	135	1080	zero_effect	P	0.10304783558497399
29	135	1080	zero_effect	O	0.10304783558497399
29	135	1080	zero_effect	D	0.10304783558497399
0	8	64	direct_effect_ridge	S	0.0355303207830086
0	8	64	direct_effect_ridge	M	0.0355303207830086
0	8	64	direct_effect_ridge	P	0.0355303207830086
0	8	64	direct_effect_ridge	O	0.0355303207830086
0	8	64	direct_effect_ridge	D	0.0355303207830086
0	16	128	direct_effect_ridge	S	0.028690716203576917
0	16	128	direct_effect_ridge	M	0.028690716203576921
0	16	128	direct_effect_ridge	P	0.028690716203576921
0	16	128	direct_effect_ridge	O	0.028690716203576921
0	16	128	direct_effect_ridge	D	0.028690716203576921
0	32	256	direct_effect_ridge	S	0.025165887885295283
0	32	256	direct_effect_ridge	M	0.025165887885295283
0	32	256	direct_effect_ridge	P	0.025165887885295283
0	32	256	direct_effect_ridge	O	0.025165887885295283
0	32	256	direct_effect_ridge	D	0.025165887885295283
0	64	512	direct_effect_ridge	S	0.023269364376152089
0	64	512	direct_effect_ridge	M	0.023269364376152089
0	64	512	direct_effect_ridge	P	0.023269364376152089
0	64	512	direct_effect_ridge	O	0.023269364376152089
0	64	512	direct_effect_ridge	D	0.023269364376152089
0	128	1024	direct_effect_ridge	S	0.022399489784396619
0	128	1024	direct_effect_ridge	M	0.022399489784396619
0	128	1024	direct_effect_ridge	P	0.022399489784396619
0	128	1024	direct_effect_ridge	O	0.022399489784396619
0	128	1024	direct_effect_ridge	D	0.022399489784396619
0	135	1080	direct_effect_ridge	S	0.022344101733545986
0	135	1080	direct_effect_ridge	M	0.022344101733545983
0	135	1080	direct_effect_ridge	P	0.022344101733545983
0	135	1080	direct_effect_ridge	O	0.022344101733545983
0	135	1080	direct_effect_ridge	D	0.022344101733545983
1	8	64	direct_effect_ridge	S	0.037627556343408468
1	8	64	direct_effect_ridge	M	0.037627556343408468
1	8	64	direct_effect_ridge	P	0.037627556343408468
1	8	64	direct_effect_ridge	O	0.037627556343408468
1	8	64	direct_effect_ridge	D	0.037627556343408468
1	16	128	direct_effect_ridge	S	0.029353580132543605
1	16	128	direct_effect_ridge	M	0.029353580132543605
1	16	128	direct_effect_ridge	P	0.029353580132543605
1	16	128	direct_effect_ridge	O	0.029353580132543605
1	16	128	direct_effect_ridge	D	0.029353580132543605
1	32	256	direct_effect_ridge	S	0.02583080880938594
1	32	256	direct_effect_ridge	M	0.02583080880938594
1	32	256	direct_effect_ridge	P	0.02583080880938594
1	32	256	direct_effect_ridge	O	0.02583080880938594
1	32	256	direct_effect_ridge	D	0.02583080880938594
1	64	512	direct_effect_ridge	S	0.023379164191436503
1	64	512	direct_effect_ridge	M	0.023379164191436503
1	64	512	direct_effect_ridge	P	0.023379164191436503
1	64	512	direct_effect_ridge	O	0.023379164191436503
1	64	512	direct_effect_ridge	D	0.023379164191436503
1	128	1024	direct_effect_ridge	S	0.022350525176088806
1	128	1024	direct_effect_ridge	M	0.02235052517608881
1	128	1024	direct_effect_ridge	P	0.02235052517608881
1	128	1024	direct_effect_ridge	O	0.02235052517608881
1	128	1024	direct_effect_ridge	D	0.02235052517608881
1	135	1080	direct_effect_ridge	S	0.022329022939292658
1	135	1080	direct_effect_ridge	M	0.022329022939292655
1	135	1080	direct_effect_ridge	P	0.022329022939292655
1	135	1080	direct_effect_ridge	O	0.022329022939292655
1	135	1080	direct_effect_ridge	D	0.022329022939292655
2	8	64	direct_effect_ridge	S	0.036618173215202304
2	8	64	direct_effect_ridge	M	0.036618173215202297
2	8	64	direct_effect_ridge	P	0.036618173215202297
2	8	64	direct_effect_ridge	O	0.036618173215202297
2	8	64	direct_effect_ridge	D	0.036618173215202297
2	16	128	direct_effect_ridge	S	0.029239895926402904
2	16	128	direct_effect_ridge	M	0.029239895926402904
2	16	128	direct_effect_ridge	P	0.029239895926402904
2	16	128	direct_effect_ridge	O	0.029239895926402904
2	16	128	direct_effect_ridge	D	0.029239895926402904
2	32	256	direct_effect_ridge	S	0.025249984158257896
2	32	256	direct_effect_ridge	M	0.025249984158257889
2	32	256	direct_effect_ridge	P	0.025249984158257889
2	32	256	direct_effect_ridge	O	0.025249984158257889
2	32	256	direct_effect_ridge	D	0.025249984158257889
2	64	512	direct_effect_ridge	S	0.023235666379647562
2	64	512	direct_effect_ridge	M	0.023235666379647558
2	64	512	direct_effect_ridge	P	0.023235666379647558
2	64	512	direct_effect_ridge	O	0.023235666379647558
2	64	512	direct_effect_ridge	D	0.023235666379647558
2	128	1024	direct_effect_ridge	S	0.022339922820794177
2	128	1024	direct_effect_ridge	M	0.022339922820794177
2	128	1024	direct_effect_ridge	P	0.022339922820794177
2	128	1024	direct_effect_ridge	O	0.022339922820794177
2	128	1024	direct_effect_ridge	D	0.022339922820794177
2	135	1080	direct_effect_ridge	S	0.022306438119066341
2	135	1080	direct_effect_ridge	M	0.022306438119066341
2	135	1080	direct_effect_ridge	P	0.022306438119066341
2	135	1080	direct_effect_ridge	O	0.022306438119066341
2	135	1080	direct_effect_ridge	D	0.022306438119066341
3	8	64	direct_effect_ridge	S	0.036079205175753137
3	8	64	direct_effect_ridge	M	0.036079205175753137
3	8	64	direct_effect_ridge	P	0.036079205175753137
3	8	64	direct_effect_ridge	O	0.036079205175753137
3	8	64	direct_effect_ridge	D	0.036079205175753137
3	16	128	direct_effect_ridge	S	0.028926568902760786
3	16	128	direct_effect_ridge	M	0.028926568902760786
3	16	128	direct_effect_ridge	P	0.028926568902760786
3	16	128	direct_effect_ridge	O	0.028926568902760786
3	16	128	direct_effect_ridge	D	0.028926568902760786
3	32	256	direct_effect_ridge	S	0.025270074496770385
3	32	256	direct_effect_ridge	M	0.025270074496770385
3	32	256	direct_effect_ridge	P	0.025270074496770385
3	32	256	direct_effect_ridge	O	0.025270074496770385
3	32	256	direct_effect_ridge	D	0.025270074496770385
3	64	512	direct_effect_ridge	S	0.023486261040484745
3	64	512	direct_effect_ridge	M	0.023486261040484745
3	64	512	direct_effect_ridge	P	0.023486261040484745
3	64	512	direct_effect_ridge	O	0.023486261040484745
3	64	512	direct_effect_ridge	D	0.023486261040484745
3	128	1024	direct_effect_ridge	S	0.022433861905185225
3	128	1024	direct_effect_ridge	M	0.022433861905185225
3	128	1024	direct_effect_ridge	P	0.022433861905185225
3	128	1024	direct_effect_ridge	O	0.022433861905185225
3	128	1024	direct_effect_ridge	D	0.022433861905185225
3	135	1080	direct_effect_ridge	S	0.022373507275980382
3	135	1080	direct_effect_ridge	M	0.022373507275980385
3	135	1080	direct_effect_ridge	P	0.022373507275980385
3	135	1080	direct_effect_ridge	O	0.022373507275980385
3	135	1080	direct_effect_ridge	D	0.022373507275980385
4	8	64	direct_effect_ridge	S	0.036831462782831774
4	8	64	direct_effect_ridge	M	0.03683146278283176
4	8	64	direct_effect_ridge	P	0.03683146278283176
4	8	64	direct_effect_ridge	O	0.03683146278283176
4	8	64	direct_effect_ridge	D	0.03683146278283176
4	16	128	direct_effect_ridge	S	0.028420743647246435
4	16	128	direct_effect_ridge	M	0.028420743647246435
4	16	128	direct_effect_ridge	P	0.028420743647246435
4	16	128	direct_effect_ridge	O	0.028420743647246435
4	16	128	direct_effect_ridge	D	0.028420743647246435
4	32	256	direct_effect_ridge	S	0.024999885411675655
4	32	256	direct_effect_ridge	M	0.024999885411675655
4	32	256	direct_effect_ridge	P	0.024999885411675655
4	32	256	direct_effect_ridge	O	0.024999885411675655
4	32	256	direct_effect_ridge	D	0.024999885411675655
4	64	512	direct_effect_ridge	S	0.023205912053103166
4	64	512	direct_effect_ridge	M	0.023205912053103177
4	64	512	direct_effect_ridge	P	0.023205912053103177
4	64	512	direct_effect_ridge	O	0.023205912053103177
4	64	512	direct_effect_ridge	D	0.023205912053103177
4	128	1024	direct_effect_ridge	S	0.022349654436118908
4	128	1024	direct_effect_ridge	M	0.022349654436118905
4	128	1024	direct_effect_ridge	P	0.022349654436118905
4	128	1024	direct_effect_ridge	O	0.022349654436118905
4	128	1024	direct_effect_ridge	D	0.022349654436118905
4	135	1080	direct_effect_ridge	S	0.022283473924823952
4	135	1080	direct_effect_ridge	M	0.022283473924823952
4	135	1080	direct_effect_ridge	P	0.022283473924823952
4	135	1080	direct_effect_ridge	O	0.022283473924823952
4	135	1080	direct_effect_ridge	D	0.022283473924823952
5	8	64	direct_effect_ridge	S	0.037715702672953148
5	8	64	direct_effect_ridge	M	0.037715702672953148
5	8	64	direct_effect_ridge	P	0.037715702672953148
5	8	64	direct_effect_ridge	O	0.037715702672953148
5	8	64	direct_effect_ridge	D	0.037715702672953148
5	16	128	direct_effect_ridge	S	0.029308156233100322
5	16	128	direct_effect_ridge	M	0.029308156233100322
5	16	128	direct_effect_ridge	P	0.029308156233100322
5	16	128	direct_effect_ridge	O	0.029308156233100322
5	16	128	direct_effect_ridge	D	0.029308156233100322
5	32	256	direct_effect_ridge	S	0.025236184255935771
5	32	256	direct_effect_ridge	M	0.025236184255935774
5	32	256	direct_effect_ridge	P	0.025236184255935774
5	32	256	direct_effect_ridge	O	0.025236184255935774
5	32	256	direct_effect_ridge	D	0.025236184255935774
5	64	512	direct_effect_ridge	S	0.02330681049267417
5	64	512	direct_effect_ridge	M	0.02330681049267417
5	64	512	direct_effect_ridge	P	0.02330681049267417
5	64	512	direct_effect_ridge	O	0.02330681049267417
5	64	512	direct_effect_ridge	D	0.02330681049267417
5	128	1024	direct_effect_ridge	S	0.022399051227152422
5	128	1024	direct_effect_ridge	M	0.022399051227152425
5	128	1024	direct_effect_ridge	P	0.022399051227152425
5	128	1024	direct_effect_ridge	O	0.022399051227152425
5	128	1024	direct_effect_ridge	D	0.022399051227152425
5	135	1080	direct_effect_ridge	S	0.022376707978390604
5	135	1080	direct_effect_ridge	M	0.022376707978390604
5	135	1080	direct_effect_ridge	P	0.022376707978390604
5	135	1080	direct_effect_ridge	O	0.022376707978390604
5	135	1080	direct_effect_ridge	D	0.022376707978390604
6	8	64	direct_effect_ridge	S	0.037274940281100906
6	8	64	direct_effect_ridge	M	0.037274940281100906
6	8	64	direct_effect_ridge	P	0.037274940281100906
6	8	64	direct_effect_ridge	O	0.037274940281100906
6	8	64	direct_effect_ridge	D	0.037274940281100906
6	16	128	direct_effect_ridge	S	0.029502521845153014
6	16	128	direct_effect_ridge	M	0.029502521845153014
6	16	128	direct_effect_ridge	P	0.029502521845153014
6	16	128	direct_effect_ridge	O	0.029502521845153014
6	16	128	direct_effect_ridge	D	0.029502521845153014
6	32	256	direct_effect_ridge	S	0.025569621767348477
6	32	256	direct_effect_ridge	M	0.025569621767348481
6	32	256	direct_effect_ridge	P	0.025569621767348481
6	32	256	direct_effect_ridge	O	0.025569621767348481
6	32	256	direct_effect_ridge	D	0.025569621767348481
6	64	512	direct_effect_ridge	S	0.023432050871021917
6	64	512	direct_effect_ridge	M	0.023432050871021917
6	64	512	direct_effect_ridge	P	0.023432050871021917
6	64	512	direct_effect_ridge	O	0.023432050871021917
6	64	512	direct_effect_ridge	D	0.023432050871021917
6	128	1024	direct_effect_ridge	S	0.022377481097967111
6	128	1024	direct_effect_ridge	M	0.022377481097967111
6	128	1024	direct_effect_ridge	P	0.022377481097967111
6	128	1024	direct_effect_ridge	O	0.022377481097967111
6	128	1024	direct_effect_ridge	D	0.022377481097967111
6	135	1080	direct_effect_ridge	S	0.022330199303343543
6	135	1080	direct_effect_ridge	M	0.022330199303343543
6	135	1080	direct_effect_ridge	P	0.022330199303343543
6	135	1080	direct_effect_ridge	O	0.022330199303343543
6	135	1080	direct_effect_ridge	D	0.022330199303343543
7	8	64	direct_effect_ridge	S	0.036937402046474194
7	8	64	direct_effect_ridge	M	0.036937402046474194
7	8	64	direct_effect_ridge	P	0.036937402046474194
7	8	64	direct_effect_ridge	O	0.036937402046474194
7	8	64	direct_effect_ridge	D	0.036937402046474194
7	16	128	direct_effect_ridge	S	0.029067646669773704
7	16	128	direct_effect_ridge	M	0.029067646669773704
7	16	128	direct_effect_ridge	P	0.029067646669773704
7	16	128	direct_effect_ridge	O	0.029067646669773704
7	16	128	direct_effect_ridge	D	0.029067646669773704
7	32	256	direct_effect_ridge	S	0.025133733955546734
7	32	256	direct_effect_ridge	M	0.025133733955546734
7	32	256	direct_effect_ridge	P	0.025133733955546734
7	32	256	direct_effect_ridge	O	0.025133733955546734
7	32	256	direct_effect_ridge	D	0.025133733955546734
7	64	512	direct_effect_ridge	S	0.023362911832278
7	64	512	direct_effect_ridge	M	0.023362911832278
7	64	512	direct_effect_ridge	P	0.023362911832278
7	64	512	direct_effect_ridge	O	0.023362911832278
7	64	512	direct_effect_ridge	D	0.023362911832278
7	128	1024	direct_effect_ridge	S	0.022352627956812459
7	128	1024	direct_effect_ridge	M	0.022352627956812459
7	128	1024	direct_effect_ridge	P	0.022352627956812459
7	128	1024	direct_effect_ridge	O	0.022352627956812459
7	128	1024	direct_effect_ridge	D	0.022352627956812459
7	135	1080	direct_effect_ridge	S	0.022302487517585082
7	135	1080	direct_effect_ridge	M	0.022302487517585082
7	135	1080	direct_effect_ridge	P	0.022302487517585082
7	135	1080	direct_effect_ridge	O	0.022302487517585082
7	135	1080	direct_effect_ridge	D	0.022302487517585082
8	8	64	direct_effect_ridge	S	0.035839588318526336
8	8	64	direct_effect_ridge	M	0.035839588318526336
8	8	64	direct_effect_ridge	P	0.035839588318526336
8	8	64	direct_effect_ridge	O	0.035839588318526336
8	8	64	direct_effect_ridge	D	0.035839588318526336
8	16	128	direct_effect_ridge	S	0.028596137377833366
8	16	128	direct_effect_ridge	M	0.028596137377833366
8	16	128	direct_effect_ridge	P	0.028596137377833366
8	16	128	direct_effect_ridge	O	0.028596137377833366
8	16	128	direct_effect_ridge	D	0.028596137377833366
8	32	256	direct_effect_ridge	S	0.025174136208719073
8	32	256	direct_effect_ridge	M	0.025174136208719073
8	32	256	direct_effect_ridge	P	0.025174136208719073
8	32	256	direct_effect_ridge	O	0.025174136208719073
8	32	256	direct_effect_ridge	D	0.025174136208719073
8	64	512	direct_effect_ridge	S	0.023415258173107762
8	64	512	direct_effect_ridge	M	0.023415258173107762
8	64	512	direct_effect_ridge	P	0.023415258173107762
8	64	512	direct_effect_ridge	O	0.023415258173107762
8	64	512	direct_effect_ridge	D	0.023415258173107762
8	128	1024	direct_effect_ridge	S	0.022369599193740871
8	128	1024	direct_effect_ridge	M	0.022369599193740871
8	128	1024	direct_effect_ridge	P	0.022369599193740871
8	128	1024	direct_effect_ridge	O	0.022369599193740871
8	128	1024	direct_effect_ridge	D	0.022369599193740871
8	135	1080	direct_effect_ridge	S	0.022323958894184353
8	135	1080	direct_effect_ridge	M	0.022323958894184353
8	135	1080	direct_effect_ridge	P	0.022323958894184353
8	135	1080	direct_effect_ridge	O	0.022323958894184353
8	135	1080	direct_effect_ridge	D	0.022323958894184353
9	8	64	direct_effect_ridge	S	0.037084427440209476
9	8	64	direct_effect_ridge	M	0.037084427440209476
9	8	64	direct_effect_ridge	P	0.037084427440209476
9	8	64	direct_effect_ridge	O	0.037084427440209476
9	8	64	direct_effect_ridge	D	0.037084427440209476
9	16	128	direct_effect_ridge	S	0.029231686692191946
9	16	128	direct_effect_ridge	M	0.029231686692191939
9	16	128	direct_effect_ridge	P	0.029231686692191939
9	16	128	direct_effect_ridge	O	0.029231686692191939
9	16	128	direct_effect_ridge	D	0.029231686692191939
9	32	256	direct_effect_ridge	S	0.025495113650679482
9	32	256	direct_effect_ridge	M	0.025495113650679482
9	32	256	direct_effect_ridge	P	0.025495113650679482
9	32	256	direct_effect_ridge	O	0.025495113650679482
9	32	256	direct_effect_ridge	D	0.025495113650679482
9	64	512	direct_effect_ridge	S	0.023440714153526498
9	64	512	direct_effect_ridge	M	0.023440714153526498
9	64	512	direct_effect_ridge	P	0.023440714153526498
9	64	512	direct_effect_ridge	O	0.023440714153526498
9	64	512	direct_effect_ridge	D	0.023440714153526498
9	128	1024	direct_effect_ridge	S	0.022376792230961309
9	128	1024	direct_effect_ridge	M	0.022376792230961309
9	128	1024	direct_effect_ridge	P	0.022376792230961309
9	128	1024	direct_effect_ridge	O	0.022376792230961309
9	128	1024	direct_effect_ridge	D	0.022376792230961309
9	135	1080	direct_effect_ridge	S	0.022335117580700642
9	135	1080	direct_effect_ridge	M	0.022335117580700635
9	135	1080	direct_effect_ridge	P	0.022335117580700635
9	135	1080	direct_effect_ridge	O	0.022335117580700635
9	135	1080	direct_effect_ridge	D	0.022335117580700635
10	8	64	direct_effect_ridge	S	0.037068702443271789
10	8	64	direct_effect_ridge	M	0.037068702443271789
10	8	64	direct_effect_ridge	P	0.037068702443271789
10	8	64	direct_effect_ridge	O	0.037068702443271789
10	8	64	direct_effect_ridge	D	0.037068702443271789
10	16	128	direct_effect_ridge	S	0.029037422777235165
10	16	128	direct_effect_ridge	M	0.029037422777235165
10	16	128	direct_effect_ridge	P	0.029037422777235165
10	16	128	direct_effect_ridge	O	0.029037422777235165
10	16	128	direct_effect_ridge	D	0.029037422777235165
10	32	256	direct_effect_ridge	S	0.025594451153631938
10	32	256	direct_effect_ridge	M	0.025594451153631938
10	32	256	direct_effect_ridge	P	0.025594451153631938
10	32	256	direct_effect_ridge	O	0.025594451153631938
10	32	256	direct_effect_ridge	D	0.025594451153631938
10	64	512	direct_effect_ridge	S	0.023422629729552658
10	64	512	direct_effect_ridge	M	0.023422629729552658
10	64	512	direct_effect_ridge	P	0.023422629729552658
10	64	512	direct_effect_ridge	O	0.023422629729552658
10	64	512	direct_effect_ridge	D	0.023422629729552658
10	128	1024	direct_effect_ridge	S	0.02244712484949693
10	128	1024	direct_effect_ridge	M	0.022447124849496937
10	128	1024	direct_effect_ridge	P	0.022447124849496937
10	128	1024	direct_effect_ridge	O	0.022447124849496937
10	128	1024	direct_effect_ridge	D	0.022447124849496937
10	135	1080	direct_effect_ridge	S	0.022356336582135889
10	135	1080	direct_effect_ridge	M	0.022356336582135893
10	135	1080	direct_effect_ridge	P	0.022356336582135893
10	135	1080	direct_effect_ridge	O	0.022356336582135893
10	135	1080	direct_effect_ridge	D	0.022356336582135893
11	8	64	direct_effect_ridge	S	0.037648693965876535
11	8	64	direct_effect_ridge	M	0.037648693965876535
11	8	64	direct_effect_ridge	P	0.037648693965876535
11	8	64	direct_effect_ridge	O	0.037648693965876535
11	8	64	direct_effect_ridge	D	0.037648693965876535
11	16	128	direct_effect_ridge	S	0.029389736861173552
11	16	128	direct_effect_ridge	M	0.029389736861173552
11	16	128	direct_effect_ridge	P	0.029389736861173552
11	16	128	direct_effect_ridge	O	0.029389736861173552
11	16	128	direct_effect_ridge	D	0.029389736861173552
11	32	256	direct_effect_ridge	S	0.025372480884004525
11	32	256	direct_effect_ridge	M	0.025372480884004525
11	32	256	direct_effect_ridge	P	0.025372480884004525
11	32	256	direct_effect_ridge	O	0.025372480884004525
11	32	256	direct_effect_ridge	D	0.025372480884004525
11	64	512	direct_effect_ridge	S	0.023328989043250727
11	64	512	direct_effect_ridge	M	0.023328989043250727
11	64	512	direct_effect_ridge	P	0.023328989043250727
11	64	512	direct_effect_ridge	O	0.023328989043250727
11	64	512	direct_effect_ridge	D	0.023328989043250727
11	128	1024	direct_effect_ridge	S	0.022406430148481423
11	128	1024	direct_effect_ridge	M	0.022406430148481427
11	128	1024	direct_effect_ridge	P	0.022406430148481427
11	128	1024	direct_effect_ridge	O	0.022406430148481427
11	128	1024	direct_effect_ridge	D	0.022406430148481427
11	135	1080	direct_effect_ridge	S	0.022371239398785006
11	135	1080	direct_effect_ridge	M	0.022371239398785006
11	135	1080	direct_effect_ridge	P	0.022371239398785006
11	135	1080	direct_effect_ridge	O	0.022371239398785006
11	135	1080	direct_effect_ridge	D	0.022371239398785006
12	8	64	direct_effect_ridge	S	0.036395492817258603
12	8	64	direct_effect_ridge	M	0.036395492817258616
12	8	64	direct_effect_ridge	P	0.036395492817258616
12	8	64	direct_effect_ridge	O	0.036395492817258616
12	8	64	direct_effect_ridge	D	0.036395492817258616
12	16	128	direct_effect_ridge	S	0.028909718823927427
12	16	128	direct_effect_ridge	M	0.028909718823927427
12	16	128	direct_effect_ridge	P	0.028909718823927427
12	16	128	direct_effect_ridge	O	0.028909718823927427
12	16	128	direct_effect_ridge	D	0.028909718823927427
12	32	256	direct_effect_ridge	S	0.025235263835532127
12	32	256	direct_effect_ridge	M	0.025235263835532123
12	32	256	direct_effect_ridge	P	0.025235263835532123
12	32	256	direct_effect_ridge	O	0.025235263835532123
12	32	256	direct_effect_ridge	D	0.025235263835532123
12	64	512	direct_effect_ridge	S	0.02337637470344887
12	64	512	direct_effect_ridge	M	0.02337637470344887
12	64	512	direct_effect_ridge	P	0.02337637470344887
12	64	512	direct_effect_ridge	O	0.02337637470344887
12	64	512	direct_effect_ridge	D	0.02337637470344887
12	128	1024	direct_effect_ridge	S	0.022470309822650268
12	128	1024	direct_effect_ridge	M	0.022470309822650268
12	128	1024	direct_effect_ridge	P	0.022470309822650268
12	128	1024	direct_effect_ridge	O	0.022470309822650268
12	128	1024	direct_effect_ridge	D	0.022470309822650268
12	135	1080	direct_effect_ridge	S	0.022404218624414912
12	135	1080	direct_effect_ridge	M	0.022404218624414916
12	135	1080	direct_effect_ridge	P	0.022404218624414916
12	135	1080	direct_effect_ridge	O	0.022404218624414916
12	135	1080	direct_effect_ridge	D	0.022404218624414916
13	8	64	direct_effect_ridge	S	0.037165526106050166
13	8	64	direct_effect_ridge	M	0.037165526106050166
13	8	64	direct_effect_ridge	P	0.037165526106050166
13	8	64	direct_effect_ridge	O	0.037165526106050166
13	8	64	direct_effect_ridge	D	0.037165526106050166
13	16	128	direct_effect_ridge	S	0.029594656910770286
13	16	128	direct_effect_ridge	M	0.029594656910770289
13	16	128	direct_effect_ridge	P	0.029594656910770289
13	16	128	direct_effect_ridge	O	0.029594656910770289
13	16	128	direct_effect_ridge	D	0.029594656910770289
13	32	256	direct_effect_ridge	S	0.025563057402524195
13	32	256	direct_effect_ridge	M	0.025563057402524195
13	32	256	direct_effect_ridge	P	0.025563057402524195
13	32	256	direct_effect_ridge	O	0.025563057402524195
13	32	256	direct_effect_ridge	D	0.025563057402524195
13	64	512	direct_effect_ridge	S	0.023491949619461727
13	64	512	direct_effect_ridge	M	0.023491949619461727
13	64	512	direct_effect_ridge	P	0.023491949619461727
13	64	512	direct_effect_ridge	O	0.023491949619461727
13	64	512	direct_effect_ridge	D	0.023491949619461727
13	128	1024	direct_effect_ridge	S	0.022366779254877026
13	128	1024	direct_effect_ridge	M	0.022366779254877026
13	128	1024	direct_effect_ridge	P	0.022366779254877026
13	128	1024	direct_effect_ridge	O	0.022366779254877026
13	128	1024	direct_effect_ridge	D	0.022366779254877026
13	135	1080	direct_effect_ridge	S	0.022332490144333961
13	135	1080	direct_effect_ridge	M	0.022332490144333968
13	135	1080	direct_effect_ridge	P	0.022332490144333968
13	135	1080	direct_effect_ridge	O	0.022332490144333968
13	135	1080	direct_effect_ridge	D	0.022332490144333968
14	8	64	direct_effect_ridge	S	0.036111203653310234
14	8	64	direct_effect_ridge	M	0.036111203653310227
14	8	64	direct_effect_ridge	P	0.036111203653310227
14	8	64	direct_effect_ridge	O	0.036111203653310227
14	8	64	direct_effect_ridge	D	0.036111203653310227
14	16	128	direct_effect_ridge	S	0.028914236468050886
14	16	128	direct_effect_ridge	M	0.028914236468050886
14	16	128	direct_effect_ridge	P	0.028914236468050886
14	16	128	direct_effect_ridge	O	0.028914236468050886
14	16	128	direct_effect_ridge	D	0.028914236468050886
14	32	256	direct_effect_ridge	S	0.025176930248891765
14	32	256	direct_effect_ridge	M	0.025176930248891765
14	32	256	direct_effect_ridge	P	0.025176930248891765
14	32	256	direct_effect_ridge	O	0.025176930248891765
14	32	256	direct_effect_ridge	D	0.025176930248891765
14	64	512	direct_effect_ridge	S	0.023256786059733459
14	64	512	direct_effect_ridge	M	0.023256786059733459
14	64	512	direct_effect_ridge	P	0.023256786059733459
14	64	512	direct_effect_ridge	O	0.023256786059733459
14	64	512	direct_effect_ridge	D	0.023256786059733459
14	128	1024	direct_effect_ridge	S	0.022336070122490295
14	128	1024	direct_effect_ridge	M	0.022336070122490295
14	128	1024	direct_effect_ridge	P	0.022336070122490295
14	128	1024	direct_effect_ridge	O	0.022336070122490295
14	128	1024	direct_effect_ridge	D	0.022336070122490295
14	135	1080	direct_effect_ridge	S	0.02229466349550965
14	135	1080	direct_effect_ridge	M	0.02229466349550965
14	135	1080	direct_effect_ridge	P	0.02229466349550965
14	135	1080	direct_effect_ridge	O	0.02229466349550965
14	135	1080	direct_effect_ridge	D	0.02229466349550965
15	8	64	direct_effect_ridge	S	0.037065298461689704
15	8	64	direct_effect_ridge	M	0.037065298461689711
15	8	64	direct_effect_ridge	P	0.037065298461689711
15	8	64	direct_effect_ridge	O	0.037065298461689711
15	8	64	direct_effect_ridge	D	0.037065298461689711
15	16	128	direct_effect_ridge	S	0.028957132014183231
15	16	128	direct_effect_ridge	M	0.028957132014183231
15	16	128	direct_effect_ridge	P	0.028957132014183231
15	16	128	direct_effect_ridge	O	0.028957132014183231
15	16	128	direct_effect_ridge	D	0.028957132014183231
15	32	256	direct_effect_ridge	S	0.025275325709265984
15	32	256	direct_effect_ridge	M	0.025275325709265984
15	32	256	direct_effect_ridge	P	0.025275325709265984
15	32	256	direct_effect_ridge	O	0.025275325709265984
15	32	256	direct_effect_ridge	D	0.025275325709265984
15	64	512	direct_effect_ridge	S	0.023355118414657917
15	64	512	direct_effect_ridge	M	0.023355118414657917
15	64	512	direct_effect_ridge	P	0.023355118414657917
15	64	512	direct_effect_ridge	O	0.023355118414657917
15	64	512	direct_effect_ridge	D	0.023355118414657917
15	128	1024	direct_effect_ridge	S	0.022352756978691889
15	128	1024	direct_effect_ridge	M	0.022352756978691889
15	128	1024	direct_effect_ridge	P	0.022352756978691889
15	128	1024	direct_effect_ridge	O	0.022352756978691889
15	128	1024	direct_effect_ridge	D	0.022352756978691889
15	135	1080	direct_effect_ridge	S	0.022307554259449122
15	135	1080	direct_effect_ridge	M	0.022307554259449122
15	135	1080	direct_effect_ridge	P	0.022307554259449122
15	135	1080	direct_effect_ridge	O	0.022307554259449122
15	135	1080	direct_effect_ridge	D	0.022307554259449122
16	8	64	direct_effect_ridge	S	0.037068459691679108
16	8	64	direct_effect_ridge	M	0.037068459691679108
16	8	64	direct_effect_ridge	P	0.037068459691679108
16	8	64	direct_effect_ridge	O	0.037068459691679108
16	8	64	direct_effect_ridge	D	0.037068459691679108
16	16	128	direct_effect_ridge	S	0.028981013092282733
16	16	128	direct_effect_ridge	M	0.02898101309228273
16	16	128	direct_effect_ridge	P	0.02898101309228273
16	16	128	direct_effect_ridge	O	0.02898101309228273
16	16	128	direct_effect_ridge	D	0.02898101309228273
16	32	256	direct_effect_ridge	S	0.025001828632375492
16	32	256	direct_effect_ridge	M	0.025001828632375499
16	32	256	direct_effect_ridge	P	0.025001828632375499
16	32	256	direct_effect_ridge	O	0.025001828632375499
16	32	256	direct_effect_ridge	D	0.025001828632375499
16	64	512	direct_effect_ridge	S	0.023366293248821095
16	64	512	direct_effect_ridge	M	0.023366293248821095
16	64	512	direct_effect_ridge	P	0.023366293248821095
16	64	512	direct_effect_ridge	O	0.023366293248821095
16	64	512	direct_effect_ridge	D	0.023366293248821095
16	128	1024	direct_effect_ridge	S	0.022368839152506953
16	128	1024	direct_effect_ridge	M	0.022368839152506953
16	128	1024	direct_effect_ridge	P	0.022368839152506953
16	128	1024	direct_effect_ridge	O	0.022368839152506953
16	128	1024	direct_effect_ridge	D	0.022368839152506953
16	135	1080	direct_effect_ridge	S	0.022327129033479609
16	135	1080	direct_effect_ridge	M	0.022327129033479609
16	135	1080	direct_effect_ridge	P	0.022327129033479609
16	135	1080	direct_effect_ridge	O	0.022327129033479609
16	135	1080	direct_effect_ridge	D	0.022327129033479609
17	8	64	direct_effect_ridge	S	0.03681953803566116
17	8	64	direct_effect_ridge	M	0.03681953803566116
17	8	64	direct_effect_ridge	P	0.03681953803566116
17	8	64	direct_effect_ridge	O	0.03681953803566116
17	8	64	direct_effect_ridge	D	0.03681953803566116
17	16	128	direct_effect_ridge	S	0.028826789601933061
17	16	128	direct_effect_ridge	M	0.028826789601933051
17	16	128	direct_effect_ridge	P	0.028826789601933051
17	16	128	direct_effect_ridge	O	0.028826789601933051
17	16	128	direct_effect_ridge	D	0.028826789601933051
17	32	256	direct_effect_ridge	S	0.025042156976328077
17	32	256	direct_effect_ridge	M	0.025042156976328077
17	32	256	direct_effect_ridge	P	0.025042156976328077
17	32	256	direct_effect_ridge	O	0.025042156976328077
17	32	256	direct_effect_ridge	D	0.025042156976328077
17	64	512	direct_effect_ridge	S	0.023144463080997654
17	64	512	direct_effect_ridge	M	0.023144463080997654
17	64	512	direct_effect_ridge	P	0.023144463080997654
17	64	512	direct_effect_ridge	O	0.023144463080997654
17	64	512	direct_effect_ridge	D	0.023144463080997654
17	128	1024	direct_effect_ridge	S	0.022387572607353343
17	128	1024	direct_effect_ridge	M	0.022387572607353343
17	128	1024	direct_effect_ridge	P	0.022387572607353343
17	128	1024	direct_effect_ridge	O	0.022387572607353343
17	128	1024	direct_effect_ridge	D	0.022387572607353343
17	135	1080	direct_effect_ridge	S	0.022346471857949416
17	135	1080	direct_effect_ridge	M	0.022346471857949416
17	135	1080	direct_effect_ridge	P	0.022346471857949416
17	135	1080	direct_effect_ridge	O	0.022346471857949416
17	135	1080	direct_effect_ridge	D	0.022346471857949416
18	8	64	direct_effect_ridge	S	0.035892590153829562
18	8	64	direct_effect_ridge	M	0.035892590153829562
18	8	64	direct_effect_ridge	P	0.035892590153829562
18	8	64	direct_effect_ridge	O	0.035892590153829562
18	8	64	direct_effect_ridge	D	0.035892590153829562
18	16	128	direct_effect_ridge	S	0.028467545676529
18	16	128	direct_effect_ridge	M	0.028467545676529
18	16	128	direct_effect_ridge	P	0.028467545676529
18	16	128	direct_effect_ridge	O	0.028467545676529
18	16	128	direct_effect_ridge	D	0.028467545676529
18	32	256	direct_effect_ridge	S	0.02488232626175713
18	32	256	direct_effect_ridge	M	0.02488232626175713
18	32	256	direct_effect_ridge	P	0.02488232626175713
18	32	256	direct_effect_ridge	O	0.02488232626175713
18	32	256	direct_effect_ridge	D	0.02488232626175713
18	64	512	direct_effect_ridge	S	0.023217904827862876
18	64	512	direct_effect_ridge	M	0.023217904827862876
18	64	512	direct_effect_ridge	P	0.023217904827862876
18	64	512	direct_effect_ridge	O	0.023217904827862876
18	64	512	direct_effect_ridge	D	0.023217904827862876
18	128	1024	direct_effect_ridge	S	0.022333316225809516
18	128	1024	direct_effect_ridge	M	0.022333316225809505
18	128	1024	direct_effect_ridge	P	0.022333316225809505
18	128	1024	direct_effect_ridge	O	0.022333316225809505
18	128	1024	direct_effect_ridge	D	0.022333316225809505
18	135	1080	direct_effect_ridge	S	0.022291456376464524
18	135	1080	direct_effect_ridge	M	0.022291456376464524
18	135	1080	direct_effect_ridge	P	0.022291456376464524
18	135	1080	direct_effect_ridge	O	0.022291456376464524
18	135	1080	direct_effect_ridge	D	0.022291456376464524
19	8	64	direct_effect_ridge	S	0.03633798948617236
19	8	64	direct_effect_ridge	M	0.03633798948617236
19	8	64	direct_effect_ridge	P	0.03633798948617236
19	8	64	direct_effect_ridge	O	0.03633798948617236
19	8	64	direct_effect_ridge	D	0.03633798948617236
19	16	128	direct_effect_ridge	S	0.028794444237240494
19	16	128	direct_effect_ridge	M	0.028794444237240494
19	16	128	direct_effect_ridge	P	0.028794444237240494
19	16	128	direct_effect_ridge	O	0.028794444237240494
19	16	128	direct_effect_ridge	D	0.028794444237240494
19	32	256	direct_effect_ridge	S	0.025155028630687165
19	32	256	direct_effect_ridge	M	0.025155028630687165
19	32	256	direct_effect_ridge	P	0.025155028630687165
19	32	256	direct_effect_ridge	O	0.025155028630687165
19	32	256	direct_effect_ridge	D	0.025155028630687165
19	64	512	direct_effect_ridge	S	0.023352544787108988
19	64	512	direct_effect_ridge	M	0.023352544787108988
19	64	512	direct_effect_ridge	P	0.023352544787108988
19	64	512	direct_effect_ridge	O	0.023352544787108988
19	64	512	direct_effect_ridge	D	0.023352544787108988
19	128	1024	direct_effect_ridge	S	0.022339427950948856
19	128	1024	direct_effect_ridge	M	0.022339427950948853
19	128	1024	direct_effect_ridge	P	0.022339427950948853
19	128	1024	direct_effect_ridge	O	0.022339427950948853
19	128	1024	direct_effect_ridge	D	0.022339427950948853
19	135	1080	direct_effect_ridge	S	0.022303460583313884
19	135	1080	direct_effect_ridge	M	0.022303460583313884
19	135	1080	direct_effect_ridge	P	0.022303460583313884
19	135	1080	direct_effect_ridge	O	0.022303460583313884
19	135	1080	direct_effect_ridge	D	0.022303460583313884
20	8	64	direct_effect_ridge	S	0.03660639508247631
20	8	64	direct_effect_ridge	M	0.03660639508247631
20	8	64	direct_effect_ridge	P	0.03660639508247631
20	8	64	direct_effect_ridge	O	0.03660639508247631
20	8	64	direct_effect_ridge	D	0.03660639508247631
20	16	128	direct_effect_ridge	S	0.029133585301898284
20	16	128	direct_effect_ridge	M	0.029133585301898284
20	16	128	direct_effect_ridge	P	0.029133585301898284
20	16	128	direct_effect_ridge	O	0.029133585301898284
20	16	128	direct_effect_ridge	D	0.029133585301898284
20	32	256	direct_effect_ridge	S	0.025393379499784579
20	32	256	direct_effect_ridge	M	0.025393379499784586
20	32	256	direct_effect_ridge	P	0.025393379499784586
20	32	256	direct_effect_ridge	O	0.025393379499784586
20	32	256	direct_effect_ridge	D	0.025393379499784586
20	64	512	direct_effect_ridge	S	0.023411318516773142
20	64	512	direct_effect_ridge	M	0.023411318516773142
20	64	512	direct_effect_ridge	P	0.023411318516773142
20	64	512	direct_effect_ridge	O	0.023411318516773142
20	64	512	direct_effect_ridge	D	0.023411318516773142
20	128	1024	direct_effect_ridge	S	0.022382379487144295
20	128	1024	direct_effect_ridge	M	0.022382379487144295
20	128	1024	direct_effect_ridge	P	0.022382379487144295
20	128	1024	direct_effect_ridge	O	0.022382379487144295
20	128	1024	direct_effect_ridge	D	0.022382379487144295
20	135	1080	direct_effect_ridge	S	0.022330054713764366
20	135	1080	direct_effect_ridge	M	0.022330054713764366
20	135	1080	direct_effect_ridge	P	0.022330054713764366
20	135	1080	direct_effect_ridge	O	0.022330054713764366
20	135	1080	direct_effect_ridge	D	0.022330054713764366
21	8	64	direct_effect_ridge	S	0.035921651841682389
21	8	64	direct_effect_ridge	M	0.035921651841682389
21	8	64	direct_effect_ridge	P	0.035921651841682389
21	8	64	direct_effect_ridge	O	0.035921651841682389
21	8	64	direct_effect_ridge	D	0.035921651841682389
21	16	128	direct_effect_ridge	S	0.028667543102450132
21	16	128	direct_effect_ridge	M	0.028667543102450132
21	16	128	direct_effect_ridge	P	0.028667543102450132
21	16	128	direct_effect_ridge	O	0.028667543102450132
21	16	128	direct_effect_ridge	D	0.028667543102450132
21	32	256	direct_effect_ridge	S	0.025224265984790582
21	32	256	direct_effect_ridge	M	0.025224265984790582
21	32	256	direct_effect_ridge	P	0.025224265984790582
21	32	256	direct_effect_ridge	O	0.025224265984790582
21	32	256	direct_effect_ridge	D	0.025224265984790582
21	64	512	direct_effect_ridge	S	0.023349092273530821
21	64	512	direct_effect_ridge	M	0.023349092273530821
21	64	512	direct_effect_ridge	P	0.023349092273530821
21	64	512	direct_effect_ridge	O	0.023349092273530821
21	64	512	direct_effect_ridge	D	0.023349092273530821
21	128	1024	direct_effect_ridge	S	0.022386546008198772
21	128	1024	direct_effect_ridge	M	0.022386546008198772
21	128	1024	direct_effect_ridge	P	0.022386546008198772
21	128	1024	direct_effect_ridge	O	0.022386546008198772
21	128	1024	direct_effect_ridge	D	0.022386546008198772
21	135	1080	direct_effect_ridge	S	0.022321256776536701
21	135	1080	direct_effect_ridge	M	0.022321256776536701
21	135	1080	direct_effect_ridge	P	0.022321256776536701
21	135	1080	direct_effect_ridge	O	0.022321256776536701
21	135	1080	direct_effect_ridge	D	0.022321256776536701
22	8	64	direct_effect_ridge	S	0.03660716545360608
22	8	64	direct_effect_ridge	M	0.03660716545360608
22	8	64	direct_effect_ridge	P	0.03660716545360608
22	8	64	direct_effect_ridge	O	0.03660716545360608
22	8	64	direct_effect_ridge	D	0.03660716545360608
22	16	128	direct_effect_ridge	S	0.028726900512804691
22	16	128	direct_effect_ridge	M	0.028726900512804691
22	16	128	direct_effect_ridge	P	0.028726900512804691
22	16	128	direct_effect_ridge	O	0.028726900512804691
22	16	128	direct_effect_ridge	D	0.028726900512804691
22	32	256	direct_effect_ridge	S	0.025157807501022866
22	32	256	direct_effect_ridge	M	0.02515780750102287
22	32	256	direct_effect_ridge	P	0.02515780750102287
22	32	256	direct_effect_ridge	O	0.02515780750102287
22	32	256	direct_effect_ridge	D	0.02515780750102287
22	64	512	direct_effect_ridge	S	0.023386722358488408
22	64	512	direct_effect_ridge	M	0.023386722358488408
22	64	512	direct_effect_ridge	P	0.023386722358488408
22	64	512	direct_effect_ridge	O	0.023386722358488408
22	64	512	direct_effect_ridge	D	0.023386722358488408
22	128	1024	direct_effect_ridge	S	0.022367819672090519
22	128	1024	direct_effect_ridge	M	0.022367819672090519
22	128	1024	direct_effect_ridge	P	0.022367819672090519
22	128	1024	direct_effect_ridge	O	0.022367819672090519
22	128	1024	direct_effect_ridge	D	0.022367819672090519
22	135	1080	direct_effect_ridge	S	0.022304360467115779
22	135	1080	direct_effect_ridge	M	0.022304360467115779
22	135	1080	direct_effect_ridge	P	0.022304360467115779
22	135	1080	direct_effect_ridge	O	0.022304360467115779
22	135	1080	direct_effect_ridge	D	0.022304360467115779
23	8	64	direct_effect_ridge	S	0.037115920503348526
23	8	64	direct_effect_ridge	M	0.037115920503348526
23	8	64	direct_effect_ridge	P	0.037115920503348526
23	8	64	direct_effect_ridge	O	0.037115920503348526
23	8	64	direct_effect_ridge	D	0.037115920503348526
23	16	128	direct_effect_ridge	S	0.0290734911908078
23	16	128	direct_effect_ridge	M	0.0290734911908078
23	16	128	direct_effect_ridge	P	0.0290734911908078
23	16	128	direct_effect_ridge	O	0.0290734911908078
23	16	128	direct_effect_ridge	D	0.0290734911908078
23	32	256	direct_effect_ridge	S	0.025370401113945375
23	32	256	direct_effect_ridge	M	0.025370401113945375
23	32	256	direct_effect_ridge	P	0.025370401113945375
23	32	256	direct_effect_ridge	O	0.025370401113945375
23	32	256	direct_effect_ridge	D	0.025370401113945375
23	64	512	direct_effect_ridge	S	0.023433114767556919
23	64	512	direct_effect_ridge	M	0.023433114767556912
23	64	512	direct_effect_ridge	P	0.023433114767556912
23	64	512	direct_effect_ridge	O	0.023433114767556912
23	64	512	direct_effect_ridge	D	0.023433114767556912
23	128	1024	direct_effect_ridge	S	0.022393996364603375
23	128	1024	direct_effect_ridge	M	0.022393996364603375
23	128	1024	direct_effect_ridge	P	0.022393996364603375
23	128	1024	direct_effect_ridge	O	0.022393996364603375
23	128	1024	direct_effect_ridge	D	0.022393996364603375
23	135	1080	direct_effect_ridge	S	0.022343962855809404
23	135	1080	direct_effect_ridge	M	0.022343962855809404
23	135	1080	direct_effect_ridge	P	0.022343962855809404
23	135	1080	direct_effect_ridge	O	0.022343962855809404
23	135	1080	direct_effect_ridge	D	0.022343962855809404
24	8	64	direct_effect_ridge	S	0.036907431226726933
24	8	64	direct_effect_ridge	M	0.036907431226726933
24	8	64	direct_effect_ridge	P	0.036907431226726933
24	8	64	direct_effect_ridge	O	0.036907431226726933
24	8	64	direct_effect_ridge	D	0.036907431226726933
24	16	128	direct_effect_ridge	S	0.029099564150720861
24	16	128	direct_effect_ridge	M	0.029099564150720857
24	16	128	direct_effect_ridge	P	0.029099564150720857
24	16	128	direct_effect_ridge	O	0.029099564150720857
24	16	128	direct_effect_ridge	D	0.029099564150720857
24	32	256	direct_effect_ridge	S	0.025183945863018978
24	32	256	direct_effect_ridge	M	0.025183945863018978
24	32	256	direct_effect_ridge	P	0.025183945863018978
24	32	256	direct_effect_ridge	O	0.025183945863018978
24	32	256	direct_effect_ridge	D	0.025183945863018978
24	64	512	direct_effect_ridge	S	0.023335438826664671
24	64	512	direct_effect_ridge	M	0.023335438826664671
24	64	512	direct_effect_ridge	P	0.023335438826664671
24	64	512	direct_effect_ridge	O	0.023335438826664671
24	64	512	direct_effect_ridge	D	0.023335438826664671
24	128	1024	direct_effect_ridge	S	0.022440476484283812
24	128	1024	direct_effect_ridge	M	0.022440476484283812
24	128	1024	direct_effect_ridge	P	0.022440476484283812
24	128	1024	direct_effect_ridge	O	0.022440476484283812
24	128	1024	direct_effect_ridge	D	0.022440476484283812
24	135	1080	direct_effect_ridge	S	0.022410599746413701
24	135	1080	direct_effect_ridge	M	0.022410599746413701
24	135	1080	direct_effect_ridge	P	0.022410599746413701
24	135	1080	direct_effect_ridge	O	0.022410599746413701
24	135	1080	direct_effect_ridge	D	0.022410599746413701
25	8	64	direct_effect_ridge	S	0.036679060163599203
25	8	64	direct_effect_ridge	M	0.036679060163599203
25	8	64	direct_effect_ridge	P	0.036679060163599203
25	8	64	direct_effect_ridge	O	0.036679060163599203
25	8	64	direct_effect_ridge	D	0.036679060163599203
25	16	128	direct_effect_ridge	S	0.02885840813494955
25	16	128	direct_effect_ridge	M	0.02885840813494955
25	16	128	direct_effect_ridge	P	0.02885840813494955
25	16	128	direct_effect_ridge	O	0.02885840813494955
25	16	128	direct_effect_ridge	D	0.02885840813494955
25	32	256	direct_effect_ridge	S	0.025289289168130759
25	32	256	direct_effect_ridge	M	0.025289289168130752
25	32	256	direct_effect_ridge	P	0.025289289168130752
25	32	256	direct_effect_ridge	O	0.025289289168130752
25	32	256	direct_effect_ridge	D	0.025289289168130752
25	64	512	direct_effect_ridge	S	0.023361298844230171
25	64	512	direct_effect_ridge	M	0.023361298844230164
25	64	512	direct_effect_ridge	P	0.023361298844230164
25	64	512	direct_effect_ridge	O	0.023361298844230164
25	64	512	direct_effect_ridge	D	0.023361298844230164
25	128	1024	direct_effect_ridge	S	0.022343503886290372
25	128	1024	direct_effect_ridge	M	0.022343503886290372
25	128	1024	direct_effect_ridge	P	0.022343503886290372
25	128	1024	direct_effect_ridge	O	0.022343503886290372
25	128	1024	direct_effect_ridge	D	0.022343503886290372
25	135	1080	direct_effect_ridge	S	0.022313959213787756
25	135	1080	direct_effect_ridge	M	0.022313959213787749
25	135	1080	direct_effect_ridge	P	0.022313959213787749
25	135	1080	direct_effect_ridge	O	0.022313959213787749
25	135	1080	direct_effect_ridge	D	0.022313959213787749
26	8	64	direct_effect_ridge	S	0.036824390088457427
26	8	64	direct_effect_ridge	M	0.036824390088457427
26	8	64	direct_effect_ridge	P	0.036824390088457427
26	8	64	direct_effect_ridge	O	0.036824390088457427
26	8	64	direct_effect_ridge	D	0.036824390088457427
26	16	128	direct_effect_ridge	S	0.029038595788117523
26	16	128	direct_effect_ridge	M	0.029038595788117509
26	16	128	direct_effect_ridge	P	0.029038595788117509
26	16	128	direct_effect_ridge	O	0.029038595788117509
26	16	128	direct_effect_ridge	D	0.029038595788117509
26	32	256	direct_effect_ridge	S	0.025247030022414119
26	32	256	direct_effect_ridge	M	0.025247030022414123
26	32	256	direct_effect_ridge	P	0.025247030022414123
26	32	256	direct_effect_ridge	O	0.025247030022414123
26	32	256	direct_effect_ridge	D	0.025247030022414123
26	64	512	direct_effect_ridge	S	0.023385398100022617
26	64	512	direct_effect_ridge	M	0.02338539810002262
26	64	512	direct_effect_ridge	P	0.02338539810002262
26	64	512	direct_effect_ridge	O	0.02338539810002262
26	64	512	direct_effect_ridge	D	0.02338539810002262
26	128	1024	direct_effect_ridge	S	0.022399236006284424
26	128	1024	direct_effect_ridge	M	0.022399236006284424
26	128	1024	direct_effect_ridge	P	0.022399236006284424
26	128	1024	direct_effect_ridge	O	0.022399236006284424
26	128	1024	direct_effect_ridge	D	0.022399236006284424
26	135	1080	direct_effect_ridge	S	0.022354411417230723
26	135	1080	direct_effect_ridge	M	0.022354411417230723
26	135	1080	direct_effect_ridge	P	0.022354411417230723
26	135	1080	direct_effect_ridge	O	0.022354411417230723
26	135	1080	direct_effect_ridge	D	0.022354411417230723
27	8	64	direct_effect_ridge	S	0.037028442892911698
27	8	64	direct_effect_ridge	M	0.037028442892911698
27	8	64	direct_effect_ridge	P	0.037028442892911698
27	8	64	direct_effect_ridge	O	0.037028442892911698
27	8	64	direct_effect_ridge	D	0.037028442892911698
27	16	128	direct_effect_ridge	S	0.029374732485952841
27	16	128	direct_effect_ridge	M	0.029374732485952841
27	16	128	direct_effect_ridge	P	0.029374732485952841
27	16	128	direct_effect_ridge	O	0.029374732485952841
27	16	128	direct_effect_ridge	D	0.029374732485952841
27	32	256	direct_effect_ridge	S	0.025858639473587602
27	32	256	direct_effect_ridge	M	0.025858639473587602
27	32	256	direct_effect_ridge	P	0.025858639473587602
27	32	256	direct_effect_ridge	O	0.025858639473587602
27	32	256	direct_effect_ridge	D	0.025858639473587602
27	64	512	direct_effect_ridge	S	0.023520490711091923
27	64	512	direct_effect_ridge	M	0.02352049071109192
27	64	512	direct_effect_ridge	P	0.02352049071109192
27	64	512	direct_effect_ridge	O	0.02352049071109192
27	64	512	direct_effect_ridge	D	0.02352049071109192
27	128	1024	direct_effect_ridge	S	0.022403303867170682
27	128	1024	direct_effect_ridge	M	0.022403303867170682
27	128	1024	direct_effect_ridge	P	0.022403303867170682
27	128	1024	direct_effect_ridge	O	0.022403303867170682
27	128	1024	direct_effect_ridge	D	0.022403303867170682
27	135	1080	direct_effect_ridge	S	0.022344625529266738
27	135	1080	direct_effect_ridge	M	0.022344625529266738
27	135	1080	direct_effect_ridge	P	0.022344625529266738
27	135	1080	direct_effect_ridge	O	0.022344625529266738
27	135	1080	direct_effect_ridge	D	0.022344625529266738
28	8	64	direct_effect_ridge	S	0.036467650446356942
28	8	64	direct_effect_ridge	M	0.036467650446356942
28	8	64	direct_effect_ridge	P	0.036467650446356942
28	8	64	direct_effect_ridge	O	0.036467650446356942
28	8	64	direct_effect_ridge	D	0.036467650446356942
28	16	128	direct_effect_ridge	S	0.028943738702771778
28	16	128	direct_effect_ridge	M	0.028943738702771778
28	16	128	direct_effect_ridge	P	0.028943738702771778
28	16	128	direct_effect_ridge	O	0.028943738702771778
28	16	128	direct_effect_ridge	D	0.028943738702771778
28	32	256	direct_effect_ridge	S	0.02508020669322315
28	32	256	direct_effect_ridge	M	0.02508020669322315
28	32	256	direct_effect_ridge	P	0.02508020669322315
28	32	256	direct_effect_ridge	O	0.02508020669322315
28	32	256	direct_effect_ridge	D	0.02508020669322315
28	64	512	direct_effect_ridge	S	0.023193987346640584
28	64	512	direct_effect_ridge	M	0.023193987346640584
28	64	512	direct_effect_ridge	P	0.023193987346640584
28	64	512	direct_effect_ridge	O	0.023193987346640584
28	64	512	direct_effect_ridge	D	0.023193987346640584
28	128	1024	direct_effect_ridge	S	0.022344847656649056
28	128	1024	direct_effect_ridge	M	0.022344847656649056
28	128	1024	direct_effect_ridge	P	0.022344847656649056
28	128	1024	direct_effect_ridge	O	0.022344847656649056
28	128	1024	direct_effect_ridge	D	0.022344847656649056
28	135	1080	direct_effect_ridge	S	0.022315693489403467
28	135	1080	direct_effect_ridge	M	0.022315693489403474
28	135	1080	direct_effect_ridge	P	0.022315693489403474
28	135	1080	direct_effect_ridge	O	0.022315693489403474
28	135	1080	direct_effect_ridge	D	0.022315693489403474
29	8	64	direct_effect_ridge	S	0.037566162207167179
29	8	64	direct_effect_ridge	M	0.037566162207167179
29	8	64	direct_effect_ridge	P	0.037566162207167179
29	8	64	direct_effect_ridge	O	0.037566162207167179
29	8	64	direct_effect_ridge	D	0.037566162207167179
29	16	128	direct_effect_ridge	S	0.029371001560635091
29	16	128	direct_effect_ridge	M	0.029371001560635091
29	16	128	direct_effect_ridge	P	0.029371001560635091
29	16	128	direct_effect_ridge	O	0.029371001560635091
29	16	128	direct_effect_ridge	D	0.029371001560635091
29	32	256	direct_effect_ridge	S	0.025149129140010728
29	32	256	direct_effect_ridge	M	0.025149129140010728
29	32	256	direct_effect_ridge	P	0.025149129140010728
29	32	256	direct_effect_ridge	O	0.025149129140010728
29	32	256	direct_effect_ridge	D	0.025149129140010728
29	64	512	direct_effect_ridge	S	0.023350980419898082
29	64	512	direct_effect_ridge	M	0.023350980419898082
29	64	512	direct_effect_ridge	P	0.023350980419898082
29	64	512	direct_effect_ridge	O	0.023350980419898082
29	64	512	direct_effect_ridge	D	0.023350980419898082
29	128	1024	direct_effect_ridge	S	0.022393002987409299
29	128	1024	direct_effect_ridge	M	0.022393002987409299
29	128	1024	direct_effect_ridge	P	0.022393002987409299
29	128	1024	direct_effect_ridge	O	0.022393002987409299
29	128	1024	direct_effect_ridge	D	0.022393002987409299
29	135	1080	direct_effect_ridge	S	0.022355652006171539
29	135	1080	direct_effect_ridge	M	0.022355652006171539
29	135	1080	direct_effect_ridge	P	0.022355652006171539
29	135	1080	direct_effect_ridge	O	0.022355652006171539
29	135	1080	direct_effect_ridge	D	0.022355652006171539
