allocation	depth_per_gemgroup	model_a	model_b	pair_role	pattern	S_margin	margin	displacement	strict_crossing
0	8	additive	compositional_ridge	primary_state_pair	S	-0.0007912360649253228	-0.0007912360649253228	0.0	False
0	8	additive	compositional_ridge	primary_state_pair	M	-0.0007912360649253228	-0.0007912360649253228	0.0	False
0	8	additive	compositional_ridge	primary_state_pair	P	-0.0007912360649253228	-0.0007912360649252811	4.163336342344337e-17	False
0	8	additive	compositional_ridge	primary_state_pair	O	-0.0007912360649253228	-0.0007912360649252811	4.163336342344337e-17	False
0	8	additive	compositional_ridge	primary_state_pair	D	-0.0007912360649253228	-0.0007912360649252811	4.163336342344337e-17	False
0	8	additive	CPA_0.8.8	primary_state_pair	S	0.07135873131242321	0.07135873131242321	0.0	False
0	8	additive	CPA_0.8.8	primary_state_pair	M	0.07135873131242321	0.0713587313124232	-1.3877787807814457e-17	False
0	8	additive	CPA_0.8.8	primary_state_pair	P	0.07135873131242321	0.07315505587304783	0.001796324560624618	False
0	8	additive	CPA_0.8.8	primary_state_pair	O	0.07135873131242321	0.06956240675179873	-0.0017963245606244793	False
0	8	additive	CPA_0.8.8	primary_state_pair	D	0.07135873131242321	0.07135873131242323	2.7755575615628914e-17	False
0	8	additive	zero_effect	zero_effect_diagnostic	S	0.09421096529163783	0.09421096529163783	0.0	False
0	8	additive	zero_effect	zero_effect_diagnostic	M	0.09421096529163783	0.09421096529163785	1.3877787807814457e-17	False
0	8	additive	zero_effect	zero_effect_diagnostic	P	0.09421096529163783	0.06568395271333448	-0.028527012578303354	False
0	8	additive	zero_effect	zero_effect_diagnostic	O	0.09421096529163783	0.06568395271333448	-0.028527012578303354	False
0	8	additive	zero_effect	zero_effect_diagnostic	D	0.09421096529163783	0.06568395271333448	-0.028527012578303354	False
0	8	compositional_ridge	CPA_0.8.8	primary_state_pair	S	0.07214996737734852	0.07214996737734852	0.0	False
0	8	compositional_ridge	CPA_0.8.8	primary_state_pair	M	0.07214996737734852	0.07214996737734852	0.0	False
0	8	compositional_ridge	CPA_0.8.8	primary_state_pair	P	0.07214996737734852	0.07394629193797311	0.0017963245606245903	False
0	8	compositional_ridge	CPA_0.8.8	primary_state_pair	O	0.07214996737734852	0.07035364281672402	-0.001796324560624507	False
0	8	compositional_ridge	CPA_0.8.8	primary_state_pair	D	0.07214996737734852	0.07214996737734852	0.0	False
0	8	compositional_ridge	zero_effect	zero_effect_diagnostic	S	0.09500220135656315	0.09500220135656315	0.0	False
0	8	compositional_ridge	zero_effect	zero_effect_diagnostic	M	0.09500220135656315	0.09500220135656318	2.7755575615628914e-17	False
0	8	compositional_ridge	zero_effect	zero_effect_diagnostic	P	0.09500220135656315	0.06647518877825975	-0.028527012578303396	False
0	8	compositional_ridge	zero_effect	zero_effect_diagnostic	O	0.09500220135656315	0.06647518877825975	-0.028527012578303396	False
0	8	compositional_ridge	zero_effect	zero_effect_diagnostic	D	0.09500220135656315	0.06647518877825975	-0.028527012578303396	False
0	8	CPA_0.8.8	zero_effect	zero_effect_diagnostic	S	0.022852233979214626	0.022852233979214626	0.0	False
0	8	CPA_0.8.8	zero_effect	zero_effect_diagnostic	M	0.022852233979214626	0.022852233979214653	2.7755575615628914e-17	False
0	8	CPA_0.8.8	zero_effect	zero_effect_diagnostic	P	0.022852233979214626	-0.0074711031597133465	-0.030323337138927972	True
0	8	CPA_0.8.8	zero_effect	zero_effect_diagnostic	O	0.022852233979214626	-0.003878454038464249	-0.026730688017678875	True
0	8	CPA_0.8.8	zero_effect	zero_effect_diagnostic	D	0.022852233979214626	-0.005674778599088756	-0.028527012578303382	True
0	16	additive	compositional_ridge	primary_state_pair	S	-0.0007912360649253228	-0.0007912360649253228	0.0	False
0	16	additive	compositional_ridge	primary_state_pair	M	-0.0007912360649253228	-0.0007912360649253228	0.0	False
0	16	additive	compositional_ridge	primary_state_pair	P	-0.0007912360649253228	-0.0007912360649253367	-1.3877787807814457e-17	False
0	16	additive	compositional_ridge	primary_state_pair	O	-0.0007912360649253228	-0.0007912360649253367	-1.3877787807814457e-17	False
0	16	additive	compositional_ridge	primary_state_pair	D	-0.0007912360649253228	-0.0007912360649253367	-1.3877787807814457e-17	False
0	16	additive	CPA_0.8.8	primary_state_pair	S	0.0705473451971344	0.0705473451971344	0.0	False
0	16	additive	CPA_0.8.8	primary_state_pair	M	0.0705473451971344	0.07054734519713438	-2.7755575615628914e-17	False
0	16	additive	CPA_0.8.8	primary_state_pair	P	0.0705473451971344	0.07165422071340227	0.001106875516267869	False
0	16	additive	CPA_0.8.8	primary_state_pair	O	0.0705473451971344	0.06944046968086653	-0.001106875516267869	False
0	16	additive	CPA_0.8.8	primary_state_pair	D	0.0705473451971344	0.07054734519713438	-2.7755575615628914e-17	False
0	16	additive	zero_effect	zero_effect_diagnostic	S	0.0874154294844886	0.0874154294844886	0.0	False
0	16	additive	zero_effect	zero_effect_diagnostic	M	0.0874154294844886	0.0874154294844886	0.0	False
0	16	additive	zero_effect	zero_effect_diagnostic	P	0.0874154294844886	0.07288318448468878	-0.014532244999799826	False
0	16	additive	zero_effect	zero_effect_diagnostic	O	0.0874154294844886	0.07288318448468878	-0.014532244999799826	False
0	16	additive	zero_effect	zero_effect_diagnostic	D	0.0874154294844886	0.07288318448468878	-0.014532244999799826	False
0	16	compositional_ridge	CPA_0.8.8	primary_state_pair	S	0.07133858126205972	0.07133858126205972	0.0	False
0	16	compositional_ridge	CPA_0.8.8	primary_state_pair	M	0.07133858126205972	0.07133858126205969	-2.7755575615628914e-17	False
0	16	compositional_ridge	CPA_0.8.8	primary_state_pair	P	0.07133858126205972	0.07244545677832762	0.0011068755162678967	False
0	16	compositional_ridge	CPA_0.8.8	primary_state_pair	O	0.07133858126205972	0.07023170574579188	-0.0011068755162678412	False
0	16	compositional_ridge	CPA_0.8.8	primary_state_pair	D	0.07133858126205972	0.07133858126205972	0.0	False
0	16	compositional_ridge	zero_effect	zero_effect_diagnostic	S	0.08820666554941392	0.08820666554941392	0.0	False
0	16	compositional_ridge	zero_effect	zero_effect_diagnostic	M	0.08820666554941392	0.08820666554941392	0.0	False
0	16	compositional_ridge	zero_effect	zero_effect_diagnostic	P	0.08820666554941392	0.07367442054961412	-0.014532244999799798	False
0	16	compositional_ridge	zero_effect	zero_effect_diagnostic	O	0.08820666554941392	0.07367442054961412	-0.014532244999799798	False
0	16	compositional_ridge	zero_effect	zero_effect_diagnostic	D	0.08820666554941392	0.07367442054961412	-0.014532244999799798	False
0	16	CPA_0.8.8	zero_effect	zero_effect_diagnostic	S	0.0168680842873542	0.0168680842873542	0.0	False
0	16	CPA_0.8.8	zero_effect	zero_effect_diagnostic	M	0.0168680842873542	0.01686808428735423	2.7755575615628914e-17	False
0	16	CPA_0.8.8	zero_effect	zero_effect_diagnostic	P	0.0168680842873542	0.0012289637712865065	-0.015639120516067695	False
0	16	CPA_0.8.8	zero_effect	zero_effect_diagnostic	O	0.0168680842873542	0.0034427148038222444	-0.013425369483531957	False
0	16	CPA_0.8.8	zero_effect	zero_effect_diagnostic	D	0.0168680842873542	0.002335839287554403	-0.014532244999799798	False
0	32	additive	compositional_ridge	primary_state_pair	S	-0.0007912360649253228	-0.0007912360649253228	0.0	False
0	32	additive	compositional_ridge	primary_state_pair	M	-0.0007912360649253228	-0.0007912360649253228	0.0	False
0	32	additive	compositional_ridge	primary_state_pair	P	-0.0007912360649253228	-0.0007912360649253158	6.938893903907228e-18	False
0	32	additive	compositional_ridge	primary_state_pair	O	-0.0007912360649253228	-0.0007912360649253158	6.938893903907228e-18	False
0	32	additive	compositional_ridge	primary_state_pair	D	-0.0007912360649253228	-0.0007912360649253158	6.938893903907228e-18	False
0	32	additive	CPA_0.8.8	primary_state_pair	S	0.06745059151806881	0.06745059151806881	0.0	False
0	32	additive	CPA_0.8.8	primary_state_pair	M	0.06745059151806881	0.06745059151806881	0.0	False
0	32	additive	CPA_0.8.8	primary_state_pair	P	0.06745059151806881	0.06787192419782227	0.00042133267975345834	False
0	32	additive	CPA_0.8.8	primary_state_pair	O	0.06745059151806881	0.06702925883831531	-0.00042133267975349997	False
0	32	additive	CPA_0.8.8	primary_state_pair	D	0.06745059151806881	0.06745059151806881	0.0	False
0	32	additive	zero_effect	zero_effect_diagnostic	S	0.08063074752842903	0.08063074752842903	0.0	False
0	32	additive	zero_effect	zero_effect_diagnostic	M	0.08063074752842903	0.08063074752842901	-1.3877787807814457e-17	False
0	32	additive	zero_effect	zero_effect_diagnostic	P	0.08063074752842903	0.07340792953943581	-0.007222817988993213	False
0	32	additive	zero_effect	zero_effect_diagnostic	O	0.08063074752842903	0.07340792953943581	-0.007222817988993213	False
0	32	additive	zero_effect	zero_effect_diagnostic	D	0.08063074752842903	0.07340792953943581	-0.007222817988993213	False
0	32	compositional_ridge	CPA_0.8.8	primary_state_pair	S	0.06824182758299413	0.06824182758299413	0.0	False
0	32	compositional_ridge	CPA_0.8.8	primary_state_pair	M	0.06824182758299413	0.06824182758299413	0.0	False
0	32	compositional_ridge	CPA_0.8.8	primary_state_pair	P	0.06824182758299413	0.06866316026274759	0.00042133267975345834	False
0	32	compositional_ridge	CPA_0.8.8	primary_state_pair	O	0.06824182758299413	0.06782049490324063	-0.00042133267975349997	False
0	32	compositional_ridge	CPA_0.8.8	primary_state_pair	D	0.06824182758299413	0.06824182758299413	0.0	False
0	32	compositional_ridge	zero_effect	zero_effect_diagnostic	S	0.08142198359335434	0.08142198359335434	0.0	False
0	32	compositional_ridge	zero_effect	zero_effect_diagnostic	M	0.08142198359335434	0.08142198359335434	0.0	False
0	32	compositional_ridge	zero_effect	zero_effect_diagnostic	P	0.08142198359335434	0.07419916560436113	-0.007222817988993213	False
0	32	compositional_ridge	zero_effect	zero_effect_diagnostic	O	0.08142198359335434	0.07419916560436113	-0.007222817988993213	False
0	32	compositional_ridge	zero_effect	zero_effect_diagnostic	D	0.08142198359335434	0.07419916560436113	-0.007222817988993213	False
0	32	CPA_0.8.8	zero_effect	zero_effect_diagnostic	S	0.013180156010360211	0.013180156010360211	0.0	False
0	32	CPA_0.8.8	zero_effect	zero_effect_diagnostic	M	0.013180156010360211	0.013180156010360197	-1.3877787807814457e-17	False
0	32	CPA_0.8.8	zero_effect	zero_effect_diagnostic	P	0.013180156010360211	0.00553600534161354	-0.0076441506687466715	False
0	32	CPA_0.8.8	zero_effect	zero_effect_diagnostic	O	0.013180156010360211	0.006378670701120498	-0.006801485309239713	False
0	32	CPA_0.8.8	zero_effect	zero_effect_diagnostic	D	0.013180156010360211	0.005957338021366998	-0.007222817988993213	False
0	64	additive	compositional_ridge	primary_state_pair	S	-0.0007912360649253228	-0.0007912360649253228	0.0	False
0	64	additive	compositional_ridge	primary_state_pair	M	-0.0007912360649253228	-0.0007912360649253228	0.0	False
0	64	additive	compositional_ridge	primary_state_pair	P	-0.0007912360649253228	-0.0007912360649253193	3.469446951953614e-18	False
0	64	additive	compositional_ridge	primary_state_pair	O	-0.0007912360649253228	-0.0007912360649253193	3.469446951953614e-18	False
0	64	additive	compositional_ridge	primary_state_pair	D	-0.0007912360649253228	-0.0007912360649253193	3.469446951953614e-18	False
0	64	additive	CPA_0.8.8	primary_state_pair	S	0.06682857525032614	0.06682857525032614	0.0	False
0	64	additive	CPA_0.8.8	primary_state_pair	M	0.06682857525032614	0.06682857525032614	0.0	False
0	64	additive	CPA_0.8.8	primary_state_pair	P	0.06682857525032614	0.067070325482019	0.00024175023169285825	False
0	64	additive	CPA_0.8.8	primary_state_pair	O	0.06682857525032614	0.06658682501863333	-0.00024175023169280274	False
0	64	additive	CPA_0.8.8	primary_state_pair	D	0.06682857525032614	0.06682857525032612	-1.3877787807814457e-17	False
0	64	additive	zero_effect	zero_effect_diagnostic	S	0.0784169209437108	0.0784169209437108	0.0	False
0	64	additive	zero_effect	zero_effect_diagnostic	M	0.0784169209437108	0.07841692094371079	-1.3877787807814457e-17	False
0	64	additive	zero_effect	zero_effect_diagnostic	P	0.0784169209437108	0.07476993452002031	-0.0036469864236904903	False
0	64	additive	zero_effect	zero_effect_diagnostic	O	0.0784169209437108	0.07476993452002031	-0.0036469864236904903	False
0	64	additive	zero_effect	zero_effect_diagnostic	D	0.0784169209437108	0.07476993452002031	-0.0036469864236904903	False
0	64	compositional_ridge	CPA_0.8.8	primary_state_pair	S	0.06761981131525147	0.06761981131525147	0.0	False
0	64	compositional_ridge	CPA_0.8.8	primary_state_pair	M	0.06761981131525147	0.06761981131525147	0.0	False
0	64	compositional_ridge	CPA_0.8.8	primary_state_pair	P	0.06761981131525147	0.06786156154694431	0.00024175023169284438	False
0	64	compositional_ridge	CPA_0.8.8	primary_state_pair	O	0.06761981131525147	0.06737806108355865	-0.00024175023169281662	False
0	64	compositional_ridge	CPA_0.8.8	primary_state_pair	D	0.06761981131525147	0.06761981131525145	-1.3877787807814457e-17	False
0	64	compositional_ridge	zero_effect	zero_effect_diagnostic	S	0.07920815700863612	0.07920815700863612	0.0	False
0	64	compositional_ridge	zero_effect	zero_effect_diagnostic	M	0.07920815700863612	0.07920815700863612	0.0	False
0	64	compositional_ridge	zero_effect	zero_effect_diagnostic	P	0.07920815700863612	0.07556117058494564	-0.0036469864236904764	False
0	64	compositional_ridge	zero_effect	zero_effect_diagnostic	O	0.07920815700863612	0.07556117058494564	-0.0036469864236904764	False
0	64	compositional_ridge	zero_effect	zero_effect_diagnostic	D	0.07920815700863612	0.07556117058494564	-0.0036469864236904764	False
0	64	CPA_0.8.8	zero_effect	zero_effect_diagnostic	S	0.011588345693384669	0.011588345693384669	0.0	False
0	64	CPA_0.8.8	zero_effect	zero_effect_diagnostic	M	0.011588345693384669	0.011588345693384655	-1.3877787807814457e-17	False
0	64	CPA_0.8.8	zero_effect	zero_effect_diagnostic	P	0.011588345693384669	0.007699609038001334	-0.0038887366553833347	False
0	64	CPA_0.8.8	zero_effect	zero_effect_diagnostic	O	0.011588345693384669	0.008183109501386995	-0.0034052361919976737	False
0	64	CPA_0.8.8	zero_effect	zero_effect_diagnostic	D	0.011588345693384669	0.007941359269694193	-0.0036469864236904764	False
0	128	additive	compositional_ridge	primary_state_pair	S	-0.0007912360649253228	-0.0007912360649253228	0.0	False
0	128	additive	compositional_ridge	primary_state_pair	M	-0.0007912360649253228	-0.0007912360649253228	0.0	False
0	128	additive	compositional_ridge	primary_state_pair	P	-0.0007912360649253228	-0.0007912360649253158	6.938893903907228e-18	False
0	128	additive	compositional_ridge	primary_state_pair	O	-0.0007912360649253228	-0.0007912360649253158	6.938893903907228e-18	False
0	128	additive	compositional_ridge	primary_state_pair	D	-0.0007912360649253228	-0.0007912360649253158	6.938893903907228e-18	False
0	128	additive	CPA_0.8.8	primary_state_pair	S	0.0656643028357085	0.0656643028357085	0.0	False
0	128	additive	CPA_0.8.8	primary_state_pair	M	0.0656643028357085	0.06566430283570848	-1.3877787807814457e-17	False
0	128	additive	CPA_0.8.8	primary_state_pair	P	0.0656643028357085	0.06580341090021713	0.00013910806450863344	False
0	128	additive	CPA_0.8.8	primary_state_pair	O	0.0656643028357085	0.06552519477119981	-0.00013910806450868896	False
0	128	additive	CPA_0.8.8	primary_state_pair	D	0.0656643028357085	0.06566430283570847	-2.7755575615628914e-17	False
0	128	additive	zero_effect	zero_effect_diagnostic	S	0.07650219982463183	0.07650219982463183	0.0	False
0	128	additive	zero_effect	zero_effect_diagnostic	M	0.07650219982463183	0.07650219982463183	0.0	False
0	128	additive	zero_effect	zero_effect_diagnostic	P	0.07650219982463183	0.0746364649059736	-0.0018657349186582267	False
0	128	additive	zero_effect	zero_effect_diagnostic	O	0.07650219982463183	0.0746364649059736	-0.0018657349186582267	False
0	128	additive	zero_effect	zero_effect_diagnostic	D	0.07650219982463183	0.0746364649059736	-0.0018657349186582267	False
0	128	compositional_ridge	CPA_0.8.8	primary_state_pair	S	0.06645553890063383	0.06645553890063383	0.0	False
0	128	compositional_ridge	CPA_0.8.8	primary_state_pair	M	0.06645553890063383	0.0664555389006338	-2.7755575615628914e-17	False
0	128	compositional_ridge	CPA_0.8.8	primary_state_pair	P	0.06645553890063383	0.06659464696514245	0.00013910806450861957	False
0	128	compositional_ridge	CPA_0.8.8	primary_state_pair	O	0.06645553890063383	0.06631643083612512	-0.00013910806450870283	False
0	128	compositional_ridge	CPA_0.8.8	primary_state_pair	D	0.06645553890063383	0.06645553890063378	-4.163336342344337e-17	False
0	128	compositional_ridge	zero_effect	zero_effect_diagnostic	S	0.07729343588955714	0.07729343588955714	0.0	False
0	128	compositional_ridge	zero_effect	zero_effect_diagnostic	M	0.07729343588955714	0.07729343588955714	0.0	False
0	128	compositional_ridge	zero_effect	zero_effect_diagnostic	P	0.07729343588955714	0.07542770097089892	-0.0018657349186582267	False
0	128	compositional_ridge	zero_effect	zero_effect_diagnostic	O	0.07729343588955714	0.07542770097089892	-0.0018657349186582267	False
0	128	compositional_ridge	zero_effect	zero_effect_diagnostic	D	0.07729343588955714	0.07542770097089892	-0.0018657349186582267	False
0	128	CPA_0.8.8	zero_effect	zero_effect_diagnostic	S	0.010837896988923332	0.010837896988923332	0.0	False
0	128	CPA_0.8.8	zero_effect	zero_effect_diagnostic	M	0.010837896988923332	0.010837896988923346	1.3877787807814457e-17	False
0	128	CPA_0.8.8	zero_effect	zero_effect_diagnostic	P	0.010837896988923332	0.008833054005756472	-0.00200484298316686	False
0	128	CPA_0.8.8	zero_effect	zero_effect_diagnostic	O	0.010837896988923332	0.009111270134773794	-0.0017266268541495378	False
0	128	CPA_0.8.8	zero_effect	zero_effect_diagnostic	D	0.010837896988923332	0.008972162070265133	-0.001865734918658199	False
0	135	additive	compositional_ridge	primary_state_pair	S	-0.0007912360649253228	-0.0007912360649253228	0.0	False
0	135	additive	compositional_ridge	primary_state_pair	M	-0.0007912360649253228	-0.0007912360649253228	0.0	False
0	135	additive	compositional_ridge	primary_state_pair	P	-0.0007912360649253228	-0.0007912360649253124	1.0408340855860843e-17	False
0	135	additive	compositional_ridge	primary_state_pair	O	-0.0007912360649253228	-0.0007912360649253124	1.0408340855860843e-17	False
0	135	additive	compositional_ridge	primary_state_pair	D	-0.0007912360649253228	-0.0007912360649253124	1.0408340855860843e-17	False
0	135	additive	CPA_0.8.8	primary_state_pair	S	0.06583112108177622	0.06583112108177622	0.0	False
0	135	additive	CPA_0.8.8	primary_state_pair	M	0.06583112108177622	0.0658311210817762	-1.3877787807814457e-17	False
0	135	additive	CPA_0.8.8	primary_state_pair	P	0.06583112108177622	0.06597585460686985	0.00014473352509362936	False
0	135	additive	CPA_0.8.8	primary_state_pair	O	0.06583112108177622	0.0656863875566826	-0.00014473352509361548	False
0	135	additive	CPA_0.8.8	primary_state_pair	D	0.06583112108177622	0.06583112108177624	2.7755575615628914e-17	False
0	135	additive	zero_effect	zero_effect_diagnostic	S	0.0767164793447113	0.0767164793447113	0.0	False
0	135	additive	zero_effect	zero_effect_diagnostic	M	0.0767164793447113	0.07671647934471128	-2.7755575615628914e-17	False
0	135	additive	zero_effect	zero_effect_diagnostic	P	0.0767164793447113	0.07491534800229098	-0.0018011313424203257	False
0	135	additive	zero_effect	zero_effect_diagnostic	O	0.0767164793447113	0.07491534800229098	-0.0018011313424203257	False
0	135	additive	zero_effect	zero_effect_diagnostic	D	0.0767164793447113	0.07491534800229098	-0.0018011313424203257	False
0	135	compositional_ridge	CPA_0.8.8	primary_state_pair	S	0.06662235714670153	0.06662235714670153	0.0	False
0	135	compositional_ridge	CPA_0.8.8	primary_state_pair	M	0.06662235714670153	0.06662235714670153	0.0	False
0	135	compositional_ridge	CPA_0.8.8	primary_state_pair	P	0.06662235714670153	0.06676709067179516	0.00014473352509362936	False
0	135	compositional_ridge	CPA_0.8.8	primary_state_pair	O	0.06662235714670153	0.06647762362160792	-0.00014473352509361548	False
0	135	compositional_ridge	CPA_0.8.8	primary_state_pair	D	0.06662235714670153	0.06662235714670156	2.7755575615628914e-17	False
0	135	compositional_ridge	zero_effect	zero_effect_diagnostic	S	0.07750771540963663	0.07750771540963663	0.0	False
0	135	compositional_ridge	zero_effect	zero_effect_diagnostic	M	0.07750771540963663	0.07750771540963661	-2.7755575615628914e-17	False
0	135	compositional_ridge	zero_effect	zero_effect_diagnostic	P	0.07750771540963663	0.0757065840672163	-0.0018011313424203396	False
0	135	compositional_ridge	zero_effect	zero_effect_diagnostic	O	0.07750771540963663	0.0757065840672163	-0.0018011313424203396	False
0	135	compositional_ridge	zero_effect	zero_effect_diagnostic	D	0.07750771540963663	0.0757065840672163	-0.0018011313424203396	False
0	135	CPA_0.8.8	zero_effect	zero_effect_diagnostic	S	0.010885358262935088	0.010885358262935088	0.0	False
0	135	CPA_0.8.8	zero_effect	zero_effect_diagnostic	M	0.010885358262935088	0.010885358262935074	-1.3877787807814457e-17	False
0	135	CPA_0.8.8	zero_effect	zero_effect_diagnostic	P	0.010885358262935088	0.008939493395421133	-0.001945864867513955	False
0	135	CPA_0.8.8	zero_effect	zero_effect_diagnostic	O	0.010885358262935088	0.009228960445608378	-0.0016563978173267102	False
0	135	CPA_0.8.8	zero_effect	zero_effect_diagnostic	D	0.010885358262935088	0.009084226920514735	-0.0018011313424203534	False
1	8	additive	compositional_ridge	primary_state_pair	S	-0.0007912360649253228	-0.0007912360649253228	0.0	False
1	8	additive	compositional_ridge	primary_state_pair	M	-0.0007912360649253228	-0.0007912360649253228	0.0	False
1	8	additive	compositional_ridge	primary_state_pair	P	-0.0007912360649253228	-0.0007912360649253436	-2.0816681711721685e-17	False
1	8	additive	compositional_ridge	primary_state_pair	O	-0.0007912360649253228	-0.0007912360649253436	-2.0816681711721685e-17	False
1	8	additive	compositional_ridge	primary_state_pair	D	-0.0007912360649253228	-0.0007912360649253436	-2.0816681711721685e-17	False
1	8	additive	CPA_0.8.8	primary_state_pair	S	0.06270559542201844	0.06270559542201844	0.0	False
1	8	additive	CPA_0.8.8	primary_state_pair	M	0.06270559542201844	0.06270559542201844	0.0	False
1	8	additive	CPA_0.8.8	primary_state_pair	P	0.06270559542201844	0.06634873248023465	0.0036431370582162143	False
1	8	additive	CPA_0.8.8	primary_state_pair	O	0.06270559542201844	0.05906245836380223	-0.0036431370582162073	False
1	8	additive	CPA_0.8.8	primary_state_pair	D	0.06270559542201844	0.06270559542201842	-1.3877787807814457e-17	False
1	8	additive	zero_effect	zero_effect_diagnostic	S	0.08649348983929454	0.08649348983929454	0.0	False
1	8	additive	zero_effect	zero_effect_diagnostic	M	0.08649348983929454	0.08649348983929454	0.0	False
1	8	additive	zero_effect	zero_effect_diagnostic	P	0.08649348983929454	0.054533519123939424	-0.03195997071535512	False
1	8	additive	zero_effect	zero_effect_diagnostic	O	0.08649348983929454	0.054533519123939424	-0.03195997071535512	False
1	8	additive	zero_effect	zero_effect_diagnostic	D	0.08649348983929454	0.054533519123939424	-0.03195997071535512	False
1	8	compositional_ridge	CPA_0.8.8	primary_state_pair	S	0.06349683148694377	0.06349683148694377	0.0	False
1	8	compositional_ridge	CPA_0.8.8	primary_state_pair	M	0.06349683148694377	0.06349683148694377	0.0	False
1	8	compositional_ridge	CPA_0.8.8	primary_state_pair	P	0.06349683148694377	0.06713996854516	0.003643137058216228	False
1	8	compositional_ridge	CPA_0.8.8	primary_state_pair	O	0.06349683148694377	0.05985369442872757	-0.0036431370582161934	False
1	8	compositional_ridge	CPA_0.8.8	primary_state_pair	D	0.06349683148694377	0.06349683148694377	0.0	False
1	8	compositional_ridge	zero_effect	zero_effect_diagnostic	S	0.08728472590421987	0.08728472590421987	0.0	False
1	8	compositional_ridge	zero_effect	zero_effect_diagnostic	M	0.08728472590421987	0.08728472590421987	0.0	False
1	8	compositional_ridge	zero_effect	zero_effect_diagnostic	P	0.08728472590421987	0.05532475518886477	-0.031959970715355106	False
1	8	compositional_ridge	zero_effect	zero_effect_diagnostic	O	0.08728472590421987	0.05532475518886477	-0.031959970715355106	False
1	8	compositional_ridge	zero_effect	zero_effect_diagnostic	D	0.08728472590421987	0.05532475518886477	-0.031959970715355106	False
1	8	CPA_0.8.8	zero_effect	zero_effect_diagnostic	S	0.023787894417276106	0.023787894417276106	0.0	False
1	8	CPA_0.8.8	zero_effect	zero_effect_diagnostic	M	0.023787894417276106	0.023787894417276106	0.0	False
1	8	CPA_0.8.8	zero_effect	zero_effect_diagnostic	P	0.023787894417276106	-0.01181521335629522	-0.03560310777357133	True
1	8	CPA_0.8.8	zero_effect	zero_effect_diagnostic	O	0.023787894417276106	-0.004528939239862806	-0.028316833657138912	True
1	8	CPA_0.8.8	zero_effect	zero_effect_diagnostic	D	0.023787894417276106	-0.008172076298079006	-0.03195997071535511	True
1	16	additive	compositional_ridge	primary_state_pair	S	-0.0007912360649253228	-0.0007912360649253228	0.0	False
1	16	additive	compositional_ridge	primary_state_pair	M	-0.0007912360649253228	-0.0007912360649253228	0.0	False
1	16	additive	compositional_ridge	primary_state_pair	P	-0.0007912360649253228	-0.000791236064925302	2.0816681711721685e-17	False
1	16	additive	compositional_ridge	primary_state_pair	O	-0.0007912360649253228	-0.000791236064925302	2.0816681711721685e-17	False
1	16	additive	compositional_ridge	primary_state_pair	D	-0.0007912360649253228	-0.000791236064925302	2.0816681711721685e-17	False
1	16	additive	CPA_0.8.8	primary_state_pair	S	0.06482113824989162	0.06482113824989162	0.0	False
1	16	additive	CPA_0.8.8	primary_state_pair	M	0.06482113824989162	0.06482113824989162	0.0	False
1	16	additive	CPA_0.8.8	primary_state_pair	P	0.06482113824989162	0.06699091215096858	0.002169773901076963	False
1	16	additive	CPA_0.8.8	primary_state_pair	O	0.06482113824989162	0.0626513643488147	-0.0021697739010769213	False
1	16	additive	CPA_0.8.8	primary_state_pair	D	0.06482113824989162	0.06482113824989166	4.163336342344337e-17	False
1	16	additive	zero_effect	zero_effect_diagnostic	S	0.08195210040882948	0.08195210040882948	0.0	False
1	16	additive	zero_effect	zero_effect_diagnostic	M	0.08195210040882948	0.08195210040882948	0.0	False
1	16	additive	zero_effect	zero_effect_diagnostic	P	0.08195210040882948	0.06610531308712304	-0.01584678732170644	False
1	16	additive	zero_effect	zero_effect_diagnostic	O	0.08195210040882948	0.06610531308712304	-0.01584678732170644	False
1	16	additive	zero_effect	zero_effect_diagnostic	D	0.08195210040882948	0.06610531308712304	-0.01584678732170644	False
1	16	compositional_ridge	CPA_0.8.8	primary_state_pair	S	0.06561237431481695	0.06561237431481695	0.0	False
1	16	compositional_ridge	CPA_0.8.8	primary_state_pair	M	0.06561237431481695	0.06561237431481695	0.0	False
1	16	compositional_ridge	CPA_0.8.8	primary_state_pair	P	0.06561237431481695	0.06778214821589389	0.002169773901076935	False
1	16	compositional_ridge	CPA_0.8.8	primary_state_pair	O	0.06561237431481695	0.06344260041374	-0.002169773901076949	False
1	16	compositional_ridge	CPA_0.8.8	primary_state_pair	D	0.06561237431481695	0.06561237431481697	1.3877787807814457e-17	False
1	16	compositional_ridge	zero_effect	zero_effect_diagnostic	S	0.08274333647375481	0.08274333647375481	0.0	False
1	16	compositional_ridge	zero_effect	zero_effect_diagnostic	M	0.08274333647375481	0.08274333647375481	0.0	False
1	16	compositional_ridge	zero_effect	zero_effect_diagnostic	P	0.08274333647375481	0.06689654915204835	-0.015846787321706468	False
1	16	compositional_ridge	zero_effect	zero_effect_diagnostic	O	0.08274333647375481	0.06689654915204835	-0.015846787321706468	False
1	16	compositional_ridge	zero_effect	zero_effect_diagnostic	D	0.08274333647375481	0.06689654915204835	-0.015846787321706468	False
1	16	CPA_0.8.8	zero_effect	zero_effect_diagnostic	S	0.017130962158937862	0.017130962158937862	0.0	False
1	16	CPA_0.8.8	zero_effect	zero_effect_diagnostic	M	0.017130962158937862	0.017130962158937862	0.0	False
1	16	CPA_0.8.8	zero_effect	zero_effect_diagnostic	P	0.017130962158937862	-0.0008855990638455408	-0.018016561222783403	True
1	16	CPA_0.8.8	zero_effect	zero_effect_diagnostic	O	0.017130962158937862	0.0034539487383083434	-0.013677013420629519	False
1	16	CPA_0.8.8	zero_effect	zero_effect_diagnostic	D	0.017130962158937862	0.0012841748372313805	-0.015846787321706482	False
1	32	additive	compositional_ridge	primary_state_pair	S	-0.0007912360649253228	-0.0007912360649253228	0.0	False
1	32	additive	compositional_ridge	primary_state_pair	M	-0.0007912360649253228	-0.0007912360649253228	0.0	False
1	32	additive	compositional_ridge	primary_state_pair	P	-0.0007912360649253228	-0.0007912360649253367	-1.3877787807814457e-17	False
1	32	additive	compositional_ridge	primary_state_pair	O	-0.0007912360649253228	-0.0007912360649253367	-1.3877787807814457e-17	False
1	32	additive	compositional_ridge	primary_state_pair	D	-0.0007912360649253228	-0.0007912360649253367	-1.3877787807814457e-17	False
1	32	additive	CPA_0.8.8	primary_state_pair	S	0.062484962629114627	0.062484962629114627	0.0	False
1	32	additive	CPA_0.8.8	primary_state_pair	M	0.062484962629114627	0.062484962629114627	0.0	False
1	32	additive	CPA_0.8.8	primary_state_pair	P	0.062484962629114627	0.06390935297383643	0.0014243903447218043	False
1	32	additive	CPA_0.8.8	primary_state_pair	O	0.062484962629114627	0.06106057228439279	-0.001424390344721839	False
1	32	additive	CPA_0.8.8	primary_state_pair	D	0.062484962629114627	0.06248496262911463	6.938893903907228e-18	False
1	32	additive	zero_effect	zero_effect_diagnostic	S	0.07596515811811404	0.07596515811811404	0.0	False
1	32	additive	zero_effect	zero_effect_diagnostic	M	0.07596515811811404	0.07596515811811404	0.0	False
1	32	additive	zero_effect	zero_effect_diagnostic	P	0.07596515811811404	0.06756514959406151	-0.008400008524052524	False
1	32	additive	zero_effect	zero_effect_diagnostic	O	0.07596515811811404	0.06756514959406151	-0.008400008524052524	False
1	32	additive	zero_effect	zero_effect_diagnostic	D	0.07596515811811404	0.06756514959406151	-0.008400008524052524	False
1	32	compositional_ridge	CPA_0.8.8	primary_state_pair	S	0.06327619869403994	0.06327619869403994	0.0	False
1	32	compositional_ridge	CPA_0.8.8	primary_state_pair	M	0.06327619869403994	0.06327619869403994	0.0	False
1	32	compositional_ridge	CPA_0.8.8	primary_state_pair	P	0.06327619869403994	0.06470058903876176	0.0014243903447218181	False
1	32	compositional_ridge	CPA_0.8.8	primary_state_pair	O	0.06327619869403994	0.061851808349318124	-0.0014243903447218181	False
1	32	compositional_ridge	CPA_0.8.8	primary_state_pair	D	0.06327619869403994	0.06327619869403997	2.7755575615628914e-17	False
1	32	compositional_ridge	zero_effect	zero_effect_diagnostic	S	0.07675639418303937	0.07675639418303937	0.0	False
1	32	compositional_ridge	zero_effect	zero_effect_diagnostic	M	0.07675639418303937	0.07675639418303937	0.0	False
1	32	compositional_ridge	zero_effect	zero_effect_diagnostic	P	0.07675639418303937	0.06835638565898684	-0.008400008524052524	False
1	32	compositional_ridge	zero_effect	zero_effect_diagnostic	O	0.07675639418303937	0.06835638565898684	-0.008400008524052524	False
1	32	compositional_ridge	zero_effect	zero_effect_diagnostic	D	0.07675639418303937	0.06835638565898684	-0.008400008524052524	False
1	32	CPA_0.8.8	zero_effect	zero_effect_diagnostic	S	0.01348019548899941	0.01348019548899941	0.0	False
1	32	CPA_0.8.8	zero_effect	zero_effect_diagnostic	M	0.01348019548899941	0.01348019548899941	0.0	False
1	32	CPA_0.8.8	zero_effect	zero_effect_diagnostic	P	0.01348019548899941	0.0036557966202250824	-0.009824398868774328	False
1	32	CPA_0.8.8	zero_effect	zero_effect_diagnostic	O	0.01348019548899941	0.006504577309668719	-0.006975618179330692	False
1	32	CPA_0.8.8	zero_effect	zero_effect_diagnostic	D	0.01348019548899941	0.005080186964946873	-0.008400008524052538	False
1	64	additive	compositional_ridge	primary_state_pair	S	-0.0007912360649253228	-0.0007912360649253228	0.0	False
1	64	additive	compositional_ridge	primary_state_pair	M	-0.0007912360649253228	-0.0007912360649253228	0.0	False
1	64	additive	compositional_ridge	primary_state_pair	P	-0.0007912360649253228	-0.0007912360649253089	1.3877787807814457e-17	False
1	64	additive	compositional_ridge	primary_state_pair	O	-0.0007912360649253228	-0.0007912360649253089	1.3877787807814457e-17	False
1	64	additive	compositional_ridge	primary_state_pair	D	-0.0007912360649253228	-0.0007912360649253089	1.3877787807814457e-17	False
1	64	additive	CPA_0.8.8	primary_state_pair	S	0.06579593233089656	0.06579593233089656	0.0	False
1	64	additive	CPA_0.8.8	primary_state_pair	M	0.06579593233089656	0.06579593233089656	0.0	False
1	64	additive	CPA_0.8.8	primary_state_pair	P	0.06579593233089656	0.06619609758751654	0.00040016525661998315	False
1	64	additive	CPA_0.8.8	primary_state_pair	O	0.06579593233089656	0.06539576707427654	-0.0004001652566200248	False
1	64	additive	CPA_0.8.8	primary_state_pair	D	0.06579593233089656	0.06579593233089656	0.0	False
1	64	additive	zero_effect	zero_effect_diagnostic	S	0.07743698022169233	0.07743698022169233	0.0	False
1	64	additive	zero_effect	zero_effect_diagnostic	M	0.07743698022169233	0.07743698022169238	4.163336342344337e-17	False
1	64	additive	zero_effect	zero_effect_diagnostic	P	0.07743698022169233	0.07364416179655808	-0.0037928184251342506	False
1	64	additive	zero_effect	zero_effect_diagnostic	O	0.07743698022169233	0.07364416179655808	-0.0037928184251342506	False
1	64	additive	zero_effect	zero_effect_diagnostic	D	0.07743698022169233	0.07364416179655808	-0.0037928184251342506	False
1	64	compositional_ridge	CPA_0.8.8	primary_state_pair	S	0.06658716839582188	0.06658716839582188	0.0	False
1	64	compositional_ridge	CPA_0.8.8	primary_state_pair	M	0.06658716839582188	0.06658716839582188	0.0	False
1	64	compositional_ridge	CPA_0.8.8	primary_state_pair	P	0.06658716839582188	0.06698733365244186	0.00040016525661998315	False
1	64	compositional_ridge	CPA_0.8.8	primary_state_pair	O	0.06658716839582188	0.06618700313920184	-0.00040016525662003866	False
1	64	compositional_ridge	CPA_0.8.8	primary_state_pair	D	0.06658716839582188	0.06658716839582188	0.0	False
1	64	compositional_ridge	zero_effect	zero_effect_diagnostic	S	0.07822821628661766	0.07822821628661766	0.0	False
1	64	compositional_ridge	zero_effect	zero_effect_diagnostic	M	0.07822821628661766	0.07822821628661769	2.7755575615628914e-17	False
1	64	compositional_ridge	zero_effect	zero_effect_diagnostic	P	0.07822821628661766	0.0744353978614834	-0.0037928184251342645	False
1	64	compositional_ridge	zero_effect	zero_effect_diagnostic	O	0.07822821628661766	0.0744353978614834	-0.0037928184251342645	False
1	64	compositional_ridge	zero_effect	zero_effect_diagnostic	D	0.07822821628661766	0.0744353978614834	-0.0037928184251342645	False
1	64	CPA_0.8.8	zero_effect	zero_effect_diagnostic	S	0.011641047890795772	0.011641047890795772	0.0	False
1	64	CPA_0.8.8	zero_effect	zero_effect_diagnostic	M	0.011641047890795772	0.011641047890795814	4.163336342344337e-17	False
1	64	CPA_0.8.8	zero_effect	zero_effect_diagnostic	P	0.011641047890795772	0.007448064209041538	-0.004192983681754234	False
1	64	CPA_0.8.8	zero_effect	zero_effect_diagnostic	O	0.011641047890795772	0.008248394722281546	-0.003392653168514226	False
1	64	CPA_0.8.8	zero_effect	zero_effect_diagnostic	D	0.011641047890795772	0.007848229465661521	-0.0037928184251342506	False
1	128	additive	compositional_ridge	primary_state_pair	S	-0.0007912360649253228	-0.0007912360649253228	0.0	False
1	128	additive	compositional_ridge	primary_state_pair	M	-0.0007912360649253228	-0.0007912360649253228	0.0	False
1	128	additive	compositional_ridge	primary_state_pair	P	-0.0007912360649253228	-0.0007912360649253228	0.0	False
1	128	additive	compositional_ridge	primary_state_pair	O	-0.0007912360649253228	-0.0007912360649253228	0.0	False
1	128	additive	compositional_ridge	primary_state_pair	D	-0.0007912360649253228	-0.0007912360649253228	0.0	False
1	128	additive	CPA_0.8.8	primary_state_pair	S	0.06695843593578309	0.06695843593578309	0.0	False
1	128	additive	CPA_0.8.8	primary_state_pair	M	0.06695843593578309	0.06695843593578309	0.0	False
1	128	additive	CPA_0.8.8	primary_state_pair	P	0.06695843593578309	0.0672013573403317	0.00024292140454861	False
1	128	additive	CPA_0.8.8	primary_state_pair	O	0.06695843593578309	0.06671551453123445	-0.00024292140454863775	False
1	128	additive	CPA_0.8.8	primary_state_pair	D	0.06695843593578309	0.06695843593578307	-1.3877787807814457e-17	False
1	128	additive	zero_effect	zero_effect_diagnostic	S	0.07784248540278327	0.07784248540278327	0.0	False
1	128	additive	zero_effect	zero_effect_diagnostic	M	0.07784248540278327	0.07784248540278327	0.0	False
1	128	additive	zero_effect	zero_effect_diagnostic	P	0.07784248540278327	0.07591544910766165	-0.0019270362951216147	False
1	128	additive	zero_effect	zero_effect_diagnostic	O	0.07784248540278327	0.07591544910766165	-0.0019270362951216147	False
1	128	additive	zero_effect	zero_effect_diagnostic	D	0.07784248540278327	0.07591544910766165	-0.0019270362951216147	False
1	128	compositional_ridge	CPA_0.8.8	primary_state_pair	S	0.06774967200070842	0.06774967200070842	0.0	False
1	128	compositional_ridge	CPA_0.8.8	primary_state_pair	M	0.06774967200070842	0.06774967200070842	0.0	False
1	128	compositional_ridge	CPA_0.8.8	primary_state_pair	P	0.06774967200070842	0.06799259340525703	0.00024292140454861	False
1	128	compositional_ridge	CPA_0.8.8	primary_state_pair	O	0.06774967200070842	0.06750675059615976	-0.00024292140454865163	False
1	128	compositional_ridge	CPA_0.8.8	primary_state_pair	D	0.06774967200070842	0.0677496720007084	-1.3877787807814457e-17	False
1	128	compositional_ridge	zero_effect	zero_effect_diagnostic	S	0.07863372146770858	0.07863372146770858	0.0	False
1	128	compositional_ridge	zero_effect	zero_effect_diagnostic	M	0.07863372146770858	0.07863372146770858	0.0	False
1	128	compositional_ridge	zero_effect	zero_effect_diagnostic	P	0.07863372146770858	0.07670668517258697	-0.0019270362951216147	False
1	128	compositional_ridge	zero_effect	zero_effect_diagnostic	O	0.07863372146770858	0.07670668517258697	-0.0019270362951216147	False
1	128	compositional_ridge	zero_effect	zero_effect_diagnostic	D	0.07863372146770858	0.07670668517258697	-0.0019270362951216147	False
1	128	CPA_0.8.8	zero_effect	zero_effect_diagnostic	S	0.010884049467000181	0.010884049467000181	0.0	False
1	128	CPA_0.8.8	zero_effect	zero_effect_diagnostic	M	0.010884049467000181	0.010884049467000181	0.0	False
1	128	CPA_0.8.8	zero_effect	zero_effect_diagnostic	P	0.010884049467000181	0.008714091767329943	-0.0021699576996702385	False
1	128	CPA_0.8.8	zero_effect	zero_effect_diagnostic	O	0.010884049467000181	0.009199934576427204	-0.001684114890572977	False
1	128	CPA_0.8.8	zero_effect	zero_effect_diagnostic	D	0.010884049467000181	0.008957013171878567	-0.0019270362951216147	False
1	135	additive	compositional_ridge	primary_state_pair	S	-0.0007912360649253228	-0.0007912360649253228	0.0	False
1	135	additive	compositional_ridge	primary_state_pair	M	-0.0007912360649253228	-0.0007912360649253228	0.0	False
1	135	additive	compositional_ridge	primary_state_pair	P	-0.0007912360649253228	-0.0007912360649253124	1.0408340855860843e-17	False
1	135	additive	compositional_ridge	primary_state_pair	O	-0.0007912360649253228	-0.0007912360649253124	1.0408340855860843e-17	False
1	135	additive	compositional_ridge	primary_state_pair	D	-0.0007912360649253228	-0.0007912360649253124	1.0408340855860843e-17	False
1	135	additive	CPA_0.8.8	primary_state_pair	S	0.06668595308586374	0.06668595308586374	0.0	False
1	135	additive	CPA_0.8.8	primary_state_pair	M	0.06668595308586374	0.06668595308586373	-1.3877787807814457e-17	False
1	135	additive	CPA_0.8.8	primary_state_pair	P	0.06668595308586374	0.0669598520295489	0.0002738989436851663	False
1	135	additive	CPA_0.8.8	primary_state_pair	O	0.06668595308586374	0.0664120541421786	-0.00027389894368513856	False
1	135	additive	CPA_0.8.8	primary_state_pair	D	0.06668595308586374	0.06668595308586378	4.163336342344337e-17	False
1	135	additive	zero_effect	zero_effect_diagnostic	S	0.077582116887114	0.077582116887114	0.0	False
1	135	additive	zero_effect	zero_effect_diagnostic	M	0.077582116887114	0.077582116887114	0.0	False
1	135	additive	zero_effect	zero_effect_diagnostic	P	0.077582116887114	0.07570527682206854	-0.0018768400650454597	False
1	135	additive	zero_effect	zero_effect_diagnostic	O	0.077582116887114	0.07570527682206854	-0.0018768400650454597	False
1	135	additive	zero_effect	zero_effect_diagnostic	D	0.077582116887114	0.07570527682206854	-0.0018768400650454597	False
1	135	compositional_ridge	CPA_0.8.8	primary_state_pair	S	0.06747718915078907	0.06747718915078907	0.0	False
1	135	compositional_ridge	CPA_0.8.8	primary_state_pair	M	0.06747718915078907	0.06747718915078904	-2.7755575615628914e-17	False
1	135	compositional_ridge	CPA_0.8.8	primary_state_pair	P	0.06747718915078907	0.06775108809447422	0.00027389894368515244	False
1	135	compositional_ridge	CPA_0.8.8	primary_state_pair	O	0.06747718915078907	0.0672032902071039	-0.0002738989436851663	False
1	135	compositional_ridge	CPA_0.8.8	primary_state_pair	D	0.06747718915078907	0.06747718915078908	1.3877787807814457e-17	False
1	135	compositional_ridge	zero_effect	zero_effect_diagnostic	S	0.07837335295203932	0.07837335295203932	0.0	False
1	135	compositional_ridge	zero_effect	zero_effect_diagnostic	M	0.07837335295203932	0.07837335295203932	0.0	False
1	135	compositional_ridge	zero_effect	zero_effect_diagnostic	P	0.07837335295203932	0.07649651288699384	-0.0018768400650454736	False
1	135	compositional_ridge	zero_effect	zero_effect_diagnostic	O	0.07837335295203932	0.07649651288699384	-0.0018768400650454736	False
1	135	compositional_ridge	zero_effect	zero_effect_diagnostic	D	0.07837335295203932	0.07649651288699384	-0.0018768400650454736	False
1	135	CPA_0.8.8	zero_effect	zero_effect_diagnostic	S	0.010896163801250261	0.010896163801250261	0.0	False
1	135	CPA_0.8.8	zero_effect	zero_effect_diagnostic	M	0.010896163801250261	0.010896163801250275	1.3877787807814457e-17	False
1	135	CPA_0.8.8	zero_effect	zero_effect_diagnostic	P	0.010896163801250261	0.008745424792519621	-0.00215073900873064	False
1	135	CPA_0.8.8	zero_effect	zero_effect_diagnostic	O	0.010896163801250261	0.00929322267988994	-0.0016029411213603212	False
1	135	CPA_0.8.8	zero_effect	zero_effect_diagnostic	D	0.010896163801250261	0.00901932373620476	-0.0018768400650455014	False
2	8	additive	compositional_ridge	primary_state_pair	S	-0.0007912360649253228	-0.0007912360649253228	0.0	False
2	8	additive	compositional_ridge	primary_state_pair	M	-0.0007912360649253228	-0.0007912360649253228	0.0	False
2	8	additive	compositional_ridge	primary_state_pair	P	-0.0007912360649253228	-0.0007912360649253228	0.0	False
2	8	additive	compositional_ridge	primary_state_pair	O	-0.0007912360649253228	-0.0007912360649253228	0.0	False
2	8	additive	compositional_ridge	primary_state_pair	D	-0.0007912360649253228	-0.0007912360649253228	0.0	False
2	8	additive	CPA_0.8.8	primary_state_pair	S	0.07649236129720306	0.07649236129720306	0.0	False
2	8	additive	CPA_0.8.8	primary_state_pair	M	0.07649236129720306	0.07649236129720306	0.0	False
2	8	additive	CPA_0.8.8	primary_state_pair	P	0.07649236129720306	0.07992281508510077	0.0034304537878977054	False
2	8	additive	CPA_0.8.8	primary_state_pair	O	0.07649236129720306	0.07306190750930533	-0.003430453787897733	False
2	8	additive	CPA_0.8.8	primary_state_pair	D	0.07649236129720306	0.07649236129720302	-4.163336342344337e-17	False
2	8	additive	zero_effect	zero_effect_diagnostic	S	0.10100897979500717	0.10100897979500717	0.0	False
2	8	additive	zero_effect	zero_effect_diagnostic	M	0.10100897979500717	0.1010089797950072	2.7755575615628914e-17	False
2	8	additive	zero_effect	zero_effect_diagnostic	P	0.10100897979500717	0.06944922452337701	-0.03155975527163016	False
2	8	additive	zero_effect	zero_effect_diagnostic	O	0.10100897979500717	0.06944922452337701	-0.03155975527163016	False
2	8	additive	zero_effect	zero_effect_diagnostic	D	0.10100897979500717	0.06944922452337701	-0.03155975527163016	False
2	8	compositional_ridge	CPA_0.8.8	primary_state_pair	S	0.07728359736212839	0.07728359736212839	0.0	False
2	8	compositional_ridge	CPA_0.8.8	primary_state_pair	M	0.07728359736212839	0.07728359736212839	0.0	False
2	8	compositional_ridge	CPA_0.8.8	primary_state_pair	P	0.07728359736212839	0.08071405115002608	0.0034304537878976915	False
2	8	compositional_ridge	CPA_0.8.8	primary_state_pair	O	0.07728359736212839	0.07385314357423065	-0.003430453787897747	False
2	8	compositional_ridge	CPA_0.8.8	primary_state_pair	D	0.07728359736212839	0.07728359736212834	-5.551115123125783e-17	False
2	8	compositional_ridge	zero_effect	zero_effect_diagnostic	S	0.10180021585993249	0.10180021585993249	0.0	False
2	8	compositional_ridge	zero_effect	zero_effect_diagnostic	M	0.10180021585993249	0.10180021585993251	2.7755575615628914e-17	False
2	8	compositional_ridge	zero_effect	zero_effect_diagnostic	P	0.10180021585993249	0.07024046058830233	-0.03155975527163016	False
2	8	compositional_ridge	zero_effect	zero_effect_diagnostic	O	0.10180021585993249	0.07024046058830233	-0.03155975527163016	False
2	8	compositional_ridge	zero_effect	zero_effect_diagnostic	D	0.10180021585993249	0.07024046058830233	-0.03155975527163016	False
2	8	CPA_0.8.8	zero_effect	zero_effect_diagnostic	S	0.024516618497804107	0.024516618497804107	0.0	False
2	8	CPA_0.8.8	zero_effect	zero_effect_diagnostic	M	0.024516618497804107	0.024516618497804135	2.7755575615628914e-17	False
2	8	CPA_0.8.8	zero_effect	zero_effect_diagnostic	P	0.024516618497804107	-0.010473590561723756	-0.03499020905952786	True
2	8	CPA_0.8.8	zero_effect	zero_effect_diagnostic	O	0.024516618497804107	-0.003612682985928317	-0.028129301483732425	True
2	8	CPA_0.8.8	zero_effect	zero_effect_diagnostic	D	0.024516618497804107	-0.007043136773826009	-0.031559755271630116	True
2	16	additive	compositional_ridge	primary_state_pair	S	-0.0007912360649253228	-0.0007912360649253228	0.0	False
2	16	additive	compositional_ridge	primary_state_pair	M	-0.0007912360649253228	-0.0007912360649253228	0.0	False
2	16	additive	compositional_ridge	primary_state_pair	P	-0.0007912360649253228	-0.0007912360649253436	-2.0816681711721685e-17	False
2	16	additive	compositional_ridge	primary_state_pair	O	-0.0007912360649253228	-0.0007912360649253436	-2.0816681711721685e-17	False
2	16	additive	compositional_ridge	primary_state_pair	D	-0.0007912360649253228	-0.0007912360649253436	-2.0816681711721685e-17	False
2	16	additive	CPA_0.8.8	primary_state_pair	S	0.0699887228817528	0.0699887228817528	0.0	False
2	16	additive	CPA_0.8.8	primary_state_pair	M	0.0699887228817528	0.0699887228817528	0.0	False
2	16	additive	CPA_0.8.8	primary_state_pair	P	0.0699887228817528	0.07146604218819079	0.0014773193064379908	False
2	16	additive	CPA_0.8.8	primary_state_pair	O	0.0699887228817528	0.0685114035753148	-0.0014773193064380047	False
2	16	additive	CPA_0.8.8	primary_state_pair	D	0.0699887228817528	0.06998872288175285	5.551115123125783e-17	False
2	16	additive	zero_effect	zero_effect_diagnostic	S	0.08756949065969061	0.08756949065969061	0.0	False
2	16	additive	zero_effect	zero_effect_diagnostic	M	0.08756949065969061	0.0875694906596906	-1.3877787807814457e-17	False
2	16	additive	zero_effect	zero_effect_diagnostic	P	0.08756949065969061	0.0718867695295281	-0.015682721130162502	False
2	16	additive	zero_effect	zero_effect_diagnostic	O	0.08756949065969061	0.0718867695295281	-0.015682721130162502	False
2	16	additive	zero_effect	zero_effect_diagnostic	D	0.08756949065969061	0.0718867695295281	-0.015682721130162502	False
2	16	compositional_ridge	CPA_0.8.8	primary_state_pair	S	0.07077995894667813	0.07077995894667813	0.0	False
2	16	compositional_ridge	CPA_0.8.8	primary_state_pair	M	0.07077995894667813	0.07077995894667813	0.0	False
2	16	compositional_ridge	CPA_0.8.8	primary_state_pair	P	0.07077995894667813	0.07225727825311613	0.0014773193064380047	False
2	16	compositional_ridge	CPA_0.8.8	primary_state_pair	O	0.07077995894667813	0.06930263964024014	-0.0014773193064379908	False
2	16	compositional_ridge	CPA_0.8.8	primary_state_pair	D	0.07077995894667813	0.0707799589466782	6.938893903907228e-17	False
2	16	compositional_ridge	zero_effect	zero_effect_diagnostic	S	0.08836072672461592	0.08836072672461592	0.0	False
2	16	compositional_ridge	zero_effect	zero_effect_diagnostic	M	0.08836072672461592	0.08836072672461592	0.0	False
2	16	compositional_ridge	zero_effect	zero_effect_diagnostic	P	0.08836072672461592	0.07267800559445345	-0.015682721130162475	False
2	16	compositional_ridge	zero_effect	zero_effect_diagnostic	O	0.08836072672461592	0.07267800559445345	-0.015682721130162475	False
2	16	compositional_ridge	zero_effect	zero_effect_diagnostic	D	0.08836072672461592	0.07267800559445345	-0.015682721130162475	False
2	16	CPA_0.8.8	zero_effect	zero_effect_diagnostic	S	0.01758076777793781	0.01758076777793781	0.0	False
2	16	CPA_0.8.8	zero_effect	zero_effect_diagnostic	M	0.01758076777793781	0.017580767777937795	-1.3877787807814457e-17	False
2	16	CPA_0.8.8	zero_effect	zero_effect_diagnostic	P	0.01758076777793781	0.00042072734133731526	-0.017160040436600493	False
2	16	CPA_0.8.8	zero_effect	zero_effect_diagnostic	O	0.01758076777793781	0.0033753659542133108	-0.014205401823724498	False
2	16	CPA_0.8.8	zero_effect	zero_effect_diagnostic	D	0.01758076777793781	0.0018980466477752506	-0.015682721130162558	False
2	32	additive	compositional_ridge	primary_state_pair	S	-0.0007912360649253228	-0.0007912360649253228	0.0	False
2	32	additive	compositional_ridge	primary_state_pair	M	-0.0007912360649253228	-0.0007912360649253228	0.0	False
2	32	additive	compositional_ridge	primary_state_pair	P	-0.0007912360649253228	-0.0007912360649253297	-6.938893903907228e-18	False
2	32	additive	compositional_ridge	primary_state_pair	O	-0.0007912360649253228	-0.0007912360649253297	-6.938893903907228e-18	False
2	32	additive	compositional_ridge	primary_state_pair	D	-0.0007912360649253228	-0.0007912360649253297	-6.938893903907228e-18	False
2	32	additive	CPA_0.8.8	primary_state_pair	S	0.06849846869152723	0.06849846869152723	0.0	False
2	32	additive	CPA_0.8.8	primary_state_pair	M	0.06849846869152723	0.06849846869152723	0.0	False
2	32	additive	CPA_0.8.8	primary_state_pair	P	0.06849846869152723	0.06931469726340776	0.0008162285718805312	False
2	32	additive	CPA_0.8.8	primary_state_pair	O	0.06849846869152723	0.06768224011964677	-0.0008162285718804618	False
2	32	additive	CPA_0.8.8	primary_state_pair	D	0.06849846869152723	0.06849846869152726	2.7755575615628914e-17	False
2	32	additive	zero_effect	zero_effect_diagnostic	S	0.08213764594524224	0.08213764594524224	0.0	False
2	32	additive	zero_effect	zero_effect_diagnostic	M	0.08213764594524224	0.08213764594524223	-1.3877787807814457e-17	False
2	32	additive	zero_effect	zero_effect_diagnostic	P	0.08213764594524224	0.07425432809503196	-0.007883317850210278	False
2	32	additive	zero_effect	zero_effect_diagnostic	O	0.08213764594524224	0.07425432809503196	-0.007883317850210278	False
2	32	additive	zero_effect	zero_effect_diagnostic	D	0.08213764594524224	0.07425432809503196	-0.007883317850210278	False
2	32	compositional_ridge	CPA_0.8.8	primary_state_pair	S	0.06928970475645255	0.06928970475645255	0.0	False
2	32	compositional_ridge	CPA_0.8.8	primary_state_pair	M	0.06928970475645255	0.06928970475645255	0.0	False
2	32	compositional_ridge	CPA_0.8.8	primary_state_pair	P	0.06928970475645255	0.07010593332833309	0.0008162285718805451	False
2	32	compositional_ridge	CPA_0.8.8	primary_state_pair	O	0.06928970475645255	0.0684734761845721	-0.000816228571880448	False
2	32	compositional_ridge	CPA_0.8.8	primary_state_pair	D	0.06928970475645255	0.06928970475645259	4.163336342344337e-17	False
2	32	compositional_ridge	zero_effect	zero_effect_diagnostic	S	0.08292888201016757	0.08292888201016757	0.0	False
2	32	compositional_ridge	zero_effect	zero_effect_diagnostic	M	0.08292888201016757	0.08292888201016754	-2.7755575615628914e-17	False
2	32	compositional_ridge	zero_effect	zero_effect_diagnostic	P	0.08292888201016757	0.07504556415995729	-0.007883317850210278	False
2	32	compositional_ridge	zero_effect	zero_effect_diagnostic	O	0.08292888201016757	0.07504556415995729	-0.007883317850210278	False
2	32	compositional_ridge	zero_effect	zero_effect_diagnostic	D	0.08292888201016757	0.07504556415995729	-0.007883317850210278	False
2	32	CPA_0.8.8	zero_effect	zero_effect_diagnostic	S	0.01363917725371501	0.01363917725371501	0.0	False
2	32	CPA_0.8.8	zero_effect	zero_effect_diagnostic	M	0.01363917725371501	0.013639177253714996	-1.3877787807814457e-17	False
2	32	CPA_0.8.8	zero_effect	zero_effect_diagnostic	P	0.01363917725371501	0.0049396308316242005	-0.00869954642209081	False
2	32	CPA_0.8.8	zero_effect	zero_effect_diagnostic	O	0.01363917725371501	0.0065720879753851935	-0.007067089278329816	False
2	32	CPA_0.8.8	zero_effect	zero_effect_diagnostic	D	0.01363917725371501	0.005755859403504704	-0.007883317850210306	False
2	64	additive	compositional_ridge	primary_state_pair	S	-0.0007912360649253228	-0.0007912360649253228	0.0	False
2	64	additive	compositional_ridge	primary_state_pair	M	-0.0007912360649253228	-0.0007912360649253228	0.0	False
2	64	additive	compositional_ridge	primary_state_pair	P	-0.0007912360649253228	-0.0007912360649253193	3.469446951953614e-18	False
2	64	additive	compositional_ridge	primary_state_pair	O	-0.0007912360649253228	-0.0007912360649253193	3.469446951953614e-18	False
2	64	additive	compositional_ridge	primary_state_pair	D	-0.0007912360649253228	-0.0007912360649253193	3.469446951953614e-18	False
2	64	additive	CPA_0.8.8	primary_state_pair	S	0.06646182654326141	0.06646182654326141	0.0	False
2	64	additive	CPA_0.8.8	primary_state_pair	M	0.06646182654326141	0.06646182654326141	0.0	False
2	64	additive	CPA_0.8.8	primary_state_pair	P	0.06646182654326141	0.06665717217230167	0.00019534562904026387	False
2	64	additive	CPA_0.8.8	primary_state_pair	O	0.06646182654326141	0.06626648091422119	-0.00019534562904022224	False
2	64	additive	CPA_0.8.8	primary_state_pair	D	0.06646182654326141	0.06646182654326145	4.163336342344337e-17	False
2	64	additive	zero_effect	zero_effect_diagnostic	S	0.07838454972804879	0.07838454972804879	0.0	False
2	64	additive	zero_effect	zero_effect_diagnostic	M	0.07838454972804879	0.07838454972804879	0.0	False
2	64	additive	zero_effect	zero_effect_diagnostic	P	0.07838454972804879	0.07468986210493939	-0.0036946876231093995	False
2	64	additive	zero_effect	zero_effect_diagnostic	O	0.07838454972804879	0.07468986210493939	-0.0036946876231093995	False
2	64	additive	zero_effect	zero_effect_diagnostic	D	0.07838454972804879	0.07468986210493939	-0.0036946876231093995	False
2	64	compositional_ridge	CPA_0.8.8	primary_state_pair	S	0.06725306260818673	0.06725306260818673	0.0	False
2	64	compositional_ridge	CPA_0.8.8	primary_state_pair	M	0.06725306260818673	0.06725306260818673	0.0	False
2	64	compositional_ridge	CPA_0.8.8	primary_state_pair	P	0.06725306260818673	0.06744840823722699	0.00019534562904026387	False
2	64	compositional_ridge	CPA_0.8.8	primary_state_pair	O	0.06725306260818673	0.0670577169791465	-0.00019534562904022224	False
2	64	compositional_ridge	CPA_0.8.8	primary_state_pair	D	0.06725306260818673	0.06725306260818677	4.163336342344337e-17	False
2	64	compositional_ridge	zero_effect	zero_effect_diagnostic	S	0.0791757857929741	0.0791757857929741	0.0	False
2	64	compositional_ridge	zero_effect	zero_effect_diagnostic	M	0.0791757857929741	0.0791757857929741	0.0	False
2	64	compositional_ridge	zero_effect	zero_effect_diagnostic	P	0.0791757857929741	0.0754810981698647	-0.0036946876231093995	False
2	64	compositional_ridge	zero_effect	zero_effect_diagnostic	O	0.0791757857929741	0.0754810981698647	-0.0036946876231093995	False
2	64	compositional_ridge	zero_effect	zero_effect_diagnostic	D	0.0791757857929741	0.0754810981698647	-0.0036946876231093995	False
2	64	CPA_0.8.8	zero_effect	zero_effect_diagnostic	S	0.011922723184787376	0.011922723184787376	0.0	False
2	64	CPA_0.8.8	zero_effect	zero_effect_diagnostic	M	0.011922723184787376	0.011922723184787376	0.0	False
2	64	CPA_0.8.8	zero_effect	zero_effect_diagnostic	P	0.011922723184787376	0.008032689932637713	-0.0038900332521496633	False
2	64	CPA_0.8.8	zero_effect	zero_effect_diagnostic	O	0.011922723184787376	0.008423381190718199	-0.0034993419940691772	False
2	64	CPA_0.8.8	zero_effect	zero_effect_diagnostic	D	0.011922723184787376	0.008228035561677935	-0.003694687623109441	False
2	128	additive	compositional_ridge	primary_state_pair	S	-0.0007912360649253228	-0.0007912360649253228	0.0	False
2	128	additive	compositional_ridge	primary_state_pair	M	-0.0007912360649253228	-0.0007912360649253228	0.0	False
2	128	additive	compositional_ridge	primary_state_pair	P	-0.0007912360649253228	-0.0007912360649253401	-1.734723475976807e-17	False
2	128	additive	compositional_ridge	primary_state_pair	O	-0.0007912360649253228	-0.0007912360649253401	-1.734723475976807e-17	False
2	128	additive	compositional_ridge	primary_state_pair	D	-0.0007912360649253228	-0.0007912360649253401	-1.734723475976807e-17	False
2	128	additive	CPA_0.8.8	primary_state_pair	S	0.06644385023480685	0.06644385023480685	0.0	False
2	128	additive	CPA_0.8.8	primary_state_pair	M	0.06644385023480685	0.06644385023480685	0.0	False
2	128	additive	CPA_0.8.8	primary_state_pair	P	0.06644385023480685	0.06659921839887181	0.000155368164064959	False
2	128	additive	CPA_0.8.8	primary_state_pair	O	0.06644385023480685	0.06628848207074198	-0.00015536816406487575	False
2	128	additive	CPA_0.8.8	primary_state_pair	D	0.06644385023480685	0.0664438502348069	4.163336342344337e-17	False
2	128	additive	zero_effect	zero_effect_diagnostic	S	0.07742703768917746	0.07742703768917746	0.0	False
2	128	additive	zero_effect	zero_effect_diagnostic	M	0.07742703768917746	0.07742703768917747	1.3877787807814457e-17	False
2	128	additive	zero_effect	zero_effect_diagnostic	P	0.07742703768917746	0.07553164106778132	-0.0018953966213961365	False
2	128	additive	zero_effect	zero_effect_diagnostic	O	0.07742703768917746	0.07553164106778132	-0.0018953966213961365	False
2	128	additive	zero_effect	zero_effect_diagnostic	D	0.07742703768917746	0.07553164106778132	-0.0018953966213961365	False
2	128	compositional_ridge	CPA_0.8.8	primary_state_pair	S	0.06723508629973218	0.06723508629973218	0.0	False
2	128	compositional_ridge	CPA_0.8.8	primary_state_pair	M	0.06723508629973218	0.06723508629973218	0.0	False
2	128	compositional_ridge	CPA_0.8.8	primary_state_pair	P	0.06723508629973218	0.06739045446379716	0.0001553681640649729	False
2	128	compositional_ridge	CPA_0.8.8	primary_state_pair	O	0.06723508629973218	0.06707971813566732	-0.00015536816406486187	False
2	128	compositional_ridge	CPA_0.8.8	primary_state_pair	D	0.06723508629973218	0.06723508629973224	5.551115123125783e-17	False
2	128	compositional_ridge	zero_effect	zero_effect_diagnostic	S	0.07821827375410279	0.07821827375410279	0.0	False
2	128	compositional_ridge	zero_effect	zero_effect_diagnostic	M	0.07821827375410279	0.07821827375410279	0.0	False
2	128	compositional_ridge	zero_effect	zero_effect_diagnostic	P	0.07821827375410279	0.07632287713270666	-0.0018953966213961226	False
2	128	compositional_ridge	zero_effect	zero_effect_diagnostic	O	0.07821827375410279	0.07632287713270666	-0.0018953966213961226	False
2	128	compositional_ridge	zero_effect	zero_effect_diagnostic	D	0.07821827375410279	0.07632287713270666	-0.0018953966213961226	False
2	128	CPA_0.8.8	zero_effect	zero_effect_diagnostic	S	0.010983187454370602	0.010983187454370602	0.0	False
2	128	CPA_0.8.8	zero_effect	zero_effect_diagnostic	M	0.010983187454370602	0.010983187454370616	1.3877787807814457e-17	False
2	128	CPA_0.8.8	zero_effect	zero_effect_diagnostic	P	0.010983187454370602	0.008932422668909507	-0.0020507647854610955	False
2	128	CPA_0.8.8	zero_effect	zero_effect_diagnostic	O	0.010983187454370602	0.009243158997039341	-0.0017400284573312608	False
2	128	CPA_0.8.8	zero_effect	zero_effect_diagnostic	D	0.010983187454370602	0.009087790832974424	-0.0018953966213961781	False
2	135	additive	compositional_ridge	primary_state_pair	S	-0.0007912360649253228	-0.0007912360649253228	0.0	False
2	135	additive	compositional_ridge	primary_state_pair	M	-0.0007912360649253228	-0.0007912360649253228	0.0	False
2	135	additive	compositional_ridge	primary_state_pair	P	-0.0007912360649253228	-0.0007912360649253054	1.734723475976807e-17	False
2	135	additive	compositional_ridge	primary_state_pair	O	-0.0007912360649253228	-0.0007912360649253054	1.734723475976807e-17	False
2	135	additive	compositional_ridge	primary_state_pair	D	-0.0007912360649253228	-0.0007912360649253054	1.734723475976807e-17	False
2	135	additive	CPA_0.8.8	primary_state_pair	S	0.0661478206185438	0.0661478206185438	0.0	False
2	135	additive	CPA_0.8.8	primary_state_pair	M	0.0661478206185438	0.0661478206185438	0.0	False
2	135	additive	CPA_0.8.8	primary_state_pair	P	0.0661478206185438	0.06630335590680217	0.00015553528825837382	False
2	135	additive	CPA_0.8.8	primary_state_pair	O	0.0661478206185438	0.06599228533028546	-0.00015553528825833218	False
2	135	additive	CPA_0.8.8	primary_state_pair	D	0.0661478206185438	0.06614782061854382	2.7755575615628914e-17	False
2	135	additive	zero_effect	zero_effect_diagnostic	S	0.07707979658669956	0.07707979658669956	0.0	False
2	135	additive	zero_effect	zero_effect_diagnostic	M	0.07707979658669956	0.07707979658669951	-4.163336342344337e-17	False
2	135	additive	zero_effect	zero_effect_diagnostic	P	0.07707979658669956	0.07527383529648415	-0.001805961290215402	False
2	135	additive	zero_effect	zero_effect_diagnostic	O	0.07707979658669956	0.07527383529648415	-0.001805961290215402	False
2	135	additive	zero_effect	zero_effect_diagnostic	D	0.07707979658669956	0.07527383529648415	-0.001805961290215402	False
2	135	compositional_ridge	CPA_0.8.8	primary_state_pair	S	0.06693905668346911	0.06693905668346911	0.0	False
2	135	compositional_ridge	CPA_0.8.8	primary_state_pair	M	0.06693905668346911	0.06693905668346911	0.0	False
2	135	compositional_ridge	CPA_0.8.8	primary_state_pair	P	0.06693905668346911	0.06709459197172747	0.00015553528825835994	False
2	135	compositional_ridge	CPA_0.8.8	primary_state_pair	O	0.06693905668346911	0.06678352139521077	-0.00015553528825834606	False
2	135	compositional_ridge	CPA_0.8.8	primary_state_pair	D	0.06693905668346911	0.06693905668346913	1.3877787807814457e-17	False
2	135	compositional_ridge	zero_effect	zero_effect_diagnostic	S	0.07787103265162487	0.07787103265162487	0.0	False
2	135	compositional_ridge	zero_effect	zero_effect_diagnostic	M	0.07787103265162487	0.07787103265162484	-2.7755575615628914e-17	False
2	135	compositional_ridge	zero_effect	zero_effect_diagnostic	P	0.07787103265162487	0.07606507136140946	-0.001805961290215416	False
2	135	compositional_ridge	zero_effect	zero_effect_diagnostic	O	0.07787103265162487	0.07606507136140946	-0.001805961290215416	False
2	135	compositional_ridge	zero_effect	zero_effect_diagnostic	D	0.07787103265162487	0.07606507136140946	-0.001805961290215416	False
2	135	CPA_0.8.8	zero_effect	zero_effect_diagnostic	S	0.01093197596815576	0.01093197596815576	0.0	False
2	135	CPA_0.8.8	zero_effect	zero_effect_diagnostic	M	0.01093197596815576	0.010931975968155719	-4.163336342344337e-17	False
2	135	CPA_0.8.8	zero_effect	zero_effect_diagnostic	P	0.01093197596815576	0.008970479389681985	-0.001961496578473776	False
2	135	CPA_0.8.8	zero_effect	zero_effect_diagnostic	O	0.01093197596815576	0.00928154996619869	-0.00165042600195707	False
2	135	CPA_0.8.8	zero_effect	zero_effect_diagnostic	D	0.01093197596815576	0.00912601467794033	-0.0018059612902154298	False
3	8	additive	compositional_ridge	primary_state_pair	S	-0.0007912360649253228	-0.0007912360649253228	0.0	False
3	8	additive	compositional_ridge	primary_state_pair	M	-0.0007912360649253228	-0.0007912360649253228	0.0	False
3	8	additive	compositional_ridge	primary_state_pair	P	-0.0007912360649253228	-0.0007912360649252881	3.469446951953614e-17	False
3	8	additive	compositional_ridge	primary_state_pair	O	-0.0007912360649253228	-0.0007912360649252881	3.469446951953614e-17	False
3	8	additive	compositional_ridge	primary_state_pair	D	-0.0007912360649253228	-0.0007912360649252881	3.469446951953614e-17	False
3	8	additive	CPA_0.8.8	primary_state_pair	S	0.07305474468654895	0.07305474468654895	0.0	False
3	8	additive	CPA_0.8.8	primary_state_pair	M	0.07305474468654895	0.07305474468654895	0.0	False
3	8	additive	CPA_0.8.8	primary_state_pair	P	0.07305474468654895	0.07615021298936357	0.0030954683028146246	False
3	8	additive	CPA_0.8.8	primary_state_pair	O	0.07305474468654895	0.06995927638373443	-0.0030954683028145136	False
3	8	additive	CPA_0.8.8	primary_state_pair	D	0.07305474468654895	0.07305474468654898	2.7755575615628914e-17	False
3	8	additive	zero_effect	zero_effect_diagnostic	S	0.09663587891736129	0.09663587891736129	0.0	False
3	8	additive	zero_effect	zero_effect_diagnostic	M	0.09663587891736129	0.09663587891736129	0.0	False
3	8	additive	zero_effect	zero_effect_diagnostic	P	0.09663587891736129	0.06645915432518693	-0.030176724592174367	False
3	8	additive	zero_effect	zero_effect_diagnostic	O	0.09663587891736129	0.06645915432518693	-0.030176724592174367	False
3	8	additive	zero_effect	zero_effect_diagnostic	D	0.09663587891736129	0.06645915432518693	-0.030176724592174367	False
3	8	compositional_ridge	CPA_0.8.8	primary_state_pair	S	0.07384598075147428	0.07384598075147428	0.0	False
3	8	compositional_ridge	CPA_0.8.8	primary_state_pair	M	0.07384598075147428	0.07384598075147428	0.0	False
3	8	compositional_ridge	CPA_0.8.8	primary_state_pair	P	0.07384598075147428	0.07694144905428886	0.003095468302814583	False
3	8	compositional_ridge	CPA_0.8.8	primary_state_pair	O	0.07384598075147428	0.07075051244865972	-0.003095468302814555	False
3	8	compositional_ridge	CPA_0.8.8	primary_state_pair	D	0.07384598075147428	0.07384598075147426	-1.3877787807814457e-17	False
3	8	compositional_ridge	zero_effect	zero_effect_diagnostic	S	0.09742711498228662	0.09742711498228662	0.0	False
3	8	compositional_ridge	zero_effect	zero_effect_diagnostic	M	0.09742711498228662	0.09742711498228662	0.0	False
3	8	compositional_ridge	zero_effect	zero_effect_diagnostic	P	0.09742711498228662	0.06725039039011221	-0.03017672459217441	False
3	8	compositional_ridge	zero_effect	zero_effect_diagnostic	O	0.09742711498228662	0.06725039039011221	-0.03017672459217441	False
3	8	compositional_ridge	zero_effect	zero_effect_diagnostic	D	0.09742711498228662	0.06725039039011221	-0.03017672459217441	False
3	8	CPA_0.8.8	zero_effect	zero_effect_diagnostic	S	0.023581134230812345	0.023581134230812345	0.0	False
3	8	CPA_0.8.8	zero_effect	zero_effect_diagnostic	M	0.023581134230812345	0.023581134230812345	0.0	False
3	8	CPA_0.8.8	zero_effect	zero_effect_diagnostic	P	0.023581134230812345	-0.009691058664176647	-0.03327219289498899	True
3	8	CPA_0.8.8	zero_effect	zero_effect_diagnostic	O	0.023581134230812345	-0.0035001220585475085	-0.027081256289359854	True
3	8	CPA_0.8.8	zero_effect	zero_effect_diagnostic	D	0.023581134230812345	-0.00659559036136205	-0.030176724592174395	True
3	16	additive	compositional_ridge	primary_state_pair	S	-0.0007912360649253228	-0.0007912360649253228	0.0	False
3	16	additive	compositional_ridge	primary_state_pair	M	-0.0007912360649253228	-0.0007912360649253228	0.0	False
3	16	additive	compositional_ridge	primary_state_pair	P	-0.0007912360649253228	-0.0007912360649253228	0.0	False
3	16	additive	compositional_ridge	primary_state_pair	O	-0.0007912360649253228	-0.0007912360649253228	0.0	False
3	16	additive	compositional_ridge	primary_state_pair	D	-0.0007912360649253228	-0.0007912360649253228	0.0	False
3	16	additive	CPA_0.8.8	primary_state_pair	S	0.06723379787638883	0.06723379787638883	0.0	False
3	16	additive	CPA_0.8.8	primary_state_pair	M	0.06723379787638883	0.06723379787638883	0.0	False
3	16	additive	CPA_0.8.8	primary_state_pair	P	0.06723379787638883	0.0684718562214297	0.001238058345040871	False
3	16	additive	CPA_0.8.8	primary_state_pair	O	0.06723379787638883	0.06599573953134794	-0.0012380583450408988	False
3	16	additive	CPA_0.8.8	primary_state_pair	D	0.06723379787638883	0.06723379787638883	0.0	False
3	16	additive	zero_effect	zero_effect_diagnostic	S	0.08418369406783016	0.08418369406783016	0.0	False
3	16	additive	zero_effect	zero_effect_diagnostic	M	0.08418369406783016	0.08418369406783016	0.0	False
3	16	additive	zero_effect	zero_effect_diagnostic	P	0.08418369406783016	0.06850299189161063	-0.01568070217621953	False
3	16	additive	zero_effect	zero_effect_diagnostic	O	0.08418369406783016	0.06850299189161063	-0.01568070217621953	False
3	16	additive	zero_effect	zero_effect_diagnostic	D	0.08418369406783016	0.06850299189161063	-0.01568070217621953	False
3	16	compositional_ridge	CPA_0.8.8	primary_state_pair	S	0.06802503394131415	0.06802503394131415	0.0	False
3	16	compositional_ridge	CPA_0.8.8	primary_state_pair	M	0.06802503394131415	0.06802503394131415	0.0	False
3	16	compositional_ridge	CPA_0.8.8	primary_state_pair	P	0.06802503394131415	0.06926309228635504	0.001238058345040885	False
3	16	compositional_ridge	CPA_0.8.8	primary_state_pair	O	0.06802503394131415	0.06678697559627327	-0.001238058345040885	False
3	16	compositional_ridge	CPA_0.8.8	primary_state_pair	D	0.06802503394131415	0.06802503394131415	0.0	False
3	16	compositional_ridge	zero_effect	zero_effect_diagnostic	S	0.08497493013275548	0.08497493013275548	0.0	False
3	16	compositional_ridge	zero_effect	zero_effect_diagnostic	M	0.08497493013275548	0.08497493013275548	0.0	False
3	16	compositional_ridge	zero_effect	zero_effect_diagnostic	P	0.08497493013275548	0.06929422795653595	-0.01568070217621953	False
3	16	compositional_ridge	zero_effect	zero_effect_diagnostic	O	0.08497493013275548	0.06929422795653595	-0.01568070217621953	False
3	16	compositional_ridge	zero_effect	zero_effect_diagnostic	D	0.08497493013275548	0.06929422795653595	-0.01568070217621953	False
3	16	CPA_0.8.8	zero_effect	zero_effect_diagnostic	S	0.016949896191441327	0.016949896191441327	0.0	False
3	16	CPA_0.8.8	zero_effect	zero_effect_diagnostic	M	0.016949896191441327	0.016949896191441327	0.0	False
3	16	CPA_0.8.8	zero_effect	zero_effect_diagnostic	P	0.016949896191441327	3.1135670180912345e-05	-0.016918760521260415	False
3	16	CPA_0.8.8	zero_effect	zero_effect_diagnostic	O	0.016949896191441327	0.0025072523602626823	-0.014442643831178645	False
3	16	CPA_0.8.8	zero_effect	zero_effect_diagnostic	D	0.016949896191441327	0.0012691940152217973	-0.01568070217621953	False
3	32	additive	compositional_ridge	primary_state_pair	S	-0.0007912360649253228	-0.0007912360649253228	0.0	False
3	32	additive	compositional_ridge	primary_state_pair	M	-0.0007912360649253228	-0.0007912360649253228	0.0	False
3	32	additive	compositional_ridge	primary_state_pair	P	-0.0007912360649253228	-0.0007912360649253297	-6.938893903907228e-18	False
3	32	additive	compositional_ridge	primary_state_pair	O	-0.0007912360649253228	-0.0007912360649253297	-6.938893903907228e-18	False
3	32	additive	compositional_ridge	primary_state_pair	D	-0.0007912360649253228	-0.0007912360649253297	-6.938893903907228e-18	False
3	32	additive	CPA_0.8.8	primary_state_pair	S	0.06845604757771721	0.06845604757771721	0.0	False
3	32	additive	CPA_0.8.8	primary_state_pair	M	0.06845604757771721	0.06845604757771721	0.0	False
3	32	additive	CPA_0.8.8	primary_state_pair	P	0.06845604757771721	0.06936407468859762	0.0009080271108804078	False
3	32	additive	CPA_0.8.8	primary_state_pair	O	0.06845604757771721	0.0675480204668368	-0.0009080271108804078	False
3	32	additive	CPA_0.8.8	primary_state_pair	D	0.06845604757771721	0.06845604757771723	1.3877787807814457e-17	False
3	32	additive	zero_effect	zero_effect_diagnostic	S	0.08204253353111618	0.08204253353111618	0.0	False
3	32	additive	zero_effect	zero_effect_diagnostic	M	0.08204253353111618	0.08204253353111618	0.0	False
3	32	additive	zero_effect	zero_effect_diagnostic	P	0.08204253353111618	0.07404074638399655	-0.008001787147119632	False
3	32	additive	zero_effect	zero_effect_diagnostic	O	0.08204253353111618	0.07404074638399655	-0.008001787147119632	False
3	32	additive	zero_effect	zero_effect_diagnostic	D	0.08204253353111618	0.07404074638399655	-0.008001787147119632	False
3	32	compositional_ridge	CPA_0.8.8	primary_state_pair	S	0.06924728364264254	0.06924728364264254	0.0	False
3	32	compositional_ridge	CPA_0.8.8	primary_state_pair	M	0.06924728364264254	0.06924728364264254	0.0	False
3	32	compositional_ridge	CPA_0.8.8	primary_state_pair	P	0.06924728364264254	0.07015531075352294	0.0009080271108803939	False
3	32	compositional_ridge	CPA_0.8.8	primary_state_pair	O	0.06924728364264254	0.06833925653176212	-0.0009080271108804217	False
3	32	compositional_ridge	CPA_0.8.8	primary_state_pair	D	0.06924728364264254	0.06924728364264254	0.0	False
3	32	compositional_ridge	zero_effect	zero_effect_diagnostic	S	0.0828337695960415	0.0828337695960415	0.0	False
3	32	compositional_ridge	zero_effect	zero_effect_diagnostic	M	0.0828337695960415	0.0828337695960415	0.0	False
3	32	compositional_ridge	zero_effect	zero_effect_diagnostic	P	0.0828337695960415	0.07483198244892189	-0.008001787147119604	False
3	32	compositional_ridge	zero_effect	zero_effect_diagnostic	O	0.0828337695960415	0.07483198244892189	-0.008001787147119604	False
3	32	compositional_ridge	zero_effect	zero_effect_diagnostic	D	0.0828337695960415	0.07483198244892189	-0.008001787147119604	False
3	32	CPA_0.8.8	zero_effect	zero_effect_diagnostic	S	0.013586485953398966	0.013586485953398966	0.0	False
3	32	CPA_0.8.8	zero_effect	zero_effect_diagnostic	M	0.013586485953398966	0.013586485953398966	0.0	False
3	32	CPA_0.8.8	zero_effect	zero_effect_diagnostic	P	0.013586485953398966	0.00467667169539894	-0.008909814258000026	False
3	32	CPA_0.8.8	zero_effect	zero_effect_diagnostic	O	0.013586485953398966	0.006492725917159756	-0.007093760036239211	False
3	32	CPA_0.8.8	zero_effect	zero_effect_diagnostic	D	0.013586485953398966	0.005584698806279334	-0.008001787147119632	False
3	64	additive	compositional_ridge	primary_state_pair	S	-0.0007912360649253228	-0.0007912360649253228	0.0	False
3	64	additive	compositional_ridge	primary_state_pair	M	-0.0007912360649253228	-0.0007912360649253228	0.0	False
3	64	additive	compositional_ridge	primary_state_pair	P	-0.0007912360649253228	-0.0007912360649253158	6.938893903907228e-18	False
3	64	additive	compositional_ridge	primary_state_pair	O	-0.0007912360649253228	-0.0007912360649253158	6.938893903907228e-18	False
3	64	additive	compositional_ridge	primary_state_pair	D	-0.0007912360649253228	-0.0007912360649253158	6.938893903907228e-18	False
3	64	additive	CPA_0.8.8	primary_state_pair	S	0.06640006168841597	0.06640006168841597	0.0	False
3	64	additive	CPA_0.8.8	primary_state_pair	M	0.06640006168841597	0.06640006168841599	1.3877787807814457e-17	False
3	64	additive	CPA_0.8.8	primary_state_pair	P	0.06640006168841597	0.06699462838985479	0.0005945667014388145	False
3	64	additive	CPA_0.8.8	primary_state_pair	O	0.06640006168841597	0.06580549498697726	-0.0005945667014387174	False
3	64	additive	CPA_0.8.8	primary_state_pair	D	0.06640006168841597	0.06640006168841606	8.326672684688674e-17	False
3	64	additive	zero_effect	zero_effect_diagnostic	S	0.07809033666882335	0.07809033666882335	0.0	False
3	64	additive	zero_effect	zero_effect_diagnostic	M	0.07809033666882335	0.07809033666882337	1.3877787807814457e-17	False
3	64	additive	zero_effect	zero_effect_diagnostic	P	0.07809033666882335	0.07396094430727822	-0.004129392361545137	False
3	64	additive	zero_effect	zero_effect_diagnostic	O	0.07809033666882335	0.07396094430727822	-0.004129392361545137	False
3	64	additive	zero_effect	zero_effect_diagnostic	D	0.07809033666882335	0.07396094430727822	-0.004129392361545137	False
3	64	compositional_ridge	CPA_0.8.8	primary_state_pair	S	0.06719129775334129	0.06719129775334129	0.0	False
3	64	compositional_ridge	CPA_0.8.8	primary_state_pair	M	0.06719129775334129	0.06719129775334132	2.7755575615628914e-17	False
3	64	compositional_ridge	CPA_0.8.8	primary_state_pair	P	0.06719129775334129	0.0677858644547801	0.0005945667014388145	False
3	64	compositional_ridge	CPA_0.8.8	primary_state_pair	O	0.06719129775334129	0.06659673105190257	-0.0005945667014387174	False
3	64	compositional_ridge	CPA_0.8.8	primary_state_pair	D	0.06719129775334129	0.06719129775334137	8.326672684688674e-17	False
3	64	compositional_ridge	zero_effect	zero_effect_diagnostic	S	0.07888157273374868	0.07888157273374868	0.0	False
3	64	compositional_ridge	zero_effect	zero_effect_diagnostic	M	0.07888157273374868	0.07888157273374868	0.0	False
3	64	compositional_ridge	zero_effect	zero_effect_diagnostic	P	0.07888157273374868	0.07475218037220353	-0.0041293923615451505	False
3	64	compositional_ridge	zero_effect	zero_effect_diagnostic	O	0.07888157273374868	0.07475218037220353	-0.0041293923615451505	False
3	64	compositional_ridge	zero_effect	zero_effect_diagnostic	D	0.07888157273374868	0.07475218037220353	-0.0041293923615451505	False
3	64	CPA_0.8.8	zero_effect	zero_effect_diagnostic	S	0.01169027498040738	0.01169027498040738	0.0	False
3	64	CPA_0.8.8	zero_effect	zero_effect_diagnostic	M	0.01169027498040738	0.01169027498040738	0.0	False
3	64	CPA_0.8.8	zero_effect	zero_effect_diagnostic	P	0.01169027498040738	0.00696631591742343	-0.004723959062983951	False
3	64	CPA_0.8.8	zero_effect	zero_effect_diagnostic	O	0.01169027498040738	0.008155449320300961	-0.0035348256601064193	False
3	64	CPA_0.8.8	zero_effect	zero_effect_diagnostic	D	0.01169027498040738	0.007560882618862161	-0.00412939236154522	False
3	128	additive	compositional_ridge	primary_state_pair	S	-0.0007912360649253228	-0.0007912360649253228	0.0	False
3	128	additive	compositional_ridge	primary_state_pair	M	-0.0007912360649253228	-0.0007912360649253228	0.0	False
3	128	additive	compositional_ridge	primary_state_pair	P	-0.0007912360649253228	-0.0007912360649253089	1.3877787807814457e-17	False
3	128	additive	compositional_ridge	primary_state_pair	O	-0.0007912360649253228	-0.0007912360649253089	1.3877787807814457e-17	False
3	128	additive	compositional_ridge	primary_state_pair	D	-0.0007912360649253228	-0.0007912360649253089	1.3877787807814457e-17	False
3	128	additive	CPA_0.8.8	primary_state_pair	S	0.06513956455486844	0.06513956455486844	0.0	False
3	128	additive	CPA_0.8.8	primary_state_pair	M	0.06513956455486844	0.06513956455486844	0.0	False
3	128	additive	CPA_0.8.8	primary_state_pair	P	0.06513956455486844	0.06534400438216223	0.00020443982729378973	False
3	128	additive	CPA_0.8.8	primary_state_pair	O	0.06513956455486844	0.06493512472757465	-0.00020443982729378973	False
3	128	additive	CPA_0.8.8	primary_state_pair	D	0.06513956455486844	0.06513956455486844	0.0	False
3	128	additive	zero_effect	zero_effect_diagnostic	S	0.07606928884681287	0.07606928884681287	0.0	False
3	128	additive	zero_effect	zero_effect_diagnostic	M	0.07606928884681287	0.07606928884681287	0.0	False
3	128	additive	zero_effect	zero_effect_diagnostic	P	0.07606928884681287	0.07414170919712755	-0.0019275796496853181	False
3	128	additive	zero_effect	zero_effect_diagnostic	O	0.07606928884681287	0.07414170919712755	-0.0019275796496853181	False
3	128	additive	zero_effect	zero_effect_diagnostic	D	0.07606928884681287	0.07414170919712755	-0.0019275796496853181	False
3	128	compositional_ridge	CPA_0.8.8	primary_state_pair	S	0.06593080061979376	0.06593080061979376	0.0	False
3	128	compositional_ridge	CPA_0.8.8	primary_state_pair	M	0.06593080061979376	0.06593080061979376	0.0	False
3	128	compositional_ridge	CPA_0.8.8	primary_state_pair	P	0.06593080061979376	0.06613524044708755	0.00020443982729378973	False
3	128	compositional_ridge	CPA_0.8.8	primary_state_pair	O	0.06593080061979376	0.06572636079249997	-0.00020443982729378973	False
3	128	compositional_ridge	CPA_0.8.8	primary_state_pair	D	0.06593080061979376	0.06593080061979376	0.0	False
3	128	compositional_ridge	zero_effect	zero_effect_diagnostic	S	0.0768605249117382	0.0768605249117382	0.0	False
3	128	compositional_ridge	zero_effect	zero_effect_diagnostic	M	0.0768605249117382	0.0768605249117382	0.0	False
3	128	compositional_ridge	zero_effect	zero_effect_diagnostic	P	0.0768605249117382	0.07493294526205287	-0.001927579649685332	False
3	128	compositional_ridge	zero_effect	zero_effect_diagnostic	O	0.0768605249117382	0.07493294526205287	-0.001927579649685332	False
3	128	compositional_ridge	zero_effect	zero_effect_diagnostic	D	0.0768605249117382	0.07493294526205287	-0.001927579649685332	False
3	128	CPA_0.8.8	zero_effect	zero_effect_diagnostic	S	0.010929724291944429	0.010929724291944429	0.0	False
3	128	CPA_0.8.8	zero_effect	zero_effect_diagnostic	M	0.010929724291944429	0.010929724291944429	0.0	False
3	128	CPA_0.8.8	zero_effect	zero_effect_diagnostic	P	0.010929724291944429	0.00879770481496532	-0.002132019476979108	False
3	128	CPA_0.8.8	zero_effect	zero_effect_diagnostic	O	0.010929724291944429	0.0092065844695529	-0.0017231398223915284	False
3	128	CPA_0.8.8	zero_effect	zero_effect_diagnostic	D	0.010929724291944429	0.00900214464225911	-0.0019275796496853181	False
3	135	additive	compositional_ridge	primary_state_pair	S	-0.0007912360649253228	-0.0007912360649253228	0.0	False
3	135	additive	compositional_ridge	primary_state_pair	M	-0.0007912360649253228	-0.0007912360649253228	0.0	False
3	135	additive	compositional_ridge	primary_state_pair	P	-0.0007912360649253228	-0.0007912360649253054	1.734723475976807e-17	False
3	135	additive	compositional_ridge	primary_state_pair	O	-0.0007912360649253228	-0.0007912360649253054	1.734723475976807e-17	False
3	135	additive	compositional_ridge	primary_state_pair	D	-0.0007912360649253228	-0.0007912360649253054	1.734723475976807e-17	False
3	135	additive	CPA_0.8.8	primary_state_pair	S	0.0654541653390447	0.0654541653390447	0.0	False
3	135	additive	CPA_0.8.8	primary_state_pair	M	0.0654541653390447	0.06545416533904469	-1.3877787807814457e-17	False
3	135	additive	CPA_0.8.8	primary_state_pair	P	0.0654541653390447	0.06567858305875787	0.0002244177197131686	False
3	135	additive	CPA_0.8.8	primary_state_pair	O	0.0654541653390447	0.06522974761933148	-0.0002244177197132241	False
3	135	additive	CPA_0.8.8	primary_state_pair	D	0.0654541653390447	0.06545416533904468	-2.7755575615628914e-17	False
3	135	additive	zero_effect	zero_effect_diagnostic	S	0.07637275527545705	0.07637275527545705	0.0	False
3	135	additive	zero_effect	zero_effect_diagnostic	M	0.07637275527545705	0.07637275527545705	0.0	False
3	135	additive	zero_effect	zero_effect_diagnostic	P	0.07637275527545705	0.07451714440627859	-0.001855610869178459	False
3	135	additive	zero_effect	zero_effect_diagnostic	O	0.07637275527545705	0.07451714440627859	-0.001855610869178459	False
3	135	additive	zero_effect	zero_effect_diagnostic	D	0.07637275527545705	0.07451714440627859	-0.001855610869178459	False
3	135	compositional_ridge	CPA_0.8.8	primary_state_pair	S	0.06624540140397003	0.06624540140397003	0.0	False
3	135	compositional_ridge	CPA_0.8.8	primary_state_pair	M	0.06624540140397003	0.06624540140397	-2.7755575615628914e-17	False
3	135	compositional_ridge	CPA_0.8.8	primary_state_pair	P	0.06624540140397003	0.06646981912368317	0.00022441771971314084	False
3	135	compositional_ridge	CPA_0.8.8	primary_state_pair	O	0.06624540140397003	0.06602098368425678	-0.00022441771971325186	False
3	135	compositional_ridge	CPA_0.8.8	primary_state_pair	D	0.06624540140397003	0.06624540140396998	-5.551115123125783e-17	False
3	135	compositional_ridge	zero_effect	zero_effect_diagnostic	S	0.07716399134038238	0.07716399134038238	0.0	False
3	135	compositional_ridge	zero_effect	zero_effect_diagnostic	M	0.07716399134038238	0.07716399134038238	0.0	False
3	135	compositional_ridge	zero_effect	zero_effect_diagnostic	P	0.07716399134038238	0.07530838047120389	-0.0018556108691784867	False
3	135	compositional_ridge	zero_effect	zero_effect_diagnostic	O	0.07716399134038238	0.07530838047120389	-0.0018556108691784867	False
3	135	compositional_ridge	zero_effect	zero_effect_diagnostic	D	0.07716399134038238	0.07530838047120389	-0.0018556108691784867	False
3	135	CPA_0.8.8	zero_effect	zero_effect_diagnostic	S	0.010918589936412343	0.010918589936412343	0.0	False
3	135	CPA_0.8.8	zero_effect	zero_effect_diagnostic	M	0.010918589936412343	0.010918589936412357	1.3877787807814457e-17	False
3	135	CPA_0.8.8	zero_effect	zero_effect_diagnostic	P	0.010918589936412343	0.008838561347520715	-0.0020800285888916276	False
3	135	CPA_0.8.8	zero_effect	zero_effect_diagnostic	O	0.010918589936412343	0.009287396786947108	-0.0016311931494652349	False
3	135	CPA_0.8.8	zero_effect	zero_effect_diagnostic	D	0.010918589936412343	0.009062979067233912	-0.0018556108691784312	False
4	8	additive	compositional_ridge	primary_state_pair	S	-0.0007912360649253228	-0.0007912360649253228	0.0	False
4	8	additive	compositional_ridge	primary_state_pair	M	-0.0007912360649253228	-0.0007912360649253228	0.0	False
4	8	additive	compositional_ridge	primary_state_pair	P	-0.0007912360649253228	-0.0007912360649253505	-2.7755575615628914e-17	False
4	8	additive	compositional_ridge	primary_state_pair	O	-0.0007912360649253228	-0.0007912360649253505	-2.7755575615628914e-17	False
4	8	additive	compositional_ridge	primary_state_pair	D	-0.0007912360649253228	-0.0007912360649253505	-2.7755575615628914e-17	False
4	8	additive	CPA_0.8.8	primary_state_pair	S	0.06104423188594475	0.06104423188594475	0.0	False
4	8	additive	CPA_0.8.8	primary_state_pair	M	0.06104423188594475	0.06104423188594475	0.0	False
4	8	additive	CPA_0.8.8	primary_state_pair	P	0.06104423188594475	0.06269953442118109	0.0016553025352363387	False
4	8	additive	CPA_0.8.8	primary_state_pair	O	0.06104423188594475	0.059388929350708435	-0.001655302535236318	False
4	8	additive	CPA_0.8.8	primary_state_pair	D	0.06104423188594475	0.06104423188594476	6.938893903907228e-18	False
4	8	additive	zero_effect	zero_effect_diagnostic	S	0.08475322460377341	0.08475322460377341	0.0	False
4	8	additive	zero_effect	zero_effect_diagnostic	M	0.08475322460377341	0.08475322460377341	0.0	False
4	8	additive	zero_effect	zero_effect_diagnostic	P	0.08475322460377341	0.055378611150433625	-0.029374613453339783	False
4	8	additive	zero_effect	zero_effect_diagnostic	O	0.08475322460377341	0.055378611150433625	-0.029374613453339783	False
4	8	additive	zero_effect	zero_effect_diagnostic	D	0.08475322460377341	0.055378611150433625	-0.029374613453339783	False
4	8	compositional_ridge	CPA_0.8.8	primary_state_pair	S	0.061835467950870075	0.061835467950870075	0.0	False
4	8	compositional_ridge	CPA_0.8.8	primary_state_pair	M	0.061835467950870075	0.061835467950870075	0.0	False
4	8	compositional_ridge	CPA_0.8.8	primary_state_pair	P	0.061835467950870075	0.06349077048610645	0.0016553025352363734	False
4	8	compositional_ridge	CPA_0.8.8	primary_state_pair	O	0.061835467950870075	0.060180165415633785	-0.0016553025352362902	False
4	8	compositional_ridge	CPA_0.8.8	primary_state_pair	D	0.061835467950870075	0.06183546795087011	3.469446951953614e-17	False
4	8	compositional_ridge	zero_effect	zero_effect_diagnostic	S	0.08554446066869872	0.08554446066869872	0.0	False
4	8	compositional_ridge	zero_effect	zero_effect_diagnostic	M	0.08554446066869872	0.08554446066869872	0.0	False
4	8	compositional_ridge	zero_effect	zero_effect_diagnostic	P	0.08554446066869872	0.056169847215358976	-0.02937461345333975	False
4	8	compositional_ridge	zero_effect	zero_effect_diagnostic	O	0.08554446066869872	0.056169847215358976	-0.02937461345333975	False
4	8	compositional_ridge	zero_effect	zero_effect_diagnostic	D	0.08554446066869872	0.056169847215358976	-0.02937461345333975	False
4	8	CPA_0.8.8	zero_effect	zero_effect_diagnostic	S	0.023708992717828656	0.023708992717828656	0.0	False
4	8	CPA_0.8.8	zero_effect	zero_effect_diagnostic	M	0.023708992717828656	0.023708992717828656	0.0	False
4	8	CPA_0.8.8	zero_effect	zero_effect_diagnostic	P	0.023708992717828656	-0.007320923270747473	-0.03102991598857613	True
4	8	CPA_0.8.8	zero_effect	zero_effect_diagnostic	O	0.023708992717828656	-0.0040103182002748095	-0.027719310918103465	True
4	8	CPA_0.8.8	zero_effect	zero_effect_diagnostic	D	0.023708992717828656	-0.005665620735511134	-0.02937461345333979	True
4	16	additive	compositional_ridge	primary_state_pair	S	-0.0007912360649253228	-0.0007912360649253228	0.0	False
4	16	additive	compositional_ridge	primary_state_pair	M	-0.0007912360649253228	-0.0007912360649253228	0.0	False
4	16	additive	compositional_ridge	primary_state_pair	P	-0.0007912360649253228	-0.0007912360649253297	-6.938893903907228e-18	False
4	16	additive	compositional_ridge	primary_state_pair	O	-0.0007912360649253228	-0.0007912360649253297	-6.938893903907228e-18	False
4	16	additive	compositional_ridge	primary_state_pair	D	-0.0007912360649253228	-0.0007912360649253297	-6.938893903907228e-18	False
4	16	additive	CPA_0.8.8	primary_state_pair	S	0.06672061868018127	0.06672061868018127	0.0	False
4	16	additive	CPA_0.8.8	primary_state_pair	M	0.06672061868018127	0.06672061868018127	0.0	False
4	16	additive	CPA_0.8.8	primary_state_pair	P	0.06672061868018127	0.06725175891127291	0.0005311402310916452	False
4	16	additive	CPA_0.8.8	primary_state_pair	O	0.06672061868018127	0.0661894784490897	-0.0005311402310915619	False
4	16	additive	CPA_0.8.8	primary_state_pair	D	0.06672061868018127	0.06672061868018131	4.163336342344337e-17	False
4	16	additive	zero_effect	zero_effect_diagnostic	S	0.08393428367790715	0.08393428367790715	0.0	False
4	16	additive	zero_effect	zero_effect_diagnostic	M	0.08393428367790715	0.08393428367790713	-1.3877787807814457e-17	False
4	16	additive	zero_effect	zero_effect_diagnostic	P	0.08393428367790715	0.06977812392411015	-0.014156159753796999	False
4	16	additive	zero_effect	zero_effect_diagnostic	O	0.08393428367790715	0.06977812392411015	-0.014156159753796999	False
4	16	additive	zero_effect	zero_effect_diagnostic	D	0.08393428367790715	0.06977812392411015	-0.014156159753796999	False
4	16	compositional_ridge	CPA_0.8.8	primary_state_pair	S	0.0675118547451066	0.0675118547451066	0.0	False
4	16	compositional_ridge	CPA_0.8.8	primary_state_pair	M	0.0675118547451066	0.0675118547451066	0.0	False
4	16	compositional_ridge	CPA_0.8.8	primary_state_pair	P	0.0675118547451066	0.06804299497619823	0.0005311402310916313	False
4	16	compositional_ridge	CPA_0.8.8	primary_state_pair	O	0.0675118547451066	0.06698071451401502	-0.0005311402310915758	False
4	16	compositional_ridge	CPA_0.8.8	primary_state_pair	D	0.0675118547451066	0.06751185474510665	5.551115123125783e-17	False
4	16	compositional_ridge	zero_effect	zero_effect_diagnostic	S	0.08472551974283246	0.08472551974283246	0.0	False
4	16	compositional_ridge	zero_effect	zero_effect_diagnostic	M	0.08472551974283246	0.08472551974283246	0.0	False
4	16	compositional_ridge	zero_effect	zero_effect_diagnostic	P	0.08472551974283246	0.07056935998903549	-0.01415615975379697	False
4	16	compositional_ridge	zero_effect	zero_effect_diagnostic	O	0.08472551974283246	0.07056935998903549	-0.01415615975379697	False
4	16	compositional_ridge	zero_effect	zero_effect_diagnostic	D	0.08472551974283246	0.07056935998903549	-0.01415615975379697	False
4	16	CPA_0.8.8	zero_effect	zero_effect_diagnostic	S	0.017213664997725878	0.017213664997725878	0.0	False
4	16	CPA_0.8.8	zero_effect	zero_effect_diagnostic	M	0.017213664997725878	0.017213664997725864	-1.3877787807814457e-17	False
4	16	CPA_0.8.8	zero_effect	zero_effect_diagnostic	P	0.017213664997725878	0.002526365012837248	-0.01468729998488863	False
4	16	CPA_0.8.8	zero_effect	zero_effect_diagnostic	O	0.017213664997725878	0.003588645475020455	-0.013625019522705423	False
4	16	CPA_0.8.8	zero_effect	zero_effect_diagnostic	D	0.017213664997725878	0.0030575052439288375	-0.01415615975379704	False
4	32	additive	compositional_ridge	primary_state_pair	S	-0.0007912360649253228	-0.0007912360649253228	0.0	False
4	32	additive	compositional_ridge	primary_state_pair	M	-0.0007912360649253228	-0.0007912360649253228	0.0	False
4	32	additive	compositional_ridge	primary_state_pair	P	-0.0007912360649253228	-0.0007912360649253367	-1.3877787807814457e-17	False
4	32	additive	compositional_ridge	primary_state_pair	O	-0.0007912360649253228	-0.0007912360649253367	-1.3877787807814457e-17	False
4	32	additive	compositional_ridge	primary_state_pair	D	-0.0007912360649253228	-0.0007912360649253367	-1.3877787807814457e-17	False
4	32	additive	CPA_0.8.8	primary_state_pair	S	0.06746039681183869	0.06746039681183869	0.0	False
4	32	additive	CPA_0.8.8	primary_state_pair	M	0.06746039681183869	0.06746039681183867	-1.3877787807814457e-17	False
4	32	additive	CPA_0.8.8	primary_state_pair	P	0.06746039681183869	0.06796609021471847	0.0005056934028797866	False
4	32	additive	CPA_0.8.8	primary_state_pair	O	0.06746039681183869	0.06695470340895894	-0.000505693402879745	False
4	32	additive	CPA_0.8.8	primary_state_pair	D	0.06746039681183869	0.06746039681183869	0.0	False
4	32	additive	zero_effect	zero_effect_diagnostic	S	0.08155903912615055	0.08155903912615055	0.0	False
4	32	additive	zero_effect	zero_effect_diagnostic	M	0.08155903912615055	0.08155903912615056	1.3877787807814457e-17	False
4	32	additive	zero_effect	zero_effect_diagnostic	P	0.08155903912615055	0.07431848327522358	-0.0072405558509269635	False
4	32	additive	zero_effect	zero_effect_diagnostic	O	0.08155903912615055	0.07431848327522358	-0.0072405558509269635	False
4	32	additive	zero_effect	zero_effect_diagnostic	D	0.08155903912615055	0.07431848327522358	-0.0072405558509269635	False
4	32	compositional_ridge	CPA_0.8.8	primary_state_pair	S	0.068251632876764	0.068251632876764	0.0	False
4	32	compositional_ridge	CPA_0.8.8	primary_state_pair	M	0.068251632876764	0.068251632876764	0.0	False
4	32	compositional_ridge	CPA_0.8.8	primary_state_pair	P	0.068251632876764	0.06875732627964382	0.0005056934028798143	False
4	32	compositional_ridge	CPA_0.8.8	primary_state_pair	O	0.068251632876764	0.06774593947388427	-0.0005056934028797311	False
4	32	compositional_ridge	CPA_0.8.8	primary_state_pair	D	0.068251632876764	0.06825163287676403	2.7755575615628914e-17	False
4	32	compositional_ridge	zero_effect	zero_effect_diagnostic	S	0.08235027519107588	0.08235027519107588	0.0	False
4	32	compositional_ridge	zero_effect	zero_effect_diagnostic	M	0.08235027519107588	0.08235027519107588	0.0	False
4	32	compositional_ridge	zero_effect	zero_effect_diagnostic	P	0.08235027519107588	0.07510971934014893	-0.00724055585092695	False
4	32	compositional_ridge	zero_effect	zero_effect_diagnostic	O	0.08235027519107588	0.07510971934014893	-0.00724055585092695	False
4	32	compositional_ridge	zero_effect	zero_effect_diagnostic	D	0.08235027519107588	0.07510971934014893	-0.00724055585092695	False
4	32	CPA_0.8.8	zero_effect	zero_effect_diagnostic	S	0.014098642314311863	0.014098642314311863	0.0	False
4	32	CPA_0.8.8	zero_effect	zero_effect_diagnostic	M	0.014098642314311863	0.01409864231431189	2.7755575615628914e-17	False
4	32	CPA_0.8.8	zero_effect	zero_effect_diagnostic	P	0.014098642314311863	0.006352393060505113	-0.00774624925380675	False
4	32	CPA_0.8.8	zero_effect	zero_effect_diagnostic	O	0.014098642314311863	0.007363779866264644	-0.0067348624480472186	False
4	32	CPA_0.8.8	zero_effect	zero_effect_diagnostic	D	0.014098642314311863	0.006858086463384899	-0.0072405558509269635	False
4	64	additive	compositional_ridge	primary_state_pair	S	-0.0007912360649253228	-0.0007912360649253228	0.0	False
4	64	additive	compositional_ridge	primary_state_pair	M	-0.0007912360649253228	-0.0007912360649253228	0.0	False
4	64	additive	compositional_ridge	primary_state_pair	P	-0.0007912360649253228	-0.0007912360649253228	0.0	False
4	64	additive	compositional_ridge	primary_state_pair	O	-0.0007912360649253228	-0.0007912360649253228	0.0	False
4	64	additive	compositional_ridge	primary_state_pair	D	-0.0007912360649253228	-0.0007912360649253228	0.0	False
4	64	additive	CPA_0.8.8	primary_state_pair	S	0.06726011566154542	0.06726011566154542	0.0	False
4	64	additive	CPA_0.8.8	primary_state_pair	M	0.06726011566154542	0.06726011566154542	0.0	False
4	64	additive	CPA_0.8.8	primary_state_pair	P	0.06726011566154542	0.06736858027060696	0.00010846460906153987	False
4	64	additive	CPA_0.8.8	primary_state_pair	O	0.06726011566154542	0.06715165105248388	-0.00010846460906153987	False
4	64	additive	CPA_0.8.8	primary_state_pair	D	0.06726011566154542	0.06726011566154541	-1.3877787807814457e-17	False
4	64	additive	zero_effect	zero_effect_diagnostic	S	0.07940386015621635	0.07940386015621635	0.0	False
4	64	additive	zero_effect	zero_effect_diagnostic	M	0.07940386015621635	0.07940386015621635	0.0	False
4	64	additive	zero_effect	zero_effect_diagnostic	P	0.07940386015621635	0.07581477393766844	-0.003589086218547907	False
4	64	additive	zero_effect	zero_effect_diagnostic	O	0.07940386015621635	0.07581477393766844	-0.003589086218547907	False
4	64	additive	zero_effect	zero_effect_diagnostic	D	0.07940386015621635	0.07581477393766844	-0.003589086218547907	False
4	64	compositional_ridge	CPA_0.8.8	primary_state_pair	S	0.06805135172647075	0.06805135172647075	0.0	False
4	64	compositional_ridge	CPA_0.8.8	primary_state_pair	M	0.06805135172647075	0.06805135172647075	0.0	False
4	64	compositional_ridge	CPA_0.8.8	primary_state_pair	P	0.06805135172647075	0.0681598163355323	0.00010846460906153987	False
4	64	compositional_ridge	CPA_0.8.8	primary_state_pair	O	0.06805135172647075	0.0679428871174092	-0.00010846460906155375	False
4	64	compositional_ridge	CPA_0.8.8	primary_state_pair	D	0.06805135172647075	0.06805135172647074	-1.3877787807814457e-17	False
4	64	compositional_ridge	zero_effect	zero_effect_diagnostic	S	0.08019509622114168	0.08019509622114168	0.0	False
4	64	compositional_ridge	zero_effect	zero_effect_diagnostic	M	0.08019509622114168	0.08019509622114168	0.0	False
4	64	compositional_ridge	zero_effect	zero_effect_diagnostic	P	0.08019509622114168	0.07660601000259377	-0.003589086218547907	False
4	64	compositional_ridge	zero_effect	zero_effect_diagnostic	O	0.08019509622114168	0.07660601000259377	-0.003589086218547907	False
4	64	compositional_ridge	zero_effect	zero_effect_diagnostic	D	0.08019509622114168	0.07660601000259377	-0.003589086218547907	False
4	64	CPA_0.8.8	zero_effect	zero_effect_diagnostic	S	0.012143744494670927	0.012143744494670927	0.0	False
4	64	CPA_0.8.8	zero_effect	zero_effect_diagnostic	M	0.012143744494670927	0.012143744494670927	0.0	False
4	64	CPA_0.8.8	zero_effect	zero_effect_diagnostic	P	0.012143744494670927	0.00844619366706148	-0.003697550827609447	False
4	64	CPA_0.8.8	zero_effect	zero_effect_diagnostic	O	0.012143744494670927	0.008663122885184574	-0.0034806216094863535	False
4	64	CPA_0.8.8	zero_effect	zero_effect_diagnostic	D	0.012143744494670927	0.008554658276123034	-0.0035890862185478933	False
4	128	additive	compositional_ridge	primary_state_pair	S	-0.0007912360649253228	-0.0007912360649253228	0.0	False
4	128	additive	compositional_ridge	primary_state_pair	M	-0.0007912360649253228	-0.0007912360649253228	0.0	False
4	128	additive	compositional_ridge	primary_state_pair	P	-0.0007912360649253228	-0.0007912360649253124	1.0408340855860843e-17	False
4	128	additive	compositional_ridge	primary_state_pair	O	-0.0007912360649253228	-0.0007912360649253124	1.0408340855860843e-17	False
4	128	additive	compositional_ridge	primary_state_pair	D	-0.0007912360649253228	-0.0007912360649253124	1.0408340855860843e-17	False
4	128	additive	CPA_0.8.8	primary_state_pair	S	0.06637693526575209	0.06637693526575209	0.0	False
4	128	additive	CPA_0.8.8	primary_state_pair	M	0.06637693526575209	0.06637693526575207	-1.3877787807814457e-17	False
4	128	additive	CPA_0.8.8	primary_state_pair	P	0.06637693526575209	0.06650372126292836	0.00012678599717627637	False
4	128	additive	CPA_0.8.8	primary_state_pair	O	0.06637693526575209	0.06625014926857584	-0.0001267859971762486	False
4	128	additive	CPA_0.8.8	primary_state_pair	D	0.06637693526575209	0.06637693526575211	2.7755575615628914e-17	False
4	128	additive	zero_effect	zero_effect_diagnostic	S	0.0773551716129597	0.0773551716129597	0.0	False
4	128	additive	zero_effect	zero_effect_diagnostic	M	0.0773551716129597	0.0773551716129597	0.0	False
4	128	additive	zero_effect	zero_effect_diagnostic	P	0.0773551716129597	0.07548110578098549	-0.001874065831974206	False
4	128	additive	zero_effect	zero_effect_diagnostic	O	0.0773551716129597	0.07548110578098549	-0.001874065831974206	False
4	128	additive	zero_effect	zero_effect_diagnostic	D	0.0773551716129597	0.07548110578098549	-0.001874065831974206	False
4	128	compositional_ridge	CPA_0.8.8	primary_state_pair	S	0.0671681713306774	0.0671681713306774	0.0	False
4	128	compositional_ridge	CPA_0.8.8	primary_state_pair	M	0.0671681713306774	0.0671681713306774	0.0	False
4	128	compositional_ridge	CPA_0.8.8	primary_state_pair	P	0.0671681713306774	0.06729495732785366	0.0001267859971762625	False
4	128	compositional_ridge	CPA_0.8.8	primary_state_pair	O	0.0671681713306774	0.06704138533350114	-0.0001267859971762625	False
4	128	compositional_ridge	CPA_0.8.8	primary_state_pair	D	0.0671681713306774	0.06716817133067741	1.3877787807814457e-17	False
4	128	compositional_ridge	zero_effect	zero_effect_diagnostic	S	0.07814640767788503	0.07814640767788503	0.0	False
4	128	compositional_ridge	zero_effect	zero_effect_diagnostic	M	0.07814640767788503	0.07814640767788503	0.0	False
4	128	compositional_ridge	zero_effect	zero_effect_diagnostic	P	0.07814640767788503	0.07627234184591081	-0.0018740658319742198	False
4	128	compositional_ridge	zero_effect	zero_effect_diagnostic	O	0.07814640767788503	0.07627234184591081	-0.0018740658319742198	False
4	128	compositional_ridge	zero_effect	zero_effect_diagnostic	D	0.07814640767788503	0.07627234184591081	-0.0018740658319742198	False
4	128	CPA_0.8.8	zero_effect	zero_effect_diagnostic	S	0.010978236347207612	0.010978236347207612	0.0	False
4	128	CPA_0.8.8	zero_effect	zero_effect_diagnostic	M	0.010978236347207612	0.010978236347207626	1.3877787807814457e-17	False
4	128	CPA_0.8.8	zero_effect	zero_effect_diagnostic	P	0.010978236347207612	0.008977384518057144	-0.0020008518291504684	False
4	128	CPA_0.8.8	zero_effect	zero_effect_diagnostic	O	0.010978236347207612	0.009230956512409669	-0.0017472798347979435	False
4	128	CPA_0.8.8	zero_effect	zero_effect_diagnostic	D	0.010978236347207612	0.009104170515233392	-0.0018740658319742198	False
4	135	additive	compositional_ridge	primary_state_pair	S	-0.0007912360649253228	-0.0007912360649253228	0.0	False
4	135	additive	compositional_ridge	primary_state_pair	M	-0.0007912360649253228	-0.0007912360649253228	0.0	False
4	135	additive	compositional_ridge	primary_state_pair	P	-0.0007912360649253228	-0.0007912360649253089	1.3877787807814457e-17	False
4	135	additive	compositional_ridge	primary_state_pair	O	-0.0007912360649253228	-0.0007912360649253089	1.3877787807814457e-17	False
4	135	additive	compositional_ridge	primary_state_pair	D	-0.0007912360649253228	-0.0007912360649253089	1.3877787807814457e-17	False
4	135	additive	CPA_0.8.8	primary_state_pair	S	0.0665463440429327	0.0665463440429327	0.0	False
4	135	additive	CPA_0.8.8	primary_state_pair	M	0.0665463440429327	0.0665463440429327	0.0	False
4	135	additive	CPA_0.8.8	primary_state_pair	P	0.0665463440429327	0.06665894151566623	0.00011259747273352494	False
4	135	additive	CPA_0.8.8	primary_state_pair	O	0.0665463440429327	0.06643374657019925	-0.00011259747273345555	False
4	135	additive	CPA_0.8.8	primary_state_pair	D	0.0665463440429327	0.06654634404293275	4.163336342344337e-17	False
4	135	additive	zero_effect	zero_effect_diagnostic	S	0.07745212316147114	0.07745212316147114	0.0	False
4	135	additive	zero_effect	zero_effect_diagnostic	M	0.07745212316147114	0.07745212316147114	0.0	False
4	135	additive	zero_effect	zero_effect_diagnostic	P	0.07745212316147114	0.07569291413604827	-0.0017592090254228698	False
4	135	additive	zero_effect	zero_effect_diagnostic	O	0.07745212316147114	0.07569291413604827	-0.0017592090254228698	False
4	135	additive	zero_effect	zero_effect_diagnostic	D	0.07745212316147114	0.07569291413604827	-0.0017592090254228698	False
4	135	compositional_ridge	CPA_0.8.8	primary_state_pair	S	0.06733758010785804	0.06733758010785804	0.0	False
4	135	compositional_ridge	CPA_0.8.8	primary_state_pair	M	0.06733758010785804	0.06733758010785804	0.0	False
4	135	compositional_ridge	CPA_0.8.8	primary_state_pair	P	0.06733758010785804	0.06745017758059155	0.00011259747273351106	False
4	135	compositional_ridge	CPA_0.8.8	primary_state_pair	O	0.06733758010785804	0.06722498263512457	-0.00011259747273346943	False
4	135	compositional_ridge	CPA_0.8.8	primary_state_pair	D	0.06733758010785804	0.06733758010785806	2.7755575615628914e-17	False
4	135	compositional_ridge	zero_effect	zero_effect_diagnostic	S	0.07824335922639647	0.07824335922639647	0.0	False
4	135	compositional_ridge	zero_effect	zero_effect_diagnostic	M	0.07824335922639647	0.07824335922639647	0.0	False
4	135	compositional_ridge	zero_effect	zero_effect_diagnostic	P	0.07824335922639647	0.07648415020097359	-0.0017592090254228837	False
4	135	compositional_ridge	zero_effect	zero_effect_diagnostic	O	0.07824335922639647	0.07648415020097359	-0.0017592090254228837	False
4	135	compositional_ridge	zero_effect	zero_effect_diagnostic	D	0.07824335922639647	0.07648415020097359	-0.0017592090254228837	False
4	135	CPA_0.8.8	zero_effect	zero_effect_diagnostic	S	0.010905779118538433	0.010905779118538433	0.0	False
4	135	CPA_0.8.8	zero_effect	zero_effect_diagnostic	M	0.010905779118538433	0.010905779118538433	0.0	False
4	135	CPA_0.8.8	zero_effect	zero_effect_diagnostic	P	0.010905779118538433	0.009033972620382039	-0.0018718064981563948	False
4	135	CPA_0.8.8	zero_effect	zero_effect_diagnostic	O	0.010905779118538433	0.009259167565849019	-0.0016466115526894143	False
4	135	CPA_0.8.8	zero_effect	zero_effect_diagnostic	D	0.010905779118538433	0.009146570093115522	-0.0017592090254229115	False
5	8	additive	compositional_ridge	primary_state_pair	S	-0.0007912360649253228	-0.0007912360649253228	0.0	False
5	8	additive	compositional_ridge	primary_state_pair	M	-0.0007912360649253228	-0.0007912360649253228	0.0	False
5	8	additive	compositional_ridge	primary_state_pair	P	-0.0007912360649253228	-0.0007912360649253367	-1.3877787807814457e-17	False
5	8	additive	compositional_ridge	primary_state_pair	O	-0.0007912360649253228	-0.0007912360649253367	-1.3877787807814457e-17	False
5	8	additive	compositional_ridge	primary_state_pair	D	-0.0007912360649253228	-0.0007912360649253367	-1.3877787807814457e-17	False
5	8	additive	CPA_0.8.8	primary_state_pair	S	0.06331488858731238	0.06331488858731238	0.0	False
5	8	additive	CPA_0.8.8	primary_state_pair	M	0.06331488858731238	0.06331488858731237	-1.3877787807814457e-17	False
5	8	additive	CPA_0.8.8	primary_state_pair	P	0.06331488858731238	0.06508136666471814	0.0017664780774057642	False
5	8	additive	CPA_0.8.8	primary_state_pair	O	0.06331488858731238	0.061548410509906684	-0.0017664780774056948	False
5	8	additive	CPA_0.8.8	primary_state_pair	D	0.06331488858731238	0.06331488858731235	-2.7755575615628914e-17	False
5	8	additive	zero_effect	zero_effect_diagnostic	S	0.0872506716338032	0.0872506716338032	0.0	False
5	8	additive	zero_effect	zero_effect_diagnostic	M	0.0872506716338032	0.0872506716338032	0.0	False
5	8	additive	zero_effect	zero_effect_diagnostic	P	0.0872506716338032	0.05656946445508519	-0.030681207178718015	False
5	8	additive	zero_effect	zero_effect_diagnostic	O	0.0872506716338032	0.05656946445508519	-0.030681207178718015	False
5	8	additive	zero_effect	zero_effect_diagnostic	D	0.0872506716338032	0.05656946445508519	-0.030681207178718015	False
5	8	compositional_ridge	CPA_0.8.8	primary_state_pair	S	0.0641061246522377	0.0641061246522377	0.0	False
5	8	compositional_ridge	CPA_0.8.8	primary_state_pair	M	0.0641061246522377	0.0641061246522377	0.0	False
5	8	compositional_ridge	CPA_0.8.8	primary_state_pair	P	0.0641061246522377	0.06587260272964349	0.001766478077405792	False
5	8	compositional_ridge	CPA_0.8.8	primary_state_pair	O	0.0641061246522377	0.06233964657483202	-0.001766478077405674	False
5	8	compositional_ridge	CPA_0.8.8	primary_state_pair	D	0.0641061246522377	0.0641061246522377	0.0	False
5	8	compositional_ridge	zero_effect	zero_effect_diagnostic	S	0.08804190769872852	0.08804190769872852	0.0	False
5	8	compositional_ridge	zero_effect	zero_effect_diagnostic	M	0.08804190769872852	0.08804190769872852	0.0	False
5	8	compositional_ridge	zero_effect	zero_effect_diagnostic	P	0.08804190769872852	0.05736070052001053	-0.030681207178717994	False
5	8	compositional_ridge	zero_effect	zero_effect_diagnostic	O	0.08804190769872852	0.05736070052001053	-0.030681207178717994	False
5	8	compositional_ridge	zero_effect	zero_effect_diagnostic	D	0.08804190769872852	0.05736070052001053	-0.030681207178717994	False
5	8	CPA_0.8.8	zero_effect	zero_effect_diagnostic	S	0.023935783046490827	0.023935783046490827	0.0	False
5	8	CPA_0.8.8	zero_effect	zero_effect_diagnostic	M	0.023935783046490827	0.02393578304649084	1.3877787807814457e-17	False
5	8	CPA_0.8.8	zero_effect	zero_effect_diagnostic	P	0.023935783046490827	-0.008511902209632952	-0.03244768525612378	True
5	8	CPA_0.8.8	zero_effect	zero_effect_diagnostic	O	0.023935783046490827	-0.0049789460548214926	-0.02891472910131232	True
5	8	CPA_0.8.8	zero_effect	zero_effect_diagnostic	D	0.023935783046490827	-0.00674542413222716	-0.030681207178717987	True
5	16	additive	compositional_ridge	primary_state_pair	S	-0.0007912360649253228	-0.0007912360649253228	0.0	False
5	16	additive	compositional_ridge	primary_state_pair	M	-0.0007912360649253228	-0.0007912360649253228	0.0	False
5	16	additive	compositional_ridge	primary_state_pair	P	-0.0007912360649253228	-0.0007912360649252881	3.469446951953614e-17	False
5	16	additive	compositional_ridge	primary_state_pair	O	-0.0007912360649253228	-0.0007912360649252881	3.469446951953614e-17	False
5	16	additive	compositional_ridge	primary_state_pair	D	-0.0007912360649253228	-0.0007912360649252881	3.469446951953614e-17	False
5	16	additive	CPA_0.8.8	primary_state_pair	S	0.0651519396776185	0.0651519396776185	0.0	False
5	16	additive	CPA_0.8.8	primary_state_pair	M	0.0651519396776185	0.0651519396776185	0.0	False
5	16	additive	CPA_0.8.8	primary_state_pair	P	0.0651519396776185	0.06680523780037853	0.0016532981227600357	False
5	16	additive	CPA_0.8.8	primary_state_pair	O	0.0651519396776185	0.06349864155485854	-0.0016532981227599525	False
5	16	additive	CPA_0.8.8	primary_state_pair	D	0.0651519396776185	0.06515193967761856	6.938893903907228e-17	False
5	16	additive	zero_effect	zero_effect_diagnostic	S	0.08199818250085313	0.08199818250085313	0.0	False
5	16	additive	zero_effect	zero_effect_diagnostic	M	0.08199818250085313	0.08199818250085313	0.0	False
5	16	additive	zero_effect	zero_effect_diagnostic	P	0.08199818250085313	0.06615555050497685	-0.01584263199587628	False
5	16	additive	zero_effect	zero_effect_diagnostic	O	0.08199818250085313	0.06615555050497685	-0.01584263199587628	False
5	16	additive	zero_effect	zero_effect_diagnostic	D	0.08199818250085313	0.06615555050497685	-0.01584263199587628	False
5	16	compositional_ridge	CPA_0.8.8	primary_state_pair	S	0.06594317574254382	0.06594317574254382	0.0	False
5	16	compositional_ridge	CPA_0.8.8	primary_state_pair	M	0.06594317574254382	0.06594317574254382	0.0	False
5	16	compositional_ridge	CPA_0.8.8	primary_state_pair	P	0.06594317574254382	0.06759647386530382	0.001653298122759994	False
5	16	compositional_ridge	CPA_0.8.8	primary_state_pair	O	0.06594317574254382	0.06428987761978383	-0.001653298122759994	False
5	16	compositional_ridge	CPA_0.8.8	primary_state_pair	D	0.06594317574254382	0.06594317574254385	2.7755575615628914e-17	False
5	16	compositional_ridge	zero_effect	zero_effect_diagnostic	S	0.08278941856577846	0.08278941856577846	0.0	False
5	16	compositional_ridge	zero_effect	zero_effect_diagnostic	M	0.08278941856577846	0.08278941856577846	0.0	False
5	16	compositional_ridge	zero_effect	zero_effect_diagnostic	P	0.08278941856577846	0.06694678656990213	-0.015842631995876322	False
5	16	compositional_ridge	zero_effect	zero_effect_diagnostic	O	0.08278941856577846	0.06694678656990213	-0.015842631995876322	False
5	16	compositional_ridge	zero_effect	zero_effect_diagnostic	D	0.08278941856577846	0.06694678656990213	-0.015842631995876322	False
5	16	CPA_0.8.8	zero_effect	zero_effect_diagnostic	S	0.01684624282323463	0.01684624282323463	0.0	False
5	16	CPA_0.8.8	zero_effect	zero_effect_diagnostic	M	0.01684624282323463	0.01684624282323463	0.0	False
5	16	CPA_0.8.8	zero_effect	zero_effect_diagnostic	P	0.01684624282323463	-0.0006496872954016852	-0.017495930118636316	True
5	16	CPA_0.8.8	zero_effect	zero_effect_diagnostic	O	0.01684624282323463	0.002656908950118289	-0.014189333873116342	False
5	16	CPA_0.8.8	zero_effect	zero_effect_diagnostic	D	0.01684624282323463	0.0010036108273582672	-0.015842631995876363	False
5	32	additive	compositional_ridge	primary_state_pair	S	-0.0007912360649253228	-0.0007912360649253228	0.0	False
5	32	additive	compositional_ridge	primary_state_pair	M	-0.0007912360649253228	-0.0007912360649253228	0.0	False
5	32	additive	compositional_ridge	primary_state_pair	P	-0.0007912360649253228	-0.0007912360649253089	1.3877787807814457e-17	False
5	32	additive	compositional_ridge	primary_state_pair	O	-0.0007912360649253228	-0.0007912360649253089	1.3877787807814457e-17	False
5	32	additive	compositional_ridge	primary_state_pair	D	-0.0007912360649253228	-0.0007912360649253089	1.3877787807814457e-17	False
5	32	additive	CPA_0.8.8	primary_state_pair	S	0.06582834761541044	0.06582834761541044	0.0	False
5	32	additive	CPA_0.8.8	primary_state_pair	M	0.06582834761541044	0.06582834761541044	0.0	False
5	32	additive	CPA_0.8.8	primary_state_pair	P	0.06582834761541044	0.06627374376478701	0.00044539614937656735	False
5	32	additive	CPA_0.8.8	primary_state_pair	O	0.06582834761541044	0.06538295146603398	-0.00044539614937645633	False
5	32	additive	CPA_0.8.8	primary_state_pair	D	0.06582834761541044	0.06582834761541054	9.71445146547012e-17	False
5	32	additive	zero_effect	zero_effect_diagnostic	S	0.07952718618940259	0.07952718618940259	0.0	False
5	32	additive	zero_effect	zero_effect_diagnostic	M	0.07952718618940259	0.07952718618940259	0.0	False
5	32	additive	zero_effect	zero_effect_diagnostic	P	0.07952718618940259	0.07193042736319208	-0.007596758826210512	False
5	32	additive	zero_effect	zero_effect_diagnostic	O	0.07952718618940259	0.07193042736319208	-0.007596758826210512	False
5	32	additive	zero_effect	zero_effect_diagnostic	D	0.07952718618940259	0.07193042736319208	-0.007596758826210512	False
5	32	compositional_ridge	CPA_0.8.8	primary_state_pair	S	0.06661958368033577	0.06661958368033577	0.0	False
5	32	compositional_ridge	CPA_0.8.8	primary_state_pair	M	0.06661958368033577	0.06661958368033577	0.0	False
5	32	compositional_ridge	CPA_0.8.8	primary_state_pair	P	0.06661958368033577	0.06706497982971231	0.0004453961493765396	False
5	32	compositional_ridge	CPA_0.8.8	primary_state_pair	O	0.06661958368033577	0.0661741875309593	-0.0004453961493764702	False
5	32	compositional_ridge	CPA_0.8.8	primary_state_pair	D	0.06661958368033577	0.06661958368033584	6.938893903907228e-17	False
5	32	compositional_ridge	zero_effect	zero_effect_diagnostic	S	0.08031842225432792	0.08031842225432792	0.0	False
5	32	compositional_ridge	zero_effect	zero_effect_diagnostic	M	0.08031842225432792	0.08031842225432792	0.0	False
5	32	compositional_ridge	zero_effect	zero_effect_diagnostic	P	0.08031842225432792	0.07272166342811738	-0.0075967588262105396	False
5	32	compositional_ridge	zero_effect	zero_effect_diagnostic	O	0.08031842225432792	0.07272166342811738	-0.0075967588262105396	False
5	32	compositional_ridge	zero_effect	zero_effect_diagnostic	D	0.08031842225432792	0.07272166342811738	-0.0075967588262105396	False
5	32	CPA_0.8.8	zero_effect	zero_effect_diagnostic	S	0.01369883857399215	0.01369883857399215	0.0	False
5	32	CPA_0.8.8	zero_effect	zero_effect_diagnostic	M	0.01369883857399215	0.01369883857399215	0.0	False
5	32	CPA_0.8.8	zero_effect	zero_effect_diagnostic	P	0.01369883857399215	0.005656683598405071	-0.00804215497558708	False
5	32	CPA_0.8.8	zero_effect	zero_effect_diagnostic	O	0.01369883857399215	0.006547475897158081	-0.007151362676834069	False
5	32	CPA_0.8.8	zero_effect	zero_effect_diagnostic	D	0.01369883857399215	0.006102079747781541	-0.007596758826210609	False
5	64	additive	compositional_ridge	primary_state_pair	S	-0.0007912360649253228	-0.0007912360649253228	0.0	False
5	64	additive	compositional_ridge	primary_state_pair	M	-0.0007912360649253228	-0.0007912360649253228	0.0	False
5	64	additive	compositional_ridge	primary_state_pair	P	-0.0007912360649253228	-0.0007912360649253054	1.734723475976807e-17	False
5	64	additive	compositional_ridge	primary_state_pair	O	-0.0007912360649253228	-0.0007912360649253054	1.734723475976807e-17	False
5	64	additive	compositional_ridge	primary_state_pair	D	-0.0007912360649253228	-0.0007912360649253054	1.734723475976807e-17	False
5	64	additive	CPA_0.8.8	primary_state_pair	S	0.06558376662708523	0.06558376662708523	0.0	False
5	64	additive	CPA_0.8.8	primary_state_pair	M	0.06558376662708523	0.06558376662708523	0.0	False
5	64	additive	CPA_0.8.8	primary_state_pair	P	0.06558376662708523	0.06575981280400545	0.00017604617692021374	False
5	64	additive	CPA_0.8.8	primary_state_pair	O	0.06558376662708523	0.0654077204501651	-0.00017604617692013047	False
5	64	additive	CPA_0.8.8	primary_state_pair	D	0.06558376662708523	0.0655837666270853	6.938893903907228e-17	False
5	64	additive	zero_effect	zero_effect_diagnostic	S	0.07724688793943348	0.07724688793943348	0.0	False
5	64	additive	zero_effect	zero_effect_diagnostic	M	0.07724688793943348	0.07724688793943348	0.0	False
5	64	additive	zero_effect	zero_effect_diagnostic	P	0.07724688793943348	0.07353699111516923	-0.0037098968242642444	False
5	64	additive	zero_effect	zero_effect_diagnostic	O	0.07724688793943348	0.07353699111516923	-0.0037098968242642444	False
5	64	additive	zero_effect	zero_effect_diagnostic	D	0.07724688793943348	0.07353699111516923	-0.0037098968242642444	False
5	64	compositional_ridge	CPA_0.8.8	primary_state_pair	S	0.06637500269201055	0.06637500269201055	0.0	False
5	64	compositional_ridge	CPA_0.8.8	primary_state_pair	M	0.06637500269201055	0.06637500269201055	0.0	False
5	64	compositional_ridge	CPA_0.8.8	primary_state_pair	P	0.06637500269201055	0.06655104886893075	0.00017604617692019986	False
5	64	compositional_ridge	CPA_0.8.8	primary_state_pair	O	0.06637500269201055	0.0661989565150904	-0.00017604617692014435	False
5	64	compositional_ridge	CPA_0.8.8	primary_state_pair	D	0.06637500269201055	0.0663750026920106	5.551115123125783e-17	False
5	64	compositional_ridge	zero_effect	zero_effect_diagnostic	S	0.0780381240043588	0.0780381240043588	0.0	False
5	64	compositional_ridge	zero_effect	zero_effect_diagnostic	M	0.0780381240043588	0.0780381240043588	0.0	False
5	64	compositional_ridge	zero_effect	zero_effect_diagnostic	P	0.0780381240043588	0.07432822718009453	-0.003709896824264272	False
5	64	compositional_ridge	zero_effect	zero_effect_diagnostic	O	0.0780381240043588	0.07432822718009453	-0.003709896824264272	False
5	64	compositional_ridge	zero_effect	zero_effect_diagnostic	D	0.0780381240043588	0.07432822718009453	-0.003709896824264272	False
5	64	CPA_0.8.8	zero_effect	zero_effect_diagnostic	S	0.011663121312348243	0.011663121312348243	0.0	False
5	64	CPA_0.8.8	zero_effect	zero_effect_diagnostic	M	0.011663121312348243	0.011663121312348243	0.0	False
5	64	CPA_0.8.8	zero_effect	zero_effect_diagnostic	P	0.011663121312348243	0.007777178311163785	-0.003885943001184458	False
5	64	CPA_0.8.8	zero_effect	zero_effect_diagnostic	O	0.011663121312348243	0.008129270665004129	-0.003533850647344114	False
5	64	CPA_0.8.8	zero_effect	zero_effect_diagnostic	D	0.011663121312348243	0.00795322448808393	-0.0037098968242643138	False
5	128	additive	compositional_ridge	primary_state_pair	S	-0.0007912360649253228	-0.0007912360649253228	0.0	False
5	128	additive	compositional_ridge	primary_state_pair	M	-0.0007912360649253228	-0.0007912360649253228	0.0	False
5	128	additive	compositional_ridge	primary_state_pair	P	-0.0007912360649253228	-0.0007912360649253054	1.734723475976807e-17	False
5	128	additive	compositional_ridge	primary_state_pair	O	-0.0007912360649253228	-0.0007912360649253054	1.734723475976807e-17	False
5	128	additive	compositional_ridge	primary_state_pair	D	-0.0007912360649253228	-0.0007912360649253054	1.734723475976807e-17	False
5	128	additive	CPA_0.8.8	primary_state_pair	S	0.06603678905085954	0.06603678905085954	0.0	False
5	128	additive	CPA_0.8.8	primary_state_pair	M	0.06603678905085954	0.06603678905085954	0.0	False
5	128	additive	CPA_0.8.8	primary_state_pair	P	0.06603678905085954	0.06615390278455441	0.00011711373369487077	False
5	128	additive	CPA_0.8.8	primary_state_pair	O	0.06603678905085954	0.06591967531716467	-0.00011711373369487077	False
5	128	additive	CPA_0.8.8	primary_state_pair	D	0.06603678905085954	0.06603678905085952	-1.3877787807814457e-17	False
5	128	additive	zero_effect	zero_effect_diagnostic	S	0.07698532542842354	0.07698532542842354	0.0	False
5	128	additive	zero_effect	zero_effect_diagnostic	M	0.07698532542842354	0.07698532542842354	0.0	False
5	128	additive	zero_effect	zero_effect_diagnostic	P	0.07698532542842354	0.07505035893576055	-0.00193496649266299	False
5	128	additive	zero_effect	zero_effect_diagnostic	O	0.07698532542842354	0.07505035893576055	-0.00193496649266299	False
5	128	additive	zero_effect	zero_effect_diagnostic	D	0.07698532542842354	0.07505035893576055	-0.00193496649266299	False
5	128	compositional_ridge	CPA_0.8.8	primary_state_pair	S	0.06682802511578487	0.06682802511578487	0.0	False
5	128	compositional_ridge	CPA_0.8.8	primary_state_pair	M	0.06682802511578487	0.06682802511578487	0.0	False
5	128	compositional_ridge	CPA_0.8.8	primary_state_pair	P	0.06682802511578487	0.06694513884947971	0.00011711373369484301	False
5	128	compositional_ridge	CPA_0.8.8	primary_state_pair	O	0.06682802511578487	0.06671091138208997	-0.00011711373369489853	False
5	128	compositional_ridge	CPA_0.8.8	primary_state_pair	D	0.06682802511578487	0.06682802511578483	-4.163336342344337e-17	False
5	128	compositional_ridge	zero_effect	zero_effect_diagnostic	S	0.07777656149334886	0.07777656149334886	0.0	False
5	128	compositional_ridge	zero_effect	zero_effect_diagnostic	M	0.07777656149334886	0.07777656149334886	0.0	False
5	128	compositional_ridge	zero_effect	zero_effect_diagnostic	P	0.07777656149334886	0.07584159500068585	-0.001934966492663004	False
5	128	compositional_ridge	zero_effect	zero_effect_diagnostic	O	0.07777656149334886	0.07584159500068585	-0.001934966492663004	False
5	128	compositional_ridge	zero_effect	zero_effect_diagnostic	D	0.07777656149334886	0.07584159500068585	-0.001934966492663004	False
5	128	CPA_0.8.8	zero_effect	zero_effect_diagnostic	S	0.010948536377564003	0.010948536377564003	0.0	False
5	128	CPA_0.8.8	zero_effect	zero_effect_diagnostic	M	0.010948536377564003	0.010948536377564003	0.0	False
5	128	CPA_0.8.8	zero_effect	zero_effect_diagnostic	P	0.010948536377564003	0.008896456151206142	-0.002052080226357861	False
5	128	CPA_0.8.8	zero_effect	zero_effect_diagnostic	O	0.010948536377564003	0.009130683618595883	-0.0018178527589681193	False
5	128	CPA_0.8.8	zero_effect	zero_effect_diagnostic	D	0.010948536377564003	0.009013569884901027	-0.0019349664926629762	False
5	135	additive	compositional_ridge	primary_state_pair	S	-0.0007912360649253228	-0.0007912360649253228	0.0	False
5	135	additive	compositional_ridge	primary_state_pair	M	-0.0007912360649253228	-0.0007912360649253228	0.0	False
5	135	additive	compositional_ridge	primary_state_pair	P	-0.0007912360649253228	-0.0007912360649253124	1.0408340855860843e-17	False
5	135	additive	compositional_ridge	primary_state_pair	O	-0.0007912360649253228	-0.0007912360649253124	1.0408340855860843e-17	False
5	135	additive	compositional_ridge	primary_state_pair	D	-0.0007912360649253228	-0.0007912360649253124	1.0408340855860843e-17	False
5	135	additive	CPA_0.8.8	primary_state_pair	S	0.06565979947706872	0.06565979947706872	0.0	False
5	135	additive	CPA_0.8.8	primary_state_pair	M	0.06565979947706872	0.06565979947706871	-1.3877787807814457e-17	False
5	135	additive	CPA_0.8.8	primary_state_pair	P	0.06565979947706872	0.06577641785080543	0.00011661837373670714	False
5	135	additive	CPA_0.8.8	primary_state_pair	O	0.06565979947706872	0.06554318110333199	-0.00011661837373673489	False
5	135	additive	CPA_0.8.8	primary_state_pair	D	0.06565979947706872	0.06565979947706874	1.3877787807814457e-17	False
5	135	additive	zero_effect	zero_effect_diagnostic	S	0.07651917042099303	0.07651917042099303	0.0	False
5	135	additive	zero_effect	zero_effect_diagnostic	M	0.07651917042099303	0.07651917042099303	0.0	False
5	135	additive	zero_effect	zero_effect_diagnostic	P	0.07651917042099303	0.07468221044551891	-0.0018369599754741173	False
5	135	additive	zero_effect	zero_effect_diagnostic	O	0.07651917042099303	0.07468221044551891	-0.0018369599754741173	False
5	135	additive	zero_effect	zero_effect_diagnostic	D	0.07651917042099303	0.07468221044551891	-0.0018369599754741173	False
5	135	compositional_ridge	CPA_0.8.8	primary_state_pair	S	0.06645103554199405	0.06645103554199405	0.0	False
5	135	compositional_ridge	CPA_0.8.8	primary_state_pair	M	0.06645103554199405	0.06645103554199402	-2.7755575615628914e-17	False
5	135	compositional_ridge	CPA_0.8.8	primary_state_pair	P	0.06645103554199405	0.06656765391573075	0.00011661837373669326	False
5	135	compositional_ridge	CPA_0.8.8	primary_state_pair	O	0.06645103554199405	0.0663344171682573	-0.00011661837373674877	False
5	135	compositional_ridge	CPA_0.8.8	primary_state_pair	D	0.06645103554199405	0.06645103554199405	0.0	False
5	135	compositional_ridge	zero_effect	zero_effect_diagnostic	S	0.07731040648591836	0.07731040648591836	0.0	False
5	135	compositional_ridge	zero_effect	zero_effect_diagnostic	M	0.07731040648591836	0.07731040648591836	0.0	False
5	135	compositional_ridge	zero_effect	zero_effect_diagnostic	P	0.07731040648591836	0.07547344651044421	-0.001836959975474145	False
5	135	compositional_ridge	zero_effect	zero_effect_diagnostic	O	0.07731040648591836	0.07547344651044421	-0.001836959975474145	False
5	135	compositional_ridge	zero_effect	zero_effect_diagnostic	D	0.07731040648591836	0.07547344651044421	-0.001836959975474145	False
5	135	CPA_0.8.8	zero_effect	zero_effect_diagnostic	S	0.010859370943924307	0.010859370943924307	0.0	False
5	135	CPA_0.8.8	zero_effect	zero_effect_diagnostic	M	0.010859370943924307	0.01085937094392432	1.3877787807814457e-17	False
5	135	CPA_0.8.8	zero_effect	zero_effect_diagnostic	P	0.010859370943924307	0.008905792594713483	-0.0019535783492108244	False
5	135	CPA_0.8.8	zero_effect	zero_effect_diagnostic	O	0.010859370943924307	0.009139029342186925	-0.0017203416017373824	False
5	135	CPA_0.8.8	zero_effect	zero_effect_diagnostic	D	0.010859370943924307	0.009022410968450176	-0.0018369599754741311	False
6	8	additive	compositional_ridge	primary_state_pair	S	-0.0007912360649253228	-0.0007912360649253228	0.0	False
6	8	additive	compositional_ridge	primary_state_pair	M	-0.0007912360649253228	-0.0007912360649253228	0.0	False
6	8	additive	compositional_ridge	primary_state_pair	P	-0.0007912360649253228	-0.000791236064925302	2.0816681711721685e-17	False
6	8	additive	compositional_ridge	primary_state_pair	O	-0.0007912360649253228	-0.000791236064925302	2.0816681711721685e-17	False
6	8	additive	compositional_ridge	primary_state_pair	D	-0.0007912360649253228	-0.000791236064925302	2.0816681711721685e-17	False
6	8	additive	CPA_0.8.8	primary_state_pair	S	0.06594639037256193	0.06594639037256193	0.0	False
6	8	additive	CPA_0.8.8	primary_state_pair	M	0.06594639037256193	0.06594639037256193	0.0	False
6	8	additive	CPA_0.8.8	primary_state_pair	P	0.06594639037256193	0.06971754347840914	0.0037711531058472053	False
6	8	additive	CPA_0.8.8	primary_state_pair	O	0.06594639037256193	0.06217523726671475	-0.0037711531058471845	False
6	8	additive	CPA_0.8.8	primary_state_pair	D	0.06594639037256193	0.06594639037256195	1.3877787807814457e-17	False
6	8	additive	zero_effect	zero_effect_diagnostic	S	0.09041210421291156	0.09041210421291156	0.0	False
6	8	additive	zero_effect	zero_effect_diagnostic	M	0.09041210421291156	0.09041210421291156	0.0	False
6	8	additive	zero_effect	zero_effect_diagnostic	P	0.09041210421291156	0.05946367213252534	-0.030948432080386216	False
6	8	additive	zero_effect	zero_effect_diagnostic	O	0.09041210421291156	0.05946367213252534	-0.030948432080386216	False
6	8	additive	zero_effect	zero_effect_diagnostic	D	0.09041210421291156	0.05946367213252534	-0.030948432080386216	False
6	8	compositional_ridge	CPA_0.8.8	primary_state_pair	S	0.06673762643748726	0.06673762643748726	0.0	False
6	8	compositional_ridge	CPA_0.8.8	primary_state_pair	M	0.06673762643748726	0.06673762643748726	0.0	False
6	8	compositional_ridge	CPA_0.8.8	primary_state_pair	P	0.06673762643748726	0.07050877954333445	0.0037711531058471914	False
6	8	compositional_ridge	CPA_0.8.8	primary_state_pair	O	0.06673762643748726	0.06296647333164004	-0.003771153105847219	False
6	8	compositional_ridge	CPA_0.8.8	primary_state_pair	D	0.06673762643748726	0.06673762643748726	0.0	False
6	8	compositional_ridge	zero_effect	zero_effect_diagnostic	S	0.09120334027783689	0.09120334027783689	0.0	False
6	8	compositional_ridge	zero_effect	zero_effect_diagnostic	M	0.09120334027783689	0.09120334027783689	0.0	False
6	8	compositional_ridge	zero_effect	zero_effect_diagnostic	P	0.09120334027783689	0.06025490819745064	-0.030948432080386244	False
6	8	compositional_ridge	zero_effect	zero_effect_diagnostic	O	0.09120334027783689	0.06025490819745064	-0.030948432080386244	False
6	8	compositional_ridge	zero_effect	zero_effect_diagnostic	D	0.09120334027783689	0.06025490819745064	-0.030948432080386244	False
6	8	CPA_0.8.8	zero_effect	zero_effect_diagnostic	S	0.024465713840349623	0.024465713840349623	0.0	False
6	8	CPA_0.8.8	zero_effect	zero_effect_diagnostic	M	0.024465713840349623	0.024465713840349623	0.0	False
6	8	CPA_0.8.8	zero_effect	zero_effect_diagnostic	P	0.024465713840349623	-0.010253871345883805	-0.03471958518623343	True
6	8	CPA_0.8.8	zero_effect	zero_effect_diagnostic	O	0.024465713840349623	-0.0027115651341894087	-0.027177278974539032	True
6	8	CPA_0.8.8	zero_effect	zero_effect_diagnostic	D	0.024465713840349623	-0.006482718240036614	-0.030948432080386237	True
6	16	additive	compositional_ridge	primary_state_pair	S	-0.0007912360649253228	-0.0007912360649253228	0.0	False
6	16	additive	compositional_ridge	primary_state_pair	M	-0.0007912360649253228	-0.0007912360649253228	0.0	False
6	16	additive	compositional_ridge	primary_state_pair	P	-0.0007912360649253228	-0.0007912360649253228	0.0	False
6	16	additive	compositional_ridge	primary_state_pair	O	-0.0007912360649253228	-0.0007912360649253228	0.0	False
6	16	additive	compositional_ridge	primary_state_pair	D	-0.0007912360649253228	-0.0007912360649253228	0.0	False
6	16	additive	CPA_0.8.8	primary_state_pair	S	0.06811713224693881	0.06811713224693881	0.0	False
6	16	additive	CPA_0.8.8	primary_state_pair	M	0.06811713224693881	0.06811713224693881	0.0	False
6	16	additive	CPA_0.8.8	primary_state_pair	P	0.06811713224693881	0.07074069657835294	0.002623564331414127	False
6	16	additive	CPA_0.8.8	primary_state_pair	O	0.06811713224693881	0.06549356791552477	-0.002623564331414044	False
6	16	additive	CPA_0.8.8	primary_state_pair	D	0.06811713224693881	0.06811713224693883	1.3877787807814457e-17	False
6	16	additive	zero_effect	zero_effect_diagnostic	S	0.08536123710849024	0.08536123710849024	0.0	False
6	16	additive	zero_effect	zero_effect_diagnostic	M	0.08536123710849024	0.08536123710849021	-2.7755575615628914e-17	False
6	16	additive	zero_effect	zero_effect_diagnostic	P	0.08536123710849024	0.0689971276443119	-0.016364109464178336	False
6	16	additive	zero_effect	zero_effect_diagnostic	O	0.08536123710849024	0.0689971276443119	-0.016364109464178336	False
6	16	additive	zero_effect	zero_effect_diagnostic	D	0.08536123710849024	0.0689971276443119	-0.016364109464178336	False
6	16	compositional_ridge	CPA_0.8.8	primary_state_pair	S	0.06890836831186414	0.06890836831186414	0.0	False
6	16	compositional_ridge	CPA_0.8.8	primary_state_pair	M	0.06890836831186414	0.06890836831186414	0.0	False
6	16	compositional_ridge	CPA_0.8.8	primary_state_pair	P	0.06890836831186414	0.07153193264327827	0.002623564331414127	False
6	16	compositional_ridge	CPA_0.8.8	primary_state_pair	O	0.06890836831186414	0.06628480398045009	-0.0026235643314140578	False
6	16	compositional_ridge	CPA_0.8.8	primary_state_pair	D	0.06890836831186414	0.06890836831186414	0.0	False
6	16	compositional_ridge	zero_effect	zero_effect_diagnostic	S	0.08615247317341557	0.08615247317341557	0.0	False
6	16	compositional_ridge	zero_effect	zero_effect_diagnostic	M	0.08615247317341557	0.08615247317341554	-2.7755575615628914e-17	False
6	16	compositional_ridge	zero_effect	zero_effect_diagnostic	P	0.08615247317341557	0.06978836370923722	-0.01636410946417835	False
6	16	compositional_ridge	zero_effect	zero_effect_diagnostic	O	0.08615247317341557	0.06978836370923722	-0.01636410946417835	False
6	16	compositional_ridge	zero_effect	zero_effect_diagnostic	D	0.08615247317341557	0.06978836370923722	-0.01636410946417835	False
6	16	CPA_0.8.8	zero_effect	zero_effect_diagnostic	S	0.017244104861551424	0.017244104861551424	0.0	False
6	16	CPA_0.8.8	zero_effect	zero_effect_diagnostic	M	0.017244104861551424	0.017244104861551396	-2.7755575615628914e-17	False
6	16	CPA_0.8.8	zero_effect	zero_effect_diagnostic	P	0.017244104861551424	-0.0017435689340410537	-0.018987673795592477	True
6	16	CPA_0.8.8	zero_effect	zero_effect_diagnostic	O	0.017244104861551424	0.003503559728787131	-0.013740545132764292	False
6	16	CPA_0.8.8	zero_effect	zero_effect_diagnostic	D	0.017244104861551424	0.0008799953973730734	-0.01636410946417835	False
6	32	additive	compositional_ridge	primary_state_pair	S	-0.0007912360649253228	-0.0007912360649253228	0.0	False
6	32	additive	compositional_ridge	primary_state_pair	M	-0.0007912360649253228	-0.0007912360649253228	0.0	False
6	32	additive	compositional_ridge	primary_state_pair	P	-0.0007912360649253228	-0.0007912360649253367	-1.3877787807814457e-17	False
6	32	additive	compositional_ridge	primary_state_pair	O	-0.0007912360649253228	-0.0007912360649253367	-1.3877787807814457e-17	False
6	32	additive	compositional_ridge	primary_state_pair	D	-0.0007912360649253228	-0.0007912360649253367	-1.3877787807814457e-17	False
6	32	additive	CPA_0.8.8	primary_state_pair	S	0.06447632488540611	0.06447632488540611	0.0	False
6	32	additive	CPA_0.8.8	primary_state_pair	M	0.06447632488540611	0.06447632488540611	0.0	False
6	32	additive	CPA_0.8.8	primary_state_pair	P	0.06447632488540611	0.06522797992306134	0.00075165503765523	False
6	32	additive	CPA_0.8.8	primary_state_pair	O	0.06447632488540611	0.06372466984775081	-0.0007516550376552994	False
6	32	additive	CPA_0.8.8	primary_state_pair	D	0.06447632488540611	0.06447632488540607	-4.163336342344337e-17	False
6	32	additive	zero_effect	zero_effect_diagnostic	S	0.07817371952371172	0.07817371952371172	0.0	False
6	32	additive	zero_effect	zero_effect_diagnostic	M	0.07817371952371172	0.07817371952371173	1.3877787807814457e-17	False
6	32	additive	zero_effect	zero_effect_diagnostic	P	0.07817371952371172	0.07011180327150841	-0.008061916252203302	False
6	32	additive	zero_effect	zero_effect_diagnostic	O	0.07817371952371172	0.07011180327150841	-0.008061916252203302	False
6	32	additive	zero_effect	zero_effect_diagnostic	D	0.07817371952371172	0.07011180327150841	-0.008061916252203302	False
6	32	compositional_ridge	CPA_0.8.8	primary_state_pair	S	0.06526756095033143	0.06526756095033143	0.0	False
6	32	compositional_ridge	CPA_0.8.8	primary_state_pair	M	0.06526756095033143	0.06526756095033143	0.0	False
6	32	compositional_ridge	CPA_0.8.8	primary_state_pair	P	0.06526756095033143	0.06601921598798668	0.0007516550376552578	False
6	32	compositional_ridge	CPA_0.8.8	primary_state_pair	O	0.06526756095033143	0.06451590591267614	-0.0007516550376552855	False
6	32	compositional_ridge	CPA_0.8.8	primary_state_pair	D	0.06526756095033143	0.0652675609503314	-2.7755575615628914e-17	False
6	32	compositional_ridge	zero_effect	zero_effect_diagnostic	S	0.07896495558863703	0.07896495558863703	0.0	False
6	32	compositional_ridge	zero_effect	zero_effect_diagnostic	M	0.07896495558863703	0.07896495558863706	2.7755575615628914e-17	False
6	32	compositional_ridge	zero_effect	zero_effect_diagnostic	P	0.07896495558863703	0.07090303933643374	-0.008061916252203288	False
6	32	compositional_ridge	zero_effect	zero_effect_diagnostic	O	0.07896495558863703	0.07090303933643374	-0.008061916252203288	False
6	32	compositional_ridge	zero_effect	zero_effect_diagnostic	D	0.07896495558863703	0.07090303933643374	-0.008061916252203288	False
6	32	CPA_0.8.8	zero_effect	zero_effect_diagnostic	S	0.013697394638305604	0.013697394638305604	0.0	False
6	32	CPA_0.8.8	zero_effect	zero_effect_diagnostic	M	0.013697394638305604	0.013697394638305618	1.3877787807814457e-17	False
6	32	CPA_0.8.8	zero_effect	zero_effect_diagnostic	P	0.013697394638305604	0.004883823348447072	-0.008813571289858532	False
6	32	CPA_0.8.8	zero_effect	zero_effect_diagnostic	O	0.013697394638305604	0.006387133423757602	-0.007310261214548003	False
6	32	CPA_0.8.8	zero_effect	zero_effect_diagnostic	D	0.013697394638305604	0.005635478386102344	-0.00806191625220326	False
6	64	additive	compositional_ridge	primary_state_pair	S	-0.0007912360649253228	-0.0007912360649253228	0.0	False
6	64	additive	compositional_ridge	primary_state_pair	M	-0.0007912360649253228	-0.0007912360649253228	0.0	False
6	64	additive	compositional_ridge	primary_state_pair	P	-0.0007912360649253228	-0.0007912360649253089	1.3877787807814457e-17	False
6	64	additive	compositional_ridge	primary_state_pair	O	-0.0007912360649253228	-0.0007912360649253089	1.3877787807814457e-17	False
6	64	additive	compositional_ridge	primary_state_pair	D	-0.0007912360649253228	-0.0007912360649253089	1.3877787807814457e-17	False
6	64	additive	CPA_0.8.8	primary_state_pair	S	0.06509908912251605	0.06509908912251605	0.0	False
6	64	additive	CPA_0.8.8	primary_state_pair	M	0.06509908912251605	0.06509908912251605	0.0	False
6	64	additive	CPA_0.8.8	primary_state_pair	P	0.06509908912251605	0.06551552693173161	0.0004164378092155613	False
6	64	additive	CPA_0.8.8	primary_state_pair	O	0.06509908912251605	0.06468265131330057	-0.000416437809215478	False
6	64	additive	CPA_0.8.8	primary_state_pair	D	0.06509908912251605	0.06509908912251611	5.551115123125783e-17	False
6	64	additive	zero_effect	zero_effect_diagnostic	S	0.07689475074033672	0.07689475074033672	0.0	False
6	64	additive	zero_effect	zero_effect_diagnostic	M	0.07689475074033672	0.07689475074033672	0.0	False
6	64	additive	zero_effect	zero_effect_diagnostic	P	0.07689475074033672	0.07293243450118078	-0.0039623162391559386	False
6	64	additive	zero_effect	zero_effect_diagnostic	O	0.07689475074033672	0.07293243450118078	-0.0039623162391559386	False
6	64	additive	zero_effect	zero_effect_diagnostic	D	0.07689475074033672	0.07293243450118078	-0.0039623162391559386	False
6	64	compositional_ridge	CPA_0.8.8	primary_state_pair	S	0.06589032518744137	0.06589032518744137	0.0	False
6	64	compositional_ridge	CPA_0.8.8	primary_state_pair	M	0.06589032518744137	0.06589032518744137	0.0	False
6	64	compositional_ridge	CPA_0.8.8	primary_state_pair	P	0.06589032518744137	0.06630676299665691	0.0004164378092155474	False
6	64	compositional_ridge	CPA_0.8.8	primary_state_pair	O	0.06589032518744137	0.06547388737822588	-0.0004164378092154919	False
6	64	compositional_ridge	CPA_0.8.8	primary_state_pair	D	0.06589032518744137	0.06589032518744142	5.551115123125783e-17	False
6	64	compositional_ridge	zero_effect	zero_effect_diagnostic	S	0.07768598680526204	0.07768598680526204	0.0	False
6	64	compositional_ridge	zero_effect	zero_effect_diagnostic	M	0.07768598680526204	0.07768598680526204	0.0	False
6	64	compositional_ridge	zero_effect	zero_effect_diagnostic	P	0.07768598680526204	0.0737236705661061	-0.0039623162391559386	False
6	64	compositional_ridge	zero_effect	zero_effect_diagnostic	O	0.07768598680526204	0.0737236705661061	-0.0039623162391559386	False
6	64	compositional_ridge	zero_effect	zero_effect_diagnostic	D	0.07768598680526204	0.0737236705661061	-0.0039623162391559386	False
6	64	CPA_0.8.8	zero_effect	zero_effect_diagnostic	S	0.011795661617820669	0.011795661617820669	0.0	False
6	64	CPA_0.8.8	zero_effect	zero_effect_diagnostic	M	0.011795661617820669	0.011795661617820669	0.0	False
6	64	CPA_0.8.8	zero_effect	zero_effect_diagnostic	P	0.011795661617820669	0.007416907569449169	-0.0043787540483715	False
6	64	CPA_0.8.8	zero_effect	zero_effect_diagnostic	O	0.011795661617820669	0.008249783187880208	-0.0035458784299404605	False
6	64	CPA_0.8.8	zero_effect	zero_effect_diagnostic	D	0.011795661617820669	0.007833345378664675	-0.003962316239155994	False
6	128	additive	compositional_ridge	primary_state_pair	S	-0.0007912360649253228	-0.0007912360649253228	0.0	False
6	128	additive	compositional_ridge	primary_state_pair	M	-0.0007912360649253228	-0.0007912360649253228	0.0	False
6	128	additive	compositional_ridge	primary_state_pair	P	-0.0007912360649253228	-0.0007912360649253054	1.734723475976807e-17	False
6	128	additive	compositional_ridge	primary_state_pair	O	-0.0007912360649253228	-0.0007912360649253054	1.734723475976807e-17	False
6	128	additive	compositional_ridge	primary_state_pair	D	-0.0007912360649253228	-0.0007912360649253054	1.734723475976807e-17	False
6	128	additive	CPA_0.8.8	primary_state_pair	S	0.06596221132406246	0.06596221132406246	0.0	False
6	128	additive	CPA_0.8.8	primary_state_pair	M	0.06596221132406246	0.06596221132406246	0.0	False
6	128	additive	CPA_0.8.8	primary_state_pair	P	0.06596221132406246	0.06611527661281959	0.00015306528875712322	False
6	128	additive	CPA_0.8.8	primary_state_pair	O	0.06596221132406246	0.06580914603530542	-0.00015306528875703995	False
6	128	additive	CPA_0.8.8	primary_state_pair	D	0.06596221132406246	0.06596221132406249	2.7755575615628914e-17	False
6	128	additive	zero_effect	zero_effect_diagnostic	S	0.07685378256671335	0.07685378256671335	0.0	False
6	128	additive	zero_effect	zero_effect_diagnostic	M	0.07685378256671335	0.07685378256671335	0.0	False
6	128	additive	zero_effect	zero_effect_diagnostic	P	0.07685378256671335	0.07498039314844139	-0.0018733894182719618	False
6	128	additive	zero_effect	zero_effect_diagnostic	O	0.07685378256671335	0.07498039314844139	-0.0018733894182719618	False
6	128	additive	zero_effect	zero_effect_diagnostic	D	0.07685378256671335	0.07498039314844139	-0.0018733894182719618	False
6	128	compositional_ridge	CPA_0.8.8	primary_state_pair	S	0.06675344738898778	0.06675344738898778	0.0	False
6	128	compositional_ridge	CPA_0.8.8	primary_state_pair	M	0.06675344738898778	0.06675344738898778	0.0	False
6	128	compositional_ridge	CPA_0.8.8	primary_state_pair	P	0.06675344738898778	0.06690651267774489	0.00015306528875710934	False
6	128	compositional_ridge	CPA_0.8.8	primary_state_pair	O	0.06675344738898778	0.06660038210023073	-0.00015306528875705383	False
6	128	compositional_ridge	CPA_0.8.8	primary_state_pair	D	0.06675344738898778	0.0667534473889878	1.3877787807814457e-17	False
6	128	compositional_ridge	zero_effect	zero_effect_diagnostic	S	0.07764501863163867	0.07764501863163867	0.0	False
6	128	compositional_ridge	zero_effect	zero_effect_diagnostic	M	0.07764501863163867	0.07764501863163867	0.0	False
6	128	compositional_ridge	zero_effect	zero_effect_diagnostic	P	0.07764501863163867	0.07577162921336669	-0.0018733894182719757	False
6	128	compositional_ridge	zero_effect	zero_effect_diagnostic	O	0.07764501863163867	0.07577162921336669	-0.0018733894182719757	False
6	128	compositional_ridge	zero_effect	zero_effect_diagnostic	D	0.07764501863163867	0.07577162921336669	-0.0018733894182719757	False
6	128	CPA_0.8.8	zero_effect	zero_effect_diagnostic	S	0.010891571242650888	0.010891571242650888	0.0	False
6	128	CPA_0.8.8	zero_effect	zero_effect_diagnostic	M	0.010891571242650888	0.010891571242650888	0.0	False
6	128	CPA_0.8.8	zero_effect	zero_effect_diagnostic	P	0.010891571242650888	0.008865116535621803	-0.002026454707029085	False
6	128	CPA_0.8.8	zero_effect	zero_effect_diagnostic	O	0.010891571242650888	0.009171247113135966	-0.0017203241295149219	False
6	128	CPA_0.8.8	zero_effect	zero_effect_diagnostic	D	0.010891571242650888	0.009018181824378899	-0.0018733894182719896	False
6	135	additive	compositional_ridge	primary_state_pair	S	-0.0007912360649253228	-0.0007912360649253228	0.0	False
6	135	additive	compositional_ridge	primary_state_pair	M	-0.0007912360649253228	-0.0007912360649253228	0.0	False
6	135	additive	compositional_ridge	primary_state_pair	P	-0.0007912360649253228	-0.0007912360649253193	3.469446951953614e-18	False
6	135	additive	compositional_ridge	primary_state_pair	O	-0.0007912360649253228	-0.0007912360649253193	3.469446951953614e-18	False
6	135	additive	compositional_ridge	primary_state_pair	D	-0.0007912360649253228	-0.0007912360649253193	3.469446951953614e-18	False
6	135	additive	CPA_0.8.8	primary_state_pair	S	0.0659038773491636	0.0659038773491636	0.0	False
6	135	additive	CPA_0.8.8	primary_state_pair	M	0.0659038773491636	0.0659038773491636	0.0	False
6	135	additive	CPA_0.8.8	primary_state_pair	P	0.0659038773491636	0.0660618926785442	0.00015801532938060359	False
6	135	additive	CPA_0.8.8	primary_state_pair	O	0.0659038773491636	0.06574586201978304	-0.00015801532938056195	False
6	135	additive	CPA_0.8.8	primary_state_pair	D	0.0659038773491636	0.06590387734916363	2.7755575615628914e-17	False
6	135	additive	zero_effect	zero_effect_diagnostic	S	0.0767242293491681	0.0767242293491681	0.0	False
6	135	additive	zero_effect	zero_effect_diagnostic	M	0.0767242293491681	0.0767242293491681	0.0	False
6	135	additive	zero_effect	zero_effect_diagnostic	P	0.0767242293491681	0.07495749256364012	-0.0017667367855279809	False
6	135	additive	zero_effect	zero_effect_diagnostic	O	0.0767242293491681	0.07495749256364012	-0.0017667367855279809	False
6	135	additive	zero_effect	zero_effect_diagnostic	D	0.0767242293491681	0.07495749256364012	-0.0017667367855279809	False
6	135	compositional_ridge	CPA_0.8.8	primary_state_pair	S	0.06669511341408893	0.06669511341408893	0.0	False
6	135	compositional_ridge	CPA_0.8.8	primary_state_pair	M	0.06669511341408893	0.06669511341408893	0.0	False
6	135	compositional_ridge	CPA_0.8.8	primary_state_pair	P	0.06669511341408893	0.06685312874346952	0.0001580153293805897	False
6	135	compositional_ridge	CPA_0.8.8	primary_state_pair	O	0.06669511341408893	0.06653709808470837	-0.00015801532938056195	False
6	135	compositional_ridge	CPA_0.8.8	primary_state_pair	D	0.06669511341408893	0.06669511341408896	2.7755575615628914e-17	False
6	135	compositional_ridge	zero_effect	zero_effect_diagnostic	S	0.07751546541409343	0.07751546541409343	0.0	False
6	135	compositional_ridge	zero_effect	zero_effect_diagnostic	M	0.07751546541409343	0.07751546541409343	0.0	False
6	135	compositional_ridge	zero_effect	zero_effect_diagnostic	P	0.07751546541409343	0.07574872862856544	-0.0017667367855279947	False
6	135	compositional_ridge	zero_effect	zero_effect_diagnostic	O	0.07751546541409343	0.07574872862856544	-0.0017667367855279947	False
6	135	compositional_ridge	zero_effect	zero_effect_diagnostic	D	0.07751546541409343	0.07574872862856544	-0.0017667367855279947	False
6	135	CPA_0.8.8	zero_effect	zero_effect_diagnostic	S	0.010820352000004502	0.010820352000004502	0.0	False
6	135	CPA_0.8.8	zero_effect	zero_effect_diagnostic	M	0.010820352000004502	0.010820352000004502	0.0	False
6	135	CPA_0.8.8	zero_effect	zero_effect_diagnostic	P	0.010820352000004502	0.008895599885095917	-0.0019247521149085844	False
6	135	CPA_0.8.8	zero_effect	zero_effect_diagnostic	O	0.010820352000004502	0.009211630543857083	-0.001608721456147419	False
6	135	CPA_0.8.8	zero_effect	zero_effect_diagnostic	D	0.010820352000004502	0.009053615214476493	-0.0017667367855280086	False
7	8	additive	compositional_ridge	primary_state_pair	S	-0.0007912360649253228	-0.0007912360649253228	0.0	False
7	8	additive	compositional_ridge	primary_state_pair	M	-0.0007912360649253228	-0.0007912360649253228	0.0	False
7	8	additive	compositional_ridge	primary_state_pair	P	-0.0007912360649253228	-0.000791236064925295	2.7755575615628914e-17	False
7	8	additive	compositional_ridge	primary_state_pair	O	-0.0007912360649253228	-0.000791236064925295	2.7755575615628914e-17	False
7	8	additive	compositional_ridge	primary_state_pair	D	-0.0007912360649253228	-0.000791236064925295	2.7755575615628914e-17	False
7	8	additive	CPA_0.8.8	primary_state_pair	S	0.06634220975534673	0.06634220975534673	0.0	False
7	8	additive	CPA_0.8.8	primary_state_pair	M	0.06634220975534673	0.06634220975534671	-1.3877787807814457e-17	False
7	8	additive	CPA_0.8.8	primary_state_pair	P	0.06634220975534673	0.06851896547485539	0.0021767557195086634	False
7	8	additive	CPA_0.8.8	primary_state_pair	O	0.06634220975534673	0.06416545403583812	-0.002176755719508608	False
7	8	additive	CPA_0.8.8	primary_state_pair	D	0.06634220975534673	0.06634220975534671	-1.3877787807814457e-17	False
7	8	additive	zero_effect	zero_effect_diagnostic	S	0.09146796626316629	0.09146796626316629	0.0	False
7	8	additive	zero_effect	zero_effect_diagnostic	M	0.09146796626316629	0.0914679662631663	1.3877787807814457e-17	False
7	8	additive	zero_effect	zero_effect_diagnostic	P	0.09146796626316629	0.06037832583946479	-0.0310896404237015	False
7	8	additive	zero_effect	zero_effect_diagnostic	O	0.09146796626316629	0.06037832583946479	-0.0310896404237015	False
7	8	additive	zero_effect	zero_effect_diagnostic	D	0.09146796626316629	0.06037832583946479	-0.0310896404237015	False
7	8	compositional_ridge	CPA_0.8.8	primary_state_pair	S	0.06713344582027206	0.06713344582027206	0.0	False
7	8	compositional_ridge	CPA_0.8.8	primary_state_pair	M	0.06713344582027206	0.06713344582027203	-2.7755575615628914e-17	False
7	8	compositional_ridge	CPA_0.8.8	primary_state_pair	P	0.06713344582027206	0.0693102015397807	0.0021767557195086357	False
7	8	compositional_ridge	CPA_0.8.8	primary_state_pair	O	0.06713344582027206	0.06495669010076341	-0.0021767557195086495	False
7	8	compositional_ridge	CPA_0.8.8	primary_state_pair	D	0.06713344582027206	0.067133445820272	-5.551115123125783e-17	False
7	8	compositional_ridge	zero_effect	zero_effect_diagnostic	S	0.09225920232809162	0.09225920232809162	0.0	False
7	8	compositional_ridge	zero_effect	zero_effect_diagnostic	M	0.09225920232809162	0.09225920232809162	0.0	False
7	8	compositional_ridge	zero_effect	zero_effect_diagnostic	P	0.09225920232809162	0.06116956190439009	-0.031089640423701534	False
7	8	compositional_ridge	zero_effect	zero_effect_diagnostic	O	0.09225920232809162	0.06116956190439009	-0.031089640423701534	False
7	8	compositional_ridge	zero_effect	zero_effect_diagnostic	D	0.09225920232809162	0.06116956190439009	-0.031089640423701534	False
7	8	CPA_0.8.8	zero_effect	zero_effect_diagnostic	S	0.025125756507819563	0.025125756507819563	0.0	False
7	8	CPA_0.8.8	zero_effect	zero_effect_diagnostic	M	0.025125756507819563	0.02512575650781959	2.7755575615628914e-17	False
7	8	CPA_0.8.8	zero_effect	zero_effect_diagnostic	P	0.025125756507819563	-0.008140639635390606	-0.03326639614321017	True
7	8	CPA_0.8.8	zero_effect	zero_effect_diagnostic	O	0.025125756507819563	-0.003787128196373321	-0.028912884704192884	True
7	8	CPA_0.8.8	zero_effect	zero_effect_diagnostic	D	0.025125756507819563	-0.005963883915881915	-0.03108964042370148	True
7	16	additive	compositional_ridge	primary_state_pair	S	-0.0007912360649253228	-0.0007912360649253228	0.0	False
7	16	additive	compositional_ridge	primary_state_pair	M	-0.0007912360649253228	-0.0007912360649253228	0.0	False
7	16	additive	compositional_ridge	primary_state_pair	P	-0.0007912360649253228	-0.0007912360649253228	0.0	False
7	16	additive	compositional_ridge	primary_state_pair	O	-0.0007912360649253228	-0.0007912360649253228	0.0	False
7	16	additive	compositional_ridge	primary_state_pair	D	-0.0007912360649253228	-0.0007912360649253228	0.0	False
7	16	additive	CPA_0.8.8	primary_state_pair	S	0.06924253821702943	0.06924253821702943	0.0	False
7	16	additive	CPA_0.8.8	primary_state_pair	M	0.06924253821702943	0.06924253821702943	0.0	False
7	16	additive	CPA_0.8.8	primary_state_pair	P	0.06924253821702943	0.0705282110840393	0.0012856728670098683	False
7	16	additive	CPA_0.8.8	primary_state_pair	O	0.06924253821702943	0.06795686535001959	-0.0012856728670098405	False
7	16	additive	CPA_0.8.8	primary_state_pair	D	0.06924253821702943	0.0692425382170295	6.938893903907228e-17	False
7	16	additive	zero_effect	zero_effect_diagnostic	S	0.08632527968317635	0.08632527968317635	0.0	False
7	16	additive	zero_effect	zero_effect_diagnostic	M	0.08632527968317635	0.0863252796831764	4.163336342344337e-17	False
7	16	additive	zero_effect	zero_effect_diagnostic	P	0.08632527968317635	0.07140054243539806	-0.014924737247778291	False
7	16	additive	zero_effect	zero_effect_diagnostic	O	0.08632527968317635	0.07140054243539806	-0.014924737247778291	False
7	16	additive	zero_effect	zero_effect_diagnostic	D	0.08632527968317635	0.07140054243539806	-0.014924737247778291	False
7	16	compositional_ridge	CPA_0.8.8	primary_state_pair	S	0.07003377428195476	0.07003377428195476	0.0	False
7	16	compositional_ridge	CPA_0.8.8	primary_state_pair	M	0.07003377428195476	0.07003377428195476	0.0	False
7	16	compositional_ridge	CPA_0.8.8	primary_state_pair	P	0.07003377428195476	0.07131944714896463	0.0012856728670098683	False
7	16	compositional_ridge	CPA_0.8.8	primary_state_pair	O	0.07003377428195476	0.06874810141494492	-0.0012856728670098405	False
7	16	compositional_ridge	CPA_0.8.8	primary_state_pair	D	0.07003377428195476	0.07003377428195481	5.551115123125783e-17	False
7	16	compositional_ridge	zero_effect	zero_effect_diagnostic	S	0.08711651574810167	0.08711651574810167	0.0	False
7	16	compositional_ridge	zero_effect	zero_effect_diagnostic	M	0.08711651574810167	0.08711651574810172	5.551115123125783e-17	False
7	16	compositional_ridge	zero_effect	zero_effect_diagnostic	P	0.08711651574810167	0.07219177850032338	-0.014924737247778291	False
7	16	compositional_ridge	zero_effect	zero_effect_diagnostic	O	0.08711651574810167	0.07219177850032338	-0.014924737247778291	False
7	16	compositional_ridge	zero_effect	zero_effect_diagnostic	D	0.08711651574810167	0.07219177850032338	-0.014924737247778291	False
7	16	CPA_0.8.8	zero_effect	zero_effect_diagnostic	S	0.017082741466146925	0.017082741466146925	0.0	False
7	16	CPA_0.8.8	zero_effect	zero_effect_diagnostic	M	0.017082741466146925	0.017082741466146967	4.163336342344337e-17	False
7	16	CPA_0.8.8	zero_effect	zero_effect_diagnostic	P	0.017082741466146925	0.0008723313513587655	-0.01621041011478816	False
7	16	CPA_0.8.8	zero_effect	zero_effect_diagnostic	O	0.017082741466146925	0.0034436770853784743	-0.01363906438076845	False
7	16	CPA_0.8.8	zero_effect	zero_effect_diagnostic	D	0.017082741466146925	0.0021580042183685644	-0.01492473724777836	False
7	32	additive	compositional_ridge	primary_state_pair	S	-0.0007912360649253228	-0.0007912360649253228	0.0	False
7	32	additive	compositional_ridge	primary_state_pair	M	-0.0007912360649253228	-0.0007912360649253228	0.0	False
7	32	additive	compositional_ridge	primary_state_pair	P	-0.0007912360649253228	-0.0007912360649253436	-2.0816681711721685e-17	False
7	32	additive	compositional_ridge	primary_state_pair	O	-0.0007912360649253228	-0.0007912360649253436	-2.0816681711721685e-17	False
7	32	additive	compositional_ridge	primary_state_pair	D	-0.0007912360649253228	-0.0007912360649253436	-2.0816681711721685e-17	False
7	32	additive	CPA_0.8.8	primary_state_pair	S	0.06711248757818039	0.06711248757818039	0.0	False
7	32	additive	CPA_0.8.8	primary_state_pair	M	0.06711248757818039	0.06711248757818039	0.0	False
7	32	additive	CPA_0.8.8	primary_state_pair	P	0.06711248757818039	0.06792703102714413	0.0008145434489637421	False
7	32	additive	CPA_0.8.8	primary_state_pair	O	0.06711248757818039	0.06629794412921675	-0.0008145434489636449	False
7	32	additive	CPA_0.8.8	primary_state_pair	D	0.06711248757818039	0.06711248757818042	2.7755575615628914e-17	False
7	32	additive	zero_effect	zero_effect_diagnostic	S	0.08078000967900642	0.08078000967900642	0.0	False
7	32	additive	zero_effect	zero_effect_diagnostic	M	0.08078000967900642	0.08078000967900642	0.0	False
7	32	additive	zero_effect	zero_effect_diagnostic	P	0.08078000967900642	0.07315246942680961	-0.007627540252196807	False
7	32	additive	zero_effect	zero_effect_diagnostic	O	0.08078000967900642	0.07315246942680961	-0.007627540252196807	False
7	32	additive	zero_effect	zero_effect_diagnostic	D	0.08078000967900642	0.07315246942680961	-0.007627540252196807	False
7	32	compositional_ridge	CPA_0.8.8	primary_state_pair	S	0.0679037236431057	0.0679037236431057	0.0	False
7	32	compositional_ridge	CPA_0.8.8	primary_state_pair	M	0.0679037236431057	0.0679037236431057	0.0	False
7	32	compositional_ridge	CPA_0.8.8	primary_state_pair	P	0.0679037236431057	0.06871826709206948	0.0008145434489637698	False
7	32	compositional_ridge	CPA_0.8.8	primary_state_pair	O	0.0679037236431057	0.06708918019414209	-0.0008145434489636172	False
7	32	compositional_ridge	CPA_0.8.8	primary_state_pair	D	0.0679037236431057	0.06790372364310576	5.551115123125783e-17	False
7	32	compositional_ridge	zero_effect	zero_effect_diagnostic	S	0.08157124574393174	0.08157124574393174	0.0	False
7	32	compositional_ridge	zero_effect	zero_effect_diagnostic	M	0.08157124574393174	0.08157124574393174	0.0	False
7	32	compositional_ridge	zero_effect	zero_effect_diagnostic	P	0.08157124574393174	0.07394370549173496	-0.0076275402521967794	False
7	32	compositional_ridge	zero_effect	zero_effect_diagnostic	O	0.08157124574393174	0.07394370549173496	-0.0076275402521967794	False
7	32	compositional_ridge	zero_effect	zero_effect_diagnostic	D	0.08157124574393174	0.07394370549173496	-0.0076275402521967794	False
7	32	CPA_0.8.8	zero_effect	zero_effect_diagnostic	S	0.01366752210082603	0.01366752210082603	0.0	False
7	32	CPA_0.8.8	zero_effect	zero_effect_diagnostic	M	0.01366752210082603	0.01366752210082603	0.0	False
7	32	CPA_0.8.8	zero_effect	zero_effect_diagnostic	P	0.01366752210082603	0.00522543839966548	-0.00844208370116055	False
7	32	CPA_0.8.8	zero_effect	zero_effect_diagnostic	O	0.01366752210082603	0.006854525297592867	-0.006812996803233162	False
7	32	CPA_0.8.8	zero_effect	zero_effect_diagnostic	D	0.01366752210082603	0.0060399818486291945	-0.007627540252196835	False
7	64	additive	compositional_ridge	primary_state_pair	S	-0.0007912360649253228	-0.0007912360649253228	0.0	False
7	64	additive	compositional_ridge	primary_state_pair	M	-0.0007912360649253228	-0.0007912360649253228	0.0	False
7	64	additive	compositional_ridge	primary_state_pair	P	-0.0007912360649253228	-0.0007912360649253124	1.0408340855860843e-17	False
7	64	additive	compositional_ridge	primary_state_pair	O	-0.0007912360649253228	-0.0007912360649253124	1.0408340855860843e-17	False
7	64	additive	compositional_ridge	primary_state_pair	D	-0.0007912360649253228	-0.0007912360649253124	1.0408340855860843e-17	False
7	64	additive	CPA_0.8.8	primary_state_pair	S	0.06618466314178562	0.06618466314178562	0.0	False
7	64	additive	CPA_0.8.8	primary_state_pair	M	0.06618466314178562	0.06618466314178562	0.0	False
7	64	additive	CPA_0.8.8	primary_state_pair	P	0.06618466314178562	0.06649278159359139	0.00030811845180576947	False
7	64	additive	CPA_0.8.8	primary_state_pair	O	0.06618466314178562	0.06587654468997983	-0.00030811845180578334	False
7	64	additive	CPA_0.8.8	primary_state_pair	D	0.06618466314178562	0.06618466314178563	1.3877787807814457e-17	False
7	64	additive	zero_effect	zero_effect_diagnostic	S	0.07809500776462562	0.07809500776462562	0.0	False
7	64	additive	zero_effect	zero_effect_diagnostic	M	0.07809500776462562	0.07809500776462562	0.0	False
7	64	additive	zero_effect	zero_effect_diagnostic	P	0.07809500776462562	0.07430643511871753	-0.003788572645908095	False
7	64	additive	zero_effect	zero_effect_diagnostic	O	0.07809500776462562	0.07430643511871753	-0.003788572645908095	False
7	64	additive	zero_effect	zero_effect_diagnostic	D	0.07809500776462562	0.07430643511871753	-0.003788572645908095	False
7	64	compositional_ridge	CPA_0.8.8	primary_state_pair	S	0.06697589920671093	0.06697589920671093	0.0	False
7	64	compositional_ridge	CPA_0.8.8	primary_state_pair	M	0.06697589920671093	0.06697589920671093	0.0	False
7	64	compositional_ridge	CPA_0.8.8	primary_state_pair	P	0.06697589920671093	0.0672840176585167	0.00030811845180576947	False
7	64	compositional_ridge	CPA_0.8.8	primary_state_pair	O	0.06697589920671093	0.06666778075490515	-0.00030811845180578334	False
7	64	compositional_ridge	CPA_0.8.8	primary_state_pair	D	0.06697589920671093	0.06697589920671095	1.3877787807814457e-17	False
7	64	compositional_ridge	zero_effect	zero_effect_diagnostic	S	0.07888624382955095	0.07888624382955095	0.0	False
7	64	compositional_ridge	zero_effect	zero_effect_diagnostic	M	0.07888624382955095	0.07888624382955095	0.0	False
7	64	compositional_ridge	zero_effect	zero_effect_diagnostic	P	0.07888624382955095	0.07509767118364284	-0.0037885726459081087	False
7	64	compositional_ridge	zero_effect	zero_effect_diagnostic	O	0.07888624382955095	0.07509767118364284	-0.0037885726459081087	False
7	64	compositional_ridge	zero_effect	zero_effect_diagnostic	D	0.07888624382955095	0.07509767118364284	-0.0037885726459081087	False
7	64	CPA_0.8.8	zero_effect	zero_effect_diagnostic	S	0.011910344622840005	0.011910344622840005	0.0	False
7	64	CPA_0.8.8	zero_effect	zero_effect_diagnostic	M	0.011910344622840005	0.011910344622840005	0.0	False
7	64	CPA_0.8.8	zero_effect	zero_effect_diagnostic	P	0.011910344622840005	0.00781365352512614	-0.004096691097713864	False
7	64	CPA_0.8.8	zero_effect	zero_effect_diagnostic	O	0.011910344622840005	0.008429890428737694	-0.0034804541941023115	False
7	64	CPA_0.8.8	zero_effect	zero_effect_diagnostic	D	0.011910344622840005	0.008121771976931896	-0.0037885726459081087	False
7	128	additive	compositional_ridge	primary_state_pair	S	-0.0007912360649253228	-0.0007912360649253228	0.0	False
7	128	additive	compositional_ridge	primary_state_pair	M	-0.0007912360649253228	-0.0007912360649253228	0.0	False
7	128	additive	compositional_ridge	primary_state_pair	P	-0.0007912360649253228	-0.0007912360649253054	1.734723475976807e-17	False
7	128	additive	compositional_ridge	primary_state_pair	O	-0.0007912360649253228	-0.0007912360649253054	1.734723475976807e-17	False
7	128	additive	compositional_ridge	primary_state_pair	D	-0.0007912360649253228	-0.0007912360649253054	1.734723475976807e-17	False
7	128	additive	CPA_0.8.8	primary_state_pair	S	0.06650341591205858	0.06650341591205858	0.0	False
7	128	additive	CPA_0.8.8	primary_state_pair	M	0.06650341591205858	0.06650341591205858	0.0	False
7	128	additive	CPA_0.8.8	primary_state_pair	P	0.06650341591205858	0.06659342836707742	9.001245501884247e-05	False
7	128	additive	CPA_0.8.8	primary_state_pair	O	0.06650341591205858	0.06641340345703964	-9.001245501893962e-05	False
7	128	additive	CPA_0.8.8	primary_state_pair	D	0.06650341591205858	0.06650341591205852	-5.551115123125783e-17	False
7	128	additive	zero_effect	zero_effect_diagnostic	S	0.07745690674459119	0.07745690674459119	0.0	False
7	128	additive	zero_effect	zero_effect_diagnostic	M	0.07745690674459119	0.07745690674459119	0.0	False
7	128	additive	zero_effect	zero_effect_diagnostic	P	0.07745690674459119	0.07567088801280684	-0.0017860187317843418	False
7	128	additive	zero_effect	zero_effect_diagnostic	O	0.07745690674459119	0.07567088801280684	-0.0017860187317843418	False
7	128	additive	zero_effect	zero_effect_diagnostic	D	0.07745690674459119	0.07567088801280684	-0.0017860187317843418	False
7	128	compositional_ridge	CPA_0.8.8	primary_state_pair	S	0.0672946519769839	0.0672946519769839	0.0	False
7	128	compositional_ridge	CPA_0.8.8	primary_state_pair	M	0.0672946519769839	0.0672946519769839	0.0	False
7	128	compositional_ridge	CPA_0.8.8	primary_state_pair	P	0.0672946519769839	0.06738466443200272	9.00124550188286e-05	False
7	128	compositional_ridge	CPA_0.8.8	primary_state_pair	O	0.0672946519769839	0.06720463952196494	-9.00124550189535e-05	False
7	128	compositional_ridge	CPA_0.8.8	primary_state_pair	D	0.0672946519769839	0.06729465197698382	-6.938893903907228e-17	False
7	128	compositional_ridge	zero_effect	zero_effect_diagnostic	S	0.0782481428095165	0.0782481428095165	0.0	False
7	128	compositional_ridge	zero_effect	zero_effect_diagnostic	M	0.0782481428095165	0.0782481428095165	0.0	False
7	128	compositional_ridge	zero_effect	zero_effect_diagnostic	P	0.0782481428095165	0.07646212407773215	-0.0017860187317843557	False
7	128	compositional_ridge	zero_effect	zero_effect_diagnostic	O	0.0782481428095165	0.07646212407773215	-0.0017860187317843557	False
7	128	compositional_ridge	zero_effect	zero_effect_diagnostic	D	0.0782481428095165	0.07646212407773215	-0.0017860187317843557	False
7	128	CPA_0.8.8	zero_effect	zero_effect_diagnostic	S	0.010953490832532609	0.010953490832532609	0.0	False
7	128	CPA_0.8.8	zero_effect	zero_effect_diagnostic	M	0.010953490832532609	0.010953490832532609	0.0	False
7	128	CPA_0.8.8	zero_effect	zero_effect_diagnostic	P	0.010953490832532609	0.009077459645729424	-0.0018760311868031843	False
7	128	CPA_0.8.8	zero_effect	zero_effect_diagnostic	O	0.010953490832532609	0.009257484555767206	-0.0016960062767654022	False
7	128	CPA_0.8.8	zero_effect	zero_effect_diagnostic	D	0.010953490832532609	0.009167472100748322	-0.0017860187317842863	False
7	135	additive	compositional_ridge	primary_state_pair	S	-0.0007912360649253228	-0.0007912360649253228	0.0	False
7	135	additive	compositional_ridge	primary_state_pair	M	-0.0007912360649253228	-0.0007912360649253228	0.0	False
7	135	additive	compositional_ridge	primary_state_pair	P	-0.0007912360649253228	-0.0007912360649253158	6.938893903907228e-18	False
7	135	additive	compositional_ridge	primary_state_pair	O	-0.0007912360649253228	-0.0007912360649253158	6.938893903907228e-18	False
7	135	additive	compositional_ridge	primary_state_pair	D	-0.0007912360649253228	-0.0007912360649253158	6.938893903907228e-18	False
7	135	additive	CPA_0.8.8	primary_state_pair	S	0.06617346498177848	0.06617346498177848	0.0	False
7	135	additive	CPA_0.8.8	primary_state_pair	M	0.06617346498177848	0.06617346498177848	0.0	False
7	135	additive	CPA_0.8.8	primary_state_pair	P	0.06617346498177848	0.06626094498014293	8.747999836444809e-05	False
7	135	additive	CPA_0.8.8	primary_state_pair	O	0.06617346498177848	0.06608598498341406	-8.747999836442033e-05	False
7	135	additive	CPA_0.8.8	primary_state_pair	D	0.06617346498177848	0.06617346498177852	4.163336342344337e-17	False
7	135	additive	zero_effect	zero_effect_diagnostic	S	0.07708765237439331	0.07708765237439331	0.0	False
7	135	additive	zero_effect	zero_effect_diagnostic	M	0.07708765237439331	0.07708765237439333	1.3877787807814457e-17	False
7	135	additive	zero_effect	zero_effect_diagnostic	P	0.07708765237439331	0.07539313747593489	-0.0016945148984584268	False
7	135	additive	zero_effect	zero_effect_diagnostic	O	0.07708765237439331	0.07539313747593489	-0.0016945148984584268	False
7	135	additive	zero_effect	zero_effect_diagnostic	D	0.07708765237439331	0.07539313747593489	-0.0016945148984584268	False
7	135	compositional_ridge	CPA_0.8.8	primary_state_pair	S	0.0669647010467038	0.0669647010467038	0.0	False
7	135	compositional_ridge	CPA_0.8.8	primary_state_pair	M	0.0669647010467038	0.0669647010467038	0.0	False
7	135	compositional_ridge	CPA_0.8.8	primary_state_pair	P	0.0669647010467038	0.06705218104506824	8.747999836444809e-05	False
7	135	compositional_ridge	CPA_0.8.8	primary_state_pair	O	0.0669647010467038	0.06687722104833937	-8.747999836442033e-05	False
7	135	compositional_ridge	CPA_0.8.8	primary_state_pair	D	0.0669647010467038	0.06696470104670384	4.163336342344337e-17	False
7	135	compositional_ridge	zero_effect	zero_effect_diagnostic	S	0.07787888843931864	0.07787888843931864	0.0	False
7	135	compositional_ridge	zero_effect	zero_effect_diagnostic	M	0.07787888843931864	0.07787888843931864	0.0	False
7	135	compositional_ridge	zero_effect	zero_effect_diagnostic	P	0.07787888843931864	0.0761843735408602	-0.0016945148984584407	False
7	135	compositional_ridge	zero_effect	zero_effect_diagnostic	O	0.07787888843931864	0.0761843735408602	-0.0016945148984584407	False
7	135	compositional_ridge	zero_effect	zero_effect_diagnostic	D	0.07787888843931864	0.0761843735408602	-0.0016945148984584407	False
7	135	CPA_0.8.8	zero_effect	zero_effect_diagnostic	S	0.010914187392614835	0.010914187392614835	0.0	False
7	135	CPA_0.8.8	zero_effect	zero_effect_diagnostic	M	0.010914187392614835	0.01091418739261485	1.3877787807814457e-17	False
7	135	CPA_0.8.8	zero_effect	zero_effect_diagnostic	P	0.010914187392614835	0.00913219249579196	-0.001781994896822875	False
7	135	CPA_0.8.8	zero_effect	zero_effect_diagnostic	O	0.010914187392614835	0.009307152492520829	-0.0016070349000940065	False
7	135	CPA_0.8.8	zero_effect	zero_effect_diagnostic	D	0.010914187392614835	0.009219672494156367	-0.0016945148984584685	False
8	8	additive	compositional_ridge	primary_state_pair	S	-0.0007912360649253228	-0.0007912360649253228	0.0	False
8	8	additive	compositional_ridge	primary_state_pair	M	-0.0007912360649253228	-0.0007912360649253228	0.0	False
8	8	additive	compositional_ridge	primary_state_pair	P	-0.0007912360649253228	-0.0007912360649253367	-1.3877787807814457e-17	False
8	8	additive	compositional_ridge	primary_state_pair	O	-0.0007912360649253228	-0.0007912360649253367	-1.3877787807814457e-17	False
8	8	additive	compositional_ridge	primary_state_pair	D	-0.0007912360649253228	-0.0007912360649253367	-1.3877787807814457e-17	False
8	8	additive	CPA_0.8.8	primary_state_pair	S	0.07089415570982682	0.07089415570982682	0.0	False
8	8	additive	CPA_0.8.8	primary_state_pair	M	0.07089415570982682	0.07089415570982681	-1.3877787807814457e-17	False
8	8	additive	CPA_0.8.8	primary_state_pair	P	0.07089415570982682	0.07323547899570562	0.002341323285878799	False
8	8	additive	CPA_0.8.8	primary_state_pair	O	0.07089415570982682	0.06855283242394802	-0.002341323285878799	False
8	8	additive	CPA_0.8.8	primary_state_pair	D	0.07089415570982682	0.07089415570982685	2.7755575615628914e-17	False
8	8	additive	zero_effect	zero_effect_diagnostic	S	0.09366287068022153	0.09366287068022153	0.0	False
8	8	additive	zero_effect	zero_effect_diagnostic	M	0.09366287068022153	0.09366287068022153	0.0	False
8	8	additive	zero_effect	zero_effect_diagnostic	P	0.09366287068022153	0.06482031764712884	-0.028842553033092688	False
8	8	additive	zero_effect	zero_effect_diagnostic	O	0.09366287068022153	0.06482031764712884	-0.028842553033092688	False
8	8	additive	zero_effect	zero_effect_diagnostic	D	0.09366287068022153	0.06482031764712884	-0.028842553033092688	False
8	8	compositional_ridge	CPA_0.8.8	primary_state_pair	S	0.07168539177475214	0.07168539177475214	0.0	False
8	8	compositional_ridge	CPA_0.8.8	primary_state_pair	M	0.07168539177475214	0.07168539177475214	0.0	False
8	8	compositional_ridge	CPA_0.8.8	primary_state_pair	P	0.07168539177475214	0.07402671506063097	0.002341323285878827	False
8	8	compositional_ridge	CPA_0.8.8	primary_state_pair	O	0.07168539177475214	0.06934406848887335	-0.0023413232858787852	False
8	8	compositional_ridge	CPA_0.8.8	primary_state_pair	D	0.07168539177475214	0.0716853917747522	5.551115123125783e-17	False
8	8	compositional_ridge	zero_effect	zero_effect_diagnostic	S	0.09445410674514684	0.09445410674514684	0.0	False
8	8	compositional_ridge	zero_effect	zero_effect_diagnostic	M	0.09445410674514684	0.09445410674514684	0.0	False
8	8	compositional_ridge	zero_effect	zero_effect_diagnostic	P	0.09445410674514684	0.06561155371205418	-0.02884255303309266	False
8	8	compositional_ridge	zero_effect	zero_effect_diagnostic	O	0.09445410674514684	0.06561155371205418	-0.02884255303309266	False
8	8	compositional_ridge	zero_effect	zero_effect_diagnostic	D	0.09445410674514684	0.06561155371205418	-0.02884255303309266	False
8	8	CPA_0.8.8	zero_effect	zero_effect_diagnostic	S	0.022768714970394704	0.022768714970394704	0.0	False
8	8	CPA_0.8.8	zero_effect	zero_effect_diagnostic	M	0.022768714970394704	0.02276871497039472	1.3877787807814457e-17	False
8	8	CPA_0.8.8	zero_effect	zero_effect_diagnostic	P	0.022768714970394704	-0.008415161348576783	-0.031183876318971487	True
8	8	CPA_0.8.8	zero_effect	zero_effect_diagnostic	O	0.022768714970394704	-0.0037325147768191708	-0.026501229747213875	True
8	8	CPA_0.8.8	zero_effect	zero_effect_diagnostic	D	0.022768714970394704	-0.0060738380626980115	-0.028842553033092716	True
8	16	additive	compositional_ridge	primary_state_pair	S	-0.0007912360649253228	-0.0007912360649253228	0.0	False
8	16	additive	compositional_ridge	primary_state_pair	M	-0.0007912360649253228	-0.0007912360649253228	0.0	False
8	16	additive	compositional_ridge	primary_state_pair	P	-0.0007912360649253228	-0.0007912360649253089	1.3877787807814457e-17	False
8	16	additive	compositional_ridge	primary_state_pair	O	-0.0007912360649253228	-0.0007912360649253089	1.3877787807814457e-17	False
8	16	additive	compositional_ridge	primary_state_pair	D	-0.0007912360649253228	-0.0007912360649253089	1.3877787807814457e-17	False
8	16	additive	CPA_0.8.8	primary_state_pair	S	0.0703899423590863	0.0703899423590863	0.0	False
8	16	additive	CPA_0.8.8	primary_state_pair	M	0.0703899423590863	0.0703899423590863	0.0	False
8	16	additive	CPA_0.8.8	primary_state_pair	P	0.0703899423590863	0.07101896962874057	0.0006290272696542754	False
8	16	additive	CPA_0.8.8	primary_state_pair	O	0.0703899423590863	0.069760915089432	-0.0006290272696543031	False
8	16	additive	CPA_0.8.8	primary_state_pair	D	0.0703899423590863	0.07038994235908624	-5.551115123125783e-17	False
8	16	additive	zero_effect	zero_effect_diagnostic	S	0.08717891310766764	0.08717891310766764	0.0	False
8	16	additive	zero_effect	zero_effect_diagnostic	M	0.08717891310766764	0.08717891310766764	0.0	False
8	16	additive	zero_effect	zero_effect_diagnostic	P	0.08717891310766764	0.07283866622784925	-0.014340246879818386	False
8	16	additive	zero_effect	zero_effect_diagnostic	O	0.08717891310766764	0.07283866622784925	-0.014340246879818386	False
8	16	additive	zero_effect	zero_effect_diagnostic	D	0.08717891310766764	0.07283866622784925	-0.014340246879818386	False
8	16	compositional_ridge	CPA_0.8.8	primary_state_pair	S	0.07118117842401162	0.07118117842401162	0.0	False
8	16	compositional_ridge	CPA_0.8.8	primary_state_pair	M	0.07118117842401162	0.07118117842401162	0.0	False
8	16	compositional_ridge	CPA_0.8.8	primary_state_pair	P	0.07118117842401162	0.07181020569366589	0.0006290272696542754	False
8	16	compositional_ridge	CPA_0.8.8	primary_state_pair	O	0.07118117842401162	0.07055215115435731	-0.0006290272696543031	False
8	16	compositional_ridge	CPA_0.8.8	primary_state_pair	D	0.07118117842401162	0.07118117842401156	-5.551115123125783e-17	False
8	16	compositional_ridge	zero_effect	zero_effect_diagnostic	S	0.08797014917259297	0.08797014917259297	0.0	False
8	16	compositional_ridge	zero_effect	zero_effect_diagnostic	M	0.08797014917259297	0.08797014917259297	0.0	False
8	16	compositional_ridge	zero_effect	zero_effect_diagnostic	P	0.08797014917259297	0.07362990229277455	-0.014340246879818414	False
8	16	compositional_ridge	zero_effect	zero_effect_diagnostic	O	0.08797014917259297	0.07362990229277455	-0.014340246879818414	False
8	16	compositional_ridge	zero_effect	zero_effect_diagnostic	D	0.08797014917259297	0.07362990229277455	-0.014340246879818414	False
8	16	CPA_0.8.8	zero_effect	zero_effect_diagnostic	S	0.016788970748581336	0.016788970748581336	0.0	False
8	16	CPA_0.8.8	zero_effect	zero_effect_diagnostic	M	0.016788970748581336	0.016788970748581336	0.0	False
8	16	CPA_0.8.8	zero_effect	zero_effect_diagnostic	P	0.016788970748581336	0.001819696599108675	-0.014969274149472661	False
8	16	CPA_0.8.8	zero_effect	zero_effect_diagnostic	O	0.016788970748581336	0.0030777511384172535	-0.013711219610164083	False
8	16	CPA_0.8.8	zero_effect	zero_effect_diagnostic	D	0.016788970748581336	0.002448723868763006	-0.01434024687981833	False
8	32	additive	compositional_ridge	primary_state_pair	S	-0.0007912360649253228	-0.0007912360649253228	0.0	False
8	32	additive	compositional_ridge	primary_state_pair	M	-0.0007912360649253228	-0.0007912360649253228	0.0	False
8	32	additive	compositional_ridge	primary_state_pair	P	-0.0007912360649253228	-0.0007912360649253228	0.0	False
8	32	additive	compositional_ridge	primary_state_pair	O	-0.0007912360649253228	-0.0007912360649253228	0.0	False
8	32	additive	compositional_ridge	primary_state_pair	D	-0.0007912360649253228	-0.0007912360649253228	0.0	False
8	32	additive	CPA_0.8.8	primary_state_pair	S	0.06931906172301287	0.06931906172301287	0.0	False
8	32	additive	CPA_0.8.8	primary_state_pair	M	0.06931906172301287	0.06931906172301287	0.0	False
8	32	additive	CPA_0.8.8	primary_state_pair	P	0.06931906172301287	0.07020986025167861	0.0008907985286657344	False
8	32	additive	CPA_0.8.8	primary_state_pair	O	0.06931906172301287	0.0684282631943472	-0.0008907985286656789	False
8	32	additive	CPA_0.8.8	primary_state_pair	D	0.06931906172301287	0.06931906172301286	-1.3877787807814457e-17	False
8	32	additive	zero_effect	zero_effect_diagnostic	S	0.08285042505927745	0.08285042505927745	0.0	False
8	32	additive	zero_effect	zero_effect_diagnostic	M	0.08285042505927745	0.08285042505927745	0.0	False
8	32	additive	zero_effect	zero_effect_diagnostic	P	0.08285042505927745	0.07507774055425354	-0.0077726845050239135	False
8	32	additive	zero_effect	zero_effect_diagnostic	O	0.08285042505927745	0.07507774055425354	-0.0077726845050239135	False
8	32	additive	zero_effect	zero_effect_diagnostic	D	0.08285042505927745	0.07507774055425354	-0.0077726845050239135	False
8	32	compositional_ridge	CPA_0.8.8	primary_state_pair	S	0.0701102977879382	0.0701102977879382	0.0	False
8	32	compositional_ridge	CPA_0.8.8	primary_state_pair	M	0.0701102977879382	0.0701102977879382	0.0	False
8	32	compositional_ridge	CPA_0.8.8	primary_state_pair	P	0.0701102977879382	0.07100109631660392	0.0008907985286657205	False
8	32	compositional_ridge	CPA_0.8.8	primary_state_pair	O	0.0701102977879382	0.06921949925927252	-0.0008907985286656789	False
8	32	compositional_ridge	CPA_0.8.8	primary_state_pair	D	0.0701102977879382	0.07011029778793819	-1.3877787807814457e-17	False
8	32	compositional_ridge	zero_effect	zero_effect_diagnostic	S	0.08364166112420277	0.08364166112420277	0.0	False
8	32	compositional_ridge	zero_effect	zero_effect_diagnostic	M	0.08364166112420277	0.08364166112420277	0.0	False
8	32	compositional_ridge	zero_effect	zero_effect_diagnostic	P	0.08364166112420277	0.07586897661917885	-0.0077726845050239135	False
8	32	compositional_ridge	zero_effect	zero_effect_diagnostic	O	0.08364166112420277	0.07586897661917885	-0.0077726845050239135	False
8	32	compositional_ridge	zero_effect	zero_effect_diagnostic	D	0.08364166112420277	0.07586897661917885	-0.0077726845050239135	False
8	32	CPA_0.8.8	zero_effect	zero_effect_diagnostic	S	0.013531363336264576	0.013531363336264576	0.0	False
8	32	CPA_0.8.8	zero_effect	zero_effect_diagnostic	M	0.013531363336264576	0.013531363336264576	0.0	False
8	32	CPA_0.8.8	zero_effect	zero_effect_diagnostic	P	0.013531363336264576	0.004867880302574928	-0.008663483033689648	False
8	32	CPA_0.8.8	zero_effect	zero_effect_diagnostic	O	0.013531363336264576	0.006649477359906328	-0.0068818859763582485	False
8	32	CPA_0.8.8	zero_effect	zero_effect_diagnostic	D	0.013531363336264576	0.005758678831240663	-0.0077726845050239135	False
8	64	additive	compositional_ridge	primary_state_pair	S	-0.0007912360649253228	-0.0007912360649253228	0.0	False
8	64	additive	compositional_ridge	primary_state_pair	M	-0.0007912360649253228	-0.0007912360649253228	0.0	False
8	64	additive	compositional_ridge	primary_state_pair	P	-0.0007912360649253228	-0.0007912360649253054	1.734723475976807e-17	False
8	64	additive	compositional_ridge	primary_state_pair	O	-0.0007912360649253228	-0.0007912360649253054	1.734723475976807e-17	False
8	64	additive	compositional_ridge	primary_state_pair	D	-0.0007912360649253228	-0.0007912360649253054	1.734723475976807e-17	False
8	64	additive	CPA_0.8.8	primary_state_pair	S	0.06485392556769035	0.06485392556769035	0.0	False
8	64	additive	CPA_0.8.8	primary_state_pair	M	0.06485392556769035	0.06485392556769033	-1.3877787807814457e-17	False
8	64	additive	CPA_0.8.8	primary_state_pair	P	0.06485392556769035	0.06528148258346066	0.0004275570157703107	False
8	64	additive	CPA_0.8.8	primary_state_pair	O	0.06485392556769035	0.06442636855192006	-0.00042755701577028293	False
8	64	additive	CPA_0.8.8	primary_state_pair	D	0.06485392556769035	0.06485392556769037	2.7755575615628914e-17	False
8	64	additive	zero_effect	zero_effect_diagnostic	S	0.07653118068739909	0.07653118068739909	0.0	False
8	64	additive	zero_effect	zero_effect_diagnostic	M	0.07653118068739909	0.07653118068739904	-4.163336342344337e-17	False
8	64	additive	zero_effect	zero_effect_diagnostic	P	0.07653118068739909	0.07254859701765559	-0.003982583669743495	False
8	64	additive	zero_effect	zero_effect_diagnostic	O	0.07653118068739909	0.07254859701765559	-0.003982583669743495	False
8	64	additive	zero_effect	zero_effect_diagnostic	D	0.07653118068739909	0.07254859701765559	-0.003982583669743495	False
8	64	compositional_ridge	CPA_0.8.8	primary_state_pair	S	0.06564516163261566	0.06564516163261566	0.0	False
8	64	compositional_ridge	CPA_0.8.8	primary_state_pair	M	0.06564516163261566	0.06564516163261566	0.0	False
8	64	compositional_ridge	CPA_0.8.8	primary_state_pair	P	0.06564516163261566	0.06607271864838596	0.0004275570157702968	False
8	64	compositional_ridge	CPA_0.8.8	primary_state_pair	O	0.06564516163261566	0.06521760461684536	-0.0004275570157702968	False
8	64	compositional_ridge	CPA_0.8.8	primary_state_pair	D	0.06564516163261566	0.06564516163261568	1.3877787807814457e-17	False
8	64	compositional_ridge	zero_effect	zero_effect_diagnostic	S	0.0773224167523244	0.0773224167523244	0.0	False
8	64	compositional_ridge	zero_effect	zero_effect_diagnostic	M	0.0773224167523244	0.07732241675232437	-2.7755575615628914e-17	False
8	64	compositional_ridge	zero_effect	zero_effect_diagnostic	P	0.0773224167523244	0.0733398330825809	-0.0039825836697435085	False
8	64	compositional_ridge	zero_effect	zero_effect_diagnostic	O	0.0773224167523244	0.0733398330825809	-0.0039825836697435085	False
8	64	compositional_ridge	zero_effect	zero_effect_diagnostic	D	0.0773224167523244	0.0733398330825809	-0.0039825836697435085	False
8	64	CPA_0.8.8	zero_effect	zero_effect_diagnostic	S	0.01167725511970874	0.01167725511970874	0.0	False
8	64	CPA_0.8.8	zero_effect	zero_effect_diagnostic	M	0.01167725511970874	0.011677255119708713	-2.7755575615628914e-17	False
8	64	CPA_0.8.8	zero_effect	zero_effect_diagnostic	P	0.01167725511970874	0.007267114434194935	-0.004410140685513805	False
8	64	CPA_0.8.8	zero_effect	zero_effect_diagnostic	O	0.01167725511970874	0.008122228465735529	-0.0035550266539732117	False
8	64	CPA_0.8.8	zero_effect	zero_effect_diagnostic	D	0.01167725511970874	0.007694671449965218	-0.003982583669743522	False
8	128	additive	compositional_ridge	primary_state_pair	S	-0.0007912360649253228	-0.0007912360649253228	0.0	False
8	128	additive	compositional_ridge	primary_state_pair	M	-0.0007912360649253228	-0.0007912360649253228	0.0	False
8	128	additive	compositional_ridge	primary_state_pair	P	-0.0007912360649253228	-0.0007912360649253124	1.0408340855860843e-17	False
8	128	additive	compositional_ridge	primary_state_pair	O	-0.0007912360649253228	-0.0007912360649253124	1.0408340855860843e-17	False
8	128	additive	compositional_ridge	primary_state_pair	D	-0.0007912360649253228	-0.0007912360649253124	1.0408340855860843e-17	False
8	128	additive	CPA_0.8.8	primary_state_pair	S	0.06592642997562591	0.06592642997562591	0.0	False
8	128	additive	CPA_0.8.8	primary_state_pair	M	0.06592642997562591	0.06592642997562591	0.0	False
8	128	additive	CPA_0.8.8	primary_state_pair	P	0.06592642997562591	0.06605506912319827	0.00012863914757235695	False
8	128	additive	CPA_0.8.8	primary_state_pair	O	0.06592642997562591	0.06579779082805362	-0.00012863914757228756	False
8	128	additive	CPA_0.8.8	primary_state_pair	D	0.06592642997562591	0.06592642997562594	2.7755575615628914e-17	False
8	128	additive	zero_effect	zero_effect_diagnostic	S	0.07685883574131411	0.07685883574131411	0.0	False
8	128	additive	zero_effect	zero_effect_diagnostic	M	0.07685883574131411	0.07685883574131408	-2.7755575615628914e-17	False
8	128	additive	zero_effect	zero_effect_diagnostic	P	0.07685883574131411	0.07500750664436716	-0.0018513290969469492	False
8	128	additive	zero_effect	zero_effect_diagnostic	O	0.07685883574131411	0.07500750664436716	-0.0018513290969469492	False
8	128	additive	zero_effect	zero_effect_diagnostic	D	0.07685883574131411	0.07500750664436716	-0.0018513290969469492	False
8	128	compositional_ridge	CPA_0.8.8	primary_state_pair	S	0.06671766604055124	0.06671766604055124	0.0	False
8	128	compositional_ridge	CPA_0.8.8	primary_state_pair	M	0.06671766604055124	0.06671766604055124	0.0	False
8	128	compositional_ridge	CPA_0.8.8	primary_state_pair	P	0.06671766604055124	0.06684630518812358	0.00012863914757234307	False
8	128	compositional_ridge	CPA_0.8.8	primary_state_pair	O	0.06671766604055124	0.06658902689297894	-0.00012863914757230144	False
8	128	compositional_ridge	CPA_0.8.8	primary_state_pair	D	0.06671766604055124	0.06671766604055125	1.3877787807814457e-17	False
8	128	compositional_ridge	zero_effect	zero_effect_diagnostic	S	0.07765007180623942	0.07765007180623942	0.0	False
8	128	compositional_ridge	zero_effect	zero_effect_diagnostic	M	0.07765007180623942	0.0776500718062394	-2.7755575615628914e-17	False
8	128	compositional_ridge	zero_effect	zero_effect_diagnostic	P	0.07765007180623942	0.07579874270929247	-0.0018513290969469492	False
8	128	compositional_ridge	zero_effect	zero_effect_diagnostic	O	0.07765007180623942	0.07579874270929247	-0.0018513290969469492	False
8	128	compositional_ridge	zero_effect	zero_effect_diagnostic	D	0.07765007180623942	0.07579874270929247	-0.0018513290969469492	False
8	128	CPA_0.8.8	zero_effect	zero_effect_diagnostic	S	0.0109324057656882	0.0109324057656882	0.0	False
8	128	CPA_0.8.8	zero_effect	zero_effect_diagnostic	M	0.0109324057656882	0.010932405765688172	-2.7755575615628914e-17	False
8	128	CPA_0.8.8	zero_effect	zero_effect_diagnostic	P	0.0109324057656882	0.008952437521168893	-0.001979968244519306	False
8	128	CPA_0.8.8	zero_effect	zero_effect_diagnostic	O	0.0109324057656882	0.009209715816313538	-0.0017226899493746617	False
8	128	CPA_0.8.8	zero_effect	zero_effect_diagnostic	D	0.0109324057656882	0.009081076668741223	-0.001851329096946977	False
8	135	additive	compositional_ridge	primary_state_pair	S	-0.0007912360649253228	-0.0007912360649253228	0.0	False
8	135	additive	compositional_ridge	primary_state_pair	M	-0.0007912360649253228	-0.0007912360649253228	0.0	False
8	135	additive	compositional_ridge	primary_state_pair	P	-0.0007912360649253228	-0.0007912360649253124	1.0408340855860843e-17	False
8	135	additive	compositional_ridge	primary_state_pair	O	-0.0007912360649253228	-0.0007912360649253124	1.0408340855860843e-17	False
8	135	additive	compositional_ridge	primary_state_pair	D	-0.0007912360649253228	-0.0007912360649253124	1.0408340855860843e-17	False
8	135	additive	CPA_0.8.8	primary_state_pair	S	0.06589580847773771	0.06589580847773771	0.0	False
8	135	additive	CPA_0.8.8	primary_state_pair	M	0.06589580847773771	0.06589580847773771	0.0	False
8	135	additive	CPA_0.8.8	primary_state_pair	P	0.06589580847773771	0.06600917957886762	0.000113371101129911	False
8	135	additive	CPA_0.8.8	primary_state_pair	O	0.06589580847773771	0.06578243737660769	-0.00011337110113002202	False
8	135	additive	CPA_0.8.8	primary_state_pair	D	0.06589580847773771	0.06589580847773766	-5.551115123125783e-17	False
8	135	additive	zero_effect	zero_effect_diagnostic	S	0.07674986653047616	0.07674986653047616	0.0	False
8	135	additive	zero_effect	zero_effect_diagnostic	M	0.07674986653047616	0.07674986653047615	-1.3877787807814457e-17	False
8	135	additive	zero_effect	zero_effect_diagnostic	P	0.07674986653047616	0.07499307858935586	-0.0017567879411203025	False
8	135	additive	zero_effect	zero_effect_diagnostic	O	0.07674986653047616	0.07499307858935586	-0.0017567879411203025	False
8	135	additive	zero_effect	zero_effect_diagnostic	D	0.07674986653047616	0.07499307858935586	-0.0017567879411203025	False
8	135	compositional_ridge	CPA_0.8.8	primary_state_pair	S	0.06668704454266303	0.06668704454266303	0.0	False
8	135	compositional_ridge	CPA_0.8.8	primary_state_pair	M	0.06668704454266303	0.06668704454266303	0.0	False
8	135	compositional_ridge	CPA_0.8.8	primary_state_pair	P	0.06668704454266303	0.06680041564379294	0.000113371101129911	False
8	135	compositional_ridge	CPA_0.8.8	primary_state_pair	O	0.06668704454266303	0.066573673441533	-0.00011337110113002202	False
8	135	compositional_ridge	CPA_0.8.8	primary_state_pair	D	0.06668704454266303	0.06668704454266297	-5.551115123125783e-17	False
8	135	compositional_ridge	zero_effect	zero_effect_diagnostic	S	0.07754110259540148	0.07754110259540148	0.0	False
8	135	compositional_ridge	zero_effect	zero_effect_diagnostic	M	0.07754110259540148	0.07754110259540148	0.0	False
8	135	compositional_ridge	zero_effect	zero_effect_diagnostic	P	0.07754110259540148	0.07578431465428118	-0.0017567879411203025	False
8	135	compositional_ridge	zero_effect	zero_effect_diagnostic	O	0.07754110259540148	0.07578431465428118	-0.0017567879411203025	False
8	135	compositional_ridge	zero_effect	zero_effect_diagnostic	D	0.07754110259540148	0.07578431465428118	-0.0017567879411203025	False
8	135	CPA_0.8.8	zero_effect	zero_effect_diagnostic	S	0.010854058052738452	0.010854058052738452	0.0	False
8	135	CPA_0.8.8	zero_effect	zero_effect_diagnostic	M	0.010854058052738452	0.010854058052738438	-1.3877787807814457e-17	False
8	135	CPA_0.8.8	zero_effect	zero_effect_diagnostic	P	0.010854058052738452	0.008983899010488239	-0.0018701590422502135	False
8	135	CPA_0.8.8	zero_effect	zero_effect_diagnostic	O	0.010854058052738452	0.009210641212748172	-0.0016434168399902804	False
8	135	CPA_0.8.8	zero_effect	zero_effect_diagnostic	D	0.010854058052738452	0.009097270111618205	-0.001756787941120247	False
9	8	additive	compositional_ridge	primary_state_pair	S	-0.0007912360649253228	-0.0007912360649253228	0.0	False
9	8	additive	compositional_ridge	primary_state_pair	M	-0.0007912360649253228	-0.0007912360649253228	0.0	False
9	8	additive	compositional_ridge	primary_state_pair	P	-0.0007912360649253228	-0.0007912360649253505	-2.7755575615628914e-17	False
9	8	additive	compositional_ridge	primary_state_pair	O	-0.0007912360649253228	-0.0007912360649253505	-2.7755575615628914e-17	False
9	8	additive	compositional_ridge	primary_state_pair	D	-0.0007912360649253228	-0.0007912360649253505	-2.7755575615628914e-17	False
9	8	additive	CPA_0.8.8	primary_state_pair	S	0.06427022826605348	0.06427022826605348	0.0	False
9	8	additive	CPA_0.8.8	primary_state_pair	M	0.06427022826605348	0.06427022826605348	0.0	False
9	8	additive	CPA_0.8.8	primary_state_pair	P	0.06427022826605348	0.06610500217632867	0.0018347739102751864	False
9	8	additive	CPA_0.8.8	primary_state_pair	O	0.06427022826605348	0.06243545435577828	-0.0018347739102752003	False
9	8	additive	CPA_0.8.8	primary_state_pair	D	0.06427022826605348	0.06427022826605354	5.551115123125783e-17	False
9	8	additive	zero_effect	zero_effect_diagnostic	S	0.0883468019957005	0.0883468019957005	0.0	False
9	8	additive	zero_effect	zero_effect_diagnostic	M	0.0883468019957005	0.0883468019957005	0.0	False
9	8	additive	zero_effect	zero_effect_diagnostic	P	0.0883468019957005	0.058221460166741304	-0.030125341828959193	False
9	8	additive	zero_effect	zero_effect_diagnostic	O	0.0883468019957005	0.058221460166741304	-0.030125341828959193	False
9	8	additive	zero_effect	zero_effect_diagnostic	D	0.0883468019957005	0.058221460166741304	-0.030125341828959193	False
9	8	compositional_ridge	CPA_0.8.8	primary_state_pair	S	0.06506146433097881	0.06506146433097881	0.0	False
9	8	compositional_ridge	CPA_0.8.8	primary_state_pair	M	0.06506146433097881	0.06506146433097881	0.0	False
9	8	compositional_ridge	CPA_0.8.8	primary_state_pair	P	0.06506146433097881	0.06689623824125401	0.0018347739102752003	False
9	8	compositional_ridge	CPA_0.8.8	primary_state_pair	O	0.06506146433097881	0.06322669042070364	-0.0018347739102751726	False
9	8	compositional_ridge	CPA_0.8.8	primary_state_pair	D	0.06506146433097881	0.0650614643309789	8.326672684688674e-17	False
9	8	compositional_ridge	zero_effect	zero_effect_diagnostic	S	0.08913803806062581	0.08913803806062581	0.0	False
9	8	compositional_ridge	zero_effect	zero_effect_diagnostic	M	0.08913803806062581	0.08913803806062581	0.0	False
9	8	compositional_ridge	zero_effect	zero_effect_diagnostic	P	0.08913803806062581	0.059012696231666655	-0.030125341828959158	False
9	8	compositional_ridge	zero_effect	zero_effect_diagnostic	O	0.08913803806062581	0.059012696231666655	-0.030125341828959158	False
9	8	compositional_ridge	zero_effect	zero_effect_diagnostic	D	0.08913803806062581	0.059012696231666655	-0.030125341828959158	False
9	8	CPA_0.8.8	zero_effect	zero_effect_diagnostic	S	0.024076573729647013	0.024076573729647013	0.0	False
9	8	CPA_0.8.8	zero_effect	zero_effect_diagnostic	M	0.024076573729647013	0.024076573729647013	0.0	False
9	8	CPA_0.8.8	zero_effect	zero_effect_diagnostic	P	0.024076573729647013	-0.007883542009587366	-0.03196011573923438	True
9	8	CPA_0.8.8	zero_effect	zero_effect_diagnostic	O	0.024076573729647013	-0.004213994189036979	-0.028290567918683993	True
9	8	CPA_0.8.8	zero_effect	zero_effect_diagnostic	D	0.024076573729647013	-0.006048768099312235	-0.03012534182895925	True
9	16	additive	compositional_ridge	primary_state_pair	S	-0.0007912360649253228	-0.0007912360649253228	0.0	False
9	16	additive	compositional_ridge	primary_state_pair	M	-0.0007912360649253228	-0.0007912360649253228	0.0	False
9	16	additive	compositional_ridge	primary_state_pair	P	-0.0007912360649253228	-0.0007912360649253228	0.0	False
9	16	additive	compositional_ridge	primary_state_pair	O	-0.0007912360649253228	-0.0007912360649253228	0.0	False
9	16	additive	compositional_ridge	primary_state_pair	D	-0.0007912360649253228	-0.0007912360649253228	0.0	False
9	16	additive	CPA_0.8.8	primary_state_pair	S	0.0628037475925763	0.0628037475925763	0.0	False
9	16	additive	CPA_0.8.8	primary_state_pair	M	0.0628037475925763	0.0628037475925763	0.0	False
9	16	additive	CPA_0.8.8	primary_state_pair	P	0.0628037475925763	0.06389728754399507	0.0010935399514187677	False
9	16	additive	CPA_0.8.8	primary_state_pair	O	0.0628037475925763	0.06171020764115751	-0.0010935399514187885	False
9	16	additive	CPA_0.8.8	primary_state_pair	D	0.0628037475925763	0.06280374759257631	1.3877787807814457e-17	False
9	16	additive	zero_effect	zero_effect_diagnostic	S	0.08005984763388632	0.08005984763388632	0.0	False
9	16	additive	zero_effect	zero_effect_diagnostic	M	0.08005984763388632	0.08005984763388632	0.0	False
9	16	additive	zero_effect	zero_effect_diagnostic	P	0.08005984763388632	0.0644720739473848	-0.015587773686501522	False
9	16	additive	zero_effect	zero_effect_diagnostic	O	0.08005984763388632	0.0644720739473848	-0.015587773686501522	False
9	16	additive	zero_effect	zero_effect_diagnostic	D	0.08005984763388632	0.0644720739473848	-0.015587773686501522	False
9	16	compositional_ridge	CPA_0.8.8	primary_state_pair	S	0.06359498365750163	0.06359498365750163	0.0	False
9	16	compositional_ridge	CPA_0.8.8	primary_state_pair	M	0.06359498365750163	0.06359498365750163	0.0	False
9	16	compositional_ridge	CPA_0.8.8	primary_state_pair	P	0.06359498365750163	0.06468852360892038	0.0010935399514187538	False
9	16	compositional_ridge	CPA_0.8.8	primary_state_pair	O	0.06359498365750163	0.06250144370608283	-0.0010935399514187955	False
9	16	compositional_ridge	CPA_0.8.8	primary_state_pair	D	0.06359498365750163	0.06359498365750164	1.3877787807814457e-17	False
9	16	compositional_ridge	zero_effect	zero_effect_diagnostic	S	0.08085108369881164	0.08085108369881164	0.0	False
9	16	compositional_ridge	zero_effect	zero_effect_diagnostic	M	0.08085108369881164	0.08085108369881164	0.0	False
9	16	compositional_ridge	zero_effect	zero_effect_diagnostic	P	0.08085108369881164	0.06526331001231012	-0.015587773686501522	False
9	16	compositional_ridge	zero_effect	zero_effect_diagnostic	O	0.08085108369881164	0.06526331001231012	-0.015587773686501522	False
9	16	compositional_ridge	zero_effect	zero_effect_diagnostic	D	0.08085108369881164	0.06526331001231012	-0.015587773686501522	False
9	16	CPA_0.8.8	zero_effect	zero_effect_diagnostic	S	0.01725610004131002	0.01725610004131002	0.0	False
9	16	CPA_0.8.8	zero_effect	zero_effect_diagnostic	M	0.01725610004131002	0.01725610004131002	0.0	False
9	16	CPA_0.8.8	zero_effect	zero_effect_diagnostic	P	0.01725610004131002	0.0005747864033897321	-0.01668131363792029	False
9	16	CPA_0.8.8	zero_effect	zero_effect_diagnostic	O	0.01725610004131002	0.0027618663062272814	-0.01449423373508274	False
9	16	CPA_0.8.8	zero_effect	zero_effect_diagnostic	D	0.01725610004131002	0.001668326354808472	-0.01558777368650155	False
9	32	additive	compositional_ridge	primary_state_pair	S	-0.0007912360649253228	-0.0007912360649253228	0.0	False
9	32	additive	compositional_ridge	primary_state_pair	M	-0.0007912360649253228	-0.0007912360649253228	0.0	False
9	32	additive	compositional_ridge	primary_state_pair	P	-0.0007912360649253228	-0.0007912360649253367	-1.3877787807814457e-17	False
9	32	additive	compositional_ridge	primary_state_pair	O	-0.0007912360649253228	-0.0007912360649253367	-1.3877787807814457e-17	False
9	32	additive	compositional_ridge	primary_state_pair	D	-0.0007912360649253228	-0.0007912360649253367	-1.3877787807814457e-17	False
9	32	additive	CPA_0.8.8	primary_state_pair	S	0.06369625936107348	0.06369625936107348	0.0	False
9	32	additive	CPA_0.8.8	primary_state_pair	M	0.06369625936107348	0.06369625936107345	-2.7755575615628914e-17	False
9	32	additive	CPA_0.8.8	primary_state_pair	P	0.06369625936107348	0.06459533482633581	0.0008990754652623278	False
9	32	additive	CPA_0.8.8	primary_state_pair	O	0.06369625936107348	0.06279718389581113	-0.0008990754652623556	False
9	32	additive	CPA_0.8.8	primary_state_pair	D	0.06369625936107348	0.06369625936107343	-5.551115123125783e-17	False
9	32	additive	zero_effect	zero_effect_diagnostic	S	0.0770706119953145	0.0770706119953145	0.0	False
9	32	additive	zero_effect	zero_effect_diagnostic	M	0.0770706119953145	0.0770706119953145	0.0	False
9	32	additive	zero_effect	zero_effect_diagnostic	P	0.0770706119953145	0.06906327392664666	-0.008007338068667838	False
9	32	additive	zero_effect	zero_effect_diagnostic	O	0.0770706119953145	0.06906327392664666	-0.008007338068667838	False
9	32	additive	zero_effect	zero_effect_diagnostic	D	0.0770706119953145	0.06906327392664666	-0.008007338068667838	False
9	32	compositional_ridge	CPA_0.8.8	primary_state_pair	S	0.0644874954259988	0.0644874954259988	0.0	False
9	32	compositional_ridge	CPA_0.8.8	primary_state_pair	M	0.0644874954259988	0.06448749542599877	-2.7755575615628914e-17	False
9	32	compositional_ridge	CPA_0.8.8	primary_state_pair	P	0.0644874954259988	0.06538657089126114	0.0008990754652623417	False
9	32	compositional_ridge	CPA_0.8.8	primary_state_pair	O	0.0644874954259988	0.06358841996073646	-0.0008990754652623417	False
9	32	compositional_ridge	CPA_0.8.8	primary_state_pair	D	0.0644874954259988	0.06448749542599877	-2.7755575615628914e-17	False
9	32	compositional_ridge	zero_effect	zero_effect_diagnostic	S	0.07786184806023982	0.07786184806023982	0.0	False
9	32	compositional_ridge	zero_effect	zero_effect_diagnostic	M	0.07786184806023982	0.07786184806023982	0.0	False
9	32	compositional_ridge	zero_effect	zero_effect_diagnostic	P	0.07786184806023982	0.069854509991572	-0.008007338068667824	False
9	32	compositional_ridge	zero_effect	zero_effect_diagnostic	O	0.07786184806023982	0.069854509991572	-0.008007338068667824	False
9	32	compositional_ridge	zero_effect	zero_effect_diagnostic	D	0.07786184806023982	0.069854509991572	-0.008007338068667824	False
9	32	CPA_0.8.8	zero_effect	zero_effect_diagnostic	S	0.013374352634241013	0.013374352634241013	0.0	False
9	32	CPA_0.8.8	zero_effect	zero_effect_diagnostic	M	0.013374352634241013	0.01337435263424104	2.7755575615628914e-17	False
9	32	CPA_0.8.8	zero_effect	zero_effect_diagnostic	P	0.013374352634241013	0.004467939100310861	-0.008906413533930152	False
9	32	CPA_0.8.8	zero_effect	zero_effect_diagnostic	O	0.013374352634241013	0.006266090030835544	-0.0071082626034054686	False
9	32	CPA_0.8.8	zero_effect	zero_effect_diagnostic	D	0.013374352634241013	0.00536701456557323	-0.008007338068667783	False
9	64	additive	compositional_ridge	primary_state_pair	S	-0.0007912360649253228	-0.0007912360649253228	0.0	False
9	64	additive	compositional_ridge	primary_state_pair	M	-0.0007912360649253228	-0.0007912360649253228	0.0	False
9	64	additive	compositional_ridge	primary_state_pair	P	-0.0007912360649253228	-0.0007912360649253124	1.0408340855860843e-17	False
9	64	additive	compositional_ridge	primary_state_pair	O	-0.0007912360649253228	-0.0007912360649253124	1.0408340855860843e-17	False
9	64	additive	compositional_ridge	primary_state_pair	D	-0.0007912360649253228	-0.0007912360649253124	1.0408340855860843e-17	False
9	64	additive	CPA_0.8.8	primary_state_pair	S	0.06597359398767756	0.06597359398767756	0.0	False
9	64	additive	CPA_0.8.8	primary_state_pair	M	0.06597359398767756	0.06597359398767756	0.0	False
9	64	additive	CPA_0.8.8	primary_state_pair	P	0.06597359398767756	0.06645017779662125	0.00047658380894369246	False
9	64	additive	CPA_0.8.8	primary_state_pair	O	0.06597359398767756	0.06549701017873397	-0.0004765838089435953	False
9	64	additive	CPA_0.8.8	primary_state_pair	D	0.06597359398767756	0.06597359398767758	1.3877787807814457e-17	False
9	64	additive	zero_effect	zero_effect_diagnostic	S	0.07764452843456893	0.07764452843456893	0.0	False
9	64	additive	zero_effect	zero_effect_diagnostic	M	0.07764452843456893	0.07764452843456893	0.0	False
9	64	additive	zero_effect	zero_effect_diagnostic	P	0.07764452843456893	0.0736120047025685	-0.004032523732000429	False
9	64	additive	zero_effect	zero_effect_diagnostic	O	0.07764452843456893	0.0736120047025685	-0.004032523732000429	False
9	64	additive	zero_effect	zero_effect_diagnostic	D	0.07764452843456893	0.0736120047025685	-0.004032523732000429	False
9	64	compositional_ridge	CPA_0.8.8	primary_state_pair	S	0.06676483005260289	0.06676483005260289	0.0	False
9	64	compositional_ridge	CPA_0.8.8	primary_state_pair	M	0.06676483005260289	0.06676483005260289	0.0	False
9	64	compositional_ridge	CPA_0.8.8	primary_state_pair	P	0.06676483005260289	0.06724141386154657	0.0004765838089436786	False
9	64	compositional_ridge	CPA_0.8.8	primary_state_pair	O	0.06676483005260289	0.06628824624365928	-0.0004765838089436092	False
9	64	compositional_ridge	CPA_0.8.8	primary_state_pair	D	0.06676483005260289	0.06676483005260289	0.0	False
9	64	compositional_ridge	zero_effect	zero_effect_diagnostic	S	0.07843576449949424	0.07843576449949424	0.0	False
9	64	compositional_ridge	zero_effect	zero_effect_diagnostic	M	0.07843576449949424	0.07843576449949424	0.0	False
9	64	compositional_ridge	zero_effect	zero_effect_diagnostic	P	0.07843576449949424	0.07440324076749381	-0.004032523732000429	False
9	64	compositional_ridge	zero_effect	zero_effect_diagnostic	O	0.07843576449949424	0.07440324076749381	-0.004032523732000429	False
9	64	compositional_ridge	zero_effect	zero_effect_diagnostic	D	0.07843576449949424	0.07440324076749381	-0.004032523732000429	False
9	64	CPA_0.8.8	zero_effect	zero_effect_diagnostic	S	0.011670934446891365	0.011670934446891365	0.0	False
9	64	CPA_0.8.8	zero_effect	zero_effect_diagnostic	M	0.011670934446891365	0.011670934446891365	0.0	False
9	64	CPA_0.8.8	zero_effect	zero_effect_diagnostic	P	0.011670934446891365	0.007161826905947244	-0.004509107540944121	False
9	64	CPA_0.8.8	zero_effect	zero_effect_diagnostic	O	0.011670934446891365	0.008114994523834532	-0.0035559399230568334	False
9	64	CPA_0.8.8	zero_effect	zero_effect_diagnostic	D	0.011670934446891365	0.0076384107148909225	-0.0040325237320004426	False
9	128	additive	compositional_ridge	primary_state_pair	S	-0.0007912360649253228	-0.0007912360649253228	0.0	False
9	128	additive	compositional_ridge	primary_state_pair	M	-0.0007912360649253228	-0.0007912360649253228	0.0	False
9	128	additive	compositional_ridge	primary_state_pair	P	-0.0007912360649253228	-0.0007912360649253158	6.938893903907228e-18	False
9	128	additive	compositional_ridge	primary_state_pair	O	-0.0007912360649253228	-0.0007912360649253158	6.938893903907228e-18	False
9	128	additive	compositional_ridge	primary_state_pair	D	-0.0007912360649253228	-0.0007912360649253158	6.938893903907228e-18	False
9	128	additive	CPA_0.8.8	primary_state_pair	S	0.06623876316092739	0.06623876316092739	0.0	False
9	128	additive	CPA_0.8.8	primary_state_pair	M	0.06623876316092739	0.06623876316092739	0.0	False
9	128	additive	CPA_0.8.8	primary_state_pair	P	0.06623876316092739	0.066429029901489	0.00019026674056160653	False
9	128	additive	CPA_0.8.8	primary_state_pair	O	0.06623876316092739	0.06604849642036573	-0.00019026674056166204	False
9	128	additive	CPA_0.8.8	primary_state_pair	D	0.06623876316092739	0.06623876316092733	-5.551115123125783e-17	False
9	128	additive	zero_effect	zero_effect_diagnostic	S	0.0771918539112048	0.0771918539112048	0.0	False
9	128	additive	zero_effect	zero_effect_diagnostic	M	0.0771918539112048	0.0771918539112048	0.0	False
9	128	additive	zero_effect	zero_effect_diagnostic	P	0.0771918539112048	0.0752656877911275	-0.0019261661200773023	False
9	128	additive	zero_effect	zero_effect_diagnostic	O	0.0771918539112048	0.0752656877911275	-0.0019261661200773023	False
9	128	additive	zero_effect	zero_effect_diagnostic	D	0.0771918539112048	0.0752656877911275	-0.0019261661200773023	False
9	128	compositional_ridge	CPA_0.8.8	primary_state_pair	S	0.0670299992258527	0.0670299992258527	0.0	False
9	128	compositional_ridge	CPA_0.8.8	primary_state_pair	M	0.0670299992258527	0.0670299992258527	0.0	False
9	128	compositional_ridge	CPA_0.8.8	primary_state_pair	P	0.0670299992258527	0.06722026596641431	0.00019026674056160653	False
9	128	compositional_ridge	CPA_0.8.8	primary_state_pair	O	0.0670299992258527	0.06683973248529104	-0.00019026674056166204	False
9	128	compositional_ridge	CPA_0.8.8	primary_state_pair	D	0.0670299992258527	0.06702999922585265	-5.551115123125783e-17	False
9	128	compositional_ridge	zero_effect	zero_effect_diagnostic	S	0.07798308997613013	0.07798308997613013	0.0	False
9	128	compositional_ridge	zero_effect	zero_effect_diagnostic	M	0.07798308997613013	0.07798308997613013	0.0	False
9	128	compositional_ridge	zero_effect	zero_effect_diagnostic	P	0.07798308997613013	0.07605692385605281	-0.0019261661200773161	False
9	128	compositional_ridge	zero_effect	zero_effect_diagnostic	O	0.07798308997613013	0.07605692385605281	-0.0019261661200773161	False
9	128	compositional_ridge	zero_effect	zero_effect_diagnostic	D	0.07798308997613013	0.07605692385605281	-0.0019261661200773161	False
9	128	CPA_0.8.8	zero_effect	zero_effect_diagnostic	S	0.010953090750277408	0.010953090750277408	0.0	False
9	128	CPA_0.8.8	zero_effect	zero_effect_diagnostic	M	0.010953090750277408	0.010953090750277408	0.0	False
9	128	CPA_0.8.8	zero_effect	zero_effect_diagnostic	P	0.010953090750277408	0.0088366578896385	-0.002116432860638909	False
9	128	CPA_0.8.8	zero_effect	zero_effect_diagnostic	O	0.010953090750277408	0.009217191370761768	-0.0017358993795156402	False
9	128	CPA_0.8.8	zero_effect	zero_effect_diagnostic	D	0.010953090750277408	0.009026924630200162	-0.0019261661200772467	False
9	135	additive	compositional_ridge	primary_state_pair	S	-0.0007912360649253228	-0.0007912360649253228	0.0	False
9	135	additive	compositional_ridge	primary_state_pair	M	-0.0007912360649253228	-0.0007912360649253228	0.0	False
9	135	additive	compositional_ridge	primary_state_pair	P	-0.0007912360649253228	-0.0007912360649253124	1.0408340855860843e-17	False
9	135	additive	compositional_ridge	primary_state_pair	O	-0.0007912360649253228	-0.0007912360649253124	1.0408340855860843e-17	False
9	135	additive	compositional_ridge	primary_state_pair	D	-0.0007912360649253228	-0.0007912360649253124	1.0408340855860843e-17	False
9	135	additive	CPA_0.8.8	primary_state_pair	S	0.0662513679515219	0.0662513679515219	0.0	False
9	135	additive	CPA_0.8.8	primary_state_pair	M	0.0662513679515219	0.0662513679515219	0.0	False
9	135	additive	CPA_0.8.8	primary_state_pair	P	0.0662513679515219	0.06645285084333549	0.00020148289181359802	False
9	135	additive	CPA_0.8.8	primary_state_pair	O	0.0662513679515219	0.06604988505970834	-0.00020148289181355639	False
9	135	additive	CPA_0.8.8	primary_state_pair	D	0.0662513679515219	0.0662513679515219	0.0	False
9	135	additive	zero_effect	zero_effect_diagnostic	S	0.07714316311135672	0.07714316311135672	0.0	False
9	135	additive	zero_effect	zero_effect_diagnostic	M	0.07714316311135672	0.07714316311135672	0.0	False
9	135	additive	zero_effect	zero_effect_diagnostic	P	0.07714316311135672	0.07530644316035412	-0.0018367199510025967	False
9	135	additive	zero_effect	zero_effect_diagnostic	O	0.07714316311135672	0.07530644316035412	-0.0018367199510025967	False
9	135	additive	zero_effect	zero_effect_diagnostic	D	0.07714316311135672	0.07530644316035412	-0.0018367199510025967	False
9	135	compositional_ridge	CPA_0.8.8	primary_state_pair	S	0.06704260401644721	0.06704260401644721	0.0	False
9	135	compositional_ridge	CPA_0.8.8	primary_state_pair	M	0.06704260401644721	0.06704260401644721	0.0	False
9	135	compositional_ridge	CPA_0.8.8	primary_state_pair	P	0.06704260401644721	0.06724408690826081	0.00020148289181359802	False
9	135	compositional_ridge	CPA_0.8.8	primary_state_pair	O	0.06704260401644721	0.06684112112463365	-0.00020148289181355639	False
9	135	compositional_ridge	CPA_0.8.8	primary_state_pair	D	0.06704260401644721	0.06704260401644721	0.0	False
9	135	compositional_ridge	zero_effect	zero_effect_diagnostic	S	0.07793439917628203	0.07793439917628203	0.0	False
9	135	compositional_ridge	zero_effect	zero_effect_diagnostic	M	0.07793439917628203	0.07793439917628203	0.0	False
9	135	compositional_ridge	zero_effect	zero_effect_diagnostic	P	0.07793439917628203	0.07609767922527944	-0.0018367199510025967	False
9	135	compositional_ridge	zero_effect	zero_effect_diagnostic	O	0.07793439917628203	0.07609767922527944	-0.0018367199510025967	False
9	135	compositional_ridge	zero_effect	zero_effect_diagnostic	D	0.07793439917628203	0.07609767922527944	-0.0018367199510025967	False
9	135	CPA_0.8.8	zero_effect	zero_effect_diagnostic	S	0.010891795159834822	0.010891795159834822	0.0	False
9	135	CPA_0.8.8	zero_effect	zero_effect_diagnostic	M	0.010891795159834822	0.010891795159834822	0.0	False
9	135	CPA_0.8.8	zero_effect	zero_effect_diagnostic	P	0.010891795159834822	0.008853592317018627	-0.0020382028428161947	False
9	135	CPA_0.8.8	zero_effect	zero_effect_diagnostic	O	0.010891795159834822	0.009256558100645781	-0.0016352370591890403	False
9	135	CPA_0.8.8	zero_effect	zero_effect_diagnostic	D	0.010891795159834822	0.009055075208832225	-0.0018367199510025967	False
10	8	additive	compositional_ridge	primary_state_pair	S	-0.0007912360649253228	-0.0007912360649253228	0.0	False
10	8	additive	compositional_ridge	primary_state_pair	M	-0.0007912360649253228	-0.0007912360649253228	0.0	False
10	8	additive	compositional_ridge	primary_state_pair	P	-0.0007912360649253228	-0.0007912360649253367	-1.3877787807814457e-17	False
10	8	additive	compositional_ridge	primary_state_pair	O	-0.0007912360649253228	-0.0007912360649253367	-1.3877787807814457e-17	False
10	8	additive	compositional_ridge	primary_state_pair	D	-0.0007912360649253228	-0.0007912360649253367	-1.3877787807814457e-17	False
10	8	additive	CPA_0.8.8	primary_state_pair	S	0.06911586953140966	0.06911586953140966	0.0	False
10	8	additive	CPA_0.8.8	primary_state_pair	M	0.06911586953140966	0.06911586953140968	1.3877787807814457e-17	False
10	8	additive	CPA_0.8.8	primary_state_pair	P	0.06911586953140966	0.0739088493598185	0.00479297982840883	False
10	8	additive	CPA_0.8.8	primary_state_pair	O	0.06911586953140966	0.06432288970300078	-0.004792979828408886	False
10	8	additive	CPA_0.8.8	primary_state_pair	D	0.06911586953140966	0.06911586953140965	-1.3877787807814457e-17	False
10	8	additive	zero_effect	zero_effect_diagnostic	S	0.09343075837931072	0.09343075837931072	0.0	False
10	8	additive	zero_effect	zero_effect_diagnostic	M	0.09343075837931072	0.09343075837931072	0.0	False
10	8	additive	zero_effect	zero_effect_diagnostic	P	0.09343075837931072	0.060867714773671075	-0.03256304360563965	False
10	8	additive	zero_effect	zero_effect_diagnostic	O	0.09343075837931072	0.060867714773671075	-0.03256304360563965	False
10	8	additive	zero_effect	zero_effect_diagnostic	D	0.09343075837931072	0.060867714773671075	-0.03256304360563965	False
10	8	compositional_ridge	CPA_0.8.8	primary_state_pair	S	0.06990710559633498	0.06990710559633498	0.0	False
10	8	compositional_ridge	CPA_0.8.8	primary_state_pair	M	0.06990710559633498	0.069907105596335	2.7755575615628914e-17	False
10	8	compositional_ridge	CPA_0.8.8	primary_state_pair	P	0.06990710559633498	0.07470008542474382	0.004792979828408844	False
10	8	compositional_ridge	CPA_0.8.8	primary_state_pair	O	0.06990710559633498	0.0651141257679261	-0.004792979828408872	False
10	8	compositional_ridge	CPA_0.8.8	primary_state_pair	D	0.06990710559633498	0.06990710559633498	0.0	False
10	8	compositional_ridge	zero_effect	zero_effect_diagnostic	S	0.09422199444423604	0.09422199444423604	0.0	False
10	8	compositional_ridge	zero_effect	zero_effect_diagnostic	M	0.09422199444423604	0.09422199444423604	0.0	False
10	8	compositional_ridge	zero_effect	zero_effect_diagnostic	P	0.09422199444423604	0.06165895083859641	-0.03256304360563963	False
10	8	compositional_ridge	zero_effect	zero_effect_diagnostic	O	0.09422199444423604	0.06165895083859641	-0.03256304360563963	False
10	8	compositional_ridge	zero_effect	zero_effect_diagnostic	D	0.09422199444423604	0.06165895083859641	-0.03256304360563963	False
10	8	CPA_0.8.8	zero_effect	zero_effect_diagnostic	S	0.02431488884790106	0.02431488884790106	0.0	False
10	8	CPA_0.8.8	zero_effect	zero_effect_diagnostic	M	0.02431488884790106	0.024314888847901048	-1.3877787807814457e-17	False
10	8	CPA_0.8.8	zero_effect	zero_effect_diagnostic	P	0.02431488884790106	-0.013041134586147418	-0.03735602343404848	True
10	8	CPA_0.8.8	zero_effect	zero_effect_diagnostic	O	0.02431488884790106	-0.003455174929329702	-0.027770063777230763	True
10	8	CPA_0.8.8	zero_effect	zero_effect_diagnostic	D	0.02431488884790106	-0.008248154757738574	-0.032563043605639636	True
10	16	additive	compositional_ridge	primary_state_pair	S	-0.0007912360649253228	-0.0007912360649253228	0.0	False
10	16	additive	compositional_ridge	primary_state_pair	M	-0.0007912360649253228	-0.0007912360649253228	0.0	False
10	16	additive	compositional_ridge	primary_state_pair	P	-0.0007912360649253228	-0.0007912360649253228	0.0	False
10	16	additive	compositional_ridge	primary_state_pair	O	-0.0007912360649253228	-0.0007912360649253228	0.0	False
10	16	additive	compositional_ridge	primary_state_pair	D	-0.0007912360649253228	-0.0007912360649253228	0.0	False
10	16	additive	CPA_0.8.8	primary_state_pair	S	0.06583455204037633	0.06583455204037633	0.0	False
10	16	additive	CPA_0.8.8	primary_state_pair	M	0.06583455204037633	0.06583455204037635	1.3877787807814457e-17	False
10	16	additive	CPA_0.8.8	primary_state_pair	P	0.06583455204037633	0.06782355028923492	0.0019889982488585922	False
10	16	additive	CPA_0.8.8	primary_state_pair	O	0.06583455204037633	0.0638455537915178	-0.0019889982488585367	False
10	16	additive	CPA_0.8.8	primary_state_pair	D	0.06583455204037633	0.06583455204037633	0.0	False
10	16	additive	zero_effect	zero_effect_diagnostic	S	0.083151129278814	0.083151129278814	0.0	False
10	16	additive	zero_effect	zero_effect_diagnostic	M	0.083151129278814	0.083151129278814	0.0	False
10	16	additive	zero_effect	zero_effect_diagnostic	P	0.083151129278814	0.06759892438134218	-0.015552204897471819	False
10	16	additive	zero_effect	zero_effect_diagnostic	O	0.083151129278814	0.06759892438134218	-0.015552204897471819	False
10	16	additive	zero_effect	zero_effect_diagnostic	D	0.083151129278814	0.06759892438134218	-0.015552204897471819	False
10	16	compositional_ridge	CPA_0.8.8	primary_state_pair	S	0.06662578810530165	0.06662578810530165	0.0	False
10	16	compositional_ridge	CPA_0.8.8	primary_state_pair	M	0.06662578810530165	0.06662578810530168	2.7755575615628914e-17	False
10	16	compositional_ridge	CPA_0.8.8	primary_state_pair	P	0.06662578810530165	0.06861478635416025	0.001988998248858606	False
10	16	compositional_ridge	CPA_0.8.8	primary_state_pair	O	0.06662578810530165	0.06463678985644312	-0.001988998248858523	False
10	16	compositional_ridge	CPA_0.8.8	primary_state_pair	D	0.06662578810530165	0.06662578810530166	1.3877787807814457e-17	False
10	16	compositional_ridge	zero_effect	zero_effect_diagnostic	S	0.08394236534373933	0.08394236534373933	0.0	False
10	16	compositional_ridge	zero_effect	zero_effect_diagnostic	M	0.08394236534373933	0.08394236534373933	0.0	False
10	16	compositional_ridge	zero_effect	zero_effect_diagnostic	P	0.08394236534373933	0.06839016044626751	-0.015552204897471819	False
10	16	compositional_ridge	zero_effect	zero_effect_diagnostic	O	0.08394236534373933	0.06839016044626751	-0.015552204897471819	False
10	16	compositional_ridge	zero_effect	zero_effect_diagnostic	D	0.08394236534373933	0.06839016044626751	-0.015552204897471819	False
10	16	CPA_0.8.8	zero_effect	zero_effect_diagnostic	S	0.017316577238437672	0.017316577238437672	0.0	False
10	16	CPA_0.8.8	zero_effect	zero_effect_diagnostic	M	0.017316577238437672	0.017316577238437658	-1.3877787807814457e-17	False
10	16	CPA_0.8.8	zero_effect	zero_effect_diagnostic	P	0.017316577238437672	-0.00022462590789273928	-0.01754120314633041	True
10	16	CPA_0.8.8	zero_effect	zero_effect_diagnostic	O	0.017316577238437672	0.0037533705898243896	-0.013563206648613282	False
10	16	CPA_0.8.8	zero_effect	zero_effect_diagnostic	D	0.017316577238437672	0.001764372340965853	-0.015552204897471819	False
10	32	additive	compositional_ridge	primary_state_pair	S	-0.0007912360649253228	-0.0007912360649253228	0.0	False
10	32	additive	compositional_ridge	primary_state_pair	M	-0.0007912360649253228	-0.0007912360649253228	0.0	False
10	32	additive	compositional_ridge	primary_state_pair	P	-0.0007912360649253228	-0.0007912360649253297	-6.938893903907228e-18	False
10	32	additive	compositional_ridge	primary_state_pair	O	-0.0007912360649253228	-0.0007912360649253297	-6.938893903907228e-18	False
10	32	additive	compositional_ridge	primary_state_pair	D	-0.0007912360649253228	-0.0007912360649253297	-6.938893903907228e-18	False
10	32	additive	CPA_0.8.8	primary_state_pair	S	0.06364217235223919	0.06364217235223919	0.0	False
10	32	additive	CPA_0.8.8	primary_state_pair	M	0.06364217235223919	0.06364217235223919	0.0	False
10	32	additive	CPA_0.8.8	primary_state_pair	P	0.06364217235223919	0.06462736031837266	0.0009851879661334634	False
10	32	additive	CPA_0.8.8	primary_state_pair	O	0.06364217235223919	0.0626569843861057	-0.0009851879661334911	False
10	32	additive	CPA_0.8.8	primary_state_pair	D	0.06364217235223919	0.06364217235223915	-4.163336342344337e-17	False
10	32	additive	zero_effect	zero_effect_diagnostic	S	0.07686048968803276	0.07686048968803276	0.0	False
10	32	additive	zero_effect	zero_effect_diagnostic	M	0.07686048968803276	0.07686048968803276	0.0	False
10	32	additive	zero_effect	zero_effect_diagnostic	P	0.07686048968803276	0.06892793240023082	-0.007932557287801942	False
10	32	additive	zero_effect	zero_effect_diagnostic	O	0.07686048968803276	0.06892793240023082	-0.007932557287801942	False
10	32	additive	zero_effect	zero_effect_diagnostic	D	0.07686048968803276	0.06892793240023082	-0.007932557287801942	False
10	32	compositional_ridge	CPA_0.8.8	primary_state_pair	S	0.06443340841716452	0.06443340841716452	0.0	False
10	32	compositional_ridge	CPA_0.8.8	primary_state_pair	M	0.06443340841716452	0.06443340841716452	0.0	False
10	32	compositional_ridge	CPA_0.8.8	primary_state_pair	P	0.06443340841716452	0.065418596383298	0.0009851879661334773	False
10	32	compositional_ridge	CPA_0.8.8	primary_state_pair	O	0.06443340841716452	0.06344822045103105	-0.0009851879661334773	False
10	32	compositional_ridge	CPA_0.8.8	primary_state_pair	D	0.06443340841716452	0.0644334084171645	-2.7755575615628914e-17	False
10	32	compositional_ridge	zero_effect	zero_effect_diagnostic	S	0.07765172575295809	0.07765172575295809	0.0	False
10	32	compositional_ridge	zero_effect	zero_effect_diagnostic	M	0.07765172575295809	0.07765172575295809	0.0	False
10	32	compositional_ridge	zero_effect	zero_effect_diagnostic	P	0.07765172575295809	0.06971916846515616	-0.007932557287801928	False
10	32	compositional_ridge	zero_effect	zero_effect_diagnostic	O	0.07765172575295809	0.06971916846515616	-0.007932557287801928	False
10	32	compositional_ridge	zero_effect	zero_effect_diagnostic	D	0.07765172575295809	0.06971916846515616	-0.007932557287801928	False
10	32	CPA_0.8.8	zero_effect	zero_effect_diagnostic	S	0.013218317335793567	0.013218317335793567	0.0	False
10	32	CPA_0.8.8	zero_effect	zero_effect_diagnostic	M	0.013218317335793567	0.013218317335793567	0.0	False
10	32	CPA_0.8.8	zero_effect	zero_effect_diagnostic	P	0.013218317335793567	0.004300572081858162	-0.008917745253935405	False
10	32	CPA_0.8.8	zero_effect	zero_effect_diagnostic	O	0.013218317335793567	0.006270948014125116	-0.006947369321668451	False
10	32	CPA_0.8.8	zero_effect	zero_effect_diagnostic	D	0.013218317335793567	0.005285760047991667	-0.0079325572878019	False
10	64	additive	compositional_ridge	primary_state_pair	S	-0.0007912360649253228	-0.0007912360649253228	0.0	False
10	64	additive	compositional_ridge	primary_state_pair	M	-0.0007912360649253228	-0.0007912360649253228	0.0	False
10	64	additive	compositional_ridge	primary_state_pair	P	-0.0007912360649253228	-0.0007912360649253262	-3.469446951953614e-18	False
10	64	additive	compositional_ridge	primary_state_pair	O	-0.0007912360649253228	-0.0007912360649253262	-3.469446951953614e-18	False
10	64	additive	compositional_ridge	primary_state_pair	D	-0.0007912360649253228	-0.0007912360649253262	-3.469446951953614e-18	False
10	64	additive	CPA_0.8.8	primary_state_pair	S	0.06467212087118533	0.06467212087118533	0.0	False
10	64	additive	CPA_0.8.8	primary_state_pair	M	0.06467212087118533	0.06467212087118533	0.0	False
10	64	additive	CPA_0.8.8	primary_state_pair	P	0.06467212087118533	0.06519827551878098	0.0005261546475956447	False
10	64	additive	CPA_0.8.8	primary_state_pair	O	0.06467212087118533	0.06414596622358966	-0.0005261546475956724	False
10	64	additive	CPA_0.8.8	primary_state_pair	D	0.06467212087118533	0.06467212087118533	0.0	False
10	64	additive	zero_effect	zero_effect_diagnostic	S	0.07643153799108844	0.07643153799108844	0.0	False
10	64	additive	zero_effect	zero_effect_diagnostic	M	0.07643153799108844	0.07643153799108844	0.0	False
10	64	additive	zero_effect	zero_effect_diagnostic	P	0.07643153799108844	0.07226686805505818	-0.004164669936030263	False
10	64	additive	zero_effect	zero_effect_diagnostic	O	0.07643153799108844	0.07226686805505818	-0.004164669936030263	False
10	64	additive	zero_effect	zero_effect_diagnostic	D	0.07643153799108844	0.07226686805505818	-0.004164669936030263	False
10	64	compositional_ridge	CPA_0.8.8	primary_state_pair	S	0.06546335693611066	0.06546335693611066	0.0	False
10	64	compositional_ridge	CPA_0.8.8	primary_state_pair	M	0.06546335693611066	0.06546335693611066	0.0	False
10	64	compositional_ridge	CPA_0.8.8	primary_state_pair	P	0.06546335693611066	0.0659895115837063	0.0005261546475956447	False
10	64	compositional_ridge	CPA_0.8.8	primary_state_pair	O	0.06546335693611066	0.06493720228851499	-0.0005261546475956724	False
10	64	compositional_ridge	CPA_0.8.8	primary_state_pair	D	0.06546335693611066	0.06546335693611066	0.0	False
10	64	compositional_ridge	zero_effect	zero_effect_diagnostic	S	0.07722277405601377	0.07722277405601377	0.0	False
10	64	compositional_ridge	zero_effect	zero_effect_diagnostic	M	0.07722277405601377	0.07722277405601377	0.0	False
10	64	compositional_ridge	zero_effect	zero_effect_diagnostic	P	0.07722277405601377	0.07305810411998351	-0.004164669936030263	False
10	64	compositional_ridge	zero_effect	zero_effect_diagnostic	O	0.07722277405601377	0.07305810411998351	-0.004164669936030263	False
10	64	compositional_ridge	zero_effect	zero_effect_diagnostic	D	0.07722277405601377	0.07305810411998351	-0.004164669936030263	False
10	64	CPA_0.8.8	zero_effect	zero_effect_diagnostic	S	0.01175941711990311	0.01175941711990311	0.0	False
10	64	CPA_0.8.8	zero_effect	zero_effect_diagnostic	M	0.01175941711990311	0.01175941711990311	0.0	False
10	64	CPA_0.8.8	zero_effect	zero_effect_diagnostic	P	0.01175941711990311	0.007068592536277202	-0.004690824583625908	False
10	64	CPA_0.8.8	zero_effect	zero_effect_diagnostic	O	0.01175941711990311	0.008120901831468519	-0.0036385152884345906	False
10	64	CPA_0.8.8	zero_effect	zero_effect_diagnostic	D	0.01175941711990311	0.007594747183872846	-0.004164669936030263	False
10	128	additive	compositional_ridge	primary_state_pair	S	-0.0007912360649253228	-0.0007912360649253228	0.0	False
10	128	additive	compositional_ridge	primary_state_pair	M	-0.0007912360649253228	-0.0007912360649253228	0.0	False
10	128	additive	compositional_ridge	primary_state_pair	P	-0.0007912360649253228	-0.0007912360649253158	6.938893903907228e-18	False
10	128	additive	compositional_ridge	primary_state_pair	O	-0.0007912360649253228	-0.0007912360649253158	6.938893903907228e-18	False
10	128	additive	compositional_ridge	primary_state_pair	D	-0.0007912360649253228	-0.0007912360649253158	6.938893903907228e-18	False
10	128	additive	CPA_0.8.8	primary_state_pair	S	0.06576888825606017	0.06576888825606017	0.0	False
10	128	additive	CPA_0.8.8	primary_state_pair	M	0.06576888825606017	0.06576888825606017	0.0	False
10	128	additive	CPA_0.8.8	primary_state_pair	P	0.06576888825606017	0.06601635828770142	0.0002474700316412448	False
10	128	additive	CPA_0.8.8	primary_state_pair	O	0.06576888825606017	0.06552141822441895	-0.00024747003164121706	False
10	128	additive	CPA_0.8.8	primary_state_pair	D	0.06576888825606017	0.06576888825606017	0.0	False
10	128	additive	zero_effect	zero_effect_diagnostic	S	0.07672405100493608	0.07672405100493608	0.0	False
10	128	additive	zero_effect	zero_effect_diagnostic	M	0.07672405100493608	0.07672405100493607	-1.3877787807814457e-17	False
10	128	additive	zero_effect	zero_effect_diagnostic	P	0.07672405100493608	0.0746675695924694	-0.0020564814124666847	False
10	128	additive	zero_effect	zero_effect_diagnostic	O	0.07672405100493608	0.0746675695924694	-0.0020564814124666847	False
10	128	additive	zero_effect	zero_effect_diagnostic	D	0.07672405100493608	0.0746675695924694	-0.0020564814124666847	False
10	128	compositional_ridge	CPA_0.8.8	primary_state_pair	S	0.06656012432098549	0.06656012432098549	0.0	False
10	128	compositional_ridge	CPA_0.8.8	primary_state_pair	M	0.06656012432098549	0.06656012432098549	0.0	False
10	128	compositional_ridge	CPA_0.8.8	primary_state_pair	P	0.06656012432098549	0.06680759435262673	0.0002474700316412448	False
10	128	compositional_ridge	CPA_0.8.8	primary_state_pair	O	0.06656012432098549	0.06631265428934427	-0.00024747003164121706	False
10	128	compositional_ridge	CPA_0.8.8	primary_state_pair	D	0.06656012432098549	0.06656012432098549	0.0	False
10	128	compositional_ridge	zero_effect	zero_effect_diagnostic	S	0.07751528706986141	0.07751528706986141	0.0	False
10	128	compositional_ridge	zero_effect	zero_effect_diagnostic	M	0.07751528706986141	0.07751528706986138	-2.7755575615628914e-17	False
10	128	compositional_ridge	zero_effect	zero_effect_diagnostic	P	0.07751528706986141	0.07545880565739471	-0.0020564814124666986	False
10	128	compositional_ridge	zero_effect	zero_effect_diagnostic	O	0.07751528706986141	0.07545880565739471	-0.0020564814124666986	False
10	128	compositional_ridge	zero_effect	zero_effect_diagnostic	D	0.07751528706986141	0.07545880565739471	-0.0020564814124666986	False
10	128	CPA_0.8.8	zero_effect	zero_effect_diagnostic	S	0.01095516274887591	0.01095516274887591	0.0	False
10	128	CPA_0.8.8	zero_effect	zero_effect_diagnostic	M	0.01095516274887591	0.010955162748875896	-1.3877787807814457e-17	False
10	128	CPA_0.8.8	zero_effect	zero_effect_diagnostic	P	0.01095516274887591	0.008651211304767994	-0.0023039514441079156	False
10	128	CPA_0.8.8	zero_effect	zero_effect_diagnostic	O	0.01095516274887591	0.009146151368050456	-0.0018090113808254538	False
10	128	CPA_0.8.8	zero_effect	zero_effect_diagnostic	D	0.01095516274887591	0.008898681336409225	-0.0020564814124666847	False
10	135	additive	compositional_ridge	primary_state_pair	S	-0.0007912360649253228	-0.0007912360649253228	0.0	False
10	135	additive	compositional_ridge	primary_state_pair	M	-0.0007912360649253228	-0.0007912360649253228	0.0	False
10	135	additive	compositional_ridge	primary_state_pair	P	-0.0007912360649253228	-0.0007912360649253124	1.0408340855860843e-17	False
10	135	additive	compositional_ridge	primary_state_pair	O	-0.0007912360649253228	-0.0007912360649253124	1.0408340855860843e-17	False
10	135	additive	compositional_ridge	primary_state_pair	D	-0.0007912360649253228	-0.0007912360649253124	1.0408340855860843e-17	False
10	135	additive	CPA_0.8.8	primary_state_pair	S	0.06605060778849273	0.06605060778849273	0.0	False
10	135	additive	CPA_0.8.8	primary_state_pair	M	0.06605060778849273	0.06605060778849273	0.0	False
10	135	additive	CPA_0.8.8	primary_state_pair	P	0.06605060778849273	0.06624827478917626	0.00019766700068353515	False
10	135	additive	CPA_0.8.8	primary_state_pair	O	0.06605060778849273	0.06585294078780918	-0.00019766700068354903	False
10	135	additive	CPA_0.8.8	primary_state_pair	D	0.06605060778849273	0.06605060778849273	0.0	False
10	135	additive	zero_effect	zero_effect_diagnostic	S	0.07692428250244233	0.07692428250244233	0.0	False
10	135	additive	zero_effect	zero_effect_diagnostic	M	0.07692428250244233	0.07692428250244233	0.0	False
10	135	additive	zero_effect	zero_effect_diagnostic	P	0.07692428250244233	0.07503161024226308	-0.0018926722601792512	False
10	135	additive	zero_effect	zero_effect_diagnostic	O	0.07692428250244233	0.07503161024226308	-0.0018926722601792512	False
10	135	additive	zero_effect	zero_effect_diagnostic	D	0.07692428250244233	0.07503161024226308	-0.0018926722601792512	False
10	135	compositional_ridge	CPA_0.8.8	primary_state_pair	S	0.06684184385341804	0.06684184385341804	0.0	False
10	135	compositional_ridge	CPA_0.8.8	primary_state_pair	M	0.06684184385341804	0.06684184385341804	0.0	False
10	135	compositional_ridge	CPA_0.8.8	primary_state_pair	P	0.06684184385341804	0.06703951085410158	0.00019766700068353515	False
10	135	compositional_ridge	CPA_0.8.8	primary_state_pair	O	0.06684184385341804	0.0666441768527345	-0.00019766700068354903	False
10	135	compositional_ridge	CPA_0.8.8	primary_state_pair	D	0.06684184385341804	0.06684184385341804	0.0	False
10	135	compositional_ridge	zero_effect	zero_effect_diagnostic	S	0.07771551856736766	0.07771551856736766	0.0	False
10	135	compositional_ridge	zero_effect	zero_effect_diagnostic	M	0.07771551856736766	0.07771551856736766	0.0	False
10	135	compositional_ridge	zero_effect	zero_effect_diagnostic	P	0.07771551856736766	0.0758228463071884	-0.001892672260179265	False
10	135	compositional_ridge	zero_effect	zero_effect_diagnostic	O	0.07771551856736766	0.0758228463071884	-0.001892672260179265	False
10	135	compositional_ridge	zero_effect	zero_effect_diagnostic	D	0.07771551856736766	0.0758228463071884	-0.001892672260179265	False
10	135	CPA_0.8.8	zero_effect	zero_effect_diagnostic	S	0.010873674713949608	0.010873674713949608	0.0	False
10	135	CPA_0.8.8	zero_effect	zero_effect_diagnostic	M	0.010873674713949608	0.010873674713949608	0.0	False
10	135	CPA_0.8.8	zero_effect	zero_effect_diagnostic	P	0.010873674713949608	0.008783335453086821	-0.0020903392608627863	False
10	135	CPA_0.8.8	zero_effect	zero_effect_diagnostic	O	0.010873674713949608	0.009178669454453905	-0.0016950052594957021	False
10	135	CPA_0.8.8	zero_effect	zero_effect_diagnostic	D	0.010873674713949608	0.008981002453770356	-0.0018926722601792512	False
11	8	additive	compositional_ridge	primary_state_pair	S	-0.0007912360649253228	-0.0007912360649253228	0.0	False
11	8	additive	compositional_ridge	primary_state_pair	M	-0.0007912360649253228	-0.0007912360649253228	0.0	False
11	8	additive	compositional_ridge	primary_state_pair	P	-0.0007912360649253228	-0.0007912360649253436	-2.0816681711721685e-17	False
11	8	additive	compositional_ridge	primary_state_pair	O	-0.0007912360649253228	-0.0007912360649253436	-2.0816681711721685e-17	False
11	8	additive	compositional_ridge	primary_state_pair	D	-0.0007912360649253228	-0.0007912360649253436	-2.0816681711721685e-17	False
11	8	additive	CPA_0.8.8	primary_state_pair	S	0.07267576797930714	0.07267576797930714	0.0	False
11	8	additive	CPA_0.8.8	primary_state_pair	M	0.07267576797930714	0.07267576797930712	-1.3877787807814457e-17	False
11	8	additive	CPA_0.8.8	primary_state_pair	P	0.07267576797930714	0.078749802846182	0.006074034866874856	False
11	8	additive	CPA_0.8.8	primary_state_pair	O	0.07267576797930714	0.06660173311243223	-0.006074034866874911	False
11	8	additive	CPA_0.8.8	primary_state_pair	D	0.07267576797930714	0.07267576797930711	-2.7755575615628914e-17	False
11	8	additive	zero_effect	zero_effect_diagnostic	S	0.09646640342790772	0.09646640342790772	0.0	False
11	8	additive	zero_effect	zero_effect_diagnostic	M	0.09646640342790772	0.0964664034279077	-1.3877787807814457e-17	False
11	8	additive	zero_effect	zero_effect_diagnostic	P	0.09646640342790772	0.062437026373688996	-0.03402937705421872	False
11	8	additive	zero_effect	zero_effect_diagnostic	O	0.09646640342790772	0.062437026373688996	-0.03402937705421872	False
11	8	additive	zero_effect	zero_effect_diagnostic	D	0.09646640342790772	0.062437026373688996	-0.03402937705421872	False
11	8	compositional_ridge	CPA_0.8.8	primary_state_pair	S	0.07346700404423245	0.07346700404423245	0.0	False
11	8	compositional_ridge	CPA_0.8.8	primary_state_pair	M	0.07346700404423245	0.07346700404423245	0.0	False
11	8	compositional_ridge	CPA_0.8.8	primary_state_pair	P	0.07346700404423245	0.07954103891110734	0.006074034866874883	False
11	8	compositional_ridge	CPA_0.8.8	primary_state_pair	O	0.07346700404423245	0.06739296917735757	-0.006074034866874883	False
11	8	compositional_ridge	CPA_0.8.8	primary_state_pair	D	0.07346700404423245	0.07346700404423245	0.0	False
11	8	compositional_ridge	zero_effect	zero_effect_diagnostic	S	0.09725763949283303	0.09725763949283303	0.0	False
11	8	compositional_ridge	zero_effect	zero_effect_diagnostic	M	0.09725763949283303	0.09725763949283303	0.0	False
11	8	compositional_ridge	zero_effect	zero_effect_diagnostic	P	0.09725763949283303	0.06322826243861435	-0.034029377054218685	False
11	8	compositional_ridge	zero_effect	zero_effect_diagnostic	O	0.09725763949283303	0.06322826243861435	-0.034029377054218685	False
11	8	compositional_ridge	zero_effect	zero_effect_diagnostic	D	0.09725763949283303	0.06322826243861435	-0.034029377054218685	False
11	8	CPA_0.8.8	zero_effect	zero_effect_diagnostic	S	0.023790635448600578	0.023790635448600578	0.0	False
11	8	CPA_0.8.8	zero_effect	zero_effect_diagnostic	M	0.023790635448600578	0.023790635448600578	0.0	False
11	8	CPA_0.8.8	zero_effect	zero_effect_diagnostic	P	0.023790635448600578	-0.016312776472493004	-0.04010341192109358	True
11	8	CPA_0.8.8	zero_effect	zero_effect_diagnostic	O	0.023790635448600578	-0.004164706738743237	-0.027955342187343815	True
11	8	CPA_0.8.8	zero_effect	zero_effect_diagnostic	D	0.023790635448600578	-0.01023874160561812	-0.0340293770542187	True
11	16	additive	compositional_ridge	primary_state_pair	S	-0.0007912360649253228	-0.0007912360649253228	0.0	False
11	16	additive	compositional_ridge	primary_state_pair	M	-0.0007912360649253228	-0.0007912360649253228	0.0	False
11	16	additive	compositional_ridge	primary_state_pair	P	-0.0007912360649253228	-0.0007912360649253367	-1.3877787807814457e-17	False
11	16	additive	compositional_ridge	primary_state_pair	O	-0.0007912360649253228	-0.0007912360649253367	-1.3877787807814457e-17	False
11	16	additive	compositional_ridge	primary_state_pair	D	-0.0007912360649253228	-0.0007912360649253367	-1.3877787807814457e-17	False
11	16	additive	CPA_0.8.8	primary_state_pair	S	0.06792471542036341	0.06792471542036341	0.0	False
11	16	additive	CPA_0.8.8	primary_state_pair	M	0.06792471542036341	0.06792471542036342	1.3877787807814457e-17	False
11	16	additive	CPA_0.8.8	primary_state_pair	P	0.06792471542036341	0.07037188513229908	0.002447169711935676	False
11	16	additive	CPA_0.8.8	primary_state_pair	O	0.06792471542036341	0.06547754570842776	-0.0024471697119356484	False
11	16	additive	CPA_0.8.8	primary_state_pair	D	0.06792471542036341	0.06792471542036341	0.0	False
11	16	additive	zero_effect	zero_effect_diagnostic	S	0.08478886676040674	0.08478886676040674	0.0	False
11	16	additive	zero_effect	zero_effect_diagnostic	M	0.08478886676040674	0.08478886676040674	0.0	False
11	16	additive	zero_effect	zero_effect_diagnostic	P	0.08478886676040674	0.06860653665547609	-0.016182330104930656	False
11	16	additive	zero_effect	zero_effect_diagnostic	O	0.08478886676040674	0.06860653665547609	-0.016182330104930656	False
11	16	additive	zero_effect	zero_effect_diagnostic	D	0.08478886676040674	0.06860653665547609	-0.016182330104930656	False
11	16	compositional_ridge	CPA_0.8.8	primary_state_pair	S	0.06871595148528872	0.06871595148528872	0.0	False
11	16	compositional_ridge	CPA_0.8.8	primary_state_pair	M	0.06871595148528872	0.06871595148528875	2.7755575615628914e-17	False
11	16	compositional_ridge	CPA_0.8.8	primary_state_pair	P	0.06871595148528872	0.07116312119722441	0.00244716971193569	False
11	16	compositional_ridge	CPA_0.8.8	primary_state_pair	O	0.06871595148528872	0.06626878177335309	-0.0024471697119356345	False
11	16	compositional_ridge	CPA_0.8.8	primary_state_pair	D	0.06871595148528872	0.06871595148528874	1.3877787807814457e-17	False
11	16	compositional_ridge	zero_effect	zero_effect_diagnostic	S	0.08558010282533207	0.08558010282533207	0.0	False
11	16	compositional_ridge	zero_effect	zero_effect_diagnostic	M	0.08558010282533207	0.08558010282533207	0.0	False
11	16	compositional_ridge	zero_effect	zero_effect_diagnostic	P	0.08558010282533207	0.06939777272040143	-0.016182330104930642	False
11	16	compositional_ridge	zero_effect	zero_effect_diagnostic	O	0.08558010282533207	0.06939777272040143	-0.016182330104930642	False
11	16	compositional_ridge	zero_effect	zero_effect_diagnostic	D	0.08558010282533207	0.06939777272040143	-0.016182330104930642	False
11	16	CPA_0.8.8	zero_effect	zero_effect_diagnostic	S	0.016864151340043335	0.016864151340043335	0.0	False
11	16	CPA_0.8.8	zero_effect	zero_effect_diagnostic	M	0.016864151340043335	0.01686415134004332	-1.3877787807814457e-17	False
11	16	CPA_0.8.8	zero_effect	zero_effect_diagnostic	P	0.016864151340043335	-0.0017653484768229838	-0.01862949981686632	True
11	16	CPA_0.8.8	zero_effect	zero_effect_diagnostic	O	0.016864151340043335	0.0031289909470483407	-0.013735160392994994	False
11	16	CPA_0.8.8	zero_effect	zero_effect_diagnostic	D	0.016864151340043335	0.0006818212351126923	-0.016182330104930642	False
11	32	additive	compositional_ridge	primary_state_pair	S	-0.0007912360649253228	-0.0007912360649253228	0.0	False
11	32	additive	compositional_ridge	primary_state_pair	M	-0.0007912360649253228	-0.0007912360649253228	0.0	False
11	32	additive	compositional_ridge	primary_state_pair	P	-0.0007912360649253228	-0.0007912360649253089	1.3877787807814457e-17	False
11	32	additive	compositional_ridge	primary_state_pair	O	-0.0007912360649253228	-0.0007912360649253089	1.3877787807814457e-17	False
11	32	additive	compositional_ridge	primary_state_pair	D	-0.0007912360649253228	-0.0007912360649253089	1.3877787807814457e-17	False
11	32	additive	CPA_0.8.8	primary_state_pair	S	0.06576587927695371	0.06576587927695371	0.0	False
11	32	additive	CPA_0.8.8	primary_state_pair	M	0.06576587927695371	0.06576587927695371	0.0	False
11	32	additive	CPA_0.8.8	primary_state_pair	P	0.06576587927695371	0.06689416556491837	0.0011282862879646582	False
11	32	additive	CPA_0.8.8	primary_state_pair	O	0.06576587927695371	0.06463759298898908	-0.0011282862879646305	False
11	32	additive	CPA_0.8.8	primary_state_pair	D	0.06576587927695371	0.06576587927695374	2.7755575615628914e-17	False
11	32	additive	zero_effect	zero_effect_diagnostic	S	0.07966608340168162	0.07966608340168162	0.0	False
11	32	additive	zero_effect	zero_effect_diagnostic	M	0.07966608340168162	0.07966608340168162	0.0	False
11	32	additive	zero_effect	zero_effect_diagnostic	P	0.07966608340168162	0.0717880512655262	-0.007878032136155413	False
11	32	additive	zero_effect	zero_effect_diagnostic	O	0.07966608340168162	0.0717880512655262	-0.007878032136155413	False
11	32	additive	zero_effect	zero_effect_diagnostic	D	0.07966608340168162	0.0717880512655262	-0.007878032136155413	False
11	32	compositional_ridge	CPA_0.8.8	primary_state_pair	S	0.06655711534187903	0.06655711534187903	0.0	False
11	32	compositional_ridge	CPA_0.8.8	primary_state_pair	M	0.06655711534187903	0.06655711534187903	0.0	False
11	32	compositional_ridge	CPA_0.8.8	primary_state_pair	P	0.06655711534187903	0.06768540162984367	0.0011282862879646444	False
11	32	compositional_ridge	CPA_0.8.8	primary_state_pair	O	0.06655711534187903	0.0654288290539144	-0.0011282862879646305	False
11	32	compositional_ridge	CPA_0.8.8	primary_state_pair	D	0.06655711534187903	0.06655711534187904	1.3877787807814457e-17	False
11	32	compositional_ridge	zero_effect	zero_effect_diagnostic	S	0.08045731946660695	0.08045731946660695	0.0	False
11	32	compositional_ridge	zero_effect	zero_effect_diagnostic	M	0.08045731946660695	0.08045731946660695	0.0	False
11	32	compositional_ridge	zero_effect	zero_effect_diagnostic	P	0.08045731946660695	0.0725792873304515	-0.007878032136155441	False
11	32	compositional_ridge	zero_effect	zero_effect_diagnostic	O	0.08045731946660695	0.0725792873304515	-0.007878032136155441	False
11	32	compositional_ridge	zero_effect	zero_effect_diagnostic	D	0.08045731946660695	0.0725792873304515	-0.007878032136155441	False
11	32	CPA_0.8.8	zero_effect	zero_effect_diagnostic	S	0.013900204124727908	0.013900204124727908	0.0	False
11	32	CPA_0.8.8	zero_effect	zero_effect_diagnostic	M	0.013900204124727908	0.013900204124727908	0.0	False
11	32	CPA_0.8.8	zero_effect	zero_effect_diagnostic	P	0.013900204124727908	0.004893885700607836	-0.009006318424120072	False
11	32	CPA_0.8.8	zero_effect	zero_effect_diagnostic	O	0.013900204124727908	0.007150458276537111	-0.006749745848190797	False
11	32	CPA_0.8.8	zero_effect	zero_effect_diagnostic	D	0.013900204124727908	0.006022171988572467	-0.007878032136155441	False
11	64	additive	compositional_ridge	primary_state_pair	S	-0.0007912360649253228	-0.0007912360649253228	0.0	False
11	64	additive	compositional_ridge	primary_state_pair	M	-0.0007912360649253228	-0.0007912360649253228	0.0	False
11	64	additive	compositional_ridge	primary_state_pair	P	-0.0007912360649253228	-0.0007912360649253228	0.0	False
11	64	additive	compositional_ridge	primary_state_pair	O	-0.0007912360649253228	-0.0007912360649253228	0.0	False
11	64	additive	compositional_ridge	primary_state_pair	D	-0.0007912360649253228	-0.0007912360649253228	0.0	False
11	64	additive	CPA_0.8.8	primary_state_pair	S	0.06556649150207237	0.06556649150207237	0.0	False
11	64	additive	CPA_0.8.8	primary_state_pair	M	0.06556649150207237	0.06556649150207237	0.0	False
11	64	additive	CPA_0.8.8	primary_state_pair	P	0.06556649150207237	0.06610859771590762	0.0005421062138352417	False
11	64	additive	CPA_0.8.8	primary_state_pair	O	0.06556649150207237	0.06502438528823713	-0.0005421062138352417	False
11	64	additive	CPA_0.8.8	primary_state_pair	D	0.06556649150207237	0.06556649150207236	-1.3877787807814457e-17	False
11	64	additive	zero_effect	zero_effect_diagnostic	S	0.07736155919523385	0.07736155919523385	0.0	False
11	64	additive	zero_effect	zero_effect_diagnostic	M	0.07736155919523385	0.07736155919523385	0.0	False
11	64	additive	zero_effect	zero_effect_diagnostic	P	0.07736155919523385	0.07338500966697875	-0.003976549528255102	False
11	64	additive	zero_effect	zero_effect_diagnostic	O	0.07736155919523385	0.07338500966697875	-0.003976549528255102	False
11	64	additive	zero_effect	zero_effect_diagnostic	D	0.07736155919523385	0.07338500966697875	-0.003976549528255102	False
11	64	compositional_ridge	CPA_0.8.8	primary_state_pair	S	0.0663577275669977	0.0663577275669977	0.0	False
11	64	compositional_ridge	CPA_0.8.8	primary_state_pair	M	0.0663577275669977	0.0663577275669977	0.0	False
11	64	compositional_ridge	CPA_0.8.8	primary_state_pair	P	0.0663577275669977	0.06689983378083293	0.0005421062138352278	False
11	64	compositional_ridge	CPA_0.8.8	primary_state_pair	O	0.0663577275669977	0.06581562135316245	-0.0005421062138352556	False
11	64	compositional_ridge	CPA_0.8.8	primary_state_pair	D	0.0663577275669977	0.06635772756699768	-2.7755575615628914e-17	False
11	64	compositional_ridge	zero_effect	zero_effect_diagnostic	S	0.07815279526015917	0.07815279526015917	0.0	False
11	64	compositional_ridge	zero_effect	zero_effect_diagnostic	M	0.07815279526015917	0.07815279526015917	0.0	False
11	64	compositional_ridge	zero_effect	zero_effect_diagnostic	P	0.07815279526015917	0.07417624573190407	-0.003976549528255102	False
11	64	compositional_ridge	zero_effect	zero_effect_diagnostic	O	0.07815279526015917	0.07417624573190407	-0.003976549528255102	False
11	64	compositional_ridge	zero_effect	zero_effect_diagnostic	D	0.07815279526015917	0.07417624573190407	-0.003976549528255102	False
11	64	CPA_0.8.8	zero_effect	zero_effect_diagnostic	S	0.011795067693161479	0.011795067693161479	0.0	False
11	64	CPA_0.8.8	zero_effect	zero_effect_diagnostic	M	0.011795067693161479	0.011795067693161479	0.0	False
11	64	CPA_0.8.8	zero_effect	zero_effect_diagnostic	P	0.011795067693161479	0.007276411951071135	-0.004518655742090344	False
11	64	CPA_0.8.8	zero_effect	zero_effect_diagnostic	O	0.011795067693161479	0.008360624378741618	-0.0034344433144198605	False
11	64	CPA_0.8.8	zero_effect	zero_effect_diagnostic	D	0.011795067693161479	0.00781851816490639	-0.003976549528255088	False
11	128	additive	compositional_ridge	primary_state_pair	S	-0.0007912360649253228	-0.0007912360649253228	0.0	False
11	128	additive	compositional_ridge	primary_state_pair	M	-0.0007912360649253228	-0.0007912360649253228	0.0	False
11	128	additive	compositional_ridge	primary_state_pair	P	-0.0007912360649253228	-0.0007912360649253297	-6.938893903907228e-18	False
11	128	additive	compositional_ridge	primary_state_pair	O	-0.0007912360649253228	-0.0007912360649253297	-6.938893903907228e-18	False
11	128	additive	compositional_ridge	primary_state_pair	D	-0.0007912360649253228	-0.0007912360649253297	-6.938893903907228e-18	False
11	128	additive	CPA_0.8.8	primary_state_pair	S	0.0659124185869292	0.0659124185869292	0.0	False
11	128	additive	CPA_0.8.8	primary_state_pair	M	0.0659124185869292	0.0659124185869292	0.0	False
11	128	additive	CPA_0.8.8	primary_state_pair	P	0.0659124185869292	0.06619936954506755	0.00028695095813835447	False
11	128	additive	CPA_0.8.8	primary_state_pair	O	0.0659124185869292	0.06562546762879083	-0.00028695095813836835	False
11	128	additive	CPA_0.8.8	primary_state_pair	D	0.0659124185869292	0.06591241858692923	2.7755575615628914e-17	False
11	128	additive	zero_effect	zero_effect_diagnostic	S	0.07684363429417751	0.07684363429417751	0.0	False
11	128	additive	zero_effect	zero_effect_diagnostic	M	0.07684363429417751	0.0768436342941775	-1.3877787807814457e-17	False
11	128	additive	zero_effect	zero_effect_diagnostic	P	0.07684363429417751	0.07482692912991357	-0.0020167051642639433	False
11	128	additive	zero_effect	zero_effect_diagnostic	O	0.07684363429417751	0.07482692912991357	-0.0020167051642639433	False
11	128	additive	zero_effect	zero_effect_diagnostic	D	0.07684363429417751	0.07482692912991357	-0.0020167051642639433	False
11	128	compositional_ridge	CPA_0.8.8	primary_state_pair	S	0.06670365465185452	0.06670365465185452	0.0	False
11	128	compositional_ridge	CPA_0.8.8	primary_state_pair	M	0.06670365465185452	0.06670365465185452	0.0	False
11	128	compositional_ridge	CPA_0.8.8	primary_state_pair	P	0.06670365465185452	0.06699060560999288	0.00028695095813836835	False
11	128	compositional_ridge	CPA_0.8.8	primary_state_pair	O	0.06670365465185452	0.06641670369371616	-0.00028695095813835447	False
11	128	compositional_ridge	CPA_0.8.8	primary_state_pair	D	0.06670365465185452	0.06670365465185456	4.163336342344337e-17	False
11	128	compositional_ridge	zero_effect	zero_effect_diagnostic	S	0.07763487035910283	0.07763487035910283	0.0	False
11	128	compositional_ridge	zero_effect	zero_effect_diagnostic	M	0.07763487035910283	0.07763487035910283	0.0	False
11	128	compositional_ridge	zero_effect	zero_effect_diagnostic	P	0.07763487035910283	0.0756181651948389	-0.0020167051642639294	False
11	128	compositional_ridge	zero_effect	zero_effect_diagnostic	O	0.07763487035910283	0.0756181651948389	-0.0020167051642639294	False
11	128	compositional_ridge	zero_effect	zero_effect_diagnostic	D	0.07763487035910283	0.0756181651948389	-0.0020167051642639294	False
11	128	CPA_0.8.8	zero_effect	zero_effect_diagnostic	S	0.01093121570724831	0.01093121570724831	0.0	False
11	128	CPA_0.8.8	zero_effect	zero_effect_diagnostic	M	0.01093121570724831	0.010931215707248296	-1.3877787807814457e-17	False
11	128	CPA_0.8.8	zero_effect	zero_effect_diagnostic	P	0.01093121570724831	0.008627559584846012	-0.0023036561224022978	False
11	128	CPA_0.8.8	zero_effect	zero_effect_diagnostic	O	0.01093121570724831	0.009201461501122735	-0.001729754206125575	False
11	128	CPA_0.8.8	zero_effect	zero_effect_diagnostic	D	0.01093121570724831	0.008914510542984339	-0.002016705164263971	False
11	135	additive	compositional_ridge	primary_state_pair	S	-0.0007912360649253228	-0.0007912360649253228	0.0	False
11	135	additive	compositional_ridge	primary_state_pair	M	-0.0007912360649253228	-0.0007912360649253228	0.0	False
11	135	additive	compositional_ridge	primary_state_pair	P	-0.0007912360649253228	-0.0007912360649253124	1.0408340855860843e-17	False
11	135	additive	compositional_ridge	primary_state_pair	O	-0.0007912360649253228	-0.0007912360649253124	1.0408340855860843e-17	False
11	135	additive	compositional_ridge	primary_state_pair	D	-0.0007912360649253228	-0.0007912360649253124	1.0408340855860843e-17	False
11	135	additive	CPA_0.8.8	primary_state_pair	S	0.06580740923925017	0.06580740923925017	0.0	False
11	135	additive	CPA_0.8.8	primary_state_pair	M	0.06580740923925017	0.06580740923925017	0.0	False
11	135	additive	CPA_0.8.8	primary_state_pair	P	0.06580740923925017	0.0660911349363558	0.0002837256971056218	False
11	135	additive	CPA_0.8.8	primary_state_pair	O	0.06580740923925017	0.06552368354214468	-0.0002837256971054969	False
11	135	additive	CPA_0.8.8	primary_state_pair	D	0.06580740923925017	0.06580740923925021	4.163336342344337e-17	False
11	135	additive	zero_effect	zero_effect_diagnostic	S	0.07668949679427371	0.07668949679427371	0.0	False
11	135	additive	zero_effect	zero_effect_diagnostic	M	0.07668949679427371	0.07668949679427371	0.0	False
11	135	additive	zero_effect	zero_effect_diagnostic	P	0.07668949679427371	0.07475556034077757	-0.0019339364534961406	False
11	135	additive	zero_effect	zero_effect_diagnostic	O	0.07668949679427371	0.07475556034077757	-0.0019339364534961406	False
11	135	additive	zero_effect	zero_effect_diagnostic	D	0.07668949679427371	0.07475556034077757	-0.0019339364534961406	False
11	135	compositional_ridge	CPA_0.8.8	primary_state_pair	S	0.0665986453041755	0.0665986453041755	0.0	False
11	135	compositional_ridge	CPA_0.8.8	primary_state_pair	M	0.0665986453041755	0.0665986453041755	0.0	False
11	135	compositional_ridge	CPA_0.8.8	primary_state_pair	P	0.0665986453041755	0.06688237100128111	0.0002837256971056079	False
11	135	compositional_ridge	CPA_0.8.8	primary_state_pair	O	0.0665986453041755	0.06631491960706999	-0.00028372569710551077	False
11	135	compositional_ridge	CPA_0.8.8	primary_state_pair	D	0.0665986453041755	0.06659864530417553	2.7755575615628914e-17	False
11	135	compositional_ridge	zero_effect	zero_effect_diagnostic	S	0.07748073285919904	0.07748073285919904	0.0	False
11	135	compositional_ridge	zero_effect	zero_effect_diagnostic	M	0.07748073285919904	0.07748073285919904	0.0	False
11	135	compositional_ridge	zero_effect	zero_effect_diagnostic	P	0.07748073285919904	0.07554679640570289	-0.0019339364534961545	False
11	135	compositional_ridge	zero_effect	zero_effect_diagnostic	O	0.07748073285919904	0.07554679640570289	-0.0019339364534961545	False
11	135	compositional_ridge	zero_effect	zero_effect_diagnostic	D	0.07748073285919904	0.07554679640570289	-0.0019339364534961545	False
11	135	CPA_0.8.8	zero_effect	zero_effect_diagnostic	S	0.01088208755502354	0.01088208755502354	0.0	False
11	135	CPA_0.8.8	zero_effect	zero_effect_diagnostic	M	0.01088208755502354	0.01088208755502354	0.0	False
11	135	CPA_0.8.8	zero_effect	zero_effect_diagnostic	P	0.01088208755502354	0.008664425404421777	-0.0022176621506017624	False
11	135	CPA_0.8.8	zero_effect	zero_effect_diagnostic	O	0.01088208755502354	0.009231876798632896	-0.0016502107563906437	False
11	135	CPA_0.8.8	zero_effect	zero_effect_diagnostic	D	0.01088208755502354	0.008948151101527357	-0.0019339364534961823	False
12	8	additive	compositional_ridge	primary_state_pair	S	-0.0007912360649253228	-0.0007912360649253228	0.0	False
12	8	additive	compositional_ridge	primary_state_pair	M	-0.0007912360649253228	-0.0007912360649253228	0.0	False
12	8	additive	compositional_ridge	primary_state_pair	P	-0.0007912360649253228	-0.0007912360649253228	0.0	False
12	8	additive	compositional_ridge	primary_state_pair	O	-0.0007912360649253228	-0.0007912360649253228	0.0	False
12	8	additive	compositional_ridge	primary_state_pair	D	-0.0007912360649253228	-0.0007912360649253228	0.0	False
12	8	additive	CPA_0.8.8	primary_state_pair	S	0.0650507908229741	0.0650507908229741	0.0	False
12	8	additive	CPA_0.8.8	primary_state_pair	M	0.0650507908229741	0.0650507908229741	0.0	False
12	8	additive	CPA_0.8.8	primary_state_pair	P	0.0650507908229741	0.06726497962194572	0.002214188798971617	False
12	8	additive	CPA_0.8.8	primary_state_pair	O	0.0650507908229741	0.06283660202400246	-0.0022141887989716447	False
12	8	additive	CPA_0.8.8	primary_state_pair	D	0.0650507908229741	0.06505079082297413	2.7755575615628914e-17	False
12	8	additive	zero_effect	zero_effect_diagnostic	S	0.08962393769449402	0.08962393769449402	0.0	False
12	8	additive	zero_effect	zero_effect_diagnostic	M	0.08962393769449402	0.08962393769449402	0.0	False
12	8	additive	zero_effect	zero_effect_diagnostic	P	0.08962393769449402	0.059531789706016296	-0.030092147988477723	False
12	8	additive	zero_effect	zero_effect_diagnostic	O	0.08962393769449402	0.059531789706016296	-0.030092147988477723	False
12	8	additive	zero_effect	zero_effect_diagnostic	D	0.08962393769449402	0.059531789706016296	-0.030092147988477723	False
12	8	compositional_ridge	CPA_0.8.8	primary_state_pair	S	0.06584202688789942	0.06584202688789942	0.0	False
12	8	compositional_ridge	CPA_0.8.8	primary_state_pair	M	0.06584202688789942	0.06584202688789942	0.0	False
12	8	compositional_ridge	CPA_0.8.8	primary_state_pair	P	0.06584202688789942	0.06805621568687104	0.002214188798971617	False
12	8	compositional_ridge	CPA_0.8.8	primary_state_pair	O	0.06584202688789942	0.06362783808892777	-0.0022141887989716447	False
12	8	compositional_ridge	CPA_0.8.8	primary_state_pair	D	0.06584202688789942	0.06584202688789945	2.7755575615628914e-17	False
12	8	compositional_ridge	zero_effect	zero_effect_diagnostic	S	0.09041517375941935	0.09041517375941935	0.0	False
12	8	compositional_ridge	zero_effect	zero_effect_diagnostic	M	0.09041517375941935	0.09041517375941935	0.0	False
12	8	compositional_ridge	zero_effect	zero_effect_diagnostic	P	0.09041517375941935	0.06032302577094162	-0.03009214798847773	False
12	8	compositional_ridge	zero_effect	zero_effect_diagnostic	O	0.09041517375941935	0.06032302577094162	-0.03009214798847773	False
12	8	compositional_ridge	zero_effect	zero_effect_diagnostic	D	0.09041517375941935	0.06032302577094162	-0.03009214798847773	False
12	8	CPA_0.8.8	zero_effect	zero_effect_diagnostic	S	0.024573146871519916	0.024573146871519916	0.0	False
12	8	CPA_0.8.8	zero_effect	zero_effect_diagnostic	M	0.024573146871519916	0.024573146871519916	0.0	False
12	8	CPA_0.8.8	zero_effect	zero_effect_diagnostic	P	0.024573146871519916	-0.007733189915929417	-0.03230633678744933	True
12	8	CPA_0.8.8	zero_effect	zero_effect_diagnostic	O	0.024573146871519916	-0.0033048123179861555	-0.02787795918950607	True
12	8	CPA_0.8.8	zero_effect	zero_effect_diagnostic	D	0.024573146871519916	-0.005519001116957828	-0.030092147988477744	True
12	16	additive	compositional_ridge	primary_state_pair	S	-0.0007912360649253228	-0.0007912360649253228	0.0	False
12	16	additive	compositional_ridge	primary_state_pair	M	-0.0007912360649253228	-0.0007912360649253228	0.0	False
12	16	additive	compositional_ridge	primary_state_pair	P	-0.0007912360649253228	-0.0007912360649253228	0.0	False
12	16	additive	compositional_ridge	primary_state_pair	O	-0.0007912360649253228	-0.0007912360649253228	0.0	False
12	16	additive	compositional_ridge	primary_state_pair	D	-0.0007912360649253228	-0.0007912360649253228	0.0	False
12	16	additive	CPA_0.8.8	primary_state_pair	S	0.0691527219795272	0.0691527219795272	0.0	False
12	16	additive	CPA_0.8.8	primary_state_pair	M	0.0691527219795272	0.0691527219795272	0.0	False
12	16	additive	CPA_0.8.8	primary_state_pair	P	0.0691527219795272	0.07010371469551799	0.0009509927159907922	False
12	16	additive	CPA_0.8.8	primary_state_pair	O	0.0691527219795272	0.06820172926353629	-0.0009509927159909032	False
12	16	additive	CPA_0.8.8	primary_state_pair	D	0.0691527219795272	0.06915272197952718	-1.3877787807814457e-17	False
12	16	additive	zero_effect	zero_effect_diagnostic	S	0.08664065345114459	0.08664065345114459	0.0	False
12	16	additive	zero_effect	zero_effect_diagnostic	M	0.08664065345114459	0.08664065345114459	0.0	False
12	16	additive	zero_effect	zero_effect_diagnostic	P	0.08664065345114459	0.07155388328934964	-0.015086770161794952	False
12	16	additive	zero_effect	zero_effect_diagnostic	O	0.08664065345114459	0.07155388328934964	-0.015086770161794952	False
12	16	additive	zero_effect	zero_effect_diagnostic	D	0.08664065345114459	0.07155388328934964	-0.015086770161794952	False
12	16	compositional_ridge	CPA_0.8.8	primary_state_pair	S	0.06994395804445253	0.06994395804445253	0.0	False
12	16	compositional_ridge	CPA_0.8.8	primary_state_pair	M	0.06994395804445253	0.06994395804445253	0.0	False
12	16	compositional_ridge	CPA_0.8.8	primary_state_pair	P	0.06994395804445253	0.0708949507604433	0.0009509927159907783	False
12	16	compositional_ridge	CPA_0.8.8	primary_state_pair	O	0.06994395804445253	0.06899296532846162	-0.0009509927159909032	False
12	16	compositional_ridge	CPA_0.8.8	primary_state_pair	D	0.06994395804445253	0.0699439580444525	-2.7755575615628914e-17	False
12	16	compositional_ridge	zero_effect	zero_effect_diagnostic	S	0.08743188951606992	0.08743188951606992	0.0	False
12	16	compositional_ridge	zero_effect	zero_effect_diagnostic	M	0.08743188951606992	0.08743188951606992	0.0	False
12	16	compositional_ridge	zero_effect	zero_effect_diagnostic	P	0.08743188951606992	0.07234511935427496	-0.015086770161794966	False
12	16	compositional_ridge	zero_effect	zero_effect_diagnostic	O	0.08743188951606992	0.07234511935427496	-0.015086770161794966	False
12	16	compositional_ridge	zero_effect	zero_effect_diagnostic	D	0.08743188951606992	0.07234511935427496	-0.015086770161794966	False
12	16	CPA_0.8.8	zero_effect	zero_effect_diagnostic	S	0.017487931471617396	0.017487931471617396	0.0	False
12	16	CPA_0.8.8	zero_effect	zero_effect_diagnostic	M	0.017487931471617396	0.017487931471617396	0.0	False
12	16	CPA_0.8.8	zero_effect	zero_effect_diagnostic	P	0.017487931471617396	0.0014501685938316522	-0.016037762877785744	False
12	16	CPA_0.8.8	zero_effect	zero_effect_diagnostic	O	0.017487931471617396	0.0033521540258133337	-0.014135777445804062	False
12	16	CPA_0.8.8	zero_effect	zero_effect_diagnostic	D	0.017487931471617396	0.0024011613098224582	-0.015086770161794938	False
12	32	additive	compositional_ridge	primary_state_pair	S	-0.0007912360649253228	-0.0007912360649253228	0.0	False
12	32	additive	compositional_ridge	primary_state_pair	M	-0.0007912360649253228	-0.0007912360649253228	0.0	False
12	32	additive	compositional_ridge	primary_state_pair	P	-0.0007912360649253228	-0.0007912360649253297	-6.938893903907228e-18	False
12	32	additive	compositional_ridge	primary_state_pair	O	-0.0007912360649253228	-0.0007912360649253297	-6.938893903907228e-18	False
12	32	additive	compositional_ridge	primary_state_pair	D	-0.0007912360649253228	-0.0007912360649253297	-6.938893903907228e-18	False
12	32	additive	CPA_0.8.8	primary_state_pair	S	0.06477959881941255	0.06477959881941255	0.0	False
12	32	additive	CPA_0.8.8	primary_state_pair	M	0.06477959881941255	0.06477959881941255	0.0	False
12	32	additive	CPA_0.8.8	primary_state_pair	P	0.06477959881941255	0.06502726515244905	0.00024766633303650865	False
12	32	additive	CPA_0.8.8	primary_state_pair	O	0.06477959881941255	0.06453193248637606	-0.0002476663330364809	False
12	32	additive	CPA_0.8.8	primary_state_pair	D	0.06477959881941255	0.06477959881941256	1.3877787807814457e-17	False
12	32	additive	zero_effect	zero_effect_diagnostic	S	0.07860749192952493	0.07860749192952493	0.0	False
12	32	additive	zero_effect	zero_effect_diagnostic	M	0.07860749192952493	0.07860749192952493	0.0	False
12	32	additive	zero_effect	zero_effect_diagnostic	P	0.07860749192952493	0.07111725657950387	-0.0074902353500210656	False
12	32	additive	zero_effect	zero_effect_diagnostic	O	0.07860749192952493	0.07111725657950387	-0.0074902353500210656	False
12	32	additive	zero_effect	zero_effect_diagnostic	D	0.07860749192952493	0.07111725657950387	-0.0074902353500210656	False
12	32	compositional_ridge	CPA_0.8.8	primary_state_pair	S	0.06557083488433788	0.06557083488433788	0.0	False
12	32	compositional_ridge	CPA_0.8.8	primary_state_pair	M	0.06557083488433788	0.06557083488433788	0.0	False
12	32	compositional_ridge	CPA_0.8.8	primary_state_pair	P	0.06557083488433788	0.06581850121737438	0.00024766633303650865	False
12	32	compositional_ridge	CPA_0.8.8	primary_state_pair	O	0.06557083488433788	0.0653231685513014	-0.0002476663330364809	False
12	32	compositional_ridge	CPA_0.8.8	primary_state_pair	D	0.06557083488433788	0.06557083488433789	1.3877787807814457e-17	False
12	32	compositional_ridge	zero_effect	zero_effect_diagnostic	S	0.07939872799445025	0.07939872799445025	0.0	False
12	32	compositional_ridge	zero_effect	zero_effect_diagnostic	M	0.07939872799445025	0.07939872799445025	0.0	False
12	32	compositional_ridge	zero_effect	zero_effect_diagnostic	P	0.07939872799445025	0.0719084926444292	-0.007490235350021052	False
12	32	compositional_ridge	zero_effect	zero_effect_diagnostic	O	0.07939872799445025	0.0719084926444292	-0.007490235350021052	False
12	32	compositional_ridge	zero_effect	zero_effect_diagnostic	D	0.07939872799445025	0.0719084926444292	-0.007490235350021052	False
12	32	CPA_0.8.8	zero_effect	zero_effect_diagnostic	S	0.013827893110112385	0.013827893110112385	0.0	False
12	32	CPA_0.8.8	zero_effect	zero_effect_diagnostic	M	0.013827893110112385	0.013827893110112385	0.0	False
12	32	CPA_0.8.8	zero_effect	zero_effect_diagnostic	P	0.013827893110112385	0.006089991427054811	-0.007737901683057574	False
12	32	CPA_0.8.8	zero_effect	zero_effect_diagnostic	O	0.013827893110112385	0.006585324093127801	-0.007242569016984585	False
12	32	CPA_0.8.8	zero_effect	zero_effect_diagnostic	D	0.013827893110112385	0.006337657760091306	-0.007490235350021079	False
12	64	additive	compositional_ridge	primary_state_pair	S	-0.0007912360649253228	-0.0007912360649253228	0.0	False
12	64	additive	compositional_ridge	primary_state_pair	M	-0.0007912360649253228	-0.0007912360649253228	0.0	False
12	64	additive	compositional_ridge	primary_state_pair	P	-0.0007912360649253228	-0.0007912360649253228	0.0	False
12	64	additive	compositional_ridge	primary_state_pair	O	-0.0007912360649253228	-0.0007912360649253228	0.0	False
12	64	additive	compositional_ridge	primary_state_pair	D	-0.0007912360649253228	-0.0007912360649253228	0.0	False
12	64	additive	CPA_0.8.8	primary_state_pair	S	0.06590036936449857	0.06590036936449857	0.0	False
12	64	additive	CPA_0.8.8	primary_state_pair	M	0.06590036936449857	0.06590036936449857	0.0	False
12	64	additive	CPA_0.8.8	primary_state_pair	P	0.06590036936449857	0.06640566594586209	0.0005052965813635152	False
12	64	additive	CPA_0.8.8	primary_state_pair	O	0.06590036936449857	0.0653950727831351	-0.0005052965813634736	False
12	64	additive	CPA_0.8.8	primary_state_pair	D	0.06590036936449857	0.06590036936449861	4.163336342344337e-17	False
12	64	additive	zero_effect	zero_effect_diagnostic	S	0.07777391852041851	0.07777391852041851	0.0	False
12	64	additive	zero_effect	zero_effect_diagnostic	M	0.07777391852041851	0.07777391852041851	0.0	False
12	64	additive	zero_effect	zero_effect_diagnostic	P	0.07777391852041851	0.07378894872754915	-0.003984969792869358	False
12	64	additive	zero_effect	zero_effect_diagnostic	O	0.07777391852041851	0.07378894872754915	-0.003984969792869358	False
12	64	additive	zero_effect	zero_effect_diagnostic	D	0.07777391852041851	0.07378894872754915	-0.003984969792869358	False
12	64	compositional_ridge	CPA_0.8.8	primary_state_pair	S	0.0666916054294239	0.0666916054294239	0.0	False
12	64	compositional_ridge	CPA_0.8.8	primary_state_pair	M	0.0666916054294239	0.0666916054294239	0.0	False
12	64	compositional_ridge	CPA_0.8.8	primary_state_pair	P	0.0666916054294239	0.06719690201078742	0.0005052965813635152	False
12	64	compositional_ridge	CPA_0.8.8	primary_state_pair	O	0.0666916054294239	0.06618630884806043	-0.0005052965813634736	False
12	64	compositional_ridge	CPA_0.8.8	primary_state_pair	D	0.0666916054294239	0.06669160542942394	4.163336342344337e-17	False
12	64	compositional_ridge	zero_effect	zero_effect_diagnostic	S	0.07856515458534383	0.07856515458534383	0.0	False
12	64	compositional_ridge	zero_effect	zero_effect_diagnostic	M	0.07856515458534383	0.07856515458534383	0.0	False
12	64	compositional_ridge	zero_effect	zero_effect_diagnostic	P	0.07856515458534383	0.07458018479247448	-0.0039849697928693445	False
12	64	compositional_ridge	zero_effect	zero_effect_diagnostic	O	0.07856515458534383	0.07458018479247448	-0.0039849697928693445	False
12	64	compositional_ridge	zero_effect	zero_effect_diagnostic	D	0.07856515458534383	0.07458018479247448	-0.0039849697928693445	False
12	64	CPA_0.8.8	zero_effect	zero_effect_diagnostic	S	0.01187354915591994	0.01187354915591994	0.0	False
12	64	CPA_0.8.8	zero_effect	zero_effect_diagnostic	M	0.01187354915591994	0.01187354915591994	0.0	False
12	64	CPA_0.8.8	zero_effect	zero_effect_diagnostic	P	0.01187354915591994	0.007383282781687067	-0.0044902663742328736	False
12	64	CPA_0.8.8	zero_effect	zero_effect_diagnostic	O	0.01187354915591994	0.008393875944414056	-0.003479673211505885	False
12	64	CPA_0.8.8	zero_effect	zero_effect_diagnostic	D	0.01187354915591994	0.00788857936305054	-0.0039849697928694	False
12	128	additive	compositional_ridge	primary_state_pair	S	-0.0007912360649253228	-0.0007912360649253228	0.0	False
12	128	additive	compositional_ridge	primary_state_pair	M	-0.0007912360649253228	-0.0007912360649253228	0.0	False
12	128	additive	compositional_ridge	primary_state_pair	P	-0.0007912360649253228	-0.0007912360649253054	1.734723475976807e-17	False
12	128	additive	compositional_ridge	primary_state_pair	O	-0.0007912360649253228	-0.0007912360649253054	1.734723475976807e-17	False
12	128	additive	compositional_ridge	primary_state_pair	D	-0.0007912360649253228	-0.0007912360649253054	1.734723475976807e-17	False
12	128	additive	CPA_0.8.8	primary_state_pair	S	0.06606968301655473	0.06606968301655473	0.0	False
12	128	additive	CPA_0.8.8	primary_state_pair	M	0.06606968301655473	0.06606968301655473	0.0	False
12	128	additive	CPA_0.8.8	primary_state_pair	P	0.06606968301655473	0.06645930841716938	0.00038962540061464324	False
12	128	additive	CPA_0.8.8	primary_state_pair	O	0.06606968301655473	0.06568005761594004	-0.00038962540061469875	False
12	128	additive	CPA_0.8.8	primary_state_pair	D	0.06606968301655473	0.06606968301655469	-4.163336342344337e-17	False
12	128	additive	zero_effect	zero_effect_diagnostic	S	0.07701845510723274	0.07701845510723274	0.0	False
12	128	additive	zero_effect	zero_effect_diagnostic	M	0.07701845510723274	0.07701845510723274	0.0	False
12	128	additive	zero_effect	zero_effect_diagnostic	P	0.07701845510723274	0.07485946749180736	-0.0021589876154253784	False
12	128	additive	zero_effect	zero_effect_diagnostic	O	0.07701845510723274	0.07485946749180736	-0.0021589876154253784	False
12	128	additive	zero_effect	zero_effect_diagnostic	D	0.07701845510723274	0.07485946749180736	-0.0021589876154253784	False
12	128	compositional_ridge	CPA_0.8.8	primary_state_pair	S	0.06686091908148006	0.06686091908148006	0.0	False
12	128	compositional_ridge	CPA_0.8.8	primary_state_pair	M	0.06686091908148006	0.06686091908148006	0.0	False
12	128	compositional_ridge	CPA_0.8.8	primary_state_pair	P	0.06686091908148006	0.06725054448209469	0.00038962540061462936	False
12	128	compositional_ridge	CPA_0.8.8	primary_state_pair	O	0.06686091908148006	0.06647129368086535	-0.0003896254006147126	False
12	128	compositional_ridge	CPA_0.8.8	primary_state_pair	D	0.06686091908148006	0.06686091908148001	-5.551115123125783e-17	False
12	128	compositional_ridge	zero_effect	zero_effect_diagnostic	S	0.07780969117215805	0.07780969117215805	0.0	False
12	128	compositional_ridge	zero_effect	zero_effect_diagnostic	M	0.07780969117215805	0.07780969117215805	0.0	False
12	128	compositional_ridge	zero_effect	zero_effect_diagnostic	P	0.07780969117215805	0.07565070355673267	-0.0021589876154253784	False
12	128	compositional_ridge	zero_effect	zero_effect_diagnostic	O	0.07780969117215805	0.07565070355673267	-0.0021589876154253784	False
12	128	compositional_ridge	zero_effect	zero_effect_diagnostic	D	0.07780969117215805	0.07565070355673267	-0.0021589876154253784	False
12	128	CPA_0.8.8	zero_effect	zero_effect_diagnostic	S	0.010948772090678002	0.010948772090678002	0.0	False
12	128	CPA_0.8.8	zero_effect	zero_effect_diagnostic	M	0.010948772090678002	0.010948772090678002	0.0	False
12	128	CPA_0.8.8	zero_effect	zero_effect_diagnostic	P	0.010948772090678002	0.00840015907463798	-0.0025486130160400217	False
12	128	CPA_0.8.8	zero_effect	zero_effect_diagnostic	O	0.010948772090678002	0.009179409875867323	-0.0017693622148106797	False
12	128	CPA_0.8.8	zero_effect	zero_effect_diagnostic	D	0.010948772090678002	0.008789784475252665	-0.002158987615425337	False
12	135	additive	compositional_ridge	primary_state_pair	S	-0.0007912360649253228	-0.0007912360649253228	0.0	False
12	135	additive	compositional_ridge	primary_state_pair	M	-0.0007912360649253228	-0.0007912360649253228	0.0	False
12	135	additive	compositional_ridge	primary_state_pair	P	-0.0007912360649253228	-0.0007912360649253193	3.469446951953614e-18	False
12	135	additive	compositional_ridge	primary_state_pair	O	-0.0007912360649253228	-0.0007912360649253193	3.469446951953614e-18	False
12	135	additive	compositional_ridge	primary_state_pair	D	-0.0007912360649253228	-0.0007912360649253193	3.469446951953614e-18	False
12	135	additive	CPA_0.8.8	primary_state_pair	S	0.06632857621312428	0.06632857621312428	0.0	False
12	135	additive	CPA_0.8.8	primary_state_pair	M	0.06632857621312428	0.06632857621312428	0.0	False
12	135	additive	CPA_0.8.8	primary_state_pair	P	0.06632857621312428	0.06668516601907801	0.0003565898059537248	False
12	135	additive	CPA_0.8.8	primary_state_pair	O	0.06632857621312428	0.06597198640717061	-0.0003565898059536693	False
12	135	additive	CPA_0.8.8	primary_state_pair	D	0.06632857621312428	0.0663285762131243	1.3877787807814457e-17	False
12	135	additive	zero_effect	zero_effect_diagnostic	S	0.07722215819615064	0.07722215819615064	0.0	False
12	135	additive	zero_effect	zero_effect_diagnostic	M	0.07722215819615064	0.07722215819615064	0.0	False
12	135	additive	zero_effect	zero_effect_diagnostic	P	0.07722215819615064	0.07521785610006718	-0.00200430209608346	False
12	135	additive	zero_effect	zero_effect_diagnostic	O	0.07722215819615064	0.07521785610006718	-0.00200430209608346	False
12	135	additive	zero_effect	zero_effect_diagnostic	D	0.07722215819615064	0.07521785610006718	-0.00200430209608346	False
12	135	compositional_ridge	CPA_0.8.8	primary_state_pair	S	0.06711981227804961	0.06711981227804961	0.0	False
12	135	compositional_ridge	CPA_0.8.8	primary_state_pair	M	0.06711981227804961	0.06711981227804961	0.0	False
12	135	compositional_ridge	CPA_0.8.8	primary_state_pair	P	0.06711981227804961	0.06747640208400332	0.0003565898059537109	False
12	135	compositional_ridge	CPA_0.8.8	primary_state_pair	O	0.06711981227804961	0.06676322247209594	-0.0003565898059536693	False
12	135	compositional_ridge	CPA_0.8.8	primary_state_pair	D	0.06711981227804961	0.06711981227804961	0.0	False
12	135	compositional_ridge	zero_effect	zero_effect_diagnostic	S	0.07801339426107595	0.07801339426107595	0.0	False
12	135	compositional_ridge	zero_effect	zero_effect_diagnostic	M	0.07801339426107595	0.07801339426107595	0.0	False
12	135	compositional_ridge	zero_effect	zero_effect_diagnostic	P	0.07801339426107595	0.07600909216499249	-0.00200430209608346	False
12	135	compositional_ridge	zero_effect	zero_effect_diagnostic	O	0.07801339426107595	0.07600909216499249	-0.00200430209608346	False
12	135	compositional_ridge	zero_effect	zero_effect_diagnostic	D	0.07801339426107595	0.07600909216499249	-0.00200430209608346	False
12	135	CPA_0.8.8	zero_effect	zero_effect_diagnostic	S	0.010893581983026354	0.010893581983026354	0.0	False
12	135	CPA_0.8.8	zero_effect	zero_effect_diagnostic	M	0.010893581983026354	0.010893581983026354	0.0	False
12	135	CPA_0.8.8	zero_effect	zero_effect_diagnostic	P	0.010893581983026354	0.00853269008098917	-0.002360891902037185	False
12	135	CPA_0.8.8	zero_effect	zero_effect_diagnostic	O	0.010893581983026354	0.00924586969289655	-0.0016477122901298047	False
12	135	CPA_0.8.8	zero_effect	zero_effect_diagnostic	D	0.010893581983026354	0.00888927988694288	-0.002004302096083474	False
13	8	additive	compositional_ridge	primary_state_pair	S	-0.0007912360649253228	-0.0007912360649253228	0.0	False
13	8	additive	compositional_ridge	primary_state_pair	M	-0.0007912360649253228	-0.0007912360649253228	0.0	False
13	8	additive	compositional_ridge	primary_state_pair	P	-0.0007912360649253228	-0.0007912360649253367	-1.3877787807814457e-17	False
13	8	additive	compositional_ridge	primary_state_pair	O	-0.0007912360649253228	-0.0007912360649253367	-1.3877787807814457e-17	False
13	8	additive	compositional_ridge	primary_state_pair	D	-0.0007912360649253228	-0.0007912360649253367	-1.3877787807814457e-17	False
13	8	additive	CPA_0.8.8	primary_state_pair	S	0.0617074337032444	0.0617074337032444	0.0	False
13	8	additive	CPA_0.8.8	primary_state_pair	M	0.0617074337032444	0.06170743370324441	1.3877787807814457e-17	False
13	8	additive	CPA_0.8.8	primary_state_pair	P	0.0617074337032444	0.0640520735836329	0.0023446398803885077	False
13	8	additive	CPA_0.8.8	primary_state_pair	O	0.0617074337032444	0.05936279382285589	-0.0023446398803885077	False
13	8	additive	CPA_0.8.8	primary_state_pair	D	0.0617074337032444	0.0617074337032444	0.0	False
13	8	additive	zero_effect	zero_effect_diagnostic	S	0.08652349306446808	0.08652349306446808	0.0	False
13	8	additive	zero_effect	zero_effect_diagnostic	M	0.08652349306446808	0.08652349306446808	0.0	False
13	8	additive	zero_effect	zero_effect_diagnostic	P	0.08652349306446808	0.05564401638112944	-0.03087947668333864	False
13	8	additive	zero_effect	zero_effect_diagnostic	O	0.08652349306446808	0.05564401638112944	-0.03087947668333864	False
13	8	additive	zero_effect	zero_effect_diagnostic	D	0.08652349306446808	0.05564401638112944	-0.03087947668333864	False
13	8	compositional_ridge	CPA_0.8.8	primary_state_pair	S	0.06249866976816972	0.06249866976816972	0.0	False
13	8	compositional_ridge	CPA_0.8.8	primary_state_pair	M	0.06249866976816972	0.062498669768169736	1.3877787807814457e-17	False
13	8	compositional_ridge	CPA_0.8.8	primary_state_pair	P	0.06249866976816972	0.06484330964855825	0.0023446398803885285	False
13	8	compositional_ridge	CPA_0.8.8	primary_state_pair	O	0.06249866976816972	0.06015402988778123	-0.002344639880388494	False
13	8	compositional_ridge	CPA_0.8.8	primary_state_pair	D	0.06249866976816972	0.062498669768169736	1.3877787807814457e-17	False
13	8	compositional_ridge	zero_effect	zero_effect_diagnostic	S	0.08731472912939339	0.08731472912939339	0.0	False
13	8	compositional_ridge	zero_effect	zero_effect_diagnostic	M	0.08731472912939339	0.08731472912939339	0.0	False
13	8	compositional_ridge	zero_effect	zero_effect_diagnostic	P	0.08731472912939339	0.056435252446054775	-0.030879476683338618	False
13	8	compositional_ridge	zero_effect	zero_effect_diagnostic	O	0.08731472912939339	0.056435252446054775	-0.030879476683338618	False
13	8	compositional_ridge	zero_effect	zero_effect_diagnostic	D	0.08731472912939339	0.056435252446054775	-0.030879476683338618	False
13	8	CPA_0.8.8	zero_effect	zero_effect_diagnostic	S	0.024816059361223677	0.024816059361223677	0.0	False
13	8	CPA_0.8.8	zero_effect	zero_effect_diagnostic	M	0.024816059361223677	0.024816059361223664	-1.3877787807814457e-17	False
13	8	CPA_0.8.8	zero_effect	zero_effect_diagnostic	P	0.024816059361223677	-0.008408057202503469	-0.033224116563727146	True
13	8	CPA_0.8.8	zero_effect	zero_effect_diagnostic	O	0.024816059361223677	-0.0037187774417264535	-0.02853483680295013	True
13	8	CPA_0.8.8	zero_effect	zero_effect_diagnostic	D	0.024816059361223677	-0.006063417322114961	-0.03087947668333864	True
13	16	additive	compositional_ridge	primary_state_pair	S	-0.0007912360649253228	-0.0007912360649253228	0.0	False
13	16	additive	compositional_ridge	primary_state_pair	M	-0.0007912360649253228	-0.0007912360649253228	0.0	False
13	16	additive	compositional_ridge	primary_state_pair	P	-0.0007912360649253228	-0.0007912360649253297	-6.938893903907228e-18	False
13	16	additive	compositional_ridge	primary_state_pair	O	-0.0007912360649253228	-0.0007912360649253297	-6.938893903907228e-18	False
13	16	additive	compositional_ridge	primary_state_pair	D	-0.0007912360649253228	-0.0007912360649253297	-6.938893903907228e-18	False
13	16	additive	CPA_0.8.8	primary_state_pair	S	0.06333372071197269	0.06333372071197269	0.0	False
13	16	additive	CPA_0.8.8	primary_state_pair	M	0.06333372071197269	0.06333372071197267	-1.3877787807814457e-17	False
13	16	additive	CPA_0.8.8	primary_state_pair	P	0.06333372071197269	0.06543575585863942	0.0021020351466667364	False
13	16	additive	CPA_0.8.8	primary_state_pair	O	0.06333372071197269	0.06123168556530602	-0.002102035146666667	False
13	16	additive	CPA_0.8.8	primary_state_pair	D	0.06333372071197269	0.06333372071197269	0.0	False
13	16	additive	zero_effect	zero_effect_diagnostic	S	0.08046271598541697	0.08046271598541697	0.0	False
13	16	additive	zero_effect	zero_effect_diagnostic	M	0.08046271598541697	0.08046271598541697	0.0	False
13	16	additive	zero_effect	zero_effect_diagnostic	P	0.08046271598541697	0.0639540952554378	-0.016508620729979176	False
13	16	additive	zero_effect	zero_effect_diagnostic	O	0.08046271598541697	0.0639540952554378	-0.016508620729979176	False
13	16	additive	zero_effect	zero_effect_diagnostic	D	0.08046271598541697	0.0639540952554378	-0.016508620729979176	False
13	16	compositional_ridge	CPA_0.8.8	primary_state_pair	S	0.064124956776898	0.064124956776898	0.0	False
13	16	compositional_ridge	CPA_0.8.8	primary_state_pair	M	0.064124956776898	0.064124956776898	0.0	False
13	16	compositional_ridge	CPA_0.8.8	primary_state_pair	P	0.064124956776898	0.06622699192356475	0.0021020351466667503	False
13	16	compositional_ridge	CPA_0.8.8	primary_state_pair	O	0.064124956776898	0.06202292163023135	-0.002102035146666653	False
13	16	compositional_ridge	CPA_0.8.8	primary_state_pair	D	0.064124956776898	0.06412495677689801	1.3877787807814457e-17	False
13	16	compositional_ridge	zero_effect	zero_effect_diagnostic	S	0.0812539520503423	0.0812539520503423	0.0	False
13	16	compositional_ridge	zero_effect	zero_effect_diagnostic	M	0.0812539520503423	0.0812539520503423	0.0	False
13	16	compositional_ridge	zero_effect	zero_effect_diagnostic	P	0.0812539520503423	0.06474533132036313	-0.016508620729979176	False
13	16	compositional_ridge	zero_effect	zero_effect_diagnostic	O	0.0812539520503423	0.06474533132036313	-0.016508620729979176	False
13	16	compositional_ridge	zero_effect	zero_effect_diagnostic	D	0.0812539520503423	0.06474533132036313	-0.016508620729979176	False
13	16	CPA_0.8.8	zero_effect	zero_effect_diagnostic	S	0.01712899527344429	0.01712899527344429	0.0	False
13	16	CPA_0.8.8	zero_effect	zero_effect_diagnostic	M	0.01712899527344429	0.017128995273444303	1.3877787807814457e-17	False
13	16	CPA_0.8.8	zero_effect	zero_effect_diagnostic	P	0.01712899527344429	-0.0014816606032016233	-0.018610655876645912	True
13	16	CPA_0.8.8	zero_effect	zero_effect_diagnostic	O	0.01712899527344429	0.00272240969013178	-0.014406585583312509	False
13	16	CPA_0.8.8	zero_effect	zero_effect_diagnostic	D	0.01712899527344429	0.0006203745434651131	-0.016508620729979176	False
13	32	additive	compositional_ridge	primary_state_pair	S	-0.0007912360649253228	-0.0007912360649253228	0.0	False
13	32	additive	compositional_ridge	primary_state_pair	M	-0.0007912360649253228	-0.0007912360649253228	0.0	False
13	32	additive	compositional_ridge	primary_state_pair	P	-0.0007912360649253228	-0.0007912360649253436	-2.0816681711721685e-17	False
13	32	additive	compositional_ridge	primary_state_pair	O	-0.0007912360649253228	-0.0007912360649253436	-2.0816681711721685e-17	False
13	32	additive	compositional_ridge	primary_state_pair	D	-0.0007912360649253228	-0.0007912360649253436	-2.0816681711721685e-17	False
13	32	additive	CPA_0.8.8	primary_state_pair	S	0.06441402408312358	0.06441402408312358	0.0	False
13	32	additive	CPA_0.8.8	primary_state_pair	M	0.06441402408312358	0.06441402408312358	0.0	False
13	32	additive	CPA_0.8.8	primary_state_pair	P	0.06441402408312358	0.06532018081547084	0.0009061567323472575	False
13	32	additive	CPA_0.8.8	primary_state_pair	O	0.06441402408312358	0.06350786735077633	-0.0009061567323472436	False
13	32	additive	CPA_0.8.8	primary_state_pair	D	0.06441402408312358	0.06441402408312358	0.0	False
13	32	additive	zero_effect	zero_effect_diagnostic	S	0.07799656995930447	0.07799656995930447	0.0	False
13	32	additive	zero_effect	zero_effect_diagnostic	M	0.07799656995930447	0.07799656995930447	0.0	False
13	32	additive	zero_effect	zero_effect_diagnostic	P	0.07799656995930447	0.06972393681296372	-0.008272633146340747	False
13	32	additive	zero_effect	zero_effect_diagnostic	O	0.07799656995930447	0.06972393681296372	-0.008272633146340747	False
13	32	additive	zero_effect	zero_effect_diagnostic	D	0.07799656995930447	0.06972393681296372	-0.008272633146340747	False
13	32	compositional_ridge	CPA_0.8.8	primary_state_pair	S	0.0652052601480489	0.0652052601480489	0.0	False
13	32	compositional_ridge	CPA_0.8.8	primary_state_pair	M	0.0652052601480489	0.0652052601480489	0.0	False
13	32	compositional_ridge	CPA_0.8.8	primary_state_pair	P	0.0652052601480489	0.06611141688039618	0.0009061567323472852	False
13	32	compositional_ridge	CPA_0.8.8	primary_state_pair	O	0.0652052601480489	0.06429910341570168	-0.0009061567323472158	False
13	32	compositional_ridge	CPA_0.8.8	primary_state_pair	D	0.0652052601480489	0.06520526014804892	2.7755575615628914e-17	False
13	32	compositional_ridge	zero_effect	zero_effect_diagnostic	S	0.0787878060242298	0.0787878060242298	0.0	False
13	32	compositional_ridge	zero_effect	zero_effect_diagnostic	M	0.0787878060242298	0.0787878060242298	0.0	False
13	32	compositional_ridge	zero_effect	zero_effect_diagnostic	P	0.0787878060242298	0.07051517287788907	-0.008272633146340733	False
13	32	compositional_ridge	zero_effect	zero_effect_diagnostic	O	0.0787878060242298	0.07051517287788907	-0.008272633146340733	False
13	32	compositional_ridge	zero_effect	zero_effect_diagnostic	D	0.0787878060242298	0.07051517287788907	-0.008272633146340733	False
13	32	CPA_0.8.8	zero_effect	zero_effect_diagnostic	S	0.013582545876180893	0.013582545876180893	0.0	False
13	32	CPA_0.8.8	zero_effect	zero_effect_diagnostic	M	0.013582545876180893	0.013582545876180893	0.0	False
13	32	CPA_0.8.8	zero_effect	zero_effect_diagnostic	P	0.013582545876180893	0.004403755997492889	-0.009178789878688004	False
13	32	CPA_0.8.8	zero_effect	zero_effect_diagnostic	O	0.013582545876180893	0.00621606946218739	-0.007366476413993503	False
13	32	CPA_0.8.8	zero_effect	zero_effect_diagnostic	D	0.013582545876180893	0.005309912729840147	-0.008272633146340747	False
13	64	additive	compositional_ridge	primary_state_pair	S	-0.0007912360649253228	-0.0007912360649253228	0.0	False
13	64	additive	compositional_ridge	primary_state_pair	M	-0.0007912360649253228	-0.0007912360649253228	0.0	False
13	64	additive	compositional_ridge	primary_state_pair	P	-0.0007912360649253228	-0.0007912360649253297	-6.938893903907228e-18	False
13	64	additive	compositional_ridge	primary_state_pair	O	-0.0007912360649253228	-0.0007912360649253297	-6.938893903907228e-18	False
13	64	additive	compositional_ridge	primary_state_pair	D	-0.0007912360649253228	-0.0007912360649253297	-6.938893903907228e-18	False
13	64	additive	CPA_0.8.8	primary_state_pair	S	0.06456281883007996	0.06456281883007996	0.0	False
13	64	additive	CPA_0.8.8	primary_state_pair	M	0.06456281883007996	0.06456281883007996	0.0	False
13	64	additive	CPA_0.8.8	primary_state_pair	P	0.06456281883007996	0.06487946489274496	0.00031664606266500195	False
13	64	additive	CPA_0.8.8	primary_state_pair	O	0.06456281883007996	0.06424617276741493	-0.0003166460626650297	False
13	64	additive	CPA_0.8.8	primary_state_pair	D	0.06456281883007996	0.06456281883007992	-4.163336342344337e-17	False
13	64	additive	zero_effect	zero_effect_diagnostic	S	0.0763545597061646	0.0763545597061646	0.0	False
13	64	additive	zero_effect	zero_effect_diagnostic	M	0.0763545597061646	0.0763545597061646	0.0	False
13	64	additive	zero_effect	zero_effect_diagnostic	P	0.0763545597061646	0.07251641750438953	-0.0038381422017750716	False
13	64	additive	zero_effect	zero_effect_diagnostic	O	0.0763545597061646	0.07251641750438953	-0.0038381422017750716	False
13	64	additive	zero_effect	zero_effect_diagnostic	D	0.0763545597061646	0.07251641750438953	-0.0038381422017750716	False
13	64	compositional_ridge	CPA_0.8.8	primary_state_pair	S	0.06535405489500529	0.06535405489500529	0.0	False
13	64	compositional_ridge	CPA_0.8.8	primary_state_pair	M	0.06535405489500529	0.06535405489500529	0.0	False
13	64	compositional_ridge	CPA_0.8.8	primary_state_pair	P	0.06535405489500529	0.06567070095767027	0.00031664606266498807	False
13	64	compositional_ridge	CPA_0.8.8	primary_state_pair	O	0.06535405489500529	0.06503740883234027	-0.0003166460626650158	False
13	64	compositional_ridge	CPA_0.8.8	primary_state_pair	D	0.06535405489500529	0.06535405489500526	-2.7755575615628914e-17	False
13	64	compositional_ridge	zero_effect	zero_effect_diagnostic	S	0.07714579577108993	0.07714579577108993	0.0	False
13	64	compositional_ridge	zero_effect	zero_effect_diagnostic	M	0.07714579577108993	0.07714579577108993	0.0	False
13	64	compositional_ridge	zero_effect	zero_effect_diagnostic	P	0.07714579577108993	0.07330765356931487	-0.0038381422017750577	False
13	64	compositional_ridge	zero_effect	zero_effect_diagnostic	O	0.07714579577108993	0.07330765356931487	-0.0038381422017750577	False
13	64	compositional_ridge	zero_effect	zero_effect_diagnostic	D	0.07714579577108993	0.07330765356931487	-0.0038381422017750577	False
13	64	CPA_0.8.8	zero_effect	zero_effect_diagnostic	S	0.011791740876084644	0.011791740876084644	0.0	False
13	64	CPA_0.8.8	zero_effect	zero_effect_diagnostic	M	0.011791740876084644	0.011791740876084644	0.0	False
13	64	CPA_0.8.8	zero_effect	zero_effect_diagnostic	P	0.011791740876084644	0.007636952611644585	-0.00415478826444006	False
13	64	CPA_0.8.8	zero_effect	zero_effect_diagnostic	O	0.011791740876084644	0.008270244736974602	-0.003521496139110042	False
13	64	CPA_0.8.8	zero_effect	zero_effect_diagnostic	D	0.011791740876084644	0.007953598674309614	-0.00383814220177503	False
13	128	additive	compositional_ridge	primary_state_pair	S	-0.0007912360649253228	-0.0007912360649253228	0.0	False
13	128	additive	compositional_ridge	primary_state_pair	M	-0.0007912360649253228	-0.0007912360649253228	0.0	False
13	128	additive	compositional_ridge	primary_state_pair	P	-0.0007912360649253228	-0.0007912360649253228	0.0	False
13	128	additive	compositional_ridge	primary_state_pair	O	-0.0007912360649253228	-0.0007912360649253228	0.0	False
13	128	additive	compositional_ridge	primary_state_pair	D	-0.0007912360649253228	-0.0007912360649253228	0.0	False
13	128	additive	CPA_0.8.8	primary_state_pair	S	0.06611535644769242	0.06611535644769242	0.0	False
13	128	additive	CPA_0.8.8	primary_state_pair	M	0.06611535644769242	0.06611535644769244	1.3877787807814457e-17	False
13	128	additive	CPA_0.8.8	primary_state_pair	P	0.06611535644769242	0.06624493442586071	0.0001295779781682882	False
13	128	additive	CPA_0.8.8	primary_state_pair	O	0.06611535644769242	0.06598577846952416	-0.00012957797816826044	False
13	128	additive	CPA_0.8.8	primary_state_pair	D	0.06611535644769242	0.06611535644769244	1.3877787807814457e-17	False
13	128	additive	zero_effect	zero_effect_diagnostic	S	0.07720063722932313	0.07720063722932313	0.0	False
13	128	additive	zero_effect	zero_effect_diagnostic	M	0.07720063722932313	0.07720063722932313	0.0	False
13	128	additive	zero_effect	zero_effect_diagnostic	P	0.07720063722932313	0.07531216287414243	-0.0018884743551807054	False
13	128	additive	zero_effect	zero_effect_diagnostic	O	0.07720063722932313	0.07531216287414243	-0.0018884743551807054	False
13	128	additive	zero_effect	zero_effect_diagnostic	D	0.07720063722932313	0.07531216287414243	-0.0018884743551807054	False
13	128	compositional_ridge	CPA_0.8.8	primary_state_pair	S	0.06690659251261774	0.06690659251261774	0.0	False
13	128	compositional_ridge	CPA_0.8.8	primary_state_pair	M	0.06690659251261774	0.06690659251261777	2.7755575615628914e-17	False
13	128	compositional_ridge	CPA_0.8.8	primary_state_pair	P	0.06690659251261774	0.06703617049078603	0.0001295779781682882	False
13	128	compositional_ridge	CPA_0.8.8	primary_state_pair	O	0.06690659251261774	0.06677701453444948	-0.00012957797816826044	False
13	128	compositional_ridge	CPA_0.8.8	primary_state_pair	D	0.06690659251261774	0.06690659251261777	2.7755575615628914e-17	False
13	128	compositional_ridge	zero_effect	zero_effect_diagnostic	S	0.07799187329424845	0.07799187329424845	0.0	False
13	128	compositional_ridge	zero_effect	zero_effect_diagnostic	M	0.07799187329424845	0.07799187329424845	0.0	False
13	128	compositional_ridge	zero_effect	zero_effect_diagnostic	P	0.07799187329424845	0.07610339893906776	-0.0018884743551806915	False
13	128	compositional_ridge	zero_effect	zero_effect_diagnostic	O	0.07799187329424845	0.07610339893906776	-0.0018884743551806915	False
13	128	compositional_ridge	zero_effect	zero_effect_diagnostic	D	0.07799187329424845	0.07610339893906776	-0.0018884743551806915	False
13	128	CPA_0.8.8	zero_effect	zero_effect_diagnostic	S	0.011085280781630708	0.011085280781630708	0.0	False
13	128	CPA_0.8.8	zero_effect	zero_effect_diagnostic	M	0.011085280781630708	0.011085280781630694	-1.3877787807814457e-17	False
13	128	CPA_0.8.8	zero_effect	zero_effect_diagnostic	P	0.011085280781630708	0.009067228448281714	-0.0020180523333489936	False
13	128	CPA_0.8.8	zero_effect	zero_effect_diagnostic	O	0.011085280781630708	0.009326384404618263	-0.001758896377012445	False
13	128	CPA_0.8.8	zero_effect	zero_effect_diagnostic	D	0.011085280781630708	0.009196806426449988	-0.0018884743551807193	False
13	135	additive	compositional_ridge	primary_state_pair	S	-0.0007912360649253228	-0.0007912360649253228	0.0	False
13	135	additive	compositional_ridge	primary_state_pair	M	-0.0007912360649253228	-0.0007912360649253228	0.0	False
13	135	additive	compositional_ridge	primary_state_pair	P	-0.0007912360649253228	-0.0007912360649253193	3.469446951953614e-18	False
13	135	additive	compositional_ridge	primary_state_pair	O	-0.0007912360649253228	-0.0007912360649253193	3.469446951953614e-18	False
13	135	additive	compositional_ridge	primary_state_pair	D	-0.0007912360649253228	-0.0007912360649253193	3.469446951953614e-18	False
13	135	additive	CPA_0.8.8	primary_state_pair	S	0.06599999123694769	0.06599999123694769	0.0	False
13	135	additive	CPA_0.8.8	primary_state_pair	M	0.06599999123694769	0.06599999123694769	0.0	False
13	135	additive	CPA_0.8.8	primary_state_pair	P	0.06599999123694769	0.06614437279962374	0.00014438156267604363	False
13	135	additive	CPA_0.8.8	primary_state_pair	O	0.06599999123694769	0.06585560967427159	-0.00014438156267609914	False
13	135	additive	CPA_0.8.8	primary_state_pair	D	0.06599999123694769	0.06599999123694769	0.0	False
13	135	additive	zero_effect	zero_effect_diagnostic	S	0.07700020720208699	0.07700020720208699	0.0	False
13	135	additive	zero_effect	zero_effect_diagnostic	M	0.07700020720208699	0.07700020720208699	0.0	False
13	135	additive	zero_effect	zero_effect_diagnostic	P	0.07700020720208699	0.07518202309502212	-0.0018181841070648713	False
13	135	additive	zero_effect	zero_effect_diagnostic	O	0.07700020720208699	0.07518202309502212	-0.0018181841070648713	False
13	135	additive	zero_effect	zero_effect_diagnostic	D	0.07700020720208699	0.07518202309502212	-0.0018181841070648713	False
13	135	compositional_ridge	CPA_0.8.8	primary_state_pair	S	0.06679122730187301	0.06679122730187301	0.0	False
13	135	compositional_ridge	CPA_0.8.8	primary_state_pair	M	0.06679122730187301	0.06679122730187301	0.0	False
13	135	compositional_ridge	CPA_0.8.8	primary_state_pair	P	0.06679122730187301	0.06693560886454906	0.0001443815626760575	False
13	135	compositional_ridge	CPA_0.8.8	primary_state_pair	O	0.06679122730187301	0.06664684573919692	-0.00014438156267608526	False
13	135	compositional_ridge	CPA_0.8.8	primary_state_pair	D	0.06679122730187301	0.06679122730187302	1.3877787807814457e-17	False
13	135	compositional_ridge	zero_effect	zero_effect_diagnostic	S	0.07779144326701232	0.07779144326701232	0.0	False
13	135	compositional_ridge	zero_effect	zero_effect_diagnostic	M	0.07779144326701232	0.07779144326701232	0.0	False
13	135	compositional_ridge	zero_effect	zero_effect_diagnostic	P	0.07779144326701232	0.07597325915994743	-0.0018181841070648852	False
13	135	compositional_ridge	zero_effect	zero_effect_diagnostic	O	0.07779144326701232	0.07597325915994743	-0.0018181841070648852	False
13	135	compositional_ridge	zero_effect	zero_effect_diagnostic	D	0.07779144326701232	0.07597325915994743	-0.0018181841070648852	False
13	135	CPA_0.8.8	zero_effect	zero_effect_diagnostic	S	0.011000215965139296	0.011000215965139296	0.0	False
13	135	CPA_0.8.8	zero_effect	zero_effect_diagnostic	M	0.011000215965139296	0.011000215965139296	0.0	False
13	135	CPA_0.8.8	zero_effect	zero_effect_diagnostic	P	0.011000215965139296	0.009037650295398367	-0.001962565669740929	False
13	135	CPA_0.8.8	zero_effect	zero_effect_diagnostic	O	0.011000215965139296	0.00932641342075051	-0.001673802544388786	False
13	135	CPA_0.8.8	zero_effect	zero_effect_diagnostic	D	0.011000215965139296	0.00918203185807441	-0.0018181841070648852	False
14	8	additive	compositional_ridge	primary_state_pair	S	-0.0007912360649253228	-0.0007912360649253228	0.0	False
14	8	additive	compositional_ridge	primary_state_pair	M	-0.0007912360649253228	-0.0007912360649253228	0.0	False
14	8	additive	compositional_ridge	primary_state_pair	P	-0.0007912360649253228	-0.0007912360649253436	-2.0816681711721685e-17	False
14	8	additive	compositional_ridge	primary_state_pair	O	-0.0007912360649253228	-0.0007912360649253436	-2.0816681711721685e-17	False
14	8	additive	compositional_ridge	primary_state_pair	D	-0.0007912360649253228	-0.0007912360649253436	-2.0816681711721685e-17	False
14	8	additive	CPA_0.8.8	primary_state_pair	S	0.06841352260044731	0.06841352260044731	0.0	False
14	8	additive	CPA_0.8.8	primary_state_pair	M	0.06841352260044731	0.0684135226004473	-1.3877787807814457e-17	False
14	8	additive	CPA_0.8.8	primary_state_pair	P	0.06841352260044731	0.07170960783109968	0.0032960852306523764	False
14	8	additive	CPA_0.8.8	primary_state_pair	O	0.06841352260044731	0.06511743736979489	-0.003296085230652418	False
14	8	additive	CPA_0.8.8	primary_state_pair	D	0.06841352260044731	0.06841352260044725	-5.551115123125783e-17	False
14	8	additive	zero_effect	zero_effect_diagnostic	S	0.09166221356388508	0.09166221356388508	0.0	False
14	8	additive	zero_effect	zero_effect_diagnostic	M	0.09166221356388508	0.09166221356388508	0.0	False
14	8	additive	zero_effect	zero_effect_diagnostic	P	0.09166221356388508	0.062332236582366196	-0.029329976981518888	False
14	8	additive	zero_effect	zero_effect_diagnostic	O	0.09166221356388508	0.062332236582366196	-0.029329976981518888	False
14	8	additive	zero_effect	zero_effect_diagnostic	D	0.09166221356388508	0.062332236582366196	-0.029329976981518888	False
14	8	compositional_ridge	CPA_0.8.8	primary_state_pair	S	0.06920475866537262	0.06920475866537262	0.0	False
14	8	compositional_ridge	CPA_0.8.8	primary_state_pair	M	0.06920475866537262	0.06920475866537262	0.0	False
14	8	compositional_ridge	CPA_0.8.8	primary_state_pair	P	0.06920475866537262	0.07250084389602503	0.003296085230652404	False
14	8	compositional_ridge	CPA_0.8.8	primary_state_pair	O	0.06920475866537262	0.06590867343472023	-0.0032960852306523902	False
14	8	compositional_ridge	CPA_0.8.8	primary_state_pair	D	0.06920475866537262	0.0692047586653726	-2.7755575615628914e-17	False
14	8	compositional_ridge	zero_effect	zero_effect_diagnostic	S	0.09245344962881041	0.09245344962881041	0.0	False
14	8	compositional_ridge	zero_effect	zero_effect_diagnostic	M	0.09245344962881041	0.09245344962881041	0.0	False
14	8	compositional_ridge	zero_effect	zero_effect_diagnostic	P	0.09245344962881041	0.06312347264729154	-0.029329976981518874	False
14	8	compositional_ridge	zero_effect	zero_effect_diagnostic	O	0.09245344962881041	0.06312347264729154	-0.029329976981518874	False
14	8	compositional_ridge	zero_effect	zero_effect_diagnostic	D	0.09245344962881041	0.06312347264729154	-0.029329976981518874	False
14	8	CPA_0.8.8	zero_effect	zero_effect_diagnostic	S	0.023248690963437776	0.023248690963437776	0.0	False
14	8	CPA_0.8.8	zero_effect	zero_effect_diagnostic	M	0.023248690963437776	0.02324869096343779	1.3877787807814457e-17	False
14	8	CPA_0.8.8	zero_effect	zero_effect_diagnostic	P	0.023248690963437776	-0.009377371248733488	-0.032626062212171264	True
14	8	CPA_0.8.8	zero_effect	zero_effect_diagnostic	O	0.023248690963437776	-0.0027852007874286933	-0.02603389175086647	True
14	8	CPA_0.8.8	zero_effect	zero_effect_diagnostic	D	0.023248690963437776	-0.006081286018081056	-0.029329976981518832	True
14	16	additive	compositional_ridge	primary_state_pair	S	-0.0007912360649253228	-0.0007912360649253228	0.0	False
14	16	additive	compositional_ridge	primary_state_pair	M	-0.0007912360649253228	-0.0007912360649253228	0.0	False
14	16	additive	compositional_ridge	primary_state_pair	P	-0.0007912360649253228	-0.0007912360649253297	-6.938893903907228e-18	False
14	16	additive	compositional_ridge	primary_state_pair	O	-0.0007912360649253228	-0.0007912360649253297	-6.938893903907228e-18	False
14	16	additive	compositional_ridge	primary_state_pair	D	-0.0007912360649253228	-0.0007912360649253297	-6.938893903907228e-18	False
14	16	additive	CPA_0.8.8	primary_state_pair	S	0.06563655145140126	0.06563655145140126	0.0	False
14	16	additive	CPA_0.8.8	primary_state_pair	M	0.06563655145140126	0.06563655145140126	0.0	False
14	16	additive	CPA_0.8.8	primary_state_pair	P	0.06563655145140126	0.06781390879541677	0.0021773573440155014	False
14	16	additive	CPA_0.8.8	primary_state_pair	O	0.06563655145140126	0.06345919410738574	-0.002177357344015529	False
14	16	additive	CPA_0.8.8	primary_state_pair	D	0.06563655145140126	0.06563655145140121	-5.551115123125783e-17	False
14	16	additive	zero_effect	zero_effect_diagnostic	S	0.08238330140441927	0.08238330140441927	0.0	False
14	16	additive	zero_effect	zero_effect_diagnostic	M	0.08238330140441927	0.08238330140441927	0.0	False
14	16	additive	zero_effect	zero_effect_diagnostic	P	0.08238330140441927	0.06707240455626545	-0.015310896848153815	False
14	16	additive	zero_effect	zero_effect_diagnostic	O	0.08238330140441927	0.06707240455626545	-0.015310896848153815	False
14	16	additive	zero_effect	zero_effect_diagnostic	D	0.08238330140441927	0.06707240455626545	-0.015310896848153815	False
14	16	compositional_ridge	CPA_0.8.8	primary_state_pair	S	0.06642778751632658	0.06642778751632658	0.0	False
14	16	compositional_ridge	CPA_0.8.8	primary_state_pair	M	0.06642778751632658	0.06642778751632658	0.0	False
14	16	compositional_ridge	CPA_0.8.8	primary_state_pair	P	0.06642778751632658	0.06860514486034211	0.002177357344015529	False
14	16	compositional_ridge	CPA_0.8.8	primary_state_pair	O	0.06642778751632658	0.06425043017231105	-0.002177357344015529	False
14	16	compositional_ridge	CPA_0.8.8	primary_state_pair	D	0.06642778751632658	0.06642778751632653	-5.551115123125783e-17	False
14	16	compositional_ridge	zero_effect	zero_effect_diagnostic	S	0.08317453746934458	0.08317453746934458	0.0	False
14	16	compositional_ridge	zero_effect	zero_effect_diagnostic	M	0.08317453746934458	0.08317453746934458	0.0	False
14	16	compositional_ridge	zero_effect	zero_effect_diagnostic	P	0.08317453746934458	0.06786364062119077	-0.015310896848153815	False
14	16	compositional_ridge	zero_effect	zero_effect_diagnostic	O	0.08317453746934458	0.06786364062119077	-0.015310896848153815	False
14	16	compositional_ridge	zero_effect	zero_effect_diagnostic	D	0.08317453746934458	0.06786364062119077	-0.015310896848153815	False
14	16	CPA_0.8.8	zero_effect	zero_effect_diagnostic	S	0.016746749953018003	0.016746749953018003	0.0	False
14	16	CPA_0.8.8	zero_effect	zero_effect_diagnostic	M	0.016746749953018003	0.016746749953018003	0.0	False
14	16	CPA_0.8.8	zero_effect	zero_effect_diagnostic	P	0.016746749953018003	-0.0007415042391513277	-0.01748825419216933	True
14	16	CPA_0.8.8	zero_effect	zero_effect_diagnostic	O	0.016746749953018003	0.0036132104488797168	-0.013133539504138286	False
14	16	CPA_0.8.8	zero_effect	zero_effect_diagnostic	D	0.016746749953018003	0.0014358531048642431	-0.01531089684815376	False
14	32	additive	compositional_ridge	primary_state_pair	S	-0.0007912360649253228	-0.0007912360649253228	0.0	False
14	32	additive	compositional_ridge	primary_state_pair	M	-0.0007912360649253228	-0.0007912360649253228	0.0	False
14	32	additive	compositional_ridge	primary_state_pair	P	-0.0007912360649253228	-0.0007912360649253367	-1.3877787807814457e-17	False
14	32	additive	compositional_ridge	primary_state_pair	O	-0.0007912360649253228	-0.0007912360649253367	-1.3877787807814457e-17	False
14	32	additive	compositional_ridge	primary_state_pair	D	-0.0007912360649253228	-0.0007912360649253367	-1.3877787807814457e-17	False
14	32	additive	CPA_0.8.8	primary_state_pair	S	0.06499475835126764	0.06499475835126764	0.0	False
14	32	additive	CPA_0.8.8	primary_state_pair	M	0.06499475835126764	0.06499475835126764	0.0	False
14	32	additive	CPA_0.8.8	primary_state_pair	P	0.06499475835126764	0.06578262548496389	0.0007878671336962462	False
14	32	additive	CPA_0.8.8	primary_state_pair	O	0.06499475835126764	0.06420689121757142	-0.0007878671336962184	False
14	32	additive	CPA_0.8.8	primary_state_pair	D	0.06499475835126764	0.06499475835126764	0.0	False
14	32	additive	zero_effect	zero_effect_diagnostic	S	0.07839639109227198	0.07839639109227198	0.0	False
14	32	additive	zero_effect	zero_effect_diagnostic	M	0.07839639109227198	0.07839639109227198	0.0	False
14	32	additive	zero_effect	zero_effect_diagnostic	P	0.07839639109227198	0.0709048992509255	-0.0074914918413464815	False
14	32	additive	zero_effect	zero_effect_diagnostic	O	0.07839639109227198	0.0709048992509255	-0.0074914918413464815	False
14	32	additive	zero_effect	zero_effect_diagnostic	D	0.07839639109227198	0.0709048992509255	-0.0074914918413464815	False
14	32	compositional_ridge	CPA_0.8.8	primary_state_pair	S	0.06578599441619296	0.06578599441619296	0.0	False
14	32	compositional_ridge	CPA_0.8.8	primary_state_pair	M	0.06578599441619296	0.06578599441619296	0.0	False
14	32	compositional_ridge	CPA_0.8.8	primary_state_pair	P	0.06578599441619296	0.06657386154988922	0.00078786713369626	False
14	32	compositional_ridge	CPA_0.8.8	primary_state_pair	O	0.06578599441619296	0.06499812728249675	-0.0007878671336962045	False
14	32	compositional_ridge	CPA_0.8.8	primary_state_pair	D	0.06578599441619296	0.06578599441619298	2.7755575615628914e-17	False
14	32	compositional_ridge	zero_effect	zero_effect_diagnostic	S	0.0791876271571973	0.0791876271571973	0.0	False
14	32	compositional_ridge	zero_effect	zero_effect_diagnostic	M	0.0791876271571973	0.0791876271571973	0.0	False
14	32	compositional_ridge	zero_effect	zero_effect_diagnostic	P	0.0791876271571973	0.07169613531585083	-0.007491491841346468	False
14	32	compositional_ridge	zero_effect	zero_effect_diagnostic	O	0.0791876271571973	0.07169613531585083	-0.007491491841346468	False
14	32	compositional_ridge	zero_effect	zero_effect_diagnostic	D	0.0791876271571973	0.07169613531585083	-0.007491491841346468	False
14	32	CPA_0.8.8	zero_effect	zero_effect_diagnostic	S	0.013401632741004338	0.013401632741004338	0.0	False
14	32	CPA_0.8.8	zero_effect	zero_effect_diagnostic	M	0.013401632741004338	0.013401632741004338	0.0	False
14	32	CPA_0.8.8	zero_effect	zero_effect_diagnostic	P	0.013401632741004338	0.00512227376596161	-0.008279358975042728	False
14	32	CPA_0.8.8	zero_effect	zero_effect_diagnostic	O	0.013401632741004338	0.006698008033354075	-0.006703624707650263	False
14	32	CPA_0.8.8	zero_effect	zero_effect_diagnostic	D	0.013401632741004338	0.0059101408996578425	-0.007491491841346495	False
14	64	additive	compositional_ridge	primary_state_pair	S	-0.0007912360649253228	-0.0007912360649253228	0.0	False
14	64	additive	compositional_ridge	primary_state_pair	M	-0.0007912360649253228	-0.0007912360649253228	0.0	False
14	64	additive	compositional_ridge	primary_state_pair	P	-0.0007912360649253228	-0.0007912360649253054	1.734723475976807e-17	False
14	64	additive	compositional_ridge	primary_state_pair	O	-0.0007912360649253228	-0.0007912360649253054	1.734723475976807e-17	False
14	64	additive	compositional_ridge	primary_state_pair	D	-0.0007912360649253228	-0.0007912360649253054	1.734723475976807e-17	False
14	64	additive	CPA_0.8.8	primary_state_pair	S	0.06742494624810194	0.06742494624810194	0.0	False
14	64	additive	CPA_0.8.8	primary_state_pair	M	0.06742494624810194	0.06742494624810194	0.0	False
14	64	additive	CPA_0.8.8	primary_state_pair	P	0.06742494624810194	0.06764491669415204	0.00021997044605009952	False
14	64	additive	CPA_0.8.8	primary_state_pair	O	0.06742494624810194	0.06720497580205187	-0.00021997044605007177	False
14	64	additive	CPA_0.8.8	primary_state_pair	D	0.06742494624810194	0.06742494624810194	0.0	False
14	64	additive	zero_effect	zero_effect_diagnostic	S	0.07912082760222157	0.07912082760222157	0.0	False
14	64	additive	zero_effect	zero_effect_diagnostic	M	0.07912082760222157	0.07912082760222154	-2.7755575615628914e-17	False
14	64	additive	zero_effect	zero_effect_diagnostic	P	0.07912082760222157	0.07553055658850524	-0.0035902710137163257	False
14	64	additive	zero_effect	zero_effect_diagnostic	O	0.07912082760222157	0.07553055658850524	-0.0035902710137163257	False
14	64	additive	zero_effect	zero_effect_diagnostic	D	0.07912082760222157	0.07553055658850524	-0.0035902710137163257	False
14	64	compositional_ridge	CPA_0.8.8	primary_state_pair	S	0.06821618231302726	0.06821618231302726	0.0	False
14	64	compositional_ridge	CPA_0.8.8	primary_state_pair	M	0.06821618231302726	0.06821618231302726	0.0	False
14	64	compositional_ridge	CPA_0.8.8	primary_state_pair	P	0.06821618231302726	0.06843615275907736	0.00021997044605009952	False
14	64	compositional_ridge	CPA_0.8.8	primary_state_pair	O	0.06821618231302726	0.06799621186697717	-0.00021997044605008564	False
14	64	compositional_ridge	CPA_0.8.8	primary_state_pair	D	0.06821618231302726	0.06821618231302724	-1.3877787807814457e-17	False
14	64	compositional_ridge	zero_effect	zero_effect_diagnostic	S	0.0799120636671469	0.0799120636671469	0.0	False
14	64	compositional_ridge	zero_effect	zero_effect_diagnostic	M	0.0799120636671469	0.07991206366714687	-2.7755575615628914e-17	False
14	64	compositional_ridge	zero_effect	zero_effect_diagnostic	P	0.0799120636671469	0.07632179265343056	-0.0035902710137163396	False
14	64	compositional_ridge	zero_effect	zero_effect_diagnostic	O	0.0799120636671469	0.07632179265343056	-0.0035902710137163396	False
14	64	compositional_ridge	zero_effect	zero_effect_diagnostic	D	0.0799120636671469	0.07632179265343056	-0.0035902710137163396	False
14	64	CPA_0.8.8	zero_effect	zero_effect_diagnostic	S	0.011695881354119628	0.011695881354119628	0.0	False
14	64	CPA_0.8.8	zero_effect	zero_effect_diagnostic	M	0.011695881354119628	0.0116958813541196	-2.7755575615628914e-17	False
14	64	CPA_0.8.8	zero_effect	zero_effect_diagnostic	P	0.011695881354119628	0.007885639894353202	-0.0038102414597664253	False
14	64	CPA_0.8.8	zero_effect	zero_effect_diagnostic	O	0.011695881354119628	0.008325580786453388	-0.00337030056766624	False
14	64	CPA_0.8.8	zero_effect	zero_effect_diagnostic	D	0.011695881354119628	0.008105610340403316	-0.003590271013716312	False
14	128	additive	compositional_ridge	primary_state_pair	S	-0.0007912360649253228	-0.0007912360649253228	0.0	False
14	128	additive	compositional_ridge	primary_state_pair	M	-0.0007912360649253228	-0.0007912360649253228	0.0	False
14	128	additive	compositional_ridge	primary_state_pair	P	-0.0007912360649253228	-0.0007912360649253089	1.3877787807814457e-17	False
14	128	additive	compositional_ridge	primary_state_pair	O	-0.0007912360649253228	-0.0007912360649253089	1.3877787807814457e-17	False
14	128	additive	compositional_ridge	primary_state_pair	D	-0.0007912360649253228	-0.0007912360649253089	1.3877787807814457e-17	False
14	128	additive	CPA_0.8.8	primary_state_pair	S	0.06679465233969681	0.06679465233969681	0.0	False
14	128	additive	CPA_0.8.8	primary_state_pair	M	0.06679465233969681	0.06679465233969681	0.0	False
14	128	additive	CPA_0.8.8	primary_state_pair	P	0.06679465233969681	0.0669002605163603	0.00010560817666349642	False
14	128	additive	CPA_0.8.8	primary_state_pair	O	0.06679465233969681	0.06668904416303345	-0.00010560817666335764	False
14	128	additive	CPA_0.8.8	primary_state_pair	D	0.06679465233969681	0.06679465233969684	2.7755575615628914e-17	False
14	128	additive	zero_effect	zero_effect_diagnostic	S	0.07777236687891655	0.07777236687891655	0.0	False
14	128	additive	zero_effect	zero_effect_diagnostic	M	0.07777236687891655	0.07777236687891659	4.163336342344337e-17	False
14	128	additive	zero_effect	zero_effect_diagnostic	P	0.07777236687891655	0.07593600007606688	-0.0018363668028496677	False
14	128	additive	zero_effect	zero_effect_diagnostic	O	0.07777236687891655	0.07593600007606688	-0.0018363668028496677	False
14	128	additive	zero_effect	zero_effect_diagnostic	D	0.07777236687891655	0.07593600007606688	-0.0018363668028496677	False
14	128	compositional_ridge	CPA_0.8.8	primary_state_pair	S	0.06758588840462212	0.06758588840462212	0.0	False
14	128	compositional_ridge	CPA_0.8.8	primary_state_pair	M	0.06758588840462212	0.06758588840462212	0.0	False
14	128	compositional_ridge	CPA_0.8.8	primary_state_pair	P	0.06758588840462212	0.0676914965812856	0.00010560817666348254	False
14	128	compositional_ridge	CPA_0.8.8	primary_state_pair	O	0.06758588840462212	0.06748028022795875	-0.00010560817666337152	False
14	128	compositional_ridge	CPA_0.8.8	primary_state_pair	D	0.06758588840462212	0.06758588840462214	1.3877787807814457e-17	False
14	128	compositional_ridge	zero_effect	zero_effect_diagnostic	S	0.07856360294384188	0.07856360294384188	0.0	False
14	128	compositional_ridge	zero_effect	zero_effect_diagnostic	M	0.07856360294384188	0.0785636029438419	2.7755575615628914e-17	False
14	128	compositional_ridge	zero_effect	zero_effect_diagnostic	P	0.07856360294384188	0.0767272361409922	-0.0018363668028496816	False
14	128	compositional_ridge	zero_effect	zero_effect_diagnostic	O	0.07856360294384188	0.0767272361409922	-0.0018363668028496816	False
14	128	compositional_ridge	zero_effect	zero_effect_diagnostic	D	0.07856360294384188	0.0767272361409922	-0.0018363668028496816	False
14	128	CPA_0.8.8	zero_effect	zero_effect_diagnostic	S	0.010977714539219738	0.010977714539219738	0.0	False
14	128	CPA_0.8.8	zero_effect	zero_effect_diagnostic	M	0.010977714539219738	0.01097771453921978	4.163336342344337e-17	False
14	128	CPA_0.8.8	zero_effect	zero_effect_diagnostic	P	0.010977714539219738	0.009035739559706588	-0.0019419749795131502	False
14	128	CPA_0.8.8	zero_effect	zero_effect_diagnostic	O	0.010977714539219738	0.009246955913033442	-0.0017307586261862962	False
14	128	CPA_0.8.8	zero_effect	zero_effect_diagnostic	D	0.010977714539219738	0.009141347736370056	-0.0018363668028496816	False
14	135	additive	compositional_ridge	primary_state_pair	S	-0.0007912360649253228	-0.0007912360649253228	0.0	False
14	135	additive	compositional_ridge	primary_state_pair	M	-0.0007912360649253228	-0.0007912360649253228	0.0	False
14	135	additive	compositional_ridge	primary_state_pair	P	-0.0007912360649253228	-0.0007912360649253158	6.938893903907228e-18	False
14	135	additive	compositional_ridge	primary_state_pair	O	-0.0007912360649253228	-0.0007912360649253158	6.938893903907228e-18	False
14	135	additive	compositional_ridge	primary_state_pair	D	-0.0007912360649253228	-0.0007912360649253158	6.938893903907228e-18	False
14	135	additive	CPA_0.8.8	primary_state_pair	S	0.06645028310389262	0.06645028310389262	0.0	False
14	135	additive	CPA_0.8.8	primary_state_pair	M	0.06645028310389262	0.06645028310389262	0.0	False
14	135	additive	CPA_0.8.8	primary_state_pair	P	0.06645028310389262	0.06653152466624754	8.12415623549223e-05	False
14	135	additive	CPA_0.8.8	primary_state_pair	O	0.06645028310389262	0.06636904154153778	-8.124156235483904e-05	False
14	135	additive	CPA_0.8.8	primary_state_pair	D	0.06645028310389262	0.06645028310389264	2.7755575615628914e-17	False
14	135	additive	zero_effect	zero_effect_diagnostic	S	0.07733762986581258	0.07733762986581258	0.0	False
14	135	additive	zero_effect	zero_effect_diagnostic	M	0.07733762986581258	0.07733762986581258	0.0	False
14	135	additive	zero_effect	zero_effect_diagnostic	P	0.07733762986581258	0.07562090264792073	-0.0017167272178918447	False
14	135	additive	zero_effect	zero_effect_diagnostic	O	0.07733762986581258	0.07562090264792073	-0.0017167272178918447	False
14	135	additive	zero_effect	zero_effect_diagnostic	D	0.07733762986581258	0.07562090264792073	-0.0017167272178918447	False
14	135	compositional_ridge	CPA_0.8.8	primary_state_pair	S	0.06724151916881793	0.06724151916881793	0.0	False
14	135	compositional_ridge	CPA_0.8.8	primary_state_pair	M	0.06724151916881793	0.06724151916881793	0.0	False
14	135	compositional_ridge	CPA_0.8.8	primary_state_pair	P	0.06724151916881793	0.06732276073117285	8.12415623549223e-05	False
14	135	compositional_ridge	CPA_0.8.8	primary_state_pair	O	0.06724151916881793	0.06716027760646309	-8.124156235483904e-05	False
14	135	compositional_ridge	CPA_0.8.8	primary_state_pair	D	0.06724151916881793	0.06724151916881796	2.7755575615628914e-17	False
14	135	compositional_ridge	zero_effect	zero_effect_diagnostic	S	0.0781288659307379	0.0781288659307379	0.0	False
14	135	compositional_ridge	zero_effect	zero_effect_diagnostic	M	0.0781288659307379	0.0781288659307379	0.0	False
14	135	compositional_ridge	zero_effect	zero_effect_diagnostic	P	0.0781288659307379	0.07641213871284605	-0.0017167272178918447	False
14	135	compositional_ridge	zero_effect	zero_effect_diagnostic	O	0.0781288659307379	0.07641213871284605	-0.0017167272178918447	False
14	135	compositional_ridge	zero_effect	zero_effect_diagnostic	D	0.0781288659307379	0.07641213871284605	-0.0017167272178918447	False
14	135	CPA_0.8.8	zero_effect	zero_effect_diagnostic	S	0.010887346761919964	0.010887346761919964	0.0	False
14	135	CPA_0.8.8	zero_effect	zero_effect_diagnostic	M	0.010887346761919964	0.010887346761919964	0.0	False
14	135	CPA_0.8.8	zero_effect	zero_effect_diagnostic	P	0.010887346761919964	0.009089377981673197	-0.001797968780246767	False
14	135	CPA_0.8.8	zero_effect	zero_effect_diagnostic	O	0.010887346761919964	0.009251861106382944	-0.0016354856555370195	False
14	135	CPA_0.8.8	zero_effect	zero_effect_diagnostic	D	0.010887346761919964	0.009170619544028091	-0.0017167272178918724	False
15	8	additive	compositional_ridge	primary_state_pair	S	-0.0007912360649253228	-0.0007912360649253228	0.0	False
15	8	additive	compositional_ridge	primary_state_pair	M	-0.0007912360649253228	-0.0007912360649253228	0.0	False
15	8	additive	compositional_ridge	primary_state_pair	P	-0.0007912360649253228	-0.000791236064925302	2.0816681711721685e-17	False
15	8	additive	compositional_ridge	primary_state_pair	O	-0.0007912360649253228	-0.000791236064925302	2.0816681711721685e-17	False
15	8	additive	compositional_ridge	primary_state_pair	D	-0.0007912360649253228	-0.000791236064925302	2.0816681711721685e-17	False
15	8	additive	CPA_0.8.8	primary_state_pair	S	0.0666764605613453	0.0666764605613453	0.0	False
15	8	additive	CPA_0.8.8	primary_state_pair	M	0.0666764605613453	0.0666764605613453	0.0	False
15	8	additive	CPA_0.8.8	primary_state_pair	P	0.0666764605613453	0.06859432590767373	0.001917865346328429	False
15	8	additive	CPA_0.8.8	primary_state_pair	O	0.0666764605613453	0.06475859521501677	-0.0019178653463285261	False
15	8	additive	CPA_0.8.8	primary_state_pair	D	0.0666764605613453	0.06667646056134528	-1.3877787807814457e-17	False
15	8	additive	zero_effect	zero_effect_diagnostic	S	0.0909416349119599	0.0909416349119599	0.0	False
15	8	additive	zero_effect	zero_effect_diagnostic	M	0.0909416349119599	0.0909416349119599	0.0	False
15	8	additive	zero_effect	zero_effect_diagnostic	P	0.0909416349119599	0.059598437635785664	-0.03134319727617424	False
15	8	additive	zero_effect	zero_effect_diagnostic	O	0.0909416349119599	0.059598437635785664	-0.03134319727617424	False
15	8	additive	zero_effect	zero_effect_diagnostic	D	0.0909416349119599	0.059598437635785664	-0.03134319727617424	False
15	8	compositional_ridge	CPA_0.8.8	primary_state_pair	S	0.06746769662627061	0.06746769662627061	0.0	False
15	8	compositional_ridge	CPA_0.8.8	primary_state_pair	M	0.06746769662627061	0.06746769662627061	0.0	False
15	8	compositional_ridge	CPA_0.8.8	primary_state_pair	P	0.06746769662627061	0.06938556197259903	0.001917865346328415	False
15	8	compositional_ridge	CPA_0.8.8	primary_state_pair	O	0.06746769662627061	0.06554983127994207	-0.00191786534632854	False
15	8	compositional_ridge	CPA_0.8.8	primary_state_pair	D	0.06746769662627061	0.06746769662627058	-2.7755575615628914e-17	False
15	8	compositional_ridge	zero_effect	zero_effect_diagnostic	S	0.09173287097688523	0.09173287097688523	0.0	False
15	8	compositional_ridge	zero_effect	zero_effect_diagnostic	M	0.09173287097688523	0.09173287097688523	0.0	False
15	8	compositional_ridge	zero_effect	zero_effect_diagnostic	P	0.09173287097688523	0.060389673700710966	-0.03134319727617427	False
15	8	compositional_ridge	zero_effect	zero_effect_diagnostic	O	0.09173287097688523	0.060389673700710966	-0.03134319727617427	False
15	8	compositional_ridge	zero_effect	zero_effect_diagnostic	D	0.09173287097688523	0.060389673700710966	-0.03134319727617427	False
15	8	CPA_0.8.8	zero_effect	zero_effect_diagnostic	S	0.024265174350614607	0.024265174350614607	0.0	False
15	8	CPA_0.8.8	zero_effect	zero_effect_diagnostic	M	0.024265174350614607	0.024265174350614607	0.0	False
15	8	CPA_0.8.8	zero_effect	zero_effect_diagnostic	P	0.024265174350614607	-0.008995888271888061	-0.03326106262250267	True
15	8	CPA_0.8.8	zero_effect	zero_effect_diagnostic	O	0.024265174350614607	-0.005160157579231106	-0.029425331929845713	True
15	8	CPA_0.8.8	zero_effect	zero_effect_diagnostic	D	0.024265174350614607	-0.007078022925559618	-0.031343197276174226	True
15	16	additive	compositional_ridge	primary_state_pair	S	-0.0007912360649253228	-0.0007912360649253228	0.0	False
15	16	additive	compositional_ridge	primary_state_pair	M	-0.0007912360649253228	-0.0007912360649253228	0.0	False
15	16	additive	compositional_ridge	primary_state_pair	P	-0.0007912360649253228	-0.0007912360649253158	6.938893903907228e-18	False
15	16	additive	compositional_ridge	primary_state_pair	O	-0.0007912360649253228	-0.0007912360649253158	6.938893903907228e-18	False
15	16	additive	compositional_ridge	primary_state_pair	D	-0.0007912360649253228	-0.0007912360649253158	6.938893903907228e-18	False
15	16	additive	CPA_0.8.8	primary_state_pair	S	0.06563707233965985	0.06563707233965985	0.0	False
15	16	additive	CPA_0.8.8	primary_state_pair	M	0.06563707233965985	0.06563707233965983	-1.3877787807814457e-17	False
15	16	additive	CPA_0.8.8	primary_state_pair	P	0.06563707233965985	0.06651663511051906	0.0008795627708592102	False
15	16	additive	CPA_0.8.8	primary_state_pair	O	0.06563707233965985	0.06475750956880064	-0.0008795627708592102	False
15	16	additive	CPA_0.8.8	primary_state_pair	D	0.06563707233965985	0.06563707233965982	-2.7755575615628914e-17	False
15	16	additive	zero_effect	zero_effect_diagnostic	S	0.08184753313676671	0.08184753313676671	0.0	False
15	16	additive	zero_effect	zero_effect_diagnostic	M	0.08184753313676671	0.08184753313676671	0.0	False
15	16	additive	zero_effect	zero_effect_diagnostic	P	0.08184753313676671	0.06660960083901987	-0.015237932297746837	False
15	16	additive	zero_effect	zero_effect_diagnostic	O	0.08184753313676671	0.06660960083901987	-0.015237932297746837	False
15	16	additive	zero_effect	zero_effect_diagnostic	D	0.08184753313676671	0.06660960083901987	-0.015237932297746837	False
15	16	compositional_ridge	CPA_0.8.8	primary_state_pair	S	0.06642830840458516	0.06642830840458516	0.0	False
15	16	compositional_ridge	CPA_0.8.8	primary_state_pair	M	0.06642830840458516	0.06642830840458516	0.0	False
15	16	compositional_ridge	CPA_0.8.8	primary_state_pair	P	0.06642830840458516	0.06730787117544437	0.0008795627708592102	False
15	16	compositional_ridge	CPA_0.8.8	primary_state_pair	O	0.06642830840458516	0.06554874563372595	-0.0008795627708592102	False
15	16	compositional_ridge	CPA_0.8.8	primary_state_pair	D	0.06642830840458516	0.06642830840458513	-2.7755575615628914e-17	False
15	16	compositional_ridge	zero_effect	zero_effect_diagnostic	S	0.08263876920169203	0.08263876920169203	0.0	False
15	16	compositional_ridge	zero_effect	zero_effect_diagnostic	M	0.08263876920169203	0.08263876920169203	0.0	False
15	16	compositional_ridge	zero_effect	zero_effect_diagnostic	P	0.08263876920169203	0.06740083690394519	-0.015237932297746837	False
15	16	compositional_ridge	zero_effect	zero_effect_diagnostic	O	0.08263876920169203	0.06740083690394519	-0.015237932297746837	False
15	16	compositional_ridge	zero_effect	zero_effect_diagnostic	D	0.08263876920169203	0.06740083690394519	-0.015237932297746837	False
15	16	CPA_0.8.8	zero_effect	zero_effect_diagnostic	S	0.016210460797106863	0.016210460797106863	0.0	False
15	16	CPA_0.8.8	zero_effect	zero_effect_diagnostic	M	0.016210460797106863	0.016210460797106876	1.3877787807814457e-17	False
15	16	CPA_0.8.8	zero_effect	zero_effect_diagnostic	P	0.016210460797106863	9.296572850082951e-05	-0.016117495068606033	False
15	16	CPA_0.8.8	zero_effect	zero_effect_diagnostic	O	0.016210460797106863	0.001852091270219236	-0.014358369526887627	False
15	16	CPA_0.8.8	zero_effect	zero_effect_diagnostic	D	0.016210460797106863	0.0009725284993600536	-0.015237932297746809	False
15	32	additive	compositional_ridge	primary_state_pair	S	-0.0007912360649253228	-0.0007912360649253228	0.0	False
15	32	additive	compositional_ridge	primary_state_pair	M	-0.0007912360649253228	-0.0007912360649253228	0.0	False
15	32	additive	compositional_ridge	primary_state_pair	P	-0.0007912360649253228	-0.0007912360649253228	0.0	False
15	32	additive	compositional_ridge	primary_state_pair	O	-0.0007912360649253228	-0.0007912360649253228	0.0	False
15	32	additive	compositional_ridge	primary_state_pair	D	-0.0007912360649253228	-0.0007912360649253228	0.0	False
15	32	additive	CPA_0.8.8	primary_state_pair	S	0.06663985856418606	0.06663985856418606	0.0	False
15	32	additive	CPA_0.8.8	primary_state_pair	M	0.06663985856418606	0.06663985856418606	0.0	False
15	32	additive	CPA_0.8.8	primary_state_pair	P	0.06663985856418606	0.06727611571859893	0.0006362571544128726	False
15	32	additive	CPA_0.8.8	primary_state_pair	O	0.06663985856418606	0.06600360140977318	-0.0006362571544128726	False
15	32	additive	CPA_0.8.8	primary_state_pair	D	0.06663985856418606	0.06663985856418601	-4.163336342344337e-17	False
15	32	additive	zero_effect	zero_effect_diagnostic	S	0.07971893735999695	0.07971893735999695	0.0	False
15	32	additive	zero_effect	zero_effect_diagnostic	M	0.07971893735999695	0.07971893735999695	0.0	False
15	32	additive	zero_effect	zero_effect_diagnostic	P	0.07971893735999695	0.0720225240816595	-0.0076964132783374495	False
15	32	additive	zero_effect	zero_effect_diagnostic	O	0.07971893735999695	0.0720225240816595	-0.0076964132783374495	False
15	32	additive	zero_effect	zero_effect_diagnostic	D	0.07971893735999695	0.0720225240816595	-0.0076964132783374495	False
15	32	compositional_ridge	CPA_0.8.8	primary_state_pair	S	0.06743109462911137	0.06743109462911137	0.0	False
15	32	compositional_ridge	CPA_0.8.8	primary_state_pair	M	0.06743109462911137	0.06743109462911137	0.0	False
15	32	compositional_ridge	CPA_0.8.8	primary_state_pair	P	0.06743109462911137	0.06806735178352424	0.0006362571544128726	False
15	32	compositional_ridge	CPA_0.8.8	primary_state_pair	O	0.06743109462911137	0.0667948374746985	-0.0006362571544128726	False
15	32	compositional_ridge	CPA_0.8.8	primary_state_pair	D	0.06743109462911137	0.06743109462911134	-2.7755575615628914e-17	False
15	32	compositional_ridge	zero_effect	zero_effect_diagnostic	S	0.08051017342492228	0.08051017342492228	0.0	False
15	32	compositional_ridge	zero_effect	zero_effect_diagnostic	M	0.08051017342492228	0.08051017342492228	0.0	False
15	32	compositional_ridge	zero_effect	zero_effect_diagnostic	P	0.08051017342492228	0.07281376014658483	-0.0076964132783374495	False
15	32	compositional_ridge	zero_effect	zero_effect_diagnostic	O	0.08051017342492228	0.07281376014658483	-0.0076964132783374495	False
15	32	compositional_ridge	zero_effect	zero_effect_diagnostic	D	0.08051017342492228	0.07281376014658483	-0.0076964132783374495	False
15	32	CPA_0.8.8	zero_effect	zero_effect_diagnostic	S	0.013079078795810897	0.013079078795810897	0.0	False
15	32	CPA_0.8.8	zero_effect	zero_effect_diagnostic	M	0.013079078795810897	0.013079078795810897	0.0	False
15	32	CPA_0.8.8	zero_effect	zero_effect_diagnostic	P	0.013079078795810897	0.004746408363060575	-0.008332670432750322	False
15	32	CPA_0.8.8	zero_effect	zero_effect_diagnostic	O	0.013079078795810897	0.00601892267188632	-0.007060156123924577	False
15	32	CPA_0.8.8	zero_effect	zero_effect_diagnostic	D	0.013079078795810897	0.005382665517473489	-0.007696413278337408	False
15	64	additive	compositional_ridge	primary_state_pair	S	-0.0007912360649253228	-0.0007912360649253228	0.0	False
15	64	additive	compositional_ridge	primary_state_pair	M	-0.0007912360649253228	-0.0007912360649253228	0.0	False
15	64	additive	compositional_ridge	primary_state_pair	P	-0.0007912360649253228	-0.0007912360649253054	1.734723475976807e-17	False
15	64	additive	compositional_ridge	primary_state_pair	O	-0.0007912360649253228	-0.0007912360649253054	1.734723475976807e-17	False
15	64	additive	compositional_ridge	primary_state_pair	D	-0.0007912360649253228	-0.0007912360649253054	1.734723475976807e-17	False
15	64	additive	CPA_0.8.8	primary_state_pair	S	0.06575517639637046	0.06575517639637046	0.0	False
15	64	additive	CPA_0.8.8	primary_state_pair	M	0.06575517639637046	0.06575517639637045	-1.3877787807814457e-17	False
15	64	additive	CPA_0.8.8	primary_state_pair	P	0.06575517639637046	0.06610274209676124	0.00034756570039078116	False
15	64	additive	CPA_0.8.8	primary_state_pair	O	0.06575517639637046	0.06540761069597958	-0.0003475657003908783	False
15	64	additive	CPA_0.8.8	primary_state_pair	D	0.06575517639637046	0.06575517639637042	-4.163336342344337e-17	False
15	64	additive	zero_effect	zero_effect_diagnostic	S	0.07747855257376528	0.07747855257376528	0.0	False
15	64	additive	zero_effect	zero_effect_diagnostic	M	0.07747855257376528	0.07747855257376528	0.0	False
15	64	additive	zero_effect	zero_effect_diagnostic	P	0.07747855257376528	0.07366054816256849	-0.003818004411196785	False
15	64	additive	zero_effect	zero_effect_diagnostic	O	0.07747855257376528	0.07366054816256849	-0.003818004411196785	False
15	64	additive	zero_effect	zero_effect_diagnostic	D	0.07747855257376528	0.07366054816256849	-0.003818004411196785	False
15	64	compositional_ridge	CPA_0.8.8	primary_state_pair	S	0.06654641246129578	0.06654641246129578	0.0	False
15	64	compositional_ridge	CPA_0.8.8	primary_state_pair	M	0.06654641246129578	0.06654641246129578	0.0	False
15	64	compositional_ridge	CPA_0.8.8	primary_state_pair	P	0.06654641246129578	0.06689397816168655	0.0003475657003907673	False
15	64	compositional_ridge	CPA_0.8.8	primary_state_pair	O	0.06654641246129578	0.06619884676090489	-0.0003475657003908922	False
15	64	compositional_ridge	CPA_0.8.8	primary_state_pair	D	0.06654641246129578	0.06654641246129572	-5.551115123125783e-17	False
15	64	compositional_ridge	zero_effect	zero_effect_diagnostic	S	0.07826978863869061	0.07826978863869061	0.0	False
15	64	compositional_ridge	zero_effect	zero_effect_diagnostic	M	0.07826978863869061	0.07826978863869061	0.0	False
15	64	compositional_ridge	zero_effect	zero_effect_diagnostic	P	0.07826978863869061	0.0744517842274938	-0.0038180044111968126	False
15	64	compositional_ridge	zero_effect	zero_effect_diagnostic	O	0.07826978863869061	0.0744517842274938	-0.0038180044111968126	False
15	64	compositional_ridge	zero_effect	zero_effect_diagnostic	D	0.07826978863869061	0.0744517842274938	-0.0038180044111968126	False
15	64	CPA_0.8.8	zero_effect	zero_effect_diagnostic	S	0.011723376177394815	0.011723376177394815	0.0	False
15	64	CPA_0.8.8	zero_effect	zero_effect_diagnostic	M	0.011723376177394815	0.011723376177394829	1.3877787807814457e-17	False
15	64	CPA_0.8.8	zero_effect	zero_effect_diagnostic	P	0.011723376177394815	0.007557806065807249	-0.004165570111587566	False
15	64	CPA_0.8.8	zero_effect	zero_effect_diagnostic	O	0.011723376177394815	0.008252937466588908	-0.0034704387108059065	False
15	64	CPA_0.8.8	zero_effect	zero_effect_diagnostic	D	0.011723376177394815	0.007905371766198072	-0.003818004411196743	False
15	128	additive	compositional_ridge	primary_state_pair	S	-0.0007912360649253228	-0.0007912360649253228	0.0	False
15	128	additive	compositional_ridge	primary_state_pair	M	-0.0007912360649253228	-0.0007912360649253228	0.0	False
15	128	additive	compositional_ridge	primary_state_pair	P	-0.0007912360649253228	-0.0007912360649253297	-6.938893903907228e-18	False
15	128	additive	compositional_ridge	primary_state_pair	O	-0.0007912360649253228	-0.0007912360649253297	-6.938893903907228e-18	False
15	128	additive	compositional_ridge	primary_state_pair	D	-0.0007912360649253228	-0.0007912360649253297	-6.938893903907228e-18	False
15	128	additive	CPA_0.8.8	primary_state_pair	S	0.06632244984185759	0.06632244984185759	0.0	False
15	128	additive	CPA_0.8.8	primary_state_pair	M	0.06632244984185759	0.06632244984185762	2.7755575615628914e-17	False
15	128	additive	CPA_0.8.8	primary_state_pair	P	0.06632244984185759	0.06651390712102577	0.00019145727916818067	False
15	128	additive	CPA_0.8.8	primary_state_pair	O	0.06632244984185759	0.0661309925626894	-0.00019145727916819455	False
15	128	additive	CPA_0.8.8	primary_state_pair	D	0.06632244984185759	0.06632244984185759	0.0	False
15	128	additive	zero_effect	zero_effect_diagnostic	S	0.07717070493761594	0.07717070493761594	0.0	False
15	128	additive	zero_effect	zero_effect_diagnostic	M	0.07717070493761594	0.07717070493761594	0.0	False
15	128	additive	zero_effect	zero_effect_diagnostic	P	0.07717070493761594	0.0753122045556689	-0.0018585003819470425	False
15	128	additive	zero_effect	zero_effect_diagnostic	O	0.07717070493761594	0.0753122045556689	-0.0018585003819470425	False
15	128	additive	zero_effect	zero_effect_diagnostic	D	0.07717070493761594	0.0753122045556689	-0.0018585003819470425	False
15	128	compositional_ridge	CPA_0.8.8	primary_state_pair	S	0.0671136859067829	0.0671136859067829	0.0	False
15	128	compositional_ridge	CPA_0.8.8	primary_state_pair	M	0.0671136859067829	0.06711368590678293	2.7755575615628914e-17	False
15	128	compositional_ridge	CPA_0.8.8	primary_state_pair	P	0.0671136859067829	0.0673051431859511	0.00019145727916819455	False
15	128	compositional_ridge	CPA_0.8.8	primary_state_pair	O	0.0671136859067829	0.06692222862761472	-0.00019145727916818067	False
15	128	compositional_ridge	CPA_0.8.8	primary_state_pair	D	0.0671136859067829	0.06711368590678292	1.3877787807814457e-17	False
15	128	compositional_ridge	zero_effect	zero_effect_diagnostic	S	0.07796194100254125	0.07796194100254125	0.0	False
15	128	compositional_ridge	zero_effect	zero_effect_diagnostic	M	0.07796194100254125	0.07796194100254125	0.0	False
15	128	compositional_ridge	zero_effect	zero_effect_diagnostic	P	0.07796194100254125	0.07610344062059422	-0.0018585003819470286	False
15	128	compositional_ridge	zero_effect	zero_effect_diagnostic	O	0.07796194100254125	0.07610344062059422	-0.0018585003819470286	False
15	128	compositional_ridge	zero_effect	zero_effect_diagnostic	D	0.07796194100254125	0.07610344062059422	-0.0018585003819470286	False
15	128	CPA_0.8.8	zero_effect	zero_effect_diagnostic	S	0.010848255095758347	0.010848255095758347	0.0	False
15	128	CPA_0.8.8	zero_effect	zero_effect_diagnostic	M	0.010848255095758347	0.010848255095758319	-2.7755575615628914e-17	False
15	128	CPA_0.8.8	zero_effect	zero_effect_diagnostic	P	0.010848255095758347	0.008798297434643124	-0.002049957661115223	False
15	128	CPA_0.8.8	zero_effect	zero_effect_diagnostic	O	0.010848255095758347	0.009181211992979499	-0.001667043102778848	False
15	128	CPA_0.8.8	zero_effect	zero_effect_diagnostic	D	0.010848255095758347	0.008989754713811304	-0.0018585003819470425	False
15	135	additive	compositional_ridge	primary_state_pair	S	-0.0007912360649253228	-0.0007912360649253228	0.0	False
15	135	additive	compositional_ridge	primary_state_pair	M	-0.0007912360649253228	-0.0007912360649253228	0.0	False
15	135	additive	compositional_ridge	primary_state_pair	P	-0.0007912360649253228	-0.0007912360649253158	6.938893903907228e-18	False
15	135	additive	compositional_ridge	primary_state_pair	O	-0.0007912360649253228	-0.0007912360649253158	6.938893903907228e-18	False
15	135	additive	compositional_ridge	primary_state_pair	D	-0.0007912360649253228	-0.0007912360649253158	6.938893903907228e-18	False
15	135	additive	CPA_0.8.8	primary_state_pair	S	0.06641797102426267	0.06641797102426267	0.0	False
15	135	additive	CPA_0.8.8	primary_state_pair	M	0.06641797102426267	0.06641797102426267	0.0	False
15	135	additive	CPA_0.8.8	primary_state_pair	P	0.06641797102426267	0.06659125087711963	0.000173279852856964	False
15	135	additive	CPA_0.8.8	primary_state_pair	O	0.06641797102426267	0.06624469117140562	-0.00017327985285704728	False
15	135	additive	CPA_0.8.8	primary_state_pair	D	0.06641797102426267	0.06641797102426261	-5.551115123125783e-17	False
15	135	additive	zero_effect	zero_effect_diagnostic	S	0.07726148827531597	0.07726148827531597	0.0	False
15	135	additive	zero_effect	zero_effect_diagnostic	M	0.07726148827531597	0.07726148827531597	0.0	False
15	135	additive	zero_effect	zero_effect_diagnostic	P	0.07726148827531597	0.07549641404521788	-0.0017650742300980848	False
15	135	additive	zero_effect	zero_effect_diagnostic	O	0.07726148827531597	0.07549641404521788	-0.0017650742300980848	False
15	135	additive	zero_effect	zero_effect_diagnostic	D	0.07726148827531597	0.07549641404521788	-0.0017650742300980848	False
15	135	compositional_ridge	CPA_0.8.8	primary_state_pair	S	0.06720920708918798	0.06720920708918798	0.0	False
15	135	compositional_ridge	CPA_0.8.8	primary_state_pair	M	0.06720920708918798	0.06720920708918798	0.0	False
15	135	compositional_ridge	CPA_0.8.8	primary_state_pair	P	0.06720920708918798	0.06738248694204495	0.000173279852856964	False
15	135	compositional_ridge	CPA_0.8.8	primary_state_pair	O	0.06720920708918798	0.06703592723633094	-0.00017327985285704728	False
15	135	compositional_ridge	CPA_0.8.8	primary_state_pair	D	0.06720920708918798	0.06720920708918793	-5.551115123125783e-17	False
15	135	compositional_ridge	zero_effect	zero_effect_diagnostic	S	0.0780527243402413	0.0780527243402413	0.0	False
15	135	compositional_ridge	zero_effect	zero_effect_diagnostic	M	0.0780527243402413	0.0780527243402413	0.0	False
15	135	compositional_ridge	zero_effect	zero_effect_diagnostic	P	0.0780527243402413	0.0762876501101432	-0.0017650742300980987	False
15	135	compositional_ridge	zero_effect	zero_effect_diagnostic	O	0.0780527243402413	0.0762876501101432	-0.0017650742300980987	False
15	135	compositional_ridge	zero_effect	zero_effect_diagnostic	D	0.0780527243402413	0.0762876501101432	-0.0017650742300980987	False
15	135	CPA_0.8.8	zero_effect	zero_effect_diagnostic	S	0.0108435172510533	0.0108435172510533	0.0	False
15	135	CPA_0.8.8	zero_effect	zero_effect_diagnostic	M	0.0108435172510533	0.0108435172510533	0.0	False
15	135	CPA_0.8.8	zero_effect	zero_effect_diagnostic	P	0.0108435172510533	0.008905163168098251	-0.0019383540829550489	False
15	135	CPA_0.8.8	zero_effect	zero_effect_diagnostic	O	0.0108435172510533	0.009251722873812263	-0.0015917943772410376	False
15	135	CPA_0.8.8	zero_effect	zero_effect_diagnostic	D	0.0108435172510533	0.00907844302095527	-0.0017650742300980293	False
16	8	additive	compositional_ridge	primary_state_pair	S	-0.0007912360649253228	-0.0007912360649253228	0.0	False
16	8	additive	compositional_ridge	primary_state_pair	M	-0.0007912360649253228	-0.0007912360649253228	0.0	False
16	8	additive	compositional_ridge	primary_state_pair	P	-0.0007912360649253228	-0.0007912360649253505	-2.7755575615628914e-17	False
16	8	additive	compositional_ridge	primary_state_pair	O	-0.0007912360649253228	-0.0007912360649253505	-2.7755575615628914e-17	False
16	8	additive	compositional_ridge	primary_state_pair	D	-0.0007912360649253228	-0.0007912360649253505	-2.7755575615628914e-17	False
16	8	additive	CPA_0.8.8	primary_state_pair	S	0.06502137862379316	0.06502137862379316	0.0	False
16	8	additive	CPA_0.8.8	primary_state_pair	M	0.06502137862379316	0.06502137862379316	0.0	False
16	8	additive	CPA_0.8.8	primary_state_pair	P	0.06502137862379316	0.06889063734910636	0.003869258725313199	False
16	8	additive	CPA_0.8.8	primary_state_pair	O	0.06502137862379316	0.06115211989847983	-0.0038692587253133306	False
16	8	additive	CPA_0.8.8	primary_state_pair	D	0.06502137862379316	0.06502137862379309	-6.938893903907228e-17	False
16	8	additive	zero_effect	zero_effect_diagnostic	S	0.08842323537591874	0.08842323537591874	0.0	False
16	8	additive	zero_effect	zero_effect_diagnostic	M	0.08842323537591874	0.0884232353759187	-4.163336342344337e-17	False
16	8	additive	zero_effect	zero_effect_diagnostic	P	0.08842323537591874	0.056969769037604735	-0.03145346633831401	False
16	8	additive	zero_effect	zero_effect_diagnostic	O	0.08842323537591874	0.056969769037604735	-0.03145346633831401	False
16	8	additive	zero_effect	zero_effect_diagnostic	D	0.08842323537591874	0.056969769037604735	-0.03145346633831401	False
16	8	compositional_ridge	CPA_0.8.8	primary_state_pair	S	0.06581261468871849	0.06581261468871849	0.0	False
16	8	compositional_ridge	CPA_0.8.8	primary_state_pair	M	0.06581261468871849	0.06581261468871849	0.0	False
16	8	compositional_ridge	CPA_0.8.8	primary_state_pair	P	0.06581261468871849	0.06968187341403172	0.0038692587253132266	False
16	8	compositional_ridge	CPA_0.8.8	primary_state_pair	O	0.06581261468871849	0.06194335596340518	-0.00386925872531331	False
16	8	compositional_ridge	CPA_0.8.8	primary_state_pair	D	0.06581261468871849	0.06581261468871843	-5.551115123125783e-17	False
16	8	compositional_ridge	zero_effect	zero_effect_diagnostic	S	0.08921447144084407	0.08921447144084407	0.0	False
16	8	compositional_ridge	zero_effect	zero_effect_diagnostic	M	0.08921447144084407	0.08921447144084402	-5.551115123125783e-17	False
16	8	compositional_ridge	zero_effect	zero_effect_diagnostic	P	0.08921447144084407	0.057761005102530086	-0.03145346633831399	False
16	8	compositional_ridge	zero_effect	zero_effect_diagnostic	O	0.08921447144084407	0.057761005102530086	-0.03145346633831399	False
16	8	compositional_ridge	zero_effect	zero_effect_diagnostic	D	0.08921447144084407	0.057761005102530086	-0.03145346633831399	False
16	8	CPA_0.8.8	zero_effect	zero_effect_diagnostic	S	0.023401856752125583	0.023401856752125583	0.0	False
16	8	CPA_0.8.8	zero_effect	zero_effect_diagnostic	M	0.023401856752125583	0.02340185675212554	-4.163336342344337e-17	False
16	8	CPA_0.8.8	zero_effect	zero_effect_diagnostic	P	0.023401856752125583	-0.011920868311501631	-0.035322725063627214	True
16	8	CPA_0.8.8	zero_effect	zero_effect_diagnostic	O	0.023401856752125583	-0.004182350860875095	-0.027584207613000677	True
16	8	CPA_0.8.8	zero_effect	zero_effect_diagnostic	D	0.023401856752125583	-0.008051609586188349	-0.03145346633831393	True
16	16	additive	compositional_ridge	primary_state_pair	S	-0.0007912360649253228	-0.0007912360649253228	0.0	False
16	16	additive	compositional_ridge	primary_state_pair	M	-0.0007912360649253228	-0.0007912360649253228	0.0	False
16	16	additive	compositional_ridge	primary_state_pair	P	-0.0007912360649253228	-0.0007912360649253297	-6.938893903907228e-18	False
16	16	additive	compositional_ridge	primary_state_pair	O	-0.0007912360649253228	-0.0007912360649253297	-6.938893903907228e-18	False
16	16	additive	compositional_ridge	primary_state_pair	D	-0.0007912360649253228	-0.0007912360649253297	-6.938893903907228e-18	False
16	16	additive	CPA_0.8.8	primary_state_pair	S	0.07020597429788794	0.07020597429788794	0.0	False
16	16	additive	CPA_0.8.8	primary_state_pair	M	0.07020597429788794	0.07020597429788793	-1.3877787807814457e-17	False
16	16	additive	CPA_0.8.8	primary_state_pair	P	0.07020597429788794	0.07207076280405367	0.0018647885061657266	False
16	16	additive	CPA_0.8.8	primary_state_pair	O	0.07020597429788794	0.06834118579172224	-0.0018647885061656988	False
16	16	additive	CPA_0.8.8	primary_state_pair	D	0.07020597429788794	0.07020597429788787	-6.938893903907228e-17	False
16	16	additive	zero_effect	zero_effect_diagnostic	S	0.08675767487023116	0.08675767487023116	0.0	False
16	16	additive	zero_effect	zero_effect_diagnostic	M	0.08675767487023116	0.08675767487023117	1.3877787807814457e-17	False
16	16	additive	zero_effect	zero_effect_diagnostic	P	0.08675767487023116	0.07133028800468158	-0.015427386865549578	False
16	16	additive	zero_effect	zero_effect_diagnostic	O	0.08675767487023116	0.07133028800468158	-0.015427386865549578	False
16	16	additive	zero_effect	zero_effect_diagnostic	D	0.08675767487023116	0.07133028800468158	-0.015427386865549578	False
16	16	compositional_ridge	CPA_0.8.8	primary_state_pair	S	0.07099721036281326	0.07099721036281326	0.0	False
16	16	compositional_ridge	CPA_0.8.8	primary_state_pair	M	0.07099721036281326	0.07099721036281326	0.0	False
16	16	compositional_ridge	CPA_0.8.8	primary_state_pair	P	0.07099721036281326	0.072861998868979	0.0018647885061657404	False
16	16	compositional_ridge	CPA_0.8.8	primary_state_pair	O	0.07099721036281326	0.06913242185664757	-0.001864788506165685	False
16	16	compositional_ridge	CPA_0.8.8	primary_state_pair	D	0.07099721036281326	0.0709972103628132	-5.551115123125783e-17	False
16	16	compositional_ridge	zero_effect	zero_effect_diagnostic	S	0.08754891093515649	0.08754891093515649	0.0	False
16	16	compositional_ridge	zero_effect	zero_effect_diagnostic	M	0.08754891093515649	0.08754891093515649	0.0	False
16	16	compositional_ridge	zero_effect	zero_effect_diagnostic	P	0.08754891093515649	0.07212152406960691	-0.015427386865549578	False
16	16	compositional_ridge	zero_effect	zero_effect_diagnostic	O	0.08754891093515649	0.07212152406960691	-0.015427386865549578	False
16	16	compositional_ridge	zero_effect	zero_effect_diagnostic	D	0.08754891093515649	0.07212152406960691	-0.015427386865549578	False
16	16	CPA_0.8.8	zero_effect	zero_effect_diagnostic	S	0.016551700572343217	0.016551700572343217	0.0	False
16	16	CPA_0.8.8	zero_effect	zero_effect_diagnostic	M	0.016551700572343217	0.016551700572343245	2.7755575615628914e-17	False
16	16	CPA_0.8.8	zero_effect	zero_effect_diagnostic	P	0.016551700572343217	-0.0007404747993720873	-0.017292175371715304	True
16	16	CPA_0.8.8	zero_effect	zero_effect_diagnostic	O	0.016551700572343217	0.002989102212959338	-0.013562598359383879	False
16	16	CPA_0.8.8	zero_effect	zero_effect_diagnostic	D	0.016551700572343217	0.0011243137067937087	-0.015427386865549508	False
16	32	additive	compositional_ridge	primary_state_pair	S	-0.0007912360649253228	-0.0007912360649253228	0.0	False
16	32	additive	compositional_ridge	primary_state_pair	M	-0.0007912360649253228	-0.0007912360649253228	0.0	False
16	32	additive	compositional_ridge	primary_state_pair	P	-0.0007912360649253228	-0.0007912360649253228	0.0	False
16	32	additive	compositional_ridge	primary_state_pair	O	-0.0007912360649253228	-0.0007912360649253228	0.0	False
16	32	additive	compositional_ridge	primary_state_pair	D	-0.0007912360649253228	-0.0007912360649253228	0.0	False
16	32	additive	CPA_0.8.8	primary_state_pair	S	0.06937956937776027	0.06937956937776027	0.0	False
16	32	additive	CPA_0.8.8	primary_state_pair	M	0.06937956937776027	0.06937956937776027	0.0	False
16	32	additive	CPA_0.8.8	primary_state_pair	P	0.06937956937776027	0.06995625934875455	0.0005766899709942763	False
16	32	additive	CPA_0.8.8	primary_state_pair	O	0.06937956937776027	0.06880287940676597	-0.0005766899709943041	False
16	32	additive	CPA_0.8.8	primary_state_pair	D	0.06937956937776027	0.06937956937776027	0.0	False
16	32	additive	zero_effect	zero_effect_diagnostic	S	0.08278705996734675	0.08278705996734675	0.0	False
16	32	additive	zero_effect	zero_effect_diagnostic	M	0.08278705996734675	0.08278705996734675	0.0	False
16	32	additive	zero_effect	zero_effect_diagnostic	P	0.08278705996734675	0.07535581784063397	-0.007431242126712784	False
16	32	additive	zero_effect	zero_effect_diagnostic	O	0.08278705996734675	0.07535581784063397	-0.007431242126712784	False
16	32	additive	zero_effect	zero_effect_diagnostic	D	0.08278705996734675	0.07535581784063397	-0.007431242126712784	False
16	32	compositional_ridge	CPA_0.8.8	primary_state_pair	S	0.07017080544268559	0.07017080544268559	0.0	False
16	32	compositional_ridge	CPA_0.8.8	primary_state_pair	M	0.07017080544268559	0.07017080544268559	0.0	False
16	32	compositional_ridge	CPA_0.8.8	primary_state_pair	P	0.07017080544268559	0.07074749541367988	0.0005766899709942902	False
16	32	compositional_ridge	CPA_0.8.8	primary_state_pair	O	0.07017080544268559	0.0695941154716913	-0.0005766899709942902	False
16	32	compositional_ridge	CPA_0.8.8	primary_state_pair	D	0.07017080544268559	0.07017080544268559	0.0	False
16	32	compositional_ridge	zero_effect	zero_effect_diagnostic	S	0.08357829603227207	0.08357829603227207	0.0	False
16	32	compositional_ridge	zero_effect	zero_effect_diagnostic	M	0.08357829603227207	0.08357829603227207	0.0	False
16	32	compositional_ridge	zero_effect	zero_effect_diagnostic	P	0.08357829603227207	0.0761470539055593	-0.00743124212671277	False
16	32	compositional_ridge	zero_effect	zero_effect_diagnostic	O	0.08357829603227207	0.0761470539055593	-0.00743124212671277	False
16	32	compositional_ridge	zero_effect	zero_effect_diagnostic	D	0.08357829603227207	0.0761470539055593	-0.00743124212671277	False
16	32	CPA_0.8.8	zero_effect	zero_effect_diagnostic	S	0.013407490589586485	0.013407490589586485	0.0	False
16	32	CPA_0.8.8	zero_effect	zero_effect_diagnostic	M	0.013407490589586485	0.013407490589586485	0.0	False
16	32	CPA_0.8.8	zero_effect	zero_effect_diagnostic	P	0.013407490589586485	0.005399558491879425	-0.00800793209770706	False
16	32	CPA_0.8.8	zero_effect	zero_effect_diagnostic	O	0.013407490589586485	0.006552938433868005	-0.00685455215571848	False
16	32	CPA_0.8.8	zero_effect	zero_effect_diagnostic	D	0.013407490589586485	0.005976248462873715	-0.00743124212671277	False
16	64	additive	compositional_ridge	primary_state_pair	S	-0.0007912360649253228	-0.0007912360649253228	0.0	False
16	64	additive	compositional_ridge	primary_state_pair	M	-0.0007912360649253228	-0.0007912360649253228	0.0	False
16	64	additive	compositional_ridge	primary_state_pair	P	-0.0007912360649253228	-0.0007912360649253089	1.3877787807814457e-17	False
16	64	additive	compositional_ridge	primary_state_pair	O	-0.0007912360649253228	-0.0007912360649253089	1.3877787807814457e-17	False
16	64	additive	compositional_ridge	primary_state_pair	D	-0.0007912360649253228	-0.0007912360649253089	1.3877787807814457e-17	False
16	64	additive	CPA_0.8.8	primary_state_pair	S	0.06539547725967228	0.06539547725967228	0.0	False
16	64	additive	CPA_0.8.8	primary_state_pair	M	0.06539547725967228	0.06539547725967228	0.0	False
16	64	additive	CPA_0.8.8	primary_state_pair	P	0.06539547725967228	0.06567435546155415	0.0002788782018818686	False
16	64	additive	CPA_0.8.8	primary_state_pair	O	0.06539547725967228	0.06511659905779038	-0.0002788782018818964	False
16	64	additive	CPA_0.8.8	primary_state_pair	D	0.06539547725967228	0.06539547725967224	-4.163336342344337e-17	False
16	64	additive	zero_effect	zero_effect_diagnostic	S	0.07725516101974696	0.07725516101974696	0.0	False
16	64	additive	zero_effect	zero_effect_diagnostic	M	0.07725516101974696	0.07725516101974696	0.0	False
16	64	additive	zero_effect	zero_effect_diagnostic	P	0.07725516101974696	0.07346909122417195	-0.0037860697955750117	False
16	64	additive	zero_effect	zero_effect_diagnostic	O	0.07725516101974696	0.07346909122417195	-0.0037860697955750117	False
16	64	additive	zero_effect	zero_effect_diagnostic	D	0.07725516101974696	0.07346909122417195	-0.0037860697955750117	False
16	64	compositional_ridge	CPA_0.8.8	primary_state_pair	S	0.0661867133245976	0.0661867133245976	0.0	False
16	64	compositional_ridge	CPA_0.8.8	primary_state_pair	M	0.0661867133245976	0.0661867133245976	0.0	False
16	64	compositional_ridge	CPA_0.8.8	primary_state_pair	P	0.0661867133245976	0.06646559152647946	0.00027887820188185475	False
16	64	compositional_ridge	CPA_0.8.8	primary_state_pair	O	0.0661867133245976	0.06590783512271568	-0.00027887820188192414	False
16	64	compositional_ridge	CPA_0.8.8	primary_state_pair	D	0.0661867133245976	0.06618671332459754	-6.938893903907228e-17	False
16	64	compositional_ridge	zero_effect	zero_effect_diagnostic	S	0.07804639708467229	0.07804639708467229	0.0	False
16	64	compositional_ridge	zero_effect	zero_effect_diagnostic	M	0.07804639708467229	0.07804639708467229	0.0	False
16	64	compositional_ridge	zero_effect	zero_effect_diagnostic	P	0.07804639708467229	0.07426032728909725	-0.0037860697955750394	False
16	64	compositional_ridge	zero_effect	zero_effect_diagnostic	O	0.07804639708467229	0.07426032728909725	-0.0037860697955750394	False
16	64	compositional_ridge	zero_effect	zero_effect_diagnostic	D	0.07804639708467229	0.07426032728909725	-0.0037860697955750394	False
16	64	CPA_0.8.8	zero_effect	zero_effect_diagnostic	S	0.01185968376007468	0.01185968376007468	0.0	False
16	64	CPA_0.8.8	zero_effect	zero_effect_diagnostic	M	0.01185968376007468	0.01185968376007468	0.0	False
16	64	CPA_0.8.8	zero_effect	zero_effect_diagnostic	P	0.01185968376007468	0.0077947357626177854	-0.004064947997456894	False
16	64	CPA_0.8.8	zero_effect	zero_effect_diagnostic	O	0.01185968376007468	0.008352492166381564	-0.0035071915936931153	False
16	64	CPA_0.8.8	zero_effect	zero_effect_diagnostic	D	0.01185968376007468	0.00807361396449971	-0.00378606979557497	False
16	128	additive	compositional_ridge	primary_state_pair	S	-0.0007912360649253228	-0.0007912360649253228	0.0	False
16	128	additive	compositional_ridge	primary_state_pair	M	-0.0007912360649253228	-0.0007912360649253228	0.0	False
16	128	additive	compositional_ridge	primary_state_pair	P	-0.0007912360649253228	-0.0007912360649253228	0.0	False
16	128	additive	compositional_ridge	primary_state_pair	O	-0.0007912360649253228	-0.0007912360649253228	0.0	False
16	128	additive	compositional_ridge	primary_state_pair	D	-0.0007912360649253228	-0.0007912360649253228	0.0	False
16	128	additive	CPA_0.8.8	primary_state_pair	S	0.066043759792003	0.066043759792003	0.0	False
16	128	additive	CPA_0.8.8	primary_state_pair	M	0.066043759792003	0.066043759792003	0.0	False
16	128	additive	CPA_0.8.8	primary_state_pair	P	0.066043759792003	0.06615736715938066	0.00011360736737765775	False
16	128	additive	CPA_0.8.8	primary_state_pair	O	0.066043759792003	0.06593015242462527	-0.00011360736737772714	False
16	128	additive	CPA_0.8.8	primary_state_pair	D	0.066043759792003	0.06604375979200297	-2.7755575615628914e-17	False
16	128	additive	zero_effect	zero_effect_diagnostic	S	0.07697916215368796	0.07697916215368796	0.0	False
16	128	additive	zero_effect	zero_effect_diagnostic	M	0.07697916215368796	0.07697916215368796	0.0	False
16	128	additive	zero_effect	zero_effect_diagnostic	P	0.07697916215368796	0.0751235386552388	-0.0018556234984491576	False
16	128	additive	zero_effect	zero_effect_diagnostic	O	0.07697916215368796	0.0751235386552388	-0.0018556234984491576	False
16	128	additive	zero_effect	zero_effect_diagnostic	D	0.07697916215368796	0.0751235386552388	-0.0018556234984491576	False
16	128	compositional_ridge	CPA_0.8.8	primary_state_pair	S	0.06683499585692831	0.06683499585692831	0.0	False
16	128	compositional_ridge	CPA_0.8.8	primary_state_pair	M	0.06683499585692831	0.06683499585692831	0.0	False
16	128	compositional_ridge	CPA_0.8.8	primary_state_pair	P	0.06683499585692831	0.06694860322430597	0.00011360736737765775	False
16	128	compositional_ridge	CPA_0.8.8	primary_state_pair	O	0.06683499585692831	0.06672138848955059	-0.00011360736737772714	False
16	128	compositional_ridge	CPA_0.8.8	primary_state_pair	D	0.06683499585692831	0.06683499585692829	-2.7755575615628914e-17	False
16	128	compositional_ridge	zero_effect	zero_effect_diagnostic	S	0.07777039821861328	0.07777039821861328	0.0	False
16	128	compositional_ridge	zero_effect	zero_effect_diagnostic	M	0.07777039821861328	0.07777039821861328	0.0	False
16	128	compositional_ridge	zero_effect	zero_effect_diagnostic	P	0.07777039821861328	0.07591477472016411	-0.0018556234984491715	False
16	128	compositional_ridge	zero_effect	zero_effect_diagnostic	O	0.07777039821861328	0.07591477472016411	-0.0018556234984491715	False
16	128	compositional_ridge	zero_effect	zero_effect_diagnostic	D	0.07777039821861328	0.07591477472016411	-0.0018556234984491715	False
16	128	CPA_0.8.8	zero_effect	zero_effect_diagnostic	S	0.010935402361684957	0.010935402361684957	0.0	False
16	128	CPA_0.8.8	zero_effect	zero_effect_diagnostic	M	0.010935402361684957	0.010935402361684957	0.0	False
16	128	CPA_0.8.8	zero_effect	zero_effect_diagnostic	P	0.010935402361684957	0.008966171495858141	-0.0019692308658268154	False
16	128	CPA_0.8.8	zero_effect	zero_effect_diagnostic	O	0.010935402361684957	0.009193386230613526	-0.0017420161310714305	False
16	128	CPA_0.8.8	zero_effect	zero_effect_diagnostic	D	0.010935402361684957	0.009079778863235827	-0.0018556234984491299	False
16	135	additive	compositional_ridge	primary_state_pair	S	-0.0007912360649253228	-0.0007912360649253228	0.0	False
16	135	additive	compositional_ridge	primary_state_pair	M	-0.0007912360649253228	-0.0007912360649253228	0.0	False
16	135	additive	compositional_ridge	primary_state_pair	P	-0.0007912360649253228	-0.0007912360649253158	6.938893903907228e-18	False
16	135	additive	compositional_ridge	primary_state_pair	O	-0.0007912360649253228	-0.0007912360649253158	6.938893903907228e-18	False
16	135	additive	compositional_ridge	primary_state_pair	D	-0.0007912360649253228	-0.0007912360649253158	6.938893903907228e-18	False
16	135	additive	CPA_0.8.8	primary_state_pair	S	0.06613645688827086	0.06613645688827086	0.0	False
16	135	additive	CPA_0.8.8	primary_state_pair	M	0.06613645688827086	0.06613645688827087	1.3877787807814457e-17	False
16	135	additive	CPA_0.8.8	primary_state_pair	P	0.06613645688827086	0.06624156978055712	0.00010511289228626319	False
16	135	additive	CPA_0.8.8	primary_state_pair	O	0.06613645688827086	0.0660313439959846	-0.00010511289228624932	False
16	135	additive	CPA_0.8.8	primary_state_pair	D	0.06613645688827086	0.06613645688827088	2.7755575615628914e-17	False
16	135	additive	zero_effect	zero_effect_diagnostic	S	0.07702287390780001	0.07702287390780001	0.0	False
16	135	additive	zero_effect	zero_effect_diagnostic	M	0.07702287390780001	0.07702287390780001	0.0	False
16	135	additive	zero_effect	zero_effect_diagnostic	P	0.07702287390780001	0.07525449953463359	-0.0017683743731664175	False
16	135	additive	zero_effect	zero_effect_diagnostic	O	0.07702287390780001	0.07525449953463359	-0.0017683743731664175	False
16	135	additive	zero_effect	zero_effect_diagnostic	D	0.07702287390780001	0.07525449953463359	-0.0017683743731664175	False
16	135	compositional_ridge	CPA_0.8.8	primary_state_pair	S	0.06692769295319617	0.06692769295319617	0.0	False
16	135	compositional_ridge	CPA_0.8.8	primary_state_pair	M	0.06692769295319617	0.0669276929531962	2.7755575615628914e-17	False
16	135	compositional_ridge	CPA_0.8.8	primary_state_pair	P	0.06692769295319617	0.06703280584548243	0.00010511289228626319	False
16	135	compositional_ridge	CPA_0.8.8	primary_state_pair	O	0.06692769295319617	0.06682258006090992	-0.00010511289228624932	False
16	135	compositional_ridge	CPA_0.8.8	primary_state_pair	D	0.06692769295319617	0.0669276929531962	2.7755575615628914e-17	False
16	135	compositional_ridge	zero_effect	zero_effect_diagnostic	S	0.07781410997272534	0.07781410997272534	0.0	False
16	135	compositional_ridge	zero_effect	zero_effect_diagnostic	M	0.07781410997272534	0.07781410997272534	0.0	False
16	135	compositional_ridge	zero_effect	zero_effect_diagnostic	P	0.07781410997272534	0.0760457355995589	-0.0017683743731664314	False
16	135	compositional_ridge	zero_effect	zero_effect_diagnostic	O	0.07781410997272534	0.0760457355995589	-0.0017683743731664314	False
16	135	compositional_ridge	zero_effect	zero_effect_diagnostic	D	0.07781410997272534	0.0760457355995589	-0.0017683743731664314	False
16	135	CPA_0.8.8	zero_effect	zero_effect_diagnostic	S	0.010886417019529152	0.010886417019529152	0.0	False
16	135	CPA_0.8.8	zero_effect	zero_effect_diagnostic	M	0.010886417019529152	0.010886417019529138	-1.3877787807814457e-17	False
16	135	CPA_0.8.8	zero_effect	zero_effect_diagnostic	P	0.010886417019529152	0.00901292975407647	-0.0018734872654526807	False
16	135	CPA_0.8.8	zero_effect	zero_effect_diagnostic	O	0.010886417019529152	0.009223155538648983	-0.0016632614808801682	False
16	135	CPA_0.8.8	zero_effect	zero_effect_diagnostic	D	0.010886417019529152	0.009118042646362706	-0.0017683743731664453	False
17	8	additive	compositional_ridge	primary_state_pair	S	-0.0007912360649253228	-0.0007912360649253228	0.0	False
17	8	additive	compositional_ridge	primary_state_pair	M	-0.0007912360649253228	-0.0007912360649253228	0.0	False
17	8	additive	compositional_ridge	primary_state_pair	P	-0.0007912360649253228	-0.0007912360649252811	4.163336342344337e-17	False
17	8	additive	compositional_ridge	primary_state_pair	O	-0.0007912360649253228	-0.0007912360649252811	4.163336342344337e-17	False
17	8	additive	compositional_ridge	primary_state_pair	D	-0.0007912360649253228	-0.0007912360649252811	4.163336342344337e-17	False
17	8	additive	CPA_0.8.8	primary_state_pair	S	0.07132549168069988	0.07132549168069988	0.0	False
17	8	additive	CPA_0.8.8	primary_state_pair	M	0.07132549168069988	0.07132549168069988	0.0	False
17	8	additive	CPA_0.8.8	primary_state_pair	P	0.07132549168069988	0.07449247279841117	0.0031669811177112983	False
17	8	additive	CPA_0.8.8	primary_state_pair	O	0.07132549168069988	0.06815851056298863	-0.003166981117711243	False
17	8	additive	CPA_0.8.8	primary_state_pair	D	0.07132549168069988	0.0713254916806999	2.7755575615628914e-17	False
17	8	additive	zero_effect	zero_effect_diagnostic	S	0.0958473791923383	0.0958473791923383	0.0	False
17	8	additive	zero_effect	zero_effect_diagnostic	M	0.0958473791923383	0.09584737919233831	1.3877787807814457e-17	False
17	8	additive	zero_effect	zero_effect_diagnostic	P	0.0958473791923383	0.06402268844141783	-0.03182469075092047	False
17	8	additive	zero_effect	zero_effect_diagnostic	O	0.0958473791923383	0.06402268844141783	-0.03182469075092047	False
17	8	additive	zero_effect	zero_effect_diagnostic	D	0.0958473791923383	0.06402268844141783	-0.03182469075092047	False
17	8	compositional_ridge	CPA_0.8.8	primary_state_pair	S	0.07211672774562519	0.07211672774562519	0.0	False
17	8	compositional_ridge	CPA_0.8.8	primary_state_pair	M	0.07211672774562519	0.07211672774562519	0.0	False
17	8	compositional_ridge	CPA_0.8.8	primary_state_pair	P	0.07211672774562519	0.07528370886333646	0.0031669811177112706	False
17	8	compositional_ridge	CPA_0.8.8	primary_state_pair	O	0.07211672774562519	0.06894974662791392	-0.0031669811177112706	False
17	8	compositional_ridge	CPA_0.8.8	primary_state_pair	D	0.07211672774562519	0.07211672774562519	0.0	False
17	8	compositional_ridge	zero_effect	zero_effect_diagnostic	S	0.09663861525726361	0.09663861525726361	0.0	False
17	8	compositional_ridge	zero_effect	zero_effect_diagnostic	M	0.09663861525726361	0.09663861525726364	2.7755575615628914e-17	False
17	8	compositional_ridge	zero_effect	zero_effect_diagnostic	P	0.09663861525726361	0.0648139245063431	-0.03182469075092051	False
17	8	compositional_ridge	zero_effect	zero_effect_diagnostic	O	0.09663861525726361	0.0648139245063431	-0.03182469075092051	False
17	8	compositional_ridge	zero_effect	zero_effect_diagnostic	D	0.09663861525726361	0.0648139245063431	-0.03182469075092051	False
17	8	CPA_0.8.8	zero_effect	zero_effect_diagnostic	S	0.02452188751163842	0.02452188751163842	0.0	False
17	8	CPA_0.8.8	zero_effect	zero_effect_diagnostic	M	0.02452188751163842	0.024521887511638432	1.3877787807814457e-17	False
17	8	CPA_0.8.8	zero_effect	zero_effect_diagnostic	P	0.02452188751163842	-0.010469784356993347	-0.034991671868631766	True
17	8	CPA_0.8.8	zero_effect	zero_effect_diagnostic	O	0.02452188751163842	-0.004135822121570806	-0.028657709633209225	True
17	8	CPA_0.8.8	zero_effect	zero_effect_diagnostic	D	0.02452188751163842	-0.007302803239282077	-0.031824690750920495	True
17	16	additive	compositional_ridge	primary_state_pair	S	-0.0007912360649253228	-0.0007912360649253228	0.0	False
17	16	additive	compositional_ridge	primary_state_pair	M	-0.0007912360649253228	-0.0007912360649253228	0.0	False
17	16	additive	compositional_ridge	primary_state_pair	P	-0.0007912360649253228	-0.0007912360649253158	6.938893903907228e-18	False
17	16	additive	compositional_ridge	primary_state_pair	O	-0.0007912360649253228	-0.0007912360649253158	6.938893903907228e-18	False
17	16	additive	compositional_ridge	primary_state_pair	D	-0.0007912360649253228	-0.0007912360649253158	6.938893903907228e-18	False
17	16	additive	CPA_0.8.8	primary_state_pair	S	0.06760563409624033	0.06760563409624033	0.0	False
17	16	additive	CPA_0.8.8	primary_state_pair	M	0.06760563409624033	0.06760563409624033	0.0	False
17	16	additive	CPA_0.8.8	primary_state_pair	P	0.06760563409624033	0.06851068609677988	0.000905052000539544	False
17	16	additive	CPA_0.8.8	primary_state_pair	O	0.06760563409624033	0.06670058209570086	-0.0009050520005394747	False
17	16	additive	CPA_0.8.8	primary_state_pair	D	0.06760563409624033	0.06760563409624037	4.163336342344337e-17	False
17	16	additive	zero_effect	zero_effect_diagnostic	S	0.084523330551364	0.084523330551364	0.0	False
17	16	additive	zero_effect	zero_effect_diagnostic	M	0.084523330551364	0.084523330551364	0.0	False
17	16	additive	zero_effect	zero_effect_diagnostic	P	0.084523330551364	0.06915958181932351	-0.015363748732040494	False
17	16	additive	zero_effect	zero_effect_diagnostic	O	0.084523330551364	0.06915958181932351	-0.015363748732040494	False
17	16	additive	zero_effect	zero_effect_diagnostic	D	0.084523330551364	0.06915958181932351	-0.015363748732040494	False
17	16	compositional_ridge	CPA_0.8.8	primary_state_pair	S	0.06839687016116566	0.06839687016116566	0.0	False
17	16	compositional_ridge	CPA_0.8.8	primary_state_pair	M	0.06839687016116566	0.06839687016116566	0.0	False
17	16	compositional_ridge	CPA_0.8.8	primary_state_pair	P	0.06839687016116566	0.06930192216170519	0.0009050520005395302	False
17	16	compositional_ridge	CPA_0.8.8	primary_state_pair	O	0.06839687016116566	0.06749181816062617	-0.0009050520005394885	False
17	16	compositional_ridge	CPA_0.8.8	primary_state_pair	D	0.06839687016116566	0.06839687016116569	2.7755575615628914e-17	False
17	16	compositional_ridge	zero_effect	zero_effect_diagnostic	S	0.08531456661628933	0.08531456661628933	0.0	False
17	16	compositional_ridge	zero_effect	zero_effect_diagnostic	M	0.08531456661628933	0.08531456661628933	0.0	False
17	16	compositional_ridge	zero_effect	zero_effect_diagnostic	P	0.08531456661628933	0.06995081788424883	-0.015363748732040508	False
17	16	compositional_ridge	zero_effect	zero_effect_diagnostic	O	0.08531456661628933	0.06995081788424883	-0.015363748732040508	False
17	16	compositional_ridge	zero_effect	zero_effect_diagnostic	D	0.08531456661628933	0.06995081788424883	-0.015363748732040508	False
17	16	CPA_0.8.8	zero_effect	zero_effect_diagnostic	S	0.01691769645512367	0.01691769645512367	0.0	False
17	16	CPA_0.8.8	zero_effect	zero_effect_diagnostic	M	0.01691769645512367	0.01691769645512367	0.0	False
17	16	CPA_0.8.8	zero_effect	zero_effect_diagnostic	P	0.01691769645512367	0.0006488957225436326	-0.016268800732580038	False
17	16	CPA_0.8.8	zero_effect	zero_effect_diagnostic	O	0.01691769645512367	0.0024589997236226513	-0.01445869673150102	False
17	16	CPA_0.8.8	zero_effect	zero_effect_diagnostic	D	0.01691769645512367	0.001553947723083135	-0.015363748732040536	False
17	32	additive	compositional_ridge	primary_state_pair	S	-0.0007912360649253228	-0.0007912360649253228	0.0	False
17	32	additive	compositional_ridge	primary_state_pair	M	-0.0007912360649253228	-0.0007912360649253228	0.0	False
17	32	additive	compositional_ridge	primary_state_pair	P	-0.0007912360649253228	-0.0007912360649253158	6.938893903907228e-18	False
17	32	additive	compositional_ridge	primary_state_pair	O	-0.0007912360649253228	-0.0007912360649253158	6.938893903907228e-18	False
17	32	additive	compositional_ridge	primary_state_pair	D	-0.0007912360649253228	-0.0007912360649253158	6.938893903907228e-18	False
17	32	additive	CPA_0.8.8	primary_state_pair	S	0.06944012683203866	0.06944012683203866	0.0	False
17	32	additive	CPA_0.8.8	primary_state_pair	M	0.06944012683203866	0.06944012683203866	0.0	False
17	32	additive	CPA_0.8.8	primary_state_pair	P	0.06944012683203866	0.06999113802913925	0.0005510111971005899	False
17	32	additive	CPA_0.8.8	primary_state_pair	O	0.06944012683203866	0.0688891156349381	-0.0005510111971005621	False
17	32	additive	CPA_0.8.8	primary_state_pair	D	0.06944012683203866	0.06944012683203868	1.3877787807814457e-17	False
17	32	additive	zero_effect	zero_effect_diagnostic	S	0.08334466989990086	0.08334466989990086	0.0	False
17	32	additive	zero_effect	zero_effect_diagnostic	M	0.08334466989990086	0.08334466989990086	0.0	False
17	32	additive	zero_effect	zero_effect_diagnostic	P	0.08334466989990086	0.07579018500176526	-0.007554484898135594	False
17	32	additive	zero_effect	zero_effect_diagnostic	O	0.08334466989990086	0.07579018500176526	-0.007554484898135594	False
17	32	additive	zero_effect	zero_effect_diagnostic	D	0.08334466989990086	0.07579018500176526	-0.007554484898135594	False
17	32	compositional_ridge	CPA_0.8.8	primary_state_pair	S	0.070231362896964	0.070231362896964	0.0	False
17	32	compositional_ridge	CPA_0.8.8	primary_state_pair	M	0.070231362896964	0.070231362896964	0.0	False
17	32	compositional_ridge	CPA_0.8.8	primary_state_pair	P	0.070231362896964	0.07078237409406457	0.000551011197100576	False
17	32	compositional_ridge	CPA_0.8.8	primary_state_pair	O	0.070231362896964	0.06968035169986342	-0.000551011197100576	False
17	32	compositional_ridge	CPA_0.8.8	primary_state_pair	D	0.070231362896964	0.070231362896964	0.0	False
17	32	compositional_ridge	zero_effect	zero_effect_diagnostic	S	0.08413590596482617	0.08413590596482617	0.0	False
17	32	compositional_ridge	zero_effect	zero_effect_diagnostic	M	0.08413590596482617	0.08413590596482617	0.0	False
17	32	compositional_ridge	zero_effect	zero_effect_diagnostic	P	0.08413590596482617	0.07658142106669058	-0.007554484898135594	False
17	32	compositional_ridge	zero_effect	zero_effect_diagnostic	O	0.08413590596482617	0.07658142106669058	-0.007554484898135594	False
17	32	compositional_ridge	zero_effect	zero_effect_diagnostic	D	0.08413590596482617	0.07658142106669058	-0.007554484898135594	False
17	32	CPA_0.8.8	zero_effect	zero_effect_diagnostic	S	0.013904543067862193	0.013904543067862193	0.0	False
17	32	CPA_0.8.8	zero_effect	zero_effect_diagnostic	M	0.013904543067862193	0.013904543067862193	0.0	False
17	32	CPA_0.8.8	zero_effect	zero_effect_diagnostic	P	0.013904543067862193	0.00579904697262601	-0.008105496095236184	False
17	32	CPA_0.8.8	zero_effect	zero_effect_diagnostic	O	0.013904543067862193	0.006901069366827162	-0.007003473701035032	False
17	32	CPA_0.8.8	zero_effect	zero_effect_diagnostic	D	0.013904543067862193	0.006350058169726572	-0.007554484898135622	False
17	64	additive	compositional_ridge	primary_state_pair	S	-0.0007912360649253228	-0.0007912360649253228	0.0	False
17	64	additive	compositional_ridge	primary_state_pair	M	-0.0007912360649253228	-0.0007912360649253228	0.0	False
17	64	additive	compositional_ridge	primary_state_pair	P	-0.0007912360649253228	-0.0007912360649253297	-6.938893903907228e-18	False
17	64	additive	compositional_ridge	primary_state_pair	O	-0.0007912360649253228	-0.0007912360649253297	-6.938893903907228e-18	False
17	64	additive	compositional_ridge	primary_state_pair	D	-0.0007912360649253228	-0.0007912360649253297	-6.938893903907228e-18	False
17	64	additive	CPA_0.8.8	primary_state_pair	S	0.06853207026615951	0.06853207026615951	0.0	False
17	64	additive	CPA_0.8.8	primary_state_pair	M	0.06853207026615951	0.06853207026615951	0.0	False
17	64	additive	CPA_0.8.8	primary_state_pair	P	0.06853207026615951	0.06889282595711346	0.0003607556909539511	False
17	64	additive	CPA_0.8.8	primary_state_pair	O	0.06853207026615951	0.06817131457520557	-0.0003607556909539372	False
17	64	additive	CPA_0.8.8	primary_state_pair	D	0.06853207026615951	0.06853207026615953	1.3877787807814457e-17	False
17	64	additive	zero_effect	zero_effect_diagnostic	S	0.08059358756603208	0.08059358756603208	0.0	False
17	64	additive	zero_effect	zero_effect_diagnostic	M	0.08059358756603208	0.08059358756603209	1.3877787807814457e-17	False
17	64	additive	zero_effect	zero_effect_diagnostic	P	0.08059358756603208	0.07687558094483235	-0.0037180066211997265	False
17	64	additive	zero_effect	zero_effect_diagnostic	O	0.08059358756603208	0.07687558094483235	-0.0037180066211997265	False
17	64	additive	zero_effect	zero_effect_diagnostic	D	0.08059358756603208	0.07687558094483235	-0.0037180066211997265	False
17	64	compositional_ridge	CPA_0.8.8	primary_state_pair	S	0.06932330633108483	0.06932330633108483	0.0	False
17	64	compositional_ridge	CPA_0.8.8	primary_state_pair	M	0.06932330633108483	0.06932330633108483	0.0	False
17	64	compositional_ridge	CPA_0.8.8	primary_state_pair	P	0.06932330633108483	0.06968406202203879	0.000360755690953965	False
17	64	compositional_ridge	CPA_0.8.8	primary_state_pair	O	0.06932330633108483	0.0689625506401309	-0.00036075569095392335	False
17	64	compositional_ridge	CPA_0.8.8	primary_state_pair	D	0.06932330633108483	0.06932330633108486	2.7755575615628914e-17	False
17	64	compositional_ridge	zero_effect	zero_effect_diagnostic	S	0.08138482363095739	0.08138482363095739	0.0	False
17	64	compositional_ridge	zero_effect	zero_effect_diagnostic	M	0.08138482363095739	0.08138482363095742	2.7755575615628914e-17	False
17	64	compositional_ridge	zero_effect	zero_effect_diagnostic	P	0.08138482363095739	0.07766681700975768	-0.0037180066211997126	False
17	64	compositional_ridge	zero_effect	zero_effect_diagnostic	O	0.08138482363095739	0.07766681700975768	-0.0037180066211997126	False
17	64	compositional_ridge	zero_effect	zero_effect_diagnostic	D	0.08138482363095739	0.07766681700975768	-0.0037180066211997126	False
17	64	CPA_0.8.8	zero_effect	zero_effect_diagnostic	S	0.012061517299872565	0.012061517299872565	0.0	False
17	64	CPA_0.8.8	zero_effect	zero_effect_diagnostic	M	0.012061517299872565	0.012061517299872579	1.3877787807814457e-17	False
17	64	CPA_0.8.8	zero_effect	zero_effect_diagnostic	P	0.012061517299872565	0.007982754987718887	-0.004078762312153678	False
17	64	CPA_0.8.8	zero_effect	zero_effect_diagnostic	O	0.012061517299872565	0.008704266369626776	-0.0033572509302457892	False
17	64	CPA_0.8.8	zero_effect	zero_effect_diagnostic	D	0.012061517299872565	0.008343510678672825	-0.0037180066211997403	False
17	128	additive	compositional_ridge	primary_state_pair	S	-0.0007912360649253228	-0.0007912360649253228	0.0	False
17	128	additive	compositional_ridge	primary_state_pair	M	-0.0007912360649253228	-0.0007912360649253228	0.0	False
17	128	additive	compositional_ridge	primary_state_pair	P	-0.0007912360649253228	-0.0007912360649253089	1.3877787807814457e-17	False
17	128	additive	compositional_ridge	primary_state_pair	O	-0.0007912360649253228	-0.0007912360649253089	1.3877787807814457e-17	False
17	128	additive	compositional_ridge	primary_state_pair	D	-0.0007912360649253228	-0.0007912360649253089	1.3877787807814457e-17	False
17	128	additive	CPA_0.8.8	primary_state_pair	S	0.06692559024127463	0.06692559024127463	0.0	False
17	128	additive	CPA_0.8.8	primary_state_pair	M	0.06692559024127463	0.06692559024127463	0.0	False
17	128	additive	CPA_0.8.8	primary_state_pair	P	0.06692559024127463	0.06716267760932337	0.0002370873680487412	False
17	128	additive	CPA_0.8.8	primary_state_pair	O	0.06692559024127463	0.0666885028732259	-0.00023708736804872732	False
17	128	additive	CPA_0.8.8	primary_state_pair	D	0.06692559024127463	0.06692559024127463	0.0	False
17	128	additive	zero_effect	zero_effect_diagnostic	S	0.07793321815119446	0.07793321815119446	0.0	False
17	128	additive	zero_effect	zero_effect_diagnostic	M	0.07793321815119446	0.07793321815119446	0.0	False
17	128	additive	zero_effect	zero_effect_diagnostic	P	0.07793321815119446	0.07590177331148128	-0.0020314448397131812	False
17	128	additive	zero_effect	zero_effect_diagnostic	O	0.07793321815119446	0.07590177331148128	-0.0020314448397131812	False
17	128	additive	zero_effect	zero_effect_diagnostic	D	0.07793321815119446	0.07590177331148128	-0.0020314448397131812	False
17	128	compositional_ridge	CPA_0.8.8	primary_state_pair	S	0.06771682630619996	0.06771682630619996	0.0	False
17	128	compositional_ridge	CPA_0.8.8	primary_state_pair	M	0.06771682630619996	0.06771682630619996	0.0	False
17	128	compositional_ridge	CPA_0.8.8	primary_state_pair	P	0.06771682630619996	0.06795391367424868	0.00023708736804871344	False
17	128	compositional_ridge	CPA_0.8.8	primary_state_pair	O	0.06771682630619996	0.06747973893815121	-0.00023708736804875508	False
17	128	compositional_ridge	CPA_0.8.8	primary_state_pair	D	0.06771682630619996	0.06771682630619993	-2.7755575615628914e-17	False
17	128	compositional_ridge	zero_effect	zero_effect_diagnostic	S	0.07872445421611979	0.07872445421611979	0.0	False
17	128	compositional_ridge	zero_effect	zero_effect_diagnostic	M	0.07872445421611979	0.07872445421611979	0.0	False
17	128	compositional_ridge	zero_effect	zero_effect_diagnostic	P	0.07872445421611979	0.07669300937640658	-0.002031444839713209	False
17	128	compositional_ridge	zero_effect	zero_effect_diagnostic	O	0.07872445421611979	0.07669300937640658	-0.002031444839713209	False
17	128	compositional_ridge	zero_effect	zero_effect_diagnostic	D	0.07872445421611979	0.07669300937640658	-0.002031444839713209	False
17	128	CPA_0.8.8	zero_effect	zero_effect_diagnostic	S	0.011007627909919826	0.011007627909919826	0.0	False
17	128	CPA_0.8.8	zero_effect	zero_effect_diagnostic	M	0.011007627909919826	0.011007627909919826	0.0	False
17	128	CPA_0.8.8	zero_effect	zero_effect_diagnostic	P	0.011007627909919826	0.008739095702157904	-0.0022685322077619224	False
17	128	CPA_0.8.8	zero_effect	zero_effect_diagnostic	O	0.011007627909919826	0.009213270438255372	-0.001794357471664454	False
17	128	CPA_0.8.8	zero_effect	zero_effect_diagnostic	D	0.011007627909919826	0.008976183070206645	-0.0020314448397131812	False
17	135	additive	compositional_ridge	primary_state_pair	S	-0.0007912360649253228	-0.0007912360649253228	0.0	False
17	135	additive	compositional_ridge	primary_state_pair	M	-0.0007912360649253228	-0.0007912360649253228	0.0	False
17	135	additive	compositional_ridge	primary_state_pair	P	-0.0007912360649253228	-0.0007912360649253228	0.0	False
17	135	additive	compositional_ridge	primary_state_pair	O	-0.0007912360649253228	-0.0007912360649253228	0.0	False
17	135	additive	compositional_ridge	primary_state_pair	D	-0.0007912360649253228	-0.0007912360649253228	0.0	False
17	135	additive	CPA_0.8.8	primary_state_pair	S	0.06647614971759462	0.06647614971759462	0.0	False
17	135	additive	CPA_0.8.8	primary_state_pair	M	0.06647614971759462	0.06647614971759462	0.0	False
17	135	additive	CPA_0.8.8	primary_state_pair	P	0.06647614971759462	0.06670670262676684	0.0002305529091722186	False
17	135	additive	CPA_0.8.8	primary_state_pair	O	0.06647614971759462	0.06624559680842244	-0.00023055290917217697	False
17	135	additive	CPA_0.8.8	primary_state_pair	D	0.06647614971759462	0.06647614971759465	2.7755575615628914e-17	False
17	135	additive	zero_effect	zero_effect_diagnostic	S	0.07741816053037949	0.07741816053037949	0.0	False
17	135	additive	zero_effect	zero_effect_diagnostic	M	0.07741816053037949	0.0774181605303795	1.3877787807814457e-17	False
17	135	additive	zero_effect	zero_effect_diagnostic	P	0.07741816053037949	0.07549400607627865	-0.0019241544541008376	False
17	135	additive	zero_effect	zero_effect_diagnostic	O	0.07741816053037949	0.07549400607627865	-0.0019241544541008376	False
17	135	additive	zero_effect	zero_effect_diagnostic	D	0.07741816053037949	0.07549400607627865	-0.0019241544541008376	False
17	135	compositional_ridge	CPA_0.8.8	primary_state_pair	S	0.06726738578251995	0.06726738578251995	0.0	False
17	135	compositional_ridge	CPA_0.8.8	primary_state_pair	M	0.06726738578251995	0.06726738578251995	0.0	False
17	135	compositional_ridge	CPA_0.8.8	primary_state_pair	P	0.06726738578251995	0.06749793869169216	0.00023055290917220472	False
17	135	compositional_ridge	CPA_0.8.8	primary_state_pair	O	0.06726738578251995	0.06703683287334776	-0.00023055290917219085	False
17	135	compositional_ridge	CPA_0.8.8	primary_state_pair	D	0.06726738578251995	0.06726738578251996	1.3877787807814457e-17	False
17	135	compositional_ridge	zero_effect	zero_effect_diagnostic	S	0.07820939659530482	0.07820939659530482	0.0	False
17	135	compositional_ridge	zero_effect	zero_effect_diagnostic	M	0.07820939659530482	0.07820939659530482	0.0	False
17	135	compositional_ridge	zero_effect	zero_effect_diagnostic	P	0.07820939659530482	0.07628524214120397	-0.0019241544541008515	False
17	135	compositional_ridge	zero_effect	zero_effect_diagnostic	O	0.07820939659530482	0.07628524214120397	-0.0019241544541008515	False
17	135	compositional_ridge	zero_effect	zero_effect_diagnostic	D	0.07820939659530482	0.07628524214120397	-0.0019241544541008515	False
17	135	CPA_0.8.8	zero_effect	zero_effect_diagnostic	S	0.01094201081278487	0.01094201081278487	0.0	False
17	135	CPA_0.8.8	zero_effect	zero_effect_diagnostic	M	0.01094201081278487	0.010942010812784883	1.3877787807814457e-17	False
17	135	CPA_0.8.8	zero_effect	zero_effect_diagnostic	P	0.01094201081278487	0.008787303449511813	-0.0021547073632730562	False
17	135	CPA_0.8.8	zero_effect	zero_effect_diagnostic	O	0.01094201081278487	0.009248409267856209	-0.0016936015449286607	False
17	135	CPA_0.8.8	zero_effect	zero_effect_diagnostic	D	0.01094201081278487	0.009017856358684004	-0.0019241544541008654	False
18	8	additive	compositional_ridge	primary_state_pair	S	-0.0007912360649253228	-0.0007912360649253228	0.0	False
18	8	additive	compositional_ridge	primary_state_pair	M	-0.0007912360649253228	-0.0007912360649253228	0.0	False
18	8	additive	compositional_ridge	primary_state_pair	P	-0.0007912360649253228	-0.0007912360649252811	4.163336342344337e-17	False
18	8	additive	compositional_ridge	primary_state_pair	O	-0.0007912360649253228	-0.0007912360649252811	4.163336342344337e-17	False
18	8	additive	compositional_ridge	primary_state_pair	D	-0.0007912360649253228	-0.0007912360649252811	4.163336342344337e-17	False
18	8	additive	CPA_0.8.8	primary_state_pair	S	0.07316910879674404	0.07316910879674404	0.0	False
18	8	additive	CPA_0.8.8	primary_state_pair	M	0.07316910879674404	0.07316910879674404	0.0	False
18	8	additive	CPA_0.8.8	primary_state_pair	P	0.07316910879674404	0.07637147432405139	0.0032023655273073492	False
18	8	additive	CPA_0.8.8	primary_state_pair	O	0.07316910879674404	0.06996674326943686	-0.0032023655273071827	False
18	8	additive	CPA_0.8.8	primary_state_pair	D	0.07316910879674404	0.07316910879674413	8.326672684688674e-17	False
18	8	additive	zero_effect	zero_effect_diagnostic	S	0.09645938690524314	0.09645938690524314	0.0	False
18	8	additive	zero_effect	zero_effect_diagnostic	M	0.09645938690524314	0.09645938690524314	0.0	False
18	8	additive	zero_effect	zero_effect_diagnostic	P	0.09645938690524314	0.06713624104916985	-0.02932314585607329	False
18	8	additive	zero_effect	zero_effect_diagnostic	O	0.09645938690524314	0.06713624104916985	-0.02932314585607329	False
18	8	additive	zero_effect	zero_effect_diagnostic	D	0.09645938690524314	0.06713624104916985	-0.02932314585607329	False
18	8	compositional_ridge	CPA_0.8.8	primary_state_pair	S	0.07396034486166936	0.07396034486166936	0.0	False
18	8	compositional_ridge	CPA_0.8.8	primary_state_pair	M	0.07396034486166936	0.07396034486166936	0.0	False
18	8	compositional_ridge	CPA_0.8.8	primary_state_pair	P	0.07396034486166936	0.07716271038897668	0.0032023655273073215	False
18	8	compositional_ridge	CPA_0.8.8	primary_state_pair	O	0.07396034486166936	0.07075797933436215	-0.0032023655273072105	False
18	8	compositional_ridge	CPA_0.8.8	primary_state_pair	D	0.07396034486166936	0.07396034486166941	5.551115123125783e-17	False
18	8	compositional_ridge	zero_effect	zero_effect_diagnostic	S	0.09725062297016845	0.09725062297016845	0.0	False
18	8	compositional_ridge	zero_effect	zero_effect_diagnostic	M	0.09725062297016845	0.09725062297016845	0.0	False
18	8	compositional_ridge	zero_effect	zero_effect_diagnostic	P	0.09725062297016845	0.06792747711409514	-0.029323145856073318	False
18	8	compositional_ridge	zero_effect	zero_effect_diagnostic	O	0.09725062297016845	0.06792747711409514	-0.029323145856073318	False
18	8	compositional_ridge	zero_effect	zero_effect_diagnostic	D	0.09725062297016845	0.06792747711409514	-0.029323145856073318	False
18	8	CPA_0.8.8	zero_effect	zero_effect_diagnostic	S	0.023290278108499096	0.023290278108499096	0.0	False
18	8	CPA_0.8.8	zero_effect	zero_effect_diagnostic	M	0.023290278108499096	0.023290278108499096	0.0	False
18	8	CPA_0.8.8	zero_effect	zero_effect_diagnostic	P	0.023290278108499096	-0.009235233274881544	-0.03252551138338064	True
18	8	CPA_0.8.8	zero_effect	zero_effect_diagnostic	O	0.023290278108499096	-0.0028305022202670116	-0.026120780328766108	True
18	8	CPA_0.8.8	zero_effect	zero_effect_diagnostic	D	0.023290278108499096	-0.006032867747574278	-0.029323145856073374	True
18	16	additive	compositional_ridge	primary_state_pair	S	-0.0007912360649253228	-0.0007912360649253228	0.0	False
18	16	additive	compositional_ridge	primary_state_pair	M	-0.0007912360649253228	-0.0007912360649253228	0.0	False
18	16	additive	compositional_ridge	primary_state_pair	P	-0.0007912360649253228	-0.0007912360649253089	1.3877787807814457e-17	False
18	16	additive	compositional_ridge	primary_state_pair	O	-0.0007912360649253228	-0.0007912360649253089	1.3877787807814457e-17	False
18	16	additive	compositional_ridge	primary_state_pair	D	-0.0007912360649253228	-0.0007912360649253089	1.3877787807814457e-17	False
18	16	additive	CPA_0.8.8	primary_state_pair	S	0.07192983584356756	0.07192983584356756	0.0	False
18	16	additive	CPA_0.8.8	primary_state_pair	M	0.07192983584356756	0.07192983584356756	0.0	False
18	16	additive	CPA_0.8.8	primary_state_pair	P	0.07192983584356756	0.07282033499426051	0.0008904991506929472	False
18	16	additive	CPA_0.8.8	primary_state_pair	O	0.07192983584356756	0.07103933669287461	-0.0008904991506929472	False
18	16	additive	CPA_0.8.8	primary_state_pair	D	0.07192983584356756	0.0719298358435676	4.163336342344337e-17	False
18	16	additive	zero_effect	zero_effect_diagnostic	S	0.08883400335778045	0.08883400335778045	0.0	False
18	16	additive	zero_effect	zero_effect_diagnostic	M	0.08883400335778045	0.08883400335778044	-1.3877787807814457e-17	False
18	16	additive	zero_effect	zero_effect_diagnostic	P	0.08883400335778045	0.0748703718705607	-0.013963631487219755	False
18	16	additive	zero_effect	zero_effect_diagnostic	O	0.08883400335778045	0.0748703718705607	-0.013963631487219755	False
18	16	additive	zero_effect	zero_effect_diagnostic	D	0.08883400335778045	0.0748703718705607	-0.013963631487219755	False
18	16	compositional_ridge	CPA_0.8.8	primary_state_pair	S	0.07272107190849289	0.07272107190849289	0.0	False
18	16	compositional_ridge	CPA_0.8.8	primary_state_pair	M	0.07272107190849289	0.07272107190849289	0.0	False
18	16	compositional_ridge	CPA_0.8.8	primary_state_pair	P	0.07272107190849289	0.07361157105918581	0.0008904991506929194	False
18	16	compositional_ridge	CPA_0.8.8	primary_state_pair	O	0.07272107190849289	0.07183057275779992	-0.0008904991506929749	False
18	16	compositional_ridge	CPA_0.8.8	primary_state_pair	D	0.07272107190849289	0.07272107190849292	2.7755575615628914e-17	False
18	16	compositional_ridge	zero_effect	zero_effect_diagnostic	S	0.08962523942270578	0.08962523942270578	0.0	False
18	16	compositional_ridge	zero_effect	zero_effect_diagnostic	M	0.08962523942270578	0.08962523942270575	-2.7755575615628914e-17	False
18	16	compositional_ridge	zero_effect	zero_effect_diagnostic	P	0.08962523942270578	0.07566160793548601	-0.013963631487219769	False
18	16	compositional_ridge	zero_effect	zero_effect_diagnostic	O	0.08962523942270578	0.07566160793548601	-0.013963631487219769	False
18	16	compositional_ridge	zero_effect	zero_effect_diagnostic	D	0.08962523942270578	0.07566160793548601	-0.013963631487219769	False
18	16	CPA_0.8.8	zero_effect	zero_effect_diagnostic	S	0.016904167514212892	0.016904167514212892	0.0	False
18	16	CPA_0.8.8	zero_effect	zero_effect_diagnostic	M	0.016904167514212892	0.01690416751421288	-1.3877787807814457e-17	False
18	16	CPA_0.8.8	zero_effect	zero_effect_diagnostic	P	0.016904167514212892	0.0020500368763001903	-0.014854130637912702	False
18	16	CPA_0.8.8	zero_effect	zero_effect_diagnostic	O	0.016904167514212892	0.0038310351776860846	-0.013073132336526808	False
18	16	CPA_0.8.8	zero_effect	zero_effect_diagnostic	D	0.016904167514212892	0.002940536026993096	-0.013963631487219796	False
18	32	additive	compositional_ridge	primary_state_pair	S	-0.0007912360649253228	-0.0007912360649253228	0.0	False
18	32	additive	compositional_ridge	primary_state_pair	M	-0.0007912360649253228	-0.0007912360649253228	0.0	False
18	32	additive	compositional_ridge	primary_state_pair	P	-0.0007912360649253228	-0.0007912360649253158	6.938893903907228e-18	False
18	32	additive	compositional_ridge	primary_state_pair	O	-0.0007912360649253228	-0.0007912360649253158	6.938893903907228e-18	False
18	32	additive	compositional_ridge	primary_state_pair	D	-0.0007912360649253228	-0.0007912360649253158	6.938893903907228e-18	False
18	32	additive	CPA_0.8.8	primary_state_pair	S	0.06974428317379845	0.06974428317379845	0.0	False
18	32	additive	CPA_0.8.8	primary_state_pair	M	0.06974428317379845	0.06974428317379845	0.0	False
18	32	additive	CPA_0.8.8	primary_state_pair	P	0.06974428317379845	0.0702548260415479	0.0005105428677494445	False
18	32	additive	CPA_0.8.8	primary_state_pair	O	0.06974428317379845	0.06923374030604901	-0.0005105428677494445	False
18	32	additive	CPA_0.8.8	primary_state_pair	D	0.06974428317379845	0.06974428317379847	1.3877787807814457e-17	False
18	32	additive	zero_effect	zero_effect_diagnostic	S	0.08362247616492588	0.08362247616492588	0.0	False
18	32	additive	zero_effect	zero_effect_diagnostic	M	0.08362247616492588	0.08362247616492588	0.0	False
18	32	additive	zero_effect	zero_effect_diagnostic	P	0.08362247616492588	0.07651031584029008	-0.007112160324635797	False
18	32	additive	zero_effect	zero_effect_diagnostic	O	0.08362247616492588	0.07651031584029008	-0.007112160324635797	False
18	32	additive	zero_effect	zero_effect_diagnostic	D	0.08362247616492588	0.07651031584029008	-0.007112160324635797	False
18	32	compositional_ridge	CPA_0.8.8	primary_state_pair	S	0.07053551923872378	0.07053551923872378	0.0	False
18	32	compositional_ridge	CPA_0.8.8	primary_state_pair	M	0.07053551923872378	0.07053551923872378	0.0	False
18	32	compositional_ridge	CPA_0.8.8	primary_state_pair	P	0.07053551923872378	0.07104606210647321	0.0005105428677494306	False
18	32	compositional_ridge	CPA_0.8.8	primary_state_pair	O	0.07053551923872378	0.07002497637097432	-0.0005105428677494583	False
18	32	compositional_ridge	CPA_0.8.8	primary_state_pair	D	0.07053551923872378	0.07053551923872378	0.0	False
18	32	compositional_ridge	zero_effect	zero_effect_diagnostic	S	0.0844137122298512	0.0844137122298512	0.0	False
18	32	compositional_ridge	zero_effect	zero_effect_diagnostic	M	0.0844137122298512	0.0844137122298512	0.0	False
18	32	compositional_ridge	zero_effect	zero_effect_diagnostic	P	0.0844137122298512	0.0773015519052154	-0.007112160324635797	False
18	32	compositional_ridge	zero_effect	zero_effect_diagnostic	O	0.0844137122298512	0.0773015519052154	-0.007112160324635797	False
18	32	compositional_ridge	zero_effect	zero_effect_diagnostic	D	0.0844137122298512	0.0773015519052154	-0.007112160324635797	False
18	32	CPA_0.8.8	zero_effect	zero_effect_diagnostic	S	0.013878192991127428	0.013878192991127428	0.0	False
18	32	CPA_0.8.8	zero_effect	zero_effect_diagnostic	M	0.013878192991127428	0.013878192991127428	0.0	False
18	32	CPA_0.8.8	zero_effect	zero_effect_diagnostic	P	0.013878192991127428	0.006255489798742173	-0.007622703192385255	False
18	32	CPA_0.8.8	zero_effect	zero_effect_diagnostic	O	0.013878192991127428	0.007276575534241075	-0.006601617456886352	False
18	32	CPA_0.8.8	zero_effect	zero_effect_diagnostic	D	0.013878192991127428	0.006766032666491603	-0.0071121603246358245	False
18	64	additive	compositional_ridge	primary_state_pair	S	-0.0007912360649253228	-0.0007912360649253228	0.0	False
18	64	additive	compositional_ridge	primary_state_pair	M	-0.0007912360649253228	-0.0007912360649253228	0.0	False
18	64	additive	compositional_ridge	primary_state_pair	P	-0.0007912360649253228	-0.0007912360649253089	1.3877787807814457e-17	False
18	64	additive	compositional_ridge	primary_state_pair	O	-0.0007912360649253228	-0.0007912360649253089	1.3877787807814457e-17	False
18	64	additive	compositional_ridge	primary_state_pair	D	-0.0007912360649253228	-0.0007912360649253089	1.3877787807814457e-17	False
18	64	additive	CPA_0.8.8	primary_state_pair	S	0.06686603589675538	0.06686603589675538	0.0	False
18	64	additive	CPA_0.8.8	primary_state_pair	M	0.06686603589675538	0.06686603589675538	0.0	False
18	64	additive	CPA_0.8.8	primary_state_pair	P	0.06686603589675538	0.06722374864854537	0.0003577127517899875	False
18	64	additive	CPA_0.8.8	primary_state_pair	O	0.06686603589675538	0.06650832314496538	-0.0003577127517900014	False
18	64	additive	CPA_0.8.8	primary_state_pair	D	0.06686603589675538	0.06686603589675538	0.0	False
18	64	additive	zero_effect	zero_effect_diagnostic	S	0.07878394939591409	0.07878394939591409	0.0	False
18	64	additive	zero_effect	zero_effect_diagnostic	M	0.07878394939591409	0.07878394939591409	0.0	False
18	64	additive	zero_effect	zero_effect_diagnostic	P	0.07878394939591409	0.07506515780466666	-0.003718791591247425	False
18	64	additive	zero_effect	zero_effect_diagnostic	O	0.07878394939591409	0.07506515780466666	-0.003718791591247425	False
18	64	additive	zero_effect	zero_effect_diagnostic	D	0.07878394939591409	0.07506515780466666	-0.003718791591247425	False
18	64	compositional_ridge	CPA_0.8.8	primary_state_pair	S	0.0676572719616807	0.0676572719616807	0.0	False
18	64	compositional_ridge	CPA_0.8.8	primary_state_pair	M	0.0676572719616807	0.0676572719616807	0.0	False
18	64	compositional_ridge	CPA_0.8.8	primary_state_pair	P	0.0676572719616807	0.06801498471347067	0.00035771275178997364	False
18	64	compositional_ridge	CPA_0.8.8	primary_state_pair	O	0.0676572719616807	0.06729955920989068	-0.00035771275179001527	False
18	64	compositional_ridge	CPA_0.8.8	primary_state_pair	D	0.0676572719616807	0.06765727196168068	-1.3877787807814457e-17	False
18	64	compositional_ridge	zero_effect	zero_effect_diagnostic	S	0.07957518546083941	0.07957518546083941	0.0	False
18	64	compositional_ridge	zero_effect	zero_effect_diagnostic	M	0.07957518546083941	0.07957518546083941	0.0	False
18	64	compositional_ridge	zero_effect	zero_effect_diagnostic	P	0.07957518546083941	0.07585639386959196	-0.003718791591247453	False
18	64	compositional_ridge	zero_effect	zero_effect_diagnostic	O	0.07957518546083941	0.07585639386959196	-0.003718791591247453	False
18	64	compositional_ridge	zero_effect	zero_effect_diagnostic	D	0.07957518546083941	0.07585639386959196	-0.003718791591247453	False
18	64	CPA_0.8.8	zero_effect	zero_effect_diagnostic	S	0.011917913499158703	0.011917913499158703	0.0	False
18	64	CPA_0.8.8	zero_effect	zero_effect_diagnostic	M	0.011917913499158703	0.011917913499158703	0.0	False
18	64	CPA_0.8.8	zero_effect	zero_effect_diagnostic	P	0.011917913499158703	0.00784140915612129	-0.004076504343037413	False
18	64	CPA_0.8.8	zero_effect	zero_effect_diagnostic	O	0.011917913499158703	0.008556834659701279	-0.0033610788394574237	False
18	64	CPA_0.8.8	zero_effect	zero_effect_diagnostic	D	0.011917913499158703	0.008199121907911278	-0.003718791591247425	False
18	128	additive	compositional_ridge	primary_state_pair	S	-0.0007912360649253228	-0.0007912360649253228	0.0	False
18	128	additive	compositional_ridge	primary_state_pair	M	-0.0007912360649253228	-0.0007912360649253228	0.0	False
18	128	additive	compositional_ridge	primary_state_pair	P	-0.0007912360649253228	-0.0007912360649253124	1.0408340855860843e-17	False
18	128	additive	compositional_ridge	primary_state_pair	O	-0.0007912360649253228	-0.0007912360649253124	1.0408340855860843e-17	False
18	128	additive	compositional_ridge	primary_state_pair	D	-0.0007912360649253228	-0.0007912360649253124	1.0408340855860843e-17	False
18	128	additive	CPA_0.8.8	primary_state_pair	S	0.06626763487309538	0.06626763487309538	0.0	False
18	128	additive	CPA_0.8.8	primary_state_pair	M	0.06626763487309538	0.06626763487309538	0.0	False
18	128	additive	CPA_0.8.8	primary_state_pair	P	0.06626763487309538	0.06644303072048255	0.00017539584738716918	False
18	128	additive	CPA_0.8.8	primary_state_pair	O	0.06626763487309538	0.06609223902570818	-0.00017539584738719693	False
18	128	additive	CPA_0.8.8	primary_state_pair	D	0.06626763487309538	0.06626763487309545	6.938893903907228e-17	False
18	128	additive	zero_effect	zero_effect_diagnostic	S	0.07728958679093771	0.07728958679093771	0.0	False
18	128	additive	zero_effect	zero_effect_diagnostic	M	0.07728958679093771	0.07728958679093773	1.3877787807814457e-17	False
18	128	additive	zero_effect	zero_effect_diagnostic	P	0.07728958679093771	0.07542909138090437	-0.0018604954100333443	False
18	128	additive	zero_effect	zero_effect_diagnostic	O	0.07728958679093771	0.07542909138090437	-0.0018604954100333443	False
18	128	additive	zero_effect	zero_effect_diagnostic	D	0.07728958679093771	0.07542909138090437	-0.0018604954100333443	False
18	128	compositional_ridge	CPA_0.8.8	primary_state_pair	S	0.06705887093802071	0.06705887093802071	0.0	False
18	128	compositional_ridge	CPA_0.8.8	primary_state_pair	M	0.06705887093802071	0.06705887093802071	0.0	False
18	128	compositional_ridge	CPA_0.8.8	primary_state_pair	P	0.06705887093802071	0.06723426678540786	0.0001753958473871553	False
18	128	compositional_ridge	CPA_0.8.8	primary_state_pair	O	0.06705887093802071	0.0668834750906335	-0.0001753958473872108	False
18	128	compositional_ridge	CPA_0.8.8	primary_state_pair	D	0.06705887093802071	0.06705887093802075	4.163336342344337e-17	False
18	128	compositional_ridge	zero_effect	zero_effect_diagnostic	S	0.07808082285586304	0.07808082285586304	0.0	False
18	128	compositional_ridge	zero_effect	zero_effect_diagnostic	M	0.07808082285586304	0.07808082285586304	0.0	False
18	128	compositional_ridge	zero_effect	zero_effect_diagnostic	P	0.07808082285586304	0.07622032744582967	-0.001860495410033372	False
18	128	compositional_ridge	zero_effect	zero_effect_diagnostic	O	0.07808082285586304	0.07622032744582967	-0.001860495410033372	False
18	128	compositional_ridge	zero_effect	zero_effect_diagnostic	D	0.07808082285586304	0.07622032744582967	-0.001860495410033372	False
18	128	CPA_0.8.8	zero_effect	zero_effect_diagnostic	S	0.011021951917842332	0.011021951917842332	0.0	False
18	128	CPA_0.8.8	zero_effect	zero_effect_diagnostic	M	0.011021951917842332	0.011021951917842346	1.3877787807814457e-17	False
18	128	CPA_0.8.8	zero_effect	zero_effect_diagnostic	P	0.011021951917842332	0.008986060660421805	-0.0020358912574205273	False
18	128	CPA_0.8.8	zero_effect	zero_effect_diagnostic	O	0.011021951917842332	0.00933685235519617	-0.0016850995626461612	False
18	128	CPA_0.8.8	zero_effect	zero_effect_diagnostic	D	0.011021951917842332	0.009161456507808918	-0.0018604954100334137	False
18	135	additive	compositional_ridge	primary_state_pair	S	-0.0007912360649253228	-0.0007912360649253228	0.0	False
18	135	additive	compositional_ridge	primary_state_pair	M	-0.0007912360649253228	-0.0007912360649253228	0.0	False
18	135	additive	compositional_ridge	primary_state_pair	P	-0.0007912360649253228	-0.0007912360649253124	1.0408340855860843e-17	False
18	135	additive	compositional_ridge	primary_state_pair	O	-0.0007912360649253228	-0.0007912360649253124	1.0408340855860843e-17	False
18	135	additive	compositional_ridge	primary_state_pair	D	-0.0007912360649253228	-0.0007912360649253124	1.0408340855860843e-17	False
18	135	additive	CPA_0.8.8	primary_state_pair	S	0.06665052525776816	0.06665052525776816	0.0	False
18	135	additive	CPA_0.8.8	primary_state_pair	M	0.06665052525776816	0.06665052525776816	0.0	False
18	135	additive	CPA_0.8.8	primary_state_pair	P	0.06665052525776816	0.06684767221135807	0.00019714695358991063	False
18	135	additive	CPA_0.8.8	primary_state_pair	O	0.06665052525776816	0.06645337830417822	-0.0001971469535899384	False
18	135	additive	CPA_0.8.8	primary_state_pair	D	0.06665052525776816	0.06665052525776818	2.7755575615628914e-17	False
18	135	additive	zero_effect	zero_effect_diagnostic	S	0.07754543784048935	0.07754543784048935	0.0	False
18	135	additive	zero_effect	zero_effect_diagnostic	M	0.07754543784048935	0.07754543784048937	1.3877787807814457e-17	False
18	135	additive	zero_effect	zero_effect_diagnostic	P	0.07754543784048935	0.07576047914701126	-0.0017849586934780975	False
18	135	additive	zero_effect	zero_effect_diagnostic	O	0.07754543784048935	0.07576047914701126	-0.0017849586934780975	False
18	135	additive	zero_effect	zero_effect_diagnostic	D	0.07754543784048935	0.07576047914701126	-0.0017849586934780975	False
18	135	compositional_ridge	CPA_0.8.8	primary_state_pair	S	0.06744176132269347	0.06744176132269347	0.0	False
18	135	compositional_ridge	CPA_0.8.8	primary_state_pair	M	0.06744176132269347	0.06744176132269347	0.0	False
18	135	compositional_ridge	CPA_0.8.8	primary_state_pair	P	0.06744176132269347	0.06763890827628338	0.00019714695358991063	False
18	135	compositional_ridge	CPA_0.8.8	primary_state_pair	O	0.06744176132269347	0.06724461436910352	-0.00019714695358995227	False
18	135	compositional_ridge	CPA_0.8.8	primary_state_pair	D	0.06744176132269347	0.0674417613226935	2.7755575615628914e-17	False
18	135	compositional_ridge	zero_effect	zero_effect_diagnostic	S	0.07833667390541468	0.07833667390541468	0.0	False
18	135	compositional_ridge	zero_effect	zero_effect_diagnostic	M	0.07833667390541468	0.07833667390541468	0.0	False
18	135	compositional_ridge	zero_effect	zero_effect_diagnostic	P	0.07833667390541468	0.07655171521193656	-0.0017849586934781253	False
18	135	compositional_ridge	zero_effect	zero_effect_diagnostic	O	0.07833667390541468	0.07655171521193656	-0.0017849586934781253	False
18	135	compositional_ridge	zero_effect	zero_effect_diagnostic	D	0.07833667390541468	0.07655171521193656	-0.0017849586934781253	False
18	135	CPA_0.8.8	zero_effect	zero_effect_diagnostic	S	0.010894912582721197	0.010894912582721197	0.0	False
18	135	CPA_0.8.8	zero_effect	zero_effect_diagnostic	M	0.010894912582721197	0.010894912582721211	1.3877787807814457e-17	False
18	135	CPA_0.8.8	zero_effect	zero_effect_diagnostic	P	0.010894912582721197	0.008912806935653175	-0.001982105647068022	False
18	135	CPA_0.8.8	zero_effect	zero_effect_diagnostic	O	0.010894912582721197	0.009307100842833038	-0.0015878117398881592	False
18	135	CPA_0.8.8	zero_effect	zero_effect_diagnostic	D	0.010894912582721197	0.009109953889243058	-0.0017849586934781392	False
19	8	additive	compositional_ridge	primary_state_pair	S	-0.0007912360649253228	-0.0007912360649253228	0.0	False
19	8	additive	compositional_ridge	primary_state_pair	M	-0.0007912360649253228	-0.0007912360649253228	0.0	False
19	8	additive	compositional_ridge	primary_state_pair	P	-0.0007912360649253228	-0.0007912360649252811	4.163336342344337e-17	False
19	8	additive	compositional_ridge	primary_state_pair	O	-0.0007912360649253228	-0.0007912360649252811	4.163336342344337e-17	False
19	8	additive	compositional_ridge	primary_state_pair	D	-0.0007912360649253228	-0.0007912360649252811	4.163336342344337e-17	False
19	8	additive	CPA_0.8.8	primary_state_pair	S	0.07527088328817215	0.07527088328817215	0.0	False
19	8	additive	CPA_0.8.8	primary_state_pair	M	0.07527088328817215	0.07527088328817214	-1.3877787807814457e-17	False
19	8	additive	CPA_0.8.8	primary_state_pair	P	0.07527088328817215	0.0785544469002826	0.003283563612110449	False
19	8	additive	CPA_0.8.8	primary_state_pair	O	0.07527088328817215	0.07198731967606184	-0.00328356361211031	False
19	8	additive	CPA_0.8.8	primary_state_pair	D	0.07527088328817215	0.07527088328817216	1.3877787807814457e-17	False
19	8	additive	zero_effect	zero_effect_diagnostic	S	0.0991103866151605	0.0991103866151605	0.0	False
19	8	additive	zero_effect	zero_effect_diagnostic	M	0.0991103866151605	0.0991103866151605	0.0	False
19	8	additive	zero_effect	zero_effect_diagnostic	P	0.0991103866151605	0.06918620001266437	-0.029924186602496128	False
19	8	additive	zero_effect	zero_effect_diagnostic	O	0.0991103866151605	0.06918620001266437	-0.029924186602496128	False
19	8	additive	zero_effect	zero_effect_diagnostic	D	0.0991103866151605	0.06918620001266437	-0.029924186602496128	False
19	8	compositional_ridge	CPA_0.8.8	primary_state_pair	S	0.07606211935309748	0.07606211935309748	0.0	False
19	8	compositional_ridge	CPA_0.8.8	primary_state_pair	M	0.07606211935309748	0.07606211935309745	-2.7755575615628914e-17	False
19	8	compositional_ridge	CPA_0.8.8	primary_state_pair	P	0.07606211935309748	0.07934568296520789	0.0032835636121104073	False
19	8	compositional_ridge	CPA_0.8.8	primary_state_pair	O	0.07606211935309748	0.07277855574098713	-0.0032835636121103517	False
19	8	compositional_ridge	CPA_0.8.8	primary_state_pair	D	0.07606211935309748	0.07606211935309745	-2.7755575615628914e-17	False
19	8	compositional_ridge	zero_effect	zero_effect_diagnostic	S	0.09990162268008582	0.09990162268008582	0.0	False
19	8	compositional_ridge	zero_effect	zero_effect_diagnostic	M	0.09990162268008582	0.09990162268008582	0.0	False
19	8	compositional_ridge	zero_effect	zero_effect_diagnostic	P	0.09990162268008582	0.06997743607758966	-0.029924186602496156	False
19	8	compositional_ridge	zero_effect	zero_effect_diagnostic	O	0.09990162268008582	0.06997743607758966	-0.029924186602496156	False
19	8	compositional_ridge	zero_effect	zero_effect_diagnostic	D	0.09990162268008582	0.06997743607758966	-0.029924186602496156	False
19	8	CPA_0.8.8	zero_effect	zero_effect_diagnostic	S	0.02383950332698835	0.02383950332698835	0.0	False
19	8	CPA_0.8.8	zero_effect	zero_effect_diagnostic	M	0.02383950332698835	0.023839503326988365	1.3877787807814457e-17	False
19	8	CPA_0.8.8	zero_effect	zero_effect_diagnostic	P	0.02383950332698835	-0.009368246887618226	-0.03320775021460658	True
19	8	CPA_0.8.8	zero_effect	zero_effect_diagnostic	O	0.02383950332698835	-0.0028011196633974667	-0.026640622990385818	True
19	8	CPA_0.8.8	zero_effect	zero_effect_diagnostic	D	0.02383950332698835	-0.006084683275507791	-0.02992418660249614	True
19	16	additive	compositional_ridge	primary_state_pair	S	-0.0007912360649253228	-0.0007912360649253228	0.0	False
19	16	additive	compositional_ridge	primary_state_pair	M	-0.0007912360649253228	-0.0007912360649253228	0.0	False
19	16	additive	compositional_ridge	primary_state_pair	P	-0.0007912360649253228	-0.000791236064925302	2.0816681711721685e-17	False
19	16	additive	compositional_ridge	primary_state_pair	O	-0.0007912360649253228	-0.000791236064925302	2.0816681711721685e-17	False
19	16	additive	compositional_ridge	primary_state_pair	D	-0.0007912360649253228	-0.000791236064925302	2.0816681711721685e-17	False
19	16	additive	CPA_0.8.8	primary_state_pair	S	0.07490190563068279	0.07490190563068279	0.0	False
19	16	additive	CPA_0.8.8	primary_state_pair	M	0.07490190563068279	0.07490190563068275	-4.163336342344337e-17	False
19	16	additive	CPA_0.8.8	primary_state_pair	P	0.07490190563068279	0.07611864608623779	0.0012167404555550043	False
19	16	additive	CPA_0.8.8	primary_state_pair	O	0.07490190563068279	0.07368516517512784	-0.0012167404555549488	False
19	16	additive	CPA_0.8.8	primary_state_pair	D	0.07490190563068279	0.07490190563068276	-2.7755575615628914e-17	False
19	16	additive	zero_effect	zero_effect_diagnostic	S	0.09217863539718153	0.09217863539718153	0.0	False
19	16	additive	zero_effect	zero_effect_diagnostic	M	0.09217863539718153	0.09217863539718153	0.0	False
19	16	additive	zero_effect	zero_effect_diagnostic	P	0.09217863539718153	0.07739151112780206	-0.014787124269379476	False
19	16	additive	zero_effect	zero_effect_diagnostic	O	0.09217863539718153	0.07739151112780206	-0.014787124269379476	False
19	16	additive	zero_effect	zero_effect_diagnostic	D	0.09217863539718153	0.07739151112780206	-0.014787124269379476	False
19	16	compositional_ridge	CPA_0.8.8	primary_state_pair	S	0.07569314169560812	0.07569314169560812	0.0	False
19	16	compositional_ridge	CPA_0.8.8	primary_state_pair	M	0.07569314169560812	0.07569314169560806	-5.551115123125783e-17	False
19	16	compositional_ridge	CPA_0.8.8	primary_state_pair	P	0.07569314169560812	0.0769098821511631	0.0012167404555549766	False
19	16	compositional_ridge	CPA_0.8.8	primary_state_pair	O	0.07569314169560812	0.07447640124005314	-0.0012167404555549766	False
19	16	compositional_ridge	CPA_0.8.8	primary_state_pair	D	0.07569314169560812	0.07569314169560806	-5.551115123125783e-17	False
19	16	compositional_ridge	zero_effect	zero_effect_diagnostic	S	0.09296987146210686	0.09296987146210686	0.0	False
19	16	compositional_ridge	zero_effect	zero_effect_diagnostic	M	0.09296987146210686	0.09296987146210686	0.0	False
19	16	compositional_ridge	zero_effect	zero_effect_diagnostic	P	0.09296987146210686	0.07818274719272736	-0.014787124269379504	False
19	16	compositional_ridge	zero_effect	zero_effect_diagnostic	O	0.09296987146210686	0.07818274719272736	-0.014787124269379504	False
19	16	compositional_ridge	zero_effect	zero_effect_diagnostic	D	0.09296987146210686	0.07818274719272736	-0.014787124269379504	False
19	16	CPA_0.8.8	zero_effect	zero_effect_diagnostic	S	0.017276729766498744	0.017276729766498744	0.0	False
19	16	CPA_0.8.8	zero_effect	zero_effect_diagnostic	M	0.017276729766498744	0.017276729766498786	4.163336342344337e-17	False
19	16	CPA_0.8.8	zero_effect	zero_effect_diagnostic	P	0.017276729766498744	0.001272865041564264	-0.01600386472493448	False
19	16	CPA_0.8.8	zero_effect	zero_effect_diagnostic	O	0.017276729766498744	0.003706345952674217	-0.013570383813824527	False
19	16	CPA_0.8.8	zero_effect	zero_effect_diagnostic	D	0.017276729766498744	0.002489605497119296	-0.014787124269379448	False
19	32	additive	compositional_ridge	primary_state_pair	S	-0.0007912360649253228	-0.0007912360649253228	0.0	False
19	32	additive	compositional_ridge	primary_state_pair	M	-0.0007912360649253228	-0.0007912360649253228	0.0	False
19	32	additive	compositional_ridge	primary_state_pair	P	-0.0007912360649253228	-0.0007912360649253158	6.938893903907228e-18	False
19	32	additive	compositional_ridge	primary_state_pair	O	-0.0007912360649253228	-0.0007912360649253158	6.938893903907228e-18	False
19	32	additive	compositional_ridge	primary_state_pair	D	-0.0007912360649253228	-0.0007912360649253158	6.938893903907228e-18	False
19	32	additive	CPA_0.8.8	primary_state_pair	S	0.06989114439911889	0.06989114439911889	0.0	False
19	32	additive	CPA_0.8.8	primary_state_pair	M	0.06989114439911889	0.06989114439911889	0.0	False
19	32	additive	CPA_0.8.8	primary_state_pair	P	0.06989114439911889	0.07048281841716668	0.0005916740180477859	False
19	32	additive	CPA_0.8.8	primary_state_pair	O	0.06989114439911889	0.0692994703810711	-0.0005916740180477997	False
19	32	additive	CPA_0.8.8	primary_state_pair	D	0.06989114439911889	0.06989114439911881	-8.326672684688674e-17	False
19	32	additive	zero_effect	zero_effect_diagnostic	S	0.08367935047634588	0.08367935047634588	0.0	False
19	32	additive	zero_effect	zero_effect_diagnostic	M	0.08367935047634588	0.08367935047634588	0.0	False
19	32	additive	zero_effect	zero_effect_diagnostic	P	0.08367935047634588	0.07611219915540994	-0.007567151320935939	False
19	32	additive	zero_effect	zero_effect_diagnostic	O	0.08367935047634588	0.07611219915540994	-0.007567151320935939	False
19	32	additive	zero_effect	zero_effect_diagnostic	D	0.08367935047634588	0.07611219915540994	-0.007567151320935939	False
19	32	compositional_ridge	CPA_0.8.8	primary_state_pair	S	0.07068238046404421	0.07068238046404421	0.0	False
19	32	compositional_ridge	CPA_0.8.8	primary_state_pair	M	0.07068238046404421	0.07068238046404421	0.0	False
19	32	compositional_ridge	CPA_0.8.8	primary_state_pair	P	0.07068238046404421	0.071274054482092	0.0005916740180477859	False
19	32	compositional_ridge	CPA_0.8.8	primary_state_pair	O	0.07068238046404421	0.07009070644599641	-0.0005916740180477997	False
19	32	compositional_ridge	CPA_0.8.8	primary_state_pair	D	0.07068238046404421	0.07068238046404413	-8.326672684688674e-17	False
19	32	compositional_ridge	zero_effect	zero_effect_diagnostic	S	0.08447058654127121	0.08447058654127121	0.0	False
19	32	compositional_ridge	zero_effect	zero_effect_diagnostic	M	0.08447058654127121	0.08447058654127121	0.0	False
19	32	compositional_ridge	zero_effect	zero_effect_diagnostic	P	0.08447058654127121	0.07690343522033526	-0.0075671513209359526	False
19	32	compositional_ridge	zero_effect	zero_effect_diagnostic	O	0.08447058654127121	0.07690343522033526	-0.0075671513209359526	False
19	32	compositional_ridge	zero_effect	zero_effect_diagnostic	D	0.08447058654127121	0.07690343522033526	-0.0075671513209359526	False
19	32	CPA_0.8.8	zero_effect	zero_effect_diagnostic	S	0.013788206077226986	0.013788206077226986	0.0	False
19	32	CPA_0.8.8	zero_effect	zero_effect_diagnostic	M	0.013788206077226986	0.013788206077226986	0.0	False
19	32	CPA_0.8.8	zero_effect	zero_effect_diagnostic	P	0.013788206077226986	0.0056293807382432615	-0.008158825338983725	False
19	32	CPA_0.8.8	zero_effect	zero_effect_diagnostic	O	0.013788206077226986	0.006812728774338847	-0.006975477302888139	False
19	32	CPA_0.8.8	zero_effect	zero_effect_diagnostic	D	0.013788206077226986	0.006221054756291131	-0.007567151320935855	False
19	64	additive	compositional_ridge	primary_state_pair	S	-0.0007912360649253228	-0.0007912360649253228	0.0	False
19	64	additive	compositional_ridge	primary_state_pair	M	-0.0007912360649253228	-0.0007912360649253228	0.0	False
19	64	additive	compositional_ridge	primary_state_pair	P	-0.0007912360649253228	-0.0007912360649253089	1.3877787807814457e-17	False
19	64	additive	compositional_ridge	primary_state_pair	O	-0.0007912360649253228	-0.0007912360649253089	1.3877787807814457e-17	False
19	64	additive	compositional_ridge	primary_state_pair	D	-0.0007912360649253228	-0.0007912360649253089	1.3877787807814457e-17	False
19	64	additive	CPA_0.8.8	primary_state_pair	S	0.06932163929746722	0.06932163929746722	0.0	False
19	64	additive	CPA_0.8.8	primary_state_pair	M	0.06932163929746722	0.06932163929746722	0.0	False
19	64	additive	CPA_0.8.8	primary_state_pair	P	0.06932163929746722	0.0698073635398629	0.0004857242423956798	False
19	64	additive	CPA_0.8.8	primary_state_pair	O	0.06932163929746722	0.06883591505507154	-0.0004857242423956798	False
19	64	additive	CPA_0.8.8	primary_state_pair	D	0.06932163929746722	0.06932163929746721	-1.3877787807814457e-17	False
19	64	additive	zero_effect	zero_effect_diagnostic	S	0.08131644828412805	0.08131644828412805	0.0	False
19	64	additive	zero_effect	zero_effect_diagnostic	M	0.08131644828412805	0.08131644828412805	0.0	False
19	64	additive	zero_effect	zero_effect_diagnostic	P	0.08131644828412805	0.07739356471534177	-0.003922883568786284	False
19	64	additive	zero_effect	zero_effect_diagnostic	O	0.08131644828412805	0.07739356471534177	-0.003922883568786284	False
19	64	additive	zero_effect	zero_effect_diagnostic	D	0.08131644828412805	0.07739356471534177	-0.003922883568786284	False
19	64	compositional_ridge	CPA_0.8.8	primary_state_pair	S	0.07011287536239255	0.07011287536239255	0.0	False
19	64	compositional_ridge	CPA_0.8.8	primary_state_pair	M	0.07011287536239255	0.07011287536239255	0.0	False
19	64	compositional_ridge	CPA_0.8.8	primary_state_pair	P	0.07011287536239255	0.0705985996047882	0.00048572424239565204	False
19	64	compositional_ridge	CPA_0.8.8	primary_state_pair	O	0.07011287536239255	0.06962715111999684	-0.00048572424239570755	False
19	64	compositional_ridge	CPA_0.8.8	primary_state_pair	D	0.07011287536239255	0.07011287536239251	-4.163336342344337e-17	False
19	64	compositional_ridge	zero_effect	zero_effect_diagnostic	S	0.08210768434905338	0.08210768434905338	0.0	False
19	64	compositional_ridge	zero_effect	zero_effect_diagnostic	M	0.08210768434905338	0.08210768434905338	0.0	False
19	64	compositional_ridge	zero_effect	zero_effect_diagnostic	P	0.08210768434905338	0.07818480078026707	-0.003922883568786312	False
19	64	compositional_ridge	zero_effect	zero_effect_diagnostic	O	0.08210768434905338	0.07818480078026707	-0.003922883568786312	False
19	64	compositional_ridge	zero_effect	zero_effect_diagnostic	D	0.08210768434905338	0.07818480078026707	-0.003922883568786312	False
19	64	CPA_0.8.8	zero_effect	zero_effect_diagnostic	S	0.011994808986660832	0.011994808986660832	0.0	False
19	64	CPA_0.8.8	zero_effect	zero_effect_diagnostic	M	0.011994808986660832	0.011994808986660832	0.0	False
19	64	CPA_0.8.8	zero_effect	zero_effect_diagnostic	P	0.011994808986660832	0.007586201175478868	-0.004408607811181964	False
19	64	CPA_0.8.8	zero_effect	zero_effect_diagnostic	O	0.011994808986660832	0.008557649660270228	-0.003437159326390604	False
19	64	CPA_0.8.8	zero_effect	zero_effect_diagnostic	D	0.011994808986660832	0.008071925417874562	-0.00392288356878627	False
19	128	additive	compositional_ridge	primary_state_pair	S	-0.0007912360649253228	-0.0007912360649253228	0.0	False
19	128	additive	compositional_ridge	primary_state_pair	M	-0.0007912360649253228	-0.0007912360649253228	0.0	False
19	128	additive	compositional_ridge	primary_state_pair	P	-0.0007912360649253228	-0.0007912360649253089	1.3877787807814457e-17	False
19	128	additive	compositional_ridge	primary_state_pair	O	-0.0007912360649253228	-0.0007912360649253089	1.3877787807814457e-17	False
19	128	additive	compositional_ridge	primary_state_pair	D	-0.0007912360649253228	-0.0007912360649253089	1.3877787807814457e-17	False
19	128	additive	CPA_0.8.8	primary_state_pair	S	0.06685148642434566	0.06685148642434566	0.0	False
19	128	additive	CPA_0.8.8	primary_state_pair	M	0.06685148642434566	0.06685148642434566	0.0	False
19	128	additive	CPA_0.8.8	primary_state_pair	P	0.06685148642434566	0.06704276765416858	0.00019128122982292606	False
19	128	additive	CPA_0.8.8	primary_state_pair	O	0.06685148642434566	0.06666020519452273	-0.00019128122982292606	False
19	128	additive	CPA_0.8.8	primary_state_pair	D	0.06685148642434566	0.0668514864243456	-5.551115123125783e-17	False
19	128	additive	zero_effect	zero_effect_diagnostic	S	0.07784102181000815	0.07784102181000815	0.0	False
19	128	additive	zero_effect	zero_effect_diagnostic	M	0.07784102181000815	0.07784102181000815	0.0	False
19	128	additive	zero_effect	zero_effect_diagnostic	P	0.07784102181000815	0.0759284662890618	-0.0019125555209463518	False
19	128	additive	zero_effect	zero_effect_diagnostic	O	0.07784102181000815	0.0759284662890618	-0.0019125555209463518	False
19	128	additive	zero_effect	zero_effect_diagnostic	D	0.07784102181000815	0.0759284662890618	-0.0019125555209463518	False
19	128	compositional_ridge	CPA_0.8.8	primary_state_pair	S	0.06764272248927097	0.06764272248927097	0.0	False
19	128	compositional_ridge	CPA_0.8.8	primary_state_pair	M	0.06764272248927097	0.06764272248927097	0.0	False
19	128	compositional_ridge	CPA_0.8.8	primary_state_pair	P	0.06764272248927097	0.06783400371909389	0.00019128122982291218	False
19	128	compositional_ridge	CPA_0.8.8	primary_state_pair	O	0.06764272248927097	0.06745144125944805	-0.00019128122982292606	False
19	128	compositional_ridge	CPA_0.8.8	primary_state_pair	D	0.06764272248927097	0.06764272248927092	-5.551115123125783e-17	False
19	128	compositional_ridge	zero_effect	zero_effect_diagnostic	S	0.07863225787493347	0.07863225787493347	0.0	False
19	128	compositional_ridge	zero_effect	zero_effect_diagnostic	M	0.07863225787493347	0.07863225787493347	0.0	False
19	128	compositional_ridge	zero_effect	zero_effect_diagnostic	P	0.07863225787493347	0.0767197023539871	-0.0019125555209463657	False
19	128	compositional_ridge	zero_effect	zero_effect_diagnostic	O	0.07863225787493347	0.0767197023539871	-0.0019125555209463657	False
19	128	compositional_ridge	zero_effect	zero_effect_diagnostic	D	0.07863225787493347	0.0767197023539871	-0.0019125555209463657	False
19	128	CPA_0.8.8	zero_effect	zero_effect_diagnostic	S	0.010989535385662497	0.010989535385662497	0.0	False
19	128	CPA_0.8.8	zero_effect	zero_effect_diagnostic	M	0.010989535385662497	0.010989535385662497	0.0	False
19	128	CPA_0.8.8	zero_effect	zero_effect_diagnostic	P	0.010989535385662497	0.008885698634893219	-0.002103836750769278	False
19	128	CPA_0.8.8	zero_effect	zero_effect_diagnostic	O	0.010989535385662497	0.009268261094539057	-0.0017212742911234397	False
19	128	CPA_0.8.8	zero_effect	zero_effect_diagnostic	D	0.010989535385662497	0.009076979864716186	-0.0019125555209463102	False
19	135	additive	compositional_ridge	primary_state_pair	S	-0.0007912360649253228	-0.0007912360649253228	0.0	False
19	135	additive	compositional_ridge	primary_state_pair	M	-0.0007912360649253228	-0.0007912360649253228	0.0	False
19	135	additive	compositional_ridge	primary_state_pair	P	-0.0007912360649253228	-0.0007912360649253193	3.469446951953614e-18	False
19	135	additive	compositional_ridge	primary_state_pair	O	-0.0007912360649253228	-0.0007912360649253193	3.469446951953614e-18	False
19	135	additive	compositional_ridge	primary_state_pair	D	-0.0007912360649253228	-0.0007912360649253193	3.469446951953614e-18	False
19	135	additive	CPA_0.8.8	primary_state_pair	S	0.06634464480935617	0.06634464480935617	0.0	False
19	135	additive	CPA_0.8.8	primary_state_pair	M	0.06634464480935617	0.06634464480935617	0.0	False
19	135	additive	CPA_0.8.8	primary_state_pair	P	0.06634464480935617	0.06649520450460547	0.00015055969524929713	False
19	135	additive	CPA_0.8.8	primary_state_pair	O	0.06634464480935617	0.06619408511410685	-0.0001505596952493249	False
19	135	additive	CPA_0.8.8	primary_state_pair	D	0.06634464480935617	0.06634464480935615	-2.7755575615628914e-17	False
19	135	additive	zero_effect	zero_effect_diagnostic	S	0.07724272448850948	0.07724272448850948	0.0	False
19	135	additive	zero_effect	zero_effect_diagnostic	M	0.07724272448850948	0.07724272448850948	0.0	False
19	135	additive	zero_effect	zero_effect_diagnostic	P	0.07724272448850948	0.07544617229194428	-0.0017965521965652015	False
19	135	additive	zero_effect	zero_effect_diagnostic	O	0.07724272448850948	0.07544617229194428	-0.0017965521965652015	False
19	135	additive	zero_effect	zero_effect_diagnostic	D	0.07724272448850948	0.07544617229194428	-0.0017965521965652015	False
19	135	compositional_ridge	CPA_0.8.8	primary_state_pair	S	0.06713588087428149	0.06713588087428149	0.0	False
19	135	compositional_ridge	CPA_0.8.8	primary_state_pair	M	0.06713588087428149	0.06713588087428149	0.0	False
19	135	compositional_ridge	CPA_0.8.8	primary_state_pair	P	0.06713588087428149	0.06728644056953079	0.00015055969524929713	False
19	135	compositional_ridge	CPA_0.8.8	primary_state_pair	O	0.06713588087428149	0.06698532117903216	-0.0001505596952493249	False
19	135	compositional_ridge	CPA_0.8.8	primary_state_pair	D	0.06713588087428149	0.06713588087428146	-2.7755575615628914e-17	False
19	135	compositional_ridge	zero_effect	zero_effect_diagnostic	S	0.07803396055343481	0.07803396055343481	0.0	False
19	135	compositional_ridge	zero_effect	zero_effect_diagnostic	M	0.07803396055343481	0.07803396055343481	0.0	False
19	135	compositional_ridge	zero_effect	zero_effect_diagnostic	P	0.07803396055343481	0.0762374083568696	-0.0017965521965652154	False
19	135	compositional_ridge	zero_effect	zero_effect_diagnostic	O	0.07803396055343481	0.0762374083568696	-0.0017965521965652154	False
19	135	compositional_ridge	zero_effect	zero_effect_diagnostic	D	0.07803396055343481	0.0762374083568696	-0.0017965521965652154	False
19	135	CPA_0.8.8	zero_effect	zero_effect_diagnostic	S	0.010898079679153308	0.010898079679153308	0.0	False
19	135	CPA_0.8.8	zero_effect	zero_effect_diagnostic	M	0.010898079679153308	0.010898079679153308	0.0	False
19	135	CPA_0.8.8	zero_effect	zero_effect_diagnostic	P	0.010898079679153308	0.00895096778733881	-0.0019471118918144986	False
19	135	CPA_0.8.8	zero_effect	zero_effect_diagnostic	O	0.010898079679153308	0.009252087177837431	-0.0016459925013158766	False
19	135	CPA_0.8.8	zero_effect	zero_effect_diagnostic	D	0.010898079679153308	0.009101527482588134	-0.0017965521965651737	False
20	8	additive	compositional_ridge	primary_state_pair	S	-0.0007912360649253228	-0.0007912360649253228	0.0	False
20	8	additive	compositional_ridge	primary_state_pair	M	-0.0007912360649253228	-0.0007912360649253228	0.0	False
20	8	additive	compositional_ridge	primary_state_pair	P	-0.0007912360649253228	-0.0007912360649253575	-3.469446951953614e-17	False
20	8	additive	compositional_ridge	primary_state_pair	O	-0.0007912360649253228	-0.0007912360649253575	-3.469446951953614e-17	False
20	8	additive	compositional_ridge	primary_state_pair	D	-0.0007912360649253228	-0.0007912360649253575	-3.469446951953614e-17	False
20	8	additive	CPA_0.8.8	primary_state_pair	S	0.07026593434548824	0.07026593434548824	0.0	False
20	8	additive	CPA_0.8.8	primary_state_pair	M	0.07026593434548824	0.07026593434548824	0.0	False
20	8	additive	CPA_0.8.8	primary_state_pair	P	0.07026593434548824	0.07333413510462128	0.0030682007591330412	False
20	8	additive	CPA_0.8.8	primary_state_pair	O	0.07026593434548824	0.06719773358635518	-0.003068200759133055	False
20	8	additive	CPA_0.8.8	primary_state_pair	D	0.07026593434548824	0.07026593434548822	-1.3877787807814457e-17	False
20	8	additive	zero_effect	zero_effect_diagnostic	S	0.09462575136479238	0.09462575136479238	0.0	False
20	8	additive	zero_effect	zero_effect_diagnostic	M	0.09462575136479238	0.09462575136479238	0.0	False
20	8	additive	zero_effect	zero_effect_diagnostic	P	0.09462575136479238	0.06418664883991208	-0.0304391025248803	False
20	8	additive	zero_effect	zero_effect_diagnostic	O	0.09462575136479238	0.06418664883991208	-0.0304391025248803	False
20	8	additive	zero_effect	zero_effect_diagnostic	D	0.09462575136479238	0.06418664883991208	-0.0304391025248803	False
20	8	compositional_ridge	CPA_0.8.8	primary_state_pair	S	0.07105717041041357	0.07105717041041357	0.0	False
20	8	compositional_ridge	CPA_0.8.8	primary_state_pair	M	0.07105717041041357	0.07105717041041357	0.0	False
20	8	compositional_ridge	CPA_0.8.8	primary_state_pair	P	0.07105717041041357	0.07412537116954664	0.003068200759133069	False
20	8	compositional_ridge	CPA_0.8.8	primary_state_pair	O	0.07105717041041357	0.06798896965128054	-0.0030682007591330274	False
20	8	compositional_ridge	CPA_0.8.8	primary_state_pair	D	0.07105717041041357	0.07105717041041358	1.3877787807814457e-17	False
20	8	compositional_ridge	zero_effect	zero_effect_diagnostic	S	0.09541698742971771	0.09541698742971771	0.0	False
20	8	compositional_ridge	zero_effect	zero_effect_diagnostic	M	0.09541698742971771	0.09541698742971771	0.0	False
20	8	compositional_ridge	zero_effect	zero_effect_diagnostic	P	0.09541698742971771	0.06497788490483744	-0.030439102524880274	False
20	8	compositional_ridge	zero_effect	zero_effect_diagnostic	O	0.09541698742971771	0.06497788490483744	-0.030439102524880274	False
20	8	compositional_ridge	zero_effect	zero_effect_diagnostic	D	0.09541698742971771	0.06497788490483744	-0.030439102524880274	False
20	8	CPA_0.8.8	zero_effect	zero_effect_diagnostic	S	0.024359817019304147	0.024359817019304147	0.0	False
20	8	CPA_0.8.8	zero_effect	zero_effect_diagnostic	M	0.024359817019304147	0.024359817019304147	0.0	False
20	8	CPA_0.8.8	zero_effect	zero_effect_diagnostic	P	0.024359817019304147	-0.009147486264709195	-0.03350730328401334	True
20	8	CPA_0.8.8	zero_effect	zero_effect_diagnostic	O	0.024359817019304147	-0.003011084746443099	-0.027370901765747246	True
20	8	CPA_0.8.8	zero_effect	zero_effect_diagnostic	D	0.024359817019304147	-0.00607928550557614	-0.030439102524880288	True
20	16	additive	compositional_ridge	primary_state_pair	S	-0.0007912360649253228	-0.0007912360649253228	0.0	False
20	16	additive	compositional_ridge	primary_state_pair	M	-0.0007912360649253228	-0.0007912360649253228	0.0	False
20	16	additive	compositional_ridge	primary_state_pair	P	-0.0007912360649253228	-0.000791236064925295	2.7755575615628914e-17	False
20	16	additive	compositional_ridge	primary_state_pair	O	-0.0007912360649253228	-0.000791236064925295	2.7755575615628914e-17	False
20	16	additive	compositional_ridge	primary_state_pair	D	-0.0007912360649253228	-0.000791236064925295	2.7755575615628914e-17	False
20	16	additive	CPA_0.8.8	primary_state_pair	S	0.06913780318856266	0.06913780318856266	0.0	False
20	16	additive	CPA_0.8.8	primary_state_pair	M	0.06913780318856266	0.06913780318856266	0.0	False
20	16	additive	CPA_0.8.8	primary_state_pair	P	0.06913780318856266	0.07134800366880067	0.0022102004802380115	False
20	16	additive	CPA_0.8.8	primary_state_pair	O	0.06913780318856266	0.06692760270832471	-0.002210200480237956	False
20	16	additive	CPA_0.8.8	primary_state_pair	D	0.06913780318856266	0.06913780318856264	-2.7755575615628914e-17	False
20	16	additive	zero_effect	zero_effect_diagnostic	S	0.08610771882279611	0.08610771882279611	0.0	False
20	16	additive	zero_effect	zero_effect_diagnostic	M	0.08610771882279611	0.08610771882279611	0.0	False
20	16	additive	zero_effect	zero_effect_diagnostic	P	0.08610771882279611	0.07009880714428043	-0.016008911678515675	False
20	16	additive	zero_effect	zero_effect_diagnostic	O	0.08610771882279611	0.07009880714428043	-0.016008911678515675	False
20	16	additive	zero_effect	zero_effect_diagnostic	D	0.08610771882279611	0.07009880714428043	-0.016008911678515675	False
20	16	compositional_ridge	CPA_0.8.8	primary_state_pair	S	0.06992903925348798	0.06992903925348798	0.0	False
20	16	compositional_ridge	CPA_0.8.8	primary_state_pair	M	0.06992903925348798	0.06992903925348798	0.0	False
20	16	compositional_ridge	CPA_0.8.8	primary_state_pair	P	0.06992903925348798	0.07213923973372596	0.0022102004802379838	False
20	16	compositional_ridge	CPA_0.8.8	primary_state_pair	O	0.06992903925348798	0.06771883877325	-0.0022102004802379838	False
20	16	compositional_ridge	CPA_0.8.8	primary_state_pair	D	0.06992903925348798	0.06992903925348794	-4.163336342344337e-17	False
20	16	compositional_ridge	zero_effect	zero_effect_diagnostic	S	0.08689895488772142	0.08689895488772142	0.0	False
20	16	compositional_ridge	zero_effect	zero_effect_diagnostic	M	0.08689895488772142	0.08689895488772142	0.0	False
20	16	compositional_ridge	zero_effect	zero_effect_diagnostic	P	0.08689895488772142	0.07089004320920574	-0.01600891167851569	False
20	16	compositional_ridge	zero_effect	zero_effect_diagnostic	O	0.08689895488772142	0.07089004320920574	-0.01600891167851569	False
20	16	compositional_ridge	zero_effect	zero_effect_diagnostic	D	0.08689895488772142	0.07089004320920574	-0.01600891167851569	False
20	16	CPA_0.8.8	zero_effect	zero_effect_diagnostic	S	0.016969915634233446	0.016969915634233446	0.0	False
20	16	CPA_0.8.8	zero_effect	zero_effect_diagnostic	M	0.016969915634233446	0.016969915634233446	0.0	False
20	16	CPA_0.8.8	zero_effect	zero_effect_diagnostic	P	0.016969915634233446	-0.001249196524520227	-0.018219112158753673	True
20	16	CPA_0.8.8	zero_effect	zero_effect_diagnostic	O	0.016969915634233446	0.0031712044359557406	-0.013798711198277705	False
20	16	CPA_0.8.8	zero_effect	zero_effect_diagnostic	D	0.016969915634233446	0.0009610039557177985	-0.016008911678515647	False
20	32	additive	compositional_ridge	primary_state_pair	S	-0.0007912360649253228	-0.0007912360649253228	0.0	False
20	32	additive	compositional_ridge	primary_state_pair	M	-0.0007912360649253228	-0.0007912360649253228	0.0	False
20	32	additive	compositional_ridge	primary_state_pair	P	-0.0007912360649253228	-0.0007912360649253089	1.3877787807814457e-17	False
20	32	additive	compositional_ridge	primary_state_pair	O	-0.0007912360649253228	-0.0007912360649253089	1.3877787807814457e-17	False
20	32	additive	compositional_ridge	primary_state_pair	D	-0.0007912360649253228	-0.0007912360649253089	1.3877787807814457e-17	False
20	32	additive	CPA_0.8.8	primary_state_pair	S	0.06717520324496813	0.06717520324496813	0.0	False
20	32	additive	CPA_0.8.8	primary_state_pair	M	0.06717520324496813	0.06717520324496813	0.0	False
20	32	additive	CPA_0.8.8	primary_state_pair	P	0.06717520324496813	0.06772487490119011	0.0005496716562219811	False
20	32	additive	CPA_0.8.8	primary_state_pair	O	0.06717520324496813	0.06662553158874622	-0.0005496716562219117	False
20	32	additive	CPA_0.8.8	primary_state_pair	D	0.06717520324496813	0.06717520324496815	1.3877787807814457e-17	False
20	32	additive	zero_effect	zero_effect_diagnostic	S	0.08051314097682924	0.08051314097682924	0.0	False
20	32	additive	zero_effect	zero_effect_diagnostic	M	0.08051314097682924	0.08051314097682925	1.3877787807814457e-17	False
20	32	additive	zero_effect	zero_effect_diagnostic	P	0.08051314097682924	0.0726183844905084	-0.007894756486320834	False
20	32	additive	zero_effect	zero_effect_diagnostic	O	0.08051314097682924	0.0726183844905084	-0.007894756486320834	False
20	32	additive	zero_effect	zero_effect_diagnostic	D	0.08051314097682924	0.0726183844905084	-0.007894756486320834	False
20	32	compositional_ridge	CPA_0.8.8	primary_state_pair	S	0.06796643930989346	0.06796643930989346	0.0	False
20	32	compositional_ridge	CPA_0.8.8	primary_state_pair	M	0.06796643930989346	0.06796643930989346	0.0	False
20	32	compositional_ridge	CPA_0.8.8	primary_state_pair	P	0.06796643930989346	0.06851611096611543	0.0005496716562219672	False
20	32	compositional_ridge	CPA_0.8.8	primary_state_pair	O	0.06796643930989346	0.06741676765367152	-0.0005496716562219395	False
20	32	compositional_ridge	CPA_0.8.8	primary_state_pair	D	0.06796643930989346	0.06796643930989346	0.0	False
20	32	compositional_ridge	zero_effect	zero_effect_diagnostic	S	0.08130437704175456	0.08130437704175456	0.0	False
20	32	compositional_ridge	zero_effect	zero_effect_diagnostic	M	0.08130437704175456	0.08130437704175458	2.7755575615628914e-17	False
20	32	compositional_ridge	zero_effect	zero_effect_diagnostic	P	0.08130437704175456	0.07340962055543371	-0.007894756486320847	False
20	32	compositional_ridge	zero_effect	zero_effect_diagnostic	O	0.08130437704175456	0.07340962055543371	-0.007894756486320847	False
20	32	compositional_ridge	zero_effect	zero_effect_diagnostic	D	0.08130437704175456	0.07340962055543371	-0.007894756486320847	False
20	32	CPA_0.8.8	zero_effect	zero_effect_diagnostic	S	0.013337937731861108	0.013337937731861108	0.0	False
20	32	CPA_0.8.8	zero_effect	zero_effect_diagnostic	M	0.013337937731861108	0.013337937731861121	1.3877787807814457e-17	False
20	32	CPA_0.8.8	zero_effect	zero_effect_diagnostic	P	0.013337937731861108	0.004893509589318293	-0.008444428142542815	False
20	32	CPA_0.8.8	zero_effect	zero_effect_diagnostic	O	0.013337937731861108	0.005992852901762186	-0.007345084830098922	False
20	32	CPA_0.8.8	zero_effect	zero_effect_diagnostic	D	0.013337937731861108	0.00544318124554026	-0.007894756486320847	False
20	64	additive	compositional_ridge	primary_state_pair	S	-0.0007912360649253228	-0.0007912360649253228	0.0	False
20	64	additive	compositional_ridge	primary_state_pair	M	-0.0007912360649253228	-0.0007912360649253228	0.0	False
20	64	additive	compositional_ridge	primary_state_pair	P	-0.0007912360649253228	-0.0007912360649253193	3.469446951953614e-18	False
20	64	additive	compositional_ridge	primary_state_pair	O	-0.0007912360649253228	-0.0007912360649253193	3.469446951953614e-18	False
20	64	additive	compositional_ridge	primary_state_pair	D	-0.0007912360649253228	-0.0007912360649253193	3.469446951953614e-18	False
20	64	additive	CPA_0.8.8	primary_state_pair	S	0.06547072903478542	0.06547072903478542	0.0	False
20	64	additive	CPA_0.8.8	primary_state_pair	M	0.06547072903478542	0.06547072903478542	0.0	False
20	64	additive	CPA_0.8.8	primary_state_pair	P	0.06547072903478542	0.06574823396082471	0.00027750492603929866	False
20	64	additive	CPA_0.8.8	primary_state_pair	O	0.06547072903478542	0.06519322410874606	-0.00027750492603935417	False
20	64	additive	CPA_0.8.8	primary_state_pair	D	0.06547072903478542	0.06547072903478537	-4.163336342344337e-17	False
20	64	additive	zero_effect	zero_effect_diagnostic	S	0.07717253087027975	0.07717253087027975	0.0	False
20	64	additive	zero_effect	zero_effect_diagnostic	M	0.07717253087027975	0.07717253087027975	0.0	False
20	64	additive	zero_effect	zero_effect_diagnostic	P	0.07717253087027975	0.07328430208469364	-0.0038882287855861175	False
20	64	additive	zero_effect	zero_effect_diagnostic	O	0.07717253087027975	0.07328430208469364	-0.0038882287855861175	False
20	64	additive	zero_effect	zero_effect_diagnostic	D	0.07717253087027975	0.07328430208469364	-0.0038882287855861175	False
20	64	compositional_ridge	CPA_0.8.8	primary_state_pair	S	0.06626196509971075	0.06626196509971075	0.0	False
20	64	compositional_ridge	CPA_0.8.8	primary_state_pair	M	0.06626196509971075	0.06626196509971075	0.0	False
20	64	compositional_ridge	CPA_0.8.8	primary_state_pair	P	0.06626196509971075	0.06653947002575003	0.0002775049260392848	False
20	64	compositional_ridge	CPA_0.8.8	primary_state_pair	O	0.06626196509971075	0.06598446017367139	-0.00027750492603935417	False
20	64	compositional_ridge	CPA_0.8.8	primary_state_pair	D	0.06626196509971075	0.06626196509971069	-5.551115123125783e-17	False
20	64	compositional_ridge	zero_effect	zero_effect_diagnostic	S	0.07796376693520507	0.07796376693520507	0.0	False
20	64	compositional_ridge	zero_effect	zero_effect_diagnostic	M	0.07796376693520507	0.07796376693520507	0.0	False
20	64	compositional_ridge	zero_effect	zero_effect_diagnostic	P	0.07796376693520507	0.07407553814961897	-0.0038882287855861036	False
20	64	compositional_ridge	zero_effect	zero_effect_diagnostic	O	0.07796376693520507	0.07407553814961897	-0.0038882287855861036	False
20	64	compositional_ridge	zero_effect	zero_effect_diagnostic	D	0.07796376693520507	0.07407553814961897	-0.0038882287855861036	False
20	64	CPA_0.8.8	zero_effect	zero_effect_diagnostic	S	0.011701801835494338	0.011701801835494338	0.0	False
20	64	CPA_0.8.8	zero_effect	zero_effect_diagnostic	M	0.011701801835494338	0.011701801835494338	0.0	False
20	64	CPA_0.8.8	zero_effect	zero_effect_diagnostic	P	0.011701801835494338	0.007536068123868936	-0.004165733711625402	False
20	64	CPA_0.8.8	zero_effect	zero_effect_diagnostic	O	0.011701801835494338	0.008091077975947575	-0.0036107238595467633	False
20	64	CPA_0.8.8	zero_effect	zero_effect_diagnostic	D	0.011701801835494338	0.007813573049908276	-0.003888228785586062	False
20	128	additive	compositional_ridge	primary_state_pair	S	-0.0007912360649253228	-0.0007912360649253228	0.0	False
20	128	additive	compositional_ridge	primary_state_pair	M	-0.0007912360649253228	-0.0007912360649253228	0.0	False
20	128	additive	compositional_ridge	primary_state_pair	P	-0.0007912360649253228	-0.0007912360649253158	6.938893903907228e-18	False
20	128	additive	compositional_ridge	primary_state_pair	O	-0.0007912360649253228	-0.0007912360649253158	6.938893903907228e-18	False
20	128	additive	compositional_ridge	primary_state_pair	D	-0.0007912360649253228	-0.0007912360649253158	6.938893903907228e-18	False
20	128	additive	CPA_0.8.8	primary_state_pair	S	0.06621475303881509	0.06621475303881509	0.0	False
20	128	additive	CPA_0.8.8	primary_state_pair	M	0.06621475303881509	0.06621475303881509	0.0	False
20	128	additive	CPA_0.8.8	primary_state_pair	P	0.06621475303881509	0.06631580655622973	0.00010105351741464264	False
20	128	additive	CPA_0.8.8	primary_state_pair	O	0.06621475303881509	0.06611369952140042	-0.00010105351741467039	False
20	128	additive	CPA_0.8.8	primary_state_pair	D	0.06621475303881509	0.06621475303881505	-4.163336342344337e-17	False
20	128	additive	zero_effect	zero_effect_diagnostic	S	0.07720631757658002	0.07720631757658002	0.0	False
20	128	additive	zero_effect	zero_effect_diagnostic	M	0.07720631757658002	0.07720631757658002	0.0	False
20	128	additive	zero_effect	zero_effect_diagnostic	P	0.07720631757658002	0.07528247252262835	-0.00192384505395167	False
20	128	additive	zero_effect	zero_effect_diagnostic	O	0.07720631757658002	0.07528247252262835	-0.00192384505395167	False
20	128	additive	zero_effect	zero_effect_diagnostic	D	0.07720631757658002	0.07528247252262835	-0.00192384505395167	False
20	128	compositional_ridge	CPA_0.8.8	primary_state_pair	S	0.06700598910374042	0.06700598910374042	0.0	False
20	128	compositional_ridge	CPA_0.8.8	primary_state_pair	M	0.06700598910374042	0.06700598910374042	0.0	False
20	128	compositional_ridge	CPA_0.8.8	primary_state_pair	P	0.06700598910374042	0.06710704262115505	0.00010105351741462876	False
20	128	compositional_ridge	CPA_0.8.8	primary_state_pair	O	0.06700598910374042	0.06690493558632574	-0.00010105351741468427	False
20	128	compositional_ridge	CPA_0.8.8	primary_state_pair	D	0.06700598910374042	0.06700598910374037	-5.551115123125783e-17	False
20	128	compositional_ridge	zero_effect	zero_effect_diagnostic	S	0.07799755364150535	0.07799755364150535	0.0	False
20	128	compositional_ridge	zero_effect	zero_effect_diagnostic	M	0.07799755364150535	0.07799755364150535	0.0	False
20	128	compositional_ridge	zero_effect	zero_effect_diagnostic	P	0.07799755364150535	0.07607370858755366	-0.0019238450539516838	False
20	128	compositional_ridge	zero_effect	zero_effect_diagnostic	O	0.07799755364150535	0.07607370858755366	-0.0019238450539516838	False
20	128	compositional_ridge	zero_effect	zero_effect_diagnostic	D	0.07799755364150535	0.07607370858755366	-0.0019238450539516838	False
20	128	CPA_0.8.8	zero_effect	zero_effect_diagnostic	S	0.010991564537764925	0.010991564537764925	0.0	False
20	128	CPA_0.8.8	zero_effect	zero_effect_diagnostic	M	0.010991564537764925	0.010991564537764925	0.0	False
20	128	CPA_0.8.8	zero_effect	zero_effect_diagnostic	P	0.010991564537764925	0.008966665966398599	-0.0020248985713663264	False
20	128	CPA_0.8.8	zero_effect	zero_effect_diagnostic	O	0.010991564537764925	0.009168773001227926	-0.0018227915365369995	False
20	128	CPA_0.8.8	zero_effect	zero_effect_diagnostic	D	0.010991564537764925	0.009067719483813297	-0.0019238450539516283	False
20	135	additive	compositional_ridge	primary_state_pair	S	-0.0007912360649253228	-0.0007912360649253228	0.0	False
20	135	additive	compositional_ridge	primary_state_pair	M	-0.0007912360649253228	-0.0007912360649253228	0.0	False
20	135	additive	compositional_ridge	primary_state_pair	P	-0.0007912360649253228	-0.0007912360649253124	1.0408340855860843e-17	False
20	135	additive	compositional_ridge	primary_state_pair	O	-0.0007912360649253228	-0.0007912360649253124	1.0408340855860843e-17	False
20	135	additive	compositional_ridge	primary_state_pair	D	-0.0007912360649253228	-0.0007912360649253124	1.0408340855860843e-17	False
20	135	additive	CPA_0.8.8	primary_state_pair	S	0.06608151113261254	0.06608151113261254	0.0	False
20	135	additive	CPA_0.8.8	primary_state_pair	M	0.06608151113261254	0.06608151113261253	-1.3877787807814457e-17	False
20	135	additive	CPA_0.8.8	primary_state_pair	P	0.06608151113261254	0.06619395112072111	0.00011243998810857303	False
20	135	additive	CPA_0.8.8	primary_state_pair	O	0.06608151113261254	0.06596907114450393	-0.00011243998810861466	False
20	135	additive	CPA_0.8.8	primary_state_pair	D	0.06608151113261254	0.06608151113261254	0.0	False
20	135	additive	zero_effect	zero_effect_diagnostic	S	0.07701892034063632	0.07701892034063632	0.0	False
20	135	additive	zero_effect	zero_effect_diagnostic	M	0.07701892034063632	0.07701892034063632	0.0	False
20	135	additive	zero_effect	zero_effect_diagnostic	P	0.07701892034063632	0.07518182330322604	-0.001837097037410279	False
20	135	additive	zero_effect	zero_effect_diagnostic	O	0.07701892034063632	0.07518182330322604	-0.001837097037410279	False
20	135	additive	zero_effect	zero_effect_diagnostic	D	0.07701892034063632	0.07518182330322604	-0.001837097037410279	False
20	135	compositional_ridge	CPA_0.8.8	primary_state_pair	S	0.06687274719753786	0.06687274719753786	0.0	False
20	135	compositional_ridge	CPA_0.8.8	primary_state_pair	M	0.06687274719753786	0.06687274719753786	0.0	False
20	135	compositional_ridge	CPA_0.8.8	primary_state_pair	P	0.06687274719753786	0.06698518718564643	0.00011243998810857303	False
20	135	compositional_ridge	CPA_0.8.8	primary_state_pair	O	0.06687274719753786	0.06676030720942924	-0.00011243998810861466	False
20	135	compositional_ridge	CPA_0.8.8	primary_state_pair	D	0.06687274719753786	0.06687274719753786	0.0	False
20	135	compositional_ridge	zero_effect	zero_effect_diagnostic	S	0.07781015640556163	0.07781015640556163	0.0	False
20	135	compositional_ridge	zero_effect	zero_effect_diagnostic	M	0.07781015640556163	0.07781015640556163	0.0	False
20	135	compositional_ridge	zero_effect	zero_effect_diagnostic	P	0.07781015640556163	0.07597305936815135	-0.001837097037410279	False
20	135	compositional_ridge	zero_effect	zero_effect_diagnostic	O	0.07781015640556163	0.07597305936815135	-0.001837097037410279	False
20	135	compositional_ridge	zero_effect	zero_effect_diagnostic	D	0.07781015640556163	0.07597305936815135	-0.001837097037410279	False
20	135	CPA_0.8.8	zero_effect	zero_effect_diagnostic	S	0.010937409208023774	0.010937409208023774	0.0	False
20	135	CPA_0.8.8	zero_effect	zero_effect_diagnostic	M	0.010937409208023774	0.010937409208023788	1.3877787807814457e-17	False
20	135	CPA_0.8.8	zero_effect	zero_effect_diagnostic	P	0.010937409208023774	0.008987872182504922	-0.001949537025518852	False
20	135	CPA_0.8.8	zero_effect	zero_effect_diagnostic	O	0.010937409208023774	0.00921275215872211	-0.0017246570493016644	False
20	135	CPA_0.8.8	zero_effect	zero_effect_diagnostic	D	0.010937409208023774	0.009100312170613495	-0.001837097037410279	False
21	8	additive	compositional_ridge	primary_state_pair	S	-0.0007912360649253228	-0.0007912360649253228	0.0	False
21	8	additive	compositional_ridge	primary_state_pair	M	-0.0007912360649253228	-0.0007912360649253228	0.0	False
21	8	additive	compositional_ridge	primary_state_pair	P	-0.0007912360649253228	-0.0007912360649252742	4.85722573273506e-17	False
21	8	additive	compositional_ridge	primary_state_pair	O	-0.0007912360649253228	-0.0007912360649252742	4.85722573273506e-17	False
21	8	additive	compositional_ridge	primary_state_pair	D	-0.0007912360649253228	-0.0007912360649252742	4.85722573273506e-17	False
21	8	additive	CPA_0.8.8	primary_state_pair	S	0.07118340647921984	0.07118340647921984	0.0	False
21	8	additive	CPA_0.8.8	primary_state_pair	M	0.07118340647921984	0.07118340647921984	0.0	False
21	8	additive	CPA_0.8.8	primary_state_pair	P	0.07118340647921984	0.07353184802387808	0.002348441544658242	False
21	8	additive	CPA_0.8.8	primary_state_pair	O	0.07118340647921984	0.06883496493456157	-0.0023484415446582696	False
21	8	additive	CPA_0.8.8	primary_state_pair	D	0.07118340647921984	0.07118340647921984	0.0	False
21	8	additive	zero_effect	zero_effect_diagnostic	S	0.09541504966910501	0.09541504966910501	0.0	False
21	8	additive	zero_effect	zero_effect_diagnostic	M	0.09541504966910501	0.09541504966910501	0.0	False
21	8	additive	zero_effect	zero_effect_diagnostic	P	0.09541504966910501	0.06552881865146708	-0.029886231017637932	False
21	8	additive	zero_effect	zero_effect_diagnostic	O	0.09541504966910501	0.06552881865146708	-0.029886231017637932	False
21	8	additive	zero_effect	zero_effect_diagnostic	D	0.09541504966910501	0.06552881865146708	-0.029886231017637932	False
21	8	compositional_ridge	CPA_0.8.8	primary_state_pair	S	0.07197464254414515	0.07197464254414515	0.0	False
21	8	compositional_ridge	CPA_0.8.8	primary_state_pair	M	0.07197464254414515	0.07197464254414515	0.0	False
21	8	compositional_ridge	CPA_0.8.8	primary_state_pair	P	0.07197464254414515	0.07432308408880335	0.0023484415446582	False
21	8	compositional_ridge	CPA_0.8.8	primary_state_pair	O	0.07197464254414515	0.06962620099948684	-0.0023484415446583112	False
21	8	compositional_ridge	CPA_0.8.8	primary_state_pair	D	0.07197464254414515	0.07197464254414511	-4.163336342344337e-17	False
21	8	compositional_ridge	zero_effect	zero_effect_diagnostic	S	0.09620628573403034	0.09620628573403034	0.0	False
21	8	compositional_ridge	zero_effect	zero_effect_diagnostic	M	0.09620628573403034	0.09620628573403034	0.0	False
21	8	compositional_ridge	zero_effect	zero_effect_diagnostic	P	0.09620628573403034	0.06632005471639235	-0.029886231017637988	False
21	8	compositional_ridge	zero_effect	zero_effect_diagnostic	O	0.09620628573403034	0.06632005471639235	-0.029886231017637988	False
21	8	compositional_ridge	zero_effect	zero_effect_diagnostic	D	0.09620628573403034	0.06632005471639235	-0.029886231017637988	False
21	8	CPA_0.8.8	zero_effect	zero_effect_diagnostic	S	0.024231643189885174	0.024231643189885174	0.0	False
21	8	CPA_0.8.8	zero_effect	zero_effect_diagnostic	M	0.024231643189885174	0.024231643189885174	0.0	False
21	8	CPA_0.8.8	zero_effect	zero_effect_diagnostic	P	0.024231643189885174	-0.008003029372411	-0.032234672562296174	True
21	8	CPA_0.8.8	zero_effect	zero_effect_diagnostic	O	0.024231643189885174	-0.003306146283094488	-0.027537789472979662	True
21	8	CPA_0.8.8	zero_effect	zero_effect_diagnostic	D	0.024231643189885174	-0.005654587827752758	-0.029886231017637932	True
21	16	additive	compositional_ridge	primary_state_pair	S	-0.0007912360649253228	-0.0007912360649253228	0.0	False
21	16	additive	compositional_ridge	primary_state_pair	M	-0.0007912360649253228	-0.0007912360649253228	0.0	False
21	16	additive	compositional_ridge	primary_state_pair	P	-0.0007912360649253228	-0.0007912360649253228	0.0	False
21	16	additive	compositional_ridge	primary_state_pair	O	-0.0007912360649253228	-0.0007912360649253228	0.0	False
21	16	additive	compositional_ridge	primary_state_pair	D	-0.0007912360649253228	-0.0007912360649253228	0.0	False
21	16	additive	CPA_0.8.8	primary_state_pair	S	0.06600109839850778	0.06600109839850778	0.0	False
21	16	additive	CPA_0.8.8	primary_state_pair	M	0.06600109839850778	0.06600109839850778	0.0	False
21	16	additive	CPA_0.8.8	primary_state_pair	P	0.06600109839850778	0.0668855612755334	0.0008844628770256213	False
21	16	additive	CPA_0.8.8	primary_state_pair	O	0.06600109839850778	0.06511663552148216	-0.0008844628770256213	False
21	16	additive	CPA_0.8.8	primary_state_pair	D	0.06600109839850778	0.06600109839850775	-2.7755575615628914e-17	False
21	16	additive	zero_effect	zero_effect_diagnostic	S	0.08319395728934978	0.08319395728934978	0.0	False
21	16	additive	zero_effect	zero_effect_diagnostic	M	0.08319395728934978	0.08319395728934978	0.0	False
21	16	additive	zero_effect	zero_effect_diagnostic	P	0.08319395728934978	0.06889564566578885	-0.014298311623560933	False
21	16	additive	zero_effect	zero_effect_diagnostic	O	0.08319395728934978	0.06889564566578885	-0.014298311623560933	False
21	16	additive	zero_effect	zero_effect_diagnostic	D	0.08319395728934978	0.06889564566578885	-0.014298311623560933	False
21	16	compositional_ridge	CPA_0.8.8	primary_state_pair	S	0.0667923344634331	0.0667923344634331	0.0	False
21	16	compositional_ridge	CPA_0.8.8	primary_state_pair	M	0.0667923344634331	0.0667923344634331	0.0	False
21	16	compositional_ridge	CPA_0.8.8	primary_state_pair	P	0.0667923344634331	0.06767679734045873	0.0008844628770256213	False
21	16	compositional_ridge	CPA_0.8.8	primary_state_pair	O	0.0667923344634331	0.06590787158640748	-0.0008844628770256213	False
21	16	compositional_ridge	CPA_0.8.8	primary_state_pair	D	0.0667923344634331	0.06679233446343308	-2.7755575615628914e-17	False
21	16	compositional_ridge	zero_effect	zero_effect_diagnostic	S	0.0839851933542751	0.0839851933542751	0.0	False
21	16	compositional_ridge	zero_effect	zero_effect_diagnostic	M	0.0839851933542751	0.0839851933542751	0.0	False
21	16	compositional_ridge	zero_effect	zero_effect_diagnostic	P	0.0839851933542751	0.06968688173071416	-0.014298311623560933	False
21	16	compositional_ridge	zero_effect	zero_effect_diagnostic	O	0.0839851933542751	0.06968688173071416	-0.014298311623560933	False
21	16	compositional_ridge	zero_effect	zero_effect_diagnostic	D	0.0839851933542751	0.06968688173071416	-0.014298311623560933	False
21	16	CPA_0.8.8	zero_effect	zero_effect_diagnostic	S	0.017192858890842003	0.017192858890842003	0.0	False
21	16	CPA_0.8.8	zero_effect	zero_effect_diagnostic	M	0.017192858890842003	0.017192858890842003	0.0	False
21	16	CPA_0.8.8	zero_effect	zero_effect_diagnostic	P	0.017192858890842003	0.0020100843902554483	-0.015182774500586554	False
21	16	CPA_0.8.8	zero_effect	zero_effect_diagnostic	O	0.017192858890842003	0.003779010144306691	-0.013413848746535312	False
21	16	CPA_0.8.8	zero_effect	zero_effect_diagnostic	D	0.017192858890842003	0.0028945472672810973	-0.014298311623560905	False
21	32	additive	compositional_ridge	primary_state_pair	S	-0.0007912360649253228	-0.0007912360649253228	0.0	False
21	32	additive	compositional_ridge	primary_state_pair	M	-0.0007912360649253228	-0.0007912360649253228	0.0	False
21	32	additive	compositional_ridge	primary_state_pair	P	-0.0007912360649253228	-0.0007912360649253297	-6.938893903907228e-18	False
21	32	additive	compositional_ridge	primary_state_pair	O	-0.0007912360649253228	-0.0007912360649253297	-6.938893903907228e-18	False
21	32	additive	compositional_ridge	primary_state_pair	D	-0.0007912360649253228	-0.0007912360649253297	-6.938893903907228e-18	False
21	32	additive	CPA_0.8.8	primary_state_pair	S	0.06489533955075504	0.06489533955075504	0.0	False
21	32	additive	CPA_0.8.8	primary_state_pair	M	0.06489533955075504	0.06489533955075504	0.0	False
21	32	additive	CPA_0.8.8	primary_state_pair	P	0.06489533955075504	0.06551086203110251	0.0006155224803474774	False
21	32	additive	CPA_0.8.8	primary_state_pair	O	0.06489533955075504	0.06427981707040754	-0.0006155224803474912	False
21	32	additive	CPA_0.8.8	primary_state_pair	D	0.06489533955075504	0.06489533955075508	4.163336342344337e-17	False
21	32	additive	zero_effect	zero_effect_diagnostic	S	0.07802614709430723	0.07802614709430723	0.0	False
21	32	additive	zero_effect	zero_effect_diagnostic	M	0.07802614709430723	0.07802614709430723	0.0	False
21	32	additive	zero_effect	zero_effect_diagnostic	P	0.07802614709430723	0.07076072207550697	-0.007265425018800259	False
21	32	additive	zero_effect	zero_effect_diagnostic	O	0.07802614709430723	0.07076072207550697	-0.007265425018800259	False
21	32	additive	zero_effect	zero_effect_diagnostic	D	0.07802614709430723	0.07076072207550697	-0.007265425018800259	False
21	32	compositional_ridge	CPA_0.8.8	primary_state_pair	S	0.06568657561568036	0.06568657561568036	0.0	False
21	32	compositional_ridge	CPA_0.8.8	primary_state_pair	M	0.06568657561568036	0.06568657561568036	0.0	False
21	32	compositional_ridge	CPA_0.8.8	primary_state_pair	P	0.06568657561568036	0.06630209809602784	0.0006155224803474774	False
21	32	compositional_ridge	CPA_0.8.8	primary_state_pair	O	0.06568657561568036	0.06507105313533287	-0.0006155224803474912	False
21	32	compositional_ridge	CPA_0.8.8	primary_state_pair	D	0.06568657561568036	0.0656865756156804	4.163336342344337e-17	False
21	32	compositional_ridge	zero_effect	zero_effect_diagnostic	S	0.07881738315923256	0.07881738315923256	0.0	False
21	32	compositional_ridge	zero_effect	zero_effect_diagnostic	M	0.07881738315923256	0.07881738315923256	0.0	False
21	32	compositional_ridge	zero_effect	zero_effect_diagnostic	P	0.07881738315923256	0.0715519581404323	-0.007265425018800259	False
21	32	compositional_ridge	zero_effect	zero_effect_diagnostic	O	0.07881738315923256	0.0715519581404323	-0.007265425018800259	False
21	32	compositional_ridge	zero_effect	zero_effect_diagnostic	D	0.07881738315923256	0.0715519581404323	-0.007265425018800259	False
21	32	CPA_0.8.8	zero_effect	zero_effect_diagnostic	S	0.013130807543552198	0.013130807543552198	0.0	False
21	32	CPA_0.8.8	zero_effect	zero_effect_diagnostic	M	0.013130807543552198	0.013130807543552198	0.0	False
21	32	CPA_0.8.8	zero_effect	zero_effect_diagnostic	P	0.013130807543552198	0.005249860044404461	-0.007880947499147736	False
21	32	CPA_0.8.8	zero_effect	zero_effect_diagnostic	O	0.013130807543552198	0.00648090500509943	-0.006649902538452768	False
21	32	CPA_0.8.8	zero_effect	zero_effect_diagnostic	D	0.013130807543552198	0.005865382524751897	-0.0072654250188003006	False
21	64	additive	compositional_ridge	primary_state_pair	S	-0.0007912360649253228	-0.0007912360649253228	0.0	False
21	64	additive	compositional_ridge	primary_state_pair	M	-0.0007912360649253228	-0.0007912360649253228	0.0	False
21	64	additive	compositional_ridge	primary_state_pair	P	-0.0007912360649253228	-0.0007912360649253158	6.938893903907228e-18	False
21	64	additive	compositional_ridge	primary_state_pair	O	-0.0007912360649253228	-0.0007912360649253158	6.938893903907228e-18	False
21	64	additive	compositional_ridge	primary_state_pair	D	-0.0007912360649253228	-0.0007912360649253158	6.938893903907228e-18	False
21	64	additive	CPA_0.8.8	primary_state_pair	S	0.06486753616053964	0.06486753616053964	0.0	False
21	64	additive	CPA_0.8.8	primary_state_pair	M	0.06486753616053964	0.06486753616053964	0.0	False
21	64	additive	CPA_0.8.8	primary_state_pair	P	0.06486753616053964	0.06507272487043092	0.00020518870989127969	False
21	64	additive	CPA_0.8.8	primary_state_pair	O	0.06486753616053964	0.0646623474506484	-0.00020518870989123805	False
21	64	additive	CPA_0.8.8	primary_state_pair	D	0.06486753616053964	0.06486753616053965	1.3877787807814457e-17	False
21	64	additive	zero_effect	zero_effect_diagnostic	S	0.07658194558729176	0.07658194558729176	0.0	False
21	64	additive	zero_effect	zero_effect_diagnostic	M	0.07658194558729176	0.07658194558729176	0.0	False
21	64	additive	zero_effect	zero_effect_diagnostic	P	0.07658194558729176	0.0730139457546014	-0.0035679998326903495	False
21	64	additive	zero_effect	zero_effect_diagnostic	O	0.07658194558729176	0.0730139457546014	-0.0035679998326903495	False
21	64	additive	zero_effect	zero_effect_diagnostic	D	0.07658194558729176	0.0730139457546014	-0.0035679998326903495	False
21	64	compositional_ridge	CPA_0.8.8	primary_state_pair	S	0.06565877222546496	0.06565877222546496	0.0	False
21	64	compositional_ridge	CPA_0.8.8	primary_state_pair	M	0.06565877222546496	0.06565877222546496	0.0	False
21	64	compositional_ridge	CPA_0.8.8	primary_state_pair	P	0.06565877222546496	0.06586396093535624	0.00020518870989127969	False
21	64	compositional_ridge	CPA_0.8.8	primary_state_pair	O	0.06565877222546496	0.06545358351557372	-0.00020518870989123805	False
21	64	compositional_ridge	CPA_0.8.8	primary_state_pair	D	0.06565877222546496	0.06565877222546497	1.3877787807814457e-17	False
21	64	compositional_ridge	zero_effect	zero_effect_diagnostic	S	0.07737318165221707	0.07737318165221707	0.0	False
21	64	compositional_ridge	zero_effect	zero_effect_diagnostic	M	0.07737318165221707	0.07737318165221707	0.0	False
21	64	compositional_ridge	zero_effect	zero_effect_diagnostic	P	0.07737318165221707	0.07380518181952672	-0.0035679998326903495	False
21	64	compositional_ridge	zero_effect	zero_effect_diagnostic	O	0.07737318165221707	0.07380518181952672	-0.0035679998326903495	False
21	64	compositional_ridge	zero_effect	zero_effect_diagnostic	D	0.07737318165221707	0.07380518181952672	-0.0035679998326903495	False
21	64	CPA_0.8.8	zero_effect	zero_effect_diagnostic	S	0.011714409426752115	0.011714409426752115	0.0	False
21	64	CPA_0.8.8	zero_effect	zero_effect_diagnostic	M	0.011714409426752115	0.011714409426752115	0.0	False
21	64	CPA_0.8.8	zero_effect	zero_effect_diagnostic	P	0.011714409426752115	0.007941220884170486	-0.003773188542581629	False
21	64	CPA_0.8.8	zero_effect	zero_effect_diagnostic	O	0.011714409426752115	0.008351598303953003	-0.0033628111227991114	False
21	64	CPA_0.8.8	zero_effect	zero_effect_diagnostic	D	0.011714409426752115	0.008146409594061751	-0.0035679998326903634	False
21	128	additive	compositional_ridge	primary_state_pair	S	-0.0007912360649253228	-0.0007912360649253228	0.0	False
21	128	additive	compositional_ridge	primary_state_pair	M	-0.0007912360649253228	-0.0007912360649253228	0.0	False
21	128	additive	compositional_ridge	primary_state_pair	P	-0.0007912360649253228	-0.0007912360649253228	0.0	False
21	128	additive	compositional_ridge	primary_state_pair	O	-0.0007912360649253228	-0.0007912360649253228	0.0	False
21	128	additive	compositional_ridge	primary_state_pair	D	-0.0007912360649253228	-0.0007912360649253228	0.0	False
21	128	additive	CPA_0.8.8	primary_state_pair	S	0.06633058804731555	0.06633058804731555	0.0	False
21	128	additive	CPA_0.8.8	primary_state_pair	M	0.06633058804731555	0.06633058804731555	0.0	False
21	128	additive	CPA_0.8.8	primary_state_pair	P	0.06633058804731555	0.0664595036277778	0.00012891558046225493	False
21	128	additive	CPA_0.8.8	primary_state_pair	O	0.06633058804731555	0.0662016724668533	-0.00012891558046225493	False
21	128	additive	CPA_0.8.8	primary_state_pair	D	0.06633058804731555	0.06633058804731556	1.3877787807814457e-17	False
21	128	additive	zero_effect	zero_effect_diagnostic	S	0.0773469117403069	0.0773469117403069	0.0	False
21	128	additive	zero_effect	zero_effect_diagnostic	M	0.0773469117403069	0.0773469117403069	0.0	False
21	128	additive	zero_effect	zero_effect_diagnostic	P	0.0773469117403069	0.0754270509810894	-0.0019198607592175038	False
21	128	additive	zero_effect	zero_effect_diagnostic	O	0.0773469117403069	0.0754270509810894	-0.0019198607592175038	False
21	128	additive	zero_effect	zero_effect_diagnostic	D	0.0773469117403069	0.0754270509810894	-0.0019198607592175038	False
21	128	compositional_ridge	CPA_0.8.8	primary_state_pair	S	0.06712182411224088	0.06712182411224088	0.0	False
21	128	compositional_ridge	CPA_0.8.8	primary_state_pair	M	0.06712182411224088	0.06712182411224088	0.0	False
21	128	compositional_ridge	CPA_0.8.8	primary_state_pair	P	0.06712182411224088	0.06725073969270312	0.00012891558046224105	False
21	128	compositional_ridge	CPA_0.8.8	primary_state_pair	O	0.06712182411224088	0.06699290853177862	-0.00012891558046225493	False
21	128	compositional_ridge	CPA_0.8.8	primary_state_pair	D	0.06712182411224088	0.06712182411224088	0.0	False
21	128	compositional_ridge	zero_effect	zero_effect_diagnostic	S	0.07813814780523223	0.07813814780523223	0.0	False
21	128	compositional_ridge	zero_effect	zero_effect_diagnostic	M	0.07813814780523223	0.07813814780523223	0.0	False
21	128	compositional_ridge	zero_effect	zero_effect_diagnostic	P	0.07813814780523223	0.07621828704601473	-0.0019198607592175038	False
21	128	compositional_ridge	zero_effect	zero_effect_diagnostic	O	0.07813814780523223	0.07621828704601473	-0.0019198607592175038	False
21	128	compositional_ridge	zero_effect	zero_effect_diagnostic	D	0.07813814780523223	0.07621828704601473	-0.0019198607592175038	False
21	128	CPA_0.8.8	zero_effect	zero_effect_diagnostic	S	0.011016323692991353	0.011016323692991353	0.0	False
21	128	CPA_0.8.8	zero_effect	zero_effect_diagnostic	M	0.011016323692991353	0.011016323692991353	0.0	False
21	128	CPA_0.8.8	zero_effect	zero_effect_diagnostic	P	0.011016323692991353	0.008967547353311608	-0.002048776339679745	False
21	128	CPA_0.8.8	zero_effect	zero_effect_diagnostic	O	0.011016323692991353	0.009225378514236104	-0.0017909451787552488	False
21	128	CPA_0.8.8	zero_effect	zero_effect_diagnostic	D	0.011016323692991353	0.00909646293377385	-0.0019198607592175038	False
21	135	additive	compositional_ridge	primary_state_pair	S	-0.0007912360649253228	-0.0007912360649253228	0.0	False
21	135	additive	compositional_ridge	primary_state_pair	M	-0.0007912360649253228	-0.0007912360649253228	0.0	False
21	135	additive	compositional_ridge	primary_state_pair	P	-0.0007912360649253228	-0.0007912360649253228	0.0	False
21	135	additive	compositional_ridge	primary_state_pair	O	-0.0007912360649253228	-0.0007912360649253228	0.0	False
21	135	additive	compositional_ridge	primary_state_pair	D	-0.0007912360649253228	-0.0007912360649253228	0.0	False
21	135	additive	CPA_0.8.8	primary_state_pair	S	0.06618564484568162	0.06618564484568162	0.0	False
21	135	additive	CPA_0.8.8	primary_state_pair	M	0.06618564484568162	0.06618564484568164	1.3877787807814457e-17	False
21	135	additive	CPA_0.8.8	primary_state_pair	P	0.06618564484568162	0.06629831110354756	0.00011266625786593432	False
21	135	additive	CPA_0.8.8	primary_state_pair	O	0.06618564484568162	0.06607297858781565	-0.00011266625786597595	False
21	135	additive	CPA_0.8.8	primary_state_pair	D	0.06618564484568162	0.06618564484568161	-1.3877787807814457e-17	False
21	135	additive	zero_effect	zero_effect_diagnostic	S	0.077181086546603	0.077181086546603	0.0	False
21	135	additive	zero_effect	zero_effect_diagnostic	M	0.077181086546603	0.077181086546603	0.0	False
21	135	additive	zero_effect	zero_effect_diagnostic	P	0.077181086546603	0.07537083794164072	-0.0018102486049622751	False
21	135	additive	zero_effect	zero_effect_diagnostic	O	0.077181086546603	0.07537083794164072	-0.0018102486049622751	False
21	135	additive	zero_effect	zero_effect_diagnostic	D	0.077181086546603	0.07537083794164072	-0.0018102486049622751	False
21	135	compositional_ridge	CPA_0.8.8	primary_state_pair	S	0.06697688091060694	0.06697688091060694	0.0	False
21	135	compositional_ridge	CPA_0.8.8	primary_state_pair	M	0.06697688091060694	0.06697688091060697	2.7755575615628914e-17	False
21	135	compositional_ridge	CPA_0.8.8	primary_state_pair	P	0.06697688091060694	0.06708954716847287	0.00011266625786593432	False
21	135	compositional_ridge	CPA_0.8.8	primary_state_pair	O	0.06697688091060694	0.06686421465274096	-0.00011266625786597595	False
21	135	compositional_ridge	CPA_0.8.8	primary_state_pair	D	0.06697688091060694	0.06697688091060693	-1.3877787807814457e-17	False
21	135	compositional_ridge	zero_effect	zero_effect_diagnostic	S	0.07797232261152831	0.07797232261152831	0.0	False
21	135	compositional_ridge	zero_effect	zero_effect_diagnostic	M	0.07797232261152831	0.07797232261152831	0.0	False
21	135	compositional_ridge	zero_effect	zero_effect_diagnostic	P	0.07797232261152831	0.07616207400656604	-0.0018102486049622751	False
21	135	compositional_ridge	zero_effect	zero_effect_diagnostic	O	0.07797232261152831	0.07616207400656604	-0.0018102486049622751	False
21	135	compositional_ridge	zero_effect	zero_effect_diagnostic	D	0.07797232261152831	0.07616207400656604	-0.0018102486049622751	False
21	135	CPA_0.8.8	zero_effect	zero_effect_diagnostic	S	0.010995441700921371	0.010995441700921371	0.0	False
21	135	CPA_0.8.8	zero_effect	zero_effect_diagnostic	M	0.010995441700921371	0.010995441700921357	-1.3877787807814457e-17	False
21	135	CPA_0.8.8	zero_effect	zero_effect_diagnostic	P	0.010995441700921371	0.009072526838093162	-0.0019229148628282094	False
21	135	CPA_0.8.8	zero_effect	zero_effect_diagnostic	O	0.010995441700921371	0.009297859353825072	-0.0016975823470962992	False
21	135	CPA_0.8.8	zero_effect	zero_effect_diagnostic	D	0.010995441700921371	0.00918519309595911	-0.0018102486049622613	False
22	8	additive	compositional_ridge	primary_state_pair	S	-0.0007912360649253228	-0.0007912360649253228	0.0	False
22	8	additive	compositional_ridge	primary_state_pair	M	-0.0007912360649253228	-0.0007912360649253228	0.0	False
22	8	additive	compositional_ridge	primary_state_pair	P	-0.0007912360649253228	-0.000791236064925295	2.7755575615628914e-17	False
22	8	additive	compositional_ridge	primary_state_pair	O	-0.0007912360649253228	-0.000791236064925295	2.7755575615628914e-17	False
22	8	additive	compositional_ridge	primary_state_pair	D	-0.0007912360649253228	-0.000791236064925295	2.7755575615628914e-17	False
22	8	additive	CPA_0.8.8	primary_state_pair	S	0.06954866442081667	0.06954866442081667	0.0	False
22	8	additive	CPA_0.8.8	primary_state_pair	M	0.06954866442081667	0.0695486644208167	2.7755575615628914e-17	False
22	8	additive	CPA_0.8.8	primary_state_pair	P	0.06954866442081667	0.07294534875146322	0.003396684330646549	False
22	8	additive	CPA_0.8.8	primary_state_pair	O	0.06954866442081667	0.0661519800901702	-0.0033966843306464656	False
22	8	additive	CPA_0.8.8	primary_state_pair	D	0.06954866442081667	0.0695486644208167	2.7755575615628914e-17	False
22	8	additive	zero_effect	zero_effect_diagnostic	S	0.09339869589683691	0.09339869589683691	0.0	False
22	8	additive	zero_effect	zero_effect_diagnostic	M	0.09339869589683691	0.0933986958968369	-1.3877787807814457e-17	False
22	8	additive	zero_effect	zero_effect_diagnostic	P	0.09339869589683691	0.0632659440873603	-0.03013275180947661	False
22	8	additive	zero_effect	zero_effect_diagnostic	O	0.09339869589683691	0.0632659440873603	-0.03013275180947661	False
22	8	additive	zero_effect	zero_effect_diagnostic	D	0.09339869589683691	0.0632659440873603	-0.03013275180947661	False
22	8	compositional_ridge	CPA_0.8.8	primary_state_pair	S	0.07033990048574199	0.07033990048574199	0.0	False
22	8	compositional_ridge	CPA_0.8.8	primary_state_pair	M	0.07033990048574199	0.07033990048574201	2.7755575615628914e-17	False
22	8	compositional_ridge	CPA_0.8.8	primary_state_pair	P	0.07033990048574199	0.07373658481638852	0.003396684330646535	False
22	8	compositional_ridge	CPA_0.8.8	primary_state_pair	O	0.07033990048574199	0.06694321615509549	-0.0033966843306464933	False
22	8	compositional_ridge	CPA_0.8.8	primary_state_pair	D	0.07033990048574199	0.070339900485742	1.3877787807814457e-17	False
22	8	compositional_ridge	zero_effect	zero_effect_diagnostic	S	0.09418993196176223	0.09418993196176223	0.0	False
22	8	compositional_ridge	zero_effect	zero_effect_diagnostic	M	0.09418993196176223	0.09418993196176223	0.0	False
22	8	compositional_ridge	zero_effect	zero_effect_diagnostic	P	0.09418993196176223	0.06405718015228559	-0.030132751809476638	False
22	8	compositional_ridge	zero_effect	zero_effect_diagnostic	O	0.09418993196176223	0.06405718015228559	-0.030132751809476638	False
22	8	compositional_ridge	zero_effect	zero_effect_diagnostic	D	0.09418993196176223	0.06405718015228559	-0.030132751809476638	False
22	8	CPA_0.8.8	zero_effect	zero_effect_diagnostic	S	0.023850031476020245	0.023850031476020245	0.0	False
22	8	CPA_0.8.8	zero_effect	zero_effect_diagnostic	M	0.023850031476020245	0.023850031476020203	-4.163336342344337e-17	False
22	8	CPA_0.8.8	zero_effect	zero_effect_diagnostic	P	0.023850031476020245	-0.009679404664102928	-0.03352943614012317	True
22	8	CPA_0.8.8	zero_effect	zero_effect_diagnostic	O	0.023850031476020245	-0.0028860360028098997	-0.026736067478830144	True
22	8	CPA_0.8.8	zero_effect	zero_effect_diagnostic	D	0.023850031476020245	-0.006282720333456407	-0.03013275180947665	True
22	16	additive	compositional_ridge	primary_state_pair	S	-0.0007912360649253228	-0.0007912360649253228	0.0	False
22	16	additive	compositional_ridge	primary_state_pair	M	-0.0007912360649253228	-0.0007912360649253228	0.0	False
22	16	additive	compositional_ridge	primary_state_pair	P	-0.0007912360649253228	-0.0007912360649253089	1.3877787807814457e-17	False
22	16	additive	compositional_ridge	primary_state_pair	O	-0.0007912360649253228	-0.0007912360649253089	1.3877787807814457e-17	False
22	16	additive	compositional_ridge	primary_state_pair	D	-0.0007912360649253228	-0.0007912360649253089	1.3877787807814457e-17	False
22	16	additive	CPA_0.8.8	primary_state_pair	S	0.06750347559820986	0.06750347559820986	0.0	False
22	16	additive	CPA_0.8.8	primary_state_pair	M	0.06750347559820986	0.06750347559820988	1.3877787807814457e-17	False
22	16	additive	CPA_0.8.8	primary_state_pair	P	0.06750347559820986	0.0689664637333797	0.001462988135169832	False
22	16	additive	CPA_0.8.8	primary_state_pair	O	0.06750347559820986	0.06604048746304009	-0.0014629881351697765	False
22	16	additive	CPA_0.8.8	primary_state_pair	D	0.06750347559820986	0.06750347559820985	-1.3877787807814457e-17	False
22	16	additive	zero_effect	zero_effect_diagnostic	S	0.08441910423357887	0.08441910423357887	0.0	False
22	16	additive	zero_effect	zero_effect_diagnostic	M	0.08441910423357887	0.08441910423357886	-1.3877787807814457e-17	False
22	16	additive	zero_effect	zero_effect_diagnostic	P	0.08441910423357887	0.06968339590660277	-0.014735708326976099	False
22	16	additive	zero_effect	zero_effect_diagnostic	O	0.08441910423357887	0.06968339590660277	-0.014735708326976099	False
22	16	additive	zero_effect	zero_effect_diagnostic	D	0.08441910423357887	0.06968339590660277	-0.014735708326976099	False
22	16	compositional_ridge	CPA_0.8.8	primary_state_pair	S	0.0682947116631352	0.0682947116631352	0.0	False
22	16	compositional_ridge	CPA_0.8.8	primary_state_pair	M	0.0682947116631352	0.0682947116631352	0.0	False
22	16	compositional_ridge	CPA_0.8.8	primary_state_pair	P	0.0682947116631352	0.06975769979830501	0.0014629881351698182	False
22	16	compositional_ridge	CPA_0.8.8	primary_state_pair	O	0.0682947116631352	0.06683172352796539	-0.0014629881351698043	False
22	16	compositional_ridge	CPA_0.8.8	primary_state_pair	D	0.0682947116631352	0.06829471166313517	-2.7755575615628914e-17	False
22	16	compositional_ridge	zero_effect	zero_effect_diagnostic	S	0.08521034029850419	0.08521034029850419	0.0	False
22	16	compositional_ridge	zero_effect	zero_effect_diagnostic	M	0.08521034029850419	0.08521034029850419	0.0	False
22	16	compositional_ridge	zero_effect	zero_effect_diagnostic	P	0.08521034029850419	0.07047463197152808	-0.014735708326976113	False
22	16	compositional_ridge	zero_effect	zero_effect_diagnostic	O	0.08521034029850419	0.07047463197152808	-0.014735708326976113	False
22	16	compositional_ridge	zero_effect	zero_effect_diagnostic	D	0.08521034029850419	0.07047463197152808	-0.014735708326976113	False
22	16	CPA_0.8.8	zero_effect	zero_effect_diagnostic	S	0.01691562863536901	0.01691562863536901	0.0	False
22	16	CPA_0.8.8	zero_effect	zero_effect_diagnostic	M	0.01691562863536901	0.01691562863536898	-2.7755575615628914e-17	False
22	16	CPA_0.8.8	zero_effect	zero_effect_diagnostic	P	0.01691562863536901	0.0007169321732230644	-0.016198696462145945	False
22	16	CPA_0.8.8	zero_effect	zero_effect_diagnostic	O	0.01691562863536901	0.003642908443562687	-0.013272720191806323	False
22	16	CPA_0.8.8	zero_effect	zero_effect_diagnostic	D	0.01691562863536901	0.0021799203083929103	-0.014735708326976099	False
22	32	additive	compositional_ridge	primary_state_pair	S	-0.0007912360649253228	-0.0007912360649253228	0.0	False
22	32	additive	compositional_ridge	primary_state_pair	M	-0.0007912360649253228	-0.0007912360649253228	0.0	False
22	32	additive	compositional_ridge	primary_state_pair	P	-0.0007912360649253228	-0.0007912360649253089	1.3877787807814457e-17	False
22	32	additive	compositional_ridge	primary_state_pair	O	-0.0007912360649253228	-0.0007912360649253089	1.3877787807814457e-17	False
22	32	additive	compositional_ridge	primary_state_pair	D	-0.0007912360649253228	-0.0007912360649253089	1.3877787807814457e-17	False
22	32	additive	CPA_0.8.8	primary_state_pair	S	0.06531163612785058	0.06531163612785058	0.0	False
22	32	additive	CPA_0.8.8	primary_state_pair	M	0.06531163612785058	0.06531163612785058	0.0	False
22	32	additive	CPA_0.8.8	primary_state_pair	P	0.06531163612785058	0.06606249209420503	0.0007508559663544495	False
22	32	additive	CPA_0.8.8	primary_state_pair	O	0.06531163612785058	0.0645607801614961	-0.0007508559663544773	False
22	32	additive	CPA_0.8.8	primary_state_pair	D	0.06531163612785058	0.06531163612785054	-4.163336342344337e-17	False
22	32	additive	zero_effect	zero_effect_diagnostic	S	0.07848532660926884	0.07848532660926884	0.0	False
22	32	additive	zero_effect	zero_effect_diagnostic	M	0.07848532660926884	0.07848532660926884	0.0	False
22	32	additive	zero_effect	zero_effect_diagnostic	P	0.07848532660926884	0.07084922678704386	-0.007636099822224976	False
22	32	additive	zero_effect	zero_effect_diagnostic	O	0.07848532660926884	0.07084922678704386	-0.007636099822224976	False
22	32	additive	zero_effect	zero_effect_diagnostic	D	0.07848532660926884	0.07084922678704386	-0.007636099822224976	False
22	32	compositional_ridge	CPA_0.8.8	primary_state_pair	S	0.06610287219277591	0.06610287219277591	0.0	False
22	32	compositional_ridge	CPA_0.8.8	primary_state_pair	M	0.06610287219277591	0.06610287219277591	0.0	False
22	32	compositional_ridge	CPA_0.8.8	primary_state_pair	P	0.06610287219277591	0.06685372815913034	0.0007508559663544218	False
22	32	compositional_ridge	CPA_0.8.8	primary_state_pair	O	0.06610287219277591	0.06535201622642141	-0.000750855966354505	False
22	32	compositional_ridge	CPA_0.8.8	primary_state_pair	D	0.06610287219277591	0.06610287219277586	-5.551115123125783e-17	False
22	32	compositional_ridge	zero_effect	zero_effect_diagnostic	S	0.07927656267419417	0.07927656267419417	0.0	False
22	32	compositional_ridge	zero_effect	zero_effect_diagnostic	M	0.07927656267419417	0.07927656267419417	0.0	False
22	32	compositional_ridge	zero_effect	zero_effect_diagnostic	P	0.07927656267419417	0.07164046285196916	-0.007636099822225004	False
22	32	compositional_ridge	zero_effect	zero_effect_diagnostic	O	0.07927656267419417	0.07164046285196916	-0.007636099822225004	False
22	32	compositional_ridge	zero_effect	zero_effect_diagnostic	D	0.07927656267419417	0.07164046285196916	-0.007636099822225004	False
22	32	CPA_0.8.8	zero_effect	zero_effect_diagnostic	S	0.013173690481418254	0.013173690481418254	0.0	False
22	32	CPA_0.8.8	zero_effect	zero_effect_diagnostic	M	0.013173690481418254	0.013173690481418254	0.0	False
22	32	CPA_0.8.8	zero_effect	zero_effect_diagnostic	P	0.013173690481418254	0.004786734692838829	-0.008386955788579425	False
22	32	CPA_0.8.8	zero_effect	zero_effect_diagnostic	O	0.013173690481418254	0.006288446625547756	-0.006885243855870499	False
22	32	CPA_0.8.8	zero_effect	zero_effect_diagnostic	D	0.013173690481418254	0.005537590659193306	-0.007636099822224948	False
22	64	additive	compositional_ridge	primary_state_pair	S	-0.0007912360649253228	-0.0007912360649253228	0.0	False
22	64	additive	compositional_ridge	primary_state_pair	M	-0.0007912360649253228	-0.0007912360649253228	0.0	False
22	64	additive	compositional_ridge	primary_state_pair	P	-0.0007912360649253228	-0.0007912360649253228	0.0	False
22	64	additive	compositional_ridge	primary_state_pair	O	-0.0007912360649253228	-0.0007912360649253228	0.0	False
22	64	additive	compositional_ridge	primary_state_pair	D	-0.0007912360649253228	-0.0007912360649253228	0.0	False
22	64	additive	CPA_0.8.8	primary_state_pair	S	0.06591794193378521	0.06591794193378521	0.0	False
22	64	additive	CPA_0.8.8	primary_state_pair	M	0.06591794193378521	0.06591794193378521	0.0	False
22	64	additive	CPA_0.8.8	primary_state_pair	P	0.06591794193378521	0.06636462033361698	0.0004466783998317708	False
22	64	additive	CPA_0.8.8	primary_state_pair	O	0.06591794193378521	0.06547126353395342	-0.0004466783998317847	False
22	64	additive	CPA_0.8.8	primary_state_pair	D	0.06591794193378521	0.06591794193378524	2.7755575615628914e-17	False
22	64	additive	zero_effect	zero_effect_diagnostic	S	0.07748798377548165	0.07748798377548165	0.0	False
22	64	additive	zero_effect	zero_effect_diagnostic	M	0.07748798377548165	0.07748798377548165	0.0	False
22	64	additive	zero_effect	zero_effect_diagnostic	P	0.07748798377548165	0.07359234253400859	-0.003895641241473055	False
22	64	additive	zero_effect	zero_effect_diagnostic	O	0.07748798377548165	0.07359234253400859	-0.003895641241473055	False
22	64	additive	zero_effect	zero_effect_diagnostic	D	0.07748798377548165	0.07359234253400859	-0.003895641241473055	False
22	64	compositional_ridge	CPA_0.8.8	primary_state_pair	S	0.06670917799871054	0.06670917799871054	0.0	False
22	64	compositional_ridge	CPA_0.8.8	primary_state_pair	M	0.06670917799871054	0.06670917799871054	0.0	False
22	64	compositional_ridge	CPA_0.8.8	primary_state_pair	P	0.06670917799871054	0.0671558563985423	0.00044667839983175694	False
22	64	compositional_ridge	CPA_0.8.8	primary_state_pair	O	0.06670917799871054	0.06626249959887874	-0.0004466783998317986	False
22	64	compositional_ridge	CPA_0.8.8	primary_state_pair	D	0.06670917799871054	0.06670917799871055	1.3877787807814457e-17	False
22	64	compositional_ridge	zero_effect	zero_effect_diagnostic	S	0.07827921984040698	0.07827921984040698	0.0	False
22	64	compositional_ridge	zero_effect	zero_effect_diagnostic	M	0.07827921984040698	0.07827921984040698	0.0	False
22	64	compositional_ridge	zero_effect	zero_effect_diagnostic	P	0.07827921984040698	0.07438357859893391	-0.003895641241473069	False
22	64	compositional_ridge	zero_effect	zero_effect_diagnostic	O	0.07827921984040698	0.07438357859893391	-0.003895641241473069	False
22	64	compositional_ridge	zero_effect	zero_effect_diagnostic	D	0.07827921984040698	0.07438357859893391	-0.003895641241473069	False
22	64	CPA_0.8.8	zero_effect	zero_effect_diagnostic	S	0.011570041841696438	0.011570041841696438	0.0	False
22	64	CPA_0.8.8	zero_effect	zero_effect_diagnostic	M	0.011570041841696438	0.011570041841696438	0.0	False
22	64	CPA_0.8.8	zero_effect	zero_effect_diagnostic	P	0.011570041841696438	0.007227722200391612	-0.004342319641304826	False
22	64	CPA_0.8.8	zero_effect	zero_effect_diagnostic	O	0.011570041841696438	0.008121079000055167	-0.0034489628416412704	False
22	64	CPA_0.8.8	zero_effect	zero_effect_diagnostic	D	0.011570041841696438	0.007674400600223355	-0.003895641241473083	False
22	128	additive	compositional_ridge	primary_state_pair	S	-0.0007912360649253228	-0.0007912360649253228	0.0	False
22	128	additive	compositional_ridge	primary_state_pair	M	-0.0007912360649253228	-0.0007912360649253228	0.0	False
22	128	additive	compositional_ridge	primary_state_pair	P	-0.0007912360649253228	-0.0007912360649253089	1.3877787807814457e-17	False
22	128	additive	compositional_ridge	primary_state_pair	O	-0.0007912360649253228	-0.0007912360649253089	1.3877787807814457e-17	False
22	128	additive	compositional_ridge	primary_state_pair	D	-0.0007912360649253228	-0.0007912360649253089	1.3877787807814457e-17	False
22	128	additive	CPA_0.8.8	primary_state_pair	S	0.06558433691089709	0.06558433691089709	0.0	False
22	128	additive	CPA_0.8.8	primary_state_pair	M	0.06558433691089709	0.06558433691089709	0.0	False
22	128	additive	CPA_0.8.8	primary_state_pair	P	0.06558433691089709	0.06573649474364363	0.00015215783274653838	False
22	128	additive	CPA_0.8.8	primary_state_pair	O	0.06558433691089709	0.06543217907815058	-0.00015215783274651062	False
22	128	additive	CPA_0.8.8	primary_state_pair	D	0.06558433691089709	0.0655843369108971	1.3877787807814457e-17	False
22	128	additive	zero_effect	zero_effect_diagnostic	S	0.07645287927948784	0.07645287927948784	0.0	False
22	128	additive	zero_effect	zero_effect_diagnostic	M	0.07645287927948784	0.07645287927948784	0.0	False
22	128	additive	zero_effect	zero_effect_diagnostic	P	0.07645287927948784	0.07461038360091743	-0.0018424956785704077	False
22	128	additive	zero_effect	zero_effect_diagnostic	O	0.07645287927948784	0.07461038360091743	-0.0018424956785704077	False
22	128	additive	zero_effect	zero_effect_diagnostic	D	0.07645287927948784	0.07461038360091743	-0.0018424956785704077	False
22	128	compositional_ridge	CPA_0.8.8	primary_state_pair	S	0.06637557297582242	0.06637557297582242	0.0	False
22	128	compositional_ridge	CPA_0.8.8	primary_state_pair	M	0.06637557297582242	0.06637557297582242	0.0	False
22	128	compositional_ridge	CPA_0.8.8	primary_state_pair	P	0.06637557297582242	0.06652773080856894	0.0001521578327465245	False
22	128	compositional_ridge	CPA_0.8.8	primary_state_pair	O	0.06637557297582242	0.06622341514307589	-0.0001521578327465245	False
22	128	compositional_ridge	CPA_0.8.8	primary_state_pair	D	0.06637557297582242	0.0663755729758224	-1.3877787807814457e-17	False
22	128	compositional_ridge	zero_effect	zero_effect_diagnostic	S	0.07724411534441317	0.07724411534441317	0.0	False
22	128	compositional_ridge	zero_effect	zero_effect_diagnostic	M	0.07724411534441317	0.07724411534441317	0.0	False
22	128	compositional_ridge	zero_effect	zero_effect_diagnostic	P	0.07724411534441317	0.07540161966584273	-0.0018424956785704355	False
22	128	compositional_ridge	zero_effect	zero_effect_diagnostic	O	0.07724411534441317	0.07540161966584273	-0.0018424956785704355	False
22	128	compositional_ridge	zero_effect	zero_effect_diagnostic	D	0.07724411534441317	0.07540161966584273	-0.0018424956785704355	False
22	128	CPA_0.8.8	zero_effect	zero_effect_diagnostic	S	0.01086854236859075	0.01086854236859075	0.0	False
22	128	CPA_0.8.8	zero_effect	zero_effect_diagnostic	M	0.01086854236859075	0.01086854236859075	0.0	False
22	128	CPA_0.8.8	zero_effect	zero_effect_diagnostic	P	0.01086854236859075	0.00887388885727379	-0.00199465351131696	False
22	128	CPA_0.8.8	zero_effect	zero_effect_diagnostic	O	0.01086854236859075	0.009178204522766839	-0.001690337845823911	False
22	128	CPA_0.8.8	zero_effect	zero_effect_diagnostic	D	0.01086854236859075	0.009026046690020328	-0.0018424956785704216	False
22	135	additive	compositional_ridge	primary_state_pair	S	-0.0007912360649253228	-0.0007912360649253228	0.0	False
22	135	additive	compositional_ridge	primary_state_pair	M	-0.0007912360649253228	-0.0007912360649253228	0.0	False
22	135	additive	compositional_ridge	primary_state_pair	P	-0.0007912360649253228	-0.0007912360649253297	-6.938893903907228e-18	False
22	135	additive	compositional_ridge	primary_state_pair	O	-0.0007912360649253228	-0.0007912360649253297	-6.938893903907228e-18	False
22	135	additive	compositional_ridge	primary_state_pair	D	-0.0007912360649253228	-0.0007912360649253297	-6.938893903907228e-18	False
22	135	additive	CPA_0.8.8	primary_state_pair	S	0.06594812665712632	0.06594812665712632	0.0	False
22	135	additive	CPA_0.8.8	primary_state_pair	M	0.06594812665712632	0.06594812665712632	0.0	False
22	135	additive	CPA_0.8.8	primary_state_pair	P	0.06594812665712632	0.06609263915762321	0.00014451250049689335	False
22	135	additive	CPA_0.8.8	primary_state_pair	O	0.06594812665712632	0.06580361415662943	-0.00014451250049689335	False
22	135	additive	CPA_0.8.8	primary_state_pair	D	0.06594812665712632	0.06594812665712631	-1.3877787807814457e-17	False
22	135	additive	zero_effect	zero_effect_diagnostic	S	0.07682389579861744	0.07682389579861744	0.0	False
22	135	additive	zero_effect	zero_effect_diagnostic	M	0.07682389579861744	0.07682389579861744	0.0	False
22	135	additive	zero_effect	zero_effect_diagnostic	P	0.07682389579861744	0.07508515790287626	-0.0017387378957411798	False
22	135	additive	zero_effect	zero_effect_diagnostic	O	0.07682389579861744	0.07508515790287626	-0.0017387378957411798	False
22	135	additive	zero_effect	zero_effect_diagnostic	D	0.07682389579861744	0.07508515790287626	-0.0017387378957411798	False
22	135	compositional_ridge	CPA_0.8.8	primary_state_pair	S	0.06673936272205164	0.06673936272205164	0.0	False
22	135	compositional_ridge	CPA_0.8.8	primary_state_pair	M	0.06673936272205164	0.06673936272205164	0.0	False
22	135	compositional_ridge	CPA_0.8.8	primary_state_pair	P	0.06673936272205164	0.06688387522254854	0.00014451250049690723	False
22	135	compositional_ridge	CPA_0.8.8	primary_state_pair	O	0.06673936272205164	0.06659485022155476	-0.00014451250049687947	False
22	135	compositional_ridge	CPA_0.8.8	primary_state_pair	D	0.06673936272205164	0.06673936272205164	0.0	False
22	135	compositional_ridge	zero_effect	zero_effect_diagnostic	S	0.07761513186354277	0.07761513186354277	0.0	False
22	135	compositional_ridge	zero_effect	zero_effect_diagnostic	M	0.07761513186354277	0.07761513186354277	0.0	False
22	135	compositional_ridge	zero_effect	zero_effect_diagnostic	P	0.07761513186354277	0.07587639396780159	-0.0017387378957411798	False
22	135	compositional_ridge	zero_effect	zero_effect_diagnostic	O	0.07761513186354277	0.07587639396780159	-0.0017387378957411798	False
22	135	compositional_ridge	zero_effect	zero_effect_diagnostic	D	0.07761513186354277	0.07587639396780159	-0.0017387378957411798	False
22	135	CPA_0.8.8	zero_effect	zero_effect_diagnostic	S	0.010875769141491118	0.010875769141491118	0.0	False
22	135	CPA_0.8.8	zero_effect	zero_effect_diagnostic	M	0.010875769141491118	0.010875769141491118	0.0	False
22	135	CPA_0.8.8	zero_effect	zero_effect_diagnostic	P	0.010875769141491118	0.008992518745253045	-0.0018832503962380731	False
22	135	CPA_0.8.8	zero_effect	zero_effect_diagnostic	O	0.010875769141491118	0.009281543746246831	-0.0015942253952442864	False
22	135	CPA_0.8.8	zero_effect	zero_effect_diagnostic	D	0.010875769141491118	0.009137031245749952	-0.0017387378957411659	False
23	8	additive	compositional_ridge	primary_state_pair	S	-0.0007912360649253228	-0.0007912360649253228	0.0	False
23	8	additive	compositional_ridge	primary_state_pair	M	-0.0007912360649253228	-0.0007912360649253228	0.0	False
23	8	additive	compositional_ridge	primary_state_pair	P	-0.0007912360649253228	-0.000791236064925295	2.7755575615628914e-17	False
23	8	additive	compositional_ridge	primary_state_pair	O	-0.0007912360649253228	-0.000791236064925295	2.7755575615628914e-17	False
23	8	additive	compositional_ridge	primary_state_pair	D	-0.0007912360649253228	-0.000791236064925295	2.7755575615628914e-17	False
23	8	additive	CPA_0.8.8	primary_state_pair	S	0.06740388326746342	0.06740388326746342	0.0	False
23	8	additive	CPA_0.8.8	primary_state_pair	M	0.06740388326746342	0.06740388326746342	0.0	False
23	8	additive	CPA_0.8.8	primary_state_pair	P	0.06740388326746342	0.0694271787975635	0.0020232955301000694	False
23	8	additive	CPA_0.8.8	primary_state_pair	O	0.06740388326746342	0.06538058773736342	-0.0020232955301	False
23	8	additive	CPA_0.8.8	primary_state_pair	D	0.06740388326746342	0.06740388326746342	0.0	False
23	8	additive	zero_effect	zero_effect_diagnostic	S	0.09198135594214779	0.09198135594214779	0.0	False
23	8	additive	zero_effect	zero_effect_diagnostic	M	0.09198135594214779	0.09198135594214779	0.0	False
23	8	additive	zero_effect	zero_effect_diagnostic	P	0.09198135594214779	0.06139955533141905	-0.030581800610728738	False
23	8	additive	zero_effect	zero_effect_diagnostic	O	0.09198135594214779	0.06139955533141905	-0.030581800610728738	False
23	8	additive	zero_effect	zero_effect_diagnostic	D	0.09198135594214779	0.06139955533141905	-0.030581800610728738	False
23	8	compositional_ridge	CPA_0.8.8	primary_state_pair	S	0.06819511933238875	0.06819511933238875	0.0	False
23	8	compositional_ridge	CPA_0.8.8	primary_state_pair	M	0.06819511933238875	0.06819511933238875	0.0	False
23	8	compositional_ridge	CPA_0.8.8	primary_state_pair	P	0.06819511933238875	0.07021841486248878	0.0020232955301000277	False
23	8	compositional_ridge	CPA_0.8.8	primary_state_pair	O	0.06819511933238875	0.06617182380228873	-0.0020232955301000277	False
23	8	compositional_ridge	CPA_0.8.8	primary_state_pair	D	0.06819511933238875	0.06819511933238873	-2.7755575615628914e-17	False
23	8	compositional_ridge	zero_effect	zero_effect_diagnostic	S	0.0927725920070731	0.0927725920070731	0.0	False
23	8	compositional_ridge	zero_effect	zero_effect_diagnostic	M	0.0927725920070731	0.0927725920070731	0.0	False
23	8	compositional_ridge	zero_effect	zero_effect_diagnostic	P	0.0927725920070731	0.06219079139634435	-0.03058180061072876	False
23	8	compositional_ridge	zero_effect	zero_effect_diagnostic	O	0.0927725920070731	0.06219079139634435	-0.03058180061072876	False
23	8	compositional_ridge	zero_effect	zero_effect_diagnostic	D	0.0927725920070731	0.06219079139634435	-0.03058180061072876	False
23	8	CPA_0.8.8	zero_effect	zero_effect_diagnostic	S	0.024577472674684367	0.024577472674684367	0.0	False
23	8	CPA_0.8.8	zero_effect	zero_effect_diagnostic	M	0.024577472674684367	0.024577472674684367	0.0	False
23	8	CPA_0.8.8	zero_effect	zero_effect_diagnostic	P	0.024577472674684367	-0.00802762346614444	-0.03260509614082881	True
23	8	CPA_0.8.8	zero_effect	zero_effect_diagnostic	O	0.024577472674684367	-0.003981032405944371	-0.028558505080628738	True
23	8	CPA_0.8.8	zero_effect	zero_effect_diagnostic	D	0.024577472674684367	-0.006004327936044371	-0.030581800610728738	True
23	16	additive	compositional_ridge	primary_state_pair	S	-0.0007912360649253228	-0.0007912360649253228	0.0	False
23	16	additive	compositional_ridge	primary_state_pair	M	-0.0007912360649253228	-0.0007912360649253228	0.0	False
23	16	additive	compositional_ridge	primary_state_pair	P	-0.0007912360649253228	-0.0007912360649253297	-6.938893903907228e-18	False
23	16	additive	compositional_ridge	primary_state_pair	O	-0.0007912360649253228	-0.0007912360649253297	-6.938893903907228e-18	False
23	16	additive	compositional_ridge	primary_state_pair	D	-0.0007912360649253228	-0.0007912360649253297	-6.938893903907228e-18	False
23	16	additive	CPA_0.8.8	primary_state_pair	S	0.06796608790567357	0.06796608790567357	0.0	False
23	16	additive	CPA_0.8.8	primary_state_pair	M	0.06796608790567357	0.06796608790567356	-1.3877787807814457e-17	False
23	16	additive	CPA_0.8.8	primary_state_pair	P	0.06796608790567357	0.06894936709964036	0.0009832791939667906	False
23	16	additive	CPA_0.8.8	primary_state_pair	O	0.06796608790567357	0.06698280871170675	-0.0009832791939668184	False
23	16	additive	CPA_0.8.8	primary_state_pair	D	0.06796608790567357	0.0679660879056736	2.7755575615628914e-17	False
23	16	additive	zero_effect	zero_effect_diagnostic	S	0.08566464418050296	0.08566464418050296	0.0	False
23	16	additive	zero_effect	zero_effect_diagnostic	M	0.08566464418050296	0.08566464418050299	2.7755575615628914e-17	False
23	16	additive	zero_effect	zero_effect_diagnostic	P	0.08566464418050296	0.07049047608783382	-0.015174168092669138	False
23	16	additive	zero_effect	zero_effect_diagnostic	O	0.08566464418050296	0.07049047608783382	-0.015174168092669138	False
23	16	additive	zero_effect	zero_effect_diagnostic	D	0.08566464418050296	0.07049047608783382	-0.015174168092669138	False
23	16	compositional_ridge	CPA_0.8.8	primary_state_pair	S	0.06875732397059889	0.06875732397059889	0.0	False
23	16	compositional_ridge	CPA_0.8.8	primary_state_pair	M	0.06875732397059889	0.06875732397059889	0.0	False
23	16	compositional_ridge	CPA_0.8.8	primary_state_pair	P	0.06875732397059889	0.06974060316456568	0.0009832791939667906	False
23	16	compositional_ridge	CPA_0.8.8	primary_state_pair	O	0.06875732397059889	0.0677740447766321	-0.0009832791939667906	False
23	16	compositional_ridge	CPA_0.8.8	primary_state_pair	D	0.06875732397059889	0.06875732397059892	2.7755575615628914e-17	False
23	16	compositional_ridge	zero_effect	zero_effect_diagnostic	S	0.08645588024542827	0.08645588024542827	0.0	False
23	16	compositional_ridge	zero_effect	zero_effect_diagnostic	M	0.08645588024542827	0.0864558802454283	2.7755575615628914e-17	False
23	16	compositional_ridge	zero_effect	zero_effect_diagnostic	P	0.08645588024542827	0.07128171215275914	-0.015174168092669138	False
23	16	compositional_ridge	zero_effect	zero_effect_diagnostic	O	0.08645588024542827	0.07128171215275914	-0.015174168092669138	False
23	16	compositional_ridge	zero_effect	zero_effect_diagnostic	D	0.08645588024542827	0.07128171215275914	-0.015174168092669138	False
23	16	CPA_0.8.8	zero_effect	zero_effect_diagnostic	S	0.017698556274829386	0.017698556274829386	0.0	False
23	16	CPA_0.8.8	zero_effect	zero_effect_diagnostic	M	0.017698556274829386	0.017698556274829427	4.163336342344337e-17	False
23	16	CPA_0.8.8	zero_effect	zero_effect_diagnostic	P	0.017698556274829386	0.001541108988193457	-0.01615744728663593	False
23	16	CPA_0.8.8	zero_effect	zero_effect_diagnostic	O	0.017698556274829386	0.003507667376127052	-0.014190888898702333	False
23	16	CPA_0.8.8	zero_effect	zero_effect_diagnostic	D	0.017698556274829386	0.00252438818216022	-0.015174168092669166	False
23	32	additive	compositional_ridge	primary_state_pair	S	-0.0007912360649253228	-0.0007912360649253228	0.0	False
23	32	additive	compositional_ridge	primary_state_pair	M	-0.0007912360649253228	-0.0007912360649253228	0.0	False
23	32	additive	compositional_ridge	primary_state_pair	P	-0.0007912360649253228	-0.0007912360649253228	0.0	False
23	32	additive	compositional_ridge	primary_state_pair	O	-0.0007912360649253228	-0.0007912360649253228	0.0	False
23	32	additive	compositional_ridge	primary_state_pair	D	-0.0007912360649253228	-0.0007912360649253228	0.0	False
23	32	additive	CPA_0.8.8	primary_state_pair	S	0.0676988486708979	0.0676988486708979	0.0	False
23	32	additive	CPA_0.8.8	primary_state_pair	M	0.0676988486708979	0.0676988486708979	0.0	False
23	32	additive	CPA_0.8.8	primary_state_pair	P	0.0676988486708979	0.06845946541669917	0.0007606167458012736	False
23	32	additive	CPA_0.8.8	primary_state_pair	O	0.0676988486708979	0.06693823192509668	-0.0007606167458012181	False
23	32	additive	CPA_0.8.8	primary_state_pair	D	0.0676988486708979	0.06769884867089793	2.7755575615628914e-17	False
23	32	additive	zero_effect	zero_effect_diagnostic	S	0.08182643033942698	0.08182643033942698	0.0	False
23	32	additive	zero_effect	zero_effect_diagnostic	M	0.08182643033942698	0.08182643033942698	0.0	False
23	32	additive	zero_effect	zero_effect_diagnostic	P	0.08182643033942698	0.07381850489002842	-0.008007925449398559	False
23	32	additive	zero_effect	zero_effect_diagnostic	O	0.08182643033942698	0.07381850489002842	-0.008007925449398559	False
23	32	additive	zero_effect	zero_effect_diagnostic	D	0.08182643033942698	0.07381850489002842	-0.008007925449398559	False
23	32	compositional_ridge	CPA_0.8.8	primary_state_pair	S	0.06849008473582321	0.06849008473582321	0.0	False
23	32	compositional_ridge	CPA_0.8.8	primary_state_pair	M	0.06849008473582321	0.06849008473582321	0.0	False
23	32	compositional_ridge	CPA_0.8.8	primary_state_pair	P	0.06849008473582321	0.0692507014816245	0.0007606167458012875	False
23	32	compositional_ridge	CPA_0.8.8	primary_state_pair	O	0.06849008473582321	0.067729467990022	-0.0007606167458012181	False
23	32	compositional_ridge	CPA_0.8.8	primary_state_pair	D	0.06849008473582321	0.06849008473582324	2.7755575615628914e-17	False
23	32	compositional_ridge	zero_effect	zero_effect_diagnostic	S	0.08261766640435231	0.08261766640435231	0.0	False
23	32	compositional_ridge	zero_effect	zero_effect_diagnostic	M	0.08261766640435231	0.08261766640435231	0.0	False
23	32	compositional_ridge	zero_effect	zero_effect_diagnostic	P	0.08261766640435231	0.07460974095495375	-0.008007925449398559	False
23	32	compositional_ridge	zero_effect	zero_effect_diagnostic	O	0.08261766640435231	0.07460974095495375	-0.008007925449398559	False
23	32	compositional_ridge	zero_effect	zero_effect_diagnostic	D	0.08261766640435231	0.07460974095495375	-0.008007925449398559	False
23	32	CPA_0.8.8	zero_effect	zero_effect_diagnostic	S	0.01412758166852908	0.01412758166852908	0.0	False
23	32	CPA_0.8.8	zero_effect	zero_effect_diagnostic	M	0.01412758166852908	0.01412758166852908	0.0	False
23	32	CPA_0.8.8	zero_effect	zero_effect_diagnostic	P	0.01412758166852908	0.005359039473329247	-0.008768542195199833	False
23	32	CPA_0.8.8	zero_effect	zero_effect_diagnostic	O	0.01412758166852908	0.006880272964931752	-0.007247308703597327	False
23	32	CPA_0.8.8	zero_effect	zero_effect_diagnostic	D	0.01412758166852908	0.0061196562191305065	-0.008007925449398573	False
23	64	additive	compositional_ridge	primary_state_pair	S	-0.0007912360649253228	-0.0007912360649253228	0.0	False
23	64	additive	compositional_ridge	primary_state_pair	M	-0.0007912360649253228	-0.0007912360649253228	0.0	False
23	64	additive	compositional_ridge	primary_state_pair	P	-0.0007912360649253228	-0.0007912360649253401	-1.734723475976807e-17	False
23	64	additive	compositional_ridge	primary_state_pair	O	-0.0007912360649253228	-0.0007912360649253401	-1.734723475976807e-17	False
23	64	additive	compositional_ridge	primary_state_pair	D	-0.0007912360649253228	-0.0007912360649253401	-1.734723475976807e-17	False
23	64	additive	CPA_0.8.8	primary_state_pair	S	0.06644563652020484	0.06644563652020484	0.0	False
23	64	additive	CPA_0.8.8	primary_state_pair	M	0.06644563652020484	0.06644563652020484	0.0	False
23	64	additive	CPA_0.8.8	primary_state_pair	P	0.06644563652020484	0.06666061532546484	0.00021497880526000213	False
23	64	additive	CPA_0.8.8	primary_state_pair	O	0.06644563652020484	0.06623065771494475	-0.0002149788052600854	False
23	64	additive	CPA_0.8.8	primary_state_pair	D	0.06644563652020484	0.06644563652020478	-5.551115123125783e-17	False
23	64	additive	zero_effect	zero_effect_diagnostic	S	0.07813525989359808	0.07813525989359808	0.0	False
23	64	additive	zero_effect	zero_effect_diagnostic	M	0.07813525989359808	0.07813525989359808	0.0	False
23	64	additive	zero_effect	zero_effect_diagnostic	P	0.07813525989359808	0.07443993032183886	-0.0036953295717592205	False
23	64	additive	zero_effect	zero_effect_diagnostic	O	0.07813525989359808	0.07443993032183886	-0.0036953295717592205	False
23	64	additive	zero_effect	zero_effect_diagnostic	D	0.07813525989359808	0.07443993032183886	-0.0036953295717592205	False
23	64	compositional_ridge	CPA_0.8.8	primary_state_pair	S	0.06723687258513017	0.06723687258513017	0.0	False
23	64	compositional_ridge	CPA_0.8.8	primary_state_pair	M	0.06723687258513017	0.06723687258513017	0.0	False
23	64	compositional_ridge	CPA_0.8.8	primary_state_pair	P	0.06723687258513017	0.06745185139039019	0.000214978805260016	False
23	64	compositional_ridge	CPA_0.8.8	primary_state_pair	O	0.06723687258513017	0.0670218937798701	-0.00021497880526007151	False
23	64	compositional_ridge	CPA_0.8.8	primary_state_pair	D	0.06723687258513017	0.06723687258513013	-4.163336342344337e-17	False
23	64	compositional_ridge	zero_effect	zero_effect_diagnostic	S	0.07892649595852341	0.07892649595852341	0.0	False
23	64	compositional_ridge	zero_effect	zero_effect_diagnostic	M	0.07892649595852341	0.07892649595852341	0.0	False
23	64	compositional_ridge	zero_effect	zero_effect_diagnostic	P	0.07892649595852341	0.0752311663867642	-0.0036953295717592066	False
23	64	compositional_ridge	zero_effect	zero_effect_diagnostic	O	0.07892649595852341	0.0752311663867642	-0.0036953295717592066	False
23	64	compositional_ridge	zero_effect	zero_effect_diagnostic	D	0.07892649595852341	0.0752311663867642	-0.0036953295717592066	False
23	64	CPA_0.8.8	zero_effect	zero_effect_diagnostic	S	0.011689623373393243	0.011689623373393243	0.0	False
23	64	CPA_0.8.8	zero_effect	zero_effect_diagnostic	M	0.011689623373393243	0.011689623373393243	0.0	False
23	64	CPA_0.8.8	zero_effect	zero_effect_diagnostic	P	0.011689623373393243	0.0077793149963740205	-0.003910308377019223	False
23	64	CPA_0.8.8	zero_effect	zero_effect_diagnostic	O	0.011689623373393243	0.008209272606894108	-0.003480350766499135	False
23	64	CPA_0.8.8	zero_effect	zero_effect_diagnostic	D	0.011689623373393243	0.007994293801634078	-0.003695329571759165	False
23	128	additive	compositional_ridge	primary_state_pair	S	-0.0007912360649253228	-0.0007912360649253228	0.0	False
23	128	additive	compositional_ridge	primary_state_pair	M	-0.0007912360649253228	-0.0007912360649253228	0.0	False
23	128	additive	compositional_ridge	primary_state_pair	P	-0.0007912360649253228	-0.0007912360649253124	1.0408340855860843e-17	False
23	128	additive	compositional_ridge	primary_state_pair	O	-0.0007912360649253228	-0.0007912360649253124	1.0408340855860843e-17	False
23	128	additive	compositional_ridge	primary_state_pair	D	-0.0007912360649253228	-0.0007912360649253124	1.0408340855860843e-17	False
23	128	additive	CPA_0.8.8	primary_state_pair	S	0.06596230421745179	0.06596230421745179	0.0	False
23	128	additive	CPA_0.8.8	primary_state_pair	M	0.06596230421745179	0.06596230421745179	0.0	False
23	128	additive	CPA_0.8.8	primary_state_pair	P	0.06596230421745179	0.06615540641058108	0.0001931021931292909	False
23	128	additive	CPA_0.8.8	primary_state_pair	O	0.06596230421745179	0.0657692020243225	-0.0001931021931292909	False
23	128	additive	CPA_0.8.8	primary_state_pair	D	0.06596230421745179	0.06596230421745182	2.7755575615628914e-17	False
23	128	additive	zero_effect	zero_effect_diagnostic	S	0.07688788344796318	0.07688788344796318	0.0	False
23	128	additive	zero_effect	zero_effect_diagnostic	M	0.07688788344796318	0.07688788344796318	0.0	False
23	128	additive	zero_effect	zero_effect_diagnostic	P	0.07688788344796318	0.07494542745681806	-0.00194245599114512	False
23	128	additive	zero_effect	zero_effect_diagnostic	O	0.07688788344796318	0.07494542745681806	-0.00194245599114512	False
23	128	additive	zero_effect	zero_effect_diagnostic	D	0.07688788344796318	0.07494542745681806	-0.00194245599114512	False
23	128	compositional_ridge	CPA_0.8.8	primary_state_pair	S	0.06675354028237712	0.06675354028237712	0.0	False
23	128	compositional_ridge	CPA_0.8.8	primary_state_pair	M	0.06675354028237712	0.06675354028237712	0.0	False
23	128	compositional_ridge	CPA_0.8.8	primary_state_pair	P	0.06675354028237712	0.0669466424755064	0.000193102193129277	False
23	128	compositional_ridge	CPA_0.8.8	primary_state_pair	O	0.06675354028237712	0.06656043808924782	-0.00019310219312930477	False
23	128	compositional_ridge	CPA_0.8.8	primary_state_pair	D	0.06675354028237712	0.06675354028237714	1.3877787807814457e-17	False
23	128	compositional_ridge	zero_effect	zero_effect_diagnostic	S	0.0776791195128885	0.0776791195128885	0.0	False
23	128	compositional_ridge	zero_effect	zero_effect_diagnostic	M	0.0776791195128885	0.0776791195128885	0.0	False
23	128	compositional_ridge	zero_effect	zero_effect_diagnostic	P	0.0776791195128885	0.07573666352174338	-0.00194245599114512	False
23	128	compositional_ridge	zero_effect	zero_effect_diagnostic	O	0.0776791195128885	0.07573666352174338	-0.00194245599114512	False
23	128	compositional_ridge	zero_effect	zero_effect_diagnostic	D	0.0776791195128885	0.07573666352174338	-0.00194245599114512	False
23	128	CPA_0.8.8	zero_effect	zero_effect_diagnostic	S	0.010925579230511392	0.010925579230511392	0.0	False
23	128	CPA_0.8.8	zero_effect	zero_effect_diagnostic	M	0.010925579230511392	0.010925579230511392	0.0	False
23	128	CPA_0.8.8	zero_effect	zero_effect_diagnostic	P	0.010925579230511392	0.008790021046236982	-0.002135558184274411	False
23	128	CPA_0.8.8	zero_effect	zero_effect_diagnostic	O	0.010925579230511392	0.009176225432495563	-0.0017493537980158291	False
23	128	CPA_0.8.8	zero_effect	zero_effect_diagnostic	D	0.010925579230511392	0.008983123239366245	-0.0019424559911451478	False
23	135	additive	compositional_ridge	primary_state_pair	S	-0.0007912360649253228	-0.0007912360649253228	0.0	False
23	135	additive	compositional_ridge	primary_state_pair	M	-0.0007912360649253228	-0.0007912360649253228	0.0	False
23	135	additive	compositional_ridge	primary_state_pair	P	-0.0007912360649253228	-0.0007912360649253054	1.734723475976807e-17	False
23	135	additive	compositional_ridge	primary_state_pair	O	-0.0007912360649253228	-0.0007912360649253054	1.734723475976807e-17	False
23	135	additive	compositional_ridge	primary_state_pair	D	-0.0007912360649253228	-0.0007912360649253054	1.734723475976807e-17	False
23	135	additive	CPA_0.8.8	primary_state_pair	S	0.0660161001017746	0.0660161001017746	0.0	False
23	135	additive	CPA_0.8.8	primary_state_pair	M	0.0660161001017746	0.0660161001017746	0.0	False
23	135	additive	CPA_0.8.8	primary_state_pair	P	0.0660161001017746	0.06621109781354391	0.00019499771176931247	False
23	135	additive	CPA_0.8.8	primary_state_pair	O	0.0660161001017746	0.06582110239000524	-0.0001949977117693541	False
23	135	additive	CPA_0.8.8	primary_state_pair	D	0.0660161001017746	0.06601610010177457	-2.7755575615628914e-17	False
23	135	additive	zero_effect	zero_effect_diagnostic	S	0.07687444009127407	0.07687444009127407	0.0	False
23	135	additive	zero_effect	zero_effect_diagnostic	M	0.07687444009127407	0.07687444009127407	0.0	False
23	135	additive	zero_effect	zero_effect_diagnostic	P	0.07687444009127407	0.07503068085674584	-0.0018437592345282305	False
23	135	additive	zero_effect	zero_effect_diagnostic	O	0.07687444009127407	0.07503068085674584	-0.0018437592345282305	False
23	135	additive	zero_effect	zero_effect_diagnostic	D	0.07687444009127407	0.07503068085674584	-0.0018437592345282305	False
23	135	compositional_ridge	CPA_0.8.8	primary_state_pair	S	0.06680733616669993	0.06680733616669993	0.0	False
23	135	compositional_ridge	CPA_0.8.8	primary_state_pair	M	0.06680733616669993	0.06680733616669993	0.0	False
23	135	compositional_ridge	CPA_0.8.8	primary_state_pair	P	0.06680733616669993	0.06700233387846921	0.0001949977117692847	False
23	135	compositional_ridge	CPA_0.8.8	primary_state_pair	O	0.06680733616669993	0.06661233845493054	-0.00019499771176938185	False
23	135	compositional_ridge	CPA_0.8.8	primary_state_pair	D	0.06680733616669993	0.06680733616669987	-5.551115123125783e-17	False
23	135	compositional_ridge	zero_effect	zero_effect_diagnostic	S	0.0776656761561994	0.0776656761561994	0.0	False
23	135	compositional_ridge	zero_effect	zero_effect_diagnostic	M	0.0776656761561994	0.0776656761561994	0.0	False
23	135	compositional_ridge	zero_effect	zero_effect_diagnostic	P	0.0776656761561994	0.07582191692167115	-0.0018437592345282583	False
23	135	compositional_ridge	zero_effect	zero_effect_diagnostic	O	0.0776656761561994	0.07582191692167115	-0.0018437592345282583	False
23	135	compositional_ridge	zero_effect	zero_effect_diagnostic	D	0.0776656761561994	0.07582191692167115	-0.0018437592345282583	False
23	135	CPA_0.8.8	zero_effect	zero_effect_diagnostic	S	0.010858339989499477	0.010858339989499477	0.0	False
23	135	CPA_0.8.8	zero_effect	zero_effect_diagnostic	M	0.010858339989499477	0.010858339989499477	0.0	False
23	135	CPA_0.8.8	zero_effect	zero_effect_diagnostic	P	0.010858339989499477	0.008819583043201934	-0.002038756946297543	False
23	135	CPA_0.8.8	zero_effect	zero_effect_diagnostic	O	0.010858339989499477	0.0092095784667406	-0.0016487615227588764	False
23	135	CPA_0.8.8	zero_effect	zero_effect_diagnostic	D	0.010858339989499477	0.009014580754971274	-0.0018437592345282028	False
24	8	additive	compositional_ridge	primary_state_pair	S	-0.0007912360649253228	-0.0007912360649253228	0.0	False
24	8	additive	compositional_ridge	primary_state_pair	M	-0.0007912360649253228	-0.0007912360649253228	0.0	False
24	8	additive	compositional_ridge	primary_state_pair	P	-0.0007912360649253228	-0.0007912360649253436	-2.0816681711721685e-17	False
24	8	additive	compositional_ridge	primary_state_pair	O	-0.0007912360649253228	-0.0007912360649253436	-2.0816681711721685e-17	False
24	8	additive	compositional_ridge	primary_state_pair	D	-0.0007912360649253228	-0.0007912360649253436	-2.0816681711721685e-17	False
24	8	additive	CPA_0.8.8	primary_state_pair	S	0.06539960963271399	0.06539960963271399	0.0	False
24	8	additive	CPA_0.8.8	primary_state_pair	M	0.06539960963271399	0.06539960963271399	0.0	False
24	8	additive	CPA_0.8.8	primary_state_pair	P	0.06539960963271399	0.0687733351928981	0.0033737255601841154	False
24	8	additive	CPA_0.8.8	primary_state_pair	O	0.06539960963271399	0.06202588407252974	-0.0033737255601842472	False
24	8	additive	CPA_0.8.8	primary_state_pair	D	0.06539960963271399	0.06539960963271393	-5.551115123125783e-17	False
24	8	additive	zero_effect	zero_effect_diagnostic	S	0.08849128151850043	0.08849128151850043	0.0	False
24	8	additive	zero_effect	zero_effect_diagnostic	M	0.08849128151850043	0.08849128151850043	0.0	False
24	8	additive	zero_effect	zero_effect_diagnostic	P	0.08849128151850043	0.05701943865646237	-0.03147184286203806	False
24	8	additive	zero_effect	zero_effect_diagnostic	O	0.08849128151850043	0.05701943865646237	-0.03147184286203806	False
24	8	additive	zero_effect	zero_effect_diagnostic	D	0.08849128151850043	0.05701943865646237	-0.03147184286203806	False
24	8	compositional_ridge	CPA_0.8.8	primary_state_pair	S	0.0661908456976393	0.0661908456976393	0.0	False
24	8	compositional_ridge	CPA_0.8.8	primary_state_pair	M	0.0661908456976393	0.0661908456976393	0.0	False
24	8	compositional_ridge	CPA_0.8.8	primary_state_pair	P	0.0661908456976393	0.06956457125782345	0.003373725560184143	False
24	8	compositional_ridge	CPA_0.8.8	primary_state_pair	O	0.0661908456976393	0.06281712013745508	-0.0033737255601842264	False
24	8	compositional_ridge	CPA_0.8.8	primary_state_pair	D	0.0661908456976393	0.06619084569763928	-2.7755575615628914e-17	False
24	8	compositional_ridge	zero_effect	zero_effect_diagnostic	S	0.08928251758342576	0.08928251758342576	0.0	False
24	8	compositional_ridge	zero_effect	zero_effect_diagnostic	M	0.08928251758342576	0.08928251758342576	0.0	False
24	8	compositional_ridge	zero_effect	zero_effect_diagnostic	P	0.08928251758342576	0.05781067472138771	-0.031471842862038045	False
24	8	compositional_ridge	zero_effect	zero_effect_diagnostic	O	0.08928251758342576	0.05781067472138771	-0.031471842862038045	False
24	8	compositional_ridge	zero_effect	zero_effect_diagnostic	D	0.08928251758342576	0.05781067472138771	-0.031471842862038045	False
24	8	CPA_0.8.8	zero_effect	zero_effect_diagnostic	S	0.02309167188578644	0.02309167188578644	0.0	False
24	8	CPA_0.8.8	zero_effect	zero_effect_diagnostic	M	0.02309167188578644	0.02309167188578644	0.0	False
24	8	CPA_0.8.8	zero_effect	zero_effect_diagnostic	P	0.02309167188578644	-0.011753896536435729	-0.03484556842222217	True
24	8	CPA_0.8.8	zero_effect	zero_effect_diagnostic	O	0.02309167188578644	-0.005006445416067373	-0.02809811730185381	True
24	8	CPA_0.8.8	zero_effect	zero_effect_diagnostic	D	0.02309167188578644	-0.008380170976251572	-0.03147184286203801	True
24	16	additive	compositional_ridge	primary_state_pair	S	-0.0007912360649253228	-0.0007912360649253228	0.0	False
24	16	additive	compositional_ridge	primary_state_pair	M	-0.0007912360649253228	-0.0007912360649253228	0.0	False
24	16	additive	compositional_ridge	primary_state_pair	P	-0.0007912360649253228	-0.0007912360649253089	1.3877787807814457e-17	False
24	16	additive	compositional_ridge	primary_state_pair	O	-0.0007912360649253228	-0.0007912360649253089	1.3877787807814457e-17	False
24	16	additive	compositional_ridge	primary_state_pair	D	-0.0007912360649253228	-0.0007912360649253089	1.3877787807814457e-17	False
24	16	additive	CPA_0.8.8	primary_state_pair	S	0.06426306755923265	0.06426306755923265	0.0	False
24	16	additive	CPA_0.8.8	primary_state_pair	M	0.06426306755923265	0.06426306755923265	0.0	False
24	16	additive	CPA_0.8.8	primary_state_pair	P	0.06426306755923265	0.065478496174519	0.0012154286152863403	False
24	16	additive	CPA_0.8.8	primary_state_pair	O	0.06426306755923265	0.06304763894394633	-0.0012154286152863264	False
24	16	additive	CPA_0.8.8	primary_state_pair	D	0.06426306755923265	0.06426306755923267	1.3877787807814457e-17	False
24	16	additive	zero_effect	zero_effect_diagnostic	S	0.08074501089935042	0.08074501089935042	0.0	False
24	16	additive	zero_effect	zero_effect_diagnostic	M	0.08074501089935042	0.08074501089935042	0.0	False
24	16	additive	zero_effect	zero_effect_diagnostic	P	0.08074501089935042	0.0654202072675892	-0.015324803631761225	False
24	16	additive	zero_effect	zero_effect_diagnostic	O	0.08074501089935042	0.0654202072675892	-0.015324803631761225	False
24	16	additive	zero_effect	zero_effect_diagnostic	D	0.08074501089935042	0.0654202072675892	-0.015324803631761225	False
24	16	compositional_ridge	CPA_0.8.8	primary_state_pair	S	0.06505430362415798	0.06505430362415798	0.0	False
24	16	compositional_ridge	CPA_0.8.8	primary_state_pair	M	0.06505430362415798	0.06505430362415798	0.0	False
24	16	compositional_ridge	CPA_0.8.8	primary_state_pair	P	0.06505430362415798	0.0662697322394443	0.0012154286152863125	False
24	16	compositional_ridge	CPA_0.8.8	primary_state_pair	O	0.06505430362415798	0.06383887500887164	-0.0012154286152863403	False
24	16	compositional_ridge	CPA_0.8.8	primary_state_pair	D	0.06505430362415798	0.06505430362415798	0.0	False
24	16	compositional_ridge	zero_effect	zero_effect_diagnostic	S	0.08153624696427575	0.08153624696427575	0.0	False
24	16	compositional_ridge	zero_effect	zero_effect_diagnostic	M	0.08153624696427575	0.08153624696427575	0.0	False
24	16	compositional_ridge	zero_effect	zero_effect_diagnostic	P	0.08153624696427575	0.0662114433325145	-0.015324803631761252	False
24	16	compositional_ridge	zero_effect	zero_effect_diagnostic	O	0.08153624696427575	0.0662114433325145	-0.015324803631761252	False
24	16	compositional_ridge	zero_effect	zero_effect_diagnostic	D	0.08153624696427575	0.0662114433325145	-0.015324803631761252	False
24	16	CPA_0.8.8	zero_effect	zero_effect_diagnostic	S	0.016481943340117766	0.016481943340117766	0.0	False
24	16	CPA_0.8.8	zero_effect	zero_effect_diagnostic	M	0.016481943340117766	0.016481943340117766	0.0	False
24	16	CPA_0.8.8	zero_effect	zero_effect_diagnostic	P	0.016481943340117766	-5.828890692979871e-05	-0.016540232247047565	True
24	16	CPA_0.8.8	zero_effect	zero_effect_diagnostic	O	0.016481943340117766	0.002372568323642868	-0.014109375016474898	False
24	16	CPA_0.8.8	zero_effect	zero_effect_diagnostic	D	0.016481943340117766	0.0011571397083565277	-0.015324803631761238	False
24	32	additive	compositional_ridge	primary_state_pair	S	-0.0007912360649253228	-0.0007912360649253228	0.0	False
24	32	additive	compositional_ridge	primary_state_pair	M	-0.0007912360649253228	-0.0007912360649253228	0.0	False
24	32	additive	compositional_ridge	primary_state_pair	P	-0.0007912360649253228	-0.000791236064925302	2.0816681711721685e-17	False
24	32	additive	compositional_ridge	primary_state_pair	O	-0.0007912360649253228	-0.000791236064925302	2.0816681711721685e-17	False
24	32	additive	compositional_ridge	primary_state_pair	D	-0.0007912360649253228	-0.000791236064925302	2.0816681711721685e-17	False
24	32	additive	CPA_0.8.8	primary_state_pair	S	0.06499672392820659	0.06499672392820659	0.0	False
24	32	additive	CPA_0.8.8	primary_state_pair	M	0.06499672392820659	0.06499672392820659	0.0	False
24	32	additive	CPA_0.8.8	primary_state_pair	P	0.06499672392820659	0.0656479780924159	0.0006512541642093167	False
24	32	additive	CPA_0.8.8	primary_state_pair	O	0.06499672392820659	0.06434546976399735	-0.0006512541642092334	False
24	32	additive	CPA_0.8.8	primary_state_pair	D	0.06499672392820659	0.06499672392820663	4.163336342344337e-17	False
24	32	additive	zero_effect	zero_effect_diagnostic	S	0.07863185045571816	0.07863185045571816	0.0	False
24	32	additive	zero_effect	zero_effect_diagnostic	M	0.07863185045571816	0.07863185045571815	-1.3877787807814457e-17	False
24	32	additive	zero_effect	zero_effect_diagnostic	P	0.07863185045571816	0.07080960653131937	-0.007822243924398786	False
24	32	additive	zero_effect	zero_effect_diagnostic	O	0.07863185045571816	0.07080960653131937	-0.007822243924398786	False
24	32	additive	zero_effect	zero_effect_diagnostic	D	0.07863185045571816	0.07080960653131937	-0.007822243924398786	False
24	32	compositional_ridge	CPA_0.8.8	primary_state_pair	S	0.06578795999313192	0.06578795999313192	0.0	False
24	32	compositional_ridge	CPA_0.8.8	primary_state_pair	M	0.06578795999313192	0.06578795999313192	0.0	False
24	32	compositional_ridge	CPA_0.8.8	primary_state_pair	P	0.06578795999313192	0.06643921415734122	0.0006512541642093028	False
24	32	compositional_ridge	CPA_0.8.8	primary_state_pair	O	0.06578795999313192	0.06513670582892264	-0.0006512541642092751	False
24	32	compositional_ridge	CPA_0.8.8	primary_state_pair	D	0.06578795999313192	0.06578795999313194	2.7755575615628914e-17	False
24	32	compositional_ridge	zero_effect	zero_effect_diagnostic	S	0.07942308652064348	0.07942308652064348	0.0	False
24	32	compositional_ridge	zero_effect	zero_effect_diagnostic	M	0.07942308652064348	0.07942308652064348	0.0	False
24	32	compositional_ridge	zero_effect	zero_effect_diagnostic	P	0.07942308652064348	0.07160084259624466	-0.007822243924398814	False
24	32	compositional_ridge	zero_effect	zero_effect_diagnostic	O	0.07942308652064348	0.07160084259624466	-0.007822243924398814	False
24	32	compositional_ridge	zero_effect	zero_effect_diagnostic	D	0.07942308652064348	0.07160084259624466	-0.007822243924398814	False
24	32	CPA_0.8.8	zero_effect	zero_effect_diagnostic	S	0.013635126527511574	0.013635126527511574	0.0	False
24	32	CPA_0.8.8	zero_effect	zero_effect_diagnostic	M	0.013635126527511574	0.01363512652751156	-1.3877787807814457e-17	False
24	32	CPA_0.8.8	zero_effect	zero_effect_diagnostic	P	0.013635126527511574	0.005161628438903457	-0.008473498088608117	False
24	32	CPA_0.8.8	zero_effect	zero_effect_diagnostic	O	0.013635126527511574	0.006464136767322021	-0.007170989760189553	False
24	32	CPA_0.8.8	zero_effect	zero_effect_diagnostic	D	0.013635126527511574	0.005812882603112732	-0.007822243924398842	False
24	64	additive	compositional_ridge	primary_state_pair	S	-0.0007912360649253228	-0.0007912360649253228	0.0	False
24	64	additive	compositional_ridge	primary_state_pair	M	-0.0007912360649253228	-0.0007912360649253228	0.0	False
24	64	additive	compositional_ridge	primary_state_pair	P	-0.0007912360649253228	-0.0007912360649253367	-1.3877787807814457e-17	False
24	64	additive	compositional_ridge	primary_state_pair	O	-0.0007912360649253228	-0.0007912360649253367	-1.3877787807814457e-17	False
24	64	additive	compositional_ridge	primary_state_pair	D	-0.0007912360649253228	-0.0007912360649253367	-1.3877787807814457e-17	False
24	64	additive	CPA_0.8.8	primary_state_pair	S	0.06619394307407779	0.06619394307407779	0.0	False
24	64	additive	CPA_0.8.8	primary_state_pair	M	0.06619394307407779	0.06619394307407779	0.0	False
24	64	additive	CPA_0.8.8	primary_state_pair	P	0.06619394307407779	0.06652764484558499	0.00033370177150719715	False
24	64	additive	CPA_0.8.8	primary_state_pair	O	0.06619394307407779	0.06586024130257057	-0.0003337017715072249	False
24	64	additive	CPA_0.8.8	primary_state_pair	D	0.06619394307407779	0.06619394307407778	-1.3877787807814457e-17	False
24	64	additive	zero_effect	zero_effect_diagnostic	S	0.07823591134679023	0.07823591134679023	0.0	False
24	64	additive	zero_effect	zero_effect_diagnostic	M	0.07823591134679023	0.07823591134679023	0.0	False
24	64	additive	zero_effect	zero_effect_diagnostic	P	0.07823591134679023	0.0742705931230169	-0.003965318223773329	False
24	64	additive	zero_effect	zero_effect_diagnostic	O	0.07823591134679023	0.0742705931230169	-0.003965318223773329	False
24	64	additive	zero_effect	zero_effect_diagnostic	D	0.07823591134679023	0.0742705931230169	-0.003965318223773329	False
24	64	compositional_ridge	CPA_0.8.8	primary_state_pair	S	0.06698517913900312	0.06698517913900312	0.0	False
24	64	compositional_ridge	CPA_0.8.8	primary_state_pair	M	0.06698517913900312	0.06698517913900312	0.0	False
24	64	compositional_ridge	CPA_0.8.8	primary_state_pair	P	0.06698517913900312	0.06731888091051032	0.00033370177150719715	False
24	64	compositional_ridge	CPA_0.8.8	primary_state_pair	O	0.06698517913900312	0.06665147736749591	-0.00033370177150721103	False
24	64	compositional_ridge	CPA_0.8.8	primary_state_pair	D	0.06698517913900312	0.06698517913900312	0.0	False
24	64	compositional_ridge	zero_effect	zero_effect_diagnostic	S	0.07902714741171554	0.07902714741171554	0.0	False
24	64	compositional_ridge	zero_effect	zero_effect_diagnostic	M	0.07902714741171554	0.07902714741171554	0.0	False
24	64	compositional_ridge	zero_effect	zero_effect_diagnostic	P	0.07902714741171554	0.07506182918794224	-0.003965318223773301	False
24	64	compositional_ridge	zero_effect	zero_effect_diagnostic	O	0.07902714741171554	0.07506182918794224	-0.003965318223773301	False
24	64	compositional_ridge	zero_effect	zero_effect_diagnostic	D	0.07902714741171554	0.07506182918794224	-0.003965318223773301	False
24	64	CPA_0.8.8	zero_effect	zero_effect_diagnostic	S	0.012041968272712436	0.012041968272712436	0.0	False
24	64	CPA_0.8.8	zero_effect	zero_effect_diagnostic	M	0.012041968272712436	0.012041968272712436	0.0	False
24	64	CPA_0.8.8	zero_effect	zero_effect_diagnostic	P	0.012041968272712436	0.007742948277431924	-0.004299019995280512	False
24	64	CPA_0.8.8	zero_effect	zero_effect_diagnostic	O	0.012041968272712436	0.008410351820446332	-0.0036316164522661037	False
24	64	CPA_0.8.8	zero_effect	zero_effect_diagnostic	D	0.012041968272712436	0.008076650048939121	-0.003965318223773315	False
24	128	additive	compositional_ridge	primary_state_pair	S	-0.0007912360649253228	-0.0007912360649253228	0.0	False
24	128	additive	compositional_ridge	primary_state_pair	M	-0.0007912360649253228	-0.0007912360649253228	0.0	False
24	128	additive	compositional_ridge	primary_state_pair	P	-0.0007912360649253228	-0.0007912360649253297	-6.938893903907228e-18	False
24	128	additive	compositional_ridge	primary_state_pair	O	-0.0007912360649253228	-0.0007912360649253297	-6.938893903907228e-18	False
24	128	additive	compositional_ridge	primary_state_pair	D	-0.0007912360649253228	-0.0007912360649253297	-6.938893903907228e-18	False
24	128	additive	CPA_0.8.8	primary_state_pair	S	0.06648567737078723	0.06648567737078723	0.0	False
24	128	additive	CPA_0.8.8	primary_state_pair	M	0.06648567737078723	0.06648567737078723	0.0	False
24	128	additive	CPA_0.8.8	primary_state_pair	P	0.06648567737078723	0.0668154142189277	0.00032973684814047166	False
24	128	additive	CPA_0.8.8	primary_state_pair	O	0.06648567737078723	0.06615594052264673	-0.0003297368481404994	False
24	128	additive	CPA_0.8.8	primary_state_pair	D	0.06648567737078723	0.06648567737078723	0.0	False
24	128	additive	zero_effect	zero_effect_diagnostic	S	0.07749879872750547	0.07749879872750547	0.0	False
24	128	additive	zero_effect	zero_effect_diagnostic	M	0.07749879872750547	0.07749879872750547	0.0	False
24	128	additive	zero_effect	zero_effect_diagnostic	P	0.07749879872750547	0.07533897055005567	-0.0021598281774497935	False
24	128	additive	zero_effect	zero_effect_diagnostic	O	0.07749879872750547	0.07533897055005567	-0.0021598281774497935	False
24	128	additive	zero_effect	zero_effect_diagnostic	D	0.07749879872750547	0.07533897055005567	-0.0021598281774497935	False
24	128	compositional_ridge	CPA_0.8.8	primary_state_pair	S	0.06727691343571254	0.06727691343571254	0.0	False
24	128	compositional_ridge	CPA_0.8.8	primary_state_pair	M	0.06727691343571254	0.06727691343571254	0.0	False
24	128	compositional_ridge	CPA_0.8.8	primary_state_pair	P	0.06727691343571254	0.06760665028385304	0.0003297368481404994	False
24	128	compositional_ridge	CPA_0.8.8	primary_state_pair	O	0.06727691343571254	0.06694717658757207	-0.00032973684814047166	False
24	128	compositional_ridge	CPA_0.8.8	primary_state_pair	D	0.06727691343571254	0.06727691343571257	2.7755575615628914e-17	False
24	128	compositional_ridge	zero_effect	zero_effect_diagnostic	S	0.0782900347924308	0.0782900347924308	0.0	False
24	128	compositional_ridge	zero_effect	zero_effect_diagnostic	M	0.0782900347924308	0.0782900347924308	0.0	False
24	128	compositional_ridge	zero_effect	zero_effect_diagnostic	P	0.0782900347924308	0.07613020661498102	-0.0021598281774497796	False
24	128	compositional_ridge	zero_effect	zero_effect_diagnostic	O	0.0782900347924308	0.07613020661498102	-0.0021598281774497796	False
24	128	compositional_ridge	zero_effect	zero_effect_diagnostic	D	0.0782900347924308	0.07613020661498102	-0.0021598281774497796	False
24	128	CPA_0.8.8	zero_effect	zero_effect_diagnostic	S	0.011013121356718239	0.011013121356718239	0.0	False
24	128	CPA_0.8.8	zero_effect	zero_effect_diagnostic	M	0.011013121356718239	0.011013121356718239	0.0	False
24	128	CPA_0.8.8	zero_effect	zero_effect_diagnostic	P	0.011013121356718239	0.008523556331127974	-0.002489565025590265	False
24	128	CPA_0.8.8	zero_effect	zero_effect_diagnostic	O	0.011013121356718239	0.009183030027408945	-0.001830091329309294	False
24	128	CPA_0.8.8	zero_effect	zero_effect_diagnostic	D	0.011013121356718239	0.008853293179268446	-0.0021598281774497935	False
24	135	additive	compositional_ridge	primary_state_pair	S	-0.0007912360649253228	-0.0007912360649253228	0.0	False
24	135	additive	compositional_ridge	primary_state_pair	M	-0.0007912360649253228	-0.0007912360649253228	0.0	False
24	135	additive	compositional_ridge	primary_state_pair	P	-0.0007912360649253228	-0.0007912360649253158	6.938893903907228e-18	False
24	135	additive	compositional_ridge	primary_state_pair	O	-0.0007912360649253228	-0.0007912360649253158	6.938893903907228e-18	False
24	135	additive	compositional_ridge	primary_state_pair	D	-0.0007912360649253228	-0.0007912360649253158	6.938893903907228e-18	False
24	135	additive	CPA_0.8.8	primary_state_pair	S	0.06571636714604523	0.06571636714604523	0.0	False
24	135	additive	CPA_0.8.8	primary_state_pair	M	0.06571636714604523	0.06571636714604523	0.0	False
24	135	additive	CPA_0.8.8	primary_state_pair	P	0.06571636714604523	0.06601205370473098	0.0002956865586857538	False
24	135	additive	CPA_0.8.8	primary_state_pair	O	0.06571636714604523	0.06542068058735936	-0.0002956865586858648	False
24	135	additive	CPA_0.8.8	primary_state_pair	D	0.06571636714604523	0.0657163671460452	-2.7755575615628914e-17	False
24	135	additive	zero_effect	zero_effect_diagnostic	S	0.0766636103336846	0.0766636103336846	0.0	False
24	135	additive	zero_effect	zero_effect_diagnostic	M	0.0766636103336846	0.0766636103336846	0.0	False
24	135	additive	zero_effect	zero_effect_diagnostic	P	0.0766636103336846	0.07463172708449217	-0.002031883249192429	False
24	135	additive	zero_effect	zero_effect_diagnostic	O	0.0766636103336846	0.07463172708449217	-0.002031883249192429	False
24	135	additive	zero_effect	zero_effect_diagnostic	D	0.0766636103336846	0.07463172708449217	-0.002031883249192429	False
24	135	compositional_ridge	CPA_0.8.8	primary_state_pair	S	0.06650760321097055	0.06650760321097055	0.0	False
24	135	compositional_ridge	CPA_0.8.8	primary_state_pair	M	0.06650760321097055	0.06650760321097055	0.0	False
24	135	compositional_ridge	CPA_0.8.8	primary_state_pair	P	0.06650760321097055	0.0668032897696563	0.0002956865586857538	False
24	135	compositional_ridge	CPA_0.8.8	primary_state_pair	O	0.06650760321097055	0.06621191665228468	-0.0002956865586858648	False
24	135	compositional_ridge	CPA_0.8.8	primary_state_pair	D	0.06650760321097055	0.06650760321097052	-2.7755575615628914e-17	False
24	135	compositional_ridge	zero_effect	zero_effect_diagnostic	S	0.07745484639860992	0.07745484639860992	0.0	False
24	135	compositional_ridge	zero_effect	zero_effect_diagnostic	M	0.07745484639860992	0.07745484639860992	0.0	False
24	135	compositional_ridge	zero_effect	zero_effect_diagnostic	P	0.07745484639860992	0.07542296314941749	-0.002031883249192429	False
24	135	compositional_ridge	zero_effect	zero_effect_diagnostic	O	0.07745484639860992	0.07542296314941749	-0.002031883249192429	False
24	135	compositional_ridge	zero_effect	zero_effect_diagnostic	D	0.07745484639860992	0.07542296314941749	-0.002031883249192429	False
24	135	CPA_0.8.8	zero_effect	zero_effect_diagnostic	S	0.010947243187639372	0.010947243187639372	0.0	False
24	135	CPA_0.8.8	zero_effect	zero_effect_diagnostic	M	0.010947243187639372	0.010947243187639372	0.0	False
24	135	CPA_0.8.8	zero_effect	zero_effect_diagnostic	P	0.010947243187639372	0.008619673379761203	-0.0023275698078781687	False
24	135	CPA_0.8.8	zero_effect	zero_effect_diagnostic	O	0.010947243187639372	0.009211046497132808	-0.001736196690506564	False
24	135	CPA_0.8.8	zero_effect	zero_effect_diagnostic	D	0.010947243187639372	0.00891535993844697	-0.002031883249192401	False
25	8	additive	compositional_ridge	primary_state_pair	S	-0.0007912360649253228	-0.0007912360649253228	0.0	False
25	8	additive	compositional_ridge	primary_state_pair	M	-0.0007912360649253228	-0.0007912360649253228	0.0	False
25	8	additive	compositional_ridge	primary_state_pair	P	-0.0007912360649253228	-0.0007912360649252811	4.163336342344337e-17	False
25	8	additive	compositional_ridge	primary_state_pair	O	-0.0007912360649253228	-0.0007912360649252811	4.163336342344337e-17	False
25	8	additive	compositional_ridge	primary_state_pair	D	-0.0007912360649253228	-0.0007912360649252811	4.163336342344337e-17	False
25	8	additive	CPA_0.8.8	primary_state_pair	S	0.07106600857703489	0.07106600857703489	0.0	False
25	8	additive	CPA_0.8.8	primary_state_pair	M	0.07106600857703489	0.07106600857703492	2.7755575615628914e-17	False
25	8	additive	CPA_0.8.8	primary_state_pair	P	0.07106600857703489	0.07575809265647274	0.004692084079437844	False
25	8	additive	CPA_0.8.8	primary_state_pair	O	0.07106600857703489	0.06637392449759708	-0.004692084079437817	False
25	8	additive	CPA_0.8.8	primary_state_pair	D	0.07106600857703489	0.07106600857703493	4.163336342344337e-17	False
25	8	additive	zero_effect	zero_effect_diagnostic	S	0.09491308833176693	0.09491308833176693	0.0	False
25	8	additive	zero_effect	zero_effect_diagnostic	M	0.09491308833176693	0.09491308833176693	0.0	False
25	8	additive	zero_effect	zero_effect_diagnostic	P	0.09491308833176693	0.062488488817333314	-0.03242459951443361	False
25	8	additive	zero_effect	zero_effect_diagnostic	O	0.09491308833176693	0.062488488817333314	-0.03242459951443361	False
25	8	additive	zero_effect	zero_effect_diagnostic	D	0.09491308833176693	0.062488488817333314	-0.03242459951443361	False
25	8	compositional_ridge	CPA_0.8.8	primary_state_pair	S	0.07185724464196022	0.07185724464196022	0.0	False
25	8	compositional_ridge	CPA_0.8.8	primary_state_pair	M	0.07185724464196022	0.07185724464196025	2.7755575615628914e-17	False
25	8	compositional_ridge	CPA_0.8.8	primary_state_pair	P	0.07185724464196022	0.07654932872139801	0.004692084079437789	False
25	8	compositional_ridge	CPA_0.8.8	primary_state_pair	O	0.07185724464196022	0.06716516056252236	-0.004692084079437858	False
25	8	compositional_ridge	CPA_0.8.8	primary_state_pair	D	0.07185724464196022	0.07185724464196021	-1.3877787807814457e-17	False
25	8	compositional_ridge	zero_effect	zero_effect_diagnostic	S	0.09570432439669224	0.09570432439669224	0.0	False
25	8	compositional_ridge	zero_effect	zero_effect_diagnostic	M	0.09570432439669224	0.09570432439669224	0.0	False
25	8	compositional_ridge	zero_effect	zero_effect_diagnostic	P	0.09570432439669224	0.0632797248822586	-0.03242459951443365	False
25	8	compositional_ridge	zero_effect	zero_effect_diagnostic	O	0.09570432439669224	0.0632797248822586	-0.03242459951443365	False
25	8	compositional_ridge	zero_effect	zero_effect_diagnostic	D	0.09570432439669224	0.0632797248822586	-0.03242459951443365	False
25	8	CPA_0.8.8	zero_effect	zero_effect_diagnostic	S	0.023847079754732034	0.023847079754732034	0.0	False
25	8	CPA_0.8.8	zero_effect	zero_effect_diagnostic	M	0.023847079754732034	0.023847079754732006	-2.7755575615628914e-17	False
25	8	CPA_0.8.8	zero_effect	zero_effect_diagnostic	P	0.023847079754732034	-0.013269603839139416	-0.03711668359387145	True
25	8	CPA_0.8.8	zero_effect	zero_effect_diagnostic	O	0.023847079754732034	-0.0038854356802637685	-0.027732515434995803	True
25	8	CPA_0.8.8	zero_effect	zero_effect_diagnostic	D	0.023847079754732034	-0.008577519759701613	-0.03242459951443365	True
25	16	additive	compositional_ridge	primary_state_pair	S	-0.0007912360649253228	-0.0007912360649253228	0.0	False
25	16	additive	compositional_ridge	primary_state_pair	M	-0.0007912360649253228	-0.0007912360649253228	0.0	False
25	16	additive	compositional_ridge	primary_state_pair	P	-0.0007912360649253228	-0.0007912360649253089	1.3877787807814457e-17	False
25	16	additive	compositional_ridge	primary_state_pair	O	-0.0007912360649253228	-0.0007912360649253089	1.3877787807814457e-17	False
25	16	additive	compositional_ridge	primary_state_pair	D	-0.0007912360649253228	-0.0007912360649253089	1.3877787807814457e-17	False
25	16	additive	CPA_0.8.8	primary_state_pair	S	0.06659708301213603	0.06659708301213603	0.0	False
25	16	additive	CPA_0.8.8	primary_state_pair	M	0.06659708301213603	0.06659708301213603	0.0	False
25	16	additive	CPA_0.8.8	primary_state_pair	P	0.06659708301213603	0.06805551769587773	0.0014584346837416967	False
25	16	additive	CPA_0.8.8	primary_state_pair	O	0.06659708301213603	0.06513864832839432	-0.0014584346837417106	False
25	16	additive	CPA_0.8.8	primary_state_pair	D	0.06659708301213603	0.06659708301213603	0.0	False
25	16	additive	zero_effect	zero_effect_diagnostic	S	0.08310468669841337	0.08310468669841337	0.0	False
25	16	additive	zero_effect	zero_effect_diagnostic	M	0.08310468669841337	0.08310468669841335	-1.3877787807814457e-17	False
25	16	additive	zero_effect	zero_effect_diagnostic	P	0.08310468669841337	0.06756865411040708	-0.015536032588006288	False
25	16	additive	zero_effect	zero_effect_diagnostic	O	0.08310468669841337	0.06756865411040708	-0.015536032588006288	False
25	16	additive	zero_effect	zero_effect_diagnostic	D	0.08310468669841337	0.06756865411040708	-0.015536032588006288	False
25	16	compositional_ridge	CPA_0.8.8	primary_state_pair	S	0.06738831907706136	0.06738831907706136	0.0	False
25	16	compositional_ridge	CPA_0.8.8	primary_state_pair	M	0.06738831907706136	0.06738831907706136	0.0	False
25	16	compositional_ridge	CPA_0.8.8	primary_state_pair	P	0.06738831907706136	0.06884675376080304	0.0014584346837416828	False
25	16	compositional_ridge	CPA_0.8.8	primary_state_pair	O	0.06738831907706136	0.06592988439331962	-0.0014584346837417383	False
25	16	compositional_ridge	CPA_0.8.8	primary_state_pair	D	0.06738831907706136	0.06738831907706133	-2.7755575615628914e-17	False
25	16	compositional_ridge	zero_effect	zero_effect_diagnostic	S	0.08389592276333868	0.08389592276333868	0.0	False
25	16	compositional_ridge	zero_effect	zero_effect_diagnostic	M	0.08389592276333868	0.08389592276333868	0.0	False
25	16	compositional_ridge	zero_effect	zero_effect_diagnostic	P	0.08389592276333868	0.0683598901753324	-0.015536032588006288	False
25	16	compositional_ridge	zero_effect	zero_effect_diagnostic	O	0.08389592276333868	0.0683598901753324	-0.015536032588006288	False
25	16	compositional_ridge	zero_effect	zero_effect_diagnostic	D	0.08389592276333868	0.0683598901753324	-0.015536032588006288	False
25	16	CPA_0.8.8	zero_effect	zero_effect_diagnostic	S	0.016507603686277336	0.016507603686277336	0.0	False
25	16	CPA_0.8.8	zero_effect	zero_effect_diagnostic	M	0.016507603686277336	0.016507603686277322	-1.3877787807814457e-17	False
25	16	CPA_0.8.8	zero_effect	zero_effect_diagnostic	P	0.016507603686277336	-0.00048686358547064823	-0.016994467271747984	True
25	16	CPA_0.8.8	zero_effect	zero_effect_diagnostic	O	0.016507603686277336	0.002430005782012759	-0.014077597904264577	False
25	16	CPA_0.8.8	zero_effect	zero_effect_diagnostic	D	0.016507603686277336	0.0009715710982710485	-0.015536032588006288	False
25	32	additive	compositional_ridge	primary_state_pair	S	-0.0007912360649253228	-0.0007912360649253228	0.0	False
25	32	additive	compositional_ridge	primary_state_pair	M	-0.0007912360649253228	-0.0007912360649253228	0.0	False
25	32	additive	compositional_ridge	primary_state_pair	P	-0.0007912360649253228	-0.0007912360649253367	-1.3877787807814457e-17	False
25	32	additive	compositional_ridge	primary_state_pair	O	-0.0007912360649253228	-0.0007912360649253367	-1.3877787807814457e-17	False
25	32	additive	compositional_ridge	primary_state_pair	D	-0.0007912360649253228	-0.0007912360649253367	-1.3877787807814457e-17	False
25	32	additive	CPA_0.8.8	primary_state_pair	S	0.06611321077936567	0.06611321077936567	0.0	False
25	32	additive	CPA_0.8.8	primary_state_pair	M	0.06611321077936567	0.06611321077936567	0.0	False
25	32	additive	CPA_0.8.8	primary_state_pair	P	0.06611321077936567	0.06727366048556743	0.0011604497062017577	False
25	32	additive	CPA_0.8.8	primary_state_pair	O	0.06611321077936567	0.06495276107316392	-0.0011604497062017577	False
25	32	additive	CPA_0.8.8	primary_state_pair	D	0.06611321077936567	0.06611321077936572	4.163336342344337e-17	False
25	32	additive	zero_effect	zero_effect_diagnostic	S	0.07958497361007323	0.07958497361007323	0.0	False
25	32	additive	zero_effect	zero_effect_diagnostic	M	0.07958497361007323	0.07958497361007323	0.0	False
25	32	additive	zero_effect	zero_effect_diagnostic	P	0.07958497361007323	0.07159870960557757	-0.00798626400449566	False
25	32	additive	zero_effect	zero_effect_diagnostic	O	0.07958497361007323	0.07159870960557757	-0.00798626400449566	False
25	32	additive	zero_effect	zero_effect_diagnostic	D	0.07958497361007323	0.07159870960557757	-0.00798626400449566	False
25	32	compositional_ridge	CPA_0.8.8	primary_state_pair	S	0.066904446844291	0.066904446844291	0.0	False
25	32	compositional_ridge	CPA_0.8.8	primary_state_pair	M	0.066904446844291	0.066904446844291	0.0	False
25	32	compositional_ridge	CPA_0.8.8	primary_state_pair	P	0.066904446844291	0.06806489655049278	0.0011604497062017716	False
25	32	compositional_ridge	CPA_0.8.8	primary_state_pair	O	0.066904446844291	0.06574399713808926	-0.0011604497062017438	False
25	32	compositional_ridge	CPA_0.8.8	primary_state_pair	D	0.066904446844291	0.06690444684429105	4.163336342344337e-17	False
25	32	compositional_ridge	zero_effect	zero_effect_diagnostic	S	0.08037620967499856	0.08037620967499856	0.0	False
25	32	compositional_ridge	zero_effect	zero_effect_diagnostic	M	0.08037620967499856	0.08037620967499856	0.0	False
25	32	compositional_ridge	zero_effect	zero_effect_diagnostic	P	0.08037620967499856	0.07238994567050291	-0.007986264004495647	False
25	32	compositional_ridge	zero_effect	zero_effect_diagnostic	O	0.08037620967499856	0.07238994567050291	-0.007986264004495647	False
25	32	compositional_ridge	zero_effect	zero_effect_diagnostic	D	0.08037620967499856	0.07238994567050291	-0.007986264004495647	False
25	32	CPA_0.8.8	zero_effect	zero_effect_diagnostic	S	0.013471762830707557	0.013471762830707557	0.0	False
25	32	CPA_0.8.8	zero_effect	zero_effect_diagnostic	M	0.013471762830707557	0.013471762830707557	0.0	False
25	32	CPA_0.8.8	zero_effect	zero_effect_diagnostic	P	0.013471762830707557	0.004325049120010138	-0.009146713710697418	False
25	32	CPA_0.8.8	zero_effect	zero_effect_diagnostic	O	0.013471762830707557	0.006645948532413654	-0.006825814298293903	False
25	32	CPA_0.8.8	zero_effect	zero_effect_diagnostic	D	0.013471762830707557	0.005485498826211868	-0.007986264004495688	False
25	64	additive	compositional_ridge	primary_state_pair	S	-0.0007912360649253228	-0.0007912360649253228	0.0	False
25	64	additive	compositional_ridge	primary_state_pair	M	-0.0007912360649253228	-0.0007912360649253228	0.0	False
25	64	additive	compositional_ridge	primary_state_pair	P	-0.0007912360649253228	-0.000791236064925302	2.0816681711721685e-17	False
25	64	additive	compositional_ridge	primary_state_pair	O	-0.0007912360649253228	-0.000791236064925302	2.0816681711721685e-17	False
25	64	additive	compositional_ridge	primary_state_pair	D	-0.0007912360649253228	-0.000791236064925302	2.0816681711721685e-17	False
25	64	additive	CPA_0.8.8	primary_state_pair	S	0.0659609291576311	0.0659609291576311	0.0	False
25	64	additive	CPA_0.8.8	primary_state_pair	M	0.0659609291576311	0.0659609291576311	0.0	False
25	64	additive	CPA_0.8.8	primary_state_pair	P	0.0659609291576311	0.0663128834287403	0.0003519542711091922	False
25	64	additive	CPA_0.8.8	primary_state_pair	O	0.0659609291576311	0.06560897488652193	-0.0003519542711091783	False
25	64	additive	CPA_0.8.8	primary_state_pair	D	0.0659609291576311	0.06596092915763109	-1.3877787807814457e-17	False
25	64	additive	zero_effect	zero_effect_diagnostic	S	0.07779329386132468	0.07779329386132468	0.0	False
25	64	additive	zero_effect	zero_effect_diagnostic	M	0.07779329386132468	0.07779329386132468	0.0	False
25	64	additive	zero_effect	zero_effect_diagnostic	P	0.07779329386132468	0.07385273170806585	-0.003940562153258831	False
25	64	additive	zero_effect	zero_effect_diagnostic	O	0.07779329386132468	0.07385273170806585	-0.003940562153258831	False
25	64	additive	zero_effect	zero_effect_diagnostic	D	0.07779329386132468	0.07385273170806585	-0.003940562153258831	False
25	64	compositional_ridge	CPA_0.8.8	primary_state_pair	S	0.06675216522255642	0.06675216522255642	0.0	False
25	64	compositional_ridge	CPA_0.8.8	primary_state_pair	M	0.06675216522255642	0.06675216522255642	0.0	False
25	64	compositional_ridge	CPA_0.8.8	primary_state_pair	P	0.06675216522255642	0.0671041194936656	0.0003519542711091783	False
25	64	compositional_ridge	CPA_0.8.8	primary_state_pair	O	0.06675216522255642	0.06640021095144723	-0.0003519542711091922	False
25	64	compositional_ridge	CPA_0.8.8	primary_state_pair	D	0.06675216522255642	0.06675216522255639	-2.7755575615628914e-17	False
25	64	compositional_ridge	zero_effect	zero_effect_diagnostic	S	0.07858452992625001	0.07858452992625001	0.0	False
25	64	compositional_ridge	zero_effect	zero_effect_diagnostic	M	0.07858452992625001	0.07858452992625001	0.0	False
25	64	compositional_ridge	zero_effect	zero_effect_diagnostic	P	0.07858452992625001	0.07464396777299115	-0.003940562153258859	False
25	64	compositional_ridge	zero_effect	zero_effect_diagnostic	O	0.07858452992625001	0.07464396777299115	-0.003940562153258859	False
25	64	compositional_ridge	zero_effect	zero_effect_diagnostic	D	0.07858452992625001	0.07464396777299115	-0.003940562153258859	False
25	64	CPA_0.8.8	zero_effect	zero_effect_diagnostic	S	0.011832364703693574	0.011832364703693574	0.0	False
25	64	CPA_0.8.8	zero_effect	zero_effect_diagnostic	M	0.011832364703693574	0.011832364703693574	0.0	False
25	64	CPA_0.8.8	zero_effect	zero_effect_diagnostic	P	0.011832364703693574	0.007539848279325551	-0.004292516424368023	False
25	64	CPA_0.8.8	zero_effect	zero_effect_diagnostic	O	0.011832364703693574	0.008243756821543921	-0.0035886078821496525	False
25	64	CPA_0.8.8	zero_effect	zero_effect_diagnostic	D	0.011832364703693574	0.007891802550434757	-0.003940562153258817	False
25	128	additive	compositional_ridge	primary_state_pair	S	-0.0007912360649253228	-0.0007912360649253228	0.0	False
25	128	additive	compositional_ridge	primary_state_pair	M	-0.0007912360649253228	-0.0007912360649253228	0.0	False
25	128	additive	compositional_ridge	primary_state_pair	P	-0.0007912360649253228	-0.0007912360649253228	0.0	False
25	128	additive	compositional_ridge	primary_state_pair	O	-0.0007912360649253228	-0.0007912360649253228	0.0	False
25	128	additive	compositional_ridge	primary_state_pair	D	-0.0007912360649253228	-0.0007912360649253228	0.0	False
25	128	additive	CPA_0.8.8	primary_state_pair	S	0.06692003866904486	0.06692003866904486	0.0	False
25	128	additive	CPA_0.8.8	primary_state_pair	M	0.06692003866904486	0.06692003866904486	0.0	False
25	128	additive	CPA_0.8.8	primary_state_pair	P	0.06692003866904486	0.06702385961281296	0.00010382094376809592	False
25	128	additive	CPA_0.8.8	primary_state_pair	O	0.06692003866904486	0.0668162177252768	-0.00010382094376806816	False
25	128	additive	CPA_0.8.8	primary_state_pair	D	0.06692003866904486	0.06692003866904489	2.7755575615628914e-17	False
25	128	additive	zero_effect	zero_effect_diagnostic	S	0.0780014574245793	0.0780014574245793	0.0	False
25	128	additive	zero_effect	zero_effect_diagnostic	M	0.0780014574245793	0.0780014574245793	0.0	False
25	128	additive	zero_effect	zero_effect_diagnostic	P	0.0780014574245793	0.07610338489771479	-0.001898072526864511	False
25	128	additive	zero_effect	zero_effect_diagnostic	O	0.0780014574245793	0.07610338489771479	-0.001898072526864511	False
25	128	additive	zero_effect	zero_effect_diagnostic	D	0.0780014574245793	0.07610338489771479	-0.001898072526864511	False
25	128	compositional_ridge	CPA_0.8.8	primary_state_pair	S	0.06771127473397018	0.06771127473397018	0.0	False
25	128	compositional_ridge	CPA_0.8.8	primary_state_pair	M	0.06771127473397018	0.06771127473397018	0.0	False
25	128	compositional_ridge	CPA_0.8.8	primary_state_pair	P	0.06771127473397018	0.06781509567773827	0.00010382094376809592	False
25	128	compositional_ridge	CPA_0.8.8	primary_state_pair	O	0.06771127473397018	0.06760745379020212	-0.00010382094376805429	False
25	128	compositional_ridge	CPA_0.8.8	primary_state_pair	D	0.06771127473397018	0.06771127473397022	4.163336342344337e-17	False
25	128	compositional_ridge	zero_effect	zero_effect_diagnostic	S	0.07879269348950463	0.07879269348950463	0.0	False
25	128	compositional_ridge	zero_effect	zero_effect_diagnostic	M	0.07879269348950463	0.07879269348950463	0.0	False
25	128	compositional_ridge	zero_effect	zero_effect_diagnostic	P	0.07879269348950463	0.07689462096264012	-0.001898072526864511	False
25	128	compositional_ridge	zero_effect	zero_effect_diagnostic	O	0.07879269348950463	0.07689462096264012	-0.001898072526864511	False
25	128	compositional_ridge	zero_effect	zero_effect_diagnostic	D	0.07879269348950463	0.07689462096264012	-0.001898072526864511	False
25	128	CPA_0.8.8	zero_effect	zero_effect_diagnostic	S	0.011081418755534436	0.011081418755534436	0.0	False
25	128	CPA_0.8.8	zero_effect	zero_effect_diagnostic	M	0.011081418755534436	0.011081418755534436	0.0	False
25	128	CPA_0.8.8	zero_effect	zero_effect_diagnostic	P	0.011081418755534436	0.009079525284901843	-0.002001893470632593	False
25	128	CPA_0.8.8	zero_effect	zero_effect_diagnostic	O	0.011081418755534436	0.009287167172437993	-0.0017942515830964428	False
25	128	CPA_0.8.8	zero_effect	zero_effect_diagnostic	D	0.011081418755534436	0.009183346228669897	-0.0018980725268645388	False
25	135	additive	compositional_ridge	primary_state_pair	S	-0.0007912360649253228	-0.0007912360649253228	0.0	False
25	135	additive	compositional_ridge	primary_state_pair	M	-0.0007912360649253228	-0.0007912360649253228	0.0	False
25	135	additive	compositional_ridge	primary_state_pair	P	-0.0007912360649253228	-0.0007912360649253436	-2.0816681711721685e-17	False
25	135	additive	compositional_ridge	primary_state_pair	O	-0.0007912360649253228	-0.0007912360649253436	-2.0816681711721685e-17	False
25	135	additive	compositional_ridge	primary_state_pair	D	-0.0007912360649253228	-0.0007912360649253436	-2.0816681711721685e-17	False
25	135	additive	CPA_0.8.8	primary_state_pair	S	0.06657789104524606	0.06657789104524606	0.0	False
25	135	additive	CPA_0.8.8	primary_state_pair	M	0.06657789104524606	0.06657789104524606	0.0	False
25	135	additive	CPA_0.8.8	primary_state_pair	P	0.06657789104524606	0.06670094509884258	0.00012305405359652744	False
25	135	additive	CPA_0.8.8	primary_state_pair	O	0.06657789104524606	0.06645483699164947	-0.00012305405359658295	False
25	135	additive	CPA_0.8.8	primary_state_pair	D	0.06657789104524606	0.06657789104524602	-4.163336342344337e-17	False
25	135	additive	zero_effect	zero_effect_diagnostic	S	0.07757322723541973	0.07757322723541973	0.0	False
25	135	additive	zero_effect	zero_effect_diagnostic	M	0.07757322723541973	0.07757322723541973	0.0	False
25	135	additive	zero_effect	zero_effect_diagnostic	P	0.07757322723541973	0.07573537051265625	-0.0018378567227634868	False
25	135	additive	zero_effect	zero_effect_diagnostic	O	0.07757322723541973	0.07573537051265625	-0.0018378567227634868	False
25	135	additive	zero_effect	zero_effect_diagnostic	D	0.07757322723541973	0.07573537051265625	-0.0018378567227634868	False
25	135	compositional_ridge	CPA_0.8.8	primary_state_pair	S	0.06736912711017137	0.06736912711017137	0.0	False
25	135	compositional_ridge	CPA_0.8.8	primary_state_pair	M	0.06736912711017137	0.06736912711017137	0.0	False
25	135	compositional_ridge	CPA_0.8.8	primary_state_pair	P	0.06736912711017137	0.06749218116376793	0.0001230540535965552	False
25	135	compositional_ridge	CPA_0.8.8	primary_state_pair	O	0.06736912711017137	0.06724607305657482	-0.0001230540535965552	False
25	135	compositional_ridge	CPA_0.8.8	primary_state_pair	D	0.06736912711017137	0.06736912711017136	-1.3877787807814457e-17	False
25	135	compositional_ridge	zero_effect	zero_effect_diagnostic	S	0.07836446330034505	0.07836446330034505	0.0	False
25	135	compositional_ridge	zero_effect	zero_effect_diagnostic	M	0.07836446330034505	0.07836446330034505	0.0	False
25	135	compositional_ridge	zero_effect	zero_effect_diagnostic	P	0.07836446330034505	0.07652660657758159	-0.001837856722763459	False
25	135	compositional_ridge	zero_effect	zero_effect_diagnostic	O	0.07836446330034505	0.07652660657758159	-0.001837856722763459	False
25	135	compositional_ridge	zero_effect	zero_effect_diagnostic	D	0.07836446330034505	0.07652660657758159	-0.001837856722763459	False
25	135	CPA_0.8.8	zero_effect	zero_effect_diagnostic	S	0.010995336190173677	0.010995336190173677	0.0	False
25	135	CPA_0.8.8	zero_effect	zero_effect_diagnostic	M	0.010995336190173677	0.010995336190173677	0.0	False
25	135	CPA_0.8.8	zero_effect	zero_effect_diagnostic	P	0.010995336190173677	0.009034425413813663	-0.001960910776360014	False
25	135	CPA_0.8.8	zero_effect	zero_effect_diagnostic	O	0.010995336190173677	0.009280533521006773	-0.0017148026691669038	False
25	135	CPA_0.8.8	zero_effect	zero_effect_diagnostic	D	0.010995336190173677	0.009157479467410232	-0.0018378567227634451	False
26	8	additive	compositional_ridge	primary_state_pair	S	-0.0007912360649253228	-0.0007912360649253228	0.0	False
26	8	additive	compositional_ridge	primary_state_pair	M	-0.0007912360649253228	-0.0007912360649253228	0.0	False
26	8	additive	compositional_ridge	primary_state_pair	P	-0.0007912360649253228	-0.0007912360649253089	1.3877787807814457e-17	False
26	8	additive	compositional_ridge	primary_state_pair	O	-0.0007912360649253228	-0.0007912360649253089	1.3877787807814457e-17	False
26	8	additive	compositional_ridge	primary_state_pair	D	-0.0007912360649253228	-0.0007912360649253089	1.3877787807814457e-17	False
26	8	additive	CPA_0.8.8	primary_state_pair	S	0.06755758063464525	0.06755758063464525	0.0	False
26	8	additive	CPA_0.8.8	primary_state_pair	M	0.06755758063464525	0.06755758063464525	0.0	False
26	8	additive	CPA_0.8.8	primary_state_pair	P	0.06755758063464525	0.06992466041445335	0.002367079779808101	False
26	8	additive	CPA_0.8.8	primary_state_pair	O	0.06755758063464525	0.06519050085483724	-0.002367079779808004	False
26	8	additive	CPA_0.8.8	primary_state_pair	D	0.06755758063464525	0.06755758063464526	1.3877787807814457e-17	False
26	8	additive	zero_effect	zero_effect_diagnostic	S	0.09114091043815202	0.09114091043815202	0.0	False
26	8	additive	zero_effect	zero_effect_diagnostic	M	0.09114091043815202	0.09114091043815202	0.0	False
26	8	additive	zero_effect	zero_effect_diagnostic	P	0.09114091043815202	0.06063312116218558	-0.030507789275966438	False
26	8	additive	zero_effect	zero_effect_diagnostic	O	0.09114091043815202	0.06063312116218558	-0.030507789275966438	False
26	8	additive	zero_effect	zero_effect_diagnostic	D	0.09114091043815202	0.06063312116218558	-0.030507789275966438	False
26	8	compositional_ridge	CPA_0.8.8	primary_state_pair	S	0.06834881669957057	0.06834881669957057	0.0	False
26	8	compositional_ridge	CPA_0.8.8	primary_state_pair	M	0.06834881669957057	0.06834881669957057	0.0	False
26	8	compositional_ridge	CPA_0.8.8	primary_state_pair	P	0.06834881669957057	0.07071589647937865	0.0023670797798080734	False
26	8	compositional_ridge	CPA_0.8.8	primary_state_pair	O	0.06834881669957057	0.06598173691976256	-0.002367079779808018	False
26	8	compositional_ridge	CPA_0.8.8	primary_state_pair	D	0.06834881669957057	0.06834881669957057	0.0	False
26	8	compositional_ridge	zero_effect	zero_effect_diagnostic	S	0.09193214650307735	0.09193214650307735	0.0	False
26	8	compositional_ridge	zero_effect	zero_effect_diagnostic	M	0.09193214650307735	0.09193214650307735	0.0	False
26	8	compositional_ridge	zero_effect	zero_effect_diagnostic	P	0.09193214650307735	0.06142435722711089	-0.03050778927596646	False
26	8	compositional_ridge	zero_effect	zero_effect_diagnostic	O	0.09193214650307735	0.06142435722711089	-0.03050778927596646	False
26	8	compositional_ridge	zero_effect	zero_effect_diagnostic	D	0.09193214650307735	0.06142435722711089	-0.03050778927596646	False
26	8	CPA_0.8.8	zero_effect	zero_effect_diagnostic	S	0.023583329803506775	0.023583329803506775	0.0	False
26	8	CPA_0.8.8	zero_effect	zero_effect_diagnostic	M	0.023583329803506775	0.023583329803506775	0.0	False
26	8	CPA_0.8.8	zero_effect	zero_effect_diagnostic	P	0.023583329803506775	-0.009291539252267764	-0.03287486905577454	True
26	8	CPA_0.8.8	zero_effect	zero_effect_diagnostic	O	0.023583329803506775	-0.0045573796926516585	-0.028140709496158434	True
26	8	CPA_0.8.8	zero_effect	zero_effect_diagnostic	D	0.023583329803506775	-0.006924459472459676	-0.03050778927596645	True
26	16	additive	compositional_ridge	primary_state_pair	S	-0.0007912360649253228	-0.0007912360649253228	0.0	False
26	16	additive	compositional_ridge	primary_state_pair	M	-0.0007912360649253228	-0.0007912360649253228	0.0	False
26	16	additive	compositional_ridge	primary_state_pair	P	-0.0007912360649253228	-0.0007912360649252881	3.469446951953614e-17	False
26	16	additive	compositional_ridge	primary_state_pair	O	-0.0007912360649253228	-0.0007912360649252881	3.469446951953614e-17	False
26	16	additive	compositional_ridge	primary_state_pair	D	-0.0007912360649253228	-0.0007912360649252881	3.469446951953614e-17	False
26	16	additive	CPA_0.8.8	primary_state_pair	S	0.06775939551996489	0.06775939551996489	0.0	False
26	16	additive	CPA_0.8.8	primary_state_pair	M	0.06775939551996489	0.06775939551996489	0.0	False
26	16	additive	CPA_0.8.8	primary_state_pair	P	0.06775939551996489	0.06962988223104354	0.001870486711078645	False
26	16	additive	CPA_0.8.8	primary_state_pair	O	0.06775939551996489	0.06588890880888622	-0.0018704867110786727	False
26	16	additive	CPA_0.8.8	primary_state_pair	D	0.06775939551996489	0.06775939551996484	-5.551115123125783e-17	False
26	16	additive	zero_effect	zero_effect_diagnostic	S	0.0849850017244094	0.0849850017244094	0.0	False
26	16	additive	zero_effect	zero_effect_diagnostic	M	0.0849850017244094	0.0849850017244094	0.0	False
26	16	additive	zero_effect	zero_effect_diagnostic	P	0.0849850017244094	0.06905777263212903	-0.015927229092280365	False
26	16	additive	zero_effect	zero_effect_diagnostic	O	0.0849850017244094	0.06905777263212903	-0.015927229092280365	False
26	16	additive	zero_effect	zero_effect_diagnostic	D	0.0849850017244094	0.06905777263212903	-0.015927229092280365	False
26	16	compositional_ridge	CPA_0.8.8	primary_state_pair	S	0.06855063158489022	0.06855063158489022	0.0	False
26	16	compositional_ridge	CPA_0.8.8	primary_state_pair	M	0.06855063158489022	0.06855063158489022	0.0	False
26	16	compositional_ridge	CPA_0.8.8	primary_state_pair	P	0.06855063158489022	0.07042111829596882	0.0018704867110786033	False
26	16	compositional_ridge	CPA_0.8.8	primary_state_pair	O	0.06855063158489022	0.0666801448738115	-0.0018704867110787143	False
26	16	compositional_ridge	CPA_0.8.8	primary_state_pair	D	0.06855063158489022	0.06855063158489012	-9.71445146547012e-17	False
26	16	compositional_ridge	zero_effect	zero_effect_diagnostic	S	0.08577623778933471	0.08577623778933471	0.0	False
26	16	compositional_ridge	zero_effect	zero_effect_diagnostic	M	0.08577623778933471	0.08577623778933471	0.0	False
26	16	compositional_ridge	zero_effect	zero_effect_diagnostic	P	0.08577623778933471	0.06984900869705432	-0.015927229092280393	False
26	16	compositional_ridge	zero_effect	zero_effect_diagnostic	O	0.08577623778933471	0.06984900869705432	-0.015927229092280393	False
26	16	compositional_ridge	zero_effect	zero_effect_diagnostic	D	0.08577623778933471	0.06984900869705432	-0.015927229092280393	False
26	16	CPA_0.8.8	zero_effect	zero_effect_diagnostic	S	0.017225606204444507	0.017225606204444507	0.0	False
26	16	CPA_0.8.8	zero_effect	zero_effect_diagnostic	M	0.017225606204444507	0.017225606204444507	0.0	False
26	16	CPA_0.8.8	zero_effect	zero_effect_diagnostic	P	0.017225606204444507	-0.0005721095989145025	-0.01779771580335901	True
26	16	CPA_0.8.8	zero_effect	zero_effect_diagnostic	O	0.017225606204444507	0.003168863823242815	-0.014056742381201692	False
26	16	CPA_0.8.8	zero_effect	zero_effect_diagnostic	D	0.017225606204444507	0.001298377112164198	-0.01592722909228031	False
26	32	additive	compositional_ridge	primary_state_pair	S	-0.0007912360649253228	-0.0007912360649253228	0.0	False
26	32	additive	compositional_ridge	primary_state_pair	M	-0.0007912360649253228	-0.0007912360649253228	0.0	False
26	32	additive	compositional_ridge	primary_state_pair	P	-0.0007912360649253228	-0.000791236064925302	2.0816681711721685e-17	False
26	32	additive	compositional_ridge	primary_state_pair	O	-0.0007912360649253228	-0.000791236064925302	2.0816681711721685e-17	False
26	32	additive	compositional_ridge	primary_state_pair	D	-0.0007912360649253228	-0.000791236064925302	2.0816681711721685e-17	False
26	32	additive	CPA_0.8.8	primary_state_pair	S	0.0667276088787362	0.0667276088787362	0.0	False
26	32	additive	CPA_0.8.8	primary_state_pair	M	0.0667276088787362	0.0667276088787362	0.0	False
26	32	additive	CPA_0.8.8	primary_state_pair	P	0.0667276088787362	0.06760902558110604	0.0008814167023698388	False
26	32	additive	CPA_0.8.8	primary_state_pair	O	0.0667276088787362	0.06584619217636636	-0.0008814167023698388	False
26	32	additive	CPA_0.8.8	primary_state_pair	D	0.0667276088787362	0.0667276088787363	9.71445146547012e-17	False
26	32	additive	zero_effect	zero_effect_diagnostic	S	0.08047631768865632	0.08047631768865632	0.0	False
26	32	additive	zero_effect	zero_effect_diagnostic	M	0.08047631768865632	0.08047631768865632	0.0	False
26	32	additive	zero_effect	zero_effect_diagnostic	P	0.08047631768865632	0.07267605995501356	-0.0078002577336427625	False
26	32	additive	zero_effect	zero_effect_diagnostic	O	0.08047631768865632	0.07267605995501356	-0.0078002577336427625	False
26	32	additive	zero_effect	zero_effect_diagnostic	D	0.08047631768865632	0.07267605995501356	-0.0078002577336427625	False
26	32	compositional_ridge	CPA_0.8.8	primary_state_pair	S	0.06751884494366153	0.06751884494366153	0.0	False
26	32	compositional_ridge	CPA_0.8.8	primary_state_pair	M	0.06751884494366153	0.06751884494366153	0.0	False
26	32	compositional_ridge	CPA_0.8.8	primary_state_pair	P	0.06751884494366153	0.06840026164603136	0.0008814167023698249	False
26	32	compositional_ridge	CPA_0.8.8	primary_state_pair	O	0.06751884494366153	0.06663742824129168	-0.0008814167023698527	False
26	32	compositional_ridge	CPA_0.8.8	primary_state_pair	D	0.06751884494366153	0.06751884494366159	5.551115123125783e-17	False
26	32	compositional_ridge	zero_effect	zero_effect_diagnostic	S	0.08126755375358163	0.08126755375358163	0.0	False
26	32	compositional_ridge	zero_effect	zero_effect_diagnostic	M	0.08126755375358163	0.08126755375358163	0.0	False
26	32	compositional_ridge	zero_effect	zero_effect_diagnostic	P	0.08126755375358163	0.07346729601993884	-0.00780025773364279	False
26	32	compositional_ridge	zero_effect	zero_effect_diagnostic	O	0.08126755375358163	0.07346729601993884	-0.00780025773364279	False
26	32	compositional_ridge	zero_effect	zero_effect_diagnostic	D	0.08126755375358163	0.07346729601993884	-0.00780025773364279	False
26	32	CPA_0.8.8	zero_effect	zero_effect_diagnostic	S	0.013748708809920115	0.013748708809920115	0.0	False
26	32	CPA_0.8.8	zero_effect	zero_effect_diagnostic	M	0.013748708809920115	0.013748708809920115	0.0	False
26	32	CPA_0.8.8	zero_effect	zero_effect_diagnostic	P	0.013748708809920115	0.0050670343739075	-0.008681674436012615	False
26	32	CPA_0.8.8	zero_effect	zero_effect_diagnostic	O	0.013748708809920115	0.006829867778647178	-0.006918841031272938	False
26	32	CPA_0.8.8	zero_effect	zero_effect_diagnostic	D	0.013748708809920115	0.005948451076277256	-0.00780025773364286	False
26	64	additive	compositional_ridge	primary_state_pair	S	-0.0007912360649253228	-0.0007912360649253228	0.0	False
26	64	additive	compositional_ridge	primary_state_pair	M	-0.0007912360649253228	-0.0007912360649253228	0.0	False
26	64	additive	compositional_ridge	primary_state_pair	P	-0.0007912360649253228	-0.0007912360649253367	-1.3877787807814457e-17	False
26	64	additive	compositional_ridge	primary_state_pair	O	-0.0007912360649253228	-0.0007912360649253367	-1.3877787807814457e-17	False
26	64	additive	compositional_ridge	primary_state_pair	D	-0.0007912360649253228	-0.0007912360649253367	-1.3877787807814457e-17	False
26	64	additive	CPA_0.8.8	primary_state_pair	S	0.06661791594008183	0.06661791594008183	0.0	False
26	64	additive	CPA_0.8.8	primary_state_pair	M	0.06661791594008183	0.06661791594008183	0.0	False
26	64	additive	CPA_0.8.8	primary_state_pair	P	0.06661791594008183	0.06720213337674343	0.0005842174366615938	False
26	64	additive	CPA_0.8.8	primary_state_pair	O	0.06661791594008183	0.0660336985034202	-0.0005842174366616354	False
26	64	additive	CPA_0.8.8	primary_state_pair	D	0.06661791594008183	0.06661791594008179	-4.163336342344337e-17	False
26	64	additive	zero_effect	zero_effect_diagnostic	S	0.07872171962006344	0.07872171962006344	0.0	False
26	64	additive	zero_effect	zero_effect_diagnostic	M	0.07872171962006344	0.07872171962006344	0.0	False
26	64	additive	zero_effect	zero_effect_diagnostic	P	0.07872171962006344	0.07460164701433034	-0.004120072605733105	False
26	64	additive	zero_effect	zero_effect_diagnostic	O	0.07872171962006344	0.07460164701433034	-0.004120072605733105	False
26	64	additive	zero_effect	zero_effect_diagnostic	D	0.07872171962006344	0.07460164701433034	-0.004120072605733105	False
26	64	compositional_ridge	CPA_0.8.8	primary_state_pair	S	0.06740915200500716	0.06740915200500716	0.0	False
26	64	compositional_ridge	CPA_0.8.8	primary_state_pair	M	0.06740915200500716	0.06740915200500716	0.0	False
26	64	compositional_ridge	CPA_0.8.8	primary_state_pair	P	0.06740915200500716	0.06799336944166876	0.0005842174366615938	False
26	64	compositional_ridge	CPA_0.8.8	primary_state_pair	O	0.06740915200500716	0.06682493456834554	-0.0005842174366616215	False
26	64	compositional_ridge	CPA_0.8.8	primary_state_pair	D	0.06740915200500716	0.06740915200500713	-2.7755575615628914e-17	False
26	64	compositional_ridge	zero_effect	zero_effect_diagnostic	S	0.07951295568498876	0.07951295568498876	0.0	False
26	64	compositional_ridge	zero_effect	zero_effect_diagnostic	M	0.07951295568498876	0.07951295568498876	0.0	False
26	64	compositional_ridge	zero_effect	zero_effect_diagnostic	P	0.07951295568498876	0.07539288307925568	-0.004120072605733077	False
26	64	compositional_ridge	zero_effect	zero_effect_diagnostic	O	0.07951295568498876	0.07539288307925568	-0.004120072605733077	False
26	64	compositional_ridge	zero_effect	zero_effect_diagnostic	D	0.07951295568498876	0.07539288307925568	-0.004120072605733077	False
26	64	CPA_0.8.8	zero_effect	zero_effect_diagnostic	S	0.012103803679981609	0.012103803679981609	0.0	False
26	64	CPA_0.8.8	zero_effect	zero_effect_diagnostic	M	0.012103803679981609	0.012103803679981609	0.0	False
26	64	CPA_0.8.8	zero_effect	zero_effect_diagnostic	P	0.012103803679981609	0.00739951363758691	-0.004704290042394699	False
26	64	CPA_0.8.8	zero_effect	zero_effect_diagnostic	O	0.012103803679981609	0.00856794851091014	-0.0035358551690714696	False
26	64	CPA_0.8.8	zero_effect	zero_effect_diagnostic	D	0.012103803679981609	0.007983731074248546	-0.004120072605733063	False
26	128	additive	compositional_ridge	primary_state_pair	S	-0.0007912360649253228	-0.0007912360649253228	0.0	False
26	128	additive	compositional_ridge	primary_state_pair	M	-0.0007912360649253228	-0.0007912360649253228	0.0	False
26	128	additive	compositional_ridge	primary_state_pair	P	-0.0007912360649253228	-0.0007912360649253193	3.469446951953614e-18	False
26	128	additive	compositional_ridge	primary_state_pair	O	-0.0007912360649253228	-0.0007912360649253193	3.469446951953614e-18	False
26	128	additive	compositional_ridge	primary_state_pair	D	-0.0007912360649253228	-0.0007912360649253193	3.469446951953614e-18	False
26	128	additive	CPA_0.8.8	primary_state_pair	S	0.06548257361960493	0.06548257361960493	0.0	False
26	128	additive	CPA_0.8.8	primary_state_pair	M	0.06548257361960493	0.06548257361960493	0.0	False
26	128	additive	CPA_0.8.8	primary_state_pair	P	0.06548257361960493	0.06560116773624014	0.00011859411663521502	False
26	128	additive	CPA_0.8.8	primary_state_pair	O	0.06548257361960493	0.06536397950296963	-0.00011859411663529829	False
26	128	additive	CPA_0.8.8	primary_state_pair	D	0.06548257361960493	0.06548257361960491	-1.3877787807814457e-17	False
26	128	additive	zero_effect	zero_effect_diagnostic	S	0.07652296155126405	0.07652296155126405	0.0	False
26	128	additive	zero_effect	zero_effect_diagnostic	M	0.07652296155126405	0.07652296155126405	0.0	False
26	128	additive	zero_effect	zero_effect_diagnostic	P	0.07652296155126405	0.0746729966717701	-0.0018499648794939455	False
26	128	additive	zero_effect	zero_effect_diagnostic	O	0.07652296155126405	0.0746729966717701	-0.0018499648794939455	False
26	128	additive	zero_effect	zero_effect_diagnostic	D	0.07652296155126405	0.0746729966717701	-0.0018499648794939455	False
26	128	compositional_ridge	CPA_0.8.8	primary_state_pair	S	0.06627380968453025	0.06627380968453025	0.0	False
26	128	compositional_ridge	CPA_0.8.8	primary_state_pair	M	0.06627380968453025	0.06627380968453025	0.0	False
26	128	compositional_ridge	CPA_0.8.8	primary_state_pair	P	0.06627380968453025	0.06639240380116546	0.00011859411663520114	False
26	128	compositional_ridge	CPA_0.8.8	primary_state_pair	O	0.06627380968453025	0.06615521556789496	-0.00011859411663529829	False
26	128	compositional_ridge	CPA_0.8.8	primary_state_pair	D	0.06627380968453025	0.06627380968453023	-2.7755575615628914e-17	False
26	128	compositional_ridge	zero_effect	zero_effect_diagnostic	S	0.07731419761618938	0.07731419761618938	0.0	False
26	128	compositional_ridge	zero_effect	zero_effect_diagnostic	M	0.07731419761618938	0.07731419761618938	0.0	False
26	128	compositional_ridge	zero_effect	zero_effect_diagnostic	P	0.07731419761618938	0.07546423273669543	-0.0018499648794939455	False
26	128	compositional_ridge	zero_effect	zero_effect_diagnostic	O	0.07731419761618938	0.07546423273669543	-0.0018499648794939455	False
26	128	compositional_ridge	zero_effect	zero_effect_diagnostic	D	0.07731419761618938	0.07546423273669543	-0.0018499648794939455	False
26	128	CPA_0.8.8	zero_effect	zero_effect_diagnostic	S	0.011040387931659124	0.011040387931659124	0.0	False
26	128	CPA_0.8.8	zero_effect	zero_effect_diagnostic	M	0.011040387931659124	0.011040387931659124	0.0	False
26	128	CPA_0.8.8	zero_effect	zero_effect_diagnostic	P	0.011040387931659124	0.009071828935529977	-0.0019685589961291466	False
26	128	CPA_0.8.8	zero_effect	zero_effect_diagnostic	O	0.011040387931659124	0.009309017168800476	-0.0017313707628586472	False
26	128	CPA_0.8.8	zero_effect	zero_effect_diagnostic	D	0.011040387931659124	0.009190423052165206	-0.0018499648794939177	False
26	135	additive	compositional_ridge	primary_state_pair	S	-0.0007912360649253228	-0.0007912360649253228	0.0	False
26	135	additive	compositional_ridge	primary_state_pair	M	-0.0007912360649253228	-0.0007912360649253228	0.0	False
26	135	additive	compositional_ridge	primary_state_pair	P	-0.0007912360649253228	-0.0007912360649253124	1.0408340855860843e-17	False
26	135	additive	compositional_ridge	primary_state_pair	O	-0.0007912360649253228	-0.0007912360649253124	1.0408340855860843e-17	False
26	135	additive	compositional_ridge	primary_state_pair	D	-0.0007912360649253228	-0.0007912360649253124	1.0408340855860843e-17	False
26	135	additive	CPA_0.8.8	primary_state_pair	S	0.065470518936379	0.065470518936379	0.0	False
26	135	additive	CPA_0.8.8	primary_state_pair	M	0.065470518936379	0.065470518936379	0.0	False
26	135	additive	CPA_0.8.8	primary_state_pair	P	0.065470518936379	0.06558369152331511	0.00011317258693611942	False
26	135	additive	CPA_0.8.8	primary_state_pair	O	0.065470518936379	0.0653573463494429	-0.00011317258693609167	False
26	135	additive	CPA_0.8.8	primary_state_pair	D	0.065470518936379	0.06547051893637901	1.3877787807814457e-17	False
26	135	additive	zero_effect	zero_effect_diagnostic	S	0.07645097551474453	0.07645097551474453	0.0	False
26	135	additive	zero_effect	zero_effect_diagnostic	M	0.07645097551474453	0.07645097551474453	0.0	False
26	135	additive	zero_effect	zero_effect_diagnostic	P	0.07645097551474453	0.0746787940916133	-0.001772181423131236	False
26	135	additive	zero_effect	zero_effect_diagnostic	O	0.07645097551474453	0.0746787940916133	-0.001772181423131236	False
26	135	additive	zero_effect	zero_effect_diagnostic	D	0.07645097551474453	0.0746787940916133	-0.001772181423131236	False
26	135	compositional_ridge	CPA_0.8.8	primary_state_pair	S	0.06626175500130432	0.06626175500130432	0.0	False
26	135	compositional_ridge	CPA_0.8.8	primary_state_pair	M	0.06626175500130432	0.06626175500130432	0.0	False
26	135	compositional_ridge	CPA_0.8.8	primary_state_pair	P	0.06626175500130432	0.06637492758824043	0.00011317258693610555	False
26	135	compositional_ridge	CPA_0.8.8	primary_state_pair	O	0.06626175500130432	0.06614858241436822	-0.00011317258693610555	False
26	135	compositional_ridge	CPA_0.8.8	primary_state_pair	D	0.06626175500130432	0.06626175500130432	0.0	False
26	135	compositional_ridge	zero_effect	zero_effect_diagnostic	S	0.07724221157966984	0.07724221157966984	0.0	False
26	135	compositional_ridge	zero_effect	zero_effect_diagnostic	M	0.07724221157966984	0.07724221157966984	0.0	False
26	135	compositional_ridge	zero_effect	zero_effect_diagnostic	P	0.07724221157966984	0.07547003015653861	-0.001772181423131236	False
26	135	compositional_ridge	zero_effect	zero_effect_diagnostic	O	0.07724221157966984	0.07547003015653861	-0.001772181423131236	False
26	135	compositional_ridge	zero_effect	zero_effect_diagnostic	D	0.07724221157966984	0.07547003015653861	-0.001772181423131236	False
26	135	CPA_0.8.8	zero_effect	zero_effect_diagnostic	S	0.010980456578365536	0.010980456578365536	0.0	False
26	135	CPA_0.8.8	zero_effect	zero_effect_diagnostic	M	0.010980456578365536	0.010980456578365536	0.0	False
26	135	CPA_0.8.8	zero_effect	zero_effect_diagnostic	P	0.010980456578365536	0.00909510256829818	-0.0018853540100673555	False
26	135	CPA_0.8.8	zero_effect	zero_effect_diagnostic	O	0.010980456578365536	0.009321447742170391	-0.0016590088361951444	False
26	135	CPA_0.8.8	zero_effect	zero_effect_diagnostic	D	0.010980456578365536	0.009208275155234286	-0.00177218142313125	False
27	8	additive	compositional_ridge	primary_state_pair	S	-0.0007912360649253228	-0.0007912360649253228	0.0	False
27	8	additive	compositional_ridge	primary_state_pair	M	-0.0007912360649253228	-0.0007912360649253228	0.0	False
27	8	additive	compositional_ridge	primary_state_pair	P	-0.0007912360649253228	-0.0007912360649252881	3.469446951953614e-17	False
27	8	additive	compositional_ridge	primary_state_pair	O	-0.0007912360649253228	-0.0007912360649252881	3.469446951953614e-17	False
27	8	additive	compositional_ridge	primary_state_pair	D	-0.0007912360649253228	-0.0007912360649252881	3.469446951953614e-17	False
27	8	additive	CPA_0.8.8	primary_state_pair	S	0.06393160217482288	0.06393160217482288	0.0	False
27	8	additive	CPA_0.8.8	primary_state_pair	M	0.06393160217482288	0.06393160217482288	0.0	False
27	8	additive	CPA_0.8.8	primary_state_pair	P	0.06393160217482288	0.06590549418720906	0.0019738920123861803	False
27	8	additive	CPA_0.8.8	primary_state_pair	O	0.06393160217482288	0.06195771016243675	-0.0019738920123861317	False
27	8	additive	CPA_0.8.8	primary_state_pair	D	0.06393160217482288	0.06393160217482291	2.7755575615628914e-17	False
27	8	additive	zero_effect	zero_effect_diagnostic	S	0.08818061742362789	0.08818061742362789	0.0	False
27	8	additive	zero_effect	zero_effect_diagnostic	M	0.08818061742362789	0.08818061742362789	0.0	False
27	8	additive	zero_effect	zero_effect_diagnostic	P	0.08818061742362789	0.05798938165784009	-0.030191235765787798	False
27	8	additive	zero_effect	zero_effect_diagnostic	O	0.08818061742362789	0.05798938165784009	-0.030191235765787798	False
27	8	additive	zero_effect	zero_effect_diagnostic	D	0.08818061742362789	0.05798938165784009	-0.030191235765787798	False
27	8	compositional_ridge	CPA_0.8.8	primary_state_pair	S	0.0647228382397482	0.0647228382397482	0.0	False
27	8	compositional_ridge	CPA_0.8.8	primary_state_pair	M	0.0647228382397482	0.0647228382397482	0.0	False
27	8	compositional_ridge	CPA_0.8.8	primary_state_pair	P	0.0647228382397482	0.06669673025213435	0.0019738920123861525	False
27	8	compositional_ridge	CPA_0.8.8	primary_state_pair	O	0.0647228382397482	0.06274894622736205	-0.0019738920123861525	False
27	8	compositional_ridge	CPA_0.8.8	primary_state_pair	D	0.0647228382397482	0.0647228382397482	0.0	False
27	8	compositional_ridge	zero_effect	zero_effect_diagnostic	S	0.08897185348855322	0.08897185348855322	0.0	False
27	8	compositional_ridge	zero_effect	zero_effect_diagnostic	M	0.08897185348855322	0.08897185348855322	0.0	False
27	8	compositional_ridge	zero_effect	zero_effect_diagnostic	P	0.08897185348855322	0.058780617722765376	-0.03019123576578784	False
27	8	compositional_ridge	zero_effect	zero_effect_diagnostic	O	0.08897185348855322	0.058780617722765376	-0.03019123576578784	False
27	8	compositional_ridge	zero_effect	zero_effect_diagnostic	D	0.08897185348855322	0.058780617722765376	-0.03019123576578784	False
27	8	CPA_0.8.8	zero_effect	zero_effect_diagnostic	S	0.024249015248805003	0.024249015248805003	0.0	False
27	8	CPA_0.8.8	zero_effect	zero_effect_diagnostic	M	0.024249015248805003	0.024249015248805003	0.0	False
27	8	CPA_0.8.8	zero_effect	zero_effect_diagnostic	P	0.024249015248805003	-0.007916112529368968	-0.03216512777817397	True
27	8	CPA_0.8.8	zero_effect	zero_effect_diagnostic	O	0.024249015248805003	-0.003968328504596663	-0.028217343753401666	True
27	8	CPA_0.8.8	zero_effect	zero_effect_diagnostic	D	0.024249015248805003	-0.005942220516982816	-0.03019123576578782	True
27	16	additive	compositional_ridge	primary_state_pair	S	-0.0007912360649253228	-0.0007912360649253228	0.0	False
27	16	additive	compositional_ridge	primary_state_pair	M	-0.0007912360649253228	-0.0007912360649253228	0.0	False
27	16	additive	compositional_ridge	primary_state_pair	P	-0.0007912360649253228	-0.000791236064925295	2.7755575615628914e-17	False
27	16	additive	compositional_ridge	primary_state_pair	O	-0.0007912360649253228	-0.000791236064925295	2.7755575615628914e-17	False
27	16	additive	compositional_ridge	primary_state_pair	D	-0.0007912360649253228	-0.000791236064925295	2.7755575615628914e-17	False
27	16	additive	CPA_0.8.8	primary_state_pair	S	0.06470641902593162	0.06470641902593162	0.0	False
27	16	additive	CPA_0.8.8	primary_state_pair	M	0.06470641902593162	0.06470641902593163	1.3877787807814457e-17	False
27	16	additive	CPA_0.8.8	primary_state_pair	P	0.06470641902593162	0.06673974677798922	0.002033327752057598	False
27	16	additive	CPA_0.8.8	primary_state_pair	O	0.06470641902593162	0.06267309127387397	-0.0020333277520576537	False
27	16	additive	CPA_0.8.8	primary_state_pair	D	0.06470641902593162	0.06470641902593163	1.3877787807814457e-17	False
27	16	additive	zero_effect	zero_effect_diagnostic	S	0.0820379787593045	0.0820379787593045	0.0	False
27	16	additive	zero_effect	zero_effect_diagnostic	M	0.0820379787593045	0.0820379787593045	0.0	False
27	16	additive	zero_effect	zero_effect_diagnostic	P	0.0820379787593045	0.0661704345654757	-0.01586754419382881	False
27	16	additive	zero_effect	zero_effect_diagnostic	O	0.0820379787593045	0.0661704345654757	-0.01586754419382881	False
27	16	additive	zero_effect	zero_effect_diagnostic	D	0.0820379787593045	0.0661704345654757	-0.01586754419382881	False
27	16	compositional_ridge	CPA_0.8.8	primary_state_pair	S	0.06549765509085695	0.06549765509085695	0.0	False
27	16	compositional_ridge	CPA_0.8.8	primary_state_pair	M	0.06549765509085695	0.06549765509085695	0.0	False
27	16	compositional_ridge	CPA_0.8.8	primary_state_pair	P	0.06549765509085695	0.0675309828429145	0.0020333277520575566	False
27	16	compositional_ridge	CPA_0.8.8	primary_state_pair	O	0.06549765509085695	0.06346432733879925	-0.0020333277520576953	False
27	16	compositional_ridge	CPA_0.8.8	primary_state_pair	D	0.06549765509085695	0.06549765509085692	-2.7755575615628914e-17	False
27	16	compositional_ridge	zero_effect	zero_effect_diagnostic	S	0.08282921482422984	0.08282921482422984	0.0	False
27	16	compositional_ridge	zero_effect	zero_effect_diagnostic	M	0.08282921482422984	0.08282921482422984	0.0	False
27	16	compositional_ridge	zero_effect	zero_effect_diagnostic	P	0.08282921482422984	0.06696167063040098	-0.015867544193828853	False
27	16	compositional_ridge	zero_effect	zero_effect_diagnostic	O	0.08282921482422984	0.06696167063040098	-0.015867544193828853	False
27	16	compositional_ridge	zero_effect	zero_effect_diagnostic	D	0.08282921482422984	0.06696167063040098	-0.015867544193828853	False
27	16	CPA_0.8.8	zero_effect	zero_effect_diagnostic	S	0.017331559733372887	0.017331559733372887	0.0	False
27	16	CPA_0.8.8	zero_effect	zero_effect_diagnostic	M	0.017331559733372887	0.017331559733372873	-1.3877787807814457e-17	False
27	16	CPA_0.8.8	zero_effect	zero_effect_diagnostic	P	0.017331559733372887	-0.000569312212513523	-0.01790087194588641	True
27	16	CPA_0.8.8	zero_effect	zero_effect_diagnostic	O	0.017331559733372887	0.003497343291601729	-0.013834216441771158	False
27	16	CPA_0.8.8	zero_effect	zero_effect_diagnostic	D	0.017331559733372887	0.0014640155395440613	-0.015867544193828825	False
27	32	additive	compositional_ridge	primary_state_pair	S	-0.0007912360649253228	-0.0007912360649253228	0.0	False
27	32	additive	compositional_ridge	primary_state_pair	M	-0.0007912360649253228	-0.0007912360649253228	0.0	False
27	32	additive	compositional_ridge	primary_state_pair	P	-0.0007912360649253228	-0.0007912360649253158	6.938893903907228e-18	False
27	32	additive	compositional_ridge	primary_state_pair	O	-0.0007912360649253228	-0.0007912360649253158	6.938893903907228e-18	False
27	32	additive	compositional_ridge	primary_state_pair	D	-0.0007912360649253228	-0.0007912360649253158	6.938893903907228e-18	False
27	32	additive	CPA_0.8.8	primary_state_pair	S	0.06257479865221463	0.06257479865221463	0.0	False
27	32	additive	CPA_0.8.8	primary_state_pair	M	0.06257479865221463	0.06257479865221463	0.0	False
27	32	additive	CPA_0.8.8	primary_state_pair	P	0.06257479865221463	0.06394666203925183	0.001371863387037195	False
27	32	additive	CPA_0.8.8	primary_state_pair	O	0.06257479865221463	0.06120293526517749	-0.0013718633870371394	False
27	32	additive	CPA_0.8.8	primary_state_pair	D	0.06257479865221463	0.0625747986522147	6.938893903907228e-17	False
27	32	additive	zero_effect	zero_effect_diagnostic	S	0.07589258212838143	0.07589258212838143	0.0	False
27	32	additive	zero_effect	zero_effect_diagnostic	M	0.07589258212838143	0.07589258212838143	0.0	False
27	32	additive	zero_effect	zero_effect_diagnostic	P	0.07589258212838143	0.06752410441070235	-0.008368477717679082	False
27	32	additive	zero_effect	zero_effect_diagnostic	O	0.07589258212838143	0.06752410441070235	-0.008368477717679082	False
27	32	additive	zero_effect	zero_effect_diagnostic	D	0.07589258212838143	0.06752410441070235	-0.008368477717679082	False
27	32	compositional_ridge	CPA_0.8.8	primary_state_pair	S	0.06336603471713995	0.06336603471713995	0.0	False
27	32	compositional_ridge	CPA_0.8.8	primary_state_pair	M	0.06336603471713995	0.06336603471713995	0.0	False
27	32	compositional_ridge	CPA_0.8.8	primary_state_pair	P	0.06336603471713995	0.06473789810417714	0.001371863387037195	False
27	32	compositional_ridge	CPA_0.8.8	primary_state_pair	O	0.06336603471713995	0.06199417133010281	-0.0013718633870371394	False
27	32	compositional_ridge	CPA_0.8.8	primary_state_pair	D	0.06336603471713995	0.06336603471714002	6.938893903907228e-17	False
27	32	compositional_ridge	zero_effect	zero_effect_diagnostic	S	0.07668381819330675	0.07668381819330675	0.0	False
27	32	compositional_ridge	zero_effect	zero_effect_diagnostic	M	0.07668381819330675	0.07668381819330675	0.0	False
27	32	compositional_ridge	zero_effect	zero_effect_diagnostic	P	0.07668381819330675	0.06831534047562766	-0.008368477717679082	False
27	32	compositional_ridge	zero_effect	zero_effect_diagnostic	O	0.07668381819330675	0.06831534047562766	-0.008368477717679082	False
27	32	compositional_ridge	zero_effect	zero_effect_diagnostic	D	0.07668381819330675	0.06831534047562766	-0.008368477717679082	False
27	32	CPA_0.8.8	zero_effect	zero_effect_diagnostic	S	0.0133177834761668	0.0133177834761668	0.0	False
27	32	CPA_0.8.8	zero_effect	zero_effect_diagnostic	M	0.0133177834761668	0.0133177834761668	0.0	False
27	32	CPA_0.8.8	zero_effect	zero_effect_diagnostic	P	0.0133177834761668	0.0035774423714505232	-0.009740341104716277	False
27	32	CPA_0.8.8	zero_effect	zero_effect_diagnostic	O	0.0133177834761668	0.0063211691455248575	-0.006996614330641943	False
27	32	CPA_0.8.8	zero_effect	zero_effect_diagnostic	D	0.0133177834761668	0.004949305758487649	-0.008368477717679151	False
27	64	additive	compositional_ridge	primary_state_pair	S	-0.0007912360649253228	-0.0007912360649253228	0.0	False
27	64	additive	compositional_ridge	primary_state_pair	M	-0.0007912360649253228	-0.0007912360649253228	0.0	False
27	64	additive	compositional_ridge	primary_state_pair	P	-0.0007912360649253228	-0.0007912360649253124	1.0408340855860843e-17	False
27	64	additive	compositional_ridge	primary_state_pair	O	-0.0007912360649253228	-0.0007912360649253124	1.0408340855860843e-17	False
27	64	additive	compositional_ridge	primary_state_pair	D	-0.0007912360649253228	-0.0007912360649253124	1.0408340855860843e-17	False
27	64	additive	CPA_0.8.8	primary_state_pair	S	0.06474386478213935	0.06474386478213935	0.0	False
27	64	additive	CPA_0.8.8	primary_state_pair	M	0.06474386478213935	0.06474386478213935	0.0	False
27	64	additive	CPA_0.8.8	primary_state_pair	P	0.06474386478213935	0.06505881100733873	0.0003149462251993834	False
27	64	additive	CPA_0.8.8	primary_state_pair	O	0.06474386478213935	0.06442891855694	-0.00031494622519935567	False
27	64	additive	CPA_0.8.8	primary_state_pair	D	0.06474386478213935	0.06474386478213937	1.3877787807814457e-17	False
27	64	additive	zero_effect	zero_effect_diagnostic	S	0.07632618011469819	0.07632618011469819	0.0	False
27	64	additive	zero_effect	zero_effect_diagnostic	M	0.07632618011469819	0.07632618011469816	-2.7755575615628914e-17	False
27	64	additive	zero_effect	zero_effect_diagnostic	P	0.07632618011469819	0.07244973680979688	-0.003876443304901306	False
27	64	additive	zero_effect	zero_effect_diagnostic	O	0.07632618011469819	0.07244973680979688	-0.003876443304901306	False
27	64	additive	zero_effect	zero_effect_diagnostic	D	0.07632618011469819	0.07244973680979688	-0.003876443304901306	False
27	64	compositional_ridge	CPA_0.8.8	primary_state_pair	S	0.06553510084706468	0.06553510084706468	0.0	False
27	64	compositional_ridge	CPA_0.8.8	primary_state_pair	M	0.06553510084706468	0.06553510084706468	0.0	False
27	64	compositional_ridge	CPA_0.8.8	primary_state_pair	P	0.06553510084706468	0.06585004707226405	0.00031494622519936954	False
27	64	compositional_ridge	CPA_0.8.8	primary_state_pair	O	0.06553510084706468	0.06522015462186531	-0.00031494622519936954	False
27	64	compositional_ridge	CPA_0.8.8	primary_state_pair	D	0.06553510084706468	0.06553510084706468	0.0	False
27	64	compositional_ridge	zero_effect	zero_effect_diagnostic	S	0.0771174161796235	0.0771174161796235	0.0	False
27	64	compositional_ridge	zero_effect	zero_effect_diagnostic	M	0.0771174161796235	0.07711741617962348	-2.7755575615628914e-17	False
27	64	compositional_ridge	zero_effect	zero_effect_diagnostic	P	0.0771174161796235	0.0732409728747222	-0.003876443304901306	False
27	64	compositional_ridge	zero_effect	zero_effect_diagnostic	O	0.0771174161796235	0.0732409728747222	-0.003876443304901306	False
27	64	compositional_ridge	zero_effect	zero_effect_diagnostic	D	0.0771174161796235	0.0732409728747222	-0.003876443304901306	False
27	64	CPA_0.8.8	zero_effect	zero_effect_diagnostic	S	0.011582315332558837	0.011582315332558837	0.0	False
27	64	CPA_0.8.8	zero_effect	zero_effect_diagnostic	M	0.011582315332558837	0.01158231533255881	-2.7755575615628914e-17	False
27	64	CPA_0.8.8	zero_effect	zero_effect_diagnostic	P	0.011582315332558837	0.007390925802458148	-0.004191389530100689	False
27	64	CPA_0.8.8	zero_effect	zero_effect_diagnostic	O	0.011582315332558837	0.008020818252856887	-0.00356149707970195	False
27	64	CPA_0.8.8	zero_effect	zero_effect_diagnostic	D	0.011582315332558837	0.007705872027657518	-0.0038764433049013197	False
27	128	additive	compositional_ridge	primary_state_pair	S	-0.0007912360649253228	-0.0007912360649253228	0.0	False
27	128	additive	compositional_ridge	primary_state_pair	M	-0.0007912360649253228	-0.0007912360649253228	0.0	False
27	128	additive	compositional_ridge	primary_state_pair	P	-0.0007912360649253228	-0.0007912360649253158	6.938893903907228e-18	False
27	128	additive	compositional_ridge	primary_state_pair	O	-0.0007912360649253228	-0.0007912360649253158	6.938893903907228e-18	False
27	128	additive	compositional_ridge	primary_state_pair	D	-0.0007912360649253228	-0.0007912360649253158	6.938893903907228e-18	False
27	128	additive	CPA_0.8.8	primary_state_pair	S	0.0660361477460038	0.0660361477460038	0.0	False
27	128	additive	CPA_0.8.8	primary_state_pair	M	0.0660361477460038	0.0660361477460038	0.0	False
27	128	additive	CPA_0.8.8	primary_state_pair	P	0.0660361477460038	0.06616875526761998	0.00013260752161617373	False
27	128	additive	CPA_0.8.8	primary_state_pair	O	0.0660361477460038	0.06590354022438766	-0.00013260752161614597	False
27	128	additive	CPA_0.8.8	primary_state_pair	D	0.0660361477460038	0.0660361477460038	0.0	False
27	128	additive	zero_effect	zero_effect_diagnostic	S	0.07684398522352154	0.07684398522352154	0.0	False
27	128	additive	zero_effect	zero_effect_diagnostic	M	0.07684398522352154	0.07684398522352154	0.0	False
27	128	additive	zero_effect	zero_effect_diagnostic	P	0.07684398522352154	0.07500423222268121	-0.0018397530008403273	False
27	128	additive	zero_effect	zero_effect_diagnostic	O	0.07684398522352154	0.07500423222268121	-0.0018397530008403273	False
27	128	additive	zero_effect	zero_effect_diagnostic	D	0.07684398522352154	0.07500423222268121	-0.0018397530008403273	False
27	128	compositional_ridge	CPA_0.8.8	primary_state_pair	S	0.06682738381092912	0.06682738381092912	0.0	False
27	128	compositional_ridge	CPA_0.8.8	primary_state_pair	M	0.06682738381092912	0.06682738381092912	0.0	False
27	128	compositional_ridge	CPA_0.8.8	primary_state_pair	P	0.06682738381092912	0.0669599913325453	0.00013260752161617373	False
27	128	compositional_ridge	CPA_0.8.8	primary_state_pair	O	0.06682738381092912	0.06669477628931297	-0.00013260752161614597	False
27	128	compositional_ridge	CPA_0.8.8	primary_state_pair	D	0.06682738381092912	0.06682738381092912	0.0	False
27	128	compositional_ridge	zero_effect	zero_effect_diagnostic	S	0.07763522128844685	0.07763522128844685	0.0	False
27	128	compositional_ridge	zero_effect	zero_effect_diagnostic	M	0.07763522128844685	0.07763522128844685	0.0	False
27	128	compositional_ridge	zero_effect	zero_effect_diagnostic	P	0.07763522128844685	0.07579546828760653	-0.0018397530008403273	False
27	128	compositional_ridge	zero_effect	zero_effect_diagnostic	O	0.07763522128844685	0.07579546828760653	-0.0018397530008403273	False
27	128	compositional_ridge	zero_effect	zero_effect_diagnostic	D	0.07763522128844685	0.07579546828760653	-0.0018397530008403273	False
27	128	CPA_0.8.8	zero_effect	zero_effect_diagnostic	S	0.010807837477517734	0.010807837477517734	0.0	False
27	128	CPA_0.8.8	zero_effect	zero_effect_diagnostic	M	0.010807837477517734	0.010807837477517734	0.0	False
27	128	CPA_0.8.8	zero_effect	zero_effect_diagnostic	P	0.010807837477517734	0.008835476955061233	-0.001972360522456501	False
27	128	CPA_0.8.8	zero_effect	zero_effect_diagnostic	O	0.010807837477517734	0.009100691998293567	-0.0017071454792241675	False
27	128	CPA_0.8.8	zero_effect	zero_effect_diagnostic	D	0.010807837477517734	0.008968084476677421	-0.0018397530008403135	False
27	135	additive	compositional_ridge	primary_state_pair	S	-0.0007912360649253228	-0.0007912360649253228	0.0	False
27	135	additive	compositional_ridge	primary_state_pair	M	-0.0007912360649253228	-0.0007912360649253228	0.0	False
27	135	additive	compositional_ridge	primary_state_pair	P	-0.0007912360649253228	-0.0007912360649253297	-6.938893903907228e-18	False
27	135	additive	compositional_ridge	primary_state_pair	O	-0.0007912360649253228	-0.0007912360649253297	-6.938893903907228e-18	False
27	135	additive	compositional_ridge	primary_state_pair	D	-0.0007912360649253228	-0.0007912360649253297	-6.938893903907228e-18	False
27	135	additive	CPA_0.8.8	primary_state_pair	S	0.06581862338107841	0.06581862338107841	0.0	False
27	135	additive	CPA_0.8.8	primary_state_pair	M	0.06581862338107841	0.06581862338107843	1.3877787807814457e-17	False
27	135	additive	CPA_0.8.8	primary_state_pair	P	0.06581862338107841	0.0659479967340853	0.00012937335300688968	False
27	135	additive	CPA_0.8.8	primary_state_pair	O	0.06581862338107841	0.06568925002807158	-0.00012937335300683417	False
27	135	additive	CPA_0.8.8	primary_state_pair	D	0.06581862338107841	0.06581862338107841	0.0	False
27	135	additive	zero_effect	zero_effect_diagnostic	S	0.07661719731974222	0.07661719731974222	0.0	False
27	135	additive	zero_effect	zero_effect_diagnostic	M	0.07661719731974222	0.0766171973197422	-1.3877787807814457e-17	False
27	135	additive	zero_effect	zero_effect_diagnostic	P	0.07661719731974222	0.07484637417074028	-0.0017708231490019405	False
27	135	additive	zero_effect	zero_effect_diagnostic	O	0.07661719731974222	0.07484637417074028	-0.0017708231490019405	False
27	135	additive	zero_effect	zero_effect_diagnostic	D	0.07661719731974222	0.07484637417074028	-0.0017708231490019405	False
27	135	compositional_ridge	CPA_0.8.8	primary_state_pair	S	0.06660985944600373	0.06660985944600373	0.0	False
27	135	compositional_ridge	CPA_0.8.8	primary_state_pair	M	0.06660985944600373	0.06660985944600376	2.7755575615628914e-17	False
27	135	compositional_ridge	CPA_0.8.8	primary_state_pair	P	0.06660985944600373	0.06673923279901064	0.00012937335300691744	False
27	135	compositional_ridge	CPA_0.8.8	primary_state_pair	O	0.06660985944600373	0.06648048609299692	-0.0001293733530068064	False
27	135	compositional_ridge	CPA_0.8.8	primary_state_pair	D	0.06660985944600373	0.06660985944600376	2.7755575615628914e-17	False
27	135	compositional_ridge	zero_effect	zero_effect_diagnostic	S	0.07740843338466755	0.07740843338466755	0.0	False
27	135	compositional_ridge	zero_effect	zero_effect_diagnostic	M	0.07740843338466755	0.07740843338466752	-2.7755575615628914e-17	False
27	135	compositional_ridge	zero_effect	zero_effect_diagnostic	P	0.07740843338466755	0.07563761023566559	-0.0017708231490019544	False
27	135	compositional_ridge	zero_effect	zero_effect_diagnostic	O	0.07740843338466755	0.07563761023566559	-0.0017708231490019544	False
27	135	compositional_ridge	zero_effect	zero_effect_diagnostic	D	0.07740843338466755	0.07563761023566559	-0.0017708231490019544	False
27	135	CPA_0.8.8	zero_effect	zero_effect_diagnostic	S	0.010798573938663805	0.010798573938663805	0.0	False
27	135	CPA_0.8.8	zero_effect	zero_effect_diagnostic	M	0.010798573938663805	0.010798573938663777	-2.7755575615628914e-17	False
27	135	CPA_0.8.8	zero_effect	zero_effect_diagnostic	P	0.010798573938663805	0.008898377436654961	-0.001900196502008844	False
27	135	CPA_0.8.8	zero_effect	zero_effect_diagnostic	O	0.010798573938663805	0.009157124142668685	-0.0016414497959951202	False
27	135	CPA_0.8.8	zero_effect	zero_effect_diagnostic	D	0.010798573938663805	0.00902775078966185	-0.0017708231490019544	False
28	8	additive	compositional_ridge	primary_state_pair	S	-0.0007912360649253228	-0.0007912360649253228	0.0	False
28	8	additive	compositional_ridge	primary_state_pair	M	-0.0007912360649253228	-0.0007912360649253228	0.0	False
28	8	additive	compositional_ridge	primary_state_pair	P	-0.0007912360649253228	-0.0007912360649253505	-2.7755575615628914e-17	False
28	8	additive	compositional_ridge	primary_state_pair	O	-0.0007912360649253228	-0.0007912360649253505	-2.7755575615628914e-17	False
28	8	additive	compositional_ridge	primary_state_pair	D	-0.0007912360649253228	-0.0007912360649253505	-2.7755575615628914e-17	False
28	8	additive	CPA_0.8.8	primary_state_pair	S	0.06843807889676275	0.06843807889676275	0.0	False
28	8	additive	CPA_0.8.8	primary_state_pair	M	0.06843807889676275	0.06843807889676275	0.0	False
28	8	additive	CPA_0.8.8	primary_state_pair	P	0.06843807889676275	0.07243418726951958	0.0039961083727568375	False
28	8	additive	CPA_0.8.8	primary_state_pair	O	0.06843807889676275	0.06444197052400585	-0.003996108372756893	False
28	8	additive	CPA_0.8.8	primary_state_pair	D	0.06843807889676275	0.06843807889676268	-6.938893903907228e-17	False
28	8	additive	zero_effect	zero_effect_diagnostic	S	0.09212058825552319	0.09212058825552319	0.0	False
28	8	additive	zero_effect	zero_effect_diagnostic	M	0.09212058825552319	0.09212058825552319	0.0	False
28	8	additive	zero_effect	zero_effect_diagnostic	P	0.09212058825552319	0.06110698834424335	-0.03101359991127984	False
28	8	additive	zero_effect	zero_effect_diagnostic	O	0.09212058825552319	0.06110698834424335	-0.03101359991127984	False
28	8	additive	zero_effect	zero_effect_diagnostic	D	0.09212058825552319	0.06110698834424335	-0.03101359991127984	False
28	8	compositional_ridge	CPA_0.8.8	primary_state_pair	S	0.06922931496168808	0.06922931496168808	0.0	False
28	8	compositional_ridge	CPA_0.8.8	primary_state_pair	M	0.06922931496168808	0.06922931496168808	0.0	False
28	8	compositional_ridge	CPA_0.8.8	primary_state_pair	P	0.06922931496168808	0.07322542333444493	0.003996108372756851	False
28	8	compositional_ridge	CPA_0.8.8	primary_state_pair	O	0.06922931496168808	0.0652332065889312	-0.003996108372756879	False
28	8	compositional_ridge	CPA_0.8.8	primary_state_pair	D	0.06922931496168808	0.06922931496168802	-5.551115123125783e-17	False
28	8	compositional_ridge	zero_effect	zero_effect_diagnostic	S	0.0929118243204485	0.0929118243204485	0.0	False
28	8	compositional_ridge	zero_effect	zero_effect_diagnostic	M	0.0929118243204485	0.0929118243204485	0.0	False
28	8	compositional_ridge	zero_effect	zero_effect_diagnostic	P	0.0929118243204485	0.0618982244091687	-0.031013599911279804	False
28	8	compositional_ridge	zero_effect	zero_effect_diagnostic	O	0.0929118243204485	0.0618982244091687	-0.031013599911279804	False
28	8	compositional_ridge	zero_effect	zero_effect_diagnostic	D	0.0929118243204485	0.0618982244091687	-0.031013599911279804	False
28	8	CPA_0.8.8	zero_effect	zero_effect_diagnostic	S	0.023682509358760442	0.023682509358760442	0.0	False
28	8	CPA_0.8.8	zero_effect	zero_effect_diagnostic	M	0.023682509358760442	0.023682509358760442	0.0	False
28	8	CPA_0.8.8	zero_effect	zero_effect_diagnostic	P	0.023682509358760442	-0.011327198925276227	-0.03500970828403667	True
28	8	CPA_0.8.8	zero_effect	zero_effect_diagnostic	O	0.023682509358760442	-0.0033349821797624968	-0.02701749153852294	True
28	8	CPA_0.8.8	zero_effect	zero_effect_diagnostic	D	0.023682509358760442	-0.00733109055251932	-0.031013599911279763	True
28	16	additive	compositional_ridge	primary_state_pair	S	-0.0007912360649253228	-0.0007912360649253228	0.0	False
28	16	additive	compositional_ridge	primary_state_pair	M	-0.0007912360649253228	-0.0007912360649253228	0.0	False
28	16	additive	compositional_ridge	primary_state_pair	P	-0.0007912360649253228	-0.000791236064925302	2.0816681711721685e-17	False
28	16	additive	compositional_ridge	primary_state_pair	O	-0.0007912360649253228	-0.000791236064925302	2.0816681711721685e-17	False
28	16	additive	compositional_ridge	primary_state_pair	D	-0.0007912360649253228	-0.000791236064925302	2.0816681711721685e-17	False
28	16	additive	CPA_0.8.8	primary_state_pair	S	0.0696412731636313	0.0696412731636313	0.0	False
28	16	additive	CPA_0.8.8	primary_state_pair	M	0.0696412731636313	0.06964127316363129	-1.3877787807814457e-17	False
28	16	additive	CPA_0.8.8	primary_state_pair	P	0.0696412731636313	0.07154728031957051	0.0019060071559392072	False
28	16	additive	CPA_0.8.8	primary_state_pair	O	0.0696412731636313	0.06773526600769214	-0.0019060071559391656	False
28	16	additive	CPA_0.8.8	primary_state_pair	D	0.0696412731636313	0.06964127316363133	2.7755575615628914e-17	False
28	16	additive	zero_effect	zero_effect_diagnostic	S	0.08668378869755783	0.08668378869755783	0.0	False
28	16	additive	zero_effect	zero_effect_diagnostic	M	0.08668378869755783	0.08668378869755783	0.0	False
28	16	additive	zero_effect	zero_effect_diagnostic	P	0.08668378869755783	0.07134422547930835	-0.015339563218249475	False
28	16	additive	zero_effect	zero_effect_diagnostic	O	0.08668378869755783	0.07134422547930835	-0.015339563218249475	False
28	16	additive	zero_effect	zero_effect_diagnostic	D	0.08668378869755783	0.07134422547930835	-0.015339563218249475	False
28	16	compositional_ridge	CPA_0.8.8	primary_state_pair	S	0.07043250922855662	0.07043250922855662	0.0	False
28	16	compositional_ridge	CPA_0.8.8	primary_state_pair	M	0.07043250922855662	0.07043250922855662	0.0	False
28	16	compositional_ridge	CPA_0.8.8	primary_state_pair	P	0.07043250922855662	0.07233851638449582	0.0019060071559391933	False
28	16	compositional_ridge	CPA_0.8.8	primary_state_pair	O	0.07043250922855662	0.06852650207261744	-0.0019060071559391795	False
28	16	compositional_ridge	CPA_0.8.8	primary_state_pair	D	0.07043250922855662	0.07043250922855664	1.3877787807814457e-17	False
28	16	compositional_ridge	zero_effect	zero_effect_diagnostic	S	0.08747502476248314	0.08747502476248314	0.0	False
28	16	compositional_ridge	zero_effect	zero_effect_diagnostic	M	0.08747502476248314	0.08747502476248314	0.0	False
28	16	compositional_ridge	zero_effect	zero_effect_diagnostic	P	0.08747502476248314	0.07213546154423366	-0.015339563218249488	False
28	16	compositional_ridge	zero_effect	zero_effect_diagnostic	O	0.08747502476248314	0.07213546154423366	-0.015339563218249488	False
28	16	compositional_ridge	zero_effect	zero_effect_diagnostic	D	0.08747502476248314	0.07213546154423366	-0.015339563218249488	False
28	16	CPA_0.8.8	zero_effect	zero_effect_diagnostic	S	0.017042515533926522	0.017042515533926522	0.0	False
28	16	CPA_0.8.8	zero_effect	zero_effect_diagnostic	M	0.017042515533926522	0.017042515533926536	1.3877787807814457e-17	False
28	16	CPA_0.8.8	zero_effect	zero_effect_diagnostic	P	0.017042515533926522	-0.00020305484026215959	-0.017245570374188682	True
28	16	CPA_0.8.8	zero_effect	zero_effect_diagnostic	O	0.017042515533926522	0.0036089594716162132	-0.013433556062310309	False
28	16	CPA_0.8.8	zero_effect	zero_effect_diagnostic	D	0.017042515533926522	0.0017029523156770199	-0.015339563218249502	False
28	32	additive	compositional_ridge	primary_state_pair	S	-0.0007912360649253228	-0.0007912360649253228	0.0	False
28	32	additive	compositional_ridge	primary_state_pair	M	-0.0007912360649253228	-0.0007912360649253228	0.0	False
28	32	additive	compositional_ridge	primary_state_pair	P	-0.0007912360649253228	-0.0007912360649252881	3.469446951953614e-17	False
28	32	additive	compositional_ridge	primary_state_pair	O	-0.0007912360649253228	-0.0007912360649252881	3.469446951953614e-17	False
28	32	additive	compositional_ridge	primary_state_pair	D	-0.0007912360649253228	-0.0007912360649252881	3.469446951953614e-17	False
28	32	additive	CPA_0.8.8	primary_state_pair	S	0.07037119914224664	0.07037119914224664	0.0	False
28	32	additive	CPA_0.8.8	primary_state_pair	M	0.07037119914224664	0.07037119914224664	0.0	False
28	32	additive	CPA_0.8.8	primary_state_pair	P	0.07037119914224664	0.07102353665747486	0.000652337515228224	False
28	32	additive	CPA_0.8.8	primary_state_pair	O	0.07037119914224664	0.06971886162701857	-0.0006523375152280714	False
28	32	additive	CPA_0.8.8	primary_state_pair	D	0.07037119914224664	0.07037119914224671	6.938893903907228e-17	False
28	32	additive	zero_effect	zero_effect_diagnostic	S	0.08404498287395736	0.08404498287395736	0.0	False
28	32	additive	zero_effect	zero_effect_diagnostic	M	0.08404498287395736	0.08404498287395736	0.0	False
28	32	additive	zero_effect	zero_effect_diagnostic	P	0.08404498287395736	0.0766242604425215	-0.00742072243143585	False
28	32	additive	zero_effect	zero_effect_diagnostic	O	0.08404498287395736	0.0766242604425215	-0.00742072243143585	False
28	32	additive	zero_effect	zero_effect_diagnostic	D	0.08404498287395736	0.0766242604425215	-0.00742072243143585	False
28	32	compositional_ridge	CPA_0.8.8	primary_state_pair	S	0.07116243520717197	0.07116243520717197	0.0	False
28	32	compositional_ridge	CPA_0.8.8	primary_state_pair	M	0.07116243520717197	0.07116243520717197	0.0	False
28	32	compositional_ridge	CPA_0.8.8	primary_state_pair	P	0.07116243520717197	0.07181477272240015	0.0006523375152281824	False
28	32	compositional_ridge	CPA_0.8.8	primary_state_pair	O	0.07116243520717197	0.07051009769194386	-0.000652337515228113	False
28	32	compositional_ridge	CPA_0.8.8	primary_state_pair	D	0.07116243520717197	0.071162435207172	2.7755575615628914e-17	False
28	32	compositional_ridge	zero_effect	zero_effect_diagnostic	S	0.08483621893888268	0.08483621893888268	0.0	False
28	32	compositional_ridge	zero_effect	zero_effect_diagnostic	M	0.08483621893888268	0.08483621893888268	0.0	False
28	32	compositional_ridge	zero_effect	zero_effect_diagnostic	P	0.08483621893888268	0.0774154965074468	-0.007420722431435892	False
28	32	compositional_ridge	zero_effect	zero_effect_diagnostic	O	0.08483621893888268	0.0774154965074468	-0.007420722431435892	False
28	32	compositional_ridge	zero_effect	zero_effect_diagnostic	D	0.08483621893888268	0.0774154965074468	-0.007420722431435892	False
28	32	CPA_0.8.8	zero_effect	zero_effect_diagnostic	S	0.013673783731710715	0.013673783731710715	0.0	False
28	32	CPA_0.8.8	zero_effect	zero_effect_diagnostic	M	0.013673783731710715	0.013673783731710715	0.0	False
28	32	CPA_0.8.8	zero_effect	zero_effect_diagnostic	P	0.013673783731710715	0.005600723785046641	-0.008073059946664074	False
28	32	CPA_0.8.8	zero_effect	zero_effect_diagnostic	O	0.013673783731710715	0.006905398815502936	-0.006768384916207779	False
28	32	CPA_0.8.8	zero_effect	zero_effect_diagnostic	D	0.013673783731710715	0.006253061300274795	-0.007420722431435919	False
28	64	additive	compositional_ridge	primary_state_pair	S	-0.0007912360649253228	-0.0007912360649253228	0.0	False
28	64	additive	compositional_ridge	primary_state_pair	M	-0.0007912360649253228	-0.0007912360649253228	0.0	False
28	64	additive	compositional_ridge	primary_state_pair	P	-0.0007912360649253228	-0.0007912360649253228	0.0	False
28	64	additive	compositional_ridge	primary_state_pair	O	-0.0007912360649253228	-0.0007912360649253228	0.0	False
28	64	additive	compositional_ridge	primary_state_pair	D	-0.0007912360649253228	-0.0007912360649253228	0.0	False
28	64	additive	CPA_0.8.8	primary_state_pair	S	0.06973505260913561	0.06973505260913561	0.0	False
28	64	additive	CPA_0.8.8	primary_state_pair	M	0.06973505260913561	0.06973505260913561	0.0	False
28	64	additive	CPA_0.8.8	primary_state_pair	P	0.06973505260913561	0.07001593363185869	0.000280881022723084	False
28	64	additive	CPA_0.8.8	primary_state_pair	O	0.06973505260913561	0.06945417158641265	-0.0002808810227229591	False
28	64	additive	CPA_0.8.8	primary_state_pair	D	0.06973505260913561	0.06973505260913565	4.163336342344337e-17	False
28	64	additive	zero_effect	zero_effect_diagnostic	S	0.08170792341252955	0.08170792341252955	0.0	False
28	64	additive	zero_effect	zero_effect_diagnostic	M	0.08170792341252955	0.08170792341252955	0.0	False
28	64	additive	zero_effect	zero_effect_diagnostic	P	0.08170792341252955	0.07806554820603928	-0.0036423752064902726	False
28	64	additive	zero_effect	zero_effect_diagnostic	O	0.08170792341252955	0.07806554820603928	-0.0036423752064902726	False
28	64	additive	zero_effect	zero_effect_diagnostic	D	0.08170792341252955	0.07806554820603928	-0.0036423752064902726	False
28	64	compositional_ridge	CPA_0.8.8	primary_state_pair	S	0.07052628867406094	0.07052628867406094	0.0	False
28	64	compositional_ridge	CPA_0.8.8	primary_state_pair	M	0.07052628867406094	0.07052628867406094	0.0	False
28	64	compositional_ridge	CPA_0.8.8	primary_state_pair	P	0.07052628867406094	0.07080716969678402	0.000280881022723084	False
28	64	compositional_ridge	CPA_0.8.8	primary_state_pair	O	0.07052628867406094	0.07024540765133798	-0.0002808810227229591	False
28	64	compositional_ridge	CPA_0.8.8	primary_state_pair	D	0.07052628867406094	0.07052628867406098	4.163336342344337e-17	False
28	64	compositional_ridge	zero_effect	zero_effect_diagnostic	S	0.08249915947745487	0.08249915947745487	0.0	False
28	64	compositional_ridge	zero_effect	zero_effect_diagnostic	M	0.08249915947745487	0.08249915947745487	0.0	False
28	64	compositional_ridge	zero_effect	zero_effect_diagnostic	P	0.08249915947745487	0.07885678427096461	-0.0036423752064902587	False
28	64	compositional_ridge	zero_effect	zero_effect_diagnostic	O	0.08249915947745487	0.07885678427096461	-0.0036423752064902587	False
28	64	compositional_ridge	zero_effect	zero_effect_diagnostic	D	0.08249915947745487	0.07885678427096461	-0.0036423752064902587	False
28	64	CPA_0.8.8	zero_effect	zero_effect_diagnostic	S	0.011972870803393945	0.011972870803393945	0.0	False
28	64	CPA_0.8.8	zero_effect	zero_effect_diagnostic	M	0.011972870803393945	0.011972870803393945	0.0	False
28	64	CPA_0.8.8	zero_effect	zero_effect_diagnostic	P	0.011972870803393945	0.008049614574180589	-0.003923256229213357	False
28	64	CPA_0.8.8	zero_effect	zero_effect_diagnostic	O	0.011972870803393945	0.008611376619626632	-0.0033614941837673135	False
28	64	CPA_0.8.8	zero_effect	zero_effect_diagnostic	D	0.011972870803393945	0.008330495596903631	-0.003642375206490314	False
28	128	additive	compositional_ridge	primary_state_pair	S	-0.0007912360649253228	-0.0007912360649253228	0.0	False
28	128	additive	compositional_ridge	primary_state_pair	M	-0.0007912360649253228	-0.0007912360649253228	0.0	False
28	128	additive	compositional_ridge	primary_state_pair	P	-0.0007912360649253228	-0.0007912360649253262	-3.469446951953614e-18	False
28	128	additive	compositional_ridge	primary_state_pair	O	-0.0007912360649253228	-0.0007912360649253262	-3.469446951953614e-18	False
28	128	additive	compositional_ridge	primary_state_pair	D	-0.0007912360649253228	-0.0007912360649253262	-3.469446951953614e-18	False
28	128	additive	CPA_0.8.8	primary_state_pair	S	0.06714976926450053	0.06714976926450053	0.0	False
28	128	additive	CPA_0.8.8	primary_state_pair	M	0.06714976926450053	0.06714976926450053	0.0	False
28	128	additive	CPA_0.8.8	primary_state_pair	P	0.06714976926450053	0.06735742971012273	0.0002076604456222042	False
28	128	additive	CPA_0.8.8	primary_state_pair	O	0.06714976926450053	0.0669421088188782	-0.0002076604456223291	False
28	128	additive	CPA_0.8.8	primary_state_pair	D	0.06714976926450053	0.06714976926450048	-5.551115123125783e-17	False
28	128	additive	zero_effect	zero_effect_diagnostic	S	0.07813202658983442	0.07813202658983442	0.0	False
28	128	additive	zero_effect	zero_effect_diagnostic	M	0.07813202658983442	0.07813202658983442	0.0	False
28	128	additive	zero_effect	zero_effect_diagnostic	P	0.07813202658983442	0.07624934995523502	-0.0018826766345994006	False
28	128	additive	zero_effect	zero_effect_diagnostic	O	0.07813202658983442	0.07624934995523502	-0.0018826766345994006	False
28	128	additive	zero_effect	zero_effect_diagnostic	D	0.07813202658983442	0.07624934995523502	-0.0018826766345994006	False
28	128	compositional_ridge	CPA_0.8.8	primary_state_pair	S	0.06794100532942585	0.06794100532942585	0.0	False
28	128	compositional_ridge	CPA_0.8.8	primary_state_pair	M	0.06794100532942585	0.06794100532942585	0.0	False
28	128	compositional_ridge	CPA_0.8.8	primary_state_pair	P	0.06794100532942585	0.06814866577504806	0.00020766044562221808	False
28	128	compositional_ridge	CPA_0.8.8	primary_state_pair	O	0.06794100532942585	0.06773334488380353	-0.00020766044562231523	False
28	128	compositional_ridge	CPA_0.8.8	primary_state_pair	D	0.06794100532942585	0.0679410053294258	-4.163336342344337e-17	False
28	128	compositional_ridge	zero_effect	zero_effect_diagnostic	S	0.07892326265475974	0.07892326265475974	0.0	False
28	128	compositional_ridge	zero_effect	zero_effect_diagnostic	M	0.07892326265475974	0.07892326265475974	0.0	False
28	128	compositional_ridge	zero_effect	zero_effect_diagnostic	P	0.07892326265475974	0.07704058602016035	-0.0018826766345993867	False
28	128	compositional_ridge	zero_effect	zero_effect_diagnostic	O	0.07892326265475974	0.07704058602016035	-0.0018826766345993867	False
28	128	compositional_ridge	zero_effect	zero_effect_diagnostic	D	0.07892326265475974	0.07704058602016035	-0.0018826766345993867	False
28	128	CPA_0.8.8	zero_effect	zero_effect_diagnostic	S	0.010982257325333894	0.010982257325333894	0.0	False
28	128	CPA_0.8.8	zero_effect	zero_effect_diagnostic	M	0.010982257325333894	0.010982257325333894	0.0	False
28	128	CPA_0.8.8	zero_effect	zero_effect_diagnostic	P	0.010982257325333894	0.00889192024511229	-0.002090337080221605	False
28	128	CPA_0.8.8	zero_effect	zero_effect_diagnostic	O	0.010982257325333894	0.009307241136356822	-0.0016750161889770715	False
28	128	CPA_0.8.8	zero_effect	zero_effect_diagnostic	D	0.010982257325333894	0.009099580690734549	-0.001882676634599345	False
28	135	additive	compositional_ridge	primary_state_pair	S	-0.0007912360649253228	-0.0007912360649253228	0.0	False
28	135	additive	compositional_ridge	primary_state_pair	M	-0.0007912360649253228	-0.0007912360649253228	0.0	False
28	135	additive	compositional_ridge	primary_state_pair	P	-0.0007912360649253228	-0.0007912360649253124	1.0408340855860843e-17	False
28	135	additive	compositional_ridge	primary_state_pair	O	-0.0007912360649253228	-0.0007912360649253124	1.0408340855860843e-17	False
28	135	additive	compositional_ridge	primary_state_pair	D	-0.0007912360649253228	-0.0007912360649253124	1.0408340855860843e-17	False
28	135	additive	CPA_0.8.8	primary_state_pair	S	0.06642104413003613	0.06642104413003613	0.0	False
28	135	additive	CPA_0.8.8	primary_state_pair	M	0.06642104413003613	0.06642104413003613	0.0	False
28	135	additive	CPA_0.8.8	primary_state_pair	P	0.06642104413003613	0.06659414982815239	0.0001731056981162521	False
28	135	additive	CPA_0.8.8	primary_state_pair	O	0.06642104413003613	0.06624793843191992	-0.00017310569811621046	False
28	135	additive	CPA_0.8.8	primary_state_pair	D	0.06642104413003613	0.06642104413003617	4.163336342344337e-17	False
28	135	additive	zero_effect	zero_effect_diagnostic	S	0.0773478671065794	0.0773478671065794	0.0	False
28	135	additive	zero_effect	zero_effect_diagnostic	M	0.0773478671065794	0.07734786710657938	-1.3877787807814457e-17	False
28	135	additive	zero_effect	zero_effect_diagnostic	P	0.0773478671065794	0.07556998367758586	-0.001777883428993543	False
28	135	additive	zero_effect	zero_effect_diagnostic	O	0.0773478671065794	0.07556998367758586	-0.001777883428993543	False
28	135	additive	zero_effect	zero_effect_diagnostic	D	0.0773478671065794	0.07556998367758586	-0.001777883428993543	False
28	135	compositional_ridge	CPA_0.8.8	primary_state_pair	S	0.06721228019496145	0.06721228019496145	0.0	False
28	135	compositional_ridge	CPA_0.8.8	primary_state_pair	M	0.06721228019496145	0.06721228019496145	0.0	False
28	135	compositional_ridge	CPA_0.8.8	primary_state_pair	P	0.06721228019496145	0.0673853858930777	0.0001731056981162521	False
28	135	compositional_ridge	CPA_0.8.8	primary_state_pair	O	0.06721228019496145	0.06703917449684524	-0.00017310569811621046	False
28	135	compositional_ridge	CPA_0.8.8	primary_state_pair	D	0.06721228019496145	0.06721228019496149	4.163336342344337e-17	False
28	135	compositional_ridge	zero_effect	zero_effect_diagnostic	S	0.07813910317150471	0.07813910317150471	0.0	False
28	135	compositional_ridge	zero_effect	zero_effect_diagnostic	M	0.07813910317150471	0.07813910317150471	0.0	False
28	135	compositional_ridge	zero_effect	zero_effect_diagnostic	P	0.07813910317150471	0.07636121974251117	-0.001777883428993543	False
28	135	compositional_ridge	zero_effect	zero_effect_diagnostic	O	0.07813910317150471	0.07636121974251117	-0.001777883428993543	False
28	135	compositional_ridge	zero_effect	zero_effect_diagnostic	D	0.07813910317150471	0.07636121974251117	-0.001777883428993543	False
28	135	CPA_0.8.8	zero_effect	zero_effect_diagnostic	S	0.010926822976543266	0.010926822976543266	0.0	False
28	135	CPA_0.8.8	zero_effect	zero_effect_diagnostic	M	0.010926822976543266	0.010926822976543252	-1.3877787807814457e-17	False
28	135	CPA_0.8.8	zero_effect	zero_effect_diagnostic	P	0.010926822976543266	0.00897583384943347	-0.001950989127109795	False
28	135	CPA_0.8.8	zero_effect	zero_effect_diagnostic	O	0.010926822976543266	0.009322045245665933	-0.0016047777308773326	False
28	135	CPA_0.8.8	zero_effect	zero_effect_diagnostic	D	0.010926822976543266	0.009148939547549681	-0.0017778834289935846	False
29	8	additive	compositional_ridge	primary_state_pair	S	-0.0007912360649253228	-0.0007912360649253228	0.0	False
29	8	additive	compositional_ridge	primary_state_pair	M	-0.0007912360649253228	-0.0007912360649253228	0.0	False
29	8	additive	compositional_ridge	primary_state_pair	P	-0.0007912360649253228	-0.0007912360649253505	-2.7755575615628914e-17	False
29	8	additive	compositional_ridge	primary_state_pair	O	-0.0007912360649253228	-0.0007912360649253505	-2.7755575615628914e-17	False
29	8	additive	compositional_ridge	primary_state_pair	D	-0.0007912360649253228	-0.0007912360649253505	-2.7755575615628914e-17	False
29	8	additive	CPA_0.8.8	primary_state_pair	S	0.0631653148719303	0.0631653148719303	0.0	False
29	8	additive	CPA_0.8.8	primary_state_pair	M	0.0631653148719303	0.0631653148719303	0.0	False
29	8	additive	CPA_0.8.8	primary_state_pair	P	0.0631653148719303	0.06646168454226808	0.0032963696703377787	False
29	8	additive	CPA_0.8.8	primary_state_pair	O	0.0631653148719303	0.059868945201592506	-0.0032963696703377995	False
29	8	additive	CPA_0.8.8	primary_state_pair	D	0.0631653148719303	0.06316531487193036	5.551115123125783e-17	False
29	8	additive	zero_effect	zero_effect_diagnostic	S	0.08740107052973589	0.08740107052973589	0.0	False
29	8	additive	zero_effect	zero_effect_diagnostic	M	0.08740107052973589	0.08740107052973588	-1.3877787807814457e-17	False
29	8	additive	zero_effect	zero_effect_diagnostic	P	0.08740107052973589	0.05496508666845513	-0.032435983861280764	False
29	8	additive	zero_effect	zero_effect_diagnostic	O	0.08740107052973589	0.05496508666845513	-0.032435983861280764	False
29	8	additive	zero_effect	zero_effect_diagnostic	D	0.08740107052973589	0.05496508666845513	-0.032435983861280764	False
29	8	compositional_ridge	CPA_0.8.8	primary_state_pair	S	0.06395655093685562	0.06395655093685562	0.0	False
29	8	compositional_ridge	CPA_0.8.8	primary_state_pair	M	0.06395655093685562	0.06395655093685562	0.0	False
29	8	compositional_ridge	CPA_0.8.8	primary_state_pair	P	0.06395655093685562	0.06725292060719343	0.0032963696703378065	False
29	8	compositional_ridge	CPA_0.8.8	primary_state_pair	O	0.06395655093685562	0.06066018126651786	-0.003296369670337765	False
29	8	compositional_ridge	CPA_0.8.8	primary_state_pair	D	0.06395655093685562	0.0639565509368557	8.326672684688674e-17	False
29	8	compositional_ridge	zero_effect	zero_effect_diagnostic	S	0.08819230659466121	0.08819230659466121	0.0	False
29	8	compositional_ridge	zero_effect	zero_effect_diagnostic	M	0.08819230659466121	0.08819230659466121	0.0	False
29	8	compositional_ridge	zero_effect	zero_effect_diagnostic	P	0.08819230659466121	0.05575632273338048	-0.03243598386128073	False
29	8	compositional_ridge	zero_effect	zero_effect_diagnostic	O	0.08819230659466121	0.05575632273338048	-0.03243598386128073	False
29	8	compositional_ridge	zero_effect	zero_effect_diagnostic	D	0.08819230659466121	0.05575632273338048	-0.03243598386128073	False
29	8	CPA_0.8.8	zero_effect	zero_effect_diagnostic	S	0.024235755657805585	0.024235755657805585	0.0	False
29	8	CPA_0.8.8	zero_effect	zero_effect_diagnostic	M	0.024235755657805585	0.02423575565780557	-1.3877787807814457e-17	False
29	8	CPA_0.8.8	zero_effect	zero_effect_diagnostic	P	0.024235755657805585	-0.01149659787381295	-0.035732353531618535	True
29	8	CPA_0.8.8	zero_effect	zero_effect_diagnostic	O	0.024235755657805585	-0.0049038585331373785	-0.029139614190942964	True
29	8	CPA_0.8.8	zero_effect	zero_effect_diagnostic	D	0.024235755657805585	-0.008200228203475227	-0.03243598386128081	True
29	16	additive	compositional_ridge	primary_state_pair	S	-0.0007912360649253228	-0.0007912360649253228	0.0	False
29	16	additive	compositional_ridge	primary_state_pair	M	-0.0007912360649253228	-0.0007912360649253228	0.0	False
29	16	additive	compositional_ridge	primary_state_pair	P	-0.0007912360649253228	-0.000791236064925295	2.7755575615628914e-17	False
29	16	additive	compositional_ridge	primary_state_pair	O	-0.0007912360649253228	-0.000791236064925295	2.7755575615628914e-17	False
29	16	additive	compositional_ridge	primary_state_pair	D	-0.0007912360649253228	-0.000791236064925295	2.7755575615628914e-17	False
29	16	additive	CPA_0.8.8	primary_state_pair	S	0.06534516149851542	0.06534516149851542	0.0	False
29	16	additive	CPA_0.8.8	primary_state_pair	M	0.06534516149851542	0.06534516149851542	0.0	False
29	16	additive	CPA_0.8.8	primary_state_pair	P	0.06534516149851542	0.066509913175865	0.0011647516773495709	False
29	16	additive	CPA_0.8.8	primary_state_pair	O	0.06534516149851542	0.0641804098211659	-0.0011647516773495153	False
29	16	additive	CPA_0.8.8	primary_state_pair	D	0.06534516149851542	0.06534516149851544	1.3877787807814457e-17	False
29	16	additive	zero_effect	zero_effect_diagnostic	S	0.08261786308058792	0.08261786308058792	0.0	False
29	16	additive	zero_effect	zero_effect_diagnostic	M	0.08261786308058792	0.08261786308058791	-1.3877787807814457e-17	False
29	16	additive	zero_effect	zero_effect_diagnostic	P	0.08261786308058792	0.0669842156930116	-0.01563364738757632	False
29	16	additive	zero_effect	zero_effect_diagnostic	O	0.08261786308058792	0.0669842156930116	-0.01563364738757632	False
29	16	additive	zero_effect	zero_effect_diagnostic	D	0.08261786308058792	0.0669842156930116	-0.01563364738757632	False
29	16	compositional_ridge	CPA_0.8.8	primary_state_pair	S	0.06613639756344075	0.06613639756344075	0.0	False
29	16	compositional_ridge	CPA_0.8.8	primary_state_pair	M	0.06613639756344075	0.06613639756344075	0.0	False
29	16	compositional_ridge	CPA_0.8.8	primary_state_pair	P	0.06613639756344075	0.06730114924079028	0.0011647516773495292	False
29	16	compositional_ridge	CPA_0.8.8	primary_state_pair	O	0.06613639756344075	0.0649716458860912	-0.001164751677349557	False
29	16	compositional_ridge	CPA_0.8.8	primary_state_pair	D	0.06613639756344075	0.06613639756344072	-2.7755575615628914e-17	False
29	16	compositional_ridge	zero_effect	zero_effect_diagnostic	S	0.08340909914551325	0.08340909914551325	0.0	False
29	16	compositional_ridge	zero_effect	zero_effect_diagnostic	M	0.08340909914551325	0.08340909914551323	-2.7755575615628914e-17	False
29	16	compositional_ridge	zero_effect	zero_effect_diagnostic	P	0.08340909914551325	0.06777545175793691	-0.015633647387576347	False
29	16	compositional_ridge	zero_effect	zero_effect_diagnostic	O	0.08340909914551325	0.06777545175793691	-0.015633647387576347	False
29	16	compositional_ridge	zero_effect	zero_effect_diagnostic	D	0.08340909914551325	0.06777545175793691	-0.015633647387576347	False
29	16	CPA_0.8.8	zero_effect	zero_effect_diagnostic	S	0.017272701582072503	0.017272701582072503	0.0	False
29	16	CPA_0.8.8	zero_effect	zero_effect_diagnostic	M	0.017272701582072503	0.01727270158207249	-1.3877787807814457e-17	False
29	16	CPA_0.8.8	zero_effect	zero_effect_diagnostic	P	0.017272701582072503	0.00047430251714662697	-0.016798399064925876	False
29	16	CPA_0.8.8	zero_effect	zero_effect_diagnostic	O	0.017272701582072503	0.002803805871845713	-0.01446889571022679	False
29	16	CPA_0.8.8	zero_effect	zero_effect_diagnostic	D	0.017272701582072503	0.001639054194496184	-0.01563364738757632	False
29	32	additive	compositional_ridge	primary_state_pair	S	-0.0007912360649253228	-0.0007912360649253228	0.0	False
29	32	additive	compositional_ridge	primary_state_pair	M	-0.0007912360649253228	-0.0007912360649253228	0.0	False
29	32	additive	compositional_ridge	primary_state_pair	P	-0.0007912360649253228	-0.0007912360649253089	1.3877787807814457e-17	False
29	32	additive	compositional_ridge	primary_state_pair	O	-0.0007912360649253228	-0.0007912360649253089	1.3877787807814457e-17	False
29	32	additive	compositional_ridge	primary_state_pair	D	-0.0007912360649253228	-0.0007912360649253089	1.3877787807814457e-17	False
29	32	additive	CPA_0.8.8	primary_state_pair	S	0.06718420543634289	0.06718420543634289	0.0	False
29	32	additive	CPA_0.8.8	primary_state_pair	M	0.06718420543634289	0.06718420543634288	-1.3877787807814457e-17	False
29	32	additive	CPA_0.8.8	primary_state_pair	P	0.06718420543634289	0.06786544385410755	0.0006812384177646569	False
29	32	additive	CPA_0.8.8	primary_state_pair	O	0.06718420543634289	0.0665029670185783	-0.0006812384177645875	False
29	32	additive	CPA_0.8.8	primary_state_pair	D	0.06718420543634289	0.0671842054363429	1.3877787807814457e-17	False
29	32	additive	zero_effect	zero_effect_diagnostic	S	0.08089925499798668	0.08089925499798668	0.0	False
29	32	additive	zero_effect	zero_effect_diagnostic	M	0.08089925499798668	0.08089925499798668	0.0	False
29	32	additive	zero_effect	zero_effect_diagnostic	P	0.08089925499798668	0.07332223767287528	-0.0075770173251114015	False
29	32	additive	zero_effect	zero_effect_diagnostic	O	0.08089925499798668	0.07332223767287528	-0.0075770173251114015	False
29	32	additive	zero_effect	zero_effect_diagnostic	D	0.08089925499798668	0.07332223767287528	-0.0075770173251114015	False
29	32	compositional_ridge	CPA_0.8.8	primary_state_pair	S	0.06797544150126822	0.06797544150126822	0.0	False
29	32	compositional_ridge	CPA_0.8.8	primary_state_pair	M	0.06797544150126822	0.06797544150126819	-2.7755575615628914e-17	False
29	32	compositional_ridge	CPA_0.8.8	primary_state_pair	P	0.06797544150126822	0.06865667991903285	0.0006812384177646291	False
29	32	compositional_ridge	CPA_0.8.8	primary_state_pair	O	0.06797544150126822	0.06729420308350362	-0.0006812384177646014	False
29	32	compositional_ridge	CPA_0.8.8	primary_state_pair	D	0.06797544150126822	0.06797544150126822	0.0	False
29	32	compositional_ridge	zero_effect	zero_effect_diagnostic	S	0.08169049106291201	0.08169049106291201	0.0	False
29	32	compositional_ridge	zero_effect	zero_effect_diagnostic	M	0.08169049106291201	0.08169049106291201	0.0	False
29	32	compositional_ridge	zero_effect	zero_effect_diagnostic	P	0.08169049106291201	0.07411347373780058	-0.007577017325111429	False
29	32	compositional_ridge	zero_effect	zero_effect_diagnostic	O	0.08169049106291201	0.07411347373780058	-0.007577017325111429	False
29	32	compositional_ridge	zero_effect	zero_effect_diagnostic	D	0.08169049106291201	0.07411347373780058	-0.007577017325111429	False
29	32	CPA_0.8.8	zero_effect	zero_effect_diagnostic	S	0.013715049561643794	0.013715049561643794	0.0	False
29	32	CPA_0.8.8	zero_effect	zero_effect_diagnostic	M	0.013715049561643794	0.013715049561643808	1.3877787807814457e-17	False
29	32	CPA_0.8.8	zero_effect	zero_effect_diagnostic	P	0.013715049561643794	0.005456793818767736	-0.008258255742876058	False
29	32	CPA_0.8.8	zero_effect	zero_effect_diagnostic	O	0.013715049561643794	0.00681927065429698	-0.006895778907346814	False
29	32	CPA_0.8.8	zero_effect	zero_effect_diagnostic	D	0.013715049561643794	0.006138032236532379	-0.007577017325111415	False
29	64	additive	compositional_ridge	primary_state_pair	S	-0.0007912360649253228	-0.0007912360649253228	0.0	False
29	64	additive	compositional_ridge	primary_state_pair	M	-0.0007912360649253228	-0.0007912360649253228	0.0	False
29	64	additive	compositional_ridge	primary_state_pair	P	-0.0007912360649253228	-0.0007912360649253193	3.469446951953614e-18	False
29	64	additive	compositional_ridge	primary_state_pair	O	-0.0007912360649253228	-0.0007912360649253193	3.469446951953614e-18	False
29	64	additive	compositional_ridge	primary_state_pair	D	-0.0007912360649253228	-0.0007912360649253193	3.469446951953614e-18	False
29	64	additive	CPA_0.8.8	primary_state_pair	S	0.0647465089863148	0.0647465089863148	0.0	False
29	64	additive	CPA_0.8.8	primary_state_pair	M	0.0647465089863148	0.0647465089863148	0.0	False
29	64	additive	CPA_0.8.8	primary_state_pair	P	0.0647465089863148	0.06506621626144685	0.00031970727513204455	False
29	64	additive	CPA_0.8.8	primary_state_pair	O	0.0647465089863148	0.06442680171118269	-0.00031970727513211394	False
29	64	additive	CPA_0.8.8	primary_state_pair	D	0.0647465089863148	0.06474650898631482	1.3877787807814457e-17	False
29	64	additive	zero_effect	zero_effect_diagnostic	S	0.07633723171454379	0.07633723171454379	0.0	False
29	64	additive	zero_effect	zero_effect_diagnostic	M	0.07633723171454379	0.07633723171454375	-4.163336342344337e-17	False
29	64	additive	zero_effect	zero_effect_diagnostic	P	0.07633723171454379	0.07260655773187859	-0.003730673982665203	False
29	64	additive	zero_effect	zero_effect_diagnostic	O	0.07633723171454379	0.07260655773187859	-0.003730673982665203	False
29	64	additive	zero_effect	zero_effect_diagnostic	D	0.07633723171454379	0.07260655773187859	-0.003730673982665203	False
29	64	compositional_ridge	CPA_0.8.8	primary_state_pair	S	0.06553774505124013	0.06553774505124013	0.0	False
29	64	compositional_ridge	CPA_0.8.8	primary_state_pair	M	0.06553774505124013	0.06553774505124013	0.0	False
29	64	compositional_ridge	CPA_0.8.8	primary_state_pair	P	0.06553774505124013	0.06585745232637216	0.0003197072751320307	False
29	64	compositional_ridge	CPA_0.8.8	primary_state_pair	O	0.06553774505124013	0.065218037776108	-0.0003197072751321278	False
29	64	compositional_ridge	CPA_0.8.8	primary_state_pair	D	0.06553774505124013	0.06553774505124013	0.0	False
29	64	compositional_ridge	zero_effect	zero_effect_diagnostic	S	0.0771284677794691	0.0771284677794691	0.0	False
29	64	compositional_ridge	zero_effect	zero_effect_diagnostic	M	0.0771284677794691	0.07712846777946908	-2.7755575615628914e-17	False
29	64	compositional_ridge	zero_effect	zero_effect_diagnostic	P	0.0771284677794691	0.0733977937968039	-0.003730673982665203	False
29	64	compositional_ridge	zero_effect	zero_effect_diagnostic	O	0.0771284677794691	0.0733977937968039	-0.003730673982665203	False
29	64	compositional_ridge	zero_effect	zero_effect_diagnostic	D	0.0771284677794691	0.0733977937968039	-0.003730673982665203	False
29	64	CPA_0.8.8	zero_effect	zero_effect_diagnostic	S	0.011590722728228989	0.011590722728228989	0.0	False
29	64	CPA_0.8.8	zero_effect	zero_effect_diagnostic	M	0.011590722728228989	0.011590722728228947	-4.163336342344337e-17	False
29	64	CPA_0.8.8	zero_effect	zero_effect_diagnostic	P	0.011590722728228989	0.007540341470431741	-0.0040503812577972476	False
29	64	CPA_0.8.8	zero_effect	zero_effect_diagnostic	O	0.011590722728228989	0.0081797560206959	-0.003410966707533089	False
29	64	CPA_0.8.8	zero_effect	zero_effect_diagnostic	D	0.011590722728228989	0.007860048745563772	-0.003730673982665217	False
29	128	additive	compositional_ridge	primary_state_pair	S	-0.0007912360649253228	-0.0007912360649253228	0.0	False
29	128	additive	compositional_ridge	primary_state_pair	M	-0.0007912360649253228	-0.0007912360649253228	0.0	False
29	128	additive	compositional_ridge	primary_state_pair	P	-0.0007912360649253228	-0.0007912360649253228	0.0	False
29	128	additive	compositional_ridge	primary_state_pair	O	-0.0007912360649253228	-0.0007912360649253228	0.0	False
29	128	additive	compositional_ridge	primary_state_pair	D	-0.0007912360649253228	-0.0007912360649253228	0.0	False
29	128	additive	CPA_0.8.8	primary_state_pair	S	0.06615125815816304	0.06615125815816304	0.0	False
29	128	additive	CPA_0.8.8	primary_state_pair	M	0.06615125815816304	0.06615125815816304	0.0	False
29	128	additive	CPA_0.8.8	primary_state_pair	P	0.06615125815816304	0.06639152562888542	0.00024026747072238008	False
29	128	additive	CPA_0.8.8	primary_state_pair	O	0.06615125815816304	0.06591099068744069	-0.00024026747072235233	False
29	128	additive	CPA_0.8.8	primary_state_pair	D	0.06615125815816304	0.06615125815816306	1.3877787807814457e-17	False
29	128	additive	zero_effect	zero_effect_diagnostic	S	0.07712417984651633	0.07712417984651633	0.0	False
29	128	additive	zero_effect	zero_effect_diagnostic	M	0.07712417984651633	0.07712417984651633	0.0	False
29	128	additive	zero_effect	zero_effect_diagnostic	P	0.07712417984651633	0.07519852095070427	-0.0019256588958120602	False
29	128	additive	zero_effect	zero_effect_diagnostic	O	0.07712417984651633	0.07519852095070427	-0.0019256588958120602	False
29	128	additive	zero_effect	zero_effect_diagnostic	D	0.07712417984651633	0.07519852095070427	-0.0019256588958120602	False
29	128	compositional_ridge	CPA_0.8.8	primary_state_pair	S	0.06694249422308837	0.06694249422308837	0.0	False
29	128	compositional_ridge	CPA_0.8.8	primary_state_pair	M	0.06694249422308837	0.06694249422308837	0.0	False
29	128	compositional_ridge	CPA_0.8.8	primary_state_pair	P	0.06694249422308837	0.06718276169381074	0.0002402674707223662	False
29	128	compositional_ridge	CPA_0.8.8	primary_state_pair	O	0.06694249422308837	0.066702226752366	-0.0002402674707223662	False
29	128	compositional_ridge	CPA_0.8.8	primary_state_pair	D	0.06694249422308837	0.06694249422308837	0.0	False
29	128	compositional_ridge	zero_effect	zero_effect_diagnostic	S	0.07791541591144166	0.07791541591144166	0.0	False
29	128	compositional_ridge	zero_effect	zero_effect_diagnostic	M	0.07791541591144166	0.07791541591144166	0.0	False
29	128	compositional_ridge	zero_effect	zero_effect_diagnostic	P	0.07791541591144166	0.0759897570156296	-0.0019256588958120602	False
29	128	compositional_ridge	zero_effect	zero_effect_diagnostic	O	0.07791541591144166	0.0759897570156296	-0.0019256588958120602	False
29	128	compositional_ridge	zero_effect	zero_effect_diagnostic	D	0.07791541591144166	0.0759897570156296	-0.0019256588958120602	False
29	128	CPA_0.8.8	zero_effect	zero_effect_diagnostic	S	0.010972921688353288	0.010972921688353288	0.0	False
29	128	CPA_0.8.8	zero_effect	zero_effect_diagnostic	M	0.010972921688353288	0.010972921688353288	0.0	False
29	128	CPA_0.8.8	zero_effect	zero_effect_diagnostic	P	0.010972921688353288	0.008806995321818847	-0.0021659263665344403	False
29	128	CPA_0.8.8	zero_effect	zero_effect_diagnostic	O	0.010972921688353288	0.00928753026326358	-0.0016853914250897079	False
29	128	CPA_0.8.8	zero_effect	zero_effect_diagnostic	D	0.010972921688353288	0.009047262792541214	-0.001925658895812074	False
29	135	additive	compositional_ridge	primary_state_pair	S	-0.0007912360649253228	-0.0007912360649253228	0.0	False
29	135	additive	compositional_ridge	primary_state_pair	M	-0.0007912360649253228	-0.0007912360649253228	0.0	False
29	135	additive	compositional_ridge	primary_state_pair	P	-0.0007912360649253228	-0.0007912360649253089	1.3877787807814457e-17	False
29	135	additive	compositional_ridge	primary_state_pair	O	-0.0007912360649253228	-0.0007912360649253089	1.3877787807814457e-17	False
29	135	additive	compositional_ridge	primary_state_pair	D	-0.0007912360649253228	-0.0007912360649253089	1.3877787807814457e-17	False
29	135	additive	CPA_0.8.8	primary_state_pair	S	0.06592601426772053	0.06592601426772053	0.0	False
29	135	additive	CPA_0.8.8	primary_state_pair	M	0.06592601426772053	0.06592601426772053	0.0	False
29	135	additive	CPA_0.8.8	primary_state_pair	P	0.06592601426772053	0.06616487096881753	0.00023885670109699553	False
29	135	additive	CPA_0.8.8	primary_state_pair	O	0.06592601426772053	0.06568715756662354	-0.00023885670109699553	False
29	135	additive	CPA_0.8.8	primary_state_pair	D	0.06592601426772053	0.06592601426772053	0.0	False
29	135	additive	zero_effect	zero_effect_diagnostic	S	0.07685266844877203	0.07685266844877203	0.0	False
29	135	additive	zero_effect	zero_effect_diagnostic	M	0.07685266844877203	0.07685266844877203	0.0	False
29	135	additive	zero_effect	zero_effect_diagnostic	P	0.07685266844877203	0.07502370575330047	-0.0018289626954715588	False
29	135	additive	zero_effect	zero_effect_diagnostic	O	0.07685266844877203	0.07502370575330047	-0.0018289626954715588	False
29	135	additive	zero_effect	zero_effect_diagnostic	D	0.07685266844877203	0.07502370575330047	-0.0018289626954715588	False
29	135	compositional_ridge	CPA_0.8.8	primary_state_pair	S	0.06671725033264586	0.06671725033264586	0.0	False
29	135	compositional_ridge	CPA_0.8.8	primary_state_pair	M	0.06671725033264586	0.06671725033264586	0.0	False
29	135	compositional_ridge	CPA_0.8.8	primary_state_pair	P	0.06671725033264586	0.06695610703374284	0.00023885670109698165	False
29	135	compositional_ridge	CPA_0.8.8	primary_state_pair	O	0.06671725033264586	0.06647839363154885	-0.0002388567010970094	False
29	135	compositional_ridge	CPA_0.8.8	primary_state_pair	D	0.06671725033264586	0.06671725033264585	-1.3877787807814457e-17	False
29	135	compositional_ridge	zero_effect	zero_effect_diagnostic	S	0.07764390451369735	0.07764390451369735	0.0	False
29	135	compositional_ridge	zero_effect	zero_effect_diagnostic	M	0.07764390451369735	0.07764390451369735	0.0	False
29	135	compositional_ridge	zero_effect	zero_effect_diagnostic	P	0.07764390451369735	0.07581494181822579	-0.0018289626954715588	False
29	135	compositional_ridge	zero_effect	zero_effect_diagnostic	O	0.07764390451369735	0.07581494181822579	-0.0018289626954715588	False
29	135	compositional_ridge	zero_effect	zero_effect_diagnostic	D	0.07764390451369735	0.07581494181822579	-0.0018289626954715588	False
29	135	CPA_0.8.8	zero_effect	zero_effect_diagnostic	S	0.010926654181051501	0.010926654181051501	0.0	False
29	135	CPA_0.8.8	zero_effect	zero_effect_diagnostic	M	0.010926654181051501	0.010926654181051501	0.0	False
29	135	CPA_0.8.8	zero_effect	zero_effect_diagnostic	P	0.010926654181051501	0.008858834784482947	-0.0020678193965685543	False
29	135	CPA_0.8.8	zero_effect	zero_effect_diagnostic	O	0.010926654181051501	0.009336548186676938	-0.0015901059943745632	False
29	135	CPA_0.8.8	zero_effect	zero_effect_diagnostic	D	0.010926654181051501	0.009097691485579942	-0.0018289626954715588	False
