allocation	depth_per_gemgroup	model_a	model_b	pair_role	pattern	S_margin	margin	displacement	strict_crossing
0	8	additive	compositional_ridge	primary_state_pair	S	-0.0007912360649253228	-0.0007912360649253228	0.0	False
0	8	additive	compositional_ridge	primary_state_pair	M	-0.0007912360649253228	-0.0007912360649253228	0.0	False
0	8	additive	compositional_ridge	primary_state_pair	P	-0.0007912360649253228	-0.0007912360649252811	4.163336342344337e-17	False
0	8	additive	compositional_ridge	primary_state_pair	O	-0.0007912360649253228	-0.0007912360649252811	4.163336342344337e-17	False
0	8	additive	compositional_ridge	primary_state_pair	D	-0.0007912360649253228	-0.0007912360649252811	4.163336342344337e-17	False
0	8	additive	CPA_0.8.8	primary_state_pair	S	0.05144320460919874	0.05144320460919874	0.0	False
0	8	additive	CPA_0.8.8	primary_state_pair	M	0.05144320460919874	0.05144320460919874	0.0	False
0	8	additive	CPA_0.8.8	primary_state_pair	P	0.05144320460919874	0.05341091894434971	0.001967714335150972	False
0	8	additive	CPA_0.8.8	primary_state_pair	O	0.05144320460919874	0.049475490274047865	-0.0019677143351508747	False
0	8	additive	CPA_0.8.8	primary_state_pair	D	0.05144320460919874	0.05144320460919871	-2.7755575615628914e-17	False
0	8	additive	zero_effect	zero_effect_diagnostic	S	0.09421096529163783	0.09421096529163783	0.0	False
0	8	additive	zero_effect	zero_effect_diagnostic	M	0.09421096529163783	0.09421096529163785	1.3877787807814457e-17	False
0	8	additive	zero_effect	zero_effect_diagnostic	P	0.09421096529163783	0.06568395271333448	-0.028527012578303354	False
0	8	additive	zero_effect	zero_effect_diagnostic	O	0.09421096529163783	0.06568395271333448	-0.028527012578303354	False
0	8	additive	zero_effect	zero_effect_diagnostic	D	0.09421096529163783	0.06568395271333448	-0.028527012578303354	False
0	8	compositional_ridge	CPA_0.8.8	primary_state_pair	S	0.05223444067412406	0.05223444067412406	0.0	False
0	8	compositional_ridge	CPA_0.8.8	primary_state_pair	M	0.05223444067412406	0.05223444067412406	0.0	False
0	8	compositional_ridge	CPA_0.8.8	primary_state_pair	P	0.05223444067412406	0.05420215500927499	0.00196771433515093	False
0	8	compositional_ridge	CPA_0.8.8	primary_state_pair	O	0.05223444067412406	0.050266726338973146	-0.0019677143351509163	False
0	8	compositional_ridge	CPA_0.8.8	primary_state_pair	D	0.05223444067412406	0.05223444067412399	-6.938893903907228e-17	False
0	8	compositional_ridge	zero_effect	zero_effect_diagnostic	S	0.09500220135656315	0.09500220135656315	0.0	False
0	8	compositional_ridge	zero_effect	zero_effect_diagnostic	M	0.09500220135656315	0.09500220135656318	2.7755575615628914e-17	False
0	8	compositional_ridge	zero_effect	zero_effect_diagnostic	P	0.09500220135656315	0.06647518877825975	-0.028527012578303396	False
0	8	compositional_ridge	zero_effect	zero_effect_diagnostic	O	0.09500220135656315	0.06647518877825975	-0.028527012578303396	False
0	8	compositional_ridge	zero_effect	zero_effect_diagnostic	D	0.09500220135656315	0.06647518877825975	-0.028527012578303396	False
0	8	CPA_0.8.8	zero_effect	zero_effect_diagnostic	S	0.04276776068243909	0.04276776068243909	0.0	False
0	8	CPA_0.8.8	zero_effect	zero_effect_diagnostic	M	0.04276776068243909	0.04276776068243911	1.3877787807814457e-17	False
0	8	CPA_0.8.8	zero_effect	zero_effect_diagnostic	P	0.04276776068243909	0.012273033768984767	-0.030494726913454326	False
0	8	CPA_0.8.8	zero_effect	zero_effect_diagnostic	O	0.04276776068243909	0.016208462439286614	-0.02655929824315248	False
0	8	CPA_0.8.8	zero_effect	zero_effect_diagnostic	D	0.04276776068243909	0.014240748104135767	-0.028527012578303326	False
0	16	additive	compositional_ridge	primary_state_pair	S	-0.0007912360649253228	-0.0007912360649253228	0.0	False
0	16	additive	compositional_ridge	primary_state_pair	M	-0.0007912360649253228	-0.0007912360649253228	0.0	False
0	16	additive	compositional_ridge	primary_state_pair	P	-0.0007912360649253228	-0.0007912360649253367	-1.3877787807814457e-17	False
0	16	additive	compositional_ridge	primary_state_pair	O	-0.0007912360649253228	-0.0007912360649253367	-1.3877787807814457e-17	False
0	16	additive	compositional_ridge	primary_state_pair	D	-0.0007912360649253228	-0.0007912360649253367	-1.3877787807814457e-17	False
0	16	additive	CPA_0.8.8	primary_state_pair	S	0.05115539380939495	0.05115539380939495	0.0	False
0	16	additive	CPA_0.8.8	primary_state_pair	M	0.05115539380939495	0.05115539380939495	0.0	False
0	16	additive	CPA_0.8.8	primary_state_pair	P	0.05115539380939495	0.05232254678922567	0.0011671529798307212	False
0	16	additive	CPA_0.8.8	primary_state_pair	O	0.05115539380939495	0.04998824082956427	-0.0011671529798306796	False
0	16	additive	CPA_0.8.8	primary_state_pair	D	0.05115539380939495	0.051155393809394975	2.7755575615628914e-17	False
0	16	additive	zero_effect	zero_effect_diagnostic	S	0.0874154294844886	0.0874154294844886	0.0	False
0	16	additive	zero_effect	zero_effect_diagnostic	M	0.0874154294844886	0.0874154294844886	0.0	False
0	16	additive	zero_effect	zero_effect_diagnostic	P	0.0874154294844886	0.07288318448468878	-0.014532244999799826	False
0	16	additive	zero_effect	zero_effect_diagnostic	O	0.0874154294844886	0.07288318448468878	-0.014532244999799826	False
0	16	additive	zero_effect	zero_effect_diagnostic	D	0.0874154294844886	0.07288318448468878	-0.014532244999799826	False
0	16	compositional_ridge	CPA_0.8.8	primary_state_pair	S	0.05194662987432027	0.05194662987432027	0.0	False
0	16	compositional_ridge	CPA_0.8.8	primary_state_pair	M	0.05194662987432027	0.05194662987432027	0.0	False
0	16	compositional_ridge	CPA_0.8.8	primary_state_pair	P	0.05194662987432027	0.053113782854151005	0.001167152979830735	False
0	16	compositional_ridge	CPA_0.8.8	primary_state_pair	O	0.05194662987432027	0.050779476894489604	-0.0011671529798306657	False
0	16	compositional_ridge	CPA_0.8.8	primary_state_pair	D	0.05194662987432027	0.05194662987432031	4.163336342344337e-17	False
0	16	compositional_ridge	zero_effect	zero_effect_diagnostic	S	0.08820666554941392	0.08820666554941392	0.0	False
0	16	compositional_ridge	zero_effect	zero_effect_diagnostic	M	0.08820666554941392	0.08820666554941392	0.0	False
0	16	compositional_ridge	zero_effect	zero_effect_diagnostic	P	0.08820666554941392	0.07367442054961412	-0.014532244999799798	False
0	16	compositional_ridge	zero_effect	zero_effect_diagnostic	O	0.08820666554941392	0.07367442054961412	-0.014532244999799798	False
0	16	compositional_ridge	zero_effect	zero_effect_diagnostic	D	0.08820666554941392	0.07367442054961412	-0.014532244999799798	False
0	16	CPA_0.8.8	zero_effect	zero_effect_diagnostic	S	0.03626003567509366	0.03626003567509366	0.0	False
0	16	CPA_0.8.8	zero_effect	zero_effect_diagnostic	M	0.03626003567509366	0.03626003567509366	0.0	False
0	16	CPA_0.8.8	zero_effect	zero_effect_diagnostic	P	0.03626003567509366	0.02056063769546311	-0.015699397979630547	False
0	16	CPA_0.8.8	zero_effect	zero_effect_diagnostic	O	0.03626003567509366	0.02289494365512451	-0.013365092019969146	False
0	16	CPA_0.8.8	zero_effect	zero_effect_diagnostic	D	0.03626003567509366	0.021727790675293804	-0.014532244999799854	False
0	32	additive	compositional_ridge	primary_state_pair	S	-0.0007912360649253228	-0.0007912360649253228	0.0	False
0	32	additive	compositional_ridge	primary_state_pair	M	-0.0007912360649253228	-0.0007912360649253228	0.0	False
0	32	additive	compositional_ridge	primary_state_pair	P	-0.0007912360649253228	-0.0007912360649253158	6.938893903907228e-18	False
0	32	additive	compositional_ridge	primary_state_pair	O	-0.0007912360649253228	-0.0007912360649253158	6.938893903907228e-18	False
0	32	additive	compositional_ridge	primary_state_pair	D	-0.0007912360649253228	-0.0007912360649253158	6.938893903907228e-18	False
0	32	additive	CPA_0.8.8	primary_state_pair	S	0.04861055593727298	0.04861055593727298	0.0	False
0	32	additive	CPA_0.8.8	primary_state_pair	M	0.04861055593727298	0.04861055593727298	0.0	False
0	32	additive	CPA_0.8.8	primary_state_pair	P	0.04861055593727298	0.04909934529590354	0.0004887893586305592	False
0	32	additive	CPA_0.8.8	primary_state_pair	O	0.04861055593727298	0.04812176657864248	-0.0004887893586305037	False
0	32	additive	CPA_0.8.8	primary_state_pair	D	0.04861055593727298	0.048610555937272995	1.3877787807814457e-17	False
0	32	additive	zero_effect	zero_effect_diagnostic	S	0.08063074752842903	0.08063074752842903	0.0	False
0	32	additive	zero_effect	zero_effect_diagnostic	M	0.08063074752842903	0.08063074752842901	-1.3877787807814457e-17	False
0	32	additive	zero_effect	zero_effect_diagnostic	P	0.08063074752842903	0.07340792953943581	-0.007222817988993213	False
0	32	additive	zero_effect	zero_effect_diagnostic	O	0.08063074752842903	0.07340792953943581	-0.007222817988993213	False
0	32	additive	zero_effect	zero_effect_diagnostic	D	0.08063074752842903	0.07340792953943581	-0.007222817988993213	False
0	32	compositional_ridge	CPA_0.8.8	primary_state_pair	S	0.049401792002198304	0.049401792002198304	0.0	False
0	32	compositional_ridge	CPA_0.8.8	primary_state_pair	M	0.049401792002198304	0.049401792002198304	0.0	False
0	32	compositional_ridge	CPA_0.8.8	primary_state_pair	P	0.049401792002198304	0.049890581360828856	0.0004887893586305522	False
0	32	compositional_ridge	CPA_0.8.8	primary_state_pair	O	0.049401792002198304	0.04891300264356779	-0.0004887893586305106	False
0	32	compositional_ridge	CPA_0.8.8	primary_state_pair	D	0.049401792002198304	0.04940179200219831	6.938893903907228e-18	False
0	32	compositional_ridge	zero_effect	zero_effect_diagnostic	S	0.08142198359335434	0.08142198359335434	0.0	False
0	32	compositional_ridge	zero_effect	zero_effect_diagnostic	M	0.08142198359335434	0.08142198359335434	0.0	False
0	32	compositional_ridge	zero_effect	zero_effect_diagnostic	P	0.08142198359335434	0.07419916560436113	-0.007222817988993213	False
0	32	compositional_ridge	zero_effect	zero_effect_diagnostic	O	0.08142198359335434	0.07419916560436113	-0.007222817988993213	False
0	32	compositional_ridge	zero_effect	zero_effect_diagnostic	D	0.08142198359335434	0.07419916560436113	-0.007222817988993213	False
0	32	CPA_0.8.8	zero_effect	zero_effect_diagnostic	S	0.032020191591156044	0.032020191591156044	0.0	False
0	32	CPA_0.8.8	zero_effect	zero_effect_diagnostic	M	0.032020191591156044	0.03202019159115603	-1.3877787807814457e-17	False
0	32	CPA_0.8.8	zero_effect	zero_effect_diagnostic	P	0.032020191591156044	0.024308584243532272	-0.007711607347623772	False
0	32	CPA_0.8.8	zero_effect	zero_effect_diagnostic	O	0.032020191591156044	0.025286162960793335	-0.0067340286303627095	False
0	32	CPA_0.8.8	zero_effect	zero_effect_diagnostic	D	0.032020191591156044	0.024797373602162817	-0.007222817988993227	False
0	64	additive	compositional_ridge	primary_state_pair	S	-0.0007912360649253228	-0.0007912360649253228	0.0	False
0	64	additive	compositional_ridge	primary_state_pair	M	-0.0007912360649253228	-0.0007912360649253228	0.0	False
0	64	additive	compositional_ridge	primary_state_pair	P	-0.0007912360649253228	-0.0007912360649253193	3.469446951953614e-18	False
0	64	additive	compositional_ridge	primary_state_pair	O	-0.0007912360649253228	-0.0007912360649253193	3.469446951953614e-18	False
0	64	additive	compositional_ridge	primary_state_pair	D	-0.0007912360649253228	-0.0007912360649253193	3.469446951953614e-18	False
0	64	additive	CPA_0.8.8	primary_state_pair	S	0.04825179252780831	0.04825179252780831	0.0	False
0	64	additive	CPA_0.8.8	primary_state_pair	M	0.04825179252780831	0.04825179252780831	0.0	False
0	64	additive	CPA_0.8.8	primary_state_pair	P	0.04825179252780831	0.04852061203477224	0.0002688195069639257	False
0	64	additive	CPA_0.8.8	primary_state_pair	O	0.04825179252780831	0.0479829730208444	-0.0002688195069639118	False
0	64	additive	CPA_0.8.8	primary_state_pair	D	0.04825179252780831	0.048251792527808306	-6.938893903907228e-18	False
0	64	additive	zero_effect	zero_effect_diagnostic	S	0.0784169209437108	0.0784169209437108	0.0	False
0	64	additive	zero_effect	zero_effect_diagnostic	M	0.0784169209437108	0.07841692094371079	-1.3877787807814457e-17	False
0	64	additive	zero_effect	zero_effect_diagnostic	P	0.0784169209437108	0.07476993452002031	-0.0036469864236904903	False
0	64	additive	zero_effect	zero_effect_diagnostic	O	0.0784169209437108	0.07476993452002031	-0.0036469864236904903	False
0	64	additive	zero_effect	zero_effect_diagnostic	D	0.0784169209437108	0.07476993452002031	-0.0036469864236904903	False
0	64	compositional_ridge	CPA_0.8.8	primary_state_pair	S	0.049043028592733635	0.049043028592733635	0.0	False
0	64	compositional_ridge	CPA_0.8.8	primary_state_pair	M	0.049043028592733635	0.049043028592733635	0.0	False
0	64	compositional_ridge	CPA_0.8.8	primary_state_pair	P	0.049043028592733635	0.04931184809969756	0.0002688195069639257	False
0	64	compositional_ridge	CPA_0.8.8	primary_state_pair	O	0.049043028592733635	0.048774209085769724	-0.0002688195069639118	False
0	64	compositional_ridge	CPA_0.8.8	primary_state_pair	D	0.049043028592733635	0.04904302859273363	-6.938893903907228e-18	False
0	64	compositional_ridge	zero_effect	zero_effect_diagnostic	S	0.07920815700863612	0.07920815700863612	0.0	False
0	64	compositional_ridge	zero_effect	zero_effect_diagnostic	M	0.07920815700863612	0.07920815700863612	0.0	False
0	64	compositional_ridge	zero_effect	zero_effect_diagnostic	P	0.07920815700863612	0.07556117058494564	-0.0036469864236904764	False
0	64	compositional_ridge	zero_effect	zero_effect_diagnostic	O	0.07920815700863612	0.07556117058494564	-0.0036469864236904764	False
0	64	compositional_ridge	zero_effect	zero_effect_diagnostic	D	0.07920815700863612	0.07556117058494564	-0.0036469864236904764	False
0	64	CPA_0.8.8	zero_effect	zero_effect_diagnostic	S	0.030165128415902492	0.030165128415902492	0.0	False
0	64	CPA_0.8.8	zero_effect	zero_effect_diagnostic	M	0.030165128415902492	0.03016512841590248	-1.3877787807814457e-17	False
0	64	CPA_0.8.8	zero_effect	zero_effect_diagnostic	P	0.030165128415902492	0.026249322485248083	-0.003915805930654409	False
0	64	CPA_0.8.8	zero_effect	zero_effect_diagnostic	O	0.030165128415902492	0.02678696149917592	-0.0033781669167265715	False
0	64	CPA_0.8.8	zero_effect	zero_effect_diagnostic	D	0.030165128415902492	0.026518141992212016	-0.0036469864236904764	False
0	128	additive	compositional_ridge	primary_state_pair	S	-0.0007912360649253228	-0.0007912360649253228	0.0	False
0	128	additive	compositional_ridge	primary_state_pair	M	-0.0007912360649253228	-0.0007912360649253228	0.0	False
0	128	additive	compositional_ridge	primary_state_pair	P	-0.0007912360649253228	-0.0007912360649253158	6.938893903907228e-18	False
0	128	additive	compositional_ridge	primary_state_pair	O	-0.0007912360649253228	-0.0007912360649253158	6.938893903907228e-18	False
0	128	additive	compositional_ridge	primary_state_pair	D	-0.0007912360649253228	-0.0007912360649253158	6.938893903907228e-18	False
0	128	additive	CPA_0.8.8	primary_state_pair	S	0.04721066158923097	0.04721066158923097	0.0	False
0	128	additive	CPA_0.8.8	primary_state_pair	M	0.04721066158923097	0.04721066158923097	0.0	False
0	128	additive	CPA_0.8.8	primary_state_pair	P	0.04721066158923097	0.047361286975466446	0.0001506253862354756	False
0	128	additive	CPA_0.8.8	primary_state_pair	O	0.04721066158923097	0.04706003620299552	-0.00015062538623544786	False
0	128	additive	CPA_0.8.8	primary_state_pair	D	0.04721066158923097	0.047210661589231	2.7755575615628914e-17	False
0	128	additive	zero_effect	zero_effect_diagnostic	S	0.07650219982463183	0.07650219982463183	0.0	False
0	128	additive	zero_effect	zero_effect_diagnostic	M	0.07650219982463183	0.07650219982463183	0.0	False
0	128	additive	zero_effect	zero_effect_diagnostic	P	0.07650219982463183	0.0746364649059736	-0.0018657349186582267	False
0	128	additive	zero_effect	zero_effect_diagnostic	O	0.07650219982463183	0.0746364649059736	-0.0018657349186582267	False
0	128	additive	zero_effect	zero_effect_diagnostic	D	0.07650219982463183	0.0746364649059736	-0.0018657349186582267	False
0	128	compositional_ridge	CPA_0.8.8	primary_state_pair	S	0.04800189765415629	0.04800189765415629	0.0	False
0	128	compositional_ridge	CPA_0.8.8	primary_state_pair	M	0.04800189765415629	0.04800189765415629	0.0	False
0	128	compositional_ridge	CPA_0.8.8	primary_state_pair	P	0.04800189765415629	0.04815252304039176	0.00015062538623546867	False
0	128	compositional_ridge	CPA_0.8.8	primary_state_pair	O	0.04800189765415629	0.04785127226792084	-0.0001506253862354548	False
0	128	compositional_ridge	CPA_0.8.8	primary_state_pair	D	0.04800189765415629	0.048001897654156314	2.0816681711721685e-17	False
0	128	compositional_ridge	zero_effect	zero_effect_diagnostic	S	0.07729343588955714	0.07729343588955714	0.0	False
0	128	compositional_ridge	zero_effect	zero_effect_diagnostic	M	0.07729343588955714	0.07729343588955714	0.0	False
0	128	compositional_ridge	zero_effect	zero_effect_diagnostic	P	0.07729343588955714	0.07542770097089892	-0.0018657349186582267	False
0	128	compositional_ridge	zero_effect	zero_effect_diagnostic	O	0.07729343588955714	0.07542770097089892	-0.0018657349186582267	False
0	128	compositional_ridge	zero_effect	zero_effect_diagnostic	D	0.07729343588955714	0.07542770097089892	-0.0018657349186582267	False
0	128	CPA_0.8.8	zero_effect	zero_effect_diagnostic	S	0.029291538235400857	0.029291538235400857	0.0	False
0	128	CPA_0.8.8	zero_effect	zero_effect_diagnostic	M	0.029291538235400857	0.029291538235400857	0.0	False
0	128	CPA_0.8.8	zero_effect	zero_effect_diagnostic	P	0.029291538235400857	0.027275177930507155	-0.0020163603048937023	False
0	128	CPA_0.8.8	zero_effect	zero_effect_diagnostic	O	0.029291538235400857	0.02757642870297808	-0.0017151095324227789	False
0	128	CPA_0.8.8	zero_effect	zero_effect_diagnostic	D	0.029291538235400857	0.027425803316742603	-0.0018657349186582545	False
0	135	additive	compositional_ridge	primary_state_pair	S	-0.0007912360649253228	-0.0007912360649253228	0.0	False
0	135	additive	compositional_ridge	primary_state_pair	M	-0.0007912360649253228	-0.0007912360649253228	0.0	False
0	135	additive	compositional_ridge	primary_state_pair	P	-0.0007912360649253228	-0.0007912360649253124	1.0408340855860843e-17	False
0	135	additive	compositional_ridge	primary_state_pair	O	-0.0007912360649253228	-0.0007912360649253124	1.0408340855860843e-17	False
0	135	additive	compositional_ridge	primary_state_pair	D	-0.0007912360649253228	-0.0007912360649253124	1.0408340855860843e-17	False
0	135	additive	CPA_0.8.8	primary_state_pair	S	0.0474027097341677	0.0474027097341677	0.0	False
0	135	additive	CPA_0.8.8	primary_state_pair	M	0.0474027097341677	0.0474027097341677	0.0	False
0	135	additive	CPA_0.8.8	primary_state_pair	P	0.0474027097341677	0.04755974989926014	0.0001570401650924369	False
0	135	additive	CPA_0.8.8	primary_state_pair	O	0.0474027097341677	0.047245669569075305	-0.00015704016509239527	False
0	135	additive	CPA_0.8.8	primary_state_pair	D	0.0474027097341677	0.047402709734167686	-1.3877787807814457e-17	False
0	135	additive	zero_effect	zero_effect_diagnostic	S	0.0767164793447113	0.0767164793447113	0.0	False
0	135	additive	zero_effect	zero_effect_diagnostic	M	0.0767164793447113	0.07671647934471128	-2.7755575615628914e-17	False
0	135	additive	zero_effect	zero_effect_diagnostic	P	0.0767164793447113	0.07491534800229098	-0.0018011313424203257	False
0	135	additive	zero_effect	zero_effect_diagnostic	O	0.0767164793447113	0.07491534800229098	-0.0018011313424203257	False
0	135	additive	zero_effect	zero_effect_diagnostic	D	0.0767164793447113	0.07491534800229098	-0.0018011313424203257	False
0	135	compositional_ridge	CPA_0.8.8	primary_state_pair	S	0.04819394579909302	0.04819394579909302	0.0	False
0	135	compositional_ridge	CPA_0.8.8	primary_state_pair	M	0.04819394579909302	0.04819394579909302	0.0	False
0	135	compositional_ridge	CPA_0.8.8	primary_state_pair	P	0.04819394579909302	0.04835098596418545	0.00015704016509242996	False
0	135	compositional_ridge	CPA_0.8.8	primary_state_pair	O	0.04819394579909302	0.04803690563400062	-0.0001570401650924022	False
0	135	compositional_ridge	CPA_0.8.8	primary_state_pair	D	0.04819394579909302	0.048193945799093	-2.0816681711721685e-17	False
0	135	compositional_ridge	zero_effect	zero_effect_diagnostic	S	0.07750771540963663	0.07750771540963663	0.0	False
0	135	compositional_ridge	zero_effect	zero_effect_diagnostic	M	0.07750771540963663	0.07750771540963661	-2.7755575615628914e-17	False
0	135	compositional_ridge	zero_effect	zero_effect_diagnostic	P	0.07750771540963663	0.0757065840672163	-0.0018011313424203396	False
0	135	compositional_ridge	zero_effect	zero_effect_diagnostic	O	0.07750771540963663	0.0757065840672163	-0.0018011313424203396	False
0	135	compositional_ridge	zero_effect	zero_effect_diagnostic	D	0.07750771540963663	0.0757065840672163	-0.0018011313424203396	False
0	135	CPA_0.8.8	zero_effect	zero_effect_diagnostic	S	0.029313769610543605	0.029313769610543605	0.0	False
0	135	CPA_0.8.8	zero_effect	zero_effect_diagnostic	M	0.029313769610543605	0.029313769610543577	-2.7755575615628914e-17	False
0	135	CPA_0.8.8	zero_effect	zero_effect_diagnostic	P	0.029313769610543605	0.027355598103030843	-0.0019581715075127626	False
0	135	CPA_0.8.8	zero_effect	zero_effect_diagnostic	O	0.029313769610543605	0.027669678433215675	-0.0016440911773279304	False
0	135	CPA_0.8.8	zero_effect	zero_effect_diagnostic	D	0.029313769610543605	0.027512638268123293	-0.0018011313424203118	False
1	8	additive	compositional_ridge	primary_state_pair	S	-0.0007912360649253228	-0.0007912360649253228	0.0	False
1	8	additive	compositional_ridge	primary_state_pair	M	-0.0007912360649253228	-0.0007912360649253228	0.0	False
1	8	additive	compositional_ridge	primary_state_pair	P	-0.0007912360649253228	-0.0007912360649253436	-2.0816681711721685e-17	False
1	8	additive	compositional_ridge	primary_state_pair	O	-0.0007912360649253228	-0.0007912360649253436	-2.0816681711721685e-17	False
1	8	additive	compositional_ridge	primary_state_pair	D	-0.0007912360649253228	-0.0007912360649253436	-2.0816681711721685e-17	False
1	8	additive	CPA_0.8.8	primary_state_pair	S	0.04497380436975526	0.04497380436975526	0.0	False
1	8	additive	CPA_0.8.8	primary_state_pair	M	0.04497380436975526	0.04497380436975526	0.0	False
1	8	additive	CPA_0.8.8	primary_state_pair	P	0.04497380436975526	0.04902197287439556	0.0040481685046403	False
1	8	additive	CPA_0.8.8	primary_state_pair	O	0.04497380436975526	0.04092563586511495	-0.0040481685046403135	False
1	8	additive	CPA_0.8.8	primary_state_pair	D	0.04497380436975526	0.04497380436975525	-6.938893903907228e-18	False
1	8	additive	zero_effect	zero_effect_diagnostic	S	0.08649348983929454	0.08649348983929454	0.0	False
1	8	additive	zero_effect	zero_effect_diagnostic	M	0.08649348983929454	0.08649348983929454	0.0	False
1	8	additive	zero_effect	zero_effect_diagnostic	P	0.08649348983929454	0.054533519123939424	-0.03195997071535512	False
1	8	additive	zero_effect	zero_effect_diagnostic	O	0.08649348983929454	0.054533519123939424	-0.03195997071535512	False
1	8	additive	zero_effect	zero_effect_diagnostic	D	0.08649348983929454	0.054533519123939424	-0.03195997071535512	False
1	8	compositional_ridge	CPA_0.8.8	primary_state_pair	S	0.04576504043468058	0.04576504043468058	0.0	False
1	8	compositional_ridge	CPA_0.8.8	primary_state_pair	M	0.04576504043468058	0.04576504043468058	0.0	False
1	8	compositional_ridge	CPA_0.8.8	primary_state_pair	P	0.04576504043468058	0.049813208939320903	0.00404816850464032	False
1	8	compositional_ridge	CPA_0.8.8	primary_state_pair	O	0.04576504043468058	0.04171687193004029	-0.004048168504640293	False
1	8	compositional_ridge	CPA_0.8.8	primary_state_pair	D	0.04576504043468058	0.0457650404346806	1.3877787807814457e-17	False
1	8	compositional_ridge	zero_effect	zero_effect_diagnostic	S	0.08728472590421987	0.08728472590421987	0.0	False
1	8	compositional_ridge	zero_effect	zero_effect_diagnostic	M	0.08728472590421987	0.08728472590421987	0.0	False
1	8	compositional_ridge	zero_effect	zero_effect_diagnostic	P	0.08728472590421987	0.05532475518886477	-0.031959970715355106	False
1	8	compositional_ridge	zero_effect	zero_effect_diagnostic	O	0.08728472590421987	0.05532475518886477	-0.031959970715355106	False
1	8	compositional_ridge	zero_effect	zero_effect_diagnostic	D	0.08728472590421987	0.05532475518886477	-0.031959970715355106	False
1	8	CPA_0.8.8	zero_effect	zero_effect_diagnostic	S	0.04151968546953928	0.04151968546953928	0.0	False
1	8	CPA_0.8.8	zero_effect	zero_effect_diagnostic	M	0.04151968546953928	0.04151968546953928	0.0	False
1	8	CPA_0.8.8	zero_effect	zero_effect_diagnostic	P	0.04151968546953928	0.005511546249543864	-0.03600813921999542	False
1	8	CPA_0.8.8	zero_effect	zero_effect_diagnostic	O	0.04151968546953928	0.013607883258824477	-0.027911802210714806	False
1	8	CPA_0.8.8	zero_effect	zero_effect_diagnostic	D	0.04151968546953928	0.00955971475418417	-0.03195997071535511	False
1	16	additive	compositional_ridge	primary_state_pair	S	-0.0007912360649253228	-0.0007912360649253228	0.0	False
1	16	additive	compositional_ridge	primary_state_pair	M	-0.0007912360649253228	-0.0007912360649253228	0.0	False
1	16	additive	compositional_ridge	primary_state_pair	P	-0.0007912360649253228	-0.000791236064925302	2.0816681711721685e-17	False
1	16	additive	compositional_ridge	primary_state_pair	O	-0.0007912360649253228	-0.000791236064925302	2.0816681711721685e-17	False
1	16	additive	compositional_ridge	primary_state_pair	D	-0.0007912360649253228	-0.000791236064925302	2.0816681711721685e-17	False
1	16	additive	CPA_0.8.8	primary_state_pair	S	0.046572639174474045	0.046572639174474045	0.0	False
1	16	additive	CPA_0.8.8	primary_state_pair	M	0.046572639174474045	0.04657263917447403	-1.3877787807814457e-17	False
1	16	additive	CPA_0.8.8	primary_state_pair	P	0.046572639174474045	0.04896148316451222	0.002388843990038178	False
1	16	additive	CPA_0.8.8	primary_state_pair	O	0.046572639174474045	0.04418379518443581	-0.0023888439900382336	False
1	16	additive	CPA_0.8.8	primary_state_pair	D	0.046572639174474045	0.04657263917447403	-1.3877787807814457e-17	False
1	16	additive	zero_effect	zero_effect_diagnostic	S	0.08195210040882948	0.08195210040882948	0.0	False
1	16	additive	zero_effect	zero_effect_diagnostic	M	0.08195210040882948	0.08195210040882948	0.0	False
1	16	additive	zero_effect	zero_effect_diagnostic	P	0.08195210040882948	0.06610531308712304	-0.01584678732170644	False
1	16	additive	zero_effect	zero_effect_diagnostic	O	0.08195210040882948	0.06610531308712304	-0.01584678732170644	False
1	16	additive	zero_effect	zero_effect_diagnostic	D	0.08195210040882948	0.06610531308712304	-0.01584678732170644	False
1	16	compositional_ridge	CPA_0.8.8	primary_state_pair	S	0.04736387523939937	0.04736387523939937	0.0	False
1	16	compositional_ridge	CPA_0.8.8	primary_state_pair	M	0.04736387523939937	0.047363875239399354	-1.3877787807814457e-17	False
1	16	compositional_ridge	CPA_0.8.8	primary_state_pair	P	0.04736387523939937	0.049752719229437525	0.0023888439900381572	False
1	16	compositional_ridge	CPA_0.8.8	primary_state_pair	O	0.04736387523939937	0.044975031249361114	-0.0023888439900382544	False
1	16	compositional_ridge	CPA_0.8.8	primary_state_pair	D	0.04736387523939937	0.04736387523939933	-3.469446951953614e-17	False
1	16	compositional_ridge	zero_effect	zero_effect_diagnostic	S	0.08274333647375481	0.08274333647375481	0.0	False
1	16	compositional_ridge	zero_effect	zero_effect_diagnostic	M	0.08274333647375481	0.08274333647375481	0.0	False
1	16	compositional_ridge	zero_effect	zero_effect_diagnostic	P	0.08274333647375481	0.06689654915204835	-0.015846787321706468	False
1	16	compositional_ridge	zero_effect	zero_effect_diagnostic	O	0.08274333647375481	0.06689654915204835	-0.015846787321706468	False
1	16	compositional_ridge	zero_effect	zero_effect_diagnostic	D	0.08274333647375481	0.06689654915204835	-0.015846787321706468	False
1	16	CPA_0.8.8	zero_effect	zero_effect_diagnostic	S	0.03537946123435544	0.03537946123435544	0.0	False
1	16	CPA_0.8.8	zero_effect	zero_effect_diagnostic	M	0.03537946123435544	0.03537946123435545	1.3877787807814457e-17	False
1	16	CPA_0.8.8	zero_effect	zero_effect_diagnostic	P	0.03537946123435544	0.01714382992261082	-0.01823563131174462	False
1	16	CPA_0.8.8	zero_effect	zero_effect_diagnostic	O	0.03537946123435544	0.021921517902687232	-0.013457943331668207	False
1	16	CPA_0.8.8	zero_effect	zero_effect_diagnostic	D	0.03537946123435544	0.019532673912649012	-0.015846787321706426	False
1	32	additive	compositional_ridge	primary_state_pair	S	-0.0007912360649253228	-0.0007912360649253228	0.0	False
1	32	additive	compositional_ridge	primary_state_pair	M	-0.0007912360649253228	-0.0007912360649253228	0.0	False
1	32	additive	compositional_ridge	primary_state_pair	P	-0.0007912360649253228	-0.0007912360649253367	-1.3877787807814457e-17	False
1	32	additive	compositional_ridge	primary_state_pair	O	-0.0007912360649253228	-0.0007912360649253367	-1.3877787807814457e-17	False
1	32	additive	compositional_ridge	primary_state_pair	D	-0.0007912360649253228	-0.0007912360649253367	-1.3877787807814457e-17	False
1	32	additive	CPA_0.8.8	primary_state_pair	S	0.044704668331149305	0.044704668331149305	0.0	False
1	32	additive	CPA_0.8.8	primary_state_pair	M	0.044704668331149305	0.044704668331149305	0.0	False
1	32	additive	CPA_0.8.8	primary_state_pair	P	0.044704668331149305	0.046183356729928314	0.0014786883987790087	False
1	32	additive	CPA_0.8.8	primary_state_pair	O	0.044704668331149305	0.0432259799323703	-0.0014786883987790087	False
1	32	additive	CPA_0.8.8	primary_state_pair	D	0.044704668331149305	0.04470466833114931	6.938893903907228e-18	False
1	32	additive	zero_effect	zero_effect_diagnostic	S	0.07596515811811404	0.07596515811811404	0.0	False
1	32	additive	zero_effect	zero_effect_diagnostic	M	0.07596515811811404	0.07596515811811404	0.0	False
1	32	additive	zero_effect	zero_effect_diagnostic	P	0.07596515811811404	0.06756514959406151	-0.008400008524052524	False
1	32	additive	zero_effect	zero_effect_diagnostic	O	0.07596515811811404	0.06756514959406151	-0.008400008524052524	False
1	32	additive	zero_effect	zero_effect_diagnostic	D	0.07596515811811404	0.06756514959406151	-0.008400008524052524	False
1	32	compositional_ridge	CPA_0.8.8	primary_state_pair	S	0.04549590439607463	0.04549590439607463	0.0	False
1	32	compositional_ridge	CPA_0.8.8	primary_state_pair	M	0.04549590439607463	0.04549590439607463	0.0	False
1	32	compositional_ridge	CPA_0.8.8	primary_state_pair	P	0.04549590439607463	0.04697459279485365	0.0014786883987790225	False
1	32	compositional_ridge	CPA_0.8.8	primary_state_pair	O	0.04549590439607463	0.04401721599729563	-0.0014786883987789948	False
1	32	compositional_ridge	CPA_0.8.8	primary_state_pair	D	0.04549590439607463	0.04549590439607465	2.0816681711721685e-17	False
1	32	compositional_ridge	zero_effect	zero_effect_diagnostic	S	0.07675639418303937	0.07675639418303937	0.0	False
1	32	compositional_ridge	zero_effect	zero_effect_diagnostic	M	0.07675639418303937	0.07675639418303937	0.0	False
1	32	compositional_ridge	zero_effect	zero_effect_diagnostic	P	0.07675639418303937	0.06835638565898684	-0.008400008524052524	False
1	32	compositional_ridge	zero_effect	zero_effect_diagnostic	O	0.07675639418303937	0.06835638565898684	-0.008400008524052524	False
1	32	compositional_ridge	zero_effect	zero_effect_diagnostic	D	0.07675639418303937	0.06835638565898684	-0.008400008524052524	False
1	32	CPA_0.8.8	zero_effect	zero_effect_diagnostic	S	0.03126048978696473	0.03126048978696473	0.0	False
1	32	CPA_0.8.8	zero_effect	zero_effect_diagnostic	M	0.03126048978696473	0.03126048978696473	0.0	False
1	32	CPA_0.8.8	zero_effect	zero_effect_diagnostic	P	0.03126048978696473	0.021381792864133192	-0.00987869692283154	False
1	32	CPA_0.8.8	zero_effect	zero_effect_diagnostic	O	0.03126048978696473	0.02433916966169121	-0.006921320125273522	False
1	32	CPA_0.8.8	zero_effect	zero_effect_diagnostic	D	0.03126048978696473	0.022860481262912194	-0.008400008524052538	False
1	64	additive	compositional_ridge	primary_state_pair	S	-0.0007912360649253228	-0.0007912360649253228	0.0	False
1	64	additive	compositional_ridge	primary_state_pair	M	-0.0007912360649253228	-0.0007912360649253228	0.0	False
1	64	additive	compositional_ridge	primary_state_pair	P	-0.0007912360649253228	-0.0007912360649253089	1.3877787807814457e-17	False
1	64	additive	compositional_ridge	primary_state_pair	O	-0.0007912360649253228	-0.0007912360649253089	1.3877787807814457e-17	False
1	64	additive	compositional_ridge	primary_state_pair	D	-0.0007912360649253228	-0.0007912360649253089	1.3877787807814457e-17	False
1	64	additive	CPA_0.8.8	primary_state_pair	S	0.04709104745511204	0.04709104745511204	0.0	False
1	64	additive	CPA_0.8.8	primary_state_pair	M	0.04709104745511204	0.04709104745511204	0.0	False
1	64	additive	CPA_0.8.8	primary_state_pair	P	0.04709104745511204	0.047505878600425974	0.00041483114531393195	False
1	64	additive	CPA_0.8.8	primary_state_pair	O	0.04709104745511204	0.04667621630979807	-0.0004148311453139736	False
1	64	additive	CPA_0.8.8	primary_state_pair	D	0.04709104745511204	0.04709104745511203	-1.3877787807814457e-17	False
1	64	additive	zero_effect	zero_effect_diagnostic	S	0.07743698022169233	0.07743698022169233	0.0	False
1	64	additive	zero_effect	zero_effect_diagnostic	M	0.07743698022169233	0.07743698022169238	4.163336342344337e-17	False
1	64	additive	zero_effect	zero_effect_diagnostic	P	0.07743698022169233	0.07364416179655808	-0.0037928184251342506	False
1	64	additive	zero_effect	zero_effect_diagnostic	O	0.07743698022169233	0.07364416179655808	-0.0037928184251342506	False
1	64	additive	zero_effect	zero_effect_diagnostic	D	0.07743698022169233	0.07364416179655808	-0.0037928184251342506	False
1	64	compositional_ridge	CPA_0.8.8	primary_state_pair	S	0.047882283520037365	0.047882283520037365	0.0	False
1	64	compositional_ridge	CPA_0.8.8	primary_state_pair	M	0.047882283520037365	0.047882283520037365	0.0	False
1	64	compositional_ridge	CPA_0.8.8	primary_state_pair	P	0.047882283520037365	0.04829711466535128	0.00041483114531391807	False
1	64	compositional_ridge	CPA_0.8.8	primary_state_pair	O	0.047882283520037365	0.04746745237472338	-0.00041483114531398746	False
1	64	compositional_ridge	CPA_0.8.8	primary_state_pair	D	0.047882283520037365	0.04788228352003734	-2.7755575615628914e-17	False
1	64	compositional_ridge	zero_effect	zero_effect_diagnostic	S	0.07822821628661766	0.07822821628661766	0.0	False
1	64	compositional_ridge	zero_effect	zero_effect_diagnostic	M	0.07822821628661766	0.07822821628661769	2.7755575615628914e-17	False
1	64	compositional_ridge	zero_effect	zero_effect_diagnostic	P	0.07822821628661766	0.0744353978614834	-0.0037928184251342645	False
1	64	compositional_ridge	zero_effect	zero_effect_diagnostic	O	0.07822821628661766	0.0744353978614834	-0.0037928184251342645	False
1	64	compositional_ridge	zero_effect	zero_effect_diagnostic	D	0.07822821628661766	0.0744353978614834	-0.0037928184251342645	False
1	64	CPA_0.8.8	zero_effect	zero_effect_diagnostic	S	0.03034593276658029	0.03034593276658029	0.0	False
1	64	CPA_0.8.8	zero_effect	zero_effect_diagnostic	M	0.03034593276658029	0.030345932766580333	4.163336342344337e-17	False
1	64	CPA_0.8.8	zero_effect	zero_effect_diagnostic	P	0.03034593276658029	0.02613828319613211	-0.0042076495704481826	False
1	64	CPA_0.8.8	zero_effect	zero_effect_diagnostic	O	0.03034593276658029	0.026967945486760014	-0.003377987279820277	False
1	64	CPA_0.8.8	zero_effect	zero_effect_diagnostic	D	0.03034593276658029	0.026553114341446055	-0.0037928184251342367	False
1	128	additive	compositional_ridge	primary_state_pair	S	-0.0007912360649253228	-0.0007912360649253228	0.0	False
1	128	additive	compositional_ridge	primary_state_pair	M	-0.0007912360649253228	-0.0007912360649253228	0.0	False
1	128	additive	compositional_ridge	primary_state_pair	P	-0.0007912360649253228	-0.0007912360649253228	0.0	False
1	128	additive	compositional_ridge	primary_state_pair	O	-0.0007912360649253228	-0.0007912360649253228	0.0	False
1	128	additive	compositional_ridge	primary_state_pair	D	-0.0007912360649253228	-0.0007912360649253228	0.0	False
1	128	additive	CPA_0.8.8	primary_state_pair	S	0.04827007982802729	0.04827007982802729	0.0	False
1	128	additive	CPA_0.8.8	primary_state_pair	M	0.04827007982802729	0.04827007982802729	0.0	False
1	128	additive	CPA_0.8.8	primary_state_pair	P	0.04827007982802729	0.04851222089343204	0.0002421410654047454	False
1	128	additive	CPA_0.8.8	primary_state_pair	O	0.04827007982802729	0.04802793876262248	-0.00024214106540481478	False
1	128	additive	CPA_0.8.8	primary_state_pair	D	0.04827007982802729	0.04827007982802727	-2.0816681711721685e-17	False
1	128	additive	zero_effect	zero_effect_diagnostic	S	0.07784248540278327	0.07784248540278327	0.0	False
1	128	additive	zero_effect	zero_effect_diagnostic	M	0.07784248540278327	0.07784248540278327	0.0	False
1	128	additive	zero_effect	zero_effect_diagnostic	P	0.07784248540278327	0.07591544910766165	-0.0019270362951216147	False
1	128	additive	zero_effect	zero_effect_diagnostic	O	0.07784248540278327	0.07591544910766165	-0.0019270362951216147	False
1	128	additive	zero_effect	zero_effect_diagnostic	D	0.07784248540278327	0.07591544910766165	-0.0019270362951216147	False
1	128	compositional_ridge	CPA_0.8.8	primary_state_pair	S	0.049061315892952616	0.049061315892952616	0.0	False
1	128	compositional_ridge	CPA_0.8.8	primary_state_pair	M	0.049061315892952616	0.049061315892952616	0.0	False
1	128	compositional_ridge	CPA_0.8.8	primary_state_pair	P	0.049061315892952616	0.04930345695835736	0.0002421410654047454	False
1	128	compositional_ridge	CPA_0.8.8	primary_state_pair	O	0.049061315892952616	0.0488191748275478	-0.00024214106540481478	False
1	128	compositional_ridge	CPA_0.8.8	primary_state_pair	D	0.049061315892952616	0.049061315892952595	-2.0816681711721685e-17	False
1	128	compositional_ridge	zero_effect	zero_effect_diagnostic	S	0.07863372146770858	0.07863372146770858	0.0	False
1	128	compositional_ridge	zero_effect	zero_effect_diagnostic	M	0.07863372146770858	0.07863372146770858	0.0	False
1	128	compositional_ridge	zero_effect	zero_effect_diagnostic	P	0.07863372146770858	0.07670668517258697	-0.0019270362951216147	False
1	128	compositional_ridge	zero_effect	zero_effect_diagnostic	O	0.07863372146770858	0.07670668517258697	-0.0019270362951216147	False
1	128	compositional_ridge	zero_effect	zero_effect_diagnostic	D	0.07863372146770858	0.07670668517258697	-0.0019270362951216147	False
1	128	CPA_0.8.8	zero_effect	zero_effect_diagnostic	S	0.029572405574755975	0.029572405574755975	0.0	False
1	128	CPA_0.8.8	zero_effect	zero_effect_diagnostic	M	0.029572405574755975	0.029572405574755975	0.0	False
1	128	CPA_0.8.8	zero_effect	zero_effect_diagnostic	P	0.029572405574755975	0.027403228214229608	-0.002169177360526367	False
1	128	CPA_0.8.8	zero_effect	zero_effect_diagnostic	O	0.029572405574755975	0.027887510345039168	-0.0016848952297168068	False
1	128	CPA_0.8.8	zero_effect	zero_effect_diagnostic	D	0.029572405574755975	0.027645369279634374	-0.0019270362951216008	False
1	135	additive	compositional_ridge	primary_state_pair	S	-0.0007912360649253228	-0.0007912360649253228	0.0	False
1	135	additive	compositional_ridge	primary_state_pair	M	-0.0007912360649253228	-0.0007912360649253228	0.0	False
1	135	additive	compositional_ridge	primary_state_pair	P	-0.0007912360649253228	-0.0007912360649253124	1.0408340855860843e-17	False
1	135	additive	compositional_ridge	primary_state_pair	O	-0.0007912360649253228	-0.0007912360649253124	1.0408340855860843e-17	False
1	135	additive	compositional_ridge	primary_state_pair	D	-0.0007912360649253228	-0.0007912360649253124	1.0408340855860843e-17	False
1	135	additive	CPA_0.8.8	primary_state_pair	S	0.04804579044427178	0.04804579044427178	0.0	False
1	135	additive	CPA_0.8.8	primary_state_pair	M	0.04804579044427178	0.04804579044427176	-1.3877787807814457e-17	False
1	135	additive	CPA_0.8.8	primary_state_pair	P	0.04804579044427178	0.04831141967180528	0.0002656292275335023	False
1	135	additive	CPA_0.8.8	primary_state_pair	O	0.04804579044427178	0.047780161216738275	-0.0002656292275335023	False
1	135	additive	CPA_0.8.8	primary_state_pair	D	0.04804579044427178	0.048045790444271756	-2.0816681711721685e-17	False
1	135	additive	zero_effect	zero_effect_diagnostic	S	0.077582116887114	0.077582116887114	0.0	False
1	135	additive	zero_effect	zero_effect_diagnostic	M	0.077582116887114	0.077582116887114	0.0	False
1	135	additive	zero_effect	zero_effect_diagnostic	P	0.077582116887114	0.07570527682206854	-0.0018768400650454597	False
1	135	additive	zero_effect	zero_effect_diagnostic	O	0.077582116887114	0.07570527682206854	-0.0018768400650454597	False
1	135	additive	zero_effect	zero_effect_diagnostic	D	0.077582116887114	0.07570527682206854	-0.0018768400650454597	False
1	135	compositional_ridge	CPA_0.8.8	primary_state_pair	S	0.0488370265091971	0.0488370265091971	0.0	False
1	135	compositional_ridge	CPA_0.8.8	primary_state_pair	M	0.0488370265091971	0.048837026509197086	-1.3877787807814457e-17	False
1	135	compositional_ridge	CPA_0.8.8	primary_state_pair	P	0.0488370265091971	0.04910265573673059	0.00026562922753348844	False
1	135	compositional_ridge	CPA_0.8.8	primary_state_pair	O	0.0488370265091971	0.048571397281663584	-0.0002656292275335162	False
1	135	compositional_ridge	CPA_0.8.8	primary_state_pair	D	0.0488370265091971	0.048837026509197065	-3.469446951953614e-17	False
1	135	compositional_ridge	zero_effect	zero_effect_diagnostic	S	0.07837335295203932	0.07837335295203932	0.0	False
1	135	compositional_ridge	zero_effect	zero_effect_diagnostic	M	0.07837335295203932	0.07837335295203932	0.0	False
1	135	compositional_ridge	zero_effect	zero_effect_diagnostic	P	0.07837335295203932	0.07649651288699384	-0.0018768400650454736	False
1	135	compositional_ridge	zero_effect	zero_effect_diagnostic	O	0.07837335295203932	0.07649651288699384	-0.0018768400650454736	False
1	135	compositional_ridge	zero_effect	zero_effect_diagnostic	D	0.07837335295203932	0.07649651288699384	-0.0018768400650454736	False
1	135	CPA_0.8.8	zero_effect	zero_effect_diagnostic	S	0.029536326442842223	0.029536326442842223	0.0	False
1	135	CPA_0.8.8	zero_effect	zero_effect_diagnostic	M	0.029536326442842223	0.029536326442842237	1.3877787807814457e-17	False
1	135	CPA_0.8.8	zero_effect	zero_effect_diagnostic	P	0.029536326442842223	0.027393857150263254	-0.002142469292578969	False
1	135	CPA_0.8.8	zero_effect	zero_effect_diagnostic	O	0.029536326442842223	0.02792511560533026	-0.0016112108375119644	False
1	135	CPA_0.8.8	zero_effect	zero_effect_diagnostic	D	0.029536326442842223	0.027659486377796777	-0.0018768400650454459	False
2	8	additive	compositional_ridge	primary_state_pair	S	-0.0007912360649253228	-0.0007912360649253228	0.0	False
2	8	additive	compositional_ridge	primary_state_pair	M	-0.0007912360649253228	-0.0007912360649253228	0.0	False
2	8	additive	compositional_ridge	primary_state_pair	P	-0.0007912360649253228	-0.0007912360649253228	0.0	False
2	8	additive	compositional_ridge	primary_state_pair	O	-0.0007912360649253228	-0.0007912360649253228	0.0	False
2	8	additive	compositional_ridge	primary_state_pair	D	-0.0007912360649253228	-0.0007912360649253228	0.0	False
2	8	additive	CPA_0.8.8	primary_state_pair	S	0.05632115944714898	0.05632115944714898	0.0	False
2	8	additive	CPA_0.8.8	primary_state_pair	M	0.05632115944714898	0.05632115944714898	0.0	False
2	8	additive	CPA_0.8.8	primary_state_pair	P	0.05632115944714898	0.06005959503555229	0.0037384355884033105	False
2	8	additive	CPA_0.8.8	primary_state_pair	O	0.05632115944714898	0.05258272385874564	-0.0037384355884033382	False
2	8	additive	CPA_0.8.8	primary_state_pair	D	0.05632115944714898	0.056321159447148994	1.3877787807814457e-17	False
2	8	additive	zero_effect	zero_effect_diagnostic	S	0.10100897979500717	0.10100897979500717	0.0	False
2	8	additive	zero_effect	zero_effect_diagnostic	M	0.10100897979500717	0.1010089797950072	2.7755575615628914e-17	False
2	8	additive	zero_effect	zero_effect_diagnostic	P	0.10100897979500717	0.06944922452337701	-0.03155975527163016	False
2	8	additive	zero_effect	zero_effect_diagnostic	O	0.10100897979500717	0.06944922452337701	-0.03155975527163016	False
2	8	additive	zero_effect	zero_effect_diagnostic	D	0.10100897979500717	0.06944922452337701	-0.03155975527163016	False
2	8	compositional_ridge	CPA_0.8.8	primary_state_pair	S	0.0571123955120743	0.0571123955120743	0.0	False
2	8	compositional_ridge	CPA_0.8.8	primary_state_pair	M	0.0571123955120743	0.0571123955120743	0.0	False
2	8	compositional_ridge	CPA_0.8.8	primary_state_pair	P	0.0571123955120743	0.06085083110047761	0.0037384355884033105	False
2	8	compositional_ridge	CPA_0.8.8	primary_state_pair	O	0.0571123955120743	0.053373959923670965	-0.0037384355884033382	False
2	8	compositional_ridge	CPA_0.8.8	primary_state_pair	D	0.0571123955120743	0.05711239551207432	1.3877787807814457e-17	False
2	8	compositional_ridge	zero_effect	zero_effect_diagnostic	S	0.10180021585993249	0.10180021585993249	0.0	False
2	8	compositional_ridge	zero_effect	zero_effect_diagnostic	M	0.10180021585993249	0.10180021585993251	2.7755575615628914e-17	False
2	8	compositional_ridge	zero_effect	zero_effect_diagnostic	P	0.10180021585993249	0.07024046058830233	-0.03155975527163016	False
2	8	compositional_ridge	zero_effect	zero_effect_diagnostic	O	0.10180021585993249	0.07024046058830233	-0.03155975527163016	False
2	8	compositional_ridge	zero_effect	zero_effect_diagnostic	D	0.10180021585993249	0.07024046058830233	-0.03155975527163016	False
2	8	CPA_0.8.8	zero_effect	zero_effect_diagnostic	S	0.04468782034785819	0.04468782034785819	0.0	False
2	8	CPA_0.8.8	zero_effect	zero_effect_diagnostic	M	0.04468782034785819	0.04468782034785822	2.7755575615628914e-17	False
2	8	CPA_0.8.8	zero_effect	zero_effect_diagnostic	P	0.04468782034785819	0.009389629487824722	-0.03529819086003347	False
2	8	CPA_0.8.8	zero_effect	zero_effect_diagnostic	O	0.04468782034785819	0.01686650066463137	-0.02782131968322682	False
2	8	CPA_0.8.8	zero_effect	zero_effect_diagnostic	D	0.04468782034785819	0.013128065076228018	-0.03155975527163017	False
2	16	additive	compositional_ridge	primary_state_pair	S	-0.0007912360649253228	-0.0007912360649253228	0.0	False
2	16	additive	compositional_ridge	primary_state_pair	M	-0.0007912360649253228	-0.0007912360649253228	0.0	False
2	16	additive	compositional_ridge	primary_state_pair	P	-0.0007912360649253228	-0.0007912360649253436	-2.0816681711721685e-17	False
2	16	additive	compositional_ridge	primary_state_pair	O	-0.0007912360649253228	-0.0007912360649253436	-2.0816681711721685e-17	False
2	16	additive	compositional_ridge	primary_state_pair	D	-0.0007912360649253228	-0.0007912360649253436	-2.0816681711721685e-17	False
2	16	additive	CPA_0.8.8	primary_state_pair	S	0.05071317806801032	0.05071317806801032	0.0	False
2	16	additive	CPA_0.8.8	primary_state_pair	M	0.05071317806801032	0.05071317806801032	0.0	False
2	16	additive	CPA_0.8.8	primary_state_pair	P	0.05071317806801032	0.052353248951723164	0.0016400708837128464	False
2	16	additive	CPA_0.8.8	primary_state_pair	O	0.05071317806801032	0.0490731071842975	-0.0016400708837128186	False
2	16	additive	CPA_0.8.8	primary_state_pair	D	0.05071317806801032	0.050713178068010345	2.7755575615628914e-17	False
2	16	additive	zero_effect	zero_effect_diagnostic	S	0.08756949065969061	0.08756949065969061	0.0	False
2	16	additive	zero_effect	zero_effect_diagnostic	M	0.08756949065969061	0.0875694906596906	-1.3877787807814457e-17	False
2	16	additive	zero_effect	zero_effect_diagnostic	P	0.08756949065969061	0.0718867695295281	-0.015682721130162502	False
2	16	additive	zero_effect	zero_effect_diagnostic	O	0.08756949065969061	0.0718867695295281	-0.015682721130162502	False
2	16	additive	zero_effect	zero_effect_diagnostic	D	0.08756949065969061	0.0718867695295281	-0.015682721130162502	False
2	16	compositional_ridge	CPA_0.8.8	primary_state_pair	S	0.05150441413293564	0.05150441413293564	0.0	False
2	16	compositional_ridge	CPA_0.8.8	primary_state_pair	M	0.05150441413293564	0.05150441413293564	0.0	False
2	16	compositional_ridge	CPA_0.8.8	primary_state_pair	P	0.05150441413293564	0.05314448501664851	0.0016400708837128672	False
2	16	compositional_ridge	CPA_0.8.8	primary_state_pair	O	0.05150441413293564	0.04986434324922284	-0.0016400708837127978	False
2	16	compositional_ridge	CPA_0.8.8	primary_state_pair	D	0.05150441413293564	0.05150441413293569	4.85722573273506e-17	False
2	16	compositional_ridge	zero_effect	zero_effect_diagnostic	S	0.08836072672461592	0.08836072672461592	0.0	False
2	16	compositional_ridge	zero_effect	zero_effect_diagnostic	M	0.08836072672461592	0.08836072672461592	0.0	False
2	16	compositional_ridge	zero_effect	zero_effect_diagnostic	P	0.08836072672461592	0.07267800559445345	-0.015682721130162475	False
2	16	compositional_ridge	zero_effect	zero_effect_diagnostic	O	0.08836072672461592	0.07267800559445345	-0.015682721130162475	False
2	16	compositional_ridge	zero_effect	zero_effect_diagnostic	D	0.08836072672461592	0.07267800559445345	-0.015682721130162475	False
2	16	CPA_0.8.8	zero_effect	zero_effect_diagnostic	S	0.03685631259168029	0.03685631259168029	0.0	False
2	16	CPA_0.8.8	zero_effect	zero_effect_diagnostic	M	0.03685631259168029	0.036856312591680276	-1.3877787807814457e-17	False
2	16	CPA_0.8.8	zero_effect	zero_effect_diagnostic	P	0.03685631259168029	0.01953352057780494	-0.01732279201387535	False
2	16	CPA_0.8.8	zero_effect	zero_effect_diagnostic	O	0.03685631259168029	0.022813662345230606	-0.014042650246449684	False
2	16	CPA_0.8.8	zero_effect	zero_effect_diagnostic	D	0.03685631259168029	0.02117359146151776	-0.01568272113016253	False
2	32	additive	compositional_ridge	primary_state_pair	S	-0.0007912360649253228	-0.0007912360649253228	0.0	False
2	32	additive	compositional_ridge	primary_state_pair	M	-0.0007912360649253228	-0.0007912360649253228	0.0	False
2	32	additive	compositional_ridge	primary_state_pair	P	-0.0007912360649253228	-0.0007912360649253297	-6.938893903907228e-18	False
2	32	additive	compositional_ridge	primary_state_pair	O	-0.0007912360649253228	-0.0007912360649253297	-6.938893903907228e-18	False
2	32	additive	compositional_ridge	primary_state_pair	D	-0.0007912360649253228	-0.0007912360649253297	-6.938893903907228e-18	False
2	32	additive	CPA_0.8.8	primary_state_pair	S	0.049384218007346686	0.049384218007346686	0.0	False
2	32	additive	CPA_0.8.8	primary_state_pair	M	0.049384218007346686	0.049384218007346686	0.0	False
2	32	additive	CPA_0.8.8	primary_state_pair	P	0.049384218007346686	0.050269462586833416	0.0008852445794867297	False
2	32	additive	CPA_0.8.8	primary_state_pair	O	0.049384218007346686	0.04849897342786001	-0.0008852445794866742	False
2	32	additive	CPA_0.8.8	primary_state_pair	D	0.049384218007346686	0.04938421800734673	4.163336342344337e-17	False
2	32	additive	zero_effect	zero_effect_diagnostic	S	0.08213764594524224	0.08213764594524224	0.0	False
2	32	additive	zero_effect	zero_effect_diagnostic	M	0.08213764594524224	0.08213764594524223	-1.3877787807814457e-17	False
2	32	additive	zero_effect	zero_effect_diagnostic	P	0.08213764594524224	0.07425432809503196	-0.007883317850210278	False
2	32	additive	zero_effect	zero_effect_diagnostic	O	0.08213764594524224	0.07425432809503196	-0.007883317850210278	False
2	32	additive	zero_effect	zero_effect_diagnostic	D	0.08213764594524224	0.07425432809503196	-0.007883317850210278	False
2	32	compositional_ridge	CPA_0.8.8	primary_state_pair	S	0.05017545407227201	0.05017545407227201	0.0	False
2	32	compositional_ridge	CPA_0.8.8	primary_state_pair	M	0.05017545407227201	0.05017545407227201	0.0	False
2	32	compositional_ridge	CPA_0.8.8	primary_state_pair	P	0.05017545407227201	0.051060698651758746	0.0008852445794867367	False
2	32	compositional_ridge	CPA_0.8.8	primary_state_pair	O	0.05017545407227201	0.04929020949278534	-0.0008852445794866673	False
2	32	compositional_ridge	CPA_0.8.8	primary_state_pair	D	0.05017545407227201	0.05017545407227206	4.85722573273506e-17	False
2	32	compositional_ridge	zero_effect	zero_effect_diagnostic	S	0.08292888201016757	0.08292888201016757	0.0	False
2	32	compositional_ridge	zero_effect	zero_effect_diagnostic	M	0.08292888201016757	0.08292888201016754	-2.7755575615628914e-17	False
2	32	compositional_ridge	zero_effect	zero_effect_diagnostic	P	0.08292888201016757	0.07504556415995729	-0.007883317850210278	False
2	32	compositional_ridge	zero_effect	zero_effect_diagnostic	O	0.08292888201016757	0.07504556415995729	-0.007883317850210278	False
2	32	compositional_ridge	zero_effect	zero_effect_diagnostic	D	0.08292888201016757	0.07504556415995729	-0.007883317850210278	False
2	32	CPA_0.8.8	zero_effect	zero_effect_diagnostic	S	0.032753427937895555	0.032753427937895555	0.0	False
2	32	CPA_0.8.8	zero_effect	zero_effect_diagnostic	M	0.032753427937895555	0.03275342793789554	-1.3877787807814457e-17	False
2	32	CPA_0.8.8	zero_effect	zero_effect_diagnostic	P	0.032753427937895555	0.023984865508198547	-0.008768562429697008	False
2	32	CPA_0.8.8	zero_effect	zero_effect_diagnostic	O	0.032753427937895555	0.02575535466717195	-0.006998073270723604	False
2	32	CPA_0.8.8	zero_effect	zero_effect_diagnostic	D	0.032753427937895555	0.024870110087685235	-0.00788331785021032	False
2	64	additive	compositional_ridge	primary_state_pair	S	-0.0007912360649253228	-0.0007912360649253228	0.0	False
2	64	additive	compositional_ridge	primary_state_pair	M	-0.0007912360649253228	-0.0007912360649253228	0.0	False
2	64	additive	compositional_ridge	primary_state_pair	P	-0.0007912360649253228	-0.0007912360649253193	3.469446951953614e-18	False
2	64	additive	compositional_ridge	primary_state_pair	O	-0.0007912360649253228	-0.0007912360649253193	3.469446951953614e-18	False
2	64	additive	compositional_ridge	primary_state_pair	D	-0.0007912360649253228	-0.0007912360649253193	3.469446951953614e-18	False
2	64	additive	CPA_0.8.8	primary_state_pair	S	0.04784070715062459	0.04784070715062459	0.0	False
2	64	additive	CPA_0.8.8	primary_state_pair	M	0.04784070715062459	0.04784070715062459	0.0	False
2	64	additive	CPA_0.8.8	primary_state_pair	P	0.04784070715062459	0.04809280694292706	0.0002520997923024654	False
2	64	additive	CPA_0.8.8	primary_state_pair	O	0.04784070715062459	0.04758860735832206	-0.00025209979230253476	False
2	64	additive	CPA_0.8.8	primary_state_pair	D	0.04784070715062459	0.04784070715062458	-1.3877787807814457e-17	False
2	64	additive	zero_effect	zero_effect_diagnostic	S	0.07838454972804879	0.07838454972804879	0.0	False
2	64	additive	zero_effect	zero_effect_diagnostic	M	0.07838454972804879	0.07838454972804879	0.0	False
2	64	additive	zero_effect	zero_effect_diagnostic	P	0.07838454972804879	0.07468986210493939	-0.0036946876231093995	False
2	64	additive	zero_effect	zero_effect_diagnostic	O	0.07838454972804879	0.07468986210493939	-0.0036946876231093995	False
2	64	additive	zero_effect	zero_effect_diagnostic	D	0.07838454972804879	0.07468986210493939	-0.0036946876231093995	False
2	64	compositional_ridge	CPA_0.8.8	primary_state_pair	S	0.048631943215549915	0.048631943215549915	0.0	False
2	64	compositional_ridge	CPA_0.8.8	primary_state_pair	M	0.048631943215549915	0.048631943215549915	0.0	False
2	64	compositional_ridge	CPA_0.8.8	primary_state_pair	P	0.048631943215549915	0.048884043007852374	0.00025209979230245844	False
2	64	compositional_ridge	CPA_0.8.8	primary_state_pair	O	0.048631943215549915	0.04837984342324737	-0.0002520997923025417	False
2	64	compositional_ridge	CPA_0.8.8	primary_state_pair	D	0.048631943215549915	0.048631943215549894	-2.0816681711721685e-17	False
2	64	compositional_ridge	zero_effect	zero_effect_diagnostic	S	0.0791757857929741	0.0791757857929741	0.0	False
2	64	compositional_ridge	zero_effect	zero_effect_diagnostic	M	0.0791757857929741	0.0791757857929741	0.0	False
2	64	compositional_ridge	zero_effect	zero_effect_diagnostic	P	0.0791757857929741	0.0754810981698647	-0.0036946876231093995	False
2	64	compositional_ridge	zero_effect	zero_effect_diagnostic	O	0.0791757857929741	0.0754810981698647	-0.0036946876231093995	False
2	64	compositional_ridge	zero_effect	zero_effect_diagnostic	D	0.0791757857929741	0.0754810981698647	-0.0036946876231093995	False
2	64	CPA_0.8.8	zero_effect	zero_effect_diagnostic	S	0.030543842577424193	0.030543842577424193	0.0	False
2	64	CPA_0.8.8	zero_effect	zero_effect_diagnostic	M	0.030543842577424193	0.030543842577424193	0.0	False
2	64	CPA_0.8.8	zero_effect	zero_effect_diagnostic	P	0.030543842577424193	0.02659705516201233	-0.003946787415411865	False
2	64	CPA_0.8.8	zero_effect	zero_effect_diagnostic	O	0.030543842577424193	0.02710125474661733	-0.0034425878308068647	False
2	64	CPA_0.8.8	zero_effect	zero_effect_diagnostic	D	0.030543842577424193	0.026849154954314808	-0.0036946876231093856	False
2	128	additive	compositional_ridge	primary_state_pair	S	-0.0007912360649253228	-0.0007912360649253228	0.0	False
2	128	additive	compositional_ridge	primary_state_pair	M	-0.0007912360649253228	-0.0007912360649253228	0.0	False
2	128	additive	compositional_ridge	primary_state_pair	P	-0.0007912360649253228	-0.0007912360649253401	-1.734723475976807e-17	False
2	128	additive	compositional_ridge	primary_state_pair	O	-0.0007912360649253228	-0.0007912360649253401	-1.734723475976807e-17	False
2	128	additive	compositional_ridge	primary_state_pair	D	-0.0007912360649253228	-0.0007912360649253401	-1.734723475976807e-17	False
2	128	additive	CPA_0.8.8	primary_state_pair	S	0.04797491224950744	0.04797491224950744	0.0	False
2	128	additive	CPA_0.8.8	primary_state_pair	M	0.04797491224950744	0.04797491224950744	0.0	False
2	128	additive	CPA_0.8.8	primary_state_pair	P	0.04797491224950744	0.04815170480312564	0.0001767925536182019	False
2	128	additive	CPA_0.8.8	primary_state_pair	O	0.04797491224950744	0.04779811969588926	-0.00017679255361817414	False
2	128	additive	CPA_0.8.8	primary_state_pair	D	0.04797491224950744	0.047974912249507465	2.7755575615628914e-17	False
2	128	additive	zero_effect	zero_effect_diagnostic	S	0.07742703768917746	0.07742703768917746	0.0	False
2	128	additive	zero_effect	zero_effect_diagnostic	M	0.07742703768917746	0.07742703768917747	1.3877787807814457e-17	False
2	128	additive	zero_effect	zero_effect_diagnostic	P	0.07742703768917746	0.07553164106778132	-0.0018953966213961365	False
2	128	additive	zero_effect	zero_effect_diagnostic	O	0.07742703768917746	0.07553164106778132	-0.0018953966213961365	False
2	128	additive	zero_effect	zero_effect_diagnostic	D	0.07742703768917746	0.07553164106778132	-0.0018953966213961365	False
2	128	compositional_ridge	CPA_0.8.8	primary_state_pair	S	0.04876614831443276	0.04876614831443276	0.0	False
2	128	compositional_ridge	CPA_0.8.8	primary_state_pair	M	0.04876614831443276	0.04876614831443276	0.0	False
2	128	compositional_ridge	CPA_0.8.8	primary_state_pair	P	0.04876614831443276	0.04894294086805098	0.00017679255361822271	False
2	128	compositional_ridge	CPA_0.8.8	primary_state_pair	O	0.04876614831443276	0.048589355760814606	-0.00017679255361815333	False
2	128	compositional_ridge	CPA_0.8.8	primary_state_pair	D	0.04876614831443276	0.04876614831443281	4.85722573273506e-17	False
2	128	compositional_ridge	zero_effect	zero_effect_diagnostic	S	0.07821827375410279	0.07821827375410279	0.0	False
2	128	compositional_ridge	zero_effect	zero_effect_diagnostic	M	0.07821827375410279	0.07821827375410279	0.0	False
2	128	compositional_ridge	zero_effect	zero_effect_diagnostic	P	0.07821827375410279	0.07632287713270666	-0.0018953966213961226	False
2	128	compositional_ridge	zero_effect	zero_effect_diagnostic	O	0.07821827375410279	0.07632287713270666	-0.0018953966213961226	False
2	128	compositional_ridge	zero_effect	zero_effect_diagnostic	D	0.07821827375410279	0.07632287713270666	-0.0018953966213961226	False
2	128	CPA_0.8.8	zero_effect	zero_effect_diagnostic	S	0.02945212543967002	0.02945212543967002	0.0	False
2	128	CPA_0.8.8	zero_effect	zero_effect_diagnostic	M	0.02945212543967002	0.029452125439670032	1.3877787807814457e-17	False
2	128	CPA_0.8.8	zero_effect	zero_effect_diagnostic	P	0.02945212543967002	0.02737993626465568	-0.0020721891750143384	False
2	128	CPA_0.8.8	zero_effect	zero_effect_diagnostic	O	0.02945212543967002	0.027733521371892056	-0.0017186040677779624	False
2	128	CPA_0.8.8	zero_effect	zero_effect_diagnostic	D	0.02945212543967002	0.027556728818273854	-0.0018953966213961643	False
2	135	additive	compositional_ridge	primary_state_pair	S	-0.0007912360649253228	-0.0007912360649253228	0.0	False
2	135	additive	compositional_ridge	primary_state_pair	M	-0.0007912360649253228	-0.0007912360649253228	0.0	False
2	135	additive	compositional_ridge	primary_state_pair	P	-0.0007912360649253228	-0.0007912360649253054	1.734723475976807e-17	False
2	135	additive	compositional_ridge	primary_state_pair	O	-0.0007912360649253228	-0.0007912360649253054	1.734723475976807e-17	False
2	135	additive	compositional_ridge	primary_state_pair	D	-0.0007912360649253228	-0.0007912360649253054	1.734723475976807e-17	False
2	135	additive	CPA_0.8.8	primary_state_pair	S	0.04773739610528761	0.04773739610528761	0.0	False
2	135	additive	CPA_0.8.8	primary_state_pair	M	0.04773739610528761	0.047737396105287586	-2.7755575615628914e-17	False
2	135	additive	CPA_0.8.8	primary_state_pair	P	0.04773739610528761	0.04791069643639703	0.0001733003311094189	False
2	135	additive	CPA_0.8.8	primary_state_pair	O	0.04773739610528761	0.047564095774178236	-0.00017330033110937726	False
2	135	additive	CPA_0.8.8	primary_state_pair	D	0.04773739610528761	0.04773739610528761	0.0	False
2	135	additive	zero_effect	zero_effect_diagnostic	S	0.07707979658669956	0.07707979658669956	0.0	False
2	135	additive	zero_effect	zero_effect_diagnostic	M	0.07707979658669956	0.07707979658669951	-4.163336342344337e-17	False
2	135	additive	zero_effect	zero_effect_diagnostic	P	0.07707979658669956	0.07527383529648415	-0.001805961290215402	False
2	135	additive	zero_effect	zero_effect_diagnostic	O	0.07707979658669956	0.07527383529648415	-0.001805961290215402	False
2	135	additive	zero_effect	zero_effect_diagnostic	D	0.07707979658669956	0.07527383529648415	-0.001805961290215402	False
2	135	compositional_ridge	CPA_0.8.8	primary_state_pair	S	0.048528632170212936	0.048528632170212936	0.0	False
2	135	compositional_ridge	CPA_0.8.8	primary_state_pair	M	0.048528632170212936	0.04852863217021291	-2.7755575615628914e-17	False
2	135	compositional_ridge	CPA_0.8.8	primary_state_pair	P	0.048528632170212936	0.048701932501322334	0.00017330033110939808	False
2	135	compositional_ridge	CPA_0.8.8	primary_state_pair	O	0.048528632170212936	0.04835533183910354	-0.00017330033110939808	False
2	135	compositional_ridge	CPA_0.8.8	primary_state_pair	D	0.048528632170212936	0.048528632170212915	-2.0816681711721685e-17	False
2	135	compositional_ridge	zero_effect	zero_effect_diagnostic	S	0.07787103265162487	0.07787103265162487	0.0	False
2	135	compositional_ridge	zero_effect	zero_effect_diagnostic	M	0.07787103265162487	0.07787103265162484	-2.7755575615628914e-17	False
2	135	compositional_ridge	zero_effect	zero_effect_diagnostic	P	0.07787103265162487	0.07606507136140946	-0.001805961290215416	False
2	135	compositional_ridge	zero_effect	zero_effect_diagnostic	O	0.07787103265162487	0.07606507136140946	-0.001805961290215416	False
2	135	compositional_ridge	zero_effect	zero_effect_diagnostic	D	0.07787103265162487	0.07606507136140946	-0.001805961290215416	False
2	135	CPA_0.8.8	zero_effect	zero_effect_diagnostic	S	0.029342400481411943	0.029342400481411943	0.0	False
2	135	CPA_0.8.8	zero_effect	zero_effect_diagnostic	M	0.029342400481411943	0.02934240048141193	-1.3877787807814457e-17	False
2	135	CPA_0.8.8	zero_effect	zero_effect_diagnostic	P	0.029342400481411943	0.02736313886008712	-0.001979261621324821	False
2	135	CPA_0.8.8	zero_effect	zero_effect_diagnostic	O	0.029342400481411943	0.027709739522305918	-0.0016326609591060248	False
2	135	CPA_0.8.8	zero_effect	zero_effect_diagnostic	D	0.029342400481411943	0.02753643919119654	-0.001805961290215402	False
3	8	additive	compositional_ridge	primary_state_pair	S	-0.0007912360649253228	-0.0007912360649253228	0.0	False
3	8	additive	compositional_ridge	primary_state_pair	M	-0.0007912360649253228	-0.0007912360649253228	0.0	False
3	8	additive	compositional_ridge	primary_state_pair	P	-0.0007912360649253228	-0.0007912360649252881	3.469446951953614e-17	False
3	8	additive	compositional_ridge	primary_state_pair	O	-0.0007912360649253228	-0.0007912360649252881	3.469446951953614e-17	False
3	8	additive	compositional_ridge	primary_state_pair	D	-0.0007912360649253228	-0.0007912360649252881	3.469446951953614e-17	False
3	8	additive	CPA_0.8.8	primary_state_pair	S	0.05381969758189467	0.05381969758189467	0.0	False
3	8	additive	CPA_0.8.8	primary_state_pair	M	0.05381969758189467	0.05381969758189467	0.0	False
3	8	additive	CPA_0.8.8	primary_state_pair	P	0.05381969758189467	0.05706830219994906	0.0032486046180543876	False
3	8	additive	CPA_0.8.8	primary_state_pair	O	0.05381969758189467	0.05057109296384034	-0.003248604618054332	False
3	8	additive	CPA_0.8.8	primary_state_pair	D	0.05381969758189467	0.053819697581894754	8.326672684688674e-17	False
3	8	additive	zero_effect	zero_effect_diagnostic	S	0.09663587891736129	0.09663587891736129	0.0	False
3	8	additive	zero_effect	zero_effect_diagnostic	M	0.09663587891736129	0.09663587891736129	0.0	False
3	8	additive	zero_effect	zero_effect_diagnostic	P	0.09663587891736129	0.06645915432518693	-0.030176724592174367	False
3	8	additive	zero_effect	zero_effect_diagnostic	O	0.09663587891736129	0.06645915432518693	-0.030176724592174367	False
3	8	additive	zero_effect	zero_effect_diagnostic	D	0.09663587891736129	0.06645915432518693	-0.030176724592174367	False
3	8	compositional_ridge	CPA_0.8.8	primary_state_pair	S	0.054610933646819994	0.054610933646819994	0.0	False
3	8	compositional_ridge	CPA_0.8.8	primary_state_pair	M	0.054610933646819994	0.054610933646819994	0.0	False
3	8	compositional_ridge	CPA_0.8.8	primary_state_pair	P	0.054610933646819994	0.05785953826487435	0.003248604618054353	False
3	8	compositional_ridge	CPA_0.8.8	primary_state_pair	O	0.054610933646819994	0.05136232902876563	-0.003248604618054367	False
3	8	compositional_ridge	CPA_0.8.8	primary_state_pair	D	0.054610933646819994	0.05461093364682004	4.85722573273506e-17	False
3	8	compositional_ridge	zero_effect	zero_effect_diagnostic	S	0.09742711498228662	0.09742711498228662	0.0	False
3	8	compositional_ridge	zero_effect	zero_effect_diagnostic	M	0.09742711498228662	0.09742711498228662	0.0	False
3	8	compositional_ridge	zero_effect	zero_effect_diagnostic	P	0.09742711498228662	0.06725039039011221	-0.03017672459217441	False
3	8	compositional_ridge	zero_effect	zero_effect_diagnostic	O	0.09742711498228662	0.06725039039011221	-0.03017672459217441	False
3	8	compositional_ridge	zero_effect	zero_effect_diagnostic	D	0.09742711498228662	0.06725039039011221	-0.03017672459217441	False
3	8	CPA_0.8.8	zero_effect	zero_effect_diagnostic	S	0.04281618133546662	0.04281618133546662	0.0	False
3	8	CPA_0.8.8	zero_effect	zero_effect_diagnostic	M	0.04281618133546662	0.04281618133546662	0.0	False
3	8	CPA_0.8.8	zero_effect	zero_effect_diagnostic	P	0.04281618133546662	0.009390852125237867	-0.033425329210228755	False
3	8	CPA_0.8.8	zero_effect	zero_effect_diagnostic	O	0.04281618133546662	0.015888061361346587	-0.026928119974120035	False
3	8	CPA_0.8.8	zero_effect	zero_effect_diagnostic	D	0.04281618133546662	0.012639456743292171	-0.03017672459217445	False
3	16	additive	compositional_ridge	primary_state_pair	S	-0.0007912360649253228	-0.0007912360649253228	0.0	False
3	16	additive	compositional_ridge	primary_state_pair	M	-0.0007912360649253228	-0.0007912360649253228	0.0	False
3	16	additive	compositional_ridge	primary_state_pair	P	-0.0007912360649253228	-0.0007912360649253228	0.0	False
3	16	additive	compositional_ridge	primary_state_pair	O	-0.0007912360649253228	-0.0007912360649253228	0.0	False
3	16	additive	compositional_ridge	primary_state_pair	D	-0.0007912360649253228	-0.0007912360649253228	0.0	False
3	16	additive	CPA_0.8.8	primary_state_pair	S	0.04806581358853297	0.04806581358853297	0.0	False
3	16	additive	CPA_0.8.8	primary_state_pair	M	0.04806581358853297	0.04806581358853297	0.0	False
3	16	additive	CPA_0.8.8	primary_state_pair	P	0.04806581358853297	0.04940421119481079	0.0013383976062778177	False
3	16	additive	CPA_0.8.8	primary_state_pair	O	0.04806581358853297	0.0467274159822551	-0.0013383976062778732	False
3	16	additive	CPA_0.8.8	primary_state_pair	D	0.04806581358853297	0.04806581358853298	6.938893903907228e-18	False
3	16	additive	zero_effect	zero_effect_diagnostic	S	0.08418369406783016	0.08418369406783016	0.0	False
3	16	additive	zero_effect	zero_effect_diagnostic	M	0.08418369406783016	0.08418369406783016	0.0	False
3	16	additive	zero_effect	zero_effect_diagnostic	P	0.08418369406783016	0.06850299189161063	-0.01568070217621953	False
3	16	additive	zero_effect	zero_effect_diagnostic	O	0.08418369406783016	0.06850299189161063	-0.01568070217621953	False
3	16	additive	zero_effect	zero_effect_diagnostic	D	0.08418369406783016	0.06850299189161063	-0.01568070217621953	False
3	16	compositional_ridge	CPA_0.8.8	primary_state_pair	S	0.048857049653458294	0.048857049653458294	0.0	False
3	16	compositional_ridge	CPA_0.8.8	primary_state_pair	M	0.048857049653458294	0.048857049653458294	0.0	False
3	16	compositional_ridge	CPA_0.8.8	primary_state_pair	P	0.048857049653458294	0.05019544725973611	0.0013383976062778177	False
3	16	compositional_ridge	CPA_0.8.8	primary_state_pair	O	0.048857049653458294	0.04751865204718042	-0.0013383976062778732	False
3	16	compositional_ridge	CPA_0.8.8	primary_state_pair	D	0.048857049653458294	0.0488570496534583	6.938893903907228e-18	False
3	16	compositional_ridge	zero_effect	zero_effect_diagnostic	S	0.08497493013275548	0.08497493013275548	0.0	False
3	16	compositional_ridge	zero_effect	zero_effect_diagnostic	M	0.08497493013275548	0.08497493013275548	0.0	False
3	16	compositional_ridge	zero_effect	zero_effect_diagnostic	P	0.08497493013275548	0.06929422795653595	-0.01568070217621953	False
3	16	compositional_ridge	zero_effect	zero_effect_diagnostic	O	0.08497493013275548	0.06929422795653595	-0.01568070217621953	False
3	16	compositional_ridge	zero_effect	zero_effect_diagnostic	D	0.08497493013275548	0.06929422795653595	-0.01568070217621953	False
3	16	CPA_0.8.8	zero_effect	zero_effect_diagnostic	S	0.03611788047929719	0.03611788047929719	0.0	False
3	16	CPA_0.8.8	zero_effect	zero_effect_diagnostic	M	0.03611788047929719	0.03611788047929719	0.0	False
3	16	CPA_0.8.8	zero_effect	zero_effect_diagnostic	P	0.03611788047929719	0.019098780696799836	-0.017019099782497354	False
3	16	CPA_0.8.8	zero_effect	zero_effect_diagnostic	O	0.03611788047929719	0.021775575909355527	-0.014342304569941663	False
3	16	CPA_0.8.8	zero_effect	zero_effect_diagnostic	D	0.03611788047929719	0.020437178303077647	-0.015680702176219544	False
3	32	additive	compositional_ridge	primary_state_pair	S	-0.0007912360649253228	-0.0007912360649253228	0.0	False
3	32	additive	compositional_ridge	primary_state_pair	M	-0.0007912360649253228	-0.0007912360649253228	0.0	False
3	32	additive	compositional_ridge	primary_state_pair	P	-0.0007912360649253228	-0.0007912360649253297	-6.938893903907228e-18	False
3	32	additive	compositional_ridge	primary_state_pair	O	-0.0007912360649253228	-0.0007912360649253297	-6.938893903907228e-18	False
3	32	additive	compositional_ridge	primary_state_pair	D	-0.0007912360649253228	-0.0007912360649253297	-6.938893903907228e-18	False
3	32	additive	CPA_0.8.8	primary_state_pair	S	0.04931418242677815	0.04931418242677815	0.0	False
3	32	additive	CPA_0.8.8	primary_state_pair	M	0.04931418242677815	0.049314182426778166	1.3877787807814457e-17	False
3	32	additive	CPA_0.8.8	primary_state_pair	P	0.04931418242677815	0.05028435300207656	0.0009701705752984055	False
3	32	additive	CPA_0.8.8	primary_state_pair	O	0.04931418242677815	0.04834401185147975	-0.0009701705752984055	False
3	32	additive	CPA_0.8.8	primary_state_pair	D	0.04931418242677815	0.04931418242677819	3.469446951953614e-17	False
3	32	additive	zero_effect	zero_effect_diagnostic	S	0.08204253353111618	0.08204253353111618	0.0	False
3	32	additive	zero_effect	zero_effect_diagnostic	M	0.08204253353111618	0.08204253353111618	0.0	False
3	32	additive	zero_effect	zero_effect_diagnostic	P	0.08204253353111618	0.07404074638399655	-0.008001787147119632	False
3	32	additive	zero_effect	zero_effect_diagnostic	O	0.08204253353111618	0.07404074638399655	-0.008001787147119632	False
3	32	additive	zero_effect	zero_effect_diagnostic	D	0.08204253353111618	0.07404074638399655	-0.008001787147119632	False
3	32	compositional_ridge	CPA_0.8.8	primary_state_pair	S	0.050105418491703475	0.050105418491703475	0.0	False
3	32	compositional_ridge	CPA_0.8.8	primary_state_pair	M	0.050105418491703475	0.05010541849170349	1.3877787807814457e-17	False
3	32	compositional_ridge	CPA_0.8.8	primary_state_pair	P	0.050105418491703475	0.05107558906700189	0.0009701705752984124	False
3	32	compositional_ridge	CPA_0.8.8	primary_state_pair	O	0.050105418491703475	0.04913524791640508	-0.0009701705752983986	False
3	32	compositional_ridge	CPA_0.8.8	primary_state_pair	D	0.050105418491703475	0.05010541849170352	4.163336342344337e-17	False
3	32	compositional_ridge	zero_effect	zero_effect_diagnostic	S	0.0828337695960415	0.0828337695960415	0.0	False
3	32	compositional_ridge	zero_effect	zero_effect_diagnostic	M	0.0828337695960415	0.0828337695960415	0.0	False
3	32	compositional_ridge	zero_effect	zero_effect_diagnostic	P	0.0828337695960415	0.07483198244892189	-0.008001787147119604	False
3	32	compositional_ridge	zero_effect	zero_effect_diagnostic	O	0.0828337695960415	0.07483198244892189	-0.008001787147119604	False
3	32	compositional_ridge	zero_effect	zero_effect_diagnostic	D	0.0828337695960415	0.07483198244892189	-0.008001787147119604	False
3	32	CPA_0.8.8	zero_effect	zero_effect_diagnostic	S	0.03272835110433803	0.03272835110433803	0.0	False
3	32	CPA_0.8.8	zero_effect	zero_effect_diagnostic	M	0.03272835110433803	0.03272835110433801	-1.3877787807814457e-17	False
3	32	CPA_0.8.8	zero_effect	zero_effect_diagnostic	P	0.03272835110433803	0.023756393381919996	-0.00897195772241803	False
3	32	CPA_0.8.8	zero_effect	zero_effect_diagnostic	O	0.03272835110433803	0.025696734532516807	-0.00703161657182122	False
3	32	CPA_0.8.8	zero_effect	zero_effect_diagnostic	D	0.03272835110433803	0.024726563957218367	-0.00800178714711966	False
3	64	additive	compositional_ridge	primary_state_pair	S	-0.0007912360649253228	-0.0007912360649253228	0.0	False
3	64	additive	compositional_ridge	primary_state_pair	M	-0.0007912360649253228	-0.0007912360649253228	0.0	False
3	64	additive	compositional_ridge	primary_state_pair	P	-0.0007912360649253228	-0.0007912360649253158	6.938893903907228e-18	False
3	64	additive	compositional_ridge	primary_state_pair	O	-0.0007912360649253228	-0.0007912360649253158	6.938893903907228e-18	False
3	64	additive	compositional_ridge	primary_state_pair	D	-0.0007912360649253228	-0.0007912360649253158	6.938893903907228e-18	False
3	64	additive	CPA_0.8.8	primary_state_pair	S	0.047651935225616435	0.047651935225616435	0.0	False
3	64	additive	CPA_0.8.8	primary_state_pair	M	0.047651935225616435	0.04765193522561642	-1.3877787807814457e-17	False
3	64	additive	CPA_0.8.8	primary_state_pair	P	0.047651935225616435	0.04827400917320836	0.0006220739475919224	False
3	64	additive	CPA_0.8.8	primary_state_pair	O	0.047651935225616435	0.047029861278024485	-0.0006220739475919501	False
3	64	additive	CPA_0.8.8	primary_state_pair	D	0.047651935225616435	0.04765193522561639	-4.163336342344337e-17	False
3	64	additive	zero_effect	zero_effect_diagnostic	S	0.07809033666882335	0.07809033666882335	0.0	False
3	64	additive	zero_effect	zero_effect_diagnostic	M	0.07809033666882335	0.07809033666882337	1.3877787807814457e-17	False
3	64	additive	zero_effect	zero_effect_diagnostic	P	0.07809033666882335	0.07396094430727822	-0.004129392361545137	False
3	64	additive	zero_effect	zero_effect_diagnostic	O	0.07809033666882335	0.07396094430727822	-0.004129392361545137	False
3	64	additive	zero_effect	zero_effect_diagnostic	D	0.07809033666882335	0.07396094430727822	-0.004129392361545137	False
3	64	compositional_ridge	CPA_0.8.8	primary_state_pair	S	0.04844317129054176	0.04844317129054176	0.0	False
3	64	compositional_ridge	CPA_0.8.8	primary_state_pair	M	0.04844317129054176	0.048443171290541744	-1.3877787807814457e-17	False
3	64	compositional_ridge	CPA_0.8.8	primary_state_pair	P	0.04844317129054176	0.04906524523813367	0.0006220739475919154	False
3	64	compositional_ridge	CPA_0.8.8	primary_state_pair	O	0.04844317129054176	0.0478210973429498	-0.0006220739475919571	False
3	64	compositional_ridge	CPA_0.8.8	primary_state_pair	D	0.04844317129054176	0.04844317129054171	-4.85722573273506e-17	False
3	64	compositional_ridge	zero_effect	zero_effect_diagnostic	S	0.07888157273374868	0.07888157273374868	0.0	False
3	64	compositional_ridge	zero_effect	zero_effect_diagnostic	M	0.07888157273374868	0.07888157273374868	0.0	False
3	64	compositional_ridge	zero_effect	zero_effect_diagnostic	P	0.07888157273374868	0.07475218037220353	-0.0041293923615451505	False
3	64	compositional_ridge	zero_effect	zero_effect_diagnostic	O	0.07888157273374868	0.07475218037220353	-0.0041293923615451505	False
3	64	compositional_ridge	zero_effect	zero_effect_diagnostic	D	0.07888157273374868	0.07475218037220353	-0.0041293923615451505	False
3	64	CPA_0.8.8	zero_effect	zero_effect_diagnostic	S	0.03043840144320692	0.03043840144320692	0.0	False
3	64	CPA_0.8.8	zero_effect	zero_effect_diagnostic	M	0.03043840144320692	0.030438401443206947	2.7755575615628914e-17	False
3	64	CPA_0.8.8	zero_effect	zero_effect_diagnostic	P	0.03043840144320692	0.02568693513406986	-0.004751466309137059	False
3	64	CPA_0.8.8	zero_effect	zero_effect_diagnostic	O	0.03043840144320692	0.026931083029253733	-0.0035073184139531866	False
3	64	CPA_0.8.8	zero_effect	zero_effect_diagnostic	D	0.03043840144320692	0.026309009081661824	-0.004129392361545095	False
3	128	additive	compositional_ridge	primary_state_pair	S	-0.0007912360649253228	-0.0007912360649253228	0.0	False
3	128	additive	compositional_ridge	primary_state_pair	M	-0.0007912360649253228	-0.0007912360649253228	0.0	False
3	128	additive	compositional_ridge	primary_state_pair	P	-0.0007912360649253228	-0.0007912360649253089	1.3877787807814457e-17	False
3	128	additive	compositional_ridge	primary_state_pair	O	-0.0007912360649253228	-0.0007912360649253089	1.3877787807814457e-17	False
3	128	additive	compositional_ridge	primary_state_pair	D	-0.0007912360649253228	-0.0007912360649253089	1.3877787807814457e-17	False
3	128	additive	CPA_0.8.8	primary_state_pair	S	0.046807491977594595	0.046807491977594595	0.0	False
3	128	additive	CPA_0.8.8	primary_state_pair	M	0.046807491977594595	0.046807491977594595	0.0	False
3	128	additive	CPA_0.8.8	primary_state_pair	P	0.046807491977594595	0.04702585814928967	0.00021836617169507244	False
3	128	additive	CPA_0.8.8	primary_state_pair	O	0.046807491977594595	0.04658912580589951	-0.00021836617169508632	False
3	128	additive	CPA_0.8.8	primary_state_pair	D	0.046807491977594595	0.04680749197759458	-1.3877787807814457e-17	False
3	128	additive	zero_effect	zero_effect_diagnostic	S	0.07606928884681287	0.07606928884681287	0.0	False
3	128	additive	zero_effect	zero_effect_diagnostic	M	0.07606928884681287	0.07606928884681287	0.0	False
3	128	additive	zero_effect	zero_effect_diagnostic	P	0.07606928884681287	0.07414170919712755	-0.0019275796496853181	False
3	128	additive	zero_effect	zero_effect_diagnostic	O	0.07606928884681287	0.07414170919712755	-0.0019275796496853181	False
3	128	additive	zero_effect	zero_effect_diagnostic	D	0.07606928884681287	0.07414170919712755	-0.0019275796496853181	False
3	128	compositional_ridge	CPA_0.8.8	primary_state_pair	S	0.04759872804251992	0.04759872804251992	0.0	False
3	128	compositional_ridge	CPA_0.8.8	primary_state_pair	M	0.04759872804251992	0.04759872804251992	0.0	False
3	128	compositional_ridge	CPA_0.8.8	primary_state_pair	P	0.04759872804251992	0.047817094214214984	0.0002183661716950655	False
3	128	compositional_ridge	CPA_0.8.8	primary_state_pair	O	0.04759872804251992	0.047380361870824825	-0.00021836617169509326	False
3	128	compositional_ridge	CPA_0.8.8	primary_state_pair	D	0.04759872804251992	0.0475987280425199	-2.0816681711721685e-17	False
3	128	compositional_ridge	zero_effect	zero_effect_diagnostic	S	0.0768605249117382	0.0768605249117382	0.0	False
3	128	compositional_ridge	zero_effect	zero_effect_diagnostic	M	0.0768605249117382	0.0768605249117382	0.0	False
3	128	compositional_ridge	zero_effect	zero_effect_diagnostic	P	0.0768605249117382	0.07493294526205287	-0.001927579649685332	False
3	128	compositional_ridge	zero_effect	zero_effect_diagnostic	O	0.0768605249117382	0.07493294526205287	-0.001927579649685332	False
3	128	compositional_ridge	zero_effect	zero_effect_diagnostic	D	0.0768605249117382	0.07493294526205287	-0.001927579649685332	False
3	128	CPA_0.8.8	zero_effect	zero_effect_diagnostic	S	0.029261796869218273	0.029261796869218273	0.0	False
3	128	CPA_0.8.8	zero_effect	zero_effect_diagnostic	M	0.029261796869218273	0.029261796869218273	0.0	False
3	128	CPA_0.8.8	zero_effect	zero_effect_diagnostic	P	0.029261796869218273	0.027115851047837883	-0.0021459458213803906	False
3	128	CPA_0.8.8	zero_effect	zero_effect_diagnostic	O	0.029261796869218273	0.02755258339122804	-0.0017092134779902318	False
3	128	CPA_0.8.8	zero_effect	zero_effect_diagnostic	D	0.029261796869218273	0.02733421721953297	-0.0019275796496853043	False
3	135	additive	compositional_ridge	primary_state_pair	S	-0.0007912360649253228	-0.0007912360649253228	0.0	False
3	135	additive	compositional_ridge	primary_state_pair	M	-0.0007912360649253228	-0.0007912360649253228	0.0	False
3	135	additive	compositional_ridge	primary_state_pair	P	-0.0007912360649253228	-0.0007912360649253054	1.734723475976807e-17	False
3	135	additive	compositional_ridge	primary_state_pair	O	-0.0007912360649253228	-0.0007912360649253054	1.734723475976807e-17	False
3	135	additive	compositional_ridge	primary_state_pair	D	-0.0007912360649253228	-0.0007912360649253054	1.734723475976807e-17	False
3	135	additive	CPA_0.8.8	primary_state_pair	S	0.04711189937301401	0.04711189937301401	0.0	False
3	135	additive	CPA_0.8.8	primary_state_pair	M	0.04711189937301401	0.04711189937301401	0.0	False
3	135	additive	CPA_0.8.8	primary_state_pair	P	0.04711189937301401	0.04734615077829725	0.0002342514052832423	False
3	135	additive	CPA_0.8.8	primary_state_pair	O	0.04711189937301401	0.04687764796773079	-0.00023425140528321453	False
3	135	additive	CPA_0.8.8	primary_state_pair	D	0.04711189937301401	0.04711189937301399	-1.3877787807814457e-17	False
3	135	additive	zero_effect	zero_effect_diagnostic	S	0.07637275527545705	0.07637275527545705	0.0	False
3	135	additive	zero_effect	zero_effect_diagnostic	M	0.07637275527545705	0.07637275527545705	0.0	False
3	135	additive	zero_effect	zero_effect_diagnostic	P	0.07637275527545705	0.07451714440627859	-0.001855610869178459	False
3	135	additive	zero_effect	zero_effect_diagnostic	O	0.07637275527545705	0.07451714440627859	-0.001855610869178459	False
3	135	additive	zero_effect	zero_effect_diagnostic	D	0.07637275527545705	0.07451714440627859	-0.001855610869178459	False
3	135	compositional_ridge	CPA_0.8.8	primary_state_pair	S	0.04790313543793933	0.04790313543793933	0.0	False
3	135	compositional_ridge	CPA_0.8.8	primary_state_pair	M	0.04790313543793933	0.04790313543793933	0.0	False
3	135	compositional_ridge	CPA_0.8.8	primary_state_pair	P	0.04790313543793933	0.04813738684322255	0.00023425140528322147	False
3	135	compositional_ridge	CPA_0.8.8	primary_state_pair	O	0.04790313543793933	0.047668884032656095	-0.00023425140528323535	False
3	135	compositional_ridge	CPA_0.8.8	primary_state_pair	D	0.04790313543793933	0.047903135437939295	-3.469446951953614e-17	False
3	135	compositional_ridge	zero_effect	zero_effect_diagnostic	S	0.07716399134038238	0.07716399134038238	0.0	False
3	135	compositional_ridge	zero_effect	zero_effect_diagnostic	M	0.07716399134038238	0.07716399134038238	0.0	False
3	135	compositional_ridge	zero_effect	zero_effect_diagnostic	P	0.07716399134038238	0.07530838047120389	-0.0018556108691784867	False
3	135	compositional_ridge	zero_effect	zero_effect_diagnostic	O	0.07716399134038238	0.07530838047120389	-0.0018556108691784867	False
3	135	compositional_ridge	zero_effect	zero_effect_diagnostic	D	0.07716399134038238	0.07530838047120389	-0.0018556108691784867	False
3	135	CPA_0.8.8	zero_effect	zero_effect_diagnostic	S	0.02926085590244304	0.02926085590244304	0.0	False
3	135	CPA_0.8.8	zero_effect	zero_effect_diagnostic	M	0.02926085590244304	0.02926085590244304	0.0	False
3	135	CPA_0.8.8	zero_effect	zero_effect_diagnostic	P	0.02926085590244304	0.027170993627981338	-0.0020898622744617013	False
3	135	CPA_0.8.8	zero_effect	zero_effect_diagnostic	O	0.02926085590244304	0.027639496438547795	-0.0016213594638952444	False
3	135	CPA_0.8.8	zero_effect	zero_effect_diagnostic	D	0.02926085590244304	0.027405245033264594	-0.001855610869178445	False
4	8	additive	compositional_ridge	primary_state_pair	S	-0.0007912360649253228	-0.0007912360649253228	0.0	False
4	8	additive	compositional_ridge	primary_state_pair	M	-0.0007912360649253228	-0.0007912360649253228	0.0	False
4	8	additive	compositional_ridge	primary_state_pair	P	-0.0007912360649253228	-0.0007912360649253505	-2.7755575615628914e-17	False
4	8	additive	compositional_ridge	primary_state_pair	O	-0.0007912360649253228	-0.0007912360649253505	-2.7755575615628914e-17	False
4	8	additive	compositional_ridge	primary_state_pair	D	-0.0007912360649253228	-0.0007912360649253505	-2.7755575615628914e-17	False
4	8	additive	CPA_0.8.8	primary_state_pair	S	0.04341451180077098	0.04341451180077098	0.0	False
4	8	additive	CPA_0.8.8	primary_state_pair	M	0.04341451180077098	0.04341451180077098	0.0	False
4	8	additive	CPA_0.8.8	primary_state_pair	P	0.04341451180077098	0.04549506758693265	0.0020805557861616683	False
4	8	additive	CPA_0.8.8	primary_state_pair	O	0.04341451180077098	0.041333956014609256	-0.002080555786161724	False
4	8	additive	CPA_0.8.8	primary_state_pair	D	0.04341451180077098	0.04341451180077096	-2.0816681711721685e-17	False
4	8	additive	zero_effect	zero_effect_diagnostic	S	0.08475322460377341	0.08475322460377341	0.0	False
4	8	additive	zero_effect	zero_effect_diagnostic	M	0.08475322460377341	0.08475322460377341	0.0	False
4	8	additive	zero_effect	zero_effect_diagnostic	P	0.08475322460377341	0.055378611150433625	-0.029374613453339783	False
4	8	additive	zero_effect	zero_effect_diagnostic	O	0.08475322460377341	0.055378611150433625	-0.029374613453339783	False
4	8	additive	zero_effect	zero_effect_diagnostic	D	0.08475322460377341	0.055378611150433625	-0.029374613453339783	False
4	8	compositional_ridge	CPA_0.8.8	primary_state_pair	S	0.0442057478656963	0.0442057478656963	0.0	False
4	8	compositional_ridge	CPA_0.8.8	primary_state_pair	M	0.0442057478656963	0.0442057478656963	0.0	False
4	8	compositional_ridge	CPA_0.8.8	primary_state_pair	P	0.0442057478656963	0.046286303651858	0.002080555786161696	False
4	8	compositional_ridge	CPA_0.8.8	primary_state_pair	O	0.0442057478656963	0.04212519207953461	-0.002080555786161696	False
4	8	compositional_ridge	CPA_0.8.8	primary_state_pair	D	0.0442057478656963	0.04420574786569631	6.938893903907228e-18	False
4	8	compositional_ridge	zero_effect	zero_effect_diagnostic	S	0.08554446066869872	0.08554446066869872	0.0	False
4	8	compositional_ridge	zero_effect	zero_effect_diagnostic	M	0.08554446066869872	0.08554446066869872	0.0	False
4	8	compositional_ridge	zero_effect	zero_effect_diagnostic	P	0.08554446066869872	0.056169847215358976	-0.02937461345333975	False
4	8	compositional_ridge	zero_effect	zero_effect_diagnostic	O	0.08554446066869872	0.056169847215358976	-0.02937461345333975	False
4	8	compositional_ridge	zero_effect	zero_effect_diagnostic	D	0.08554446066869872	0.056169847215358976	-0.02937461345333975	False
4	8	CPA_0.8.8	zero_effect	zero_effect_diagnostic	S	0.04133871280300243	0.04133871280300243	0.0	False
4	8	CPA_0.8.8	zero_effect	zero_effect_diagnostic	M	0.04133871280300243	0.04133871280300243	0.0	False
4	8	CPA_0.8.8	zero_effect	zero_effect_diagnostic	P	0.04133871280300243	0.009883543563500977	-0.03145516923950145	False
4	8	CPA_0.8.8	zero_effect	zero_effect_diagnostic	O	0.04133871280300243	0.014044655135824369	-0.02729405766717806	False
4	8	CPA_0.8.8	zero_effect	zero_effect_diagnostic	D	0.04133871280300243	0.011964099349662666	-0.029374613453339762	False
4	16	additive	compositional_ridge	primary_state_pair	S	-0.0007912360649253228	-0.0007912360649253228	0.0	False
4	16	additive	compositional_ridge	primary_state_pair	M	-0.0007912360649253228	-0.0007912360649253228	0.0	False
4	16	additive	compositional_ridge	primary_state_pair	P	-0.0007912360649253228	-0.0007912360649253297	-6.938893903907228e-18	False
4	16	additive	compositional_ridge	primary_state_pair	O	-0.0007912360649253228	-0.0007912360649253297	-6.938893903907228e-18	False
4	16	additive	compositional_ridge	primary_state_pair	D	-0.0007912360649253228	-0.0007912360649253297	-6.938893903907228e-18	False
4	16	additive	CPA_0.8.8	primary_state_pair	S	0.04845094601859548	0.04845094601859548	0.0	False
4	16	additive	CPA_0.8.8	primary_state_pair	M	0.04845094601859548	0.04845094601859548	0.0	False
4	16	additive	CPA_0.8.8	primary_state_pair	P	0.04845094601859548	0.04909450252725935	0.0006435565086638714	False
4	16	additive	CPA_0.8.8	primary_state_pair	O	0.04845094601859548	0.04780738950993164	-0.0006435565086638437	False
4	16	additive	CPA_0.8.8	primary_state_pair	D	0.04845094601859548	0.04845094601859549	6.938893903907228e-18	False
4	16	additive	zero_effect	zero_effect_diagnostic	S	0.08393428367790715	0.08393428367790715	0.0	False
4	16	additive	zero_effect	zero_effect_diagnostic	M	0.08393428367790715	0.08393428367790713	-1.3877787807814457e-17	False
4	16	additive	zero_effect	zero_effect_diagnostic	P	0.08393428367790715	0.06977812392411015	-0.014156159753796999	False
4	16	additive	zero_effect	zero_effect_diagnostic	O	0.08393428367790715	0.06977812392411015	-0.014156159753796999	False
4	16	additive	zero_effect	zero_effect_diagnostic	D	0.08393428367790715	0.06977812392411015	-0.014156159753796999	False
4	16	compositional_ridge	CPA_0.8.8	primary_state_pair	S	0.049242182083520804	0.049242182083520804	0.0	False
4	16	compositional_ridge	CPA_0.8.8	primary_state_pair	M	0.049242182083520804	0.049242182083520804	0.0	False
4	16	compositional_ridge	CPA_0.8.8	primary_state_pair	P	0.049242182083520804	0.04988573859218468	0.0006435565086638784	False
4	16	compositional_ridge	CPA_0.8.8	primary_state_pair	O	0.049242182083520804	0.04859862557485697	-0.0006435565086638367	False
4	16	compositional_ridge	CPA_0.8.8	primary_state_pair	D	0.049242182083520804	0.04924218208352082	1.3877787807814457e-17	False
4	16	compositional_ridge	zero_effect	zero_effect_diagnostic	S	0.08472551974283246	0.08472551974283246	0.0	False
4	16	compositional_ridge	zero_effect	zero_effect_diagnostic	M	0.08472551974283246	0.08472551974283246	0.0	False
4	16	compositional_ridge	zero_effect	zero_effect_diagnostic	P	0.08472551974283246	0.07056935998903549	-0.01415615975379697	False
4	16	compositional_ridge	zero_effect	zero_effect_diagnostic	O	0.08472551974283246	0.07056935998903549	-0.01415615975379697	False
4	16	compositional_ridge	zero_effect	zero_effect_diagnostic	D	0.08472551974283246	0.07056935998903549	-0.01415615975379697	False
4	16	CPA_0.8.8	zero_effect	zero_effect_diagnostic	S	0.035483337659311665	0.035483337659311665	0.0	False
4	16	CPA_0.8.8	zero_effect	zero_effect_diagnostic	M	0.035483337659311665	0.03548333765931165	-1.3877787807814457e-17	False
4	16	CPA_0.8.8	zero_effect	zero_effect_diagnostic	P	0.035483337659311665	0.0206836213968508	-0.014799716262460863	False
4	16	CPA_0.8.8	zero_effect	zero_effect_diagnostic	O	0.035483337659311665	0.021970734414178517	-0.013512603245133148	False
4	16	CPA_0.8.8	zero_effect	zero_effect_diagnostic	D	0.035483337659311665	0.021327177905514666	-0.014156159753796999	False
4	32	additive	compositional_ridge	primary_state_pair	S	-0.0007912360649253228	-0.0007912360649253228	0.0	False
4	32	additive	compositional_ridge	primary_state_pair	M	-0.0007912360649253228	-0.0007912360649253228	0.0	False
4	32	additive	compositional_ridge	primary_state_pair	P	-0.0007912360649253228	-0.0007912360649253367	-1.3877787807814457e-17	False
4	32	additive	compositional_ridge	primary_state_pair	O	-0.0007912360649253228	-0.0007912360649253367	-1.3877787807814457e-17	False
4	32	additive	compositional_ridge	primary_state_pair	D	-0.0007912360649253228	-0.0007912360649253367	-1.3877787807814457e-17	False
4	32	additive	CPA_0.8.8	primary_state_pair	S	0.04852067021902624	0.04852067021902624	0.0	False
4	32	additive	CPA_0.8.8	primary_state_pair	M	0.04852067021902624	0.04852067021902624	0.0	False
4	32	additive	CPA_0.8.8	primary_state_pair	P	0.04852067021902624	0.04908725904970265	0.0005665888306764094	False
4	32	additive	CPA_0.8.8	primary_state_pair	O	0.04852067021902624	0.04795408138834989	-0.0005665888306763539	False
4	32	additive	CPA_0.8.8	primary_state_pair	D	0.04852067021902624	0.04852067021902626	1.3877787807814457e-17	False
4	32	additive	zero_effect	zero_effect_diagnostic	S	0.08155903912615055	0.08155903912615055	0.0	False
4	32	additive	zero_effect	zero_effect_diagnostic	M	0.08155903912615055	0.08155903912615056	1.3877787807814457e-17	False
4	32	additive	zero_effect	zero_effect_diagnostic	P	0.08155903912615055	0.07431848327522358	-0.0072405558509269635	False
4	32	additive	zero_effect	zero_effect_diagnostic	O	0.08155903912615055	0.07431848327522358	-0.0072405558509269635	False
4	32	additive	zero_effect	zero_effect_diagnostic	D	0.08155903912615055	0.07431848327522358	-0.0072405558509269635	False
4	32	compositional_ridge	CPA_0.8.8	primary_state_pair	S	0.049311906283951566	0.049311906283951566	0.0	False
4	32	compositional_ridge	CPA_0.8.8	primary_state_pair	M	0.049311906283951566	0.049311906283951566	0.0	False
4	32	compositional_ridge	CPA_0.8.8	primary_state_pair	P	0.049311906283951566	0.04987849511462799	0.0005665888306764233	False
4	32	compositional_ridge	CPA_0.8.8	primary_state_pair	O	0.049311906283951566	0.048745317453275226	-0.00056658883067634	False
4	32	compositional_ridge	CPA_0.8.8	primary_state_pair	D	0.049311906283951566	0.049311906283951594	2.7755575615628914e-17	False
4	32	compositional_ridge	zero_effect	zero_effect_diagnostic	S	0.08235027519107588	0.08235027519107588	0.0	False
4	32	compositional_ridge	zero_effect	zero_effect_diagnostic	M	0.08235027519107588	0.08235027519107588	0.0	False
4	32	compositional_ridge	zero_effect	zero_effect_diagnostic	P	0.08235027519107588	0.07510971934014893	-0.00724055585092695	False
4	32	compositional_ridge	zero_effect	zero_effect_diagnostic	O	0.08235027519107588	0.07510971934014893	-0.00724055585092695	False
4	32	compositional_ridge	zero_effect	zero_effect_diagnostic	D	0.08235027519107588	0.07510971934014893	-0.00724055585092695	False
4	32	CPA_0.8.8	zero_effect	zero_effect_diagnostic	S	0.033038368907124305	0.033038368907124305	0.0	False
4	32	CPA_0.8.8	zero_effect	zero_effect_diagnostic	M	0.033038368907124305	0.03303836890712432	1.3877787807814457e-17	False
4	32	CPA_0.8.8	zero_effect	zero_effect_diagnostic	P	0.033038368907124305	0.025231224225520932	-0.007807144681603373	False
4	32	CPA_0.8.8	zero_effect	zero_effect_diagnostic	O	0.033038368907124305	0.026364401886873695	-0.00667396702025061	False
4	32	CPA_0.8.8	zero_effect	zero_effect_diagnostic	D	0.033038368907124305	0.025797813056197327	-0.007240555850926977	False
4	64	additive	compositional_ridge	primary_state_pair	S	-0.0007912360649253228	-0.0007912360649253228	0.0	False
4	64	additive	compositional_ridge	primary_state_pair	M	-0.0007912360649253228	-0.0007912360649253228	0.0	False
4	64	additive	compositional_ridge	primary_state_pair	P	-0.0007912360649253228	-0.0007912360649253228	0.0	False
4	64	additive	compositional_ridge	primary_state_pair	O	-0.0007912360649253228	-0.0007912360649253228	0.0	False
4	64	additive	compositional_ridge	primary_state_pair	D	-0.0007912360649253228	-0.0007912360649253228	0.0	False
4	64	additive	CPA_0.8.8	primary_state_pair	S	0.0487841104758342	0.0487841104758342	0.0	False
4	64	additive	CPA_0.8.8	primary_state_pair	M	0.0487841104758342	0.0487841104758342	0.0	False
4	64	additive	CPA_0.8.8	primary_state_pair	P	0.0487841104758342	0.0489389125078958	0.00015480203206160587	False
4	64	additive	CPA_0.8.8	primary_state_pair	O	0.0487841104758342	0.04862930844377256	-0.00015480203206163362	False
4	64	additive	CPA_0.8.8	primary_state_pair	D	0.0487841104758342	0.04878411047583419	-6.938893903907228e-18	False
4	64	additive	zero_effect	zero_effect_diagnostic	S	0.07940386015621635	0.07940386015621635	0.0	False
4	64	additive	zero_effect	zero_effect_diagnostic	M	0.07940386015621635	0.07940386015621635	0.0	False
4	64	additive	zero_effect	zero_effect_diagnostic	P	0.07940386015621635	0.07581477393766844	-0.003589086218547907	False
4	64	additive	zero_effect	zero_effect_diagnostic	O	0.07940386015621635	0.07581477393766844	-0.003589086218547907	False
4	64	additive	zero_effect	zero_effect_diagnostic	D	0.07940386015621635	0.07581477393766844	-0.003589086218547907	False
4	64	compositional_ridge	CPA_0.8.8	primary_state_pair	S	0.04957534654075952	0.04957534654075952	0.0	False
4	64	compositional_ridge	CPA_0.8.8	primary_state_pair	M	0.04957534654075952	0.04957534654075952	0.0	False
4	64	compositional_ridge	CPA_0.8.8	primary_state_pair	P	0.04957534654075952	0.049730148572821126	0.00015480203206160587	False
4	64	compositional_ridge	CPA_0.8.8	primary_state_pair	O	0.04957534654075952	0.049420544508697886	-0.00015480203206163362	False
4	64	compositional_ridge	CPA_0.8.8	primary_state_pair	D	0.04957534654075952	0.04957534654075951	-6.938893903907228e-18	False
4	64	compositional_ridge	zero_effect	zero_effect_diagnostic	S	0.08019509622114168	0.08019509622114168	0.0	False
4	64	compositional_ridge	zero_effect	zero_effect_diagnostic	M	0.08019509622114168	0.08019509622114168	0.0	False
4	64	compositional_ridge	zero_effect	zero_effect_diagnostic	P	0.08019509622114168	0.07660601000259377	-0.003589086218547907	False
4	64	compositional_ridge	zero_effect	zero_effect_diagnostic	O	0.08019509622114168	0.07660601000259377	-0.003589086218547907	False
4	64	compositional_ridge	zero_effect	zero_effect_diagnostic	D	0.08019509622114168	0.07660601000259377	-0.003589086218547907	False
4	64	CPA_0.8.8	zero_effect	zero_effect_diagnostic	S	0.030619749680382155	0.030619749680382155	0.0	False
4	64	CPA_0.8.8	zero_effect	zero_effect_diagnostic	M	0.030619749680382155	0.030619749680382155	0.0	False
4	64	CPA_0.8.8	zero_effect	zero_effect_diagnostic	P	0.030619749680382155	0.02687586142977265	-0.003743888250609506	False
4	64	CPA_0.8.8	zero_effect	zero_effect_diagnostic	O	0.030619749680382155	0.02718546549389589	-0.0034342841864862667	False
4	64	CPA_0.8.8	zero_effect	zero_effect_diagnostic	D	0.030619749680382155	0.02703066346183426	-0.0035890862185478933	False
4	128	additive	compositional_ridge	primary_state_pair	S	-0.0007912360649253228	-0.0007912360649253228	0.0	False
4	128	additive	compositional_ridge	primary_state_pair	M	-0.0007912360649253228	-0.0007912360649253228	0.0	False
4	128	additive	compositional_ridge	primary_state_pair	P	-0.0007912360649253228	-0.0007912360649253124	1.0408340855860843e-17	False
4	128	additive	compositional_ridge	primary_state_pair	O	-0.0007912360649253228	-0.0007912360649253124	1.0408340855860843e-17	False
4	128	additive	compositional_ridge	primary_state_pair	D	-0.0007912360649253228	-0.0007912360649253124	1.0408340855860843e-17	False
4	128	additive	CPA_0.8.8	primary_state_pair	S	0.04788144069762672	0.04788144069762672	0.0	False
4	128	additive	CPA_0.8.8	primary_state_pair	M	0.04788144069762672	0.04788144069762673	1.3877787807814457e-17	False
4	128	additive	CPA_0.8.8	primary_state_pair	P	0.04788144069762672	0.04801776428864692	0.0001363235910202057	False
4	128	additive	CPA_0.8.8	primary_state_pair	O	0.04788144069762672	0.04774511710660654	-0.00013632359102017794	False
4	128	additive	CPA_0.8.8	primary_state_pair	D	0.04788144069762672	0.047881440697626725	6.938893903907228e-18	False
4	128	additive	zero_effect	zero_effect_diagnostic	S	0.0773551716129597	0.0773551716129597	0.0	False
4	128	additive	zero_effect	zero_effect_diagnostic	M	0.0773551716129597	0.0773551716129597	0.0	False
4	128	additive	zero_effect	zero_effect_diagnostic	P	0.0773551716129597	0.07548110578098549	-0.001874065831974206	False
4	128	additive	zero_effect	zero_effect_diagnostic	O	0.0773551716129597	0.07548110578098549	-0.001874065831974206	False
4	128	additive	zero_effect	zero_effect_diagnostic	D	0.0773551716129597	0.07548110578098549	-0.001874065831974206	False
4	128	compositional_ridge	CPA_0.8.8	primary_state_pair	S	0.04867267676255204	0.04867267676255204	0.0	False
4	128	compositional_ridge	CPA_0.8.8	primary_state_pair	M	0.04867267676255204	0.048672676762552054	1.3877787807814457e-17	False
4	128	compositional_ridge	CPA_0.8.8	primary_state_pair	P	0.04867267676255204	0.04880900035357223	0.00013632359102019181	False
4	128	compositional_ridge	CPA_0.8.8	primary_state_pair	O	0.04867267676255204	0.04853635317153185	-0.00013632359102019181	False
4	128	compositional_ridge	CPA_0.8.8	primary_state_pair	D	0.04867267676255204	0.04867267676255203	-6.938893903907228e-18	False
4	128	compositional_ridge	zero_effect	zero_effect_diagnostic	S	0.07814640767788503	0.07814640767788503	0.0	False
4	128	compositional_ridge	zero_effect	zero_effect_diagnostic	M	0.07814640767788503	0.07814640767788503	0.0	False
4	128	compositional_ridge	zero_effect	zero_effect_diagnostic	P	0.07814640767788503	0.07627234184591081	-0.0018740658319742198	False
4	128	compositional_ridge	zero_effect	zero_effect_diagnostic	O	0.07814640767788503	0.07627234184591081	-0.0018740658319742198	False
4	128	compositional_ridge	zero_effect	zero_effect_diagnostic	D	0.07814640767788503	0.07627234184591081	-0.0018740658319742198	False
4	128	CPA_0.8.8	zero_effect	zero_effect_diagnostic	S	0.02947373091533298	0.02947373091533298	0.0	False
4	128	CPA_0.8.8	zero_effect	zero_effect_diagnostic	M	0.02947373091533298	0.029473730915332966	-1.3877787807814457e-17	False
4	128	CPA_0.8.8	zero_effect	zero_effect_diagnostic	P	0.02947373091533298	0.027463341492338575	-0.0020103894229944047	False
4	128	CPA_0.8.8	zero_effect	zero_effect_diagnostic	O	0.02947373091533298	0.02773598867437896	-0.001737742240954021	False
4	128	CPA_0.8.8	zero_effect	zero_effect_diagnostic	D	0.02947373091533298	0.027599665083358774	-0.001874065831974206	False
4	135	additive	compositional_ridge	primary_state_pair	S	-0.0007912360649253228	-0.0007912360649253228	0.0	False
4	135	additive	compositional_ridge	primary_state_pair	M	-0.0007912360649253228	-0.0007912360649253228	0.0	False
4	135	additive	compositional_ridge	primary_state_pair	P	-0.0007912360649253228	-0.0007912360649253089	1.3877787807814457e-17	False
4	135	additive	compositional_ridge	primary_state_pair	O	-0.0007912360649253228	-0.0007912360649253089	1.3877787807814457e-17	False
4	135	additive	compositional_ridge	primary_state_pair	D	-0.0007912360649253228	-0.0007912360649253089	1.3877787807814457e-17	False
4	135	additive	CPA_0.8.8	primary_state_pair	S	0.04801684018966018	0.04801684018966018	0.0	False
4	135	additive	CPA_0.8.8	primary_state_pair	M	0.04801684018966018	0.04801684018966018	0.0	False
4	135	additive	CPA_0.8.8	primary_state_pair	P	0.04801684018966018	0.04813745309948503	0.00012061290982484651	False
4	135	additive	CPA_0.8.8	primary_state_pair	O	0.04801684018966018	0.04789622727983529	-0.00012061290982488815	False
4	135	additive	CPA_0.8.8	primary_state_pair	D	0.04801684018966018	0.04801684018966014	-4.163336342344337e-17	False
4	135	additive	zero_effect	zero_effect_diagnostic	S	0.07745212316147114	0.07745212316147114	0.0	False
4	135	additive	zero_effect	zero_effect_diagnostic	M	0.07745212316147114	0.07745212316147114	0.0	False
4	135	additive	zero_effect	zero_effect_diagnostic	P	0.07745212316147114	0.07569291413604827	-0.0017592090254228698	False
4	135	additive	zero_effect	zero_effect_diagnostic	O	0.07745212316147114	0.07569291413604827	-0.0017592090254228698	False
4	135	additive	zero_effect	zero_effect_diagnostic	D	0.07745212316147114	0.07569291413604827	-0.0017592090254228698	False
4	135	compositional_ridge	CPA_0.8.8	primary_state_pair	S	0.048808076254585504	0.048808076254585504	0.0	False
4	135	compositional_ridge	CPA_0.8.8	primary_state_pair	M	0.048808076254585504	0.048808076254585504	0.0	False
4	135	compositional_ridge	CPA_0.8.8	primary_state_pair	P	0.048808076254585504	0.048928689164410344	0.00012061290982483958	False
4	135	compositional_ridge	CPA_0.8.8	primary_state_pair	O	0.048808076254585504	0.04868746334476061	-0.00012061290982489509	False
4	135	compositional_ridge	CPA_0.8.8	primary_state_pair	D	0.048808076254585504	0.048808076254585456	-4.85722573273506e-17	False
4	135	compositional_ridge	zero_effect	zero_effect_diagnostic	S	0.07824335922639647	0.07824335922639647	0.0	False
4	135	compositional_ridge	zero_effect	zero_effect_diagnostic	M	0.07824335922639647	0.07824335922639647	0.0	False
4	135	compositional_ridge	zero_effect	zero_effect_diagnostic	P	0.07824335922639647	0.07648415020097359	-0.0017592090254228837	False
4	135	compositional_ridge	zero_effect	zero_effect_diagnostic	O	0.07824335922639647	0.07648415020097359	-0.0017592090254228837	False
4	135	compositional_ridge	zero_effect	zero_effect_diagnostic	D	0.07824335922639647	0.07648415020097359	-0.0017592090254228837	False
4	135	CPA_0.8.8	zero_effect	zero_effect_diagnostic	S	0.029435282971810958	0.029435282971810958	0.0	False
4	135	CPA_0.8.8	zero_effect	zero_effect_diagnostic	M	0.029435282971810958	0.029435282971810958	0.0	False
4	135	CPA_0.8.8	zero_effect	zero_effect_diagnostic	P	0.029435282971810958	0.027555461036563242	-0.0018798219352477163	False
4	135	CPA_0.8.8	zero_effect	zero_effect_diagnostic	O	0.029435282971810958	0.027796686856212977	-0.0016385961155979817	False
4	135	CPA_0.8.8	zero_effect	zero_effect_diagnostic	D	0.029435282971810958	0.02767607394638813	-0.0017592090254228282	False
5	8	additive	compositional_ridge	primary_state_pair	S	-0.0007912360649253228	-0.0007912360649253228	0.0	False
5	8	additive	compositional_ridge	primary_state_pair	M	-0.0007912360649253228	-0.0007912360649253228	0.0	False
5	8	additive	compositional_ridge	primary_state_pair	P	-0.0007912360649253228	-0.0007912360649253367	-1.3877787807814457e-17	False
5	8	additive	compositional_ridge	primary_state_pair	O	-0.0007912360649253228	-0.0007912360649253367	-1.3877787807814457e-17	False
5	8	additive	compositional_ridge	primary_state_pair	D	-0.0007912360649253228	-0.0007912360649253367	-1.3877787807814457e-17	False
5	8	additive	CPA_0.8.8	primary_state_pair	S	0.044090094073009414	0.044090094073009414	0.0	False
5	8	additive	CPA_0.8.8	primary_state_pair	M	0.044090094073009414	0.044090094073009414	0.0	False
5	8	additive	CPA_0.8.8	primary_state_pair	P	0.044090094073009414	0.045914074061688695	0.0018239799886792807	False
5	8	additive	CPA_0.8.8	primary_state_pair	O	0.044090094073009414	0.042266114084330064	-0.00182397998867935	False
5	8	additive	CPA_0.8.8	primary_state_pair	D	0.044090094073009414	0.04409009407300944	2.7755575615628914e-17	False
5	8	additive	zero_effect	zero_effect_diagnostic	S	0.0872506716338032	0.0872506716338032	0.0	False
5	8	additive	zero_effect	zero_effect_diagnostic	M	0.0872506716338032	0.0872506716338032	0.0	False
5	8	additive	zero_effect	zero_effect_diagnostic	P	0.0872506716338032	0.05656946445508519	-0.030681207178718015	False
5	8	additive	zero_effect	zero_effect_diagnostic	O	0.0872506716338032	0.05656946445508519	-0.030681207178718015	False
5	8	additive	zero_effect	zero_effect_diagnostic	D	0.0872506716338032	0.05656946445508519	-0.030681207178718015	False
5	8	compositional_ridge	CPA_0.8.8	primary_state_pair	S	0.04488133013793474	0.04488133013793474	0.0	False
5	8	compositional_ridge	CPA_0.8.8	primary_state_pair	M	0.04488133013793474	0.04488133013793474	0.0	False
5	8	compositional_ridge	CPA_0.8.8	primary_state_pair	P	0.04488133013793474	0.04670531012661403	0.0018239799886792946	False
5	8	compositional_ridge	CPA_0.8.8	primary_state_pair	O	0.04488133013793474	0.0430573501492554	-0.0018239799886793362	False
5	8	compositional_ridge	CPA_0.8.8	primary_state_pair	D	0.04488133013793474	0.04488133013793478	4.163336342344337e-17	False
5	8	compositional_ridge	zero_effect	zero_effect_diagnostic	S	0.08804190769872852	0.08804190769872852	0.0	False
5	8	compositional_ridge	zero_effect	zero_effect_diagnostic	M	0.08804190769872852	0.08804190769872852	0.0	False
5	8	compositional_ridge	zero_effect	zero_effect_diagnostic	P	0.08804190769872852	0.05736070052001053	-0.030681207178717994	False
5	8	compositional_ridge	zero_effect	zero_effect_diagnostic	O	0.08804190769872852	0.05736070052001053	-0.030681207178717994	False
5	8	compositional_ridge	zero_effect	zero_effect_diagnostic	D	0.08804190769872852	0.05736070052001053	-0.030681207178717994	False
5	8	CPA_0.8.8	zero_effect	zero_effect_diagnostic	S	0.04316057756079379	0.04316057756079379	0.0	False
5	8	CPA_0.8.8	zero_effect	zero_effect_diagnostic	M	0.04316057756079379	0.04316057756079379	0.0	False
5	8	CPA_0.8.8	zero_effect	zero_effect_diagnostic	P	0.04316057756079379	0.010655390393396497	-0.032505187167397295	False
5	8	CPA_0.8.8	zero_effect	zero_effect_diagnostic	O	0.04316057756079379	0.014303350370755127	-0.028857227190038665	False
5	8	CPA_0.8.8	zero_effect	zero_effect_diagnostic	D	0.04316057756079379	0.01247937038207575	-0.030681207178718042	False
5	16	additive	compositional_ridge	primary_state_pair	S	-0.0007912360649253228	-0.0007912360649253228	0.0	False
5	16	additive	compositional_ridge	primary_state_pair	M	-0.0007912360649253228	-0.0007912360649253228	0.0	False
5	16	additive	compositional_ridge	primary_state_pair	P	-0.0007912360649253228	-0.0007912360649252881	3.469446951953614e-17	False
5	16	additive	compositional_ridge	primary_state_pair	O	-0.0007912360649253228	-0.0007912360649252881	3.469446951953614e-17	False
5	16	additive	compositional_ridge	primary_state_pair	D	-0.0007912360649253228	-0.0007912360649252881	3.469446951953614e-17	False
5	16	additive	CPA_0.8.8	primary_state_pair	S	0.04649422415846019	0.04649422415846019	0.0	False
5	16	additive	CPA_0.8.8	primary_state_pair	M	0.04649422415846019	0.04649422415846019	0.0	False
5	16	additive	CPA_0.8.8	primary_state_pair	P	0.04649422415846019	0.048233513499812565	0.001739289341352375	False
5	16	additive	CPA_0.8.8	primary_state_pair	O	0.04649422415846019	0.0447549348171079	-0.0017392893413522917	False
5	16	additive	CPA_0.8.8	primary_state_pair	D	0.04649422415846019	0.0464942241584602	6.938893903907228e-18	False
5	16	additive	zero_effect	zero_effect_diagnostic	S	0.08199818250085313	0.08199818250085313	0.0	False
5	16	additive	zero_effect	zero_effect_diagnostic	M	0.08199818250085313	0.08199818250085313	0.0	False
5	16	additive	zero_effect	zero_effect_diagnostic	P	0.08199818250085313	0.06615555050497685	-0.01584263199587628	False
5	16	additive	zero_effect	zero_effect_diagnostic	O	0.08199818250085313	0.06615555050497685	-0.01584263199587628	False
5	16	additive	zero_effect	zero_effect_diagnostic	D	0.08199818250085313	0.06615555050497685	-0.01584263199587628	False
5	16	compositional_ridge	CPA_0.8.8	primary_state_pair	S	0.04728546022338551	0.04728546022338551	0.0	False
5	16	compositional_ridge	CPA_0.8.8	primary_state_pair	M	0.04728546022338551	0.04728546022338551	0.0	False
5	16	compositional_ridge	CPA_0.8.8	primary_state_pair	P	0.04728546022338551	0.04902474956473785	0.0017392893413523403	False
5	16	compositional_ridge	CPA_0.8.8	primary_state_pair	O	0.04728546022338551	0.045546170882033186	-0.0017392893413523264	False
5	16	compositional_ridge	CPA_0.8.8	primary_state_pair	D	0.04728546022338551	0.047285460223385485	-2.7755575615628914e-17	False
5	16	compositional_ridge	zero_effect	zero_effect_diagnostic	S	0.08278941856577846	0.08278941856577846	0.0	False
5	16	compositional_ridge	zero_effect	zero_effect_diagnostic	M	0.08278941856577846	0.08278941856577846	0.0	False
5	16	compositional_ridge	zero_effect	zero_effect_diagnostic	P	0.08278941856577846	0.06694678656990213	-0.015842631995876322	False
5	16	compositional_ridge	zero_effect	zero_effect_diagnostic	O	0.08278941856577846	0.06694678656990213	-0.015842631995876322	False
5	16	compositional_ridge	zero_effect	zero_effect_diagnostic	D	0.08278941856577846	0.06694678656990213	-0.015842631995876322	False
5	16	CPA_0.8.8	zero_effect	zero_effect_diagnostic	S	0.035503958342392936	0.035503958342392936	0.0	False
5	16	CPA_0.8.8	zero_effect	zero_effect_diagnostic	M	0.035503958342392936	0.035503958342392936	0.0	False
5	16	CPA_0.8.8	zero_effect	zero_effect_diagnostic	P	0.035503958342392936	0.017922037005164274	-0.017581921337228662	False
5	16	CPA_0.8.8	zero_effect	zero_effect_diagnostic	O	0.035503958342392936	0.02140061568786894	-0.014103342654523995	False
5	16	CPA_0.8.8	zero_effect	zero_effect_diagnostic	D	0.035503958342392936	0.01966132634651664	-0.015842631995876294	False
5	32	additive	compositional_ridge	primary_state_pair	S	-0.0007912360649253228	-0.0007912360649253228	0.0	False
5	32	additive	compositional_ridge	primary_state_pair	M	-0.0007912360649253228	-0.0007912360649253228	0.0	False
5	32	additive	compositional_ridge	primary_state_pair	P	-0.0007912360649253228	-0.0007912360649253089	1.3877787807814457e-17	False
5	32	additive	compositional_ridge	primary_state_pair	O	-0.0007912360649253228	-0.0007912360649253089	1.3877787807814457e-17	False
5	32	additive	compositional_ridge	primary_state_pair	D	-0.0007912360649253228	-0.0007912360649253089	1.3877787807814457e-17	False
5	32	additive	CPA_0.8.8	primary_state_pair	S	0.04693566450493489	0.04693566450493489	0.0	False
5	32	additive	CPA_0.8.8	primary_state_pair	M	0.04693566450493489	0.04693566450493489	0.0	False
5	32	additive	CPA_0.8.8	primary_state_pair	P	0.04693566450493489	0.04744536195958073	0.0005096974546458452	False
5	32	additive	CPA_0.8.8	primary_state_pair	O	0.04693566450493489	0.046425967050289056	-0.0005096974546458313	False
5	32	additive	CPA_0.8.8	primary_state_pair	D	0.04693566450493489	0.046935664504934894	6.938893903907228e-18	False
5	32	additive	zero_effect	zero_effect_diagnostic	S	0.07952718618940259	0.07952718618940259	0.0	False
5	32	additive	zero_effect	zero_effect_diagnostic	M	0.07952718618940259	0.07952718618940259	0.0	False
5	32	additive	zero_effect	zero_effect_diagnostic	P	0.07952718618940259	0.07193042736319208	-0.007596758826210512	False
5	32	additive	zero_effect	zero_effect_diagnostic	O	0.07952718618940259	0.07193042736319208	-0.007596758826210512	False
5	32	additive	zero_effect	zero_effect_diagnostic	D	0.07952718618940259	0.07193042736319208	-0.007596758826210512	False
5	32	compositional_ridge	CPA_0.8.8	primary_state_pair	S	0.04772690056986021	0.04772690056986021	0.0	False
5	32	compositional_ridge	CPA_0.8.8	primary_state_pair	M	0.04772690056986021	0.04772690056986021	0.0	False
5	32	compositional_ridge	CPA_0.8.8	primary_state_pair	P	0.04772690056986021	0.04823659802450604	0.0005096974546458313	False
5	32	compositional_ridge	CPA_0.8.8	primary_state_pair	O	0.04772690056986021	0.047217203115214365	-0.0005096974546458452	False
5	32	compositional_ridge	CPA_0.8.8	primary_state_pair	D	0.04772690056986021	0.0477269005698602	-6.938893903907228e-18	False
5	32	compositional_ridge	zero_effect	zero_effect_diagnostic	S	0.08031842225432792	0.08031842225432792	0.0	False
5	32	compositional_ridge	zero_effect	zero_effect_diagnostic	M	0.08031842225432792	0.08031842225432792	0.0	False
5	32	compositional_ridge	zero_effect	zero_effect_diagnostic	P	0.08031842225432792	0.07272166342811738	-0.0075967588262105396	False
5	32	compositional_ridge	zero_effect	zero_effect_diagnostic	O	0.08031842225432792	0.07272166342811738	-0.0075967588262105396	False
5	32	compositional_ridge	zero_effect	zero_effect_diagnostic	D	0.08031842225432792	0.07272166342811738	-0.0075967588262105396	False
5	32	CPA_0.8.8	zero_effect	zero_effect_diagnostic	S	0.0325915216844677	0.0325915216844677	0.0	False
5	32	CPA_0.8.8	zero_effect	zero_effect_diagnostic	M	0.0325915216844677	0.0325915216844677	0.0	False
5	32	CPA_0.8.8	zero_effect	zero_effect_diagnostic	P	0.0325915216844677	0.02448506540361134	-0.008106456280856364	False
5	32	CPA_0.8.8	zero_effect	zero_effect_diagnostic	O	0.0325915216844677	0.025504460312903016	-0.007087061371564687	False
5	32	CPA_0.8.8	zero_effect	zero_effect_diagnostic	D	0.0325915216844677	0.024994762858257177	-0.007596758826210526	False
5	64	additive	compositional_ridge	primary_state_pair	S	-0.0007912360649253228	-0.0007912360649253228	0.0	False
5	64	additive	compositional_ridge	primary_state_pair	M	-0.0007912360649253228	-0.0007912360649253228	0.0	False
5	64	additive	compositional_ridge	primary_state_pair	P	-0.0007912360649253228	-0.0007912360649253054	1.734723475976807e-17	False
5	64	additive	compositional_ridge	primary_state_pair	O	-0.0007912360649253228	-0.0007912360649253054	1.734723475976807e-17	False
5	64	additive	compositional_ridge	primary_state_pair	D	-0.0007912360649253228	-0.0007912360649253054	1.734723475976807e-17	False
5	64	additive	CPA_0.8.8	primary_state_pair	S	0.04690905971705649	0.04690905971705649	0.0	False
5	64	additive	CPA_0.8.8	primary_state_pair	M	0.04690905971705649	0.04690905971705649	0.0	False
5	64	additive	CPA_0.8.8	primary_state_pair	P	0.04690905971705649	0.04716676742177814	0.00025770770472165194	False
5	64	additive	CPA_0.8.8	primary_state_pair	O	0.04690905971705649	0.04665135201233486	-0.0002577077047216242	False
5	64	additive	CPA_0.8.8	primary_state_pair	D	0.04690905971705649	0.046909059717056514	2.7755575615628914e-17	False
5	64	additive	zero_effect	zero_effect_diagnostic	S	0.07724688793943348	0.07724688793943348	0.0	False
5	64	additive	zero_effect	zero_effect_diagnostic	M	0.07724688793943348	0.07724688793943348	0.0	False
5	64	additive	zero_effect	zero_effect_diagnostic	P	0.07724688793943348	0.07353699111516923	-0.0037098968242642444	False
5	64	additive	zero_effect	zero_effect_diagnostic	O	0.07724688793943348	0.07353699111516923	-0.0037098968242642444	False
5	64	additive	zero_effect	zero_effect_diagnostic	D	0.07724688793943348	0.07353699111516923	-0.0037098968242642444	False
5	64	compositional_ridge	CPA_0.8.8	primary_state_pair	S	0.04770029578198181	0.04770029578198181	0.0	False
5	64	compositional_ridge	CPA_0.8.8	primary_state_pair	M	0.04770029578198181	0.04770029578198181	0.0	False
5	64	compositional_ridge	CPA_0.8.8	primary_state_pair	P	0.04770029578198181	0.04795800348670344	0.0002577077047216311	False
5	64	compositional_ridge	CPA_0.8.8	primary_state_pair	O	0.04770029578198181	0.047442588077260164	-0.000257707704721645	False
5	64	compositional_ridge	CPA_0.8.8	primary_state_pair	D	0.04770029578198181	0.047700295781981816	6.938893903907228e-18	False
5	64	compositional_ridge	zero_effect	zero_effect_diagnostic	S	0.0780381240043588	0.0780381240043588	0.0	False
5	64	compositional_ridge	zero_effect	zero_effect_diagnostic	M	0.0780381240043588	0.0780381240043588	0.0	False
5	64	compositional_ridge	zero_effect	zero_effect_diagnostic	P	0.0780381240043588	0.07432822718009453	-0.003709896824264272	False
5	64	compositional_ridge	zero_effect	zero_effect_diagnostic	O	0.0780381240043588	0.07432822718009453	-0.003709896824264272	False
5	64	compositional_ridge	zero_effect	zero_effect_diagnostic	D	0.0780381240043588	0.07432822718009453	-0.003709896824264272	False
5	64	CPA_0.8.8	zero_effect	zero_effect_diagnostic	S	0.03033782822237699	0.03033782822237699	0.0	False
5	64	CPA_0.8.8	zero_effect	zero_effect_diagnostic	M	0.03033782822237699	0.03033782822237699	0.0	False
5	64	CPA_0.8.8	zero_effect	zero_effect_diagnostic	P	0.03033782822237699	0.026370223693391093	-0.003967604528985896	False
5	64	CPA_0.8.8	zero_effect	zero_effect_diagnostic	O	0.03033782822237699	0.02688563910283437	-0.00345218911954262	False
5	64	CPA_0.8.8	zero_effect	zero_effect_diagnostic	D	0.03033782822237699	0.026627931398112717	-0.003709896824264272	False
5	128	additive	compositional_ridge	primary_state_pair	S	-0.0007912360649253228	-0.0007912360649253228	0.0	False
5	128	additive	compositional_ridge	primary_state_pair	M	-0.0007912360649253228	-0.0007912360649253228	0.0	False
5	128	additive	compositional_ridge	primary_state_pair	P	-0.0007912360649253228	-0.0007912360649253054	1.734723475976807e-17	False
5	128	additive	compositional_ridge	primary_state_pair	O	-0.0007912360649253228	-0.0007912360649253054	1.734723475976807e-17	False
5	128	additive	compositional_ridge	primary_state_pair	D	-0.0007912360649253228	-0.0007912360649253054	1.734723475976807e-17	False
5	128	additive	CPA_0.8.8	primary_state_pair	S	0.04754656345892491	0.04754656345892491	0.0	False
5	128	additive	CPA_0.8.8	primary_state_pair	M	0.04754656345892491	0.04754656345892491	0.0	False
5	128	additive	CPA_0.8.8	primary_state_pair	P	0.04754656345892491	0.04770425323924295	0.00015768978031803493	False
5	128	additive	CPA_0.8.8	primary_state_pair	O	0.04754656345892491	0.04738887367860686	-0.0001576897803180488	False
5	128	additive	CPA_0.8.8	primary_state_pair	D	0.04754656345892491	0.047546563458924954	4.163336342344337e-17	False
5	128	additive	zero_effect	zero_effect_diagnostic	S	0.07698532542842354	0.07698532542842354	0.0	False
5	128	additive	zero_effect	zero_effect_diagnostic	M	0.07698532542842354	0.07698532542842354	0.0	False
5	128	additive	zero_effect	zero_effect_diagnostic	P	0.07698532542842354	0.07505035893576055	-0.00193496649266299	False
5	128	additive	zero_effect	zero_effect_diagnostic	O	0.07698532542842354	0.07505035893576055	-0.00193496649266299	False
5	128	additive	zero_effect	zero_effect_diagnostic	D	0.07698532542842354	0.07505035893576055	-0.00193496649266299	False
5	128	compositional_ridge	CPA_0.8.8	primary_state_pair	S	0.048337799523850235	0.048337799523850235	0.0	False
5	128	compositional_ridge	CPA_0.8.8	primary_state_pair	M	0.048337799523850235	0.048337799523850235	0.0	False
5	128	compositional_ridge	CPA_0.8.8	primary_state_pair	P	0.048337799523850235	0.04849548930416825	0.00015768978031801412	False
5	128	compositional_ridge	CPA_0.8.8	primary_state_pair	O	0.048337799523850235	0.048180109743532165	-0.00015768978031806963	False
5	128	compositional_ridge	CPA_0.8.8	primary_state_pair	D	0.048337799523850235	0.048337799523850256	2.0816681711721685e-17	False
5	128	compositional_ridge	zero_effect	zero_effect_diagnostic	S	0.07777656149334886	0.07777656149334886	0.0	False
5	128	compositional_ridge	zero_effect	zero_effect_diagnostic	M	0.07777656149334886	0.07777656149334886	0.0	False
5	128	compositional_ridge	zero_effect	zero_effect_diagnostic	P	0.07777656149334886	0.07584159500068585	-0.001934966492663004	False
5	128	compositional_ridge	zero_effect	zero_effect_diagnostic	O	0.07777656149334886	0.07584159500068585	-0.001934966492663004	False
5	128	compositional_ridge	zero_effect	zero_effect_diagnostic	D	0.07777656149334886	0.07584159500068585	-0.001934966492663004	False
5	128	CPA_0.8.8	zero_effect	zero_effect_diagnostic	S	0.029438761969498628	0.029438761969498628	0.0	False
5	128	CPA_0.8.8	zero_effect	zero_effect_diagnostic	M	0.029438761969498628	0.029438761969498628	0.0	False
5	128	CPA_0.8.8	zero_effect	zero_effect_diagnostic	P	0.029438761969498628	0.027346105696517603	-0.002092656272981025	False
5	128	CPA_0.8.8	zero_effect	zero_effect_diagnostic	O	0.029438761969498628	0.027661485257153687	-0.0017772767123449412	False
5	128	CPA_0.8.8	zero_effect	zero_effect_diagnostic	D	0.029438761969498628	0.027503795476835596	-0.0019349664926630317	False
5	135	additive	compositional_ridge	primary_state_pair	S	-0.0007912360649253228	-0.0007912360649253228	0.0	False
5	135	additive	compositional_ridge	primary_state_pair	M	-0.0007912360649253228	-0.0007912360649253228	0.0	False
5	135	additive	compositional_ridge	primary_state_pair	P	-0.0007912360649253228	-0.0007912360649253124	1.0408340855860843e-17	False
5	135	additive	compositional_ridge	primary_state_pair	O	-0.0007912360649253228	-0.0007912360649253124	1.0408340855860843e-17	False
5	135	additive	compositional_ridge	primary_state_pair	D	-0.0007912360649253228	-0.0007912360649253124	1.0408340855860843e-17	False
5	135	additive	CPA_0.8.8	primary_state_pair	S	0.04718034232197402	0.04718034232197402	0.0	False
5	135	additive	CPA_0.8.8	primary_state_pair	M	0.04718034232197402	0.04718034232197399	-2.7755575615628914e-17	False
5	135	additive	CPA_0.8.8	primary_state_pair	P	0.04718034232197402	0.047330505229036604	0.00015016290706258706	False
5	135	additive	CPA_0.8.8	primary_state_pair	O	0.04718034232197402	0.047030179414911416	-0.00015016290706260094	False
5	135	additive	CPA_0.8.8	primary_state_pair	D	0.04718034232197402	0.04718034232197399	-2.7755575615628914e-17	False
5	135	additive	zero_effect	zero_effect_diagnostic	S	0.07651917042099303	0.07651917042099303	0.0	False
5	135	additive	zero_effect	zero_effect_diagnostic	M	0.07651917042099303	0.07651917042099303	0.0	False
5	135	additive	zero_effect	zero_effect_diagnostic	P	0.07651917042099303	0.07468221044551891	-0.0018369599754741173	False
5	135	additive	zero_effect	zero_effect_diagnostic	O	0.07651917042099303	0.07468221044551891	-0.0018369599754741173	False
5	135	additive	zero_effect	zero_effect_diagnostic	D	0.07651917042099303	0.07468221044551891	-0.0018369599754741173	False
5	135	compositional_ridge	CPA_0.8.8	primary_state_pair	S	0.04797157838689934	0.04797157838689934	0.0	False
5	135	compositional_ridge	CPA_0.8.8	primary_state_pair	M	0.04797157838689934	0.04797157838689931	-2.7755575615628914e-17	False
5	135	compositional_ridge	CPA_0.8.8	primary_state_pair	P	0.04797157838689934	0.04812174129396191	0.00015016290706257318	False
5	135	compositional_ridge	CPA_0.8.8	primary_state_pair	O	0.04797157838689934	0.047821415479836725	-0.00015016290706261481	False
5	135	compositional_ridge	CPA_0.8.8	primary_state_pair	D	0.04797157838689934	0.0479715783868993	-4.163336342344337e-17	False
5	135	compositional_ridge	zero_effect	zero_effect_diagnostic	S	0.07731040648591836	0.07731040648591836	0.0	False
5	135	compositional_ridge	zero_effect	zero_effect_diagnostic	M	0.07731040648591836	0.07731040648591836	0.0	False
5	135	compositional_ridge	zero_effect	zero_effect_diagnostic	P	0.07731040648591836	0.07547344651044421	-0.001836959975474145	False
5	135	compositional_ridge	zero_effect	zero_effect_diagnostic	O	0.07731040648591836	0.07547344651044421	-0.001836959975474145	False
5	135	compositional_ridge	zero_effect	zero_effect_diagnostic	D	0.07731040648591836	0.07547344651044421	-0.001836959975474145	False
5	135	CPA_0.8.8	zero_effect	zero_effect_diagnostic	S	0.029338828099019013	0.029338828099019013	0.0	False
5	135	CPA_0.8.8	zero_effect	zero_effect_diagnostic	M	0.029338828099019013	0.02933882809901904	2.7755575615628914e-17	False
5	135	CPA_0.8.8	zero_effect	zero_effect_diagnostic	P	0.029338828099019013	0.027351705216482308	-0.0019871228825367043	False
5	135	CPA_0.8.8	zero_effect	zero_effect_diagnostic	O	0.029338828099019013	0.027652031030607496	-0.0016867970684115163	False
5	135	CPA_0.8.8	zero_effect	zero_effect_diagnostic	D	0.029338828099019013	0.027501868123544923	-0.0018369599754740895	False
6	8	additive	compositional_ridge	primary_state_pair	S	-0.0007912360649253228	-0.0007912360649253228	0.0	False
6	8	additive	compositional_ridge	primary_state_pair	M	-0.0007912360649253228	-0.0007912360649253228	0.0	False
6	8	additive	compositional_ridge	primary_state_pair	P	-0.0007912360649253228	-0.000791236064925302	2.0816681711721685e-17	False
6	8	additive	compositional_ridge	primary_state_pair	O	-0.0007912360649253228	-0.000791236064925302	2.0816681711721685e-17	False
6	8	additive	compositional_ridge	primary_state_pair	D	-0.0007912360649253228	-0.000791236064925302	2.0816681711721685e-17	False
6	8	additive	CPA_0.8.8	primary_state_pair	S	0.04756534719633039	0.04756534719633039	0.0	False
6	8	additive	CPA_0.8.8	primary_state_pair	M	0.04756534719633039	0.047565347196330404	1.3877787807814457e-17	False
6	8	additive	CPA_0.8.8	primary_state_pair	P	0.04756534719633039	0.051468942547102194	0.0039035953507718033	False
6	8	additive	CPA_0.8.8	primary_state_pair	O	0.04756534719633039	0.04366175184555867	-0.00390359535077172	False
6	8	additive	CPA_0.8.8	primary_state_pair	D	0.04756534719633039	0.0475653471963304	6.938893903907228e-18	False
6	8	additive	zero_effect	zero_effect_diagnostic	S	0.09041210421291156	0.09041210421291156	0.0	False
6	8	additive	zero_effect	zero_effect_diagnostic	M	0.09041210421291156	0.09041210421291156	0.0	False
6	8	additive	zero_effect	zero_effect_diagnostic	P	0.09041210421291156	0.05946367213252534	-0.030948432080386216	False
6	8	additive	zero_effect	zero_effect_diagnostic	O	0.09041210421291156	0.05946367213252534	-0.030948432080386216	False
6	8	additive	zero_effect	zero_effect_diagnostic	D	0.09041210421291156	0.05946367213252534	-0.030948432080386216	False
6	8	compositional_ridge	CPA_0.8.8	primary_state_pair	S	0.04835658326125571	0.04835658326125571	0.0	False
6	8	compositional_ridge	CPA_0.8.8	primary_state_pair	M	0.04835658326125571	0.04835658326125573	1.3877787807814457e-17	False
6	8	compositional_ridge	CPA_0.8.8	primary_state_pair	P	0.04835658326125571	0.052260178612027496	0.0039035953507717824	False
6	8	compositional_ridge	CPA_0.8.8	primary_state_pair	O	0.04835658326125571	0.04445298791048397	-0.003903595350771741	False
6	8	compositional_ridge	CPA_0.8.8	primary_state_pair	D	0.04835658326125571	0.0483565832612557	-1.3877787807814457e-17	False
6	8	compositional_ridge	zero_effect	zero_effect_diagnostic	S	0.09120334027783689	0.09120334027783689	0.0	False
6	8	compositional_ridge	zero_effect	zero_effect_diagnostic	M	0.09120334027783689	0.09120334027783689	0.0	False
6	8	compositional_ridge	zero_effect	zero_effect_diagnostic	P	0.09120334027783689	0.06025490819745064	-0.030948432080386244	False
6	8	compositional_ridge	zero_effect	zero_effect_diagnostic	O	0.09120334027783689	0.06025490819745064	-0.030948432080386244	False
6	8	compositional_ridge	zero_effect	zero_effect_diagnostic	D	0.09120334027783689	0.06025490819745064	-0.030948432080386244	False
6	8	CPA_0.8.8	zero_effect	zero_effect_diagnostic	S	0.042846757016581166	0.042846757016581166	0.0	False
6	8	CPA_0.8.8	zero_effect	zero_effect_diagnostic	M	0.042846757016581166	0.04284675701658115	-1.3877787807814457e-17	False
6	8	CPA_0.8.8	zero_effect	zero_effect_diagnostic	P	0.042846757016581166	0.007994729585423146	-0.03485202743115802	False
6	8	CPA_0.8.8	zero_effect	zero_effect_diagnostic	O	0.042846757016581166	0.01580192028696667	-0.027044836729614496	False
6	8	CPA_0.8.8	zero_effect	zero_effect_diagnostic	D	0.042846757016581166	0.011898324936194943	-0.030948432080386223	False
6	16	additive	compositional_ridge	primary_state_pair	S	-0.0007912360649253228	-0.0007912360649253228	0.0	False
6	16	additive	compositional_ridge	primary_state_pair	M	-0.0007912360649253228	-0.0007912360649253228	0.0	False
6	16	additive	compositional_ridge	primary_state_pair	P	-0.0007912360649253228	-0.0007912360649253228	0.0	False
6	16	additive	compositional_ridge	primary_state_pair	O	-0.0007912360649253228	-0.0007912360649253228	0.0	False
6	16	additive	compositional_ridge	primary_state_pair	D	-0.0007912360649253228	-0.0007912360649253228	0.0	False
6	16	additive	CPA_0.8.8	primary_state_pair	S	0.049162218890213674	0.049162218890213674	0.0	False
6	16	additive	CPA_0.8.8	primary_state_pair	M	0.049162218890213674	0.049162218890213674	0.0	False
6	16	additive	CPA_0.8.8	primary_state_pair	P	0.049162218890213674	0.05172101412269319	0.0025587952324795174	False
6	16	additive	CPA_0.8.8	primary_state_pair	O	0.049162218890213674	0.0466034236577341	-0.002558795232479573	False
6	16	additive	CPA_0.8.8	primary_state_pair	D	0.049162218890213674	0.04916221889021368	6.938893903907228e-18	False
6	16	additive	zero_effect	zero_effect_diagnostic	S	0.08536123710849024	0.08536123710849024	0.0	False
6	16	additive	zero_effect	zero_effect_diagnostic	M	0.08536123710849024	0.08536123710849021	-2.7755575615628914e-17	False
6	16	additive	zero_effect	zero_effect_diagnostic	P	0.08536123710849024	0.0689971276443119	-0.016364109464178336	False
6	16	additive	zero_effect	zero_effect_diagnostic	O	0.08536123710849024	0.0689971276443119	-0.016364109464178336	False
6	16	additive	zero_effect	zero_effect_diagnostic	D	0.08536123710849024	0.0689971276443119	-0.016364109464178336	False
6	16	compositional_ridge	CPA_0.8.8	primary_state_pair	S	0.049953454955139	0.049953454955139	0.0	False
6	16	compositional_ridge	CPA_0.8.8	primary_state_pair	M	0.049953454955139	0.049953454955139	0.0	False
6	16	compositional_ridge	CPA_0.8.8	primary_state_pair	P	0.049953454955139	0.052512250187618514	0.0025587952324795174	False
6	16	compositional_ridge	CPA_0.8.8	primary_state_pair	O	0.049953454955139	0.047394659722659424	-0.002558795232479573	False
6	16	compositional_ridge	CPA_0.8.8	primary_state_pair	D	0.049953454955139	0.049953454955139004	6.938893903907228e-18	False
6	16	compositional_ridge	zero_effect	zero_effect_diagnostic	S	0.08615247317341557	0.08615247317341557	0.0	False
6	16	compositional_ridge	zero_effect	zero_effect_diagnostic	M	0.08615247317341557	0.08615247317341554	-2.7755575615628914e-17	False
6	16	compositional_ridge	zero_effect	zero_effect_diagnostic	P	0.08615247317341557	0.06978836370923722	-0.01636410946417835	False
6	16	compositional_ridge	zero_effect	zero_effect_diagnostic	O	0.08615247317341557	0.06978836370923722	-0.01636410946417835	False
6	16	compositional_ridge	zero_effect	zero_effect_diagnostic	D	0.08615247317341557	0.06978836370923722	-0.01636410946417835	False
6	16	CPA_0.8.8	zero_effect	zero_effect_diagnostic	S	0.03619901821827656	0.03619901821827656	0.0	False
6	16	CPA_0.8.8	zero_effect	zero_effect_diagnostic	M	0.03619901821827656	0.036199018218276535	-2.7755575615628914e-17	False
6	16	CPA_0.8.8	zero_effect	zero_effect_diagnostic	P	0.03619901821827656	0.017276113521618702	-0.01892290469665786	False
6	16	CPA_0.8.8	zero_effect	zero_effect_diagnostic	O	0.03619901821827656	0.022393703986577793	-0.01380531423169877	False
6	16	CPA_0.8.8	zero_effect	zero_effect_diagnostic	D	0.03619901821827656	0.019834908754098213	-0.01636410946417835	False
6	32	additive	compositional_ridge	primary_state_pair	S	-0.0007912360649253228	-0.0007912360649253228	0.0	False
6	32	additive	compositional_ridge	primary_state_pair	M	-0.0007912360649253228	-0.0007912360649253228	0.0	False
6	32	additive	compositional_ridge	primary_state_pair	P	-0.0007912360649253228	-0.0007912360649253367	-1.3877787807814457e-17	False
6	32	additive	compositional_ridge	primary_state_pair	O	-0.0007912360649253228	-0.0007912360649253367	-1.3877787807814457e-17	False
6	32	additive	compositional_ridge	primary_state_pair	D	-0.0007912360649253228	-0.0007912360649253367	-1.3877787807814457e-17	False
6	32	additive	CPA_0.8.8	primary_state_pair	S	0.04574764875023207	0.04574764875023207	0.0	False
6	32	additive	CPA_0.8.8	primary_state_pair	M	0.04574764875023207	0.04574764875023207	0.0	False
6	32	additive	CPA_0.8.8	primary_state_pair	P	0.04574764875023207	0.04649016690588505	0.0007425181556529742	False
6	32	additive	CPA_0.8.8	primary_state_pair	O	0.04574764875023207	0.045005130594579085	-0.0007425181556529881	False
6	32	additive	CPA_0.8.8	primary_state_pair	D	0.04574764875023207	0.04574764875023206	-1.3877787807814457e-17	False
6	32	additive	zero_effect	zero_effect_diagnostic	S	0.07817371952371172	0.07817371952371172	0.0	False
6	32	additive	zero_effect	zero_effect_diagnostic	M	0.07817371952371172	0.07817371952371173	1.3877787807814457e-17	False
6	32	additive	zero_effect	zero_effect_diagnostic	P	0.07817371952371172	0.07011180327150841	-0.008061916252203302	False
6	32	additive	zero_effect	zero_effect_diagnostic	O	0.07817371952371172	0.07011180327150841	-0.008061916252203302	False
6	32	additive	zero_effect	zero_effect_diagnostic	D	0.07817371952371172	0.07011180327150841	-0.008061916252203302	False
6	32	compositional_ridge	CPA_0.8.8	primary_state_pair	S	0.046538884815157396	0.046538884815157396	0.0	False
6	32	compositional_ridge	CPA_0.8.8	primary_state_pair	M	0.046538884815157396	0.046538884815157396	0.0	False
6	32	compositional_ridge	CPA_0.8.8	primary_state_pair	P	0.046538884815157396	0.047281402970810384	0.0007425181556529881	False
6	32	compositional_ridge	CPA_0.8.8	primary_state_pair	O	0.046538884815157396	0.04579636665950442	-0.0007425181556529742	False
6	32	compositional_ridge	CPA_0.8.8	primary_state_pair	D	0.046538884815157396	0.046538884815157396	0.0	False
6	32	compositional_ridge	zero_effect	zero_effect_diagnostic	S	0.07896495558863703	0.07896495558863703	0.0	False
6	32	compositional_ridge	zero_effect	zero_effect_diagnostic	M	0.07896495558863703	0.07896495558863706	2.7755575615628914e-17	False
6	32	compositional_ridge	zero_effect	zero_effect_diagnostic	P	0.07896495558863703	0.07090303933643374	-0.008061916252203288	False
6	32	compositional_ridge	zero_effect	zero_effect_diagnostic	O	0.07896495558863703	0.07090303933643374	-0.008061916252203288	False
6	32	compositional_ridge	zero_effect	zero_effect_diagnostic	D	0.07896495558863703	0.07090303933643374	-0.008061916252203288	False
6	32	CPA_0.8.8	zero_effect	zero_effect_diagnostic	S	0.03242607077347964	0.03242607077347964	0.0	False
6	32	CPA_0.8.8	zero_effect	zero_effect_diagnostic	M	0.03242607077347964	0.03242607077347966	1.3877787807814457e-17	False
6	32	CPA_0.8.8	zero_effect	zero_effect_diagnostic	P	0.03242607077347964	0.023621636365623366	-0.008804434407856276	False
6	32	CPA_0.8.8	zero_effect	zero_effect_diagnostic	O	0.03242607077347964	0.02510667267692933	-0.007319398096550314	False
6	32	CPA_0.8.8	zero_effect	zero_effect_diagnostic	D	0.03242607077347964	0.024364154521276354	-0.008061916252203288	False
6	64	additive	compositional_ridge	primary_state_pair	S	-0.0007912360649253228	-0.0007912360649253228	0.0	False
6	64	additive	compositional_ridge	primary_state_pair	M	-0.0007912360649253228	-0.0007912360649253228	0.0	False
6	64	additive	compositional_ridge	primary_state_pair	P	-0.0007912360649253228	-0.0007912360649253089	1.3877787807814457e-17	False
6	64	additive	compositional_ridge	primary_state_pair	O	-0.0007912360649253228	-0.0007912360649253089	1.3877787807814457e-17	False
6	64	additive	compositional_ridge	primary_state_pair	D	-0.0007912360649253228	-0.0007912360649253089	1.3877787807814457e-17	False
6	64	additive	CPA_0.8.8	primary_state_pair	S	0.04676636831583093	0.04676636831583093	0.0	False
6	64	additive	CPA_0.8.8	primary_state_pair	M	0.04676636831583093	0.04676636831583093	0.0	False
6	64	additive	CPA_0.8.8	primary_state_pair	P	0.04676636831583093	0.0471572537401547	0.00039088542432376416	False
6	64	additive	CPA_0.8.8	primary_state_pair	O	0.04676636831583093	0.046375482891507155	-0.00039088542432377804	False
6	64	additive	CPA_0.8.8	primary_state_pair	D	0.04676636831583093	0.04676636831583093	0.0	False
6	64	additive	zero_effect	zero_effect_diagnostic	S	0.07689475074033672	0.07689475074033672	0.0	False
6	64	additive	zero_effect	zero_effect_diagnostic	M	0.07689475074033672	0.07689475074033672	0.0	False
6	64	additive	zero_effect	zero_effect_diagnostic	P	0.07689475074033672	0.07293243450118078	-0.0039623162391559386	False
6	64	additive	zero_effect	zero_effect_diagnostic	O	0.07689475074033672	0.07293243450118078	-0.0039623162391559386	False
6	64	additive	zero_effect	zero_effect_diagnostic	D	0.07689475074033672	0.07293243450118078	-0.0039623162391559386	False
6	64	compositional_ridge	CPA_0.8.8	primary_state_pair	S	0.047557604380756256	0.047557604380756256	0.0	False
6	64	compositional_ridge	CPA_0.8.8	primary_state_pair	M	0.047557604380756256	0.047557604380756256	0.0	False
6	64	compositional_ridge	CPA_0.8.8	primary_state_pair	P	0.047557604380756256	0.047948489805080007	0.0003908854243237503	False
6	64	compositional_ridge	CPA_0.8.8	primary_state_pair	O	0.047557604380756256	0.047166718956432464	-0.0003908854243237919	False
6	64	compositional_ridge	CPA_0.8.8	primary_state_pair	D	0.047557604380756256	0.04755760438075624	-1.3877787807814457e-17	False
6	64	compositional_ridge	zero_effect	zero_effect_diagnostic	S	0.07768598680526204	0.07768598680526204	0.0	False
6	64	compositional_ridge	zero_effect	zero_effect_diagnostic	M	0.07768598680526204	0.07768598680526204	0.0	False
6	64	compositional_ridge	zero_effect	zero_effect_diagnostic	P	0.07768598680526204	0.0737236705661061	-0.0039623162391559386	False
6	64	compositional_ridge	zero_effect	zero_effect_diagnostic	O	0.07768598680526204	0.0737236705661061	-0.0039623162391559386	False
6	64	compositional_ridge	zero_effect	zero_effect_diagnostic	D	0.07768598680526204	0.0737236705661061	-0.0039623162391559386	False
6	64	CPA_0.8.8	zero_effect	zero_effect_diagnostic	S	0.030128382424505787	0.030128382424505787	0.0	False
6	64	CPA_0.8.8	zero_effect	zero_effect_diagnostic	M	0.030128382424505787	0.030128382424505787	0.0	False
6	64	CPA_0.8.8	zero_effect	zero_effect_diagnostic	P	0.030128382424505787	0.025775180761026084	-0.004353201663479703	False
6	64	CPA_0.8.8	zero_effect	zero_effect_diagnostic	O	0.030128382424505787	0.026556951609673626	-0.0035714308148321605	False
6	64	CPA_0.8.8	zero_effect	zero_effect_diagnostic	D	0.030128382424505787	0.02616606618534985	-0.0039623162391559386	False
6	128	additive	compositional_ridge	primary_state_pair	S	-0.0007912360649253228	-0.0007912360649253228	0.0	False
6	128	additive	compositional_ridge	primary_state_pair	M	-0.0007912360649253228	-0.0007912360649253228	0.0	False
6	128	additive	compositional_ridge	primary_state_pair	P	-0.0007912360649253228	-0.0007912360649253054	1.734723475976807e-17	False
6	128	additive	compositional_ridge	primary_state_pair	O	-0.0007912360649253228	-0.0007912360649253054	1.734723475976807e-17	False
6	128	additive	compositional_ridge	primary_state_pair	D	-0.0007912360649253228	-0.0007912360649253054	1.734723475976807e-17	False
6	128	additive	CPA_0.8.8	primary_state_pair	S	0.047432151588310684	0.047432151588310684	0.0	False
6	128	additive	CPA_0.8.8	primary_state_pair	M	0.047432151588310684	0.047432151588310684	0.0	False
6	128	additive	CPA_0.8.8	primary_state_pair	P	0.047432151588310684	0.04757885530159445	0.00014670371328376342	False
6	128	additive	CPA_0.8.8	primary_state_pair	O	0.047432151588310684	0.04728544787502689	-0.00014670371328379117	False
6	128	additive	CPA_0.8.8	primary_state_pair	D	0.047432151588310684	0.04743215158831067	-1.3877787807814457e-17	False
6	128	additive	zero_effect	zero_effect_diagnostic	S	0.07685378256671335	0.07685378256671335	0.0	False
6	128	additive	zero_effect	zero_effect_diagnostic	M	0.07685378256671335	0.07685378256671335	0.0	False
6	128	additive	zero_effect	zero_effect_diagnostic	P	0.07685378256671335	0.07498039314844139	-0.0018733894182719618	False
6	128	additive	zero_effect	zero_effect_diagnostic	O	0.07685378256671335	0.07498039314844139	-0.0018733894182719618	False
6	128	additive	zero_effect	zero_effect_diagnostic	D	0.07685378256671335	0.07498039314844139	-0.0018733894182719618	False
6	128	compositional_ridge	CPA_0.8.8	primary_state_pair	S	0.048223387653236006	0.048223387653236006	0.0	False
6	128	compositional_ridge	CPA_0.8.8	primary_state_pair	M	0.048223387653236006	0.048223387653236006	0.0	False
6	128	compositional_ridge	CPA_0.8.8	primary_state_pair	P	0.048223387653236006	0.04837009136651975	0.0001467037132837426	False
6	128	compositional_ridge	CPA_0.8.8	primary_state_pair	O	0.048223387653236006	0.048076683939952194	-0.000146703713283812	False
6	128	compositional_ridge	CPA_0.8.8	primary_state_pair	D	0.048223387653236006	0.04822338765323597	-3.469446951953614e-17	False
6	128	compositional_ridge	zero_effect	zero_effect_diagnostic	S	0.07764501863163867	0.07764501863163867	0.0	False
6	128	compositional_ridge	zero_effect	zero_effect_diagnostic	M	0.07764501863163867	0.07764501863163867	0.0	False
6	128	compositional_ridge	zero_effect	zero_effect_diagnostic	P	0.07764501863163867	0.07577162921336669	-0.0018733894182719757	False
6	128	compositional_ridge	zero_effect	zero_effect_diagnostic	O	0.07764501863163867	0.07577162921336669	-0.0018733894182719757	False
6	128	compositional_ridge	zero_effect	zero_effect_diagnostic	D	0.07764501863163867	0.07577162921336669	-0.0018733894182719757	False
6	128	CPA_0.8.8	zero_effect	zero_effect_diagnostic	S	0.02942163097840267	0.02942163097840267	0.0	False
6	128	CPA_0.8.8	zero_effect	zero_effect_diagnostic	M	0.02942163097840267	0.02942163097840267	0.0	False
6	128	CPA_0.8.8	zero_effect	zero_effect_diagnostic	P	0.02942163097840267	0.027401537846846943	-0.0020200931315557252	False
6	128	CPA_0.8.8	zero_effect	zero_effect_diagnostic	O	0.02942163097840267	0.027694945273414498	-0.0017266857049881706	False
6	128	CPA_0.8.8	zero_effect	zero_effect_diagnostic	D	0.02942163097840267	0.02754824156013072	-0.001873389418271948	False
6	135	additive	compositional_ridge	primary_state_pair	S	-0.0007912360649253228	-0.0007912360649253228	0.0	False
6	135	additive	compositional_ridge	primary_state_pair	M	-0.0007912360649253228	-0.0007912360649253228	0.0	False
6	135	additive	compositional_ridge	primary_state_pair	P	-0.0007912360649253228	-0.0007912360649253193	3.469446951953614e-18	False
6	135	additive	compositional_ridge	primary_state_pair	O	-0.0007912360649253228	-0.0007912360649253193	3.469446951953614e-18	False
6	135	additive	compositional_ridge	primary_state_pair	D	-0.0007912360649253228	-0.0007912360649253193	3.469446951953614e-18	False
6	135	additive	CPA_0.8.8	primary_state_pair	S	0.04744662932532512	0.04744662932532512	0.0	False
6	135	additive	CPA_0.8.8	primary_state_pair	M	0.04744662932532512	0.04744662932532512	0.0	False
6	135	additive	CPA_0.8.8	primary_state_pair	P	0.04744662932532512	0.047592464514581476	0.00014583518925635752	False
6	135	additive	CPA_0.8.8	primary_state_pair	O	0.04744662932532512	0.047300794136068816	-0.000145835189256302	False
6	135	additive	CPA_0.8.8	primary_state_pair	D	0.04744662932532512	0.047446629325325146	2.7755575615628914e-17	False
6	135	additive	zero_effect	zero_effect_diagnostic	S	0.0767242293491681	0.0767242293491681	0.0	False
6	135	additive	zero_effect	zero_effect_diagnostic	M	0.0767242293491681	0.0767242293491681	0.0	False
6	135	additive	zero_effect	zero_effect_diagnostic	P	0.0767242293491681	0.07495749256364012	-0.0017667367855279809	False
6	135	additive	zero_effect	zero_effect_diagnostic	O	0.0767242293491681	0.07495749256364012	-0.0017667367855279809	False
6	135	additive	zero_effect	zero_effect_diagnostic	D	0.0767242293491681	0.07495749256364012	-0.0017667367855279809	False
6	135	compositional_ridge	CPA_0.8.8	primary_state_pair	S	0.04823786539025044	0.04823786539025044	0.0	False
6	135	compositional_ridge	CPA_0.8.8	primary_state_pair	M	0.04823786539025044	0.04823786539025044	0.0	False
6	135	compositional_ridge	CPA_0.8.8	primary_state_pair	P	0.04823786539025044	0.0483837005795068	0.00014583518925635752	False
6	135	compositional_ridge	CPA_0.8.8	primary_state_pair	O	0.04823786539025044	0.04809203020099414	-0.000145835189256302	False
6	135	compositional_ridge	CPA_0.8.8	primary_state_pair	D	0.04823786539025044	0.04823786539025047	2.7755575615628914e-17	False
6	135	compositional_ridge	zero_effect	zero_effect_diagnostic	S	0.07751546541409343	0.07751546541409343	0.0	False
6	135	compositional_ridge	zero_effect	zero_effect_diagnostic	M	0.07751546541409343	0.07751546541409343	0.0	False
6	135	compositional_ridge	zero_effect	zero_effect_diagnostic	P	0.07751546541409343	0.07574872862856544	-0.0017667367855279947	False
6	135	compositional_ridge	zero_effect	zero_effect_diagnostic	O	0.07751546541409343	0.07574872862856544	-0.0017667367855279947	False
6	135	compositional_ridge	zero_effect	zero_effect_diagnostic	D	0.07751546541409343	0.07574872862856544	-0.0017667367855279947	False
6	135	CPA_0.8.8	zero_effect	zero_effect_diagnostic	S	0.029277600023842984	0.029277600023842984	0.0	False
6	135	CPA_0.8.8	zero_effect	zero_effect_diagnostic	M	0.029277600023842984	0.029277600023842984	0.0	False
6	135	CPA_0.8.8	zero_effect	zero_effect_diagnostic	P	0.029277600023842984	0.027365028049058646	-0.0019125719747843384	False
6	135	CPA_0.8.8	zero_effect	zero_effect_diagnostic	O	0.029277600023842984	0.027656698427571305	-0.0016209015962716788	False
6	135	CPA_0.8.8	zero_effect	zero_effect_diagnostic	D	0.029277600023842984	0.027510863238314975	-0.0017667367855280086	False
7	8	additive	compositional_ridge	primary_state_pair	S	-0.0007912360649253228	-0.0007912360649253228	0.0	False
7	8	additive	compositional_ridge	primary_state_pair	M	-0.0007912360649253228	-0.0007912360649253228	0.0	False
7	8	additive	compositional_ridge	primary_state_pair	P	-0.0007912360649253228	-0.000791236064925295	2.7755575615628914e-17	False
7	8	additive	compositional_ridge	primary_state_pair	O	-0.0007912360649253228	-0.000791236064925295	2.7755575615628914e-17	False
7	8	additive	compositional_ridge	primary_state_pair	D	-0.0007912360649253228	-0.000791236064925295	2.7755575615628914e-17	False
7	8	additive	CPA_0.8.8	primary_state_pair	S	0.04802696105360958	0.04802696105360958	0.0	False
7	8	additive	CPA_0.8.8	primary_state_pair	M	0.04802696105360958	0.04802696105360958	0.0	False
7	8	additive	CPA_0.8.8	primary_state_pair	P	0.04802696105360958	0.05028053987331887	0.0022535788197092857	False
7	8	additive	CPA_0.8.8	primary_state_pair	O	0.04802696105360958	0.04577338223390031	-0.002253578819709272	False
7	8	additive	CPA_0.8.8	primary_state_pair	D	0.04802696105360958	0.04802696105360959	6.938893903907228e-18	False
7	8	additive	zero_effect	zero_effect_diagnostic	S	0.09146796626316629	0.09146796626316629	0.0	False
7	8	additive	zero_effect	zero_effect_diagnostic	M	0.09146796626316629	0.0914679662631663	1.3877787807814457e-17	False
7	8	additive	zero_effect	zero_effect_diagnostic	P	0.09146796626316629	0.06037832583946479	-0.0310896404237015	False
7	8	additive	zero_effect	zero_effect_diagnostic	O	0.09146796626316629	0.06037832583946479	-0.0310896404237015	False
7	8	additive	zero_effect	zero_effect_diagnostic	D	0.09146796626316629	0.06037832583946479	-0.0310896404237015	False
7	8	compositional_ridge	CPA_0.8.8	primary_state_pair	S	0.048818197118534905	0.048818197118534905	0.0	False
7	8	compositional_ridge	CPA_0.8.8	primary_state_pair	M	0.048818197118534905	0.048818197118534905	0.0	False
7	8	compositional_ridge	CPA_0.8.8	primary_state_pair	P	0.048818197118534905	0.05107177593824416	0.002253578819709258	False
7	8	compositional_ridge	CPA_0.8.8	primary_state_pair	O	0.048818197118534905	0.046564618298825605	-0.0022535788197092996	False
7	8	compositional_ridge	CPA_0.8.8	primary_state_pair	D	0.048818197118534905	0.048818197118534884	-2.0816681711721685e-17	False
7	8	compositional_ridge	zero_effect	zero_effect_diagnostic	S	0.09225920232809162	0.09225920232809162	0.0	False
7	8	compositional_ridge	zero_effect	zero_effect_diagnostic	M	0.09225920232809162	0.09225920232809162	0.0	False
7	8	compositional_ridge	zero_effect	zero_effect_diagnostic	P	0.09225920232809162	0.06116956190439009	-0.031089640423701534	False
7	8	compositional_ridge	zero_effect	zero_effect_diagnostic	O	0.09225920232809162	0.06116956190439009	-0.031089640423701534	False
7	8	compositional_ridge	zero_effect	zero_effect_diagnostic	D	0.09225920232809162	0.06116956190439009	-0.031089640423701534	False
7	8	CPA_0.8.8	zero_effect	zero_effect_diagnostic	S	0.04344100520955671	0.04344100520955671	0.0	False
7	8	CPA_0.8.8	zero_effect	zero_effect_diagnostic	M	0.04344100520955671	0.043441005209556724	1.3877787807814457e-17	False
7	8	CPA_0.8.8	zero_effect	zero_effect_diagnostic	P	0.04344100520955671	0.010097785966145925	-0.033343219243410785	False
7	8	CPA_0.8.8	zero_effect	zero_effect_diagnostic	O	0.04344100520955671	0.014604943605564483	-0.028836061603992227	False
7	8	CPA_0.8.8	zero_effect	zero_effect_diagnostic	D	0.04344100520955671	0.012351364785855204	-0.031089640423701506	False
7	16	additive	compositional_ridge	primary_state_pair	S	-0.0007912360649253228	-0.0007912360649253228	0.0	False
7	16	additive	compositional_ridge	primary_state_pair	M	-0.0007912360649253228	-0.0007912360649253228	0.0	False
7	16	additive	compositional_ridge	primary_state_pair	P	-0.0007912360649253228	-0.0007912360649253228	0.0	False
7	16	additive	compositional_ridge	primary_state_pair	O	-0.0007912360649253228	-0.0007912360649253228	0.0	False
7	16	additive	compositional_ridge	primary_state_pair	D	-0.0007912360649253228	-0.0007912360649253228	0.0	False
7	16	additive	CPA_0.8.8	primary_state_pair	S	0.050647364240999554	0.050647364240999554	0.0	False
7	16	additive	CPA_0.8.8	primary_state_pair	M	0.050647364240999554	0.050647364240999554	0.0	False
7	16	additive	CPA_0.8.8	primary_state_pair	P	0.050647364240999554	0.052003847915011295	0.0013564836740117409	False
7	16	additive	CPA_0.8.8	primary_state_pair	O	0.050647364240999554	0.04929088056698783	-0.001356483674011727	False
7	16	additive	CPA_0.8.8	primary_state_pair	D	0.050647364240999554	0.05064736424099954	-1.3877787807814457e-17	False
7	16	additive	zero_effect	zero_effect_diagnostic	S	0.08632527968317635	0.08632527968317635	0.0	False
7	16	additive	zero_effect	zero_effect_diagnostic	M	0.08632527968317635	0.0863252796831764	4.163336342344337e-17	False
7	16	additive	zero_effect	zero_effect_diagnostic	P	0.08632527968317635	0.07140054243539806	-0.014924737247778291	False
7	16	additive	zero_effect	zero_effect_diagnostic	O	0.08632527968317635	0.07140054243539806	-0.014924737247778291	False
7	16	additive	zero_effect	zero_effect_diagnostic	D	0.08632527968317635	0.07140054243539806	-0.014924737247778291	False
7	16	compositional_ridge	CPA_0.8.8	primary_state_pair	S	0.05143860030592488	0.05143860030592488	0.0	False
7	16	compositional_ridge	CPA_0.8.8	primary_state_pair	M	0.05143860030592488	0.05143860030592488	0.0	False
7	16	compositional_ridge	CPA_0.8.8	primary_state_pair	P	0.05143860030592488	0.05279508397993662	0.0013564836740117409	False
7	16	compositional_ridge	CPA_0.8.8	primary_state_pair	O	0.05143860030592488	0.05008211663191315	-0.001356483674011727	False
7	16	compositional_ridge	CPA_0.8.8	primary_state_pair	D	0.05143860030592488	0.05143860030592486	-1.3877787807814457e-17	False
7	16	compositional_ridge	zero_effect	zero_effect_diagnostic	S	0.08711651574810167	0.08711651574810167	0.0	False
7	16	compositional_ridge	zero_effect	zero_effect_diagnostic	M	0.08711651574810167	0.08711651574810172	5.551115123125783e-17	False
7	16	compositional_ridge	zero_effect	zero_effect_diagnostic	P	0.08711651574810167	0.07219177850032338	-0.014924737247778291	False
7	16	compositional_ridge	zero_effect	zero_effect_diagnostic	O	0.08711651574810167	0.07219177850032338	-0.014924737247778291	False
7	16	compositional_ridge	zero_effect	zero_effect_diagnostic	D	0.08711651574810167	0.07219177850032338	-0.014924737247778291	False
7	16	CPA_0.8.8	zero_effect	zero_effect_diagnostic	S	0.0356779154421768	0.0356779154421768	0.0	False
7	16	CPA_0.8.8	zero_effect	zero_effect_diagnostic	M	0.0356779154421768	0.03567791544217684	4.163336342344337e-17	False
7	16	CPA_0.8.8	zero_effect	zero_effect_diagnostic	P	0.0356779154421768	0.019396694520386767	-0.016281220921790032	False
7	16	CPA_0.8.8	zero_effect	zero_effect_diagnostic	O	0.0356779154421768	0.022109661868410235	-0.013568253573766564	False
7	16	CPA_0.8.8	zero_effect	zero_effect_diagnostic	D	0.0356779154421768	0.020753178194398522	-0.014924737247778277	False
7	32	additive	compositional_ridge	primary_state_pair	S	-0.0007912360649253228	-0.0007912360649253228	0.0	False
7	32	additive	compositional_ridge	primary_state_pair	M	-0.0007912360649253228	-0.0007912360649253228	0.0	False
7	32	additive	compositional_ridge	primary_state_pair	P	-0.0007912360649253228	-0.0007912360649253436	-2.0816681711721685e-17	False
7	32	additive	compositional_ridge	primary_state_pair	O	-0.0007912360649253228	-0.0007912360649253436	-2.0816681711721685e-17	False
7	32	additive	compositional_ridge	primary_state_pair	D	-0.0007912360649253228	-0.0007912360649253436	-2.0816681711721685e-17	False
7	32	additive	CPA_0.8.8	primary_state_pair	S	0.049260077416442574	0.049260077416442574	0.0	False
7	32	additive	CPA_0.8.8	primary_state_pair	M	0.049260077416442574	0.049260077416442574	0.0	False
7	32	additive	CPA_0.8.8	primary_state_pair	P	0.049260077416442574	0.05013631293209615	0.0008762355156535784	False
7	32	additive	CPA_0.8.8	primary_state_pair	O	0.049260077416442574	0.04838384190078894	-0.0008762355156536339	False
7	32	additive	CPA_0.8.8	primary_state_pair	D	0.049260077416442574	0.04926007741644256	-1.3877787807814457e-17	False
7	32	additive	zero_effect	zero_effect_diagnostic	S	0.08078000967900642	0.08078000967900642	0.0	False
7	32	additive	zero_effect	zero_effect_diagnostic	M	0.08078000967900642	0.08078000967900642	0.0	False
7	32	additive	zero_effect	zero_effect_diagnostic	P	0.08078000967900642	0.07315246942680961	-0.007627540252196807	False
7	32	additive	zero_effect	zero_effect_diagnostic	O	0.08078000967900642	0.07315246942680961	-0.007627540252196807	False
7	32	additive	zero_effect	zero_effect_diagnostic	D	0.08078000967900642	0.07315246942680961	-0.007627540252196807	False
7	32	compositional_ridge	CPA_0.8.8	primary_state_pair	S	0.0500513134813679	0.0500513134813679	0.0	False
7	32	compositional_ridge	CPA_0.8.8	primary_state_pair	M	0.0500513134813679	0.0500513134813679	0.0	False
7	32	compositional_ridge	CPA_0.8.8	primary_state_pair	P	0.0500513134813679	0.050927548997021496	0.0008762355156535992	False
7	32	compositional_ridge	CPA_0.8.8	primary_state_pair	O	0.0500513134813679	0.049175077965714284	-0.0008762355156536131	False
7	32	compositional_ridge	CPA_0.8.8	primary_state_pair	D	0.0500513134813679	0.050051313481367904	6.938893903907228e-18	False
7	32	compositional_ridge	zero_effect	zero_effect_diagnostic	S	0.08157124574393174	0.08157124574393174	0.0	False
7	32	compositional_ridge	zero_effect	zero_effect_diagnostic	M	0.08157124574393174	0.08157124574393174	0.0	False
7	32	compositional_ridge	zero_effect	zero_effect_diagnostic	P	0.08157124574393174	0.07394370549173496	-0.0076275402521967794	False
7	32	compositional_ridge	zero_effect	zero_effect_diagnostic	O	0.08157124574393174	0.07394370549173496	-0.0076275402521967794	False
7	32	compositional_ridge	zero_effect	zero_effect_diagnostic	D	0.08157124574393174	0.07394370549173496	-0.0076275402521967794	False
7	32	CPA_0.8.8	zero_effect	zero_effect_diagnostic	S	0.031519932262563846	0.031519932262563846	0.0	False
7	32	CPA_0.8.8	zero_effect	zero_effect_diagnostic	M	0.031519932262563846	0.031519932262563846	0.0	False
7	32	CPA_0.8.8	zero_effect	zero_effect_diagnostic	P	0.031519932262563846	0.02301615649471346	-0.008503775767850386	False
7	32	CPA_0.8.8	zero_effect	zero_effect_diagnostic	O	0.031519932262563846	0.024768627526020673	-0.006751304736543173	False
7	32	CPA_0.8.8	zero_effect	zero_effect_diagnostic	D	0.031519932262563846	0.023892392010367053	-0.007627540252196793	False
7	64	additive	compositional_ridge	primary_state_pair	S	-0.0007912360649253228	-0.0007912360649253228	0.0	False
7	64	additive	compositional_ridge	primary_state_pair	M	-0.0007912360649253228	-0.0007912360649253228	0.0	False
7	64	additive	compositional_ridge	primary_state_pair	P	-0.0007912360649253228	-0.0007912360649253124	1.0408340855860843e-17	False
7	64	additive	compositional_ridge	primary_state_pair	O	-0.0007912360649253228	-0.0007912360649253124	1.0408340855860843e-17	False
7	64	additive	compositional_ridge	primary_state_pair	D	-0.0007912360649253228	-0.0007912360649253124	1.0408340855860843e-17	False
7	64	additive	CPA_0.8.8	primary_state_pair	S	0.048008274513731214	0.048008274513731214	0.0	False
7	64	additive	CPA_0.8.8	primary_state_pair	M	0.048008274513731214	0.048008274513731214	0.0	False
7	64	additive	CPA_0.8.8	primary_state_pair	P	0.048008274513731214	0.04834230922851886	0.0003340347147876427	False
7	64	additive	CPA_0.8.8	primary_state_pair	O	0.048008274513731214	0.04767423979894357	-0.0003340347147876427	False
7	64	additive	CPA_0.8.8	primary_state_pair	D	0.048008274513731214	0.04800827451373123	1.3877787807814457e-17	False
7	64	additive	zero_effect	zero_effect_diagnostic	S	0.07809500776462562	0.07809500776462562	0.0	False
7	64	additive	zero_effect	zero_effect_diagnostic	M	0.07809500776462562	0.07809500776462562	0.0	False
7	64	additive	zero_effect	zero_effect_diagnostic	P	0.07809500776462562	0.07430643511871753	-0.003788572645908095	False
7	64	additive	zero_effect	zero_effect_diagnostic	O	0.07809500776462562	0.07430643511871753	-0.003788572645908095	False
7	64	additive	zero_effect	zero_effect_diagnostic	D	0.07809500776462562	0.07430643511871753	-0.003788572645908095	False
7	64	compositional_ridge	CPA_0.8.8	primary_state_pair	S	0.04879951057865654	0.04879951057865654	0.0	False
7	64	compositional_ridge	CPA_0.8.8	primary_state_pair	M	0.04879951057865654	0.04879951057865654	0.0	False
7	64	compositional_ridge	CPA_0.8.8	primary_state_pair	P	0.04879951057865654	0.04913354529344417	0.00033403471478763574	False
7	64	compositional_ridge	CPA_0.8.8	primary_state_pair	O	0.04879951057865654	0.04846547586386889	-0.0003340347147876496	False
7	64	compositional_ridge	CPA_0.8.8	primary_state_pair	D	0.04879951057865654	0.048799510578656544	6.938893903907228e-18	False
7	64	compositional_ridge	zero_effect	zero_effect_diagnostic	S	0.07888624382955095	0.07888624382955095	0.0	False
7	64	compositional_ridge	zero_effect	zero_effect_diagnostic	M	0.07888624382955095	0.07888624382955095	0.0	False
7	64	compositional_ridge	zero_effect	zero_effect_diagnostic	P	0.07888624382955095	0.07509767118364284	-0.0037885726459081087	False
7	64	compositional_ridge	zero_effect	zero_effect_diagnostic	O	0.07888624382955095	0.07509767118364284	-0.0037885726459081087	False
7	64	compositional_ridge	zero_effect	zero_effect_diagnostic	D	0.07888624382955095	0.07509767118364284	-0.0037885726459081087	False
7	64	CPA_0.8.8	zero_effect	zero_effect_diagnostic	S	0.030086733250894407	0.030086733250894407	0.0	False
7	64	CPA_0.8.8	zero_effect	zero_effect_diagnostic	M	0.030086733250894407	0.030086733250894407	0.0	False
7	64	CPA_0.8.8	zero_effect	zero_effect_diagnostic	P	0.030086733250894407	0.02596412589019867	-0.0041226073606957375	False
7	64	CPA_0.8.8	zero_effect	zero_effect_diagnostic	O	0.030086733250894407	0.026632195319773955	-0.003454537931120452	False
7	64	CPA_0.8.8	zero_effect	zero_effect_diagnostic	D	0.030086733250894407	0.026298160604986298	-0.0037885726459081087	False
7	128	additive	compositional_ridge	primary_state_pair	S	-0.0007912360649253228	-0.0007912360649253228	0.0	False
7	128	additive	compositional_ridge	primary_state_pair	M	-0.0007912360649253228	-0.0007912360649253228	0.0	False
7	128	additive	compositional_ridge	primary_state_pair	P	-0.0007912360649253228	-0.0007912360649253054	1.734723475976807e-17	False
7	128	additive	compositional_ridge	primary_state_pair	O	-0.0007912360649253228	-0.0007912360649253054	1.734723475976807e-17	False
7	128	additive	compositional_ridge	primary_state_pair	D	-0.0007912360649253228	-0.0007912360649253054	1.734723475976807e-17	False
7	128	additive	CPA_0.8.8	primary_state_pair	S	0.0480186192039392	0.0480186192039392	0.0	False
7	128	additive	CPA_0.8.8	primary_state_pair	M	0.0480186192039392	0.0480186192039392	0.0	False
7	128	additive	CPA_0.8.8	primary_state_pair	P	0.0480186192039392	0.048127304302994126	0.00010868509905492818	False
7	128	additive	CPA_0.8.8	primary_state_pair	O	0.0480186192039392	0.04790993410488427	-0.00010868509905492818	False
7	128	additive	CPA_0.8.8	primary_state_pair	D	0.0480186192039392	0.04801861920393917	-2.7755575615628914e-17	False
7	128	additive	zero_effect	zero_effect_diagnostic	S	0.07745690674459119	0.07745690674459119	0.0	False
7	128	additive	zero_effect	zero_effect_diagnostic	M	0.07745690674459119	0.07745690674459119	0.0	False
7	128	additive	zero_effect	zero_effect_diagnostic	P	0.07745690674459119	0.07567088801280684	-0.0017860187317843418	False
7	128	additive	zero_effect	zero_effect_diagnostic	O	0.07745690674459119	0.07567088801280684	-0.0017860187317843418	False
7	128	additive	zero_effect	zero_effect_diagnostic	D	0.07745690674459119	0.07567088801280684	-0.0017860187317843418	False
7	128	compositional_ridge	CPA_0.8.8	primary_state_pair	S	0.04880985526886452	0.04880985526886452	0.0	False
7	128	compositional_ridge	CPA_0.8.8	primary_state_pair	M	0.04880985526886452	0.04880985526886452	0.0	False
7	128	compositional_ridge	CPA_0.8.8	primary_state_pair	P	0.04880985526886452	0.04891854036791943	0.00010868509905490736	False
7	128	compositional_ridge	CPA_0.8.8	primary_state_pair	O	0.04880985526886452	0.04870117016980957	-0.000108685099054949	False
7	128	compositional_ridge	CPA_0.8.8	primary_state_pair	D	0.04880985526886452	0.04880985526886447	-4.85722573273506e-17	False
7	128	compositional_ridge	zero_effect	zero_effect_diagnostic	S	0.0782481428095165	0.0782481428095165	0.0	False
7	128	compositional_ridge	zero_effect	zero_effect_diagnostic	M	0.0782481428095165	0.0782481428095165	0.0	False
7	128	compositional_ridge	zero_effect	zero_effect_diagnostic	P	0.0782481428095165	0.07646212407773215	-0.0017860187317843557	False
7	128	compositional_ridge	zero_effect	zero_effect_diagnostic	O	0.0782481428095165	0.07646212407773215	-0.0017860187317843557	False
7	128	compositional_ridge	zero_effect	zero_effect_diagnostic	D	0.0782481428095165	0.07646212407773215	-0.0017860187317843557	False
7	128	CPA_0.8.8	zero_effect	zero_effect_diagnostic	S	0.02943828754065199	0.02943828754065199	0.0	False
7	128	CPA_0.8.8	zero_effect	zero_effect_diagnostic	M	0.02943828754065199	0.02943828754065199	0.0	False
7	128	CPA_0.8.8	zero_effect	zero_effect_diagnostic	P	0.02943828754065199	0.02754358370981272	-0.00189470383083927	False
7	128	CPA_0.8.8	zero_effect	zero_effect_diagnostic	O	0.02943828754065199	0.027760953907922575	-0.0016773336327294136	False
7	128	CPA_0.8.8	zero_effect	zero_effect_diagnostic	D	0.02943828754065199	0.027652268808867675	-0.001786018731784314	False
7	135	additive	compositional_ridge	primary_state_pair	S	-0.0007912360649253228	-0.0007912360649253228	0.0	False
7	135	additive	compositional_ridge	primary_state_pair	M	-0.0007912360649253228	-0.0007912360649253228	0.0	False
7	135	additive	compositional_ridge	primary_state_pair	P	-0.0007912360649253228	-0.0007912360649253158	6.938893903907228e-18	False
7	135	additive	compositional_ridge	primary_state_pair	O	-0.0007912360649253228	-0.0007912360649253158	6.938893903907228e-18	False
7	135	additive	compositional_ridge	primary_state_pair	D	-0.0007912360649253228	-0.0007912360649253158	6.938893903907228e-18	False
7	135	additive	CPA_0.8.8	primary_state_pair	S	0.047744762210513714	0.047744762210513714	0.0	False
7	135	additive	CPA_0.8.8	primary_state_pair	M	0.047744762210513714	0.047744762210513714	0.0	False
7	135	additive	CPA_0.8.8	primary_state_pair	P	0.047744762210513714	0.04785317137171402	0.00010840916120030686	False
7	135	additive	CPA_0.8.8	primary_state_pair	O	0.047744762210513714	0.04763635304931339	-0.00010840916120032074	False
7	135	additive	CPA_0.8.8	primary_state_pair	D	0.047744762210513714	0.047744762210513686	-2.7755575615628914e-17	False
7	135	additive	zero_effect	zero_effect_diagnostic	S	0.07708765237439331	0.07708765237439331	0.0	False
7	135	additive	zero_effect	zero_effect_diagnostic	M	0.07708765237439331	0.07708765237439333	1.3877787807814457e-17	False
7	135	additive	zero_effect	zero_effect_diagnostic	P	0.07708765237439331	0.07539313747593489	-0.0016945148984584268	False
7	135	additive	zero_effect	zero_effect_diagnostic	O	0.07708765237439331	0.07539313747593489	-0.0016945148984584268	False
7	135	additive	zero_effect	zero_effect_diagnostic	D	0.07708765237439331	0.07539313747593489	-0.0016945148984584268	False
7	135	compositional_ridge	CPA_0.8.8	primary_state_pair	S	0.048535998275439036	0.048535998275439036	0.0	False
7	135	compositional_ridge	CPA_0.8.8	primary_state_pair	M	0.048535998275439036	0.048535998275439036	0.0	False
7	135	compositional_ridge	CPA_0.8.8	primary_state_pair	P	0.048535998275439036	0.048644407436639336	0.00010840916120029992	False
7	135	compositional_ridge	CPA_0.8.8	primary_state_pair	O	0.048535998275439036	0.04842758911423871	-0.00010840916120032768	False
7	135	compositional_ridge	CPA_0.8.8	primary_state_pair	D	0.048535998275439036	0.048535998275439	-3.469446951953614e-17	False
7	135	compositional_ridge	zero_effect	zero_effect_diagnostic	S	0.07787888843931864	0.07787888843931864	0.0	False
7	135	compositional_ridge	zero_effect	zero_effect_diagnostic	M	0.07787888843931864	0.07787888843931864	0.0	False
7	135	compositional_ridge	zero_effect	zero_effect_diagnostic	P	0.07787888843931864	0.0761843735408602	-0.0016945148984584407	False
7	135	compositional_ridge	zero_effect	zero_effect_diagnostic	O	0.07787888843931864	0.0761843735408602	-0.0016945148984584407	False
7	135	compositional_ridge	zero_effect	zero_effect_diagnostic	D	0.07787888843931864	0.0761843735408602	-0.0016945148984584407	False
7	135	CPA_0.8.8	zero_effect	zero_effect_diagnostic	S	0.0293428901638796	0.0293428901638796	0.0	False
7	135	CPA_0.8.8	zero_effect	zero_effect_diagnostic	M	0.0293428901638796	0.029342890163879615	1.3877787807814457e-17	False
7	135	CPA_0.8.8	zero_effect	zero_effect_diagnostic	P	0.0293428901638796	0.027539966104220867	-0.0018029240596587337	False
7	135	CPA_0.8.8	zero_effect	zero_effect_diagnostic	O	0.0293428901638796	0.027756784426621495	-0.001586105737258106	False
7	135	CPA_0.8.8	zero_effect	zero_effect_diagnostic	D	0.0293428901638796	0.0276483752654212	-0.001694514898458399	False
8	8	additive	compositional_ridge	primary_state_pair	S	-0.0007912360649253228	-0.0007912360649253228	0.0	False
8	8	additive	compositional_ridge	primary_state_pair	M	-0.0007912360649253228	-0.0007912360649253228	0.0	False
8	8	additive	compositional_ridge	primary_state_pair	P	-0.0007912360649253228	-0.0007912360649253367	-1.3877787807814457e-17	False
8	8	additive	compositional_ridge	primary_state_pair	O	-0.0007912360649253228	-0.0007912360649253367	-1.3877787807814457e-17	False
8	8	additive	compositional_ridge	primary_state_pair	D	-0.0007912360649253228	-0.0007912360649253367	-1.3877787807814457e-17	False
8	8	additive	CPA_0.8.8	primary_state_pair	S	0.05125365986198445	0.05125365986198445	0.0	False
8	8	additive	CPA_0.8.8	primary_state_pair	M	0.05125365986198445	0.05125365986198445	0.0	False
8	8	additive	CPA_0.8.8	primary_state_pair	P	0.05125365986198445	0.053861030064318575	0.0026073702023341264	False
8	8	additive	CPA_0.8.8	primary_state_pair	O	0.05125365986198445	0.04864628965965038	-0.002607370202334071	False
8	8	additive	CPA_0.8.8	primary_state_pair	D	0.05125365986198445	0.051253659861984456	6.938893903907228e-18	False
8	8	additive	zero_effect	zero_effect_diagnostic	S	0.09366287068022153	0.09366287068022153	0.0	False
8	8	additive	zero_effect	zero_effect_diagnostic	M	0.09366287068022153	0.09366287068022153	0.0	False
8	8	additive	zero_effect	zero_effect_diagnostic	P	0.09366287068022153	0.06482031764712884	-0.028842553033092688	False
8	8	additive	zero_effect	zero_effect_diagnostic	O	0.09366287068022153	0.06482031764712884	-0.028842553033092688	False
8	8	additive	zero_effect	zero_effect_diagnostic	D	0.09366287068022153	0.06482031764712884	-0.028842553033092688	False
8	8	compositional_ridge	CPA_0.8.8	primary_state_pair	S	0.05204489592690977	0.05204489592690977	0.0	False
8	8	compositional_ridge	CPA_0.8.8	primary_state_pair	M	0.05204489592690977	0.05204489592690977	0.0	False
8	8	compositional_ridge	CPA_0.8.8	primary_state_pair	P	0.05204489592690977	0.05465226612924391	0.0026073702023341402	False
8	8	compositional_ridge	CPA_0.8.8	primary_state_pair	O	0.05204489592690977	0.049437525724575715	-0.002607370202334057	False
8	8	compositional_ridge	CPA_0.8.8	primary_state_pair	D	0.05204489592690977	0.05204489592690979	2.0816681711721685e-17	False
8	8	compositional_ridge	zero_effect	zero_effect_diagnostic	S	0.09445410674514684	0.09445410674514684	0.0	False
8	8	compositional_ridge	zero_effect	zero_effect_diagnostic	M	0.09445410674514684	0.09445410674514684	0.0	False
8	8	compositional_ridge	zero_effect	zero_effect_diagnostic	P	0.09445410674514684	0.06561155371205418	-0.02884255303309266	False
8	8	compositional_ridge	zero_effect	zero_effect_diagnostic	O	0.09445410674514684	0.06561155371205418	-0.02884255303309266	False
8	8	compositional_ridge	zero_effect	zero_effect_diagnostic	D	0.09445410674514684	0.06561155371205418	-0.02884255303309266	False
8	8	CPA_0.8.8	zero_effect	zero_effect_diagnostic	S	0.04240921081823708	0.04240921081823708	0.0	False
8	8	CPA_0.8.8	zero_effect	zero_effect_diagnostic	M	0.04240921081823708	0.04240921081823708	0.0	False
8	8	CPA_0.8.8	zero_effect	zero_effect_diagnostic	P	0.04240921081823708	0.01095928758281027	-0.03144992323542681	False
8	8	CPA_0.8.8	zero_effect	zero_effect_diagnostic	O	0.04240921081823708	0.016174027987478468	-0.02623518283075861	False
8	8	CPA_0.8.8	zero_effect	zero_effect_diagnostic	D	0.04240921081823708	0.01356665778514439	-0.028842553033092688	False
8	16	additive	compositional_ridge	primary_state_pair	S	-0.0007912360649253228	-0.0007912360649253228	0.0	False
8	16	additive	compositional_ridge	primary_state_pair	M	-0.0007912360649253228	-0.0007912360649253228	0.0	False
8	16	additive	compositional_ridge	primary_state_pair	P	-0.0007912360649253228	-0.0007912360649253089	1.3877787807814457e-17	False
8	16	additive	compositional_ridge	primary_state_pair	O	-0.0007912360649253228	-0.0007912360649253089	1.3877787807814457e-17	False
8	16	additive	compositional_ridge	primary_state_pair	D	-0.0007912360649253228	-0.0007912360649253089	1.3877787807814457e-17	False
8	16	additive	CPA_0.8.8	primary_state_pair	S	0.05128867633284109	0.05128867633284109	0.0	False
8	16	additive	CPA_0.8.8	primary_state_pair	M	0.05128867633284109	0.05128867633284109	0.0	False
8	16	additive	CPA_0.8.8	primary_state_pair	P	0.05128867633284109	0.052109538968240526	0.000820862635399433	False
8	16	additive	CPA_0.8.8	primary_state_pair	O	0.05128867633284109	0.05046781369744159	-0.0008208626353995024	False
8	16	additive	CPA_0.8.8	primary_state_pair	D	0.05128867633284109	0.05128867633284108	-1.3877787807814457e-17	False
8	16	additive	zero_effect	zero_effect_diagnostic	S	0.08717891310766764	0.08717891310766764	0.0	False
8	16	additive	zero_effect	zero_effect_diagnostic	M	0.08717891310766764	0.08717891310766764	0.0	False
8	16	additive	zero_effect	zero_effect_diagnostic	P	0.08717891310766764	0.07283866622784925	-0.014340246879818386	False
8	16	additive	zero_effect	zero_effect_diagnostic	O	0.08717891310766764	0.07283866622784925	-0.014340246879818386	False
8	16	additive	zero_effect	zero_effect_diagnostic	D	0.08717891310766764	0.07283866622784925	-0.014340246879818386	False
8	16	compositional_ridge	CPA_0.8.8	primary_state_pair	S	0.052079912397766416	0.052079912397766416	0.0	False
8	16	compositional_ridge	CPA_0.8.8	primary_state_pair	M	0.052079912397766416	0.052079912397766416	0.0	False
8	16	compositional_ridge	CPA_0.8.8	primary_state_pair	P	0.052079912397766416	0.052900775033165835	0.0008208626353994192	False
8	16	compositional_ridge	CPA_0.8.8	primary_state_pair	O	0.052079912397766416	0.0512590497623669	-0.0008208626353995163	False
8	16	compositional_ridge	CPA_0.8.8	primary_state_pair	D	0.052079912397766416	0.05207991239776639	-2.7755575615628914e-17	False
8	16	compositional_ridge	zero_effect	zero_effect_diagnostic	S	0.08797014917259297	0.08797014917259297	0.0	False
8	16	compositional_ridge	zero_effect	zero_effect_diagnostic	M	0.08797014917259297	0.08797014917259297	0.0	False
8	16	compositional_ridge	zero_effect	zero_effect_diagnostic	P	0.08797014917259297	0.07362990229277455	-0.014340246879818414	False
8	16	compositional_ridge	zero_effect	zero_effect_diagnostic	O	0.08797014917259297	0.07362990229277455	-0.014340246879818414	False
8	16	compositional_ridge	zero_effect	zero_effect_diagnostic	D	0.08797014917259297	0.07362990229277455	-0.014340246879818414	False
8	16	CPA_0.8.8	zero_effect	zero_effect_diagnostic	S	0.03589023677482654	0.03589023677482654	0.0	False
8	16	CPA_0.8.8	zero_effect	zero_effect_diagnostic	M	0.03589023677482654	0.03589023677482654	0.0	False
8	16	CPA_0.8.8	zero_effect	zero_effect_diagnostic	P	0.03589023677482654	0.020729127259608723	-0.015161109515217819	False
8	16	CPA_0.8.8	zero_effect	zero_effect_diagnostic	O	0.03589023677482654	0.02237085253040766	-0.013519384244418883	False
8	16	CPA_0.8.8	zero_effect	zero_effect_diagnostic	D	0.03589023677482654	0.02154998989500817	-0.014340246879818372	False
8	32	additive	compositional_ridge	primary_state_pair	S	-0.0007912360649253228	-0.0007912360649253228	0.0	False
8	32	additive	compositional_ridge	primary_state_pair	M	-0.0007912360649253228	-0.0007912360649253228	0.0	False
8	32	additive	compositional_ridge	primary_state_pair	P	-0.0007912360649253228	-0.0007912360649253228	0.0	False
8	32	additive	compositional_ridge	primary_state_pair	O	-0.0007912360649253228	-0.0007912360649253228	0.0	False
8	32	additive	compositional_ridge	primary_state_pair	D	-0.0007912360649253228	-0.0007912360649253228	0.0	False
8	32	additive	CPA_0.8.8	primary_state_pair	S	0.05074035142128466	0.05074035142128466	0.0	False
8	32	additive	CPA_0.8.8	primary_state_pair	M	0.05074035142128466	0.05074035142128466	0.0	False
8	32	additive	CPA_0.8.8	primary_state_pair	P	0.05074035142128466	0.051685103331749575	0.0009447519104649124	False
8	32	additive	CPA_0.8.8	primary_state_pair	O	0.05074035142128466	0.04979559951081978	-0.0009447519104648847	False
8	32	additive	CPA_0.8.8	primary_state_pair	D	0.05074035142128466	0.0507403514212847	3.469446951953614e-17	False
8	32	additive	zero_effect	zero_effect_diagnostic	S	0.08285042505927745	0.08285042505927745	0.0	False
8	32	additive	zero_effect	zero_effect_diagnostic	M	0.08285042505927745	0.08285042505927745	0.0	False
8	32	additive	zero_effect	zero_effect_diagnostic	P	0.08285042505927745	0.07507774055425354	-0.0077726845050239135	False
8	32	additive	zero_effect	zero_effect_diagnostic	O	0.08285042505927745	0.07507774055425354	-0.0077726845050239135	False
8	32	additive	zero_effect	zero_effect_diagnostic	D	0.08285042505927745	0.07507774055425354	-0.0077726845050239135	False
8	32	compositional_ridge	CPA_0.8.8	primary_state_pair	S	0.051531587486209986	0.051531587486209986	0.0	False
8	32	compositional_ridge	CPA_0.8.8	primary_state_pair	M	0.051531587486209986	0.051531587486209986	0.0	False
8	32	compositional_ridge	CPA_0.8.8	primary_state_pair	P	0.051531587486209986	0.0524763393966749	0.0009447519104649124	False
8	32	compositional_ridge	CPA_0.8.8	primary_state_pair	O	0.051531587486209986	0.0505868355757451	-0.0009447519104648847	False
8	32	compositional_ridge	CPA_0.8.8	primary_state_pair	D	0.051531587486209986	0.05153158748621002	3.469446951953614e-17	False
8	32	compositional_ridge	zero_effect	zero_effect_diagnostic	S	0.08364166112420277	0.08364166112420277	0.0	False
8	32	compositional_ridge	zero_effect	zero_effect_diagnostic	M	0.08364166112420277	0.08364166112420277	0.0	False
8	32	compositional_ridge	zero_effect	zero_effect_diagnostic	P	0.08364166112420277	0.07586897661917885	-0.0077726845050239135	False
8	32	compositional_ridge	zero_effect	zero_effect_diagnostic	O	0.08364166112420277	0.07586897661917885	-0.0077726845050239135	False
8	32	compositional_ridge	zero_effect	zero_effect_diagnostic	D	0.08364166112420277	0.07586897661917885	-0.0077726845050239135	False
8	32	CPA_0.8.8	zero_effect	zero_effect_diagnostic	S	0.032110073637992786	0.032110073637992786	0.0	False
8	32	CPA_0.8.8	zero_effect	zero_effect_diagnostic	M	0.032110073637992786	0.032110073637992786	0.0	False
8	32	CPA_0.8.8	zero_effect	zero_effect_diagnostic	P	0.032110073637992786	0.023392637222503954	-0.008717436415488833	False
8	32	CPA_0.8.8	zero_effect	zero_effect_diagnostic	O	0.032110073637992786	0.02528214104343375	-0.006827932594559036	False
8	32	CPA_0.8.8	zero_effect	zero_effect_diagnostic	D	0.032110073637992786	0.02433738913296883	-0.007772684505023955	False
8	64	additive	compositional_ridge	primary_state_pair	S	-0.0007912360649253228	-0.0007912360649253228	0.0	False
8	64	additive	compositional_ridge	primary_state_pair	M	-0.0007912360649253228	-0.0007912360649253228	0.0	False
8	64	additive	compositional_ridge	primary_state_pair	P	-0.0007912360649253228	-0.0007912360649253054	1.734723475976807e-17	False
8	64	additive	compositional_ridge	primary_state_pair	O	-0.0007912360649253228	-0.0007912360649253054	1.734723475976807e-17	False
8	64	additive	compositional_ridge	primary_state_pair	D	-0.0007912360649253228	-0.0007912360649253054	1.734723475976807e-17	False
8	64	additive	CPA_0.8.8	primary_state_pair	S	0.046714567442216554	0.046714567442216554	0.0	False
8	64	additive	CPA_0.8.8	primary_state_pair	M	0.046714567442216554	0.046714567442216554	0.0	False
8	64	additive	CPA_0.8.8	primary_state_pair	P	0.046714567442216554	0.04714965137830521	0.0004350839360886538	False
8	64	additive	CPA_0.8.8	primary_state_pair	O	0.046714567442216554	0.04627948350612798	-0.00043508393608857054	False
8	64	additive	CPA_0.8.8	primary_state_pair	D	0.046714567442216554	0.046714567442216595	4.163336342344337e-17	False
8	64	additive	zero_effect	zero_effect_diagnostic	S	0.07653118068739909	0.07653118068739909	0.0	False
8	64	additive	zero_effect	zero_effect_diagnostic	M	0.07653118068739909	0.07653118068739904	-4.163336342344337e-17	False
8	64	additive	zero_effect	zero_effect_diagnostic	P	0.07653118068739909	0.07254859701765559	-0.003982583669743495	False
8	64	additive	zero_effect	zero_effect_diagnostic	O	0.07653118068739909	0.07254859701765559	-0.003982583669743495	False
8	64	additive	zero_effect	zero_effect_diagnostic	D	0.07653118068739909	0.07254859701765559	-0.003982583669743495	False
8	64	compositional_ridge	CPA_0.8.8	primary_state_pair	S	0.047505803507141876	0.047505803507141876	0.0	False
8	64	compositional_ridge	CPA_0.8.8	primary_state_pair	M	0.047505803507141876	0.047505803507141876	0.0	False
8	64	compositional_ridge	CPA_0.8.8	primary_state_pair	P	0.047505803507141876	0.04794088744323051	0.000435083936088633	False
8	64	compositional_ridge	CPA_0.8.8	primary_state_pair	O	0.047505803507141876	0.047070719571053285	-0.00043508393608859136	False
8	64	compositional_ridge	CPA_0.8.8	primary_state_pair	D	0.047505803507141876	0.0475058035071419	2.0816681711721685e-17	False
8	64	compositional_ridge	zero_effect	zero_effect_diagnostic	S	0.0773224167523244	0.0773224167523244	0.0	False
8	64	compositional_ridge	zero_effect	zero_effect_diagnostic	M	0.0773224167523244	0.07732241675232437	-2.7755575615628914e-17	False
8	64	compositional_ridge	zero_effect	zero_effect_diagnostic	P	0.0773224167523244	0.0733398330825809	-0.0039825836697435085	False
8	64	compositional_ridge	zero_effect	zero_effect_diagnostic	O	0.0773224167523244	0.0733398330825809	-0.0039825836697435085	False
8	64	compositional_ridge	zero_effect	zero_effect_diagnostic	D	0.0773224167523244	0.0733398330825809	-0.0039825836697435085	False
8	64	CPA_0.8.8	zero_effect	zero_effect_diagnostic	S	0.029816613245182533	0.029816613245182533	0.0	False
8	64	CPA_0.8.8	zero_effect	zero_effect_diagnostic	M	0.029816613245182533	0.02981661324518249	-4.163336342344337e-17	False
8	64	CPA_0.8.8	zero_effect	zero_effect_diagnostic	P	0.029816613245182533	0.025398945639350384	-0.0044176676058321485	False
8	64	CPA_0.8.8	zero_effect	zero_effect_diagnostic	O	0.029816613245182533	0.02626911351152761	-0.003547499733654924	False
8	64	CPA_0.8.8	zero_effect	zero_effect_diagnostic	D	0.029816613245182533	0.025834029575438996	-0.003982583669743536	False
8	128	additive	compositional_ridge	primary_state_pair	S	-0.0007912360649253228	-0.0007912360649253228	0.0	False
8	128	additive	compositional_ridge	primary_state_pair	M	-0.0007912360649253228	-0.0007912360649253228	0.0	False
8	128	additive	compositional_ridge	primary_state_pair	P	-0.0007912360649253228	-0.0007912360649253124	1.0408340855860843e-17	False
8	128	additive	compositional_ridge	primary_state_pair	O	-0.0007912360649253228	-0.0007912360649253124	1.0408340855860843e-17	False
8	128	additive	compositional_ridge	primary_state_pair	D	-0.0007912360649253228	-0.0007912360649253124	1.0408340855860843e-17	False
8	128	additive	CPA_0.8.8	primary_state_pair	S	0.04752177703568637	0.04752177703568637	0.0	False
8	128	additive	CPA_0.8.8	primary_state_pair	M	0.04752177703568637	0.04752177703568637	0.0	False
8	128	additive	CPA_0.8.8	primary_state_pair	P	0.04752177703568637	0.04767351692939194	0.00015173989370556584	False
8	128	additive	CPA_0.8.8	primary_state_pair	O	0.04752177703568637	0.04737003714198078	-0.0001517398937055936	False
8	128	additive	CPA_0.8.8	primary_state_pair	D	0.04752177703568637	0.04752177703568636	-1.3877787807814457e-17	False
8	128	additive	zero_effect	zero_effect_diagnostic	S	0.07685883574131411	0.07685883574131411	0.0	False
8	128	additive	zero_effect	zero_effect_diagnostic	M	0.07685883574131411	0.07685883574131408	-2.7755575615628914e-17	False
8	128	additive	zero_effect	zero_effect_diagnostic	P	0.07685883574131411	0.07500750664436716	-0.0018513290969469492	False
8	128	additive	zero_effect	zero_effect_diagnostic	O	0.07685883574131411	0.07500750664436716	-0.0018513290969469492	False
8	128	additive	zero_effect	zero_effect_diagnostic	D	0.07685883574131411	0.07500750664436716	-0.0018513290969469492	False
8	128	compositional_ridge	CPA_0.8.8	primary_state_pair	S	0.048313013100611694	0.048313013100611694	0.0	False
8	128	compositional_ridge	CPA_0.8.8	primary_state_pair	M	0.048313013100611694	0.048313013100611694	0.0	False
8	128	compositional_ridge	CPA_0.8.8	primary_state_pair	P	0.048313013100611694	0.04846475299431725	0.0001517398937055589	False
8	128	compositional_ridge	CPA_0.8.8	primary_state_pair	O	0.048313013100611694	0.048161273206906094	-0.00015173989370560054	False
8	128	compositional_ridge	CPA_0.8.8	primary_state_pair	D	0.048313013100611694	0.048313013100611674	-2.0816681711721685e-17	False
8	128	compositional_ridge	zero_effect	zero_effect_diagnostic	S	0.07765007180623942	0.07765007180623942	0.0	False
8	128	compositional_ridge	zero_effect	zero_effect_diagnostic	M	0.07765007180623942	0.0776500718062394	-2.7755575615628914e-17	False
8	128	compositional_ridge	zero_effect	zero_effect_diagnostic	P	0.07765007180623942	0.07579874270929247	-0.0018513290969469492	False
8	128	compositional_ridge	zero_effect	zero_effect_diagnostic	O	0.07765007180623942	0.07579874270929247	-0.0018513290969469492	False
8	128	compositional_ridge	zero_effect	zero_effect_diagnostic	D	0.07765007180623942	0.07579874270929247	-0.0018513290969469492	False
8	128	CPA_0.8.8	zero_effect	zero_effect_diagnostic	S	0.029337058705627736	0.029337058705627736	0.0	False
8	128	CPA_0.8.8	zero_effect	zero_effect_diagnostic	M	0.029337058705627736	0.029337058705627708	-2.7755575615628914e-17	False
8	128	CPA_0.8.8	zero_effect	zero_effect_diagnostic	P	0.029337058705627736	0.02733398971497522	-0.002003068990652515	False
8	128	CPA_0.8.8	zero_effect	zero_effect_diagnostic	O	0.029337058705627736	0.02763746950238638	-0.0016995892032413557	False
8	128	CPA_0.8.8	zero_effect	zero_effect_diagnostic	D	0.029337058705627736	0.0274857296086808	-0.0018513290969469354	False
8	135	additive	compositional_ridge	primary_state_pair	S	-0.0007912360649253228	-0.0007912360649253228	0.0	False
8	135	additive	compositional_ridge	primary_state_pair	M	-0.0007912360649253228	-0.0007912360649253228	0.0	False
8	135	additive	compositional_ridge	primary_state_pair	P	-0.0007912360649253228	-0.0007912360649253124	1.0408340855860843e-17	False
8	135	additive	compositional_ridge	primary_state_pair	O	-0.0007912360649253228	-0.0007912360649253124	1.0408340855860843e-17	False
8	135	additive	compositional_ridge	primary_state_pair	D	-0.0007912360649253228	-0.0007912360649253124	1.0408340855860843e-17	False
8	135	additive	CPA_0.8.8	primary_state_pair	S	0.04743669781932419	0.04743669781932419	0.0	False
8	135	additive	CPA_0.8.8	primary_state_pair	M	0.04743669781932419	0.04743669781932419	0.0	False
8	135	additive	CPA_0.8.8	primary_state_pair	P	0.04743669781932419	0.047565728564930174	0.00012903074560598193	False
8	135	additive	CPA_0.8.8	primary_state_pair	O	0.04743669781932419	0.047307667073718154	-0.00012903074560603744	False
8	135	additive	CPA_0.8.8	primary_state_pair	D	0.04743669781932419	0.04743669781932418	-1.3877787807814457e-17	False
8	135	additive	zero_effect	zero_effect_diagnostic	S	0.07674986653047616	0.07674986653047616	0.0	False
8	135	additive	zero_effect	zero_effect_diagnostic	M	0.07674986653047616	0.07674986653047615	-1.3877787807814457e-17	False
8	135	additive	zero_effect	zero_effect_diagnostic	P	0.07674986653047616	0.07499307858935586	-0.0017567879411203025	False
8	135	additive	zero_effect	zero_effect_diagnostic	O	0.07674986653047616	0.07499307858935586	-0.0017567879411203025	False
8	135	additive	zero_effect	zero_effect_diagnostic	D	0.07674986653047616	0.07499307858935586	-0.0017567879411203025	False
8	135	compositional_ridge	CPA_0.8.8	primary_state_pair	S	0.048227933884249514	0.048227933884249514	0.0	False
8	135	compositional_ridge	CPA_0.8.8	primary_state_pair	M	0.048227933884249514	0.048227933884249514	0.0	False
8	135	compositional_ridge	CPA_0.8.8	primary_state_pair	P	0.048227933884249514	0.04835696462985549	0.000129030745605975	False
8	135	compositional_ridge	CPA_0.8.8	primary_state_pair	O	0.048227933884249514	0.04809890313864347	-0.00012903074560604438	False
8	135	compositional_ridge	CPA_0.8.8	primary_state_pair	D	0.048227933884249514	0.048227933884249494	-2.0816681711721685e-17	False
8	135	compositional_ridge	zero_effect	zero_effect_diagnostic	S	0.07754110259540148	0.07754110259540148	0.0	False
8	135	compositional_ridge	zero_effect	zero_effect_diagnostic	M	0.07754110259540148	0.07754110259540148	0.0	False
8	135	compositional_ridge	zero_effect	zero_effect_diagnostic	P	0.07754110259540148	0.07578431465428118	-0.0017567879411203025	False
8	135	compositional_ridge	zero_effect	zero_effect_diagnostic	O	0.07754110259540148	0.07578431465428118	-0.0017567879411203025	False
8	135	compositional_ridge	zero_effect	zero_effect_diagnostic	D	0.07754110259540148	0.07578431465428118	-0.0017567879411203025	False
8	135	CPA_0.8.8	zero_effect	zero_effect_diagnostic	S	0.02931316871115197	0.02931316871115197	0.0	False
8	135	CPA_0.8.8	zero_effect	zero_effect_diagnostic	M	0.02931316871115197	0.029313168711151957	-1.3877787807814457e-17	False
8	135	CPA_0.8.8	zero_effect	zero_effect_diagnostic	P	0.02931316871115197	0.027427350024425687	-0.0018858186867262844	False
8	135	CPA_0.8.8	zero_effect	zero_effect_diagnostic	O	0.02931316871115197	0.027685411515637706	-0.001627757195514265	False
8	135	CPA_0.8.8	zero_effect	zero_effect_diagnostic	D	0.02931316871115197	0.027556380770031683	-0.0017567879411202886	False
9	8	additive	compositional_ridge	primary_state_pair	S	-0.0007912360649253228	-0.0007912360649253228	0.0	False
9	8	additive	compositional_ridge	primary_state_pair	M	-0.0007912360649253228	-0.0007912360649253228	0.0	False
9	8	additive	compositional_ridge	primary_state_pair	P	-0.0007912360649253228	-0.0007912360649253505	-2.7755575615628914e-17	False
9	8	additive	compositional_ridge	primary_state_pair	O	-0.0007912360649253228	-0.0007912360649253505	-2.7755575615628914e-17	False
9	8	additive	compositional_ridge	primary_state_pair	D	-0.0007912360649253228	-0.0007912360649253505	-2.7755575615628914e-17	False
9	8	additive	CPA_0.8.8	primary_state_pair	S	0.04612659755627964	0.04612659755627964	0.0	False
9	8	additive	CPA_0.8.8	primary_state_pair	M	0.04612659755627964	0.04612659755627964	0.0	False
9	8	additive	CPA_0.8.8	primary_state_pair	P	0.04612659755627964	0.04836425756083579	0.0022376600045561496	False
9	8	additive	CPA_0.8.8	primary_state_pair	O	0.04612659755627964	0.04388893755172357	-0.0022376600045560663	False
9	8	additive	CPA_0.8.8	primary_state_pair	D	0.04612659755627964	0.04612659755627965	1.3877787807814457e-17	False
9	8	additive	zero_effect	zero_effect_diagnostic	S	0.0883468019957005	0.0883468019957005	0.0	False
9	8	additive	zero_effect	zero_effect_diagnostic	M	0.0883468019957005	0.0883468019957005	0.0	False
9	8	additive	zero_effect	zero_effect_diagnostic	P	0.0883468019957005	0.058221460166741304	-0.030125341828959193	False
9	8	additive	zero_effect	zero_effect_diagnostic	O	0.0883468019957005	0.058221460166741304	-0.030125341828959193	False
9	8	additive	zero_effect	zero_effect_diagnostic	D	0.0883468019957005	0.058221460166741304	-0.030125341828959193	False
9	8	compositional_ridge	CPA_0.8.8	primary_state_pair	S	0.04691783362120496	0.04691783362120496	0.0	False
9	8	compositional_ridge	CPA_0.8.8	primary_state_pair	M	0.04691783362120496	0.04691783362120496	0.0	False
9	8	compositional_ridge	CPA_0.8.8	primary_state_pair	P	0.04691783362120496	0.04915549362576114	0.0022376600045561773	False
9	8	compositional_ridge	CPA_0.8.8	primary_state_pair	O	0.04691783362120496	0.04468017361664892	-0.0022376600045560385	False
9	8	compositional_ridge	CPA_0.8.8	primary_state_pair	D	0.04691783362120496	0.046917833621205	4.163336342344337e-17	False
9	8	compositional_ridge	zero_effect	zero_effect_diagnostic	S	0.08913803806062581	0.08913803806062581	0.0	False
9	8	compositional_ridge	zero_effect	zero_effect_diagnostic	M	0.08913803806062581	0.08913803806062581	0.0	False
9	8	compositional_ridge	zero_effect	zero_effect_diagnostic	P	0.08913803806062581	0.059012696231666655	-0.030125341828959158	False
9	8	compositional_ridge	zero_effect	zero_effect_diagnostic	O	0.08913803806062581	0.059012696231666655	-0.030125341828959158	False
9	8	compositional_ridge	zero_effect	zero_effect_diagnostic	D	0.08913803806062581	0.059012696231666655	-0.030125341828959158	False
9	8	CPA_0.8.8	zero_effect	zero_effect_diagnostic	S	0.04222020443942086	0.04222020443942086	0.0	False
9	8	CPA_0.8.8	zero_effect	zero_effect_diagnostic	M	0.04222020443942086	0.04222020443942086	0.0	False
9	8	CPA_0.8.8	zero_effect	zero_effect_diagnostic	P	0.04222020443942086	0.009857202605905516	-0.03236300183351534	False
9	8	CPA_0.8.8	zero_effect	zero_effect_diagnostic	O	0.04222020443942086	0.014332522615017732	-0.027887681824403127	False
9	8	CPA_0.8.8	zero_effect	zero_effect_diagnostic	D	0.04222020443942086	0.012094862610461651	-0.030125341828959207	False
9	16	additive	compositional_ridge	primary_state_pair	S	-0.0007912360649253228	-0.0007912360649253228	0.0	False
9	16	additive	compositional_ridge	primary_state_pair	M	-0.0007912360649253228	-0.0007912360649253228	0.0	False
9	16	additive	compositional_ridge	primary_state_pair	P	-0.0007912360649253228	-0.0007912360649253228	0.0	False
9	16	additive	compositional_ridge	primary_state_pair	O	-0.0007912360649253228	-0.0007912360649253228	0.0	False
9	16	additive	compositional_ridge	primary_state_pair	D	-0.0007912360649253228	-0.0007912360649253228	0.0	False
9	16	additive	CPA_0.8.8	primary_state_pair	S	0.04539785826564538	0.04539785826564538	0.0	False
9	16	additive	CPA_0.8.8	primary_state_pair	M	0.04539785826564538	0.04539785826564538	0.0	False
9	16	additive	CPA_0.8.8	primary_state_pair	P	0.04539785826564538	0.04668952188875463	0.0012916636231092501	False
9	16	additive	CPA_0.8.8	primary_state_pair	O	0.04539785826564538	0.04410619464253613	-0.0012916636231092501	False
9	16	additive	CPA_0.8.8	primary_state_pair	D	0.04539785826564538	0.04539785826564533	-4.85722573273506e-17	False
9	16	additive	zero_effect	zero_effect_diagnostic	S	0.08005984763388632	0.08005984763388632	0.0	False
9	16	additive	zero_effect	zero_effect_diagnostic	M	0.08005984763388632	0.08005984763388632	0.0	False
9	16	additive	zero_effect	zero_effect_diagnostic	P	0.08005984763388632	0.0644720739473848	-0.015587773686501522	False
9	16	additive	zero_effect	zero_effect_diagnostic	O	0.08005984763388632	0.0644720739473848	-0.015587773686501522	False
9	16	additive	zero_effect	zero_effect_diagnostic	D	0.08005984763388632	0.0644720739473848	-0.015587773686501522	False
9	16	compositional_ridge	CPA_0.8.8	primary_state_pair	S	0.0461890943305707	0.0461890943305707	0.0	False
9	16	compositional_ridge	CPA_0.8.8	primary_state_pair	M	0.0461890943305707	0.0461890943305707	0.0	False
9	16	compositional_ridge	CPA_0.8.8	primary_state_pair	P	0.0461890943305707	0.04748075795367995	0.0012916636231092501	False
9	16	compositional_ridge	CPA_0.8.8	primary_state_pair	O	0.0461890943305707	0.04489743070746145	-0.0012916636231092501	False
9	16	compositional_ridge	CPA_0.8.8	primary_state_pair	D	0.0461890943305707	0.046189094330570654	-4.85722573273506e-17	False
9	16	compositional_ridge	zero_effect	zero_effect_diagnostic	S	0.08085108369881164	0.08085108369881164	0.0	False
9	16	compositional_ridge	zero_effect	zero_effect_diagnostic	M	0.08085108369881164	0.08085108369881164	0.0	False
9	16	compositional_ridge	zero_effect	zero_effect_diagnostic	P	0.08085108369881164	0.06526331001231012	-0.015587773686501522	False
9	16	compositional_ridge	zero_effect	zero_effect_diagnostic	O	0.08085108369881164	0.06526331001231012	-0.015587773686501522	False
9	16	compositional_ridge	zero_effect	zero_effect_diagnostic	D	0.08085108369881164	0.06526331001231012	-0.015587773686501522	False
9	16	CPA_0.8.8	zero_effect	zero_effect_diagnostic	S	0.03466198936824094	0.03466198936824094	0.0	False
9	16	CPA_0.8.8	zero_effect	zero_effect_diagnostic	M	0.03466198936824094	0.03466198936824094	0.0	False
9	16	CPA_0.8.8	zero_effect	zero_effect_diagnostic	P	0.03466198936824094	0.017782552058630163	-0.01687943730961078	False
9	16	CPA_0.8.8	zero_effect	zero_effect_diagnostic	O	0.03466198936824094	0.020365879304848664	-0.014296110063392278	False
9	16	CPA_0.8.8	zero_effect	zero_effect_diagnostic	D	0.03466198936824094	0.019074215681739462	-0.01558777368650148	False
9	32	additive	compositional_ridge	primary_state_pair	S	-0.0007912360649253228	-0.0007912360649253228	0.0	False
9	32	additive	compositional_ridge	primary_state_pair	M	-0.0007912360649253228	-0.0007912360649253228	0.0	False
9	32	additive	compositional_ridge	primary_state_pair	P	-0.0007912360649253228	-0.0007912360649253367	-1.3877787807814457e-17	False
9	32	additive	compositional_ridge	primary_state_pair	O	-0.0007912360649253228	-0.0007912360649253367	-1.3877787807814457e-17	False
9	32	additive	compositional_ridge	primary_state_pair	D	-0.0007912360649253228	-0.0007912360649253367	-1.3877787807814457e-17	False
9	32	additive	CPA_0.8.8	primary_state_pair	S	0.045949492120221966	0.045949492120221966	0.0	False
9	32	additive	CPA_0.8.8	primary_state_pair	M	0.045949492120221966	0.045949492120221966	0.0	False
9	32	additive	CPA_0.8.8	primary_state_pair	P	0.045949492120221966	0.04692057678091411	0.0009710846606921439	False
9	32	additive	CPA_0.8.8	primary_state_pair	O	0.045949492120221966	0.044978407459529836	-0.00097108466069213	False
9	32	additive	CPA_0.8.8	primary_state_pair	D	0.045949492120221966	0.04594949212022196	-6.938893903907228e-18	False
9	32	additive	zero_effect	zero_effect_diagnostic	S	0.0770706119953145	0.0770706119953145	0.0	False
9	32	additive	zero_effect	zero_effect_diagnostic	M	0.0770706119953145	0.0770706119953145	0.0	False
9	32	additive	zero_effect	zero_effect_diagnostic	P	0.0770706119953145	0.06906327392664666	-0.008007338068667838	False
9	32	additive	zero_effect	zero_effect_diagnostic	O	0.0770706119953145	0.06906327392664666	-0.008007338068667838	False
9	32	additive	zero_effect	zero_effect_diagnostic	D	0.0770706119953145	0.06906327392664666	-0.008007338068667838	False
9	32	compositional_ridge	CPA_0.8.8	primary_state_pair	S	0.04674072818514729	0.04674072818514729	0.0	False
9	32	compositional_ridge	CPA_0.8.8	primary_state_pair	M	0.04674072818514729	0.04674072818514729	0.0	False
9	32	compositional_ridge	CPA_0.8.8	primary_state_pair	P	0.04674072818514729	0.047711812845839446	0.0009710846606921578	False
9	32	compositional_ridge	CPA_0.8.8	primary_state_pair	O	0.04674072818514729	0.04576964352445517	-0.0009710846606921161	False
9	32	compositional_ridge	CPA_0.8.8	primary_state_pair	D	0.04674072818514729	0.046740728185147296	6.938893903907228e-18	False
9	32	compositional_ridge	zero_effect	zero_effect_diagnostic	S	0.07786184806023982	0.07786184806023982	0.0	False
9	32	compositional_ridge	zero_effect	zero_effect_diagnostic	M	0.07786184806023982	0.07786184806023982	0.0	False
9	32	compositional_ridge	zero_effect	zero_effect_diagnostic	P	0.07786184806023982	0.069854509991572	-0.008007338068667824	False
9	32	compositional_ridge	zero_effect	zero_effect_diagnostic	O	0.07786184806023982	0.069854509991572	-0.008007338068667824	False
9	32	compositional_ridge	zero_effect	zero_effect_diagnostic	D	0.07786184806023982	0.069854509991572	-0.008007338068667824	False
9	32	CPA_0.8.8	zero_effect	zero_effect_diagnostic	S	0.03112111987509253	0.03112111987509253	0.0	False
9	32	CPA_0.8.8	zero_effect	zero_effect_diagnostic	M	0.03112111987509253	0.03112111987509253	0.0	False
9	32	CPA_0.8.8	zero_effect	zero_effect_diagnostic	P	0.03112111987509253	0.022142697145732554	-0.008978422729359975	False
9	32	CPA_0.8.8	zero_effect	zero_effect_diagnostic	O	0.03112111987509253	0.024084866467116828	-0.007036253407975701	False
9	32	CPA_0.8.8	zero_effect	zero_effect_diagnostic	D	0.03112111987509253	0.023113781806424705	-0.008007338068667824	False
9	64	additive	compositional_ridge	primary_state_pair	S	-0.0007912360649253228	-0.0007912360649253228	0.0	False
9	64	additive	compositional_ridge	primary_state_pair	M	-0.0007912360649253228	-0.0007912360649253228	0.0	False
9	64	additive	compositional_ridge	primary_state_pair	P	-0.0007912360649253228	-0.0007912360649253124	1.0408340855860843e-17	False
9	64	additive	compositional_ridge	primary_state_pair	O	-0.0007912360649253228	-0.0007912360649253124	1.0408340855860843e-17	False
9	64	additive	compositional_ridge	primary_state_pair	D	-0.0007912360649253228	-0.0007912360649253124	1.0408340855860843e-17	False
9	64	additive	CPA_0.8.8	primary_state_pair	S	0.04739349593055965	0.04739349593055965	0.0	False
9	64	additive	CPA_0.8.8	primary_state_pair	M	0.04739349593055965	0.04739349593055965	0.0	False
9	64	additive	CPA_0.8.8	primary_state_pair	P	0.04739349593055965	0.047906858806319716	0.000513362875760065	False
9	64	additive	CPA_0.8.8	primary_state_pair	O	0.04739349593055965	0.04688013305479963	-0.0005133628757600234	False
9	64	additive	CPA_0.8.8	primary_state_pair	D	0.04739349593055965	0.04739349593055969	4.163336342344337e-17	False
9	64	additive	zero_effect	zero_effect_diagnostic	S	0.07764452843456893	0.07764452843456893	0.0	False
9	64	additive	zero_effect	zero_effect_diagnostic	M	0.07764452843456893	0.07764452843456893	0.0	False
9	64	additive	zero_effect	zero_effect_diagnostic	P	0.07764452843456893	0.0736120047025685	-0.004032523732000429	False
9	64	additive	zero_effect	zero_effect_diagnostic	O	0.07764452843456893	0.0736120047025685	-0.004032523732000429	False
9	64	additive	zero_effect	zero_effect_diagnostic	D	0.07764452843456893	0.0736120047025685	-0.004032523732000429	False
9	64	compositional_ridge	CPA_0.8.8	primary_state_pair	S	0.048184731995484974	0.048184731995484974	0.0	False
9	64	compositional_ridge	CPA_0.8.8	primary_state_pair	M	0.048184731995484974	0.048184731995484974	0.0	False
9	64	compositional_ridge	CPA_0.8.8	primary_state_pair	P	0.048184731995484974	0.04869809487124503	0.0005133628757600581	False
9	64	compositional_ridge	CPA_0.8.8	primary_state_pair	O	0.048184731995484974	0.04767136911972494	-0.0005133628757600303	False
9	64	compositional_ridge	CPA_0.8.8	primary_state_pair	D	0.048184731995484974	0.04818473199548501	3.469446951953614e-17	False
9	64	compositional_ridge	zero_effect	zero_effect_diagnostic	S	0.07843576449949424	0.07843576449949424	0.0	False
9	64	compositional_ridge	zero_effect	zero_effect_diagnostic	M	0.07843576449949424	0.07843576449949424	0.0	False
9	64	compositional_ridge	zero_effect	zero_effect_diagnostic	P	0.07843576449949424	0.07440324076749381	-0.004032523732000429	False
9	64	compositional_ridge	zero_effect	zero_effect_diagnostic	O	0.07843576449949424	0.07440324076749381	-0.004032523732000429	False
9	64	compositional_ridge	zero_effect	zero_effect_diagnostic	D	0.07843576449949424	0.07440324076749381	-0.004032523732000429	False
9	64	CPA_0.8.8	zero_effect	zero_effect_diagnostic	S	0.030251032504009276	0.030251032504009276	0.0	False
9	64	CPA_0.8.8	zero_effect	zero_effect_diagnostic	M	0.030251032504009276	0.030251032504009276	0.0	False
9	64	CPA_0.8.8	zero_effect	zero_effect_diagnostic	P	0.030251032504009276	0.025705145896248782	-0.004545886607760494	False
9	64	CPA_0.8.8	zero_effect	zero_effect_diagnostic	O	0.030251032504009276	0.02673187164776887	-0.0035191608562404053	False
9	64	CPA_0.8.8	zero_effect	zero_effect_diagnostic	D	0.030251032504009276	0.026218508772008806	-0.00403252373200047	False
9	128	additive	compositional_ridge	primary_state_pair	S	-0.0007912360649253228	-0.0007912360649253228	0.0	False
9	128	additive	compositional_ridge	primary_state_pair	M	-0.0007912360649253228	-0.0007912360649253228	0.0	False
9	128	additive	compositional_ridge	primary_state_pair	P	-0.0007912360649253228	-0.0007912360649253158	6.938893903907228e-18	False
9	128	additive	compositional_ridge	primary_state_pair	O	-0.0007912360649253228	-0.0007912360649253158	6.938893903907228e-18	False
9	128	additive	compositional_ridge	primary_state_pair	D	-0.0007912360649253228	-0.0007912360649253158	6.938893903907228e-18	False
9	128	additive	CPA_0.8.8	primary_state_pair	S	0.047678037580185434	0.047678037580185434	0.0	False
9	128	additive	CPA_0.8.8	primary_state_pair	M	0.047678037580185434	0.047678037580185434	0.0	False
9	128	additive	CPA_0.8.8	primary_state_pair	P	0.047678037580185434	0.04789102976246395	0.00021299218227851385	False
9	128	additive	CPA_0.8.8	primary_state_pair	O	0.047678037580185434	0.04746504539790695	-0.0002129921822784861	False
9	128	additive	CPA_0.8.8	primary_state_pair	D	0.047678037580185434	0.04767803758018544	6.938893903907228e-18	False
9	128	additive	zero_effect	zero_effect_diagnostic	S	0.0771918539112048	0.0771918539112048	0.0	False
9	128	additive	zero_effect	zero_effect_diagnostic	M	0.0771918539112048	0.0771918539112048	0.0	False
9	128	additive	zero_effect	zero_effect_diagnostic	P	0.0771918539112048	0.0752656877911275	-0.0019261661200773023	False
9	128	additive	zero_effect	zero_effect_diagnostic	O	0.0771918539112048	0.0752656877911275	-0.0019261661200773023	False
9	128	additive	zero_effect	zero_effect_diagnostic	D	0.0771918539112048	0.0752656877911275	-0.0019261661200773023	False
9	128	compositional_ridge	CPA_0.8.8	primary_state_pair	S	0.04846927364511076	0.04846927364511076	0.0	False
9	128	compositional_ridge	CPA_0.8.8	primary_state_pair	M	0.04846927364511076	0.04846927364511076	0.0	False
9	128	compositional_ridge	CPA_0.8.8	primary_state_pair	P	0.04846927364511076	0.048682265827389264	0.00021299218227850691	False
9	128	compositional_ridge	CPA_0.8.8	primary_state_pair	O	0.04846927364511076	0.048256281462832264	-0.00021299218227849304	False
9	128	compositional_ridge	CPA_0.8.8	primary_state_pair	D	0.04846927364511076	0.04846927364511076	0.0	False
9	128	compositional_ridge	zero_effect	zero_effect_diagnostic	S	0.07798308997613013	0.07798308997613013	0.0	False
9	128	compositional_ridge	zero_effect	zero_effect_diagnostic	M	0.07798308997613013	0.07798308997613013	0.0	False
9	128	compositional_ridge	zero_effect	zero_effect_diagnostic	P	0.07798308997613013	0.07605692385605281	-0.0019261661200773161	False
9	128	compositional_ridge	zero_effect	zero_effect_diagnostic	O	0.07798308997613013	0.07605692385605281	-0.0019261661200773161	False
9	128	compositional_ridge	zero_effect	zero_effect_diagnostic	D	0.07798308997613013	0.07605692385605281	-0.0019261661200773161	False
9	128	CPA_0.8.8	zero_effect	zero_effect_diagnostic	S	0.029513816331019363	0.029513816331019363	0.0	False
9	128	CPA_0.8.8	zero_effect	zero_effect_diagnostic	M	0.029513816331019363	0.029513816331019363	0.0	False
9	128	CPA_0.8.8	zero_effect	zero_effect_diagnostic	P	0.029513816331019363	0.027374658028663554	-0.002139158302355809	False
9	128	CPA_0.8.8	zero_effect	zero_effect_diagnostic	O	0.029513816331019363	0.027800642393220554	-0.0017131739377988092	False
9	128	CPA_0.8.8	zero_effect	zero_effect_diagnostic	D	0.029513816331019363	0.02758765021094206	-0.0019261661200773023	False
9	135	additive	compositional_ridge	primary_state_pair	S	-0.0007912360649253228	-0.0007912360649253228	0.0	False
9	135	additive	compositional_ridge	primary_state_pair	M	-0.0007912360649253228	-0.0007912360649253228	0.0	False
9	135	additive	compositional_ridge	primary_state_pair	P	-0.0007912360649253228	-0.0007912360649253124	1.0408340855860843e-17	False
9	135	additive	compositional_ridge	primary_state_pair	O	-0.0007912360649253228	-0.0007912360649253124	1.0408340855860843e-17	False
9	135	additive	compositional_ridge	primary_state_pair	D	-0.0007912360649253228	-0.0007912360649253124	1.0408340855860843e-17	False
9	135	additive	CPA_0.8.8	primary_state_pair	S	0.047710004048816104	0.047710004048816104	0.0	False
9	135	additive	CPA_0.8.8	primary_state_pair	M	0.047710004048816104	0.047710004048816104	0.0	False
9	135	additive	CPA_0.8.8	primary_state_pair	P	0.047710004048816104	0.047933173966184905	0.0002231699173688012	False
9	135	additive	CPA_0.8.8	primary_state_pair	O	0.047710004048816104	0.0474868341314473	-0.0002231699173688012	False
9	135	additive	CPA_0.8.8	primary_state_pair	D	0.047710004048816104	0.04771000404881609	-1.3877787807814457e-17	False
9	135	additive	zero_effect	zero_effect_diagnostic	S	0.07714316311135672	0.07714316311135672	0.0	False
9	135	additive	zero_effect	zero_effect_diagnostic	M	0.07714316311135672	0.07714316311135672	0.0	False
9	135	additive	zero_effect	zero_effect_diagnostic	P	0.07714316311135672	0.07530644316035412	-0.0018367199510025967	False
9	135	additive	zero_effect	zero_effect_diagnostic	O	0.07714316311135672	0.07530644316035412	-0.0018367199510025967	False
9	135	additive	zero_effect	zero_effect_diagnostic	D	0.07714316311135672	0.07530644316035412	-0.0018367199510025967	False
9	135	compositional_ridge	CPA_0.8.8	primary_state_pair	S	0.04850124011374143	0.04850124011374143	0.0	False
9	135	compositional_ridge	CPA_0.8.8	primary_state_pair	M	0.04850124011374143	0.04850124011374143	0.0	False
9	135	compositional_ridge	CPA_0.8.8	primary_state_pair	P	0.04850124011374143	0.04872441003111022	0.00022316991736879427	False
9	135	compositional_ridge	CPA_0.8.8	primary_state_pair	O	0.04850124011374143	0.04827807019637262	-0.00022316991736880815	False
9	135	compositional_ridge	CPA_0.8.8	primary_state_pair	D	0.04850124011374143	0.048501240113741406	-2.0816681711721685e-17	False
9	135	compositional_ridge	zero_effect	zero_effect_diagnostic	S	0.07793439917628203	0.07793439917628203	0.0	False
9	135	compositional_ridge	zero_effect	zero_effect_diagnostic	M	0.07793439917628203	0.07793439917628203	0.0	False
9	135	compositional_ridge	zero_effect	zero_effect_diagnostic	P	0.07793439917628203	0.07609767922527944	-0.0018367199510025967	False
9	135	compositional_ridge	zero_effect	zero_effect_diagnostic	O	0.07793439917628203	0.07609767922527944	-0.0018367199510025967	False
9	135	compositional_ridge	zero_effect	zero_effect_diagnostic	D	0.07793439917628203	0.07609767922527944	-0.0018367199510025967	False
9	135	CPA_0.8.8	zero_effect	zero_effect_diagnostic	S	0.029433159062540612	0.029433159062540612	0.0	False
9	135	CPA_0.8.8	zero_effect	zero_effect_diagnostic	M	0.029433159062540612	0.029433159062540612	0.0	False
9	135	CPA_0.8.8	zero_effect	zero_effect_diagnostic	P	0.029433159062540612	0.027373269194169214	-0.002059889868371398	False
9	135	CPA_0.8.8	zero_effect	zero_effect_diagnostic	O	0.029433159062540612	0.027819609028906817	-0.0016135500336337955	False
9	135	CPA_0.8.8	zero_effect	zero_effect_diagnostic	D	0.029433159062540612	0.02759643911153803	-0.0018367199510025828	False
10	8	additive	compositional_ridge	primary_state_pair	S	-0.0007912360649253228	-0.0007912360649253228	0.0	False
10	8	additive	compositional_ridge	primary_state_pair	M	-0.0007912360649253228	-0.0007912360649253228	0.0	False
10	8	additive	compositional_ridge	primary_state_pair	P	-0.0007912360649253228	-0.0007912360649253367	-1.3877787807814457e-17	False
10	8	additive	compositional_ridge	primary_state_pair	O	-0.0007912360649253228	-0.0007912360649253367	-1.3877787807814457e-17	False
10	8	additive	compositional_ridge	primary_state_pair	D	-0.0007912360649253228	-0.0007912360649253367	-1.3877787807814457e-17	False
10	8	additive	CPA_0.8.8	primary_state_pair	S	0.05106929993020487	0.05106929993020487	0.0	False
10	8	additive	CPA_0.8.8	primary_state_pair	M	0.05106929993020487	0.05106929993020487	0.0	False
10	8	additive	CPA_0.8.8	primary_state_pair	P	0.05106929993020487	0.05602423637933704	0.004954936449132169	False
10	8	additive	CPA_0.8.8	primary_state_pair	O	0.05106929993020487	0.04611436348107262	-0.004954936449132252	False
10	8	additive	CPA_0.8.8	primary_state_pair	D	0.05106929993020487	0.05106929993020487	0.0	False
10	8	additive	zero_effect	zero_effect_diagnostic	S	0.09343075837931072	0.09343075837931072	0.0	False
10	8	additive	zero_effect	zero_effect_diagnostic	M	0.09343075837931072	0.09343075837931072	0.0	False
10	8	additive	zero_effect	zero_effect_diagnostic	P	0.09343075837931072	0.060867714773671075	-0.03256304360563965	False
10	8	additive	zero_effect	zero_effect_diagnostic	O	0.09343075837931072	0.060867714773671075	-0.03256304360563965	False
10	8	additive	zero_effect	zero_effect_diagnostic	D	0.09343075837931072	0.060867714773671075	-0.03256304360563965	False
10	8	compositional_ridge	CPA_0.8.8	primary_state_pair	S	0.05186053599513019	0.05186053599513019	0.0	False
10	8	compositional_ridge	CPA_0.8.8	primary_state_pair	M	0.05186053599513019	0.05186053599513019	0.0	False
10	8	compositional_ridge	CPA_0.8.8	primary_state_pair	P	0.05186053599513019	0.056815472444262376	0.004954936449132183	False
10	8	compositional_ridge	CPA_0.8.8	primary_state_pair	O	0.05186053599513019	0.046905599545997954	-0.004954936449132238	False
10	8	compositional_ridge	CPA_0.8.8	primary_state_pair	D	0.05186053599513019	0.05186053599513021	1.3877787807814457e-17	False
10	8	compositional_ridge	zero_effect	zero_effect_diagnostic	S	0.09422199444423604	0.09422199444423604	0.0	False
10	8	compositional_ridge	zero_effect	zero_effect_diagnostic	M	0.09422199444423604	0.09422199444423604	0.0	False
10	8	compositional_ridge	zero_effect	zero_effect_diagnostic	P	0.09422199444423604	0.06165895083859641	-0.03256304360563963	False
10	8	compositional_ridge	zero_effect	zero_effect_diagnostic	O	0.09422199444423604	0.06165895083859641	-0.03256304360563963	False
10	8	compositional_ridge	zero_effect	zero_effect_diagnostic	D	0.09422199444423604	0.06165895083859641	-0.03256304360563963	False
10	8	CPA_0.8.8	zero_effect	zero_effect_diagnostic	S	0.042361458449105854	0.042361458449105854	0.0	False
10	8	CPA_0.8.8	zero_effect	zero_effect_diagnostic	M	0.042361458449105854	0.042361458449105854	0.0	False
10	8	CPA_0.8.8	zero_effect	zero_effect_diagnostic	P	0.042361458449105854	0.004843478394334036	-0.03751798005477182	False
10	8	CPA_0.8.8	zero_effect	zero_effect_diagnostic	O	0.042361458449105854	0.014753351292598457	-0.027608107156507397	False
10	8	CPA_0.8.8	zero_effect	zero_effect_diagnostic	D	0.042361458449105854	0.009798414843466205	-0.03256304360563965	False
10	16	additive	compositional_ridge	primary_state_pair	S	-0.0007912360649253228	-0.0007912360649253228	0.0	False
10	16	additive	compositional_ridge	primary_state_pair	M	-0.0007912360649253228	-0.0007912360649253228	0.0	False
10	16	additive	compositional_ridge	primary_state_pair	P	-0.0007912360649253228	-0.0007912360649253228	0.0	False
10	16	additive	compositional_ridge	primary_state_pair	O	-0.0007912360649253228	-0.0007912360649253228	0.0	False
10	16	additive	compositional_ridge	primary_state_pair	D	-0.0007912360649253228	-0.0007912360649253228	0.0	False
10	16	additive	CPA_0.8.8	primary_state_pair	S	0.04823859335428844	0.04823859335428844	0.0	False
10	16	additive	CPA_0.8.8	primary_state_pair	M	0.04823859335428844	0.04823859335428844	0.0	False
10	16	additive	CPA_0.8.8	primary_state_pair	P	0.04823859335428844	0.050073789786985796	0.0018351964326973544	False
10	16	additive	CPA_0.8.8	primary_state_pair	O	0.04823859335428844	0.04640339692159103	-0.00183519643269741	False
10	16	additive	CPA_0.8.8	primary_state_pair	D	0.04823859335428844	0.04823859335428841	-3.469446951953614e-17	False
10	16	additive	zero_effect	zero_effect_diagnostic	S	0.083151129278814	0.083151129278814	0.0	False
10	16	additive	zero_effect	zero_effect_diagnostic	M	0.083151129278814	0.083151129278814	0.0	False
10	16	additive	zero_effect	zero_effect_diagnostic	P	0.083151129278814	0.06759892438134218	-0.015552204897471819	False
10	16	additive	zero_effect	zero_effect_diagnostic	O	0.083151129278814	0.06759892438134218	-0.015552204897471819	False
10	16	additive	zero_effect	zero_effect_diagnostic	D	0.083151129278814	0.06759892438134218	-0.015552204897471819	False
10	16	compositional_ridge	CPA_0.8.8	primary_state_pair	S	0.049029829419213765	0.049029829419213765	0.0	False
10	16	compositional_ridge	CPA_0.8.8	primary_state_pair	M	0.049029829419213765	0.049029829419213765	0.0	False
10	16	compositional_ridge	CPA_0.8.8	primary_state_pair	P	0.049029829419213765	0.05086502585191112	0.0018351964326973544	False
10	16	compositional_ridge	CPA_0.8.8	primary_state_pair	O	0.049029829419213765	0.047194632986516355	-0.00183519643269741	False
10	16	compositional_ridge	CPA_0.8.8	primary_state_pair	D	0.049029829419213765	0.04902982941921373	-3.469446951953614e-17	False
10	16	compositional_ridge	zero_effect	zero_effect_diagnostic	S	0.08394236534373933	0.08394236534373933	0.0	False
10	16	compositional_ridge	zero_effect	zero_effect_diagnostic	M	0.08394236534373933	0.08394236534373933	0.0	False
10	16	compositional_ridge	zero_effect	zero_effect_diagnostic	P	0.08394236534373933	0.06839016044626751	-0.015552204897471819	False
10	16	compositional_ridge	zero_effect	zero_effect_diagnostic	O	0.08394236534373933	0.06839016044626751	-0.015552204897471819	False
10	16	compositional_ridge	zero_effect	zero_effect_diagnostic	D	0.08394236534373933	0.06839016044626751	-0.015552204897471819	False
10	16	CPA_0.8.8	zero_effect	zero_effect_diagnostic	S	0.03491253592452556	0.03491253592452556	0.0	False
10	16	CPA_0.8.8	zero_effect	zero_effect_diagnostic	M	0.03491253592452556	0.03491253592452556	0.0	False
10	16	CPA_0.8.8	zero_effect	zero_effect_diagnostic	P	0.03491253592452556	0.017525134594356395	-0.017387401330169167	False
10	16	CPA_0.8.8	zero_effect	zero_effect_diagnostic	O	0.03491253592452556	0.02119552745975116	-0.013717008464774402	False
10	16	CPA_0.8.8	zero_effect	zero_effect_diagnostic	D	0.03491253592452556	0.019360331027053784	-0.015552204897471777	False
10	32	additive	compositional_ridge	primary_state_pair	S	-0.0007912360649253228	-0.0007912360649253228	0.0	False
10	32	additive	compositional_ridge	primary_state_pair	M	-0.0007912360649253228	-0.0007912360649253228	0.0	False
10	32	additive	compositional_ridge	primary_state_pair	P	-0.0007912360649253228	-0.0007912360649253297	-6.938893903907228e-18	False
10	32	additive	compositional_ridge	primary_state_pair	O	-0.0007912360649253228	-0.0007912360649253297	-6.938893903907228e-18	False
10	32	additive	compositional_ridge	primary_state_pair	D	-0.0007912360649253228	-0.0007912360649253297	-6.938893903907228e-18	False
10	32	additive	CPA_0.8.8	primary_state_pair	S	0.04574337916259204	0.04574337916259204	0.0	False
10	32	additive	CPA_0.8.8	primary_state_pair	M	0.04574337916259204	0.045743379162592024	-1.3877787807814457e-17	False
10	32	additive	CPA_0.8.8	primary_state_pair	P	0.04574337916259204	0.046724942949805344	0.0009815637872133062	False
10	32	additive	CPA_0.8.8	primary_state_pair	O	0.04574337916259204	0.04476181537537869	-0.0009815637872133479	False
10	32	additive	CPA_0.8.8	primary_state_pair	D	0.04574337916259204	0.045743379162592	-3.469446951953614e-17	False
10	32	additive	zero_effect	zero_effect_diagnostic	S	0.07686048968803276	0.07686048968803276	0.0	False
10	32	additive	zero_effect	zero_effect_diagnostic	M	0.07686048968803276	0.07686048968803276	0.0	False
10	32	additive	zero_effect	zero_effect_diagnostic	P	0.07686048968803276	0.06892793240023082	-0.007932557287801942	False
10	32	additive	zero_effect	zero_effect_diagnostic	O	0.07686048968803276	0.06892793240023082	-0.007932557287801942	False
10	32	additive	zero_effect	zero_effect_diagnostic	D	0.07686048968803276	0.06892793240023082	-0.007932557287801942	False
10	32	compositional_ridge	CPA_0.8.8	primary_state_pair	S	0.04653461522751736	0.04653461522751736	0.0	False
10	32	compositional_ridge	CPA_0.8.8	primary_state_pair	M	0.04653461522751736	0.04653461522751735	-1.3877787807814457e-17	False
10	32	compositional_ridge	CPA_0.8.8	primary_state_pair	P	0.04653461522751736	0.047516179014730674	0.0009815637872133132	False
10	32	compositional_ridge	CPA_0.8.8	primary_state_pair	O	0.04653461522751736	0.04555305144030402	-0.000981563787213341	False
10	32	compositional_ridge	CPA_0.8.8	primary_state_pair	D	0.04653461522751736	0.04653461522751733	-2.7755575615628914e-17	False
10	32	compositional_ridge	zero_effect	zero_effect_diagnostic	S	0.07765172575295809	0.07765172575295809	0.0	False
10	32	compositional_ridge	zero_effect	zero_effect_diagnostic	M	0.07765172575295809	0.07765172575295809	0.0	False
10	32	compositional_ridge	zero_effect	zero_effect_diagnostic	P	0.07765172575295809	0.06971916846515616	-0.007932557287801928	False
10	32	compositional_ridge	zero_effect	zero_effect_diagnostic	O	0.07765172575295809	0.06971916846515616	-0.007932557287801928	False
10	32	compositional_ridge	zero_effect	zero_effect_diagnostic	D	0.07765172575295809	0.06971916846515616	-0.007932557287801928	False
10	32	CPA_0.8.8	zero_effect	zero_effect_diagnostic	S	0.031117110525440722	0.031117110525440722	0.0	False
10	32	CPA_0.8.8	zero_effect	zero_effect_diagnostic	M	0.031117110525440722	0.031117110525440736	1.3877787807814457e-17	False
10	32	CPA_0.8.8	zero_effect	zero_effect_diagnostic	P	0.031117110525440722	0.02220298945042548	-0.008914121075015241	False
10	32	CPA_0.8.8	zero_effect	zero_effect_diagnostic	O	0.031117110525440722	0.024166117024852135	-0.006950993500588587	False
10	32	CPA_0.8.8	zero_effect	zero_effect_diagnostic	D	0.031117110525440722	0.023184553237638822	-0.0079325572878019	False
10	64	additive	compositional_ridge	primary_state_pair	S	-0.0007912360649253228	-0.0007912360649253228	0.0	False
10	64	additive	compositional_ridge	primary_state_pair	M	-0.0007912360649253228	-0.0007912360649253228	0.0	False
10	64	additive	compositional_ridge	primary_state_pair	P	-0.0007912360649253228	-0.0007912360649253262	-3.469446951953614e-18	False
10	64	additive	compositional_ridge	primary_state_pair	O	-0.0007912360649253228	-0.0007912360649253262	-3.469446951953614e-18	False
10	64	additive	compositional_ridge	primary_state_pair	D	-0.0007912360649253228	-0.0007912360649253262	-3.469446951953614e-18	False
10	64	additive	CPA_0.8.8	primary_state_pair	S	0.04684133977102903	0.04684133977102903	0.0	False
10	64	additive	CPA_0.8.8	primary_state_pair	M	0.04684133977102903	0.04684133977102904	1.3877787807814457e-17	False
10	64	additive	CPA_0.8.8	primary_state_pair	P	0.04684133977102903	0.04736679266655658	0.0005254528955275506	False
10	64	additive	CPA_0.8.8	primary_state_pair	O	0.04684133977102903	0.04631588687550156	-0.0005254528955274673	False
10	64	additive	CPA_0.8.8	primary_state_pair	D	0.04684133977102903	0.0468413397710291	6.938893903907228e-17	False
10	64	additive	zero_effect	zero_effect_diagnostic	S	0.07643153799108844	0.07643153799108844	0.0	False
10	64	additive	zero_effect	zero_effect_diagnostic	M	0.07643153799108844	0.07643153799108844	0.0	False
10	64	additive	zero_effect	zero_effect_diagnostic	P	0.07643153799108844	0.07226686805505818	-0.004164669936030263	False
10	64	additive	zero_effect	zero_effect_diagnostic	O	0.07643153799108844	0.07226686805505818	-0.004164669936030263	False
10	64	additive	zero_effect	zero_effect_diagnostic	D	0.07643153799108844	0.07226686805505818	-0.004164669936030263	False
10	64	compositional_ridge	CPA_0.8.8	primary_state_pair	S	0.04763257583595435	0.04763257583595435	0.0	False
10	64	compositional_ridge	CPA_0.8.8	primary_state_pair	M	0.04763257583595435	0.047632575835954365	1.3877787807814457e-17	False
10	64	compositional_ridge	CPA_0.8.8	primary_state_pair	P	0.04763257583595435	0.0481580287314819	0.0005254528955275506	False
10	64	compositional_ridge	CPA_0.8.8	primary_state_pair	O	0.04763257583595435	0.047107122940426883	-0.0005254528955274673	False
10	64	compositional_ridge	CPA_0.8.8	primary_state_pair	D	0.04763257583595435	0.04763257583595442	6.938893903907228e-17	False
10	64	compositional_ridge	zero_effect	zero_effect_diagnostic	S	0.07722277405601377	0.07722277405601377	0.0	False
10	64	compositional_ridge	zero_effect	zero_effect_diagnostic	M	0.07722277405601377	0.07722277405601377	0.0	False
10	64	compositional_ridge	zero_effect	zero_effect_diagnostic	P	0.07722277405601377	0.07305810411998351	-0.004164669936030263	False
10	64	compositional_ridge	zero_effect	zero_effect_diagnostic	O	0.07722277405601377	0.07305810411998351	-0.004164669936030263	False
10	64	compositional_ridge	zero_effect	zero_effect_diagnostic	D	0.07722277405601377	0.07305810411998351	-0.004164669936030263	False
10	64	CPA_0.8.8	zero_effect	zero_effect_diagnostic	S	0.029590198220059413	0.029590198220059413	0.0	False
10	64	CPA_0.8.8	zero_effect	zero_effect_diagnostic	M	0.029590198220059413	0.0295901982200594	-1.3877787807814457e-17	False
10	64	CPA_0.8.8	zero_effect	zero_effect_diagnostic	P	0.029590198220059413	0.0249000753885016	-0.004690122831557814	False
10	64	CPA_0.8.8	zero_effect	zero_effect_diagnostic	O	0.029590198220059413	0.025950981179556618	-0.0036392170405027957	False
10	64	CPA_0.8.8	zero_effect	zero_effect_diagnostic	D	0.029590198220059413	0.02542552828402908	-0.004164669936030332	False
10	128	additive	compositional_ridge	primary_state_pair	S	-0.0007912360649253228	-0.0007912360649253228	0.0	False
10	128	additive	compositional_ridge	primary_state_pair	M	-0.0007912360649253228	-0.0007912360649253228	0.0	False
10	128	additive	compositional_ridge	primary_state_pair	P	-0.0007912360649253228	-0.0007912360649253158	6.938893903907228e-18	False
10	128	additive	compositional_ridge	primary_state_pair	O	-0.0007912360649253228	-0.0007912360649253158	6.938893903907228e-18	False
10	128	additive	compositional_ridge	primary_state_pair	D	-0.0007912360649253228	-0.0007912360649253158	6.938893903907228e-18	False
10	128	additive	CPA_0.8.8	primary_state_pair	S	0.04739329220992314	0.04739329220992314	0.0	False
10	128	additive	CPA_0.8.8	primary_state_pair	M	0.04739329220992314	0.04739329220992314	0.0	False
10	128	additive	CPA_0.8.8	primary_state_pair	P	0.04739329220992314	0.04764279610083933	0.00024950389091619313	False
10	128	additive	CPA_0.8.8	primary_state_pair	O	0.04739329220992314	0.04714378831900696	-0.00024950389091617925	False
10	128	additive	CPA_0.8.8	primary_state_pair	D	0.04739329220992314	0.04739329220992316	2.0816681711721685e-17	False
10	128	additive	zero_effect	zero_effect_diagnostic	S	0.07672405100493608	0.07672405100493608	0.0	False
10	128	additive	zero_effect	zero_effect_diagnostic	M	0.07672405100493608	0.07672405100493607	-1.3877787807814457e-17	False
10	128	additive	zero_effect	zero_effect_diagnostic	P	0.07672405100493608	0.0746675695924694	-0.0020564814124666847	False
10	128	additive	zero_effect	zero_effect_diagnostic	O	0.07672405100493608	0.0746675695924694	-0.0020564814124666847	False
10	128	additive	zero_effect	zero_effect_diagnostic	D	0.07672405100493608	0.0746675695924694	-0.0020564814124666847	False
10	128	compositional_ridge	CPA_0.8.8	primary_state_pair	S	0.04818452827484846	0.04818452827484846	0.0	False
10	128	compositional_ridge	CPA_0.8.8	primary_state_pair	M	0.04818452827484846	0.04818452827484846	0.0	False
10	128	compositional_ridge	CPA_0.8.8	primary_state_pair	P	0.04818452827484846	0.04843403216576465	0.0002495038909161862	False
10	128	compositional_ridge	CPA_0.8.8	primary_state_pair	O	0.04818452827484846	0.047935024383932275	-0.0002495038909161862	False
10	128	compositional_ridge	CPA_0.8.8	primary_state_pair	D	0.04818452827484846	0.048184528274848475	1.3877787807814457e-17	False
10	128	compositional_ridge	zero_effect	zero_effect_diagnostic	S	0.07751528706986141	0.07751528706986141	0.0	False
10	128	compositional_ridge	zero_effect	zero_effect_diagnostic	M	0.07751528706986141	0.07751528706986138	-2.7755575615628914e-17	False
10	128	compositional_ridge	zero_effect	zero_effect_diagnostic	P	0.07751528706986141	0.07545880565739471	-0.0020564814124666986	False
10	128	compositional_ridge	zero_effect	zero_effect_diagnostic	O	0.07751528706986141	0.07545880565739471	-0.0020564814124666986	False
10	128	compositional_ridge	zero_effect	zero_effect_diagnostic	D	0.07751528706986141	0.07545880565739471	-0.0020564814124666986	False
10	128	CPA_0.8.8	zero_effect	zero_effect_diagnostic	S	0.029330758795012943	0.029330758795012943	0.0	False
10	128	CPA_0.8.8	zero_effect	zero_effect_diagnostic	M	0.029330758795012943	0.02933075879501293	-1.3877787807814457e-17	False
10	128	CPA_0.8.8	zero_effect	zero_effect_diagnostic	P	0.029330758795012943	0.027024773491630072	-0.002305985303382871	False
10	128	CPA_0.8.8	zero_effect	zero_effect_diagnostic	O	0.029330758795012943	0.027523781273462444	-0.0018069775215504985	False
10	128	CPA_0.8.8	zero_effect	zero_effect_diagnostic	D	0.029330758795012943	0.027274277382546244	-0.0020564814124666986	False
10	135	additive	compositional_ridge	primary_state_pair	S	-0.0007912360649253228	-0.0007912360649253228	0.0	False
10	135	additive	compositional_ridge	primary_state_pair	M	-0.0007912360649253228	-0.0007912360649253228	0.0	False
10	135	additive	compositional_ridge	primary_state_pair	P	-0.0007912360649253228	-0.0007912360649253124	1.0408340855860843e-17	False
10	135	additive	compositional_ridge	primary_state_pair	O	-0.0007912360649253228	-0.0007912360649253124	1.0408340855860843e-17	False
10	135	additive	compositional_ridge	primary_state_pair	D	-0.0007912360649253228	-0.0007912360649253124	1.0408340855860843e-17	False
10	135	additive	CPA_0.8.8	primary_state_pair	S	0.04761264583085373	0.04761264583085373	0.0	False
10	135	additive	CPA_0.8.8	primary_state_pair	M	0.04761264583085373	0.04761264583085373	0.0	False
10	135	additive	CPA_0.8.8	primary_state_pair	P	0.04761264583085373	0.04781284424929405	0.0002001984184403227	False
10	135	additive	CPA_0.8.8	primary_state_pair	O	0.04761264583085373	0.04741244741241345	-0.00020019841844028108	False
10	135	additive	CPA_0.8.8	primary_state_pair	D	0.04761264583085373	0.04761264583085373	0.0	False
10	135	additive	zero_effect	zero_effect_diagnostic	S	0.07692428250244233	0.07692428250244233	0.0	False
10	135	additive	zero_effect	zero_effect_diagnostic	M	0.07692428250244233	0.07692428250244233	0.0	False
10	135	additive	zero_effect	zero_effect_diagnostic	P	0.07692428250244233	0.07503161024226308	-0.0018926722601792512	False
10	135	additive	zero_effect	zero_effect_diagnostic	O	0.07692428250244233	0.07503161024226308	-0.0018926722601792512	False
10	135	additive	zero_effect	zero_effect_diagnostic	D	0.07692428250244233	0.07503161024226308	-0.0018926722601792512	False
10	135	compositional_ridge	CPA_0.8.8	primary_state_pair	S	0.04840388189577905	0.04840388189577905	0.0	False
10	135	compositional_ridge	CPA_0.8.8	primary_state_pair	M	0.04840388189577905	0.04840388189577905	0.0	False
10	135	compositional_ridge	CPA_0.8.8	primary_state_pair	P	0.04840388189577905	0.04860408031421937	0.00020019841844031577	False
10	135	compositional_ridge	CPA_0.8.8	primary_state_pair	O	0.04840388189577905	0.04820368347733876	-0.00020019841844028802	False
10	135	compositional_ridge	CPA_0.8.8	primary_state_pair	D	0.04840388189577905	0.048403881895779044	-6.938893903907228e-18	False
10	135	compositional_ridge	zero_effect	zero_effect_diagnostic	S	0.07771551856736766	0.07771551856736766	0.0	False
10	135	compositional_ridge	zero_effect	zero_effect_diagnostic	M	0.07771551856736766	0.07771551856736766	0.0	False
10	135	compositional_ridge	zero_effect	zero_effect_diagnostic	P	0.07771551856736766	0.0758228463071884	-0.001892672260179265	False
10	135	compositional_ridge	zero_effect	zero_effect_diagnostic	O	0.07771551856736766	0.0758228463071884	-0.001892672260179265	False
10	135	compositional_ridge	zero_effect	zero_effect_diagnostic	D	0.07771551856736766	0.0758228463071884	-0.001892672260179265	False
10	135	CPA_0.8.8	zero_effect	zero_effect_diagnostic	S	0.029311636671588606	0.029311636671588606	0.0	False
10	135	CPA_0.8.8	zero_effect	zero_effect_diagnostic	M	0.029311636671588606	0.029311636671588606	0.0	False
10	135	CPA_0.8.8	zero_effect	zero_effect_diagnostic	P	0.029311636671588606	0.027218765992969032	-0.002092870678619574	False
10	135	CPA_0.8.8	zero_effect	zero_effect_diagnostic	O	0.029311636671588606	0.027619162829849636	-0.00169247384173897	False
10	135	CPA_0.8.8	zero_effect	zero_effect_diagnostic	D	0.029311636671588606	0.027418964411409355	-0.0018926722601792512	False
11	8	additive	compositional_ridge	primary_state_pair	S	-0.0007912360649253228	-0.0007912360649253228	0.0	False
11	8	additive	compositional_ridge	primary_state_pair	M	-0.0007912360649253228	-0.0007912360649253228	0.0	False
11	8	additive	compositional_ridge	primary_state_pair	P	-0.0007912360649253228	-0.0007912360649253436	-2.0816681711721685e-17	False
11	8	additive	compositional_ridge	primary_state_pair	O	-0.0007912360649253228	-0.0007912360649253436	-2.0816681711721685e-17	False
11	8	additive	compositional_ridge	primary_state_pair	D	-0.0007912360649253228	-0.0007912360649253436	-2.0816681711721685e-17	False
11	8	additive	CPA_0.8.8	primary_state_pair	S	0.05292285926756091	0.05292285926756091	0.0	False
11	8	additive	CPA_0.8.8	primary_state_pair	M	0.05292285926756091	0.05292285926756091	0.0	False
11	8	additive	CPA_0.8.8	primary_state_pair	P	0.05292285926756091	0.05923222705701015	0.006309367789449245	False
11	8	additive	CPA_0.8.8	primary_state_pair	O	0.05292285926756091	0.04661349147811162	-0.006309367789449287	False
11	8	additive	CPA_0.8.8	primary_state_pair	D	0.05292285926756091	0.05292285926756086	-4.85722573273506e-17	False
11	8	additive	zero_effect	zero_effect_diagnostic	S	0.09646640342790772	0.09646640342790772	0.0	False
11	8	additive	zero_effect	zero_effect_diagnostic	M	0.09646640342790772	0.0964664034279077	-1.3877787807814457e-17	False
11	8	additive	zero_effect	zero_effect_diagnostic	P	0.09646640342790772	0.062437026373688996	-0.03402937705421872	False
11	8	additive	zero_effect	zero_effect_diagnostic	O	0.09646640342790772	0.062437026373688996	-0.03402937705421872	False
11	8	additive	zero_effect	zero_effect_diagnostic	D	0.09646640342790772	0.062437026373688996	-0.03402937705421872	False
11	8	compositional_ridge	CPA_0.8.8	primary_state_pair	S	0.05371409533248623	0.05371409533248623	0.0	False
11	8	compositional_ridge	CPA_0.8.8	primary_state_pair	M	0.05371409533248623	0.05371409533248623	0.0	False
11	8	compositional_ridge	CPA_0.8.8	primary_state_pair	P	0.05371409533248623	0.060023463121935496	0.006309367789449266	False
11	8	compositional_ridge	CPA_0.8.8	primary_state_pair	O	0.05371409533248623	0.04740472754303696	-0.006309367789449266	False
11	8	compositional_ridge	CPA_0.8.8	primary_state_pair	D	0.05371409533248623	0.0537140953324862	-2.7755575615628914e-17	False
11	8	compositional_ridge	zero_effect	zero_effect_diagnostic	S	0.09725763949283303	0.09725763949283303	0.0	False
11	8	compositional_ridge	zero_effect	zero_effect_diagnostic	M	0.09725763949283303	0.09725763949283303	0.0	False
11	8	compositional_ridge	zero_effect	zero_effect_diagnostic	P	0.09725763949283303	0.06322826243861435	-0.034029377054218685	False
11	8	compositional_ridge	zero_effect	zero_effect_diagnostic	O	0.09725763949283303	0.06322826243861435	-0.034029377054218685	False
11	8	compositional_ridge	zero_effect	zero_effect_diagnostic	D	0.09725763949283303	0.06322826243861435	-0.034029377054218685	False
11	8	CPA_0.8.8	zero_effect	zero_effect_diagnostic	S	0.04354354416034681	0.04354354416034681	0.0	False
11	8	CPA_0.8.8	zero_effect	zero_effect_diagnostic	M	0.04354354416034681	0.043543544160346795	-1.3877787807814457e-17	False
11	8	CPA_0.8.8	zero_effect	zero_effect_diagnostic	P	0.04354354416034681	0.003204799316678844	-0.040338744843667965	False
11	8	CPA_0.8.8	zero_effect	zero_effect_diagnostic	O	0.04354354416034681	0.015823534895577376	-0.027720009264769432	False
11	8	CPA_0.8.8	zero_effect	zero_effect_diagnostic	D	0.04354354416034681	0.009514167106128138	-0.03402937705421867	False
11	16	additive	compositional_ridge	primary_state_pair	S	-0.0007912360649253228	-0.0007912360649253228	0.0	False
11	16	additive	compositional_ridge	primary_state_pair	M	-0.0007912360649253228	-0.0007912360649253228	0.0	False
11	16	additive	compositional_ridge	primary_state_pair	P	-0.0007912360649253228	-0.0007912360649253367	-1.3877787807814457e-17	False
11	16	additive	compositional_ridge	primary_state_pair	O	-0.0007912360649253228	-0.0007912360649253367	-1.3877787807814457e-17	False
11	16	additive	compositional_ridge	primary_state_pair	D	-0.0007912360649253228	-0.0007912360649253367	-1.3877787807814457e-17	False
11	16	additive	CPA_0.8.8	primary_state_pair	S	0.0485658702304141	0.0485658702304141	0.0	False
11	16	additive	CPA_0.8.8	primary_state_pair	M	0.0485658702304141	0.0485658702304141	0.0	False
11	16	additive	CPA_0.8.8	primary_state_pair	P	0.0485658702304141	0.05108121067450975	0.002515340444095647	False
11	16	additive	CPA_0.8.8	primary_state_pair	O	0.0485658702304141	0.04605052978631848	-0.0025153404440956192	False
11	16	additive	CPA_0.8.8	primary_state_pair	D	0.0485658702304141	0.04856587023041411	6.938893903907228e-18	False
11	16	additive	zero_effect	zero_effect_diagnostic	S	0.08478886676040674	0.08478886676040674	0.0	False
11	16	additive	zero_effect	zero_effect_diagnostic	M	0.08478886676040674	0.08478886676040674	0.0	False
11	16	additive	zero_effect	zero_effect_diagnostic	P	0.08478886676040674	0.06860653665547609	-0.016182330104930656	False
11	16	additive	zero_effect	zero_effect_diagnostic	O	0.08478886676040674	0.06860653665547609	-0.016182330104930656	False
11	16	additive	zero_effect	zero_effect_diagnostic	D	0.08478886676040674	0.06860653665547609	-0.016182330104930656	False
11	16	compositional_ridge	CPA_0.8.8	primary_state_pair	S	0.049357106295339424	0.049357106295339424	0.0	False
11	16	compositional_ridge	CPA_0.8.8	primary_state_pair	M	0.049357106295339424	0.049357106295339424	0.0	False
11	16	compositional_ridge	CPA_0.8.8	primary_state_pair	P	0.049357106295339424	0.051872446739435085	0.002515340444095661	False
11	16	compositional_ridge	CPA_0.8.8	primary_state_pair	O	0.049357106295339424	0.04684176585124382	-0.0025153404440956054	False
11	16	compositional_ridge	CPA_0.8.8	primary_state_pair	D	0.049357106295339424	0.049357106295339445	2.0816681711721685e-17	False
11	16	compositional_ridge	zero_effect	zero_effect_diagnostic	S	0.08558010282533207	0.08558010282533207	0.0	False
11	16	compositional_ridge	zero_effect	zero_effect_diagnostic	M	0.08558010282533207	0.08558010282533207	0.0	False
11	16	compositional_ridge	zero_effect	zero_effect_diagnostic	P	0.08558010282533207	0.06939777272040143	-0.016182330104930642	False
11	16	compositional_ridge	zero_effect	zero_effect_diagnostic	O	0.08558010282533207	0.06939777272040143	-0.016182330104930642	False
11	16	compositional_ridge	zero_effect	zero_effect_diagnostic	D	0.08558010282533207	0.06939777272040143	-0.016182330104930642	False
11	16	CPA_0.8.8	zero_effect	zero_effect_diagnostic	S	0.03622299652999264	0.03622299652999264	0.0	False
11	16	CPA_0.8.8	zero_effect	zero_effect_diagnostic	M	0.03622299652999264	0.03622299652999264	0.0	False
11	16	CPA_0.8.8	zero_effect	zero_effect_diagnostic	P	0.03622299652999264	0.017525325980966344	-0.018697670549026296	False
11	16	CPA_0.8.8	zero_effect	zero_effect_diagnostic	O	0.03622299652999264	0.02255600686915761	-0.01366698966083503	False
11	16	CPA_0.8.8	zero_effect	zero_effect_diagnostic	D	0.03622299652999264	0.020040666425061984	-0.016182330104930656	False
11	32	additive	compositional_ridge	primary_state_pair	S	-0.0007912360649253228	-0.0007912360649253228	0.0	False
11	32	additive	compositional_ridge	primary_state_pair	M	-0.0007912360649253228	-0.0007912360649253228	0.0	False
11	32	additive	compositional_ridge	primary_state_pair	P	-0.0007912360649253228	-0.0007912360649253089	1.3877787807814457e-17	False
11	32	additive	compositional_ridge	primary_state_pair	O	-0.0007912360649253228	-0.0007912360649253089	1.3877787807814457e-17	False
11	32	additive	compositional_ridge	primary_state_pair	D	-0.0007912360649253228	-0.0007912360649253089	1.3877787807814457e-17	False
11	32	additive	CPA_0.8.8	primary_state_pair	S	0.04748340376757046	0.04748340376757046	0.0	False
11	32	additive	CPA_0.8.8	primary_state_pair	M	0.04748340376757046	0.04748340376757046	0.0	False
11	32	additive	CPA_0.8.8	primary_state_pair	P	0.04748340376757046	0.04859941777136798	0.0011160140037975233	False
11	32	additive	CPA_0.8.8	primary_state_pair	O	0.04748340376757046	0.04636738976377299	-0.0011160140037974678	False
11	32	additive	CPA_0.8.8	primary_state_pair	D	0.04748340376757046	0.047483403767570466	6.938893903907228e-18	False
11	32	additive	zero_effect	zero_effect_diagnostic	S	0.07966608340168162	0.07966608340168162	0.0	False
11	32	additive	zero_effect	zero_effect_diagnostic	M	0.07966608340168162	0.07966608340168162	0.0	False
11	32	additive	zero_effect	zero_effect_diagnostic	P	0.07966608340168162	0.0717880512655262	-0.007878032136155413	False
11	32	additive	zero_effect	zero_effect_diagnostic	O	0.07966608340168162	0.0717880512655262	-0.007878032136155413	False
11	32	additive	zero_effect	zero_effect_diagnostic	D	0.07966608340168162	0.0717880512655262	-0.007878032136155413	False
11	32	compositional_ridge	CPA_0.8.8	primary_state_pair	S	0.04827463983249578	0.04827463983249578	0.0	False
11	32	compositional_ridge	CPA_0.8.8	primary_state_pair	M	0.04827463983249578	0.04827463983249578	0.0	False
11	32	compositional_ridge	CPA_0.8.8	primary_state_pair	P	0.04827463983249578	0.04939065383629329	0.0011160140037975094	False
11	32	compositional_ridge	CPA_0.8.8	primary_state_pair	O	0.04827463983249578	0.0471586258286983	-0.0011160140037974817	False
11	32	compositional_ridge	CPA_0.8.8	primary_state_pair	D	0.04827463983249578	0.048274639832495775	-6.938893903907228e-18	False
11	32	compositional_ridge	zero_effect	zero_effect_diagnostic	S	0.08045731946660695	0.08045731946660695	0.0	False
11	32	compositional_ridge	zero_effect	zero_effect_diagnostic	M	0.08045731946660695	0.08045731946660695	0.0	False
11	32	compositional_ridge	zero_effect	zero_effect_diagnostic	P	0.08045731946660695	0.0725792873304515	-0.007878032136155441	False
11	32	compositional_ridge	zero_effect	zero_effect_diagnostic	O	0.08045731946660695	0.0725792873304515	-0.007878032136155441	False
11	32	compositional_ridge	zero_effect	zero_effect_diagnostic	D	0.08045731946660695	0.0725792873304515	-0.007878032136155441	False
11	32	CPA_0.8.8	zero_effect	zero_effect_diagnostic	S	0.03218267963411116	0.03218267963411116	0.0	False
11	32	CPA_0.8.8	zero_effect	zero_effect_diagnostic	M	0.03218267963411116	0.03218267963411116	0.0	False
11	32	CPA_0.8.8	zero_effect	zero_effect_diagnostic	P	0.03218267963411116	0.023188633494158215	-0.008994046139952944	False
11	32	CPA_0.8.8	zero_effect	zero_effect_diagnostic	O	0.03218267963411116	0.025420661501753206	-0.006762018132357953	False
11	32	CPA_0.8.8	zero_effect	zero_effect_diagnostic	D	0.03218267963411116	0.02430464749795573	-0.007878032136155427	False
11	64	additive	compositional_ridge	primary_state_pair	S	-0.0007912360649253228	-0.0007912360649253228	0.0	False
11	64	additive	compositional_ridge	primary_state_pair	M	-0.0007912360649253228	-0.0007912360649253228	0.0	False
11	64	additive	compositional_ridge	primary_state_pair	P	-0.0007912360649253228	-0.0007912360649253228	0.0	False
11	64	additive	compositional_ridge	primary_state_pair	O	-0.0007912360649253228	-0.0007912360649253228	0.0	False
11	64	additive	compositional_ridge	primary_state_pair	D	-0.0007912360649253228	-0.0007912360649253228	0.0	False
11	64	additive	CPA_0.8.8	primary_state_pair	S	0.04715540277033492	0.04715540277033492	0.0	False
11	64	additive	CPA_0.8.8	primary_state_pair	M	0.04715540277033492	0.04715540277033492	0.0	False
11	64	additive	CPA_0.8.8	primary_state_pair	P	0.04715540277033492	0.0477133325092956	0.000557929738960683	False
11	64	additive	CPA_0.8.8	primary_state_pair	O	0.04715540277033492	0.04659747303137424	-0.000557929738960683	False
11	64	additive	CPA_0.8.8	primary_state_pair	D	0.04715540277033492	0.047155402770334934	1.3877787807814457e-17	False
11	64	additive	zero_effect	zero_effect_diagnostic	S	0.07736155919523385	0.07736155919523385	0.0	False
11	64	additive	zero_effect	zero_effect_diagnostic	M	0.07736155919523385	0.07736155919523385	0.0	False
11	64	additive	zero_effect	zero_effect_diagnostic	P	0.07736155919523385	0.07338500966697875	-0.003976549528255102	False
11	64	additive	zero_effect	zero_effect_diagnostic	O	0.07736155919523385	0.07338500966697875	-0.003976549528255102	False
11	64	additive	zero_effect	zero_effect_diagnostic	D	0.07736155919523385	0.07338500966697875	-0.003976549528255102	False
11	64	compositional_ridge	CPA_0.8.8	primary_state_pair	S	0.04794663883526024	0.04794663883526024	0.0	False
11	64	compositional_ridge	CPA_0.8.8	primary_state_pair	M	0.04794663883526024	0.04794663883526024	0.0	False
11	64	compositional_ridge	CPA_0.8.8	primary_state_pair	P	0.04794663883526024	0.04850456857422092	0.000557929738960676	False
11	64	compositional_ridge	CPA_0.8.8	primary_state_pair	O	0.04794663883526024	0.04738870909629955	-0.0005579297389606899	False
11	64	compositional_ridge	CPA_0.8.8	primary_state_pair	D	0.04794663883526024	0.04794663883526025	6.938893903907228e-18	False
11	64	compositional_ridge	zero_effect	zero_effect_diagnostic	S	0.07815279526015917	0.07815279526015917	0.0	False
11	64	compositional_ridge	zero_effect	zero_effect_diagnostic	M	0.07815279526015917	0.07815279526015917	0.0	False
11	64	compositional_ridge	zero_effect	zero_effect_diagnostic	P	0.07815279526015917	0.07417624573190407	-0.003976549528255102	False
11	64	compositional_ridge	zero_effect	zero_effect_diagnostic	O	0.07815279526015917	0.07417624573190407	-0.003976549528255102	False
11	64	compositional_ridge	zero_effect	zero_effect_diagnostic	D	0.07815279526015917	0.07417624573190407	-0.003976549528255102	False
11	64	CPA_0.8.8	zero_effect	zero_effect_diagnostic	S	0.030206156424898933	0.030206156424898933	0.0	False
11	64	CPA_0.8.8	zero_effect	zero_effect_diagnostic	M	0.030206156424898933	0.030206156424898933	0.0	False
11	64	CPA_0.8.8	zero_effect	zero_effect_diagnostic	P	0.030206156424898933	0.025671677157683148	-0.004534479267215785	False
11	64	CPA_0.8.8	zero_effect	zero_effect_diagnostic	O	0.030206156424898933	0.026787536635604514	-0.0034186197892944192	False
11	64	CPA_0.8.8	zero_effect	zero_effect_diagnostic	D	0.030206156424898933	0.026229606896643817	-0.003976549528255116	False
11	128	additive	compositional_ridge	primary_state_pair	S	-0.0007912360649253228	-0.0007912360649253228	0.0	False
11	128	additive	compositional_ridge	primary_state_pair	M	-0.0007912360649253228	-0.0007912360649253228	0.0	False
11	128	additive	compositional_ridge	primary_state_pair	P	-0.0007912360649253228	-0.0007912360649253297	-6.938893903907228e-18	False
11	128	additive	compositional_ridge	primary_state_pair	O	-0.0007912360649253228	-0.0007912360649253297	-6.938893903907228e-18	False
11	128	additive	compositional_ridge	primary_state_pair	D	-0.0007912360649253228	-0.0007912360649253297	-6.938893903907228e-18	False
11	128	additive	CPA_0.8.8	primary_state_pair	S	0.04745963720667318	0.04745963720667318	0.0	False
11	128	additive	CPA_0.8.8	primary_state_pair	M	0.04745963720667318	0.04745963720667318	0.0	False
11	128	additive	CPA_0.8.8	primary_state_pair	P	0.04745963720667318	0.04776355231833085	0.00030391511165767104	False
11	128	additive	CPA_0.8.8	primary_state_pair	O	0.04745963720667318	0.04715572209501549	-0.0003039151116576849	False
11	128	additive	CPA_0.8.8	primary_state_pair	D	0.04745963720667318	0.04745963720667319	1.3877787807814457e-17	False
11	128	additive	zero_effect	zero_effect_diagnostic	S	0.07684363429417751	0.07684363429417751	0.0	False
11	128	additive	zero_effect	zero_effect_diagnostic	M	0.07684363429417751	0.0768436342941775	-1.3877787807814457e-17	False
11	128	additive	zero_effect	zero_effect_diagnostic	P	0.07684363429417751	0.07482692912991357	-0.0020167051642639433	False
11	128	additive	zero_effect	zero_effect_diagnostic	O	0.07684363429417751	0.07482692912991357	-0.0020167051642639433	False
11	128	additive	zero_effect	zero_effect_diagnostic	D	0.07684363429417751	0.07482692912991357	-0.0020167051642639433	False
11	128	compositional_ridge	CPA_0.8.8	primary_state_pair	S	0.0482508732715985	0.0482508732715985	0.0	False
11	128	compositional_ridge	CPA_0.8.8	primary_state_pair	M	0.0482508732715985	0.0482508732715985	0.0	False
11	128	compositional_ridge	CPA_0.8.8	primary_state_pair	P	0.0482508732715985	0.04855478838325618	0.000303915111657678	False
11	128	compositional_ridge	CPA_0.8.8	primary_state_pair	O	0.0482508732715985	0.04794695815994082	-0.000303915111657678	False
11	128	compositional_ridge	CPA_0.8.8	primary_state_pair	D	0.0482508732715985	0.04825087327159852	2.0816681711721685e-17	False
11	128	compositional_ridge	zero_effect	zero_effect_diagnostic	S	0.07763487035910283	0.07763487035910283	0.0	False
11	128	compositional_ridge	zero_effect	zero_effect_diagnostic	M	0.07763487035910283	0.07763487035910283	0.0	False
11	128	compositional_ridge	zero_effect	zero_effect_diagnostic	P	0.07763487035910283	0.0756181651948389	-0.0020167051642639294	False
11	128	compositional_ridge	zero_effect	zero_effect_diagnostic	O	0.07763487035910283	0.0756181651948389	-0.0020167051642639294	False
11	128	compositional_ridge	zero_effect	zero_effect_diagnostic	D	0.07763487035910283	0.0756181651948389	-0.0020167051642639294	False
11	128	CPA_0.8.8	zero_effect	zero_effect_diagnostic	S	0.029383997087504332	0.029383997087504332	0.0	False
11	128	CPA_0.8.8	zero_effect	zero_effect_diagnostic	M	0.029383997087504332	0.02938399708750432	-1.3877787807814457e-17	False
11	128	CPA_0.8.8	zero_effect	zero_effect_diagnostic	P	0.029383997087504332	0.027063376811582718	-0.0023206202759216144	False
11	128	CPA_0.8.8	zero_effect	zero_effect_diagnostic	O	0.029383997087504332	0.027671207034898074	-0.0017127900526062584	False
11	128	CPA_0.8.8	zero_effect	zero_effect_diagnostic	D	0.029383997087504332	0.027367291923240375	-0.002016705164263957	False
11	135	additive	compositional_ridge	primary_state_pair	S	-0.0007912360649253228	-0.0007912360649253228	0.0	False
11	135	additive	compositional_ridge	primary_state_pair	M	-0.0007912360649253228	-0.0007912360649253228	0.0	False
11	135	additive	compositional_ridge	primary_state_pair	P	-0.0007912360649253228	-0.0007912360649253124	1.0408340855860843e-17	False
11	135	additive	compositional_ridge	primary_state_pair	O	-0.0007912360649253228	-0.0007912360649253124	1.0408340855860843e-17	False
11	135	additive	compositional_ridge	primary_state_pair	D	-0.0007912360649253228	-0.0007912360649253124	1.0408340855860843e-17	False
11	135	additive	CPA_0.8.8	primary_state_pair	S	0.047396324919810065	0.047396324919810065	0.0	False
11	135	additive	CPA_0.8.8	primary_state_pair	M	0.047396324919810065	0.047396324919810065	0.0	False
11	135	additive	CPA_0.8.8	primary_state_pair	P	0.047396324919810065	0.04769994696813408	0.00030362204832401485	False
11	135	additive	CPA_0.8.8	primary_state_pair	O	0.047396324919810065	0.04709270287148613	-0.0003036220483239316	False
11	135	additive	CPA_0.8.8	primary_state_pair	D	0.047396324919810065	0.04739632491981011	4.163336342344337e-17	False
11	135	additive	zero_effect	zero_effect_diagnostic	S	0.07668949679427371	0.07668949679427371	0.0	False
11	135	additive	zero_effect	zero_effect_diagnostic	M	0.07668949679427371	0.07668949679427371	0.0	False
11	135	additive	zero_effect	zero_effect_diagnostic	P	0.07668949679427371	0.07475556034077757	-0.0019339364534961406	False
11	135	additive	zero_effect	zero_effect_diagnostic	O	0.07668949679427371	0.07475556034077757	-0.0019339364534961406	False
11	135	additive	zero_effect	zero_effect_diagnostic	D	0.07668949679427371	0.07475556034077757	-0.0019339364534961406	False
11	135	compositional_ridge	CPA_0.8.8	primary_state_pair	S	0.04818756098473539	0.04818756098473539	0.0	False
11	135	compositional_ridge	CPA_0.8.8	primary_state_pair	M	0.04818756098473539	0.04818756098473539	0.0	False
11	135	compositional_ridge	CPA_0.8.8	primary_state_pair	P	0.04818756098473539	0.048491183033059396	0.0003036220483240079	False
11	135	compositional_ridge	CPA_0.8.8	primary_state_pair	O	0.04818756098473539	0.04788393893641145	-0.0003036220483239385	False
11	135	compositional_ridge	CPA_0.8.8	primary_state_pair	D	0.04818756098473539	0.04818756098473542	3.469446951953614e-17	False
11	135	compositional_ridge	zero_effect	zero_effect_diagnostic	S	0.07748073285919904	0.07748073285919904	0.0	False
11	135	compositional_ridge	zero_effect	zero_effect_diagnostic	M	0.07748073285919904	0.07748073285919904	0.0	False
11	135	compositional_ridge	zero_effect	zero_effect_diagnostic	P	0.07748073285919904	0.07554679640570289	-0.0019339364534961545	False
11	135	compositional_ridge	zero_effect	zero_effect_diagnostic	O	0.07748073285919904	0.07554679640570289	-0.0019339364534961545	False
11	135	compositional_ridge	zero_effect	zero_effect_diagnostic	D	0.07748073285919904	0.07554679640570289	-0.0019339364534961545	False
11	135	CPA_0.8.8	zero_effect	zero_effect_diagnostic	S	0.029293171874463647	0.029293171874463647	0.0	False
11	135	CPA_0.8.8	zero_effect	zero_effect_diagnostic	M	0.029293171874463647	0.029293171874463647	0.0	False
11	135	CPA_0.8.8	zero_effect	zero_effect_diagnostic	P	0.029293171874463647	0.02705561337264349	-0.0022375585018201555	False
11	135	CPA_0.8.8	zero_effect	zero_effect_diagnostic	O	0.029293171874463647	0.027662857469291438	-0.001630314405172209	False
11	135	CPA_0.8.8	zero_effect	zero_effect_diagnostic	D	0.029293171874463647	0.027359235420967465	-0.0019339364534961823	False
12	8	additive	compositional_ridge	primary_state_pair	S	-0.0007912360649253228	-0.0007912360649253228	0.0	False
12	8	additive	compositional_ridge	primary_state_pair	M	-0.0007912360649253228	-0.0007912360649253228	0.0	False
12	8	additive	compositional_ridge	primary_state_pair	P	-0.0007912360649253228	-0.0007912360649253228	0.0	False
12	8	additive	compositional_ridge	primary_state_pair	O	-0.0007912360649253228	-0.0007912360649253228	0.0	False
12	8	additive	compositional_ridge	primary_state_pair	D	-0.0007912360649253228	-0.0007912360649253228	0.0	False
12	8	additive	CPA_0.8.8	primary_state_pair	S	0.0469689694042362	0.0469689694042362	0.0	False
12	8	additive	CPA_0.8.8	primary_state_pair	M	0.0469689694042362	0.0469689694042362	0.0	False
12	8	additive	CPA_0.8.8	primary_state_pair	P	0.0469689694042362	0.049553262533340615	0.002584293129104416	False
12	8	additive	CPA_0.8.8	primary_state_pair	O	0.0469689694042362	0.04438467627513184	-0.0025842931291043605	False
12	8	additive	CPA_0.8.8	primary_state_pair	D	0.0469689694042362	0.046968969404236206	6.938893903907228e-18	False
12	8	additive	zero_effect	zero_effect_diagnostic	S	0.08962393769449402	0.08962393769449402	0.0	False
12	8	additive	zero_effect	zero_effect_diagnostic	M	0.08962393769449402	0.08962393769449402	0.0	False
12	8	additive	zero_effect	zero_effect_diagnostic	P	0.08962393769449402	0.059531789706016296	-0.030092147988477723	False
12	8	additive	zero_effect	zero_effect_diagnostic	O	0.08962393769449402	0.059531789706016296	-0.030092147988477723	False
12	8	additive	zero_effect	zero_effect_diagnostic	D	0.08962393769449402	0.059531789706016296	-0.030092147988477723	False
12	8	compositional_ridge	CPA_0.8.8	primary_state_pair	S	0.04776020546916152	0.04776020546916152	0.0	False
12	8	compositional_ridge	CPA_0.8.8	primary_state_pair	M	0.04776020546916152	0.04776020546916152	0.0	False
12	8	compositional_ridge	CPA_0.8.8	primary_state_pair	P	0.04776020546916152	0.05034449859826594	0.002584293129104416	False
12	8	compositional_ridge	CPA_0.8.8	primary_state_pair	O	0.04776020546916152	0.04517591234005716	-0.0025842931291043605	False
12	8	compositional_ridge	CPA_0.8.8	primary_state_pair	D	0.04776020546916152	0.04776020546916153	6.938893903907228e-18	False
12	8	compositional_ridge	zero_effect	zero_effect_diagnostic	S	0.09041517375941935	0.09041517375941935	0.0	False
12	8	compositional_ridge	zero_effect	zero_effect_diagnostic	M	0.09041517375941935	0.09041517375941935	0.0	False
12	8	compositional_ridge	zero_effect	zero_effect_diagnostic	P	0.09041517375941935	0.06032302577094162	-0.03009214798847773	False
12	8	compositional_ridge	zero_effect	zero_effect_diagnostic	O	0.09041517375941935	0.06032302577094162	-0.03009214798847773	False
12	8	compositional_ridge	zero_effect	zero_effect_diagnostic	D	0.09041517375941935	0.06032302577094162	-0.03009214798847773	False
12	8	CPA_0.8.8	zero_effect	zero_effect_diagnostic	S	0.04265496829025782	0.04265496829025782	0.0	False
12	8	CPA_0.8.8	zero_effect	zero_effect_diagnostic	M	0.04265496829025782	0.04265496829025782	0.0	False
12	8	CPA_0.8.8	zero_effect	zero_effect_diagnostic	P	0.04265496829025782	0.00997852717267568	-0.03267644111758214	False
12	8	CPA_0.8.8	zero_effect	zero_effect_diagnostic	O	0.04265496829025782	0.015147113430884457	-0.027507854859373362	False
12	8	CPA_0.8.8	zero_effect	zero_effect_diagnostic	D	0.04265496829025782	0.01256282030178009	-0.03009214798847773	False
12	16	additive	compositional_ridge	primary_state_pair	S	-0.0007912360649253228	-0.0007912360649253228	0.0	False
12	16	additive	compositional_ridge	primary_state_pair	M	-0.0007912360649253228	-0.0007912360649253228	0.0	False
12	16	additive	compositional_ridge	primary_state_pair	P	-0.0007912360649253228	-0.0007912360649253228	0.0	False
12	16	additive	compositional_ridge	primary_state_pair	O	-0.0007912360649253228	-0.0007912360649253228	0.0	False
12	16	additive	compositional_ridge	primary_state_pair	D	-0.0007912360649253228	-0.0007912360649253228	0.0	False
12	16	additive	CPA_0.8.8	primary_state_pair	S	0.05079892742667666	0.05079892742667666	0.0	False
12	16	additive	CPA_0.8.8	primary_state_pair	M	0.05079892742667666	0.05079892742667666	0.0	False
12	16	additive	CPA_0.8.8	primary_state_pair	P	0.05079892742667666	0.05184888215348545	0.0010499547268087925	False
12	16	additive	CPA_0.8.8	primary_state_pair	O	0.05079892742667666	0.04974897269986788	-0.0010499547268087786	False
12	16	additive	CPA_0.8.8	primary_state_pair	D	0.05079892742667666	0.05079892742667667	6.938893903907228e-18	False
12	16	additive	zero_effect	zero_effect_diagnostic	S	0.08664065345114459	0.08664065345114459	0.0	False
12	16	additive	zero_effect	zero_effect_diagnostic	M	0.08664065345114459	0.08664065345114459	0.0	False
12	16	additive	zero_effect	zero_effect_diagnostic	P	0.08664065345114459	0.07155388328934964	-0.015086770161794952	False
12	16	additive	zero_effect	zero_effect_diagnostic	O	0.08664065345114459	0.07155388328934964	-0.015086770161794952	False
12	16	additive	zero_effect	zero_effect_diagnostic	D	0.08664065345114459	0.07155388328934964	-0.015086770161794952	False
12	16	compositional_ridge	CPA_0.8.8	primary_state_pair	S	0.05159016349160198	0.05159016349160198	0.0	False
12	16	compositional_ridge	CPA_0.8.8	primary_state_pair	M	0.05159016349160198	0.05159016349160198	0.0	False
12	16	compositional_ridge	CPA_0.8.8	primary_state_pair	P	0.05159016349160198	0.052640118218410775	0.0010499547268087925	False
12	16	compositional_ridge	CPA_0.8.8	primary_state_pair	O	0.05159016349160198	0.050540208764793204	-0.0010499547268087786	False
12	16	compositional_ridge	CPA_0.8.8	primary_state_pair	D	0.05159016349160198	0.05159016349160199	6.938893903907228e-18	False
12	16	compositional_ridge	zero_effect	zero_effect_diagnostic	S	0.08743188951606992	0.08743188951606992	0.0	False
12	16	compositional_ridge	zero_effect	zero_effect_diagnostic	M	0.08743188951606992	0.08743188951606992	0.0	False
12	16	compositional_ridge	zero_effect	zero_effect_diagnostic	P	0.08743188951606992	0.07234511935427496	-0.015086770161794966	False
12	16	compositional_ridge	zero_effect	zero_effect_diagnostic	O	0.08743188951606992	0.07234511935427496	-0.015086770161794966	False
12	16	compositional_ridge	zero_effect	zero_effect_diagnostic	D	0.08743188951606992	0.07234511935427496	-0.015086770161794966	False
12	16	CPA_0.8.8	zero_effect	zero_effect_diagnostic	S	0.03584172602446793	0.03584172602446793	0.0	False
12	16	CPA_0.8.8	zero_effect	zero_effect_diagnostic	M	0.03584172602446793	0.03584172602446793	0.0	False
12	16	CPA_0.8.8	zero_effect	zero_effect_diagnostic	P	0.03584172602446793	0.01970500113586418	-0.01613672488860375	False
12	16	CPA_0.8.8	zero_effect	zero_effect_diagnostic	O	0.03584172602446793	0.021804910589481752	-0.01403681543498618	False
12	16	CPA_0.8.8	zero_effect	zero_effect_diagnostic	D	0.03584172602446793	0.020754955862672966	-0.015086770161794966	False
12	32	additive	compositional_ridge	primary_state_pair	S	-0.0007912360649253228	-0.0007912360649253228	0.0	False
12	32	additive	compositional_ridge	primary_state_pair	M	-0.0007912360649253228	-0.0007912360649253228	0.0	False
12	32	additive	compositional_ridge	primary_state_pair	P	-0.0007912360649253228	-0.0007912360649253297	-6.938893903907228e-18	False
12	32	additive	compositional_ridge	primary_state_pair	O	-0.0007912360649253228	-0.0007912360649253297	-6.938893903907228e-18	False
12	32	additive	compositional_ridge	primary_state_pair	D	-0.0007912360649253228	-0.0007912360649253297	-6.938893903907228e-18	False
12	32	additive	CPA_0.8.8	primary_state_pair	S	0.04672494582825508	0.04672494582825508	0.0	False
12	32	additive	CPA_0.8.8	primary_state_pair	M	0.04672494582825508	0.04672494582825509	1.3877787807814457e-17	False
12	32	additive	CPA_0.8.8	primary_state_pair	P	0.04672494582825508	0.047040296659222866	0.0003153508309677866	False
12	32	additive	CPA_0.8.8	primary_state_pair	O	0.04672494582825508	0.04640959499728731	-0.0003153508309677727	False
12	32	additive	CPA_0.8.8	primary_state_pair	D	0.04672494582825508	0.04672494582825508	0.0	False
12	32	additive	zero_effect	zero_effect_diagnostic	S	0.07860749192952493	0.07860749192952493	0.0	False
12	32	additive	zero_effect	zero_effect_diagnostic	M	0.07860749192952493	0.07860749192952493	0.0	False
12	32	additive	zero_effect	zero_effect_diagnostic	P	0.07860749192952493	0.07111725657950387	-0.0074902353500210656	False
12	32	additive	zero_effect	zero_effect_diagnostic	O	0.07860749192952493	0.07111725657950387	-0.0074902353500210656	False
12	32	additive	zero_effect	zero_effect_diagnostic	D	0.07860749192952493	0.07111725657950387	-0.0074902353500210656	False
12	32	compositional_ridge	CPA_0.8.8	primary_state_pair	S	0.0475161818931804	0.0475161818931804	0.0	False
12	32	compositional_ridge	CPA_0.8.8	primary_state_pair	M	0.0475161818931804	0.047516181893180416	1.3877787807814457e-17	False
12	32	compositional_ridge	CPA_0.8.8	primary_state_pair	P	0.0475161818931804	0.047831532724148196	0.00031535083096779354	False
12	32	compositional_ridge	CPA_0.8.8	primary_state_pair	O	0.0475161818931804	0.047200831062212636	-0.0003153508309677658	False
12	32	compositional_ridge	CPA_0.8.8	primary_state_pair	D	0.0475161818931804	0.04751618189318041	6.938893903907228e-18	False
12	32	compositional_ridge	zero_effect	zero_effect_diagnostic	S	0.07939872799445025	0.07939872799445025	0.0	False
12	32	compositional_ridge	zero_effect	zero_effect_diagnostic	M	0.07939872799445025	0.07939872799445025	0.0	False
12	32	compositional_ridge	zero_effect	zero_effect_diagnostic	P	0.07939872799445025	0.0719084926444292	-0.007490235350021052	False
12	32	compositional_ridge	zero_effect	zero_effect_diagnostic	O	0.07939872799445025	0.0719084926444292	-0.007490235350021052	False
12	32	compositional_ridge	zero_effect	zero_effect_diagnostic	D	0.07939872799445025	0.0719084926444292	-0.007490235350021052	False
12	32	CPA_0.8.8	zero_effect	zero_effect_diagnostic	S	0.03188254610126985	0.03188254610126985	0.0	False
12	32	CPA_0.8.8	zero_effect	zero_effect_diagnostic	M	0.03188254610126985	0.03188254610126984	-1.3877787807814457e-17	False
12	32	CPA_0.8.8	zero_effect	zero_effect_diagnostic	P	0.03188254610126985	0.024076959920281	-0.007805586180988852	False
12	32	CPA_0.8.8	zero_effect	zero_effect_diagnostic	O	0.03188254610126985	0.02470766158221656	-0.007174884519053293	False
12	32	CPA_0.8.8	zero_effect	zero_effect_diagnostic	D	0.03188254610126985	0.024392310751248786	-0.0074902353500210656	False
12	64	additive	compositional_ridge	primary_state_pair	S	-0.0007912360649253228	-0.0007912360649253228	0.0	False
12	64	additive	compositional_ridge	primary_state_pair	M	-0.0007912360649253228	-0.0007912360649253228	0.0	False
12	64	additive	compositional_ridge	primary_state_pair	P	-0.0007912360649253228	-0.0007912360649253228	0.0	False
12	64	additive	compositional_ridge	primary_state_pair	O	-0.0007912360649253228	-0.0007912360649253228	0.0	False
12	64	additive	compositional_ridge	primary_state_pair	D	-0.0007912360649253228	-0.0007912360649253228	0.0	False
12	64	additive	CPA_0.8.8	primary_state_pair	S	0.04739060592341286	0.04739060592341286	0.0	False
12	64	additive	CPA_0.8.8	primary_state_pair	M	0.04739060592341286	0.04739060592341286	0.0	False
12	64	additive	CPA_0.8.8	primary_state_pair	P	0.04739060592341286	0.0478933657366465	0.0005027598132336386	False
12	64	additive	CPA_0.8.8	primary_state_pair	O	0.04739060592341286	0.046887846110179224	-0.0005027598132336386	False
12	64	additive	CPA_0.8.8	primary_state_pair	D	0.04739060592341286	0.04739060592341286	0.0	False
12	64	additive	zero_effect	zero_effect_diagnostic	S	0.07777391852041851	0.07777391852041851	0.0	False
12	64	additive	zero_effect	zero_effect_diagnostic	M	0.07777391852041851	0.07777391852041851	0.0	False
12	64	additive	zero_effect	zero_effect_diagnostic	P	0.07777391852041851	0.07378894872754915	-0.003984969792869358	False
12	64	additive	zero_effect	zero_effect_diagnostic	O	0.07777391852041851	0.07378894872754915	-0.003984969792869358	False
12	64	additive	zero_effect	zero_effect_diagnostic	D	0.07777391852041851	0.07378894872754915	-0.003984969792869358	False
12	64	compositional_ridge	CPA_0.8.8	primary_state_pair	S	0.048181841988338185	0.048181841988338185	0.0	False
12	64	compositional_ridge	CPA_0.8.8	primary_state_pair	M	0.048181841988338185	0.048181841988338185	0.0	False
12	64	compositional_ridge	CPA_0.8.8	primary_state_pair	P	0.048181841988338185	0.04868460180157183	0.0005027598132336455	False
12	64	compositional_ridge	CPA_0.8.8	primary_state_pair	O	0.048181841988338185	0.047679082175104553	-0.0005027598132336317	False
12	64	compositional_ridge	CPA_0.8.8	primary_state_pair	D	0.048181841988338185	0.04818184198833819	6.938893903907228e-18	False
12	64	compositional_ridge	zero_effect	zero_effect_diagnostic	S	0.07856515458534383	0.07856515458534383	0.0	False
12	64	compositional_ridge	zero_effect	zero_effect_diagnostic	M	0.07856515458534383	0.07856515458534383	0.0	False
12	64	compositional_ridge	zero_effect	zero_effect_diagnostic	P	0.07856515458534383	0.07458018479247448	-0.0039849697928693445	False
12	64	compositional_ridge	zero_effect	zero_effect_diagnostic	O	0.07856515458534383	0.07458018479247448	-0.0039849697928693445	False
12	64	compositional_ridge	zero_effect	zero_effect_diagnostic	D	0.07856515458534383	0.07458018479247448	-0.0039849697928693445	False
12	64	CPA_0.8.8	zero_effect	zero_effect_diagnostic	S	0.03038331259700565	0.03038331259700565	0.0	False
12	64	CPA_0.8.8	zero_effect	zero_effect_diagnostic	M	0.03038331259700565	0.03038331259700565	0.0	False
12	64	CPA_0.8.8	zero_effect	zero_effect_diagnostic	P	0.03038331259700565	0.025895582990902652	-0.004487729606102997	False
12	64	CPA_0.8.8	zero_effect	zero_effect_diagnostic	O	0.03038331259700565	0.02690110261736993	-0.0034822099796357198	False
12	64	CPA_0.8.8	zero_effect	zero_effect_diagnostic	D	0.03038331259700565	0.02639834280413629	-0.003984969792869358	False
12	128	additive	compositional_ridge	primary_state_pair	S	-0.0007912360649253228	-0.0007912360649253228	0.0	False
12	128	additive	compositional_ridge	primary_state_pair	M	-0.0007912360649253228	-0.0007912360649253228	0.0	False
12	128	additive	compositional_ridge	primary_state_pair	P	-0.0007912360649253228	-0.0007912360649253054	1.734723475976807e-17	False
12	128	additive	compositional_ridge	primary_state_pair	O	-0.0007912360649253228	-0.0007912360649253054	1.734723475976807e-17	False
12	128	additive	compositional_ridge	primary_state_pair	D	-0.0007912360649253228	-0.0007912360649253054	1.734723475976807e-17	False
12	128	additive	CPA_0.8.8	primary_state_pair	S	0.047490235999226554	0.047490235999226554	0.0	False
12	128	additive	CPA_0.8.8	primary_state_pair	M	0.047490235999226554	0.047490235999226554	0.0	False
12	128	additive	CPA_0.8.8	primary_state_pair	P	0.047490235999226554	0.047867392068181074	0.0003771560689545192	False
12	128	additive	CPA_0.8.8	primary_state_pair	O	0.047490235999226554	0.047113079930271994	-0.00037715606895456083	False
12	128	additive	CPA_0.8.8	primary_state_pair	D	0.047490235999226554	0.04749023599922652	-3.469446951953614e-17	False
12	128	additive	zero_effect	zero_effect_diagnostic	S	0.07701845510723274	0.07701845510723274	0.0	False
12	128	additive	zero_effect	zero_effect_diagnostic	M	0.07701845510723274	0.07701845510723274	0.0	False
12	128	additive	zero_effect	zero_effect_diagnostic	P	0.07701845510723274	0.07485946749180736	-0.0021589876154253784	False
12	128	additive	zero_effect	zero_effect_diagnostic	O	0.07701845510723274	0.07485946749180736	-0.0021589876154253784	False
12	128	additive	zero_effect	zero_effect_diagnostic	D	0.07701845510723274	0.07485946749180736	-0.0021589876154253784	False
12	128	compositional_ridge	CPA_0.8.8	primary_state_pair	S	0.04828147206415188	0.04828147206415188	0.0	False
12	128	compositional_ridge	CPA_0.8.8	primary_state_pair	M	0.04828147206415188	0.04828147206415188	0.0	False
12	128	compositional_ridge	CPA_0.8.8	primary_state_pair	P	0.04828147206415188	0.04865862813310638	0.0003771560689545053	False
12	128	compositional_ridge	CPA_0.8.8	primary_state_pair	O	0.04828147206415188	0.0479043159951973	-0.0003771560689545747	False
12	128	compositional_ridge	CPA_0.8.8	primary_state_pair	D	0.04828147206415188	0.04828147206415183	-4.85722573273506e-17	False
12	128	compositional_ridge	zero_effect	zero_effect_diagnostic	S	0.07780969117215805	0.07780969117215805	0.0	False
12	128	compositional_ridge	zero_effect	zero_effect_diagnostic	M	0.07780969117215805	0.07780969117215805	0.0	False
12	128	compositional_ridge	zero_effect	zero_effect_diagnostic	P	0.07780969117215805	0.07565070355673267	-0.0021589876154253784	False
12	128	compositional_ridge	zero_effect	zero_effect_diagnostic	O	0.07780969117215805	0.07565070355673267	-0.0021589876154253784	False
12	128	compositional_ridge	zero_effect	zero_effect_diagnostic	D	0.07780969117215805	0.07565070355673267	-0.0021589876154253784	False
12	128	CPA_0.8.8	zero_effect	zero_effect_diagnostic	S	0.029528219108006182	0.029528219108006182	0.0	False
12	128	CPA_0.8.8	zero_effect	zero_effect_diagnostic	M	0.029528219108006182	0.029528219108006182	0.0	False
12	128	CPA_0.8.8	zero_effect	zero_effect_diagnostic	P	0.029528219108006182	0.02699207542362629	-0.0025361436843798907	False
12	128	CPA_0.8.8	zero_effect	zero_effect_diagnostic	O	0.029528219108006182	0.02774638756153537	-0.0017818315464708107	False
12	128	CPA_0.8.8	zero_effect	zero_effect_diagnostic	D	0.029528219108006182	0.027369231492580845	-0.002158987615425337	False
12	135	additive	compositional_ridge	primary_state_pair	S	-0.0007912360649253228	-0.0007912360649253228	0.0	False
12	135	additive	compositional_ridge	primary_state_pair	M	-0.0007912360649253228	-0.0007912360649253228	0.0	False
12	135	additive	compositional_ridge	primary_state_pair	P	-0.0007912360649253228	-0.0007912360649253193	3.469446951953614e-18	False
12	135	additive	compositional_ridge	primary_state_pair	O	-0.0007912360649253228	-0.0007912360649253193	3.469446951953614e-18	False
12	135	additive	compositional_ridge	primary_state_pair	D	-0.0007912360649253228	-0.0007912360649253193	3.469446951953614e-18	False
12	135	additive	CPA_0.8.8	primary_state_pair	S	0.04767799949097007	0.04767799949097007	0.0	False
12	135	additive	CPA_0.8.8	primary_state_pair	M	0.04767799949097007	0.04767799949097007	0.0	False
12	135	additive	CPA_0.8.8	primary_state_pair	P	0.04767799949097007	0.04802420821948231	0.0003462087285122442	False
12	135	additive	CPA_0.8.8	primary_state_pair	O	0.04767799949097007	0.047331790762457755	-0.0003462087285123136	False
12	135	additive	CPA_0.8.8	primary_state_pair	D	0.04767799949097007	0.047677999490970076	6.938893903907228e-18	False
12	135	additive	zero_effect	zero_effect_diagnostic	S	0.07722215819615064	0.07722215819615064	0.0	False
12	135	additive	zero_effect	zero_effect_diagnostic	M	0.07722215819615064	0.07722215819615064	0.0	False
12	135	additive	zero_effect	zero_effect_diagnostic	P	0.07722215819615064	0.07521785610006718	-0.00200430209608346	False
12	135	additive	zero_effect	zero_effect_diagnostic	O	0.07722215819615064	0.07521785610006718	-0.00200430209608346	False
12	135	additive	zero_effect	zero_effect_diagnostic	D	0.07722215819615064	0.07521785610006718	-0.00200430209608346	False
12	135	compositional_ridge	CPA_0.8.8	primary_state_pair	S	0.04846923555589539	0.04846923555589539	0.0	False
12	135	compositional_ridge	CPA_0.8.8	primary_state_pair	M	0.04846923555589539	0.04846923555589539	0.0	False
12	135	compositional_ridge	CPA_0.8.8	primary_state_pair	P	0.04846923555589539	0.048815444284407636	0.0003462087285122442	False
12	135	compositional_ridge	CPA_0.8.8	primary_state_pair	O	0.04846923555589539	0.04812302682738308	-0.0003462087285123136	False
12	135	compositional_ridge	CPA_0.8.8	primary_state_pair	D	0.04846923555589539	0.0484692355558954	6.938893903907228e-18	False
12	135	compositional_ridge	zero_effect	zero_effect_diagnostic	S	0.07801339426107595	0.07801339426107595	0.0	False
12	135	compositional_ridge	zero_effect	zero_effect_diagnostic	M	0.07801339426107595	0.07801339426107595	0.0	False
12	135	compositional_ridge	zero_effect	zero_effect_diagnostic	P	0.07801339426107595	0.07600909216499249	-0.00200430209608346	False
12	135	compositional_ridge	zero_effect	zero_effect_diagnostic	O	0.07801339426107595	0.07600909216499249	-0.00200430209608346	False
12	135	compositional_ridge	zero_effect	zero_effect_diagnostic	D	0.07801339426107595	0.07600909216499249	-0.00200430209608346	False
12	135	CPA_0.8.8	zero_effect	zero_effect_diagnostic	S	0.029544158705180568	0.029544158705180568	0.0	False
12	135	CPA_0.8.8	zero_effect	zero_effect_diagnostic	M	0.029544158705180568	0.029544158705180568	0.0	False
12	135	CPA_0.8.8	zero_effect	zero_effect_diagnostic	P	0.029544158705180568	0.027193647880584856	-0.0023505108245957113	False
12	135	CPA_0.8.8	zero_effect	zero_effect_diagnostic	O	0.029544158705180568	0.027886065337609414	-0.0016580933675711534	False
12	135	CPA_0.8.8	zero_effect	zero_effect_diagnostic	D	0.029544158705180568	0.027539856609097094	-0.002004302096083474	False
13	8	additive	compositional_ridge	primary_state_pair	S	-0.0007912360649253228	-0.0007912360649253228	0.0	False
13	8	additive	compositional_ridge	primary_state_pair	M	-0.0007912360649253228	-0.0007912360649253228	0.0	False
13	8	additive	compositional_ridge	primary_state_pair	P	-0.0007912360649253228	-0.0007912360649253367	-1.3877787807814457e-17	False
13	8	additive	compositional_ridge	primary_state_pair	O	-0.0007912360649253228	-0.0007912360649253367	-1.3877787807814457e-17	False
13	8	additive	compositional_ridge	primary_state_pair	D	-0.0007912360649253228	-0.0007912360649253367	-1.3877787807814457e-17	False
13	8	additive	CPA_0.8.8	primary_state_pair	S	0.04505321985257202	0.04505321985257202	0.0	False
13	8	additive	CPA_0.8.8	primary_state_pair	M	0.04505321985257202	0.04505321985257202	0.0	False
13	8	additive	CPA_0.8.8	primary_state_pair	P	0.04505321985257202	0.04794966858787299	0.002896448735300969	False
13	8	additive	CPA_0.8.8	primary_state_pair	O	0.04505321985257202	0.04215677111727105	-0.002896448735300969	False
13	8	additive	CPA_0.8.8	primary_state_pair	D	0.04505321985257202	0.04505321985257199	-2.7755575615628914e-17	False
13	8	additive	zero_effect	zero_effect_diagnostic	S	0.08652349306446808	0.08652349306446808	0.0	False
13	8	additive	zero_effect	zero_effect_diagnostic	M	0.08652349306446808	0.08652349306446808	0.0	False
13	8	additive	zero_effect	zero_effect_diagnostic	P	0.08652349306446808	0.05564401638112944	-0.03087947668333864	False
13	8	additive	zero_effect	zero_effect_diagnostic	O	0.08652349306446808	0.05564401638112944	-0.03087947668333864	False
13	8	additive	zero_effect	zero_effect_diagnostic	D	0.08652349306446808	0.05564401638112944	-0.03087947668333864	False
13	8	compositional_ridge	CPA_0.8.8	primary_state_pair	S	0.04584445591749734	0.04584445591749734	0.0	False
13	8	compositional_ridge	CPA_0.8.8	primary_state_pair	M	0.04584445591749734	0.04584445591749734	0.0	False
13	8	compositional_ridge	CPA_0.8.8	primary_state_pair	P	0.04584445591749734	0.048740904652798324	0.0028964487353009827	False
13	8	compositional_ridge	CPA_0.8.8	primary_state_pair	O	0.04584445591749734	0.042948007182196386	-0.002896448735300955	False
13	8	compositional_ridge	CPA_0.8.8	primary_state_pair	D	0.04584445591749734	0.04584445591749733	-1.3877787807814457e-17	False
13	8	compositional_ridge	zero_effect	zero_effect_diagnostic	S	0.08731472912939339	0.08731472912939339	0.0	False
13	8	compositional_ridge	zero_effect	zero_effect_diagnostic	M	0.08731472912939339	0.08731472912939339	0.0	False
13	8	compositional_ridge	zero_effect	zero_effect_diagnostic	P	0.08731472912939339	0.056435252446054775	-0.030879476683338618	False
13	8	compositional_ridge	zero_effect	zero_effect_diagnostic	O	0.08731472912939339	0.056435252446054775	-0.030879476683338618	False
13	8	compositional_ridge	zero_effect	zero_effect_diagnostic	D	0.08731472912939339	0.056435252446054775	-0.030879476683338618	False
13	8	CPA_0.8.8	zero_effect	zero_effect_diagnostic	S	0.04147027321189606	0.04147027321189606	0.0	False
13	8	CPA_0.8.8	zero_effect	zero_effect_diagnostic	M	0.04147027321189606	0.04147027321189606	0.0	False
13	8	CPA_0.8.8	zero_effect	zero_effect_diagnostic	P	0.04147027321189606	0.007694347793256451	-0.03377592541863961	False
13	8	CPA_0.8.8	zero_effect	zero_effect_diagnostic	O	0.04147027321189606	0.013487245263858388	-0.02798302794803767	False
13	8	CPA_0.8.8	zero_effect	zero_effect_diagnostic	D	0.04147027321189606	0.010590796528557447	-0.03087947668333861	False
13	16	additive	compositional_ridge	primary_state_pair	S	-0.0007912360649253228	-0.0007912360649253228	0.0	False
13	16	additive	compositional_ridge	primary_state_pair	M	-0.0007912360649253228	-0.0007912360649253228	0.0	False
13	16	additive	compositional_ridge	primary_state_pair	P	-0.0007912360649253228	-0.0007912360649253297	-6.938893903907228e-18	False
13	16	additive	compositional_ridge	primary_state_pair	O	-0.0007912360649253228	-0.0007912360649253297	-6.938893903907228e-18	False
13	16	additive	compositional_ridge	primary_state_pair	D	-0.0007912360649253228	-0.0007912360649253297	-6.938893903907228e-18	False
13	16	additive	CPA_0.8.8	primary_state_pair	S	0.045299973659838566	0.045299973659838566	0.0	False
13	16	additive	CPA_0.8.8	primary_state_pair	M	0.045299973659838566	0.045299973659838566	0.0	False
13	16	additive	CPA_0.8.8	primary_state_pair	P	0.045299973659838566	0.047557557696478195	0.002257584036639629	False
13	16	additive	CPA_0.8.8	primary_state_pair	O	0.045299973659838566	0.04304238962319892	-0.0022575840366396427	False
13	16	additive	CPA_0.8.8	primary_state_pair	D	0.045299973659838566	0.045299973659838566	0.0	False
13	16	additive	zero_effect	zero_effect_diagnostic	S	0.08046271598541697	0.08046271598541697	0.0	False
13	16	additive	zero_effect	zero_effect_diagnostic	M	0.08046271598541697	0.08046271598541697	0.0	False
13	16	additive	zero_effect	zero_effect_diagnostic	P	0.08046271598541697	0.0639540952554378	-0.016508620729979176	False
13	16	additive	zero_effect	zero_effect_diagnostic	O	0.08046271598541697	0.0639540952554378	-0.016508620729979176	False
13	16	additive	zero_effect	zero_effect_diagnostic	D	0.08046271598541697	0.0639540952554378	-0.016508620729979176	False
13	16	compositional_ridge	CPA_0.8.8	primary_state_pair	S	0.04609120972476389	0.04609120972476389	0.0	False
13	16	compositional_ridge	CPA_0.8.8	primary_state_pair	M	0.04609120972476389	0.04609120972476389	0.0	False
13	16	compositional_ridge	CPA_0.8.8	primary_state_pair	P	0.04609120972476389	0.048348793761403525	0.0022575840366396357	False
13	16	compositional_ridge	CPA_0.8.8	primary_state_pair	O	0.04609120972476389	0.04383362568812425	-0.0022575840366396357	False
13	16	compositional_ridge	CPA_0.8.8	primary_state_pair	D	0.04609120972476389	0.046091209724763896	6.938893903907228e-18	False
13	16	compositional_ridge	zero_effect	zero_effect_diagnostic	S	0.0812539520503423	0.0812539520503423	0.0	False
13	16	compositional_ridge	zero_effect	zero_effect_diagnostic	M	0.0812539520503423	0.0812539520503423	0.0	False
13	16	compositional_ridge	zero_effect	zero_effect_diagnostic	P	0.0812539520503423	0.06474533132036313	-0.016508620729979176	False
13	16	compositional_ridge	zero_effect	zero_effect_diagnostic	O	0.0812539520503423	0.06474533132036313	-0.016508620729979176	False
13	16	compositional_ridge	zero_effect	zero_effect_diagnostic	D	0.0812539520503423	0.06474533132036313	-0.016508620729979176	False
13	16	CPA_0.8.8	zero_effect	zero_effect_diagnostic	S	0.03516274232557841	0.03516274232557841	0.0	False
13	16	CPA_0.8.8	zero_effect	zero_effect_diagnostic	M	0.03516274232557841	0.03516274232557841	0.0	False
13	16	CPA_0.8.8	zero_effect	zero_effect_diagnostic	P	0.03516274232557841	0.016396537558959604	-0.018766204766618805	False
13	16	CPA_0.8.8	zero_effect	zero_effect_diagnostic	O	0.03516274232557841	0.020911705632238875	-0.014251036693339533	False
13	16	CPA_0.8.8	zero_effect	zero_effect_diagnostic	D	0.03516274232557841	0.018654121595599232	-0.016508620729979176	False
13	32	additive	compositional_ridge	primary_state_pair	S	-0.0007912360649253228	-0.0007912360649253228	0.0	False
13	32	additive	compositional_ridge	primary_state_pair	M	-0.0007912360649253228	-0.0007912360649253228	0.0	False
13	32	additive	compositional_ridge	primary_state_pair	P	-0.0007912360649253228	-0.0007912360649253436	-2.0816681711721685e-17	False
13	32	additive	compositional_ridge	primary_state_pair	O	-0.0007912360649253228	-0.0007912360649253436	-2.0816681711721685e-17	False
13	32	additive	compositional_ridge	primary_state_pair	D	-0.0007912360649253228	-0.0007912360649253436	-2.0816681711721685e-17	False
13	32	additive	CPA_0.8.8	primary_state_pair	S	0.04612833653074819	0.04612833653074819	0.0	False
13	32	additive	CPA_0.8.8	primary_state_pair	M	0.04612833653074819	0.04612833653074816	-2.7755575615628914e-17	False
13	32	additive	CPA_0.8.8	primary_state_pair	P	0.04612833653074819	0.04720762440659629	0.0010792878758481006	False
13	32	additive	CPA_0.8.8	primary_state_pair	O	0.04612833653074819	0.045049048654900004	-0.0010792878758481839	False
13	32	additive	CPA_0.8.8	primary_state_pair	D	0.04612833653074819	0.04612833653074813	-5.551115123125783e-17	False
13	32	additive	zero_effect	zero_effect_diagnostic	S	0.07799656995930447	0.07799656995930447	0.0	False
13	32	additive	zero_effect	zero_effect_diagnostic	M	0.07799656995930447	0.07799656995930447	0.0	False
13	32	additive	zero_effect	zero_effect_diagnostic	P	0.07799656995930447	0.06972393681296372	-0.008272633146340747	False
13	32	additive	zero_effect	zero_effect_diagnostic	O	0.07799656995930447	0.06972393681296372	-0.008272633146340747	False
13	32	additive	zero_effect	zero_effect_diagnostic	D	0.07799656995930447	0.06972393681296372	-0.008272633146340747	False
13	32	compositional_ridge	CPA_0.8.8	primary_state_pair	S	0.04691957259567351	0.04691957259567351	0.0	False
13	32	compositional_ridge	CPA_0.8.8	primary_state_pair	M	0.04691957259567351	0.04691957259567348	-2.7755575615628914e-17	False
13	32	compositional_ridge	CPA_0.8.8	primary_state_pair	P	0.04691957259567351	0.04799886047152163	0.0010792878758481214	False
13	32	compositional_ridge	CPA_0.8.8	primary_state_pair	O	0.04691957259567351	0.04584028471982535	-0.001079287875848163	False
13	32	compositional_ridge	CPA_0.8.8	primary_state_pair	D	0.04691957259567351	0.046919572595673475	-3.469446951953614e-17	False
13	32	compositional_ridge	zero_effect	zero_effect_diagnostic	S	0.0787878060242298	0.0787878060242298	0.0	False
13	32	compositional_ridge	zero_effect	zero_effect_diagnostic	M	0.0787878060242298	0.0787878060242298	0.0	False
13	32	compositional_ridge	zero_effect	zero_effect_diagnostic	P	0.0787878060242298	0.07051517287788907	-0.008272633146340733	False
13	32	compositional_ridge	zero_effect	zero_effect_diagnostic	O	0.0787878060242298	0.07051517287788907	-0.008272633146340733	False
13	32	compositional_ridge	zero_effect	zero_effect_diagnostic	D	0.0787878060242298	0.07051517287788907	-0.008272633146340733	False
13	32	CPA_0.8.8	zero_effect	zero_effect_diagnostic	S	0.031868233428556283	0.031868233428556283	0.0	False
13	32	CPA_0.8.8	zero_effect	zero_effect_diagnostic	M	0.031868233428556283	0.03186823342855631	2.7755575615628914e-17	False
13	32	CPA_0.8.8	zero_effect	zero_effect_diagnostic	P	0.031868233428556283	0.022516312406367436	-0.009351921022188847	False
13	32	CPA_0.8.8	zero_effect	zero_effect_diagnostic	O	0.031868233428556283	0.02467488815806372	-0.007193345270492563	False
13	32	CPA_0.8.8	zero_effect	zero_effect_diagnostic	D	0.031868233428556283	0.023595600282215592	-0.008272633146340691	False
13	64	additive	compositional_ridge	primary_state_pair	S	-0.0007912360649253228	-0.0007912360649253228	0.0	False
13	64	additive	compositional_ridge	primary_state_pair	M	-0.0007912360649253228	-0.0007912360649253228	0.0	False
13	64	additive	compositional_ridge	primary_state_pair	P	-0.0007912360649253228	-0.0007912360649253297	-6.938893903907228e-18	False
13	64	additive	compositional_ridge	primary_state_pair	O	-0.0007912360649253228	-0.0007912360649253297	-6.938893903907228e-18	False
13	64	additive	compositional_ridge	primary_state_pair	D	-0.0007912360649253228	-0.0007912360649253297	-6.938893903907228e-18	False
13	64	additive	CPA_0.8.8	primary_state_pair	S	0.0465182346250565	0.0465182346250565	0.0	False
13	64	additive	CPA_0.8.8	primary_state_pair	M	0.0465182346250565	0.0465182346250565	0.0	False
13	64	additive	CPA_0.8.8	primary_state_pair	P	0.0465182346250565	0.046908351560057064	0.00039011693500056593	False
13	64	additive	CPA_0.8.8	primary_state_pair	O	0.0465182346250565	0.04612811769005592	-0.0003901169350005798	False
13	64	additive	CPA_0.8.8	primary_state_pair	D	0.0465182346250565	0.04651823462505655	4.85722573273506e-17	False
13	64	additive	zero_effect	zero_effect_diagnostic	S	0.0763545597061646	0.0763545597061646	0.0	False
13	64	additive	zero_effect	zero_effect_diagnostic	M	0.0763545597061646	0.0763545597061646	0.0	False
13	64	additive	zero_effect	zero_effect_diagnostic	P	0.0763545597061646	0.07251641750438953	-0.0038381422017750716	False
13	64	additive	zero_effect	zero_effect_diagnostic	O	0.0763545597061646	0.07251641750438953	-0.0038381422017750716	False
13	64	additive	zero_effect	zero_effect_diagnostic	D	0.0763545597061646	0.07251641750438953	-0.0038381422017750716	False
13	64	compositional_ridge	CPA_0.8.8	primary_state_pair	S	0.04730947068998182	0.04730947068998182	0.0	False
13	64	compositional_ridge	CPA_0.8.8	primary_state_pair	M	0.04730947068998182	0.04730947068998182	0.0	False
13	64	compositional_ridge	CPA_0.8.8	primary_state_pair	P	0.04730947068998182	0.047699587624982394	0.0003901169350005729	False
13	64	compositional_ridge	CPA_0.8.8	primary_state_pair	O	0.04730947068998182	0.04691935375498125	-0.0003901169350005729	False
13	64	compositional_ridge	CPA_0.8.8	primary_state_pair	D	0.04730947068998182	0.047309470689981876	5.551115123125783e-17	False
13	64	compositional_ridge	zero_effect	zero_effect_diagnostic	S	0.07714579577108993	0.07714579577108993	0.0	False
13	64	compositional_ridge	zero_effect	zero_effect_diagnostic	M	0.07714579577108993	0.07714579577108993	0.0	False
13	64	compositional_ridge	zero_effect	zero_effect_diagnostic	P	0.07714579577108993	0.07330765356931487	-0.0038381422017750577	False
13	64	compositional_ridge	zero_effect	zero_effect_diagnostic	O	0.07714579577108993	0.07330765356931487	-0.0038381422017750577	False
13	64	compositional_ridge	zero_effect	zero_effect_diagnostic	D	0.07714579577108993	0.07330765356931487	-0.0038381422017750577	False
13	64	CPA_0.8.8	zero_effect	zero_effect_diagnostic	S	0.029836325081108103	0.029836325081108103	0.0	False
13	64	CPA_0.8.8	zero_effect	zero_effect_diagnostic	M	0.029836325081108103	0.029836325081108103	0.0	False
13	64	CPA_0.8.8	zero_effect	zero_effect_diagnostic	P	0.029836325081108103	0.025608065944332473	-0.004228259136775631	False
13	64	CPA_0.8.8	zero_effect	zero_effect_diagnostic	O	0.029836325081108103	0.02638829981433362	-0.003448025266774485	False
13	64	CPA_0.8.8	zero_effect	zero_effect_diagnostic	D	0.029836325081108103	0.02599818287933299	-0.0038381422017751132	False
13	128	additive	compositional_ridge	primary_state_pair	S	-0.0007912360649253228	-0.0007912360649253228	0.0	False
13	128	additive	compositional_ridge	primary_state_pair	M	-0.0007912360649253228	-0.0007912360649253228	0.0	False
13	128	additive	compositional_ridge	primary_state_pair	P	-0.0007912360649253228	-0.0007912360649253228	0.0	False
13	128	additive	compositional_ridge	primary_state_pair	O	-0.0007912360649253228	-0.0007912360649253228	0.0	False
13	128	additive	compositional_ridge	primary_state_pair	D	-0.0007912360649253228	-0.0007912360649253228	0.0	False
13	128	additive	CPA_0.8.8	primary_state_pair	S	0.04766034667515613	0.04766034667515613	0.0	False
13	128	additive	CPA_0.8.8	primary_state_pair	M	0.04766034667515613	0.04766034667515613	0.0	False
13	128	additive	CPA_0.8.8	primary_state_pair	P	0.04766034667515613	0.04781692998447323	0.00015658330931710152	False
13	128	additive	CPA_0.8.8	primary_state_pair	O	0.04766034667515613	0.04750376336583911	-0.00015658330931701825	False
13	128	additive	CPA_0.8.8	primary_state_pair	D	0.04766034667515613	0.04766034667515616	2.7755575615628914e-17	False
13	128	additive	zero_effect	zero_effect_diagnostic	S	0.07720063722932313	0.07720063722932313	0.0	False
13	128	additive	zero_effect	zero_effect_diagnostic	M	0.07720063722932313	0.07720063722932313	0.0	False
13	128	additive	zero_effect	zero_effect_diagnostic	P	0.07720063722932313	0.07531216287414243	-0.0018884743551807054	False
13	128	additive	zero_effect	zero_effect_diagnostic	O	0.07720063722932313	0.07531216287414243	-0.0018884743551807054	False
13	128	additive	zero_effect	zero_effect_diagnostic	D	0.07720063722932313	0.07531216287414243	-0.0018884743551807054	False
13	128	compositional_ridge	CPA_0.8.8	primary_state_pair	S	0.048451582740081454	0.048451582740081454	0.0	False
13	128	compositional_ridge	CPA_0.8.8	primary_state_pair	M	0.048451582740081454	0.048451582740081454	0.0	False
13	128	compositional_ridge	CPA_0.8.8	primary_state_pair	P	0.048451582740081454	0.048608166049398556	0.00015658330931710152	False
13	128	compositional_ridge	CPA_0.8.8	primary_state_pair	O	0.048451582740081454	0.048294999430764436	-0.00015658330931701825	False
13	128	compositional_ridge	CPA_0.8.8	primary_state_pair	D	0.048451582740081454	0.04845158274008148	2.7755575615628914e-17	False
13	128	compositional_ridge	zero_effect	zero_effect_diagnostic	S	0.07799187329424845	0.07799187329424845	0.0	False
13	128	compositional_ridge	zero_effect	zero_effect_diagnostic	M	0.07799187329424845	0.07799187329424845	0.0	False
13	128	compositional_ridge	zero_effect	zero_effect_diagnostic	P	0.07799187329424845	0.07610339893906776	-0.0018884743551806915	False
13	128	compositional_ridge	zero_effect	zero_effect_diagnostic	O	0.07799187329424845	0.07610339893906776	-0.0018884743551806915	False
13	128	compositional_ridge	zero_effect	zero_effect_diagnostic	D	0.07799187329424845	0.07610339893906776	-0.0018884743551806915	False
13	128	CPA_0.8.8	zero_effect	zero_effect_diagnostic	S	0.029540290554167	0.029540290554167	0.0	False
13	128	CPA_0.8.8	zero_effect	zero_effect_diagnostic	M	0.029540290554167	0.029540290554167	0.0	False
13	128	CPA_0.8.8	zero_effect	zero_effect_diagnostic	P	0.029540290554167	0.027495232889669194	-0.002045057664497807	False
13	128	CPA_0.8.8	zero_effect	zero_effect_diagnostic	O	0.029540290554167	0.027808399508303314	-0.0017318910458636871	False
13	128	CPA_0.8.8	zero_effect	zero_effect_diagnostic	D	0.029540290554167	0.027651816198986268	-0.0018884743551807331	False
13	135	additive	compositional_ridge	primary_state_pair	S	-0.0007912360649253228	-0.0007912360649253228	0.0	False
13	135	additive	compositional_ridge	primary_state_pair	M	-0.0007912360649253228	-0.0007912360649253228	0.0	False
13	135	additive	compositional_ridge	primary_state_pair	P	-0.0007912360649253228	-0.0007912360649253193	3.469446951953614e-18	False
13	135	additive	compositional_ridge	primary_state_pair	O	-0.0007912360649253228	-0.0007912360649253193	3.469446951953614e-18	False
13	135	additive	compositional_ridge	primary_state_pair	D	-0.0007912360649253228	-0.0007912360649253193	3.469446951953614e-18	False
13	135	additive	CPA_0.8.8	primary_state_pair	S	0.04758293439877444	0.04758293439877444	0.0	False
13	135	additive	CPA_0.8.8	primary_state_pair	M	0.04758293439877444	0.04758293439877444	0.0	False
13	135	additive	CPA_0.8.8	primary_state_pair	P	0.04758293439877444	0.04775304766547559	0.00017011326670115373	False
13	135	additive	CPA_0.8.8	primary_state_pair	O	0.04758293439877444	0.04741282113207334	-0.00017011326670109822	False
13	135	additive	CPA_0.8.8	primary_state_pair	D	0.04758293439877444	0.04758293439877446	2.0816681711721685e-17	False
13	135	additive	zero_effect	zero_effect_diagnostic	S	0.07700020720208699	0.07700020720208699	0.0	False
13	135	additive	zero_effect	zero_effect_diagnostic	M	0.07700020720208699	0.07700020720208699	0.0	False
13	135	additive	zero_effect	zero_effect_diagnostic	P	0.07700020720208699	0.07518202309502212	-0.0018181841070648713	False
13	135	additive	zero_effect	zero_effect_diagnostic	O	0.07700020720208699	0.07518202309502212	-0.0018181841070648713	False
13	135	additive	zero_effect	zero_effect_diagnostic	D	0.07700020720208699	0.07518202309502212	-0.0018181841070648713	False
13	135	compositional_ridge	CPA_0.8.8	primary_state_pair	S	0.04837417046369976	0.04837417046369976	0.0	False
13	135	compositional_ridge	CPA_0.8.8	primary_state_pair	M	0.04837417046369976	0.04837417046369976	0.0	False
13	135	compositional_ridge	CPA_0.8.8	primary_state_pair	P	0.04837417046369976	0.048544283730400914	0.00017011326670115373	False
13	135	compositional_ridge	CPA_0.8.8	primary_state_pair	O	0.04837417046369976	0.04820405719699866	-0.00017011326670109822	False
13	135	compositional_ridge	CPA_0.8.8	primary_state_pair	D	0.04837417046369976	0.04837417046369978	2.0816681711721685e-17	False
13	135	compositional_ridge	zero_effect	zero_effect_diagnostic	S	0.07779144326701232	0.07779144326701232	0.0	False
13	135	compositional_ridge	zero_effect	zero_effect_diagnostic	M	0.07779144326701232	0.07779144326701232	0.0	False
13	135	compositional_ridge	zero_effect	zero_effect_diagnostic	P	0.07779144326701232	0.07597325915994743	-0.0018181841070648852	False
13	135	compositional_ridge	zero_effect	zero_effect_diagnostic	O	0.07779144326701232	0.07597325915994743	-0.0018181841070648852	False
13	135	compositional_ridge	zero_effect	zero_effect_diagnostic	D	0.07779144326701232	0.07597325915994743	-0.0018181841070648852	False
13	135	CPA_0.8.8	zero_effect	zero_effect_diagnostic	S	0.02941727280331255	0.02941727280331255	0.0	False
13	135	CPA_0.8.8	zero_effect	zero_effect_diagnostic	M	0.02941727280331255	0.02941727280331255	0.0	False
13	135	CPA_0.8.8	zero_effect	zero_effect_diagnostic	P	0.02941727280331255	0.027428975429546518	-0.001988297373766032	False
13	135	CPA_0.8.8	zero_effect	zero_effect_diagnostic	O	0.02941727280331255	0.02776920196294877	-0.00164807084036378	False
13	135	CPA_0.8.8	zero_effect	zero_effect_diagnostic	D	0.02941727280331255	0.02759908869624765	-0.001818184107064899	False
14	8	additive	compositional_ridge	primary_state_pair	S	-0.0007912360649253228	-0.0007912360649253228	0.0	False
14	8	additive	compositional_ridge	primary_state_pair	M	-0.0007912360649253228	-0.0007912360649253228	0.0	False
14	8	additive	compositional_ridge	primary_state_pair	P	-0.0007912360649253228	-0.0007912360649253436	-2.0816681711721685e-17	False
14	8	additive	compositional_ridge	primary_state_pair	O	-0.0007912360649253228	-0.0007912360649253436	-2.0816681711721685e-17	False
14	8	additive	compositional_ridge	primary_state_pair	D	-0.0007912360649253228	-0.0007912360649253436	-2.0816681711721685e-17	False
14	8	additive	CPA_0.8.8	primary_state_pair	S	0.0499867862771657	0.0499867862771657	0.0	False
14	8	additive	CPA_0.8.8	primary_state_pair	M	0.0499867862771657	0.0499867862771657	0.0	False
14	8	additive	CPA_0.8.8	primary_state_pair	P	0.0499867862771657	0.05357874078656538	0.0035919545093996835	False
14	8	additive	CPA_0.8.8	primary_state_pair	O	0.0499867862771657	0.04639483176776603	-0.0035919545093996696	False
14	8	additive	CPA_0.8.8	primary_state_pair	D	0.0499867862771657	0.049986786277165754	5.551115123125783e-17	False
14	8	additive	zero_effect	zero_effect_diagnostic	S	0.09166221356388508	0.09166221356388508	0.0	False
14	8	additive	zero_effect	zero_effect_diagnostic	M	0.09166221356388508	0.09166221356388508	0.0	False
14	8	additive	zero_effect	zero_effect_diagnostic	P	0.09166221356388508	0.062332236582366196	-0.029329976981518888	False
14	8	additive	zero_effect	zero_effect_diagnostic	O	0.09166221356388508	0.062332236582366196	-0.029329976981518888	False
14	8	additive	zero_effect	zero_effect_diagnostic	D	0.09166221356388508	0.062332236582366196	-0.029329976981518888	False
14	8	compositional_ridge	CPA_0.8.8	primary_state_pair	S	0.05077802234209102	0.05077802234209102	0.0	False
14	8	compositional_ridge	CPA_0.8.8	primary_state_pair	M	0.05077802234209102	0.05077802234209102	0.0	False
14	8	compositional_ridge	CPA_0.8.8	primary_state_pair	P	0.05077802234209102	0.054369976851490726	0.0035919545093997043	False
14	8	compositional_ridge	CPA_0.8.8	primary_state_pair	O	0.05077802234209102	0.04718606783269137	-0.003591954509399649	False
14	8	compositional_ridge	CPA_0.8.8	primary_state_pair	D	0.05077802234209102	0.0507780223420911	7.632783294297951e-17	False
14	8	compositional_ridge	zero_effect	zero_effect_diagnostic	S	0.09245344962881041	0.09245344962881041	0.0	False
14	8	compositional_ridge	zero_effect	zero_effect_diagnostic	M	0.09245344962881041	0.09245344962881041	0.0	False
14	8	compositional_ridge	zero_effect	zero_effect_diagnostic	P	0.09245344962881041	0.06312347264729154	-0.029329976981518874	False
14	8	compositional_ridge	zero_effect	zero_effect_diagnostic	O	0.09245344962881041	0.06312347264729154	-0.029329976981518874	False
14	8	compositional_ridge	zero_effect	zero_effect_diagnostic	D	0.09245344962881041	0.06312347264729154	-0.029329976981518874	False
14	8	CPA_0.8.8	zero_effect	zero_effect_diagnostic	S	0.041675427286719385	0.041675427286719385	0.0	False
14	8	CPA_0.8.8	zero_effect	zero_effect_diagnostic	M	0.041675427286719385	0.041675427286719385	0.0	False
14	8	CPA_0.8.8	zero_effect	zero_effect_diagnostic	P	0.041675427286719385	0.008753495795800814	-0.03292193149091857	False
14	8	CPA_0.8.8	zero_effect	zero_effect_diagnostic	O	0.041675427286719385	0.015937404814600167	-0.025738022472119218	False
14	8	CPA_0.8.8	zero_effect	zero_effect_diagnostic	D	0.041675427286719385	0.012345450305200442	-0.029329976981518943	False
14	16	additive	compositional_ridge	primary_state_pair	S	-0.0007912360649253228	-0.0007912360649253228	0.0	False
14	16	additive	compositional_ridge	primary_state_pair	M	-0.0007912360649253228	-0.0007912360649253228	0.0	False
14	16	additive	compositional_ridge	primary_state_pair	P	-0.0007912360649253228	-0.0007912360649253297	-6.938893903907228e-18	False
14	16	additive	compositional_ridge	primary_state_pair	O	-0.0007912360649253228	-0.0007912360649253297	-6.938893903907228e-18	False
14	16	additive	compositional_ridge	primary_state_pair	D	-0.0007912360649253228	-0.0007912360649253297	-6.938893903907228e-18	False
14	16	additive	CPA_0.8.8	primary_state_pair	S	0.04750114449792807	0.04750114449792807	0.0	False
14	16	additive	CPA_0.8.8	primary_state_pair	M	0.04750114449792807	0.04750114449792807	0.0	False
14	16	additive	CPA_0.8.8	primary_state_pair	P	0.04750114449792807	0.04976853778038324	0.00226739328245517	False
14	16	additive	CPA_0.8.8	primary_state_pair	O	0.04750114449792807	0.04523375121547286	-0.0022673932824552115	False
14	16	additive	CPA_0.8.8	primary_state_pair	D	0.04750114449792807	0.047501144497928034	-3.469446951953614e-17	False
14	16	additive	zero_effect	zero_effect_diagnostic	S	0.08238330140441927	0.08238330140441927	0.0	False
14	16	additive	zero_effect	zero_effect_diagnostic	M	0.08238330140441927	0.08238330140441927	0.0	False
14	16	additive	zero_effect	zero_effect_diagnostic	P	0.08238330140441927	0.06707240455626545	-0.015310896848153815	False
14	16	additive	zero_effect	zero_effect_diagnostic	O	0.08238330140441927	0.06707240455626545	-0.015310896848153815	False
14	16	additive	zero_effect	zero_effect_diagnostic	D	0.08238330140441927	0.06707240455626545	-0.015310896848153815	False
14	16	compositional_ridge	CPA_0.8.8	primary_state_pair	S	0.04829238056285339	0.04829238056285339	0.0	False
14	16	compositional_ridge	CPA_0.8.8	primary_state_pair	M	0.04829238056285339	0.04829238056285339	0.0	False
14	16	compositional_ridge	CPA_0.8.8	primary_state_pair	P	0.04829238056285339	0.05055977384530857	0.002267393282455177	False
14	16	compositional_ridge	CPA_0.8.8	primary_state_pair	O	0.04829238056285339	0.04602498728039819	-0.0022673932824552046	False
14	16	compositional_ridge	CPA_0.8.8	primary_state_pair	D	0.04829238056285339	0.048292380562853364	-2.7755575615628914e-17	False
14	16	compositional_ridge	zero_effect	zero_effect_diagnostic	S	0.08317453746934458	0.08317453746934458	0.0	False
14	16	compositional_ridge	zero_effect	zero_effect_diagnostic	M	0.08317453746934458	0.08317453746934458	0.0	False
14	16	compositional_ridge	zero_effect	zero_effect_diagnostic	P	0.08317453746934458	0.06786364062119077	-0.015310896848153815	False
14	16	compositional_ridge	zero_effect	zero_effect_diagnostic	O	0.08317453746934458	0.06786364062119077	-0.015310896848153815	False
14	16	compositional_ridge	zero_effect	zero_effect_diagnostic	D	0.08317453746934458	0.06786364062119077	-0.015310896848153815	False
14	16	CPA_0.8.8	zero_effect	zero_effect_diagnostic	S	0.0348821569064912	0.0348821569064912	0.0	False
14	16	CPA_0.8.8	zero_effect	zero_effect_diagnostic	M	0.0348821569064912	0.0348821569064912	0.0	False
14	16	CPA_0.8.8	zero_effect	zero_effect_diagnostic	P	0.0348821569064912	0.017303866775882207	-0.017578290130608992	False
14	16	CPA_0.8.8	zero_effect	zero_effect_diagnostic	O	0.0348821569064912	0.021838653340792588	-0.013043503565698611	False
14	16	CPA_0.8.8	zero_effect	zero_effect_diagnostic	D	0.0348821569064912	0.01957126005833741	-0.015310896848153788	False
14	32	additive	compositional_ridge	primary_state_pair	S	-0.0007912360649253228	-0.0007912360649253228	0.0	False
14	32	additive	compositional_ridge	primary_state_pair	M	-0.0007912360649253228	-0.0007912360649253228	0.0	False
14	32	additive	compositional_ridge	primary_state_pair	P	-0.0007912360649253228	-0.0007912360649253367	-1.3877787807814457e-17	False
14	32	additive	compositional_ridge	primary_state_pair	O	-0.0007912360649253228	-0.0007912360649253367	-1.3877787807814457e-17	False
14	32	additive	compositional_ridge	primary_state_pair	D	-0.0007912360649253228	-0.0007912360649253367	-1.3877787807814457e-17	False
14	32	additive	CPA_0.8.8	primary_state_pair	S	0.046752404430768946	0.046752404430768946	0.0	False
14	32	additive	CPA_0.8.8	primary_state_pair	M	0.046752404430768946	0.046752404430768946	0.0	False
14	32	additive	CPA_0.8.8	primary_state_pair	P	0.046752404430768946	0.04756906926716465	0.0008166648363957044	False
14	32	additive	CPA_0.8.8	primary_state_pair	O	0.046752404430768946	0.04593573959437324	-0.0008166648363957044	False
14	32	additive	CPA_0.8.8	primary_state_pair	D	0.046752404430768946	0.046752404430768925	-2.0816681711721685e-17	False
14	32	additive	zero_effect	zero_effect_diagnostic	S	0.07839639109227198	0.07839639109227198	0.0	False
14	32	additive	zero_effect	zero_effect_diagnostic	M	0.07839639109227198	0.07839639109227198	0.0	False
14	32	additive	zero_effect	zero_effect_diagnostic	P	0.07839639109227198	0.0709048992509255	-0.0074914918413464815	False
14	32	additive	zero_effect	zero_effect_diagnostic	O	0.07839639109227198	0.0709048992509255	-0.0074914918413464815	False
14	32	additive	zero_effect	zero_effect_diagnostic	D	0.07839639109227198	0.0709048992509255	-0.0074914918413464815	False
14	32	compositional_ridge	CPA_0.8.8	primary_state_pair	S	0.04754364049569427	0.04754364049569427	0.0	False
14	32	compositional_ridge	CPA_0.8.8	primary_state_pair	M	0.04754364049569427	0.04754364049569427	0.0	False
14	32	compositional_ridge	CPA_0.8.8	primary_state_pair	P	0.04754364049569427	0.04836030533208999	0.0008166648363957182	False
14	32	compositional_ridge	CPA_0.8.8	primary_state_pair	O	0.04754364049569427	0.04672697565929858	-0.0008166648363956905	False
14	32	compositional_ridge	CPA_0.8.8	primary_state_pair	D	0.04754364049569427	0.04754364049569426	-6.938893903907228e-18	False
14	32	compositional_ridge	zero_effect	zero_effect_diagnostic	S	0.0791876271571973	0.0791876271571973	0.0	False
14	32	compositional_ridge	zero_effect	zero_effect_diagnostic	M	0.0791876271571973	0.0791876271571973	0.0	False
14	32	compositional_ridge	zero_effect	zero_effect_diagnostic	P	0.0791876271571973	0.07169613531585083	-0.007491491841346468	False
14	32	compositional_ridge	zero_effect	zero_effect_diagnostic	O	0.0791876271571973	0.07169613531585083	-0.007491491841346468	False
14	32	compositional_ridge	zero_effect	zero_effect_diagnostic	D	0.0791876271571973	0.07169613531585083	-0.007491491841346468	False
14	32	CPA_0.8.8	zero_effect	zero_effect_diagnostic	S	0.03164398666150303	0.03164398666150303	0.0	False
14	32	CPA_0.8.8	zero_effect	zero_effect_diagnostic	M	0.03164398666150303	0.03164398666150303	0.0	False
14	32	CPA_0.8.8	zero_effect	zero_effect_diagnostic	P	0.03164398666150303	0.02333582998376084	-0.008308156677742193	False
14	32	CPA_0.8.8	zero_effect	zero_effect_diagnostic	O	0.03164398666150303	0.024969159656552248	-0.006674827004950784	False
14	32	CPA_0.8.8	zero_effect	zero_effect_diagnostic	D	0.03164398666150303	0.024152494820156564	-0.007491491841346468	False
14	64	additive	compositional_ridge	primary_state_pair	S	-0.0007912360649253228	-0.0007912360649253228	0.0	False
14	64	additive	compositional_ridge	primary_state_pair	M	-0.0007912360649253228	-0.0007912360649253228	0.0	False
14	64	additive	compositional_ridge	primary_state_pair	P	-0.0007912360649253228	-0.0007912360649253054	1.734723475976807e-17	False
14	64	additive	compositional_ridge	primary_state_pair	O	-0.0007912360649253228	-0.0007912360649253054	1.734723475976807e-17	False
14	64	additive	compositional_ridge	primary_state_pair	D	-0.0007912360649253228	-0.0007912360649253054	1.734723475976807e-17	False
14	64	additive	CPA_0.8.8	primary_state_pair	S	0.04867863860563404	0.04867863860563404	0.0	False
14	64	additive	CPA_0.8.8	primary_state_pair	M	0.04867863860563404	0.04867863860563404	0.0	False
14	64	additive	CPA_0.8.8	primary_state_pair	P	0.04867863860563404	0.04892220549342605	0.00024356688779201413	False
14	64	additive	CPA_0.8.8	primary_state_pair	O	0.04867863860563404	0.048435071717842	-0.00024356688779204189	False
14	64	additive	CPA_0.8.8	primary_state_pair	D	0.04867863860563404	0.04867863860563402	-2.0816681711721685e-17	False
14	64	additive	zero_effect	zero_effect_diagnostic	S	0.07912082760222157	0.07912082760222157	0.0	False
14	64	additive	zero_effect	zero_effect_diagnostic	M	0.07912082760222157	0.07912082760222154	-2.7755575615628914e-17	False
14	64	additive	zero_effect	zero_effect_diagnostic	P	0.07912082760222157	0.07553055658850524	-0.0035902710137163257	False
14	64	additive	zero_effect	zero_effect_diagnostic	O	0.07912082760222157	0.07553055658850524	-0.0035902710137163257	False
14	64	additive	zero_effect	zero_effect_diagnostic	D	0.07912082760222157	0.07553055658850524	-0.0035902710137163257	False
14	64	compositional_ridge	CPA_0.8.8	primary_state_pair	S	0.04946987467055936	0.04946987467055936	0.0	False
14	64	compositional_ridge	CPA_0.8.8	primary_state_pair	M	0.04946987467055936	0.04946987467055936	0.0	False
14	64	compositional_ridge	CPA_0.8.8	primary_state_pair	P	0.04946987467055936	0.04971344155835136	0.00024356688779200025	False
14	64	compositional_ridge	CPA_0.8.8	primary_state_pair	O	0.04946987467055936	0.049226307782767306	-0.00024356688779205576	False
14	64	compositional_ridge	CPA_0.8.8	primary_state_pair	D	0.04946987467055936	0.04946987467055933	-3.469446951953614e-17	False
14	64	compositional_ridge	zero_effect	zero_effect_diagnostic	S	0.0799120636671469	0.0799120636671469	0.0	False
14	64	compositional_ridge	zero_effect	zero_effect_diagnostic	M	0.0799120636671469	0.07991206366714687	-2.7755575615628914e-17	False
14	64	compositional_ridge	zero_effect	zero_effect_diagnostic	P	0.0799120636671469	0.07632179265343056	-0.0035902710137163396	False
14	64	compositional_ridge	zero_effect	zero_effect_diagnostic	O	0.0799120636671469	0.07632179265343056	-0.0035902710137163396	False
14	64	compositional_ridge	zero_effect	zero_effect_diagnostic	D	0.0799120636671469	0.07632179265343056	-0.0035902710137163396	False
14	64	CPA_0.8.8	zero_effect	zero_effect_diagnostic	S	0.03044218899658753	0.03044218899658753	0.0	False
14	64	CPA_0.8.8	zero_effect	zero_effect_diagnostic	M	0.03044218899658753	0.030442188996587502	-2.7755575615628914e-17	False
14	64	CPA_0.8.8	zero_effect	zero_effect_diagnostic	P	0.03044218899658753	0.026608351095079197	-0.003833837901508333	False
14	64	CPA_0.8.8	zero_effect	zero_effect_diagnostic	O	0.03044218899658753	0.027095484870663253	-0.003346704125924277	False
14	64	CPA_0.8.8	zero_effect	zero_effect_diagnostic	D	0.03044218899658753	0.026851917982871232	-0.003590271013716298	False
14	128	additive	compositional_ridge	primary_state_pair	S	-0.0007912360649253228	-0.0007912360649253228	0.0	False
14	128	additive	compositional_ridge	primary_state_pair	M	-0.0007912360649253228	-0.0007912360649253228	0.0	False
14	128	additive	compositional_ridge	primary_state_pair	P	-0.0007912360649253228	-0.0007912360649253089	1.3877787807814457e-17	False
14	128	additive	compositional_ridge	primary_state_pair	O	-0.0007912360649253228	-0.0007912360649253089	1.3877787807814457e-17	False
14	128	additive	compositional_ridge	primary_state_pair	D	-0.0007912360649253228	-0.0007912360649253089	1.3877787807814457e-17	False
14	128	additive	CPA_0.8.8	primary_state_pair	S	0.04822363774656631	0.04822363774656631	0.0	False
14	128	additive	CPA_0.8.8	primary_state_pair	M	0.04822363774656631	0.04822363774656631	0.0	False
14	128	additive	CPA_0.8.8	primary_state_pair	P	0.04822363774656631	0.048331759605872014	0.00010812185930570567	False
14	128	additive	CPA_0.8.8	primary_state_pair	O	0.04822363774656631	0.04811551588726067	-0.00010812185930563628	False
14	128	additive	CPA_0.8.8	primary_state_pair	D	0.04822363774656631	0.0482236377465663	-6.938893903907228e-18	False
14	128	additive	zero_effect	zero_effect_diagnostic	S	0.07777236687891655	0.07777236687891655	0.0	False
14	128	additive	zero_effect	zero_effect_diagnostic	M	0.07777236687891655	0.07777236687891659	4.163336342344337e-17	False
14	128	additive	zero_effect	zero_effect_diagnostic	P	0.07777236687891655	0.07593600007606688	-0.0018363668028496677	False
14	128	additive	zero_effect	zero_effect_diagnostic	O	0.07777236687891655	0.07593600007606688	-0.0018363668028496677	False
14	128	additive	zero_effect	zero_effect_diagnostic	D	0.07777236687891655	0.07593600007606688	-0.0018363668028496677	False
14	128	compositional_ridge	CPA_0.8.8	primary_state_pair	S	0.04901487381149163	0.04901487381149163	0.0	False
14	128	compositional_ridge	CPA_0.8.8	primary_state_pair	M	0.04901487381149163	0.04901487381149163	0.0	False
14	128	compositional_ridge	CPA_0.8.8	primary_state_pair	P	0.04901487381149163	0.04912299567079732	0.00010812185930569179	False
14	128	compositional_ridge	CPA_0.8.8	primary_state_pair	O	0.04901487381149163	0.04890675195218598	-0.00010812185930565016	False
14	128	compositional_ridge	CPA_0.8.8	primary_state_pair	D	0.04901487381149163	0.04901487381149161	-2.0816681711721685e-17	False
14	128	compositional_ridge	zero_effect	zero_effect_diagnostic	S	0.07856360294384188	0.07856360294384188	0.0	False
14	128	compositional_ridge	zero_effect	zero_effect_diagnostic	M	0.07856360294384188	0.0785636029438419	2.7755575615628914e-17	False
14	128	compositional_ridge	zero_effect	zero_effect_diagnostic	P	0.07856360294384188	0.0767272361409922	-0.0018363668028496816	False
14	128	compositional_ridge	zero_effect	zero_effect_diagnostic	O	0.07856360294384188	0.0767272361409922	-0.0018363668028496816	False
14	128	compositional_ridge	zero_effect	zero_effect_diagnostic	D	0.07856360294384188	0.0767272361409922	-0.0018363668028496816	False
14	128	CPA_0.8.8	zero_effect	zero_effect_diagnostic	S	0.029548729132350238	0.029548729132350238	0.0	False
14	128	CPA_0.8.8	zero_effect	zero_effect_diagnostic	M	0.029548729132350238	0.02954872913235028	4.163336342344337e-17	False
14	128	CPA_0.8.8	zero_effect	zero_effect_diagnostic	P	0.029548729132350238	0.02760424047019487	-0.0019444886621553664	False
14	128	CPA_0.8.8	zero_effect	zero_effect_diagnostic	O	0.029548729132350238	0.027820484188806213	-0.0017282449435440245	False
14	128	CPA_0.8.8	zero_effect	zero_effect_diagnostic	D	0.029548729132350238	0.027712362329500584	-0.0018363668028496538	False
14	135	additive	compositional_ridge	primary_state_pair	S	-0.0007912360649253228	-0.0007912360649253228	0.0	False
14	135	additive	compositional_ridge	primary_state_pair	M	-0.0007912360649253228	-0.0007912360649253228	0.0	False
14	135	additive	compositional_ridge	primary_state_pair	P	-0.0007912360649253228	-0.0007912360649253158	6.938893903907228e-18	False
14	135	additive	compositional_ridge	primary_state_pair	O	-0.0007912360649253228	-0.0007912360649253158	6.938893903907228e-18	False
14	135	additive	compositional_ridge	primary_state_pair	D	-0.0007912360649253228	-0.0007912360649253158	6.938893903907228e-18	False
14	135	additive	CPA_0.8.8	primary_state_pair	S	0.047910364454456886	0.047910364454456886	0.0	False
14	135	additive	CPA_0.8.8	primary_state_pair	M	0.047910364454456886	0.047910364454456886	0.0	False
14	135	additive	CPA_0.8.8	primary_state_pair	P	0.047910364454456886	0.04799637342925193	8.600897479504183e-05	False
14	135	additive	CPA_0.8.8	primary_state_pair	O	0.047910364454456886	0.04782435547966186	-8.600897479502795e-05	False
14	135	additive	CPA_0.8.8	primary_state_pair	D	0.047910364454456886	0.04791036445445688	-6.938893903907228e-18	False
14	135	additive	zero_effect	zero_effect_diagnostic	S	0.07733762986581258	0.07733762986581258	0.0	False
14	135	additive	zero_effect	zero_effect_diagnostic	M	0.07733762986581258	0.07733762986581258	0.0	False
14	135	additive	zero_effect	zero_effect_diagnostic	P	0.07733762986581258	0.07562090264792073	-0.0017167272178918447	False
14	135	additive	zero_effect	zero_effect_diagnostic	O	0.07733762986581258	0.07562090264792073	-0.0017167272178918447	False
14	135	additive	zero_effect	zero_effect_diagnostic	D	0.07733762986581258	0.07562090264792073	-0.0017167272178918447	False
14	135	compositional_ridge	CPA_0.8.8	primary_state_pair	S	0.04870160051938221	0.04870160051938221	0.0	False
14	135	compositional_ridge	CPA_0.8.8	primary_state_pair	M	0.04870160051938221	0.04870160051938221	0.0	False
14	135	compositional_ridge	CPA_0.8.8	primary_state_pair	P	0.04870160051938221	0.04878760949417724	8.600897479503489e-05	False
14	135	compositional_ridge	CPA_0.8.8	primary_state_pair	O	0.04870160051938221	0.048615591544587174	-8.600897479503489e-05	False
14	135	compositional_ridge	CPA_0.8.8	primary_state_pair	D	0.04870160051938221	0.048701600519382195	-1.3877787807814457e-17	False
14	135	compositional_ridge	zero_effect	zero_effect_diagnostic	S	0.0781288659307379	0.0781288659307379	0.0	False
14	135	compositional_ridge	zero_effect	zero_effect_diagnostic	M	0.0781288659307379	0.0781288659307379	0.0	False
14	135	compositional_ridge	zero_effect	zero_effect_diagnostic	P	0.0781288659307379	0.07641213871284605	-0.0017167272178918447	False
14	135	compositional_ridge	zero_effect	zero_effect_diagnostic	O	0.0781288659307379	0.07641213871284605	-0.0017167272178918447	False
14	135	compositional_ridge	zero_effect	zero_effect_diagnostic	D	0.0781288659307379	0.07641213871284605	-0.0017167272178918447	False
14	135	CPA_0.8.8	zero_effect	zero_effect_diagnostic	S	0.029427265411355694	0.029427265411355694	0.0	False
14	135	CPA_0.8.8	zero_effect	zero_effect_diagnostic	M	0.029427265411355694	0.029427265411355694	0.0	False
14	135	CPA_0.8.8	zero_effect	zero_effect_diagnostic	P	0.029427265411355694	0.0276245292186688	-0.0018027361926868934	False
14	135	CPA_0.8.8	zero_effect	zero_effect_diagnostic	O	0.029427265411355694	0.02779654716825887	-0.0016307182430968237	False
14	135	CPA_0.8.8	zero_effect	zero_effect_diagnostic	D	0.029427265411355694	0.02771053819346385	-0.0017167272178918447	False
15	8	additive	compositional_ridge	primary_state_pair	S	-0.0007912360649253228	-0.0007912360649253228	0.0	False
15	8	additive	compositional_ridge	primary_state_pair	M	-0.0007912360649253228	-0.0007912360649253228	0.0	False
15	8	additive	compositional_ridge	primary_state_pair	P	-0.0007912360649253228	-0.000791236064925302	2.0816681711721685e-17	False
15	8	additive	compositional_ridge	primary_state_pair	O	-0.0007912360649253228	-0.000791236064925302	2.0816681711721685e-17	False
15	8	additive	compositional_ridge	primary_state_pair	D	-0.0007912360649253228	-0.000791236064925302	2.0816681711721685e-17	False
15	8	additive	CPA_0.8.8	primary_state_pair	S	0.04896335911167224	0.04896335911167224	0.0	False
15	8	additive	CPA_0.8.8	primary_state_pair	M	0.04896335911167224	0.04896335911167224	0.0	False
15	8	additive	CPA_0.8.8	primary_state_pair	P	0.04896335911167224	0.05114496928858961	0.00218161017691737	False
15	8	additive	CPA_0.8.8	primary_state_pair	O	0.04896335911167224	0.046781748934754966	-0.002181610176917273	False
15	8	additive	CPA_0.8.8	primary_state_pair	D	0.04896335911167224	0.04896335911167221	-2.7755575615628914e-17	False
15	8	additive	zero_effect	zero_effect_diagnostic	S	0.0909416349119599	0.0909416349119599	0.0	False
15	8	additive	zero_effect	zero_effect_diagnostic	M	0.0909416349119599	0.0909416349119599	0.0	False
15	8	additive	zero_effect	zero_effect_diagnostic	P	0.0909416349119599	0.059598437635785664	-0.03134319727617424	False
15	8	additive	zero_effect	zero_effect_diagnostic	O	0.0909416349119599	0.059598437635785664	-0.03134319727617424	False
15	8	additive	zero_effect	zero_effect_diagnostic	D	0.0909416349119599	0.059598437635785664	-0.03134319727617424	False
15	8	compositional_ridge	CPA_0.8.8	primary_state_pair	S	0.04975459517659756	0.04975459517659756	0.0	False
15	8	compositional_ridge	CPA_0.8.8	primary_state_pair	M	0.04975459517659756	0.04975459517659756	0.0	False
15	8	compositional_ridge	CPA_0.8.8	primary_state_pair	P	0.04975459517659756	0.05193620535351491	0.0021816101769173493	False
15	8	compositional_ridge	CPA_0.8.8	primary_state_pair	O	0.04975459517659756	0.04757298499968027	-0.002181610176917294	False
15	8	compositional_ridge	CPA_0.8.8	primary_state_pair	D	0.04975459517659756	0.04975459517659751	-4.85722573273506e-17	False
15	8	compositional_ridge	zero_effect	zero_effect_diagnostic	S	0.09173287097688523	0.09173287097688523	0.0	False
15	8	compositional_ridge	zero_effect	zero_effect_diagnostic	M	0.09173287097688523	0.09173287097688523	0.0	False
15	8	compositional_ridge	zero_effect	zero_effect_diagnostic	P	0.09173287097688523	0.060389673700710966	-0.03134319727617427	False
15	8	compositional_ridge	zero_effect	zero_effect_diagnostic	O	0.09173287097688523	0.060389673700710966	-0.03134319727617427	False
15	8	compositional_ridge	zero_effect	zero_effect_diagnostic	D	0.09173287097688523	0.060389673700710966	-0.03134319727617427	False
15	8	CPA_0.8.8	zero_effect	zero_effect_diagnostic	S	0.041978275800287665	0.041978275800287665	0.0	False
15	8	CPA_0.8.8	zero_effect	zero_effect_diagnostic	M	0.041978275800287665	0.041978275800287665	0.0	False
15	8	CPA_0.8.8	zero_effect	zero_effect_diagnostic	P	0.041978275800287665	0.008453468347196055	-0.03352480745309161	False
15	8	CPA_0.8.8	zero_effect	zero_effect_diagnostic	O	0.041978275800287665	0.012816688701030698	-0.029161587099256966	False
15	8	CPA_0.8.8	zero_effect	zero_effect_diagnostic	D	0.041978275800287665	0.010635078524113453	-0.03134319727617421	False
15	16	additive	compositional_ridge	primary_state_pair	S	-0.0007912360649253228	-0.0007912360649253228	0.0	False
15	16	additive	compositional_ridge	primary_state_pair	M	-0.0007912360649253228	-0.0007912360649253228	0.0	False
15	16	additive	compositional_ridge	primary_state_pair	P	-0.0007912360649253228	-0.0007912360649253158	6.938893903907228e-18	False
15	16	additive	compositional_ridge	primary_state_pair	O	-0.0007912360649253228	-0.0007912360649253158	6.938893903907228e-18	False
15	16	additive	compositional_ridge	primary_state_pair	D	-0.0007912360649253228	-0.0007912360649253158	6.938893903907228e-18	False
15	16	additive	CPA_0.8.8	primary_state_pair	S	0.04708746038070913	0.04708746038070913	0.0	False
15	16	additive	CPA_0.8.8	primary_state_pair	M	0.04708746038070913	0.04708746038070913	0.0	False
15	16	additive	CPA_0.8.8	primary_state_pair	P	0.04708746038070913	0.048160698126098835	0.001073237745389706	False
15	16	additive	CPA_0.8.8	primary_state_pair	O	0.04708746038070913	0.046014222635319506	-0.0010732377453896227	False
15	16	additive	CPA_0.8.8	primary_state_pair	D	0.04708746038070913	0.04708746038070918	4.85722573273506e-17	False
15	16	additive	zero_effect	zero_effect_diagnostic	S	0.08184753313676671	0.08184753313676671	0.0	False
15	16	additive	zero_effect	zero_effect_diagnostic	M	0.08184753313676671	0.08184753313676671	0.0	False
15	16	additive	zero_effect	zero_effect_diagnostic	P	0.08184753313676671	0.06660960083901987	-0.015237932297746837	False
15	16	additive	zero_effect	zero_effect_diagnostic	O	0.08184753313676671	0.06660960083901987	-0.015237932297746837	False
15	16	additive	zero_effect	zero_effect_diagnostic	D	0.08184753313676671	0.06660960083901987	-0.015237932297746837	False
15	16	compositional_ridge	CPA_0.8.8	primary_state_pair	S	0.04787869644563445	0.04787869644563445	0.0	False
15	16	compositional_ridge	CPA_0.8.8	primary_state_pair	M	0.04787869644563445	0.04787869644563445	0.0	False
15	16	compositional_ridge	CPA_0.8.8	primary_state_pair	P	0.04787869644563445	0.04895193419102415	0.001073237745389699	False
15	16	compositional_ridge	CPA_0.8.8	primary_state_pair	O	0.04787869644563445	0.04680545870024482	-0.0010732377453896297	False
15	16	compositional_ridge	CPA_0.8.8	primary_state_pair	D	0.04787869644563445	0.04787869644563449	4.163336342344337e-17	False
15	16	compositional_ridge	zero_effect	zero_effect_diagnostic	S	0.08263876920169203	0.08263876920169203	0.0	False
15	16	compositional_ridge	zero_effect	zero_effect_diagnostic	M	0.08263876920169203	0.08263876920169203	0.0	False
15	16	compositional_ridge	zero_effect	zero_effect_diagnostic	P	0.08263876920169203	0.06740083690394519	-0.015237932297746837	False
15	16	compositional_ridge	zero_effect	zero_effect_diagnostic	O	0.08263876920169203	0.06740083690394519	-0.015237932297746837	False
15	16	compositional_ridge	zero_effect	zero_effect_diagnostic	D	0.08263876920169203	0.06740083690394519	-0.015237932297746837	False
15	16	CPA_0.8.8	zero_effect	zero_effect_diagnostic	S	0.03476007275605758	0.03476007275605758	0.0	False
15	16	CPA_0.8.8	zero_effect	zero_effect_diagnostic	M	0.03476007275605758	0.03476007275605758	0.0	False
15	16	CPA_0.8.8	zero_effect	zero_effect_diagnostic	P	0.03476007275605758	0.018448902712921045	-0.016311170043136536	False
15	16	CPA_0.8.8	zero_effect	zero_effect_diagnostic	O	0.03476007275605758	0.020595378203700374	-0.014164694552357207	False
15	16	CPA_0.8.8	zero_effect	zero_effect_diagnostic	D	0.03476007275605758	0.019522140458310702	-0.015237932297746878	False
15	32	additive	compositional_ridge	primary_state_pair	S	-0.0007912360649253228	-0.0007912360649253228	0.0	False
15	32	additive	compositional_ridge	primary_state_pair	M	-0.0007912360649253228	-0.0007912360649253228	0.0	False
15	32	additive	compositional_ridge	primary_state_pair	P	-0.0007912360649253228	-0.0007912360649253228	0.0	False
15	32	additive	compositional_ridge	primary_state_pair	O	-0.0007912360649253228	-0.0007912360649253228	0.0	False
15	32	additive	compositional_ridge	primary_state_pair	D	-0.0007912360649253228	-0.0007912360649253228	0.0	False
15	32	additive	CPA_0.8.8	primary_state_pair	S	0.04785605315063145	0.04785605315063145	0.0	False
15	32	additive	CPA_0.8.8	primary_state_pair	M	0.04785605315063145	0.04785605315063145	0.0	False
15	32	additive	CPA_0.8.8	primary_state_pair	P	0.04785605315063145	0.04854003433683954	0.0006839811862080908	False
15	32	additive	CPA_0.8.8	primary_state_pair	O	0.04785605315063145	0.04717207196442334	-0.0006839811862081047	False
15	32	additive	CPA_0.8.8	primary_state_pair	D	0.04785605315063145	0.04785605315063149	4.163336342344337e-17	False
15	32	additive	zero_effect	zero_effect_diagnostic	S	0.07971893735999695	0.07971893735999695	0.0	False
15	32	additive	zero_effect	zero_effect_diagnostic	M	0.07971893735999695	0.07971893735999695	0.0	False
15	32	additive	zero_effect	zero_effect_diagnostic	P	0.07971893735999695	0.0720225240816595	-0.0076964132783374495	False
15	32	additive	zero_effect	zero_effect_diagnostic	O	0.07971893735999695	0.0720225240816595	-0.0076964132783374495	False
15	32	additive	zero_effect	zero_effect_diagnostic	D	0.07971893735999695	0.0720225240816595	-0.0076964132783374495	False
15	32	compositional_ridge	CPA_0.8.8	primary_state_pair	S	0.04864728921555677	0.04864728921555677	0.0	False
15	32	compositional_ridge	CPA_0.8.8	primary_state_pair	M	0.04864728921555677	0.04864728921555677	0.0	False
15	32	compositional_ridge	CPA_0.8.8	primary_state_pair	P	0.04864728921555677	0.04933127040176486	0.0006839811862080908	False
15	32	compositional_ridge	CPA_0.8.8	primary_state_pair	O	0.04864728921555677	0.047963308029348665	-0.0006839811862081047	False
15	32	compositional_ridge	CPA_0.8.8	primary_state_pair	D	0.04864728921555677	0.04864728921555681	4.163336342344337e-17	False
15	32	compositional_ridge	zero_effect	zero_effect_diagnostic	S	0.08051017342492228	0.08051017342492228	0.0	False
15	32	compositional_ridge	zero_effect	zero_effect_diagnostic	M	0.08051017342492228	0.08051017342492228	0.0	False
15	32	compositional_ridge	zero_effect	zero_effect_diagnostic	P	0.08051017342492228	0.07281376014658483	-0.0076964132783374495	False
15	32	compositional_ridge	zero_effect	zero_effect_diagnostic	O	0.08051017342492228	0.07281376014658483	-0.0076964132783374495	False
15	32	compositional_ridge	zero_effect	zero_effect_diagnostic	D	0.08051017342492228	0.07281376014658483	-0.0076964132783374495	False
15	32	CPA_0.8.8	zero_effect	zero_effect_diagnostic	S	0.031862884209365505	0.031862884209365505	0.0	False
15	32	CPA_0.8.8	zero_effect	zero_effect_diagnostic	M	0.031862884209365505	0.031862884209365505	0.0	False
15	32	CPA_0.8.8	zero_effect	zero_effect_diagnostic	P	0.031862884209365505	0.023482489744819965	-0.00838039446454554	False
15	32	CPA_0.8.8	zero_effect	zero_effect_diagnostic	O	0.031862884209365505	0.02485045211723616	-0.007012432092129345	False
15	32	CPA_0.8.8	zero_effect	zero_effect_diagnostic	D	0.031862884209365505	0.024166470931028014	-0.007696413278337491	False
15	64	additive	compositional_ridge	primary_state_pair	S	-0.0007912360649253228	-0.0007912360649253228	0.0	False
15	64	additive	compositional_ridge	primary_state_pair	M	-0.0007912360649253228	-0.0007912360649253228	0.0	False
15	64	additive	compositional_ridge	primary_state_pair	P	-0.0007912360649253228	-0.0007912360649253054	1.734723475976807e-17	False
15	64	additive	compositional_ridge	primary_state_pair	O	-0.0007912360649253228	-0.0007912360649253054	1.734723475976807e-17	False
15	64	additive	compositional_ridge	primary_state_pair	D	-0.0007912360649253228	-0.0007912360649253054	1.734723475976807e-17	False
15	64	additive	CPA_0.8.8	primary_state_pair	S	0.04718291929732216	0.04718291929732216	0.0	False
15	64	additive	CPA_0.8.8	primary_state_pair	M	0.04718291929732216	0.04718291929732216	0.0	False
15	64	additive	CPA_0.8.8	primary_state_pair	P	0.04718291929732216	0.04757326597204403	0.00039034667472187534	False
15	64	additive	CPA_0.8.8	primary_state_pair	O	0.04718291929732216	0.04679257262260027	-0.0003903466747218892	False
15	64	additive	CPA_0.8.8	primary_state_pair	D	0.04718291929732216	0.04718291929732213	-2.7755575615628914e-17	False
15	64	additive	zero_effect	zero_effect_diagnostic	S	0.07747855257376528	0.07747855257376528	0.0	False
15	64	additive	zero_effect	zero_effect_diagnostic	M	0.07747855257376528	0.07747855257376528	0.0	False
15	64	additive	zero_effect	zero_effect_diagnostic	P	0.07747855257376528	0.07366054816256849	-0.003818004411196785	False
15	64	additive	zero_effect	zero_effect_diagnostic	O	0.07747855257376528	0.07366054816256849	-0.003818004411196785	False
15	64	additive	zero_effect	zero_effect_diagnostic	D	0.07747855257376528	0.07366054816256849	-0.003818004411196785	False
15	64	compositional_ridge	CPA_0.8.8	primary_state_pair	S	0.04797415536224748	0.04797415536224748	0.0	False
15	64	compositional_ridge	CPA_0.8.8	primary_state_pair	M	0.04797415536224748	0.04797415536224748	0.0	False
15	64	compositional_ridge	CPA_0.8.8	primary_state_pair	P	0.04797415536224748	0.048364502036969334	0.0003903466747218545	False
15	64	compositional_ridge	CPA_0.8.8	primary_state_pair	O	0.04797415536224748	0.04758380868752557	-0.00039034667472191004	False
15	64	compositional_ridge	CPA_0.8.8	primary_state_pair	D	0.04797415536224748	0.04797415536224743	-4.85722573273506e-17	False
15	64	compositional_ridge	zero_effect	zero_effect_diagnostic	S	0.07826978863869061	0.07826978863869061	0.0	False
15	64	compositional_ridge	zero_effect	zero_effect_diagnostic	M	0.07826978863869061	0.07826978863869061	0.0	False
15	64	compositional_ridge	zero_effect	zero_effect_diagnostic	P	0.07826978863869061	0.0744517842274938	-0.0038180044111968126	False
15	64	compositional_ridge	zero_effect	zero_effect_diagnostic	O	0.07826978863869061	0.0744517842274938	-0.0038180044111968126	False
15	64	compositional_ridge	zero_effect	zero_effect_diagnostic	D	0.07826978863869061	0.0744517842274938	-0.0038180044111968126	False
15	64	CPA_0.8.8	zero_effect	zero_effect_diagnostic	S	0.03029563327644312	0.03029563327644312	0.0	False
15	64	CPA_0.8.8	zero_effect	zero_effect_diagnostic	M	0.03029563327644312	0.03029563327644312	0.0	False
15	64	CPA_0.8.8	zero_effect	zero_effect_diagnostic	P	0.03029563327644312	0.02608728219052446	-0.00420835108591866	False
15	64	CPA_0.8.8	zero_effect	zero_effect_diagnostic	O	0.03029563327644312	0.026867975539968225	-0.0034276577364748956	False
15	64	CPA_0.8.8	zero_effect	zero_effect_diagnostic	D	0.03029563327644312	0.026477628865246364	-0.003818004411196757	False
15	128	additive	compositional_ridge	primary_state_pair	S	-0.0007912360649253228	-0.0007912360649253228	0.0	False
15	128	additive	compositional_ridge	primary_state_pair	M	-0.0007912360649253228	-0.0007912360649253228	0.0	False
15	128	additive	compositional_ridge	primary_state_pair	P	-0.0007912360649253228	-0.0007912360649253297	-6.938893903907228e-18	False
15	128	additive	compositional_ridge	primary_state_pair	O	-0.0007912360649253228	-0.0007912360649253297	-6.938893903907228e-18	False
15	128	additive	compositional_ridge	primary_state_pair	D	-0.0007912360649253228	-0.0007912360649253297	-6.938893903907228e-18	False
15	128	additive	CPA_0.8.8	primary_state_pair	S	0.047711063404755574	0.047711063404755574	0.0	False
15	128	additive	CPA_0.8.8	primary_state_pair	M	0.047711063404755574	0.047711063404755574	0.0	False
15	128	additive	CPA_0.8.8	primary_state_pair	P	0.047711063404755574	0.047909094770548624	0.00019803136579304992	False
15	128	additive	CPA_0.8.8	primary_state_pair	O	0.047711063404755574	0.04751303203896247	-0.00019803136579310543	False
15	128	additive	CPA_0.8.8	primary_state_pair	D	0.047711063404755574	0.047711063404755547	-2.7755575615628914e-17	False
15	128	additive	zero_effect	zero_effect_diagnostic	S	0.07717070493761594	0.07717070493761594	0.0	False
15	128	additive	zero_effect	zero_effect_diagnostic	M	0.07717070493761594	0.07717070493761594	0.0	False
15	128	additive	zero_effect	zero_effect_diagnostic	P	0.07717070493761594	0.0753122045556689	-0.0018585003819470425	False
15	128	additive	zero_effect	zero_effect_diagnostic	O	0.07717070493761594	0.0753122045556689	-0.0018585003819470425	False
15	128	additive	zero_effect	zero_effect_diagnostic	D	0.07717070493761594	0.0753122045556689	-0.0018585003819470425	False
15	128	compositional_ridge	CPA_0.8.8	primary_state_pair	S	0.0485022994696809	0.0485022994696809	0.0	False
15	128	compositional_ridge	CPA_0.8.8	primary_state_pair	M	0.0485022994696809	0.0485022994696809	0.0	False
15	128	compositional_ridge	CPA_0.8.8	primary_state_pair	P	0.0485022994696809	0.048700330835473954	0.00019803136579305686	False
15	128	compositional_ridge	CPA_0.8.8	primary_state_pair	O	0.0485022994696809	0.0483042681038878	-0.0001980313657930985	False
15	128	compositional_ridge	CPA_0.8.8	primary_state_pair	D	0.0485022994696809	0.048502299469680876	-2.0816681711721685e-17	False
15	128	compositional_ridge	zero_effect	zero_effect_diagnostic	S	0.07796194100254125	0.07796194100254125	0.0	False
15	128	compositional_ridge	zero_effect	zero_effect_diagnostic	M	0.07796194100254125	0.07796194100254125	0.0	False
15	128	compositional_ridge	zero_effect	zero_effect_diagnostic	P	0.07796194100254125	0.07610344062059422	-0.0018585003819470286	False
15	128	compositional_ridge	zero_effect	zero_effect_diagnostic	O	0.07796194100254125	0.07610344062059422	-0.0018585003819470286	False
15	128	compositional_ridge	zero_effect	zero_effect_diagnostic	D	0.07796194100254125	0.07610344062059422	-0.0018585003819470286	False
15	128	CPA_0.8.8	zero_effect	zero_effect_diagnostic	S	0.02945964153286036	0.02945964153286036	0.0	False
15	128	CPA_0.8.8	zero_effect	zero_effect_diagnostic	M	0.02945964153286036	0.02945964153286036	0.0	False
15	128	CPA_0.8.8	zero_effect	zero_effect_diagnostic	P	0.02945964153286036	0.02740310978512027	-0.0020565317477400924	False
15	128	CPA_0.8.8	zero_effect	zero_effect_diagnostic	O	0.02945964153286036	0.027799172516706425	-0.001660469016153937	False
15	128	CPA_0.8.8	zero_effect	zero_effect_diagnostic	D	0.02945964153286036	0.027601141150913347	-0.0018585003819470147	False
15	135	additive	compositional_ridge	primary_state_pair	S	-0.0007912360649253228	-0.0007912360649253228	0.0	False
15	135	additive	compositional_ridge	primary_state_pair	M	-0.0007912360649253228	-0.0007912360649253228	0.0	False
15	135	additive	compositional_ridge	primary_state_pair	P	-0.0007912360649253228	-0.0007912360649253158	6.938893903907228e-18	False
15	135	additive	compositional_ridge	primary_state_pair	O	-0.0007912360649253228	-0.0007912360649253158	6.938893903907228e-18	False
15	135	additive	compositional_ridge	primary_state_pair	D	-0.0007912360649253228	-0.0007912360649253158	6.938893903907228e-18	False
15	135	additive	CPA_0.8.8	primary_state_pair	S	0.04784536427759742	0.04784536427759742	0.0	False
15	135	additive	CPA_0.8.8	primary_state_pair	M	0.04784536427759742	0.04784536427759742	0.0	False
15	135	additive	CPA_0.8.8	primary_state_pair	P	0.04784536427759742	0.04802406213794731	0.000178697860349894	False
15	135	additive	CPA_0.8.8	primary_state_pair	O	0.04784536427759742	0.04766666641724755	-0.00017869786034986623	False
15	135	additive	CPA_0.8.8	primary_state_pair	D	0.04784536427759742	0.04784536427759743	1.3877787807814457e-17	False
15	135	additive	zero_effect	zero_effect_diagnostic	S	0.07726148827531597	0.07726148827531597	0.0	False
15	135	additive	zero_effect	zero_effect_diagnostic	M	0.07726148827531597	0.07726148827531597	0.0	False
15	135	additive	zero_effect	zero_effect_diagnostic	P	0.07726148827531597	0.07549641404521788	-0.0017650742300980848	False
15	135	additive	zero_effect	zero_effect_diagnostic	O	0.07726148827531597	0.07549641404521788	-0.0017650742300980848	False
15	135	additive	zero_effect	zero_effect_diagnostic	D	0.07726148827531597	0.07549641404521788	-0.0017650742300980848	False
15	135	compositional_ridge	CPA_0.8.8	primary_state_pair	S	0.04863660034252274	0.04863660034252274	0.0	False
15	135	compositional_ridge	CPA_0.8.8	primary_state_pair	M	0.04863660034252274	0.04863660034252274	0.0	False
15	135	compositional_ridge	CPA_0.8.8	primary_state_pair	P	0.04863660034252274	0.04881529820287263	0.00017869786034988705	False
15	135	compositional_ridge	CPA_0.8.8	primary_state_pair	O	0.04863660034252274	0.04845790248217287	-0.00017869786034987317	False
15	135	compositional_ridge	CPA_0.8.8	primary_state_pair	D	0.04863660034252274	0.04863660034252275	6.938893903907228e-18	False
15	135	compositional_ridge	zero_effect	zero_effect_diagnostic	S	0.0780527243402413	0.0780527243402413	0.0	False
15	135	compositional_ridge	zero_effect	zero_effect_diagnostic	M	0.0780527243402413	0.0780527243402413	0.0	False
15	135	compositional_ridge	zero_effect	zero_effect_diagnostic	P	0.0780527243402413	0.0762876501101432	-0.0017650742300980987	False
15	135	compositional_ridge	zero_effect	zero_effect_diagnostic	O	0.0780527243402413	0.0762876501101432	-0.0017650742300980987	False
15	135	compositional_ridge	zero_effect	zero_effect_diagnostic	D	0.0780527243402413	0.0762876501101432	-0.0017650742300980987	False
15	135	CPA_0.8.8	zero_effect	zero_effect_diagnostic	S	0.02941612399771855	0.02941612399771855	0.0	False
15	135	CPA_0.8.8	zero_effect	zero_effect_diagnostic	M	0.02941612399771855	0.02941612399771855	0.0	False
15	135	CPA_0.8.8	zero_effect	zero_effect_diagnostic	P	0.02941612399771855	0.02747235190727057	-0.0019437720904479788	False
15	135	CPA_0.8.8	zero_effect	zero_effect_diagnostic	O	0.02941612399771855	0.02782974762797033	-0.0015863763697482186	False
15	135	CPA_0.8.8	zero_effect	zero_effect_diagnostic	D	0.02941612399771855	0.02765104976762045	-0.0017650742300980987	False
16	8	additive	compositional_ridge	primary_state_pair	S	-0.0007912360649253228	-0.0007912360649253228	0.0	False
16	8	additive	compositional_ridge	primary_state_pair	M	-0.0007912360649253228	-0.0007912360649253228	0.0	False
16	8	additive	compositional_ridge	primary_state_pair	P	-0.0007912360649253228	-0.0007912360649253505	-2.7755575615628914e-17	False
16	8	additive	compositional_ridge	primary_state_pair	O	-0.0007912360649253228	-0.0007912360649253505	-2.7755575615628914e-17	False
16	8	additive	compositional_ridge	primary_state_pair	D	-0.0007912360649253228	-0.0007912360649253505	-2.7755575615628914e-17	False
16	8	additive	CPA_0.8.8	primary_state_pair	S	0.04744641653709697	0.04744641653709697	0.0	False
16	8	additive	CPA_0.8.8	primary_state_pair	M	0.04744641653709697	0.04744641653709697	0.0	False
16	8	additive	CPA_0.8.8	primary_state_pair	P	0.04744641653709697	0.051750476193083046	0.004304059655986077	False
16	8	additive	CPA_0.8.8	primary_state_pair	O	0.04744641653709697	0.04314235688111074	-0.00430405965598623	False
16	8	additive	CPA_0.8.8	primary_state_pair	D	0.04744641653709697	0.04744641653709691	-6.245004513516506e-17	False
16	8	additive	zero_effect	zero_effect_diagnostic	S	0.08842323537591874	0.08842323537591874	0.0	False
16	8	additive	zero_effect	zero_effect_diagnostic	M	0.08842323537591874	0.0884232353759187	-4.163336342344337e-17	False
16	8	additive	zero_effect	zero_effect_diagnostic	P	0.08842323537591874	0.056969769037604735	-0.03145346633831401	False
16	8	additive	zero_effect	zero_effect_diagnostic	O	0.08842323537591874	0.056969769037604735	-0.03145346633831401	False
16	8	additive	zero_effect	zero_effect_diagnostic	D	0.08842323537591874	0.056969769037604735	-0.03145346633831401	False
16	8	compositional_ridge	CPA_0.8.8	primary_state_pair	S	0.04823765260202229	0.04823765260202229	0.0	False
16	8	compositional_ridge	CPA_0.8.8	primary_state_pair	M	0.04823765260202229	0.04823765260202229	0.0	False
16	8	compositional_ridge	CPA_0.8.8	primary_state_pair	P	0.04823765260202229	0.0525417122580084	0.004304059655986105	False
16	8	compositional_ridge	CPA_0.8.8	primary_state_pair	O	0.04823765260202229	0.04393359294603609	-0.004304059655986202	False
16	8	compositional_ridge	CPA_0.8.8	primary_state_pair	D	0.04823765260202229	0.04823765260202226	-3.469446951953614e-17	False
16	8	compositional_ridge	zero_effect	zero_effect_diagnostic	S	0.08921447144084407	0.08921447144084407	0.0	False
16	8	compositional_ridge	zero_effect	zero_effect_diagnostic	M	0.08921447144084407	0.08921447144084402	-5.551115123125783e-17	False
16	8	compositional_ridge	zero_effect	zero_effect_diagnostic	P	0.08921447144084407	0.057761005102530086	-0.03145346633831399	False
16	8	compositional_ridge	zero_effect	zero_effect_diagnostic	O	0.08921447144084407	0.057761005102530086	-0.03145346633831399	False
16	8	compositional_ridge	zero_effect	zero_effect_diagnostic	D	0.08921447144084407	0.057761005102530086	-0.03145346633831399	False
16	8	CPA_0.8.8	zero_effect	zero_effect_diagnostic	S	0.040976818838821774	0.040976818838821774	0.0	False
16	8	CPA_0.8.8	zero_effect	zero_effect_diagnostic	M	0.040976818838821774	0.04097681883882173	-4.163336342344337e-17	False
16	8	CPA_0.8.8	zero_effect	zero_effect_diagnostic	P	0.040976818838821774	0.005219292844521689	-0.035757525994300085	False
16	8	CPA_0.8.8	zero_effect	zero_effect_diagnostic	O	0.040976818838821774	0.013827412156493996	-0.02714940668232778	False
16	8	CPA_0.8.8	zero_effect	zero_effect_diagnostic	D	0.040976818838821774	0.009523352500507828	-0.031453466338313946	False
16	16	additive	compositional_ridge	primary_state_pair	S	-0.0007912360649253228	-0.0007912360649253228	0.0	False
16	16	additive	compositional_ridge	primary_state_pair	M	-0.0007912360649253228	-0.0007912360649253228	0.0	False
16	16	additive	compositional_ridge	primary_state_pair	P	-0.0007912360649253228	-0.0007912360649253297	-6.938893903907228e-18	False
16	16	additive	compositional_ridge	primary_state_pair	O	-0.0007912360649253228	-0.0007912360649253297	-6.938893903907228e-18	False
16	16	additive	compositional_ridge	primary_state_pair	D	-0.0007912360649253228	-0.0007912360649253297	-6.938893903907228e-18	False
16	16	additive	CPA_0.8.8	primary_state_pair	S	0.051179154184599826	0.051179154184599826	0.0	False
16	16	additive	CPA_0.8.8	primary_state_pair	M	0.051179154184599826	0.051179154184599826	0.0	False
16	16	additive	CPA_0.8.8	primary_state_pair	P	0.051179154184599826	0.053256414507470706	0.0020772603228708802	False
16	16	additive	CPA_0.8.8	primary_state_pair	O	0.051179154184599826	0.049101893861728904	-0.002077260322870922	False
16	16	additive	CPA_0.8.8	primary_state_pair	D	0.051179154184599826	0.05117915418459977	-5.551115123125783e-17	False
16	16	additive	zero_effect	zero_effect_diagnostic	S	0.08675767487023116	0.08675767487023116	0.0	False
16	16	additive	zero_effect	zero_effect_diagnostic	M	0.08675767487023116	0.08675767487023117	1.3877787807814457e-17	False
16	16	additive	zero_effect	zero_effect_diagnostic	P	0.08675767487023116	0.07133028800468158	-0.015427386865549578	False
16	16	additive	zero_effect	zero_effect_diagnostic	O	0.08675767487023116	0.07133028800468158	-0.015427386865549578	False
16	16	additive	zero_effect	zero_effect_diagnostic	D	0.08675767487023116	0.07133028800468158	-0.015427386865549578	False
16	16	compositional_ridge	CPA_0.8.8	primary_state_pair	S	0.05197039024952515	0.05197039024952515	0.0	False
16	16	compositional_ridge	CPA_0.8.8	primary_state_pair	M	0.05197039024952515	0.05197039024952515	0.0	False
16	16	compositional_ridge	CPA_0.8.8	primary_state_pair	P	0.05197039024952515	0.054047650572396036	0.002077260322870887	False
16	16	compositional_ridge	CPA_0.8.8	primary_state_pair	O	0.05197039024952515	0.049893129926654234	-0.002077260322870915	False
16	16	compositional_ridge	CPA_0.8.8	primary_state_pair	D	0.05197039024952515	0.0519703902495251	-4.85722573273506e-17	False
16	16	compositional_ridge	zero_effect	zero_effect_diagnostic	S	0.08754891093515649	0.08754891093515649	0.0	False
16	16	compositional_ridge	zero_effect	zero_effect_diagnostic	M	0.08754891093515649	0.08754891093515649	0.0	False
16	16	compositional_ridge	zero_effect	zero_effect_diagnostic	P	0.08754891093515649	0.07212152406960691	-0.015427386865549578	False
16	16	compositional_ridge	zero_effect	zero_effect_diagnostic	O	0.08754891093515649	0.07212152406960691	-0.015427386865549578	False
16	16	compositional_ridge	zero_effect	zero_effect_diagnostic	D	0.08754891093515649	0.07212152406960691	-0.015427386865549578	False
16	16	CPA_0.8.8	zero_effect	zero_effect_diagnostic	S	0.03557852068563133	0.03557852068563133	0.0	False
16	16	CPA_0.8.8	zero_effect	zero_effect_diagnostic	M	0.03557852068563133	0.035578520685631346	1.3877787807814457e-17	False
16	16	CPA_0.8.8	zero_effect	zero_effect_diagnostic	P	0.03557852068563133	0.018073873497210874	-0.017504647188420458	False
16	16	CPA_0.8.8	zero_effect	zero_effect_diagnostic	O	0.03557852068563133	0.022228394142952676	-0.013350126542678656	False
16	16	CPA_0.8.8	zero_effect	zero_effect_diagnostic	D	0.03557852068563133	0.02015113382008181	-0.015427386865549522	False
16	32	additive	compositional_ridge	primary_state_pair	S	-0.0007912360649253228	-0.0007912360649253228	0.0	False
16	32	additive	compositional_ridge	primary_state_pair	M	-0.0007912360649253228	-0.0007912360649253228	0.0	False
16	32	additive	compositional_ridge	primary_state_pair	P	-0.0007912360649253228	-0.0007912360649253228	0.0	False
16	32	additive	compositional_ridge	primary_state_pair	O	-0.0007912360649253228	-0.0007912360649253228	0.0	False
16	32	additive	compositional_ridge	primary_state_pair	D	-0.0007912360649253228	-0.0007912360649253228	0.0	False
16	32	additive	CPA_0.8.8	primary_state_pair	S	0.05031927129437347	0.05031927129437347	0.0	False
16	32	additive	CPA_0.8.8	primary_state_pair	M	0.05031927129437347	0.05031927129437347	0.0	False
16	32	additive	CPA_0.8.8	primary_state_pair	P	0.05031927129437347	0.05095978693653568	0.0006405156421622135	False
16	32	additive	CPA_0.8.8	primary_state_pair	O	0.05031927129437347	0.04967875565221127	-0.0006405156421621996	False
16	32	additive	CPA_0.8.8	primary_state_pair	D	0.05031927129437347	0.05031927129437349	2.0816681711721685e-17	False
16	32	additive	zero_effect	zero_effect_diagnostic	S	0.08278705996734675	0.08278705996734675	0.0	False
16	32	additive	zero_effect	zero_effect_diagnostic	M	0.08278705996734675	0.08278705996734675	0.0	False
16	32	additive	zero_effect	zero_effect_diagnostic	P	0.08278705996734675	0.07535581784063397	-0.007431242126712784	False
16	32	additive	zero_effect	zero_effect_diagnostic	O	0.08278705996734675	0.07535581784063397	-0.007431242126712784	False
16	32	additive	zero_effect	zero_effect_diagnostic	D	0.08278705996734675	0.07535581784063397	-0.007431242126712784	False
16	32	compositional_ridge	CPA_0.8.8	primary_state_pair	S	0.05111050735929879	0.05111050735929879	0.0	False
16	32	compositional_ridge	CPA_0.8.8	primary_state_pair	M	0.05111050735929879	0.05111050735929879	0.0	False
16	32	compositional_ridge	CPA_0.8.8	primary_state_pair	P	0.05111050735929879	0.051751023001461005	0.0006405156421622135	False
16	32	compositional_ridge	CPA_0.8.8	primary_state_pair	O	0.05111050735929879	0.05046999171713659	-0.0006405156421621996	False
16	32	compositional_ridge	CPA_0.8.8	primary_state_pair	D	0.05111050735929879	0.05111050735929881	2.0816681711721685e-17	False
16	32	compositional_ridge	zero_effect	zero_effect_diagnostic	S	0.08357829603227207	0.08357829603227207	0.0	False
16	32	compositional_ridge	zero_effect	zero_effect_diagnostic	M	0.08357829603227207	0.08357829603227207	0.0	False
16	32	compositional_ridge	zero_effect	zero_effect_diagnostic	P	0.08357829603227207	0.0761470539055593	-0.00743124212671277	False
16	32	compositional_ridge	zero_effect	zero_effect_diagnostic	O	0.08357829603227207	0.0761470539055593	-0.00743124212671277	False
16	32	compositional_ridge	zero_effect	zero_effect_diagnostic	D	0.08357829603227207	0.0761470539055593	-0.00743124212671277	False
16	32	CPA_0.8.8	zero_effect	zero_effect_diagnostic	S	0.032467788672973286	0.032467788672973286	0.0	False
16	32	CPA_0.8.8	zero_effect	zero_effect_diagnostic	M	0.032467788672973286	0.032467788672973286	0.0	False
16	32	CPA_0.8.8	zero_effect	zero_effect_diagnostic	P	0.032467788672973286	0.024396030904098295	-0.00807175776887499	False
16	32	CPA_0.8.8	zero_effect	zero_effect_diagnostic	O	0.032467788672973286	0.02567706218842271	-0.006790726484550577	False
16	32	CPA_0.8.8	zero_effect	zero_effect_diagnostic	D	0.032467788672973286	0.025036546546260488	-0.007431242126712798	False
16	64	additive	compositional_ridge	primary_state_pair	S	-0.0007912360649253228	-0.0007912360649253228	0.0	False
16	64	additive	compositional_ridge	primary_state_pair	M	-0.0007912360649253228	-0.0007912360649253228	0.0	False
16	64	additive	compositional_ridge	primary_state_pair	P	-0.0007912360649253228	-0.0007912360649253089	1.3877787807814457e-17	False
16	64	additive	compositional_ridge	primary_state_pair	O	-0.0007912360649253228	-0.0007912360649253089	1.3877787807814457e-17	False
16	64	additive	compositional_ridge	primary_state_pair	D	-0.0007912360649253228	-0.0007912360649253089	1.3877787807814457e-17	False
16	64	additive	CPA_0.8.8	primary_state_pair	S	0.04720678212922971	0.04720678212922971	0.0	False
16	64	additive	CPA_0.8.8	primary_state_pair	M	0.04720678212922971	0.04720678212922971	0.0	False
16	64	additive	CPA_0.8.8	primary_state_pair	P	0.04720678212922971	0.04753389325534906	0.00032711112611934906	False
16	64	additive	CPA_0.8.8	primary_state_pair	O	0.04720678212922971	0.04687967100311042	-0.00032711112611929355	False
16	64	additive	CPA_0.8.8	primary_state_pair	D	0.04720678212922971	0.04720678212922972	6.938893903907228e-18	False
16	64	additive	zero_effect	zero_effect_diagnostic	S	0.07725516101974696	0.07725516101974696	0.0	False
16	64	additive	zero_effect	zero_effect_diagnostic	M	0.07725516101974696	0.07725516101974696	0.0	False
16	64	additive	zero_effect	zero_effect_diagnostic	P	0.07725516101974696	0.07346909122417195	-0.0037860697955750117	False
16	64	additive	zero_effect	zero_effect_diagnostic	O	0.07725516101974696	0.07346909122417195	-0.0037860697955750117	False
16	64	additive	zero_effect	zero_effect_diagnostic	D	0.07725516101974696	0.07346909122417195	-0.0037860697955750117	False
16	64	compositional_ridge	CPA_0.8.8	primary_state_pair	S	0.047998018194155036	0.047998018194155036	0.0	False
16	64	compositional_ridge	CPA_0.8.8	primary_state_pair	M	0.047998018194155036	0.047998018194155036	0.0	False
16	64	compositional_ridge	CPA_0.8.8	primary_state_pair	P	0.047998018194155036	0.04832512932027437	0.0003271111261193352	False
16	64	compositional_ridge	CPA_0.8.8	primary_state_pair	O	0.047998018194155036	0.04767090706803573	-0.00032711112611930743	False
16	64	compositional_ridge	CPA_0.8.8	primary_state_pair	D	0.047998018194155036	0.04799801819415503	-6.938893903907228e-18	False
16	64	compositional_ridge	zero_effect	zero_effect_diagnostic	S	0.07804639708467229	0.07804639708467229	0.0	False
16	64	compositional_ridge	zero_effect	zero_effect_diagnostic	M	0.07804639708467229	0.07804639708467229	0.0	False
16	64	compositional_ridge	zero_effect	zero_effect_diagnostic	P	0.07804639708467229	0.07426032728909725	-0.0037860697955750394	False
16	64	compositional_ridge	zero_effect	zero_effect_diagnostic	O	0.07804639708467229	0.07426032728909725	-0.0037860697955750394	False
16	64	compositional_ridge	zero_effect	zero_effect_diagnostic	D	0.07804639708467229	0.07426032728909725	-0.0037860697955750394	False
16	64	CPA_0.8.8	zero_effect	zero_effect_diagnostic	S	0.030048378890517244	0.030048378890517244	0.0	False
16	64	CPA_0.8.8	zero_effect	zero_effect_diagnostic	M	0.030048378890517244	0.030048378890517244	0.0	False
16	64	CPA_0.8.8	zero_effect	zero_effect_diagnostic	P	0.030048378890517244	0.025935197968822876	-0.004113180921694368	False
16	64	CPA_0.8.8	zero_effect	zero_effect_diagnostic	O	0.030048378890517244	0.02658942022106152	-0.003458958669455725	False
16	64	CPA_0.8.8	zero_effect	zero_effect_diagnostic	D	0.030048378890517244	0.02626230909494222	-0.0037860697955750255	False
16	128	additive	compositional_ridge	primary_state_pair	S	-0.0007912360649253228	-0.0007912360649253228	0.0	False
16	128	additive	compositional_ridge	primary_state_pair	M	-0.0007912360649253228	-0.0007912360649253228	0.0	False
16	128	additive	compositional_ridge	primary_state_pair	P	-0.0007912360649253228	-0.0007912360649253228	0.0	False
16	128	additive	compositional_ridge	primary_state_pair	O	-0.0007912360649253228	-0.0007912360649253228	0.0	False
16	128	additive	compositional_ridge	primary_state_pair	D	-0.0007912360649253228	-0.0007912360649253228	0.0	False
16	128	additive	CPA_0.8.8	primary_state_pair	S	0.04754032179301042	0.04754032179301042	0.0	False
16	128	additive	CPA_0.8.8	primary_state_pair	M	0.04754032179301042	0.04754032179301042	0.0	False
16	128	additive	CPA_0.8.8	primary_state_pair	P	0.04754032179301042	0.047654974494145894	0.00011465270113547588	False
16	128	additive	CPA_0.8.8	primary_state_pair	O	0.04754032179301042	0.0474256690918749	-0.00011465270113551751	False
16	128	additive	CPA_0.8.8	primary_state_pair	D	0.04754032179301042	0.047540321793010404	-1.3877787807814457e-17	False
16	128	additive	zero_effect	zero_effect_diagnostic	S	0.07697916215368796	0.07697916215368796	0.0	False
16	128	additive	zero_effect	zero_effect_diagnostic	M	0.07697916215368796	0.07697916215368796	0.0	False
16	128	additive	zero_effect	zero_effect_diagnostic	P	0.07697916215368796	0.0751235386552388	-0.0018556234984491576	False
16	128	additive	zero_effect	zero_effect_diagnostic	O	0.07697916215368796	0.0751235386552388	-0.0018556234984491576	False
16	128	additive	zero_effect	zero_effect_diagnostic	D	0.07697916215368796	0.0751235386552388	-0.0018556234984491576	False
16	128	compositional_ridge	CPA_0.8.8	primary_state_pair	S	0.04833155785793574	0.04833155785793574	0.0	False
16	128	compositional_ridge	CPA_0.8.8	primary_state_pair	M	0.04833155785793574	0.04833155785793574	0.0	False
16	128	compositional_ridge	CPA_0.8.8	primary_state_pair	P	0.04833155785793574	0.04844621055907121	0.00011465270113546894	False
16	128	compositional_ridge	CPA_0.8.8	primary_state_pair	O	0.04833155785793574	0.048216905156800216	-0.00011465270113552445	False
16	128	compositional_ridge	CPA_0.8.8	primary_state_pair	D	0.04833155785793574	0.04833155785793572	-2.0816681711721685e-17	False
16	128	compositional_ridge	zero_effect	zero_effect_diagnostic	S	0.07777039821861328	0.07777039821861328	0.0	False
16	128	compositional_ridge	zero_effect	zero_effect_diagnostic	M	0.07777039821861328	0.07777039821861328	0.0	False
16	128	compositional_ridge	zero_effect	zero_effect_diagnostic	P	0.07777039821861328	0.07591477472016411	-0.0018556234984491715	False
16	128	compositional_ridge	zero_effect	zero_effect_diagnostic	O	0.07777039821861328	0.07591477472016411	-0.0018556234984491715	False
16	128	compositional_ridge	zero_effect	zero_effect_diagnostic	D	0.07777039821861328	0.07591477472016411	-0.0018556234984491715	False
16	128	CPA_0.8.8	zero_effect	zero_effect_diagnostic	S	0.029438840360677537	0.029438840360677537	0.0	False
16	128	CPA_0.8.8	zero_effect	zero_effect_diagnostic	M	0.029438840360677537	0.029438840360677537	0.0	False
16	128	CPA_0.8.8	zero_effect	zero_effect_diagnostic	P	0.029438840360677537	0.027468564161092904	-0.0019702761995846335	False
16	128	CPA_0.8.8	zero_effect	zero_effect_diagnostic	O	0.029438840360677537	0.027697869563363897	-0.0017409707973136401	False
16	128	CPA_0.8.8	zero_effect	zero_effect_diagnostic	D	0.029438840360677537	0.027583216862228394	-0.0018556234984491438	False
16	135	additive	compositional_ridge	primary_state_pair	S	-0.0007912360649253228	-0.0007912360649253228	0.0	False
16	135	additive	compositional_ridge	primary_state_pair	M	-0.0007912360649253228	-0.0007912360649253228	0.0	False
16	135	additive	compositional_ridge	primary_state_pair	P	-0.0007912360649253228	-0.0007912360649253158	6.938893903907228e-18	False
16	135	additive	compositional_ridge	primary_state_pair	O	-0.0007912360649253228	-0.0007912360649253158	6.938893903907228e-18	False
16	135	additive	compositional_ridge	primary_state_pair	D	-0.0007912360649253228	-0.0007912360649253158	6.938893903907228e-18	False
16	135	additive	CPA_0.8.8	primary_state_pair	S	0.04761038670035719	0.04761038670035719	0.0	False
16	135	additive	CPA_0.8.8	primary_state_pair	M	0.04761038670035719	0.04761038670035719	0.0	False
16	135	additive	CPA_0.8.8	primary_state_pair	P	0.04761038670035719	0.0477200487705538	0.0001096620701966089	False
16	135	additive	CPA_0.8.8	primary_state_pair	O	0.04761038670035719	0.04750072463016064	-0.00010966207019655339	False
16	135	additive	CPA_0.8.8	primary_state_pair	D	0.04761038670035719	0.04761038670035721	1.3877787807814457e-17	False
16	135	additive	zero_effect	zero_effect_diagnostic	S	0.07702287390780001	0.07702287390780001	0.0	False
16	135	additive	zero_effect	zero_effect_diagnostic	M	0.07702287390780001	0.07702287390780001	0.0	False
16	135	additive	zero_effect	zero_effect_diagnostic	P	0.07702287390780001	0.07525449953463359	-0.0017683743731664175	False
16	135	additive	zero_effect	zero_effect_diagnostic	O	0.07702287390780001	0.07525449953463359	-0.0017683743731664175	False
16	135	additive	zero_effect	zero_effect_diagnostic	D	0.07702287390780001	0.07525449953463359	-0.0017683743731664175	False
16	135	compositional_ridge	CPA_0.8.8	primary_state_pair	S	0.048401622765282516	0.048401622765282516	0.0	False
16	135	compositional_ridge	CPA_0.8.8	primary_state_pair	M	0.048401622765282516	0.048401622765282516	0.0	False
16	135	compositional_ridge	CPA_0.8.8	primary_state_pair	P	0.048401622765282516	0.04851128483547912	0.00010966207019660196	False
16	135	compositional_ridge	CPA_0.8.8	primary_state_pair	O	0.048401622765282516	0.048291960695085956	-0.00010966207019656032	False
16	135	compositional_ridge	CPA_0.8.8	primary_state_pair	D	0.048401622765282516	0.04840162276528252	6.938893903907228e-18	False
16	135	compositional_ridge	zero_effect	zero_effect_diagnostic	S	0.07781410997272534	0.07781410997272534	0.0	False
16	135	compositional_ridge	zero_effect	zero_effect_diagnostic	M	0.07781410997272534	0.07781410997272534	0.0	False
16	135	compositional_ridge	zero_effect	zero_effect_diagnostic	P	0.07781410997272534	0.0760457355995589	-0.0017683743731664314	False
16	135	compositional_ridge	zero_effect	zero_effect_diagnostic	O	0.07781410997272534	0.0760457355995589	-0.0017683743731664314	False
16	135	compositional_ridge	zero_effect	zero_effect_diagnostic	D	0.07781410997272534	0.0760457355995589	-0.0017683743731664314	False
16	135	CPA_0.8.8	zero_effect	zero_effect_diagnostic	S	0.029412487207442814	0.029412487207442814	0.0	False
16	135	CPA_0.8.8	zero_effect	zero_effect_diagnostic	M	0.029412487207442814	0.029412487207442814	0.0	False
16	135	CPA_0.8.8	zero_effect	zero_effect_diagnostic	P	0.029412487207442814	0.027534450764079788	-0.0018780364433630264	False
16	135	CPA_0.8.8	zero_effect	zero_effect_diagnostic	O	0.029412487207442814	0.02775377490447295	-0.0016587123029698642	False
16	135	CPA_0.8.8	zero_effect	zero_effect_diagnostic	D	0.029412487207442814	0.027644112834276383	-0.0017683743731664314	False
17	8	additive	compositional_ridge	primary_state_pair	S	-0.0007912360649253228	-0.0007912360649253228	0.0	False
17	8	additive	compositional_ridge	primary_state_pair	M	-0.0007912360649253228	-0.0007912360649253228	0.0	False
17	8	additive	compositional_ridge	primary_state_pair	P	-0.0007912360649253228	-0.0007912360649252811	4.163336342344337e-17	False
17	8	additive	compositional_ridge	primary_state_pair	O	-0.0007912360649253228	-0.0007912360649252811	4.163336342344337e-17	False
17	8	additive	compositional_ridge	primary_state_pair	D	-0.0007912360649253228	-0.0007912360649252811	4.163336342344337e-17	False
17	8	additive	CPA_0.8.8	primary_state_pair	S	0.05326941993262832	0.05326941993262832	0.0	False
17	8	additive	CPA_0.8.8	primary_state_pair	M	0.05326941993262832	0.05326941993262832	0.0	False
17	8	additive	CPA_0.8.8	primary_state_pair	P	0.05326941993262832	0.056852379949788534	0.003582960017160214	False
17	8	additive	CPA_0.8.8	primary_state_pair	O	0.05326941993262832	0.04968645991546816	-0.0035829600171601583	False
17	8	additive	CPA_0.8.8	primary_state_pair	D	0.05326941993262832	0.05326941993262836	4.163336342344337e-17	False
17	8	additive	zero_effect	zero_effect_diagnostic	S	0.0958473791923383	0.0958473791923383	0.0	False
17	8	additive	zero_effect	zero_effect_diagnostic	M	0.0958473791923383	0.09584737919233831	1.3877787807814457e-17	False
17	8	additive	zero_effect	zero_effect_diagnostic	P	0.0958473791923383	0.06402268844141783	-0.03182469075092047	False
17	8	additive	zero_effect	zero_effect_diagnostic	O	0.0958473791923383	0.06402268844141783	-0.03182469075092047	False
17	8	additive	zero_effect	zero_effect_diagnostic	D	0.0958473791923383	0.06402268844141783	-0.03182469075092047	False
17	8	compositional_ridge	CPA_0.8.8	primary_state_pair	S	0.05406065599755364	0.05406065599755364	0.0	False
17	8	compositional_ridge	CPA_0.8.8	primary_state_pair	M	0.05406065599755364	0.05406065599755364	0.0	False
17	8	compositional_ridge	CPA_0.8.8	primary_state_pair	P	0.05406065599755364	0.057643616014713815	0.003582960017160172	False
17	8	compositional_ridge	CPA_0.8.8	primary_state_pair	O	0.05406065599755364	0.05047769598039344	-0.0035829600171602	False
17	8	compositional_ridge	CPA_0.8.8	primary_state_pair	D	0.05406065599755364	0.05406065599755364	0.0	False
17	8	compositional_ridge	zero_effect	zero_effect_diagnostic	S	0.09663861525726361	0.09663861525726361	0.0	False
17	8	compositional_ridge	zero_effect	zero_effect_diagnostic	M	0.09663861525726361	0.09663861525726364	2.7755575615628914e-17	False
17	8	compositional_ridge	zero_effect	zero_effect_diagnostic	P	0.09663861525726361	0.0648139245063431	-0.03182469075092051	False
17	8	compositional_ridge	zero_effect	zero_effect_diagnostic	O	0.09663861525726361	0.0648139245063431	-0.03182469075092051	False
17	8	compositional_ridge	zero_effect	zero_effect_diagnostic	D	0.09663861525726361	0.0648139245063431	-0.03182469075092051	False
17	8	CPA_0.8.8	zero_effect	zero_effect_diagnostic	S	0.042577959259709974	0.042577959259709974	0.0	False
17	8	CPA_0.8.8	zero_effect	zero_effect_diagnostic	M	0.042577959259709974	0.04257795925970999	1.3877787807814457e-17	False
17	8	CPA_0.8.8	zero_effect	zero_effect_diagnostic	P	0.042577959259709974	0.007170308491629293	-0.03540765076808068	False
17	8	CPA_0.8.8	zero_effect	zero_effect_diagnostic	O	0.042577959259709974	0.014336228525949665	-0.02824173073376031	False
17	8	CPA_0.8.8	zero_effect	zero_effect_diagnostic	D	0.042577959259709974	0.010753268508789465	-0.03182469075092051	False
17	16	additive	compositional_ridge	primary_state_pair	S	-0.0007912360649253228	-0.0007912360649253228	0.0	False
17	16	additive	compositional_ridge	primary_state_pair	M	-0.0007912360649253228	-0.0007912360649253228	0.0	False
17	16	additive	compositional_ridge	primary_state_pair	P	-0.0007912360649253228	-0.0007912360649253158	6.938893903907228e-18	False
17	16	additive	compositional_ridge	primary_state_pair	O	-0.0007912360649253228	-0.0007912360649253158	6.938893903907228e-18	False
17	16	additive	compositional_ridge	primary_state_pair	D	-0.0007912360649253228	-0.0007912360649253158	6.938893903907228e-18	False
17	16	additive	CPA_0.8.8	primary_state_pair	S	0.050052028980488716	0.050052028980488716	0.0	False
17	16	additive	CPA_0.8.8	primary_state_pair	M	0.050052028980488716	0.050052028980488716	0.0	False
17	16	additive	CPA_0.8.8	primary_state_pair	P	0.050052028980488716	0.05116908241360761	0.0011170534331188947	False
17	16	additive	CPA_0.8.8	primary_state_pair	O	0.050052028980488716	0.04893497554736986	-0.001117053433118853	False
17	16	additive	CPA_0.8.8	primary_state_pair	D	0.050052028980488716	0.05005202898048873	1.3877787807814457e-17	False
17	16	additive	zero_effect	zero_effect_diagnostic	S	0.084523330551364	0.084523330551364	0.0	False
17	16	additive	zero_effect	zero_effect_diagnostic	M	0.084523330551364	0.084523330551364	0.0	False
17	16	additive	zero_effect	zero_effect_diagnostic	P	0.084523330551364	0.06915958181932351	-0.015363748732040494	False
17	16	additive	zero_effect	zero_effect_diagnostic	O	0.084523330551364	0.06915958181932351	-0.015363748732040494	False
17	16	additive	zero_effect	zero_effect_diagnostic	D	0.084523330551364	0.06915958181932351	-0.015363748732040494	False
17	16	compositional_ridge	CPA_0.8.8	primary_state_pair	S	0.05084326504541404	0.05084326504541404	0.0	False
17	16	compositional_ridge	CPA_0.8.8	primary_state_pair	M	0.05084326504541404	0.05084326504541404	0.0	False
17	16	compositional_ridge	CPA_0.8.8	primary_state_pair	P	0.05084326504541404	0.05196031847853293	0.0011170534331188878	False
17	16	compositional_ridge	CPA_0.8.8	primary_state_pair	O	0.05084326504541404	0.04972621161229518	-0.00111705343311886	False
17	16	compositional_ridge	CPA_0.8.8	primary_state_pair	D	0.05084326504541404	0.050843265045414046	6.938893903907228e-18	False
17	16	compositional_ridge	zero_effect	zero_effect_diagnostic	S	0.08531456661628933	0.08531456661628933	0.0	False
17	16	compositional_ridge	zero_effect	zero_effect_diagnostic	M	0.08531456661628933	0.08531456661628933	0.0	False
17	16	compositional_ridge	zero_effect	zero_effect_diagnostic	P	0.08531456661628933	0.06995081788424883	-0.015363748732040508	False
17	16	compositional_ridge	zero_effect	zero_effect_diagnostic	O	0.08531456661628933	0.06995081788424883	-0.015363748732040508	False
17	16	compositional_ridge	zero_effect	zero_effect_diagnostic	D	0.08531456661628933	0.06995081788424883	-0.015363748732040508	False
17	16	CPA_0.8.8	zero_effect	zero_effect_diagnostic	S	0.03447130157087529	0.03447130157087529	0.0	False
17	16	CPA_0.8.8	zero_effect	zero_effect_diagnostic	M	0.03447130157087529	0.03447130157087529	0.0	False
17	16	CPA_0.8.8	zero_effect	zero_effect_diagnostic	P	0.03447130157087529	0.0179904994057159	-0.01648080216515939	False
17	16	CPA_0.8.8	zero_effect	zero_effect_diagnostic	O	0.03447130157087529	0.020224606271953646	-0.014246695298921641	False
17	16	CPA_0.8.8	zero_effect	zero_effect_diagnostic	D	0.03447130157087529	0.01910755283883478	-0.015363748732040508	False
17	32	additive	compositional_ridge	primary_state_pair	S	-0.0007912360649253228	-0.0007912360649253228	0.0	False
17	32	additive	compositional_ridge	primary_state_pair	M	-0.0007912360649253228	-0.0007912360649253228	0.0	False
17	32	additive	compositional_ridge	primary_state_pair	P	-0.0007912360649253228	-0.0007912360649253158	6.938893903907228e-18	False
17	32	additive	compositional_ridge	primary_state_pair	O	-0.0007912360649253228	-0.0007912360649253158	6.938893903907228e-18	False
17	32	additive	compositional_ridge	primary_state_pair	D	-0.0007912360649253228	-0.0007912360649253158	6.938893903907228e-18	False
17	32	additive	CPA_0.8.8	primary_state_pair	S	0.050908968099102864	0.050908968099102864	0.0	False
17	32	additive	CPA_0.8.8	primary_state_pair	M	0.050908968099102864	0.050908968099102864	0.0	False
17	32	additive	CPA_0.8.8	primary_state_pair	P	0.050908968099102864	0.051603090561338584	0.0006941224622357203	False
17	32	additive	CPA_0.8.8	primary_state_pair	O	0.050908968099102864	0.05021484563686717	-0.0006941224622356926	False
17	32	additive	CPA_0.8.8	primary_state_pair	D	0.050908968099102864	0.05090896809910286	-6.938893903907228e-18	False
17	32	additive	zero_effect	zero_effect_diagnostic	S	0.08334466989990086	0.08334466989990086	0.0	False
17	32	additive	zero_effect	zero_effect_diagnostic	M	0.08334466989990086	0.08334466989990086	0.0	False
17	32	additive	zero_effect	zero_effect_diagnostic	P	0.08334466989990086	0.07579018500176526	-0.007554484898135594	False
17	32	additive	zero_effect	zero_effect_diagnostic	O	0.08334466989990086	0.07579018500176526	-0.007554484898135594	False
17	32	additive	zero_effect	zero_effect_diagnostic	D	0.08334466989990086	0.07579018500176526	-0.007554484898135594	False
17	32	compositional_ridge	CPA_0.8.8	primary_state_pair	S	0.051700204164028186	0.051700204164028186	0.0	False
17	32	compositional_ridge	CPA_0.8.8	primary_state_pair	M	0.051700204164028186	0.051700204164028186	0.0	False
17	32	compositional_ridge	CPA_0.8.8	primary_state_pair	P	0.051700204164028186	0.0523943266262639	0.0006941224622357134	False
17	32	compositional_ridge	CPA_0.8.8	primary_state_pair	O	0.051700204164028186	0.05100608170179249	-0.0006941224622356995	False
17	32	compositional_ridge	CPA_0.8.8	primary_state_pair	D	0.051700204164028186	0.05170020416402817	-1.3877787807814457e-17	False
17	32	compositional_ridge	zero_effect	zero_effect_diagnostic	S	0.08413590596482617	0.08413590596482617	0.0	False
17	32	compositional_ridge	zero_effect	zero_effect_diagnostic	M	0.08413590596482617	0.08413590596482617	0.0	False
17	32	compositional_ridge	zero_effect	zero_effect_diagnostic	P	0.08413590596482617	0.07658142106669058	-0.007554484898135594	False
17	32	compositional_ridge	zero_effect	zero_effect_diagnostic	O	0.08413590596482617	0.07658142106669058	-0.007554484898135594	False
17	32	compositional_ridge	zero_effect	zero_effect_diagnostic	D	0.08413590596482617	0.07658142106669058	-0.007554484898135594	False
17	32	CPA_0.8.8	zero_effect	zero_effect_diagnostic	S	0.032435701800797995	0.032435701800797995	0.0	False
17	32	CPA_0.8.8	zero_effect	zero_effect_diagnostic	M	0.032435701800797995	0.032435701800797995	0.0	False
17	32	CPA_0.8.8	zero_effect	zero_effect_diagnostic	P	0.032435701800797995	0.024187094440426674	-0.008248607360371321	False
17	32	CPA_0.8.8	zero_effect	zero_effect_diagnostic	O	0.032435701800797995	0.025575339364898086	-0.006860362435899908	False
17	32	CPA_0.8.8	zero_effect	zero_effect_diagnostic	D	0.032435701800797995	0.0248812169026624	-0.007554484898135594	False
17	64	additive	compositional_ridge	primary_state_pair	S	-0.0007912360649253228	-0.0007912360649253228	0.0	False
17	64	additive	compositional_ridge	primary_state_pair	M	-0.0007912360649253228	-0.0007912360649253228	0.0	False
17	64	additive	compositional_ridge	primary_state_pair	P	-0.0007912360649253228	-0.0007912360649253297	-6.938893903907228e-18	False
17	64	additive	compositional_ridge	primary_state_pair	O	-0.0007912360649253228	-0.0007912360649253297	-6.938893903907228e-18	False
17	64	additive	compositional_ridge	primary_state_pair	D	-0.0007912360649253228	-0.0007912360649253297	-6.938893903907228e-18	False
17	64	additive	CPA_0.8.8	primary_state_pair	S	0.04997035291491486	0.04997035291491486	0.0	False
17	64	additive	CPA_0.8.8	primary_state_pair	M	0.04997035291491486	0.04997035291491486	0.0	False
17	64	additive	CPA_0.8.8	primary_state_pair	P	0.04997035291491486	0.050385308652801344	0.00041495573788648266	False
17	64	additive	CPA_0.8.8	primary_state_pair	O	0.04997035291491486	0.04955539717702835	-0.0004149557378865104	False
17	64	additive	CPA_0.8.8	primary_state_pair	D	0.04997035291491486	0.04997035291491485	-1.3877787807814457e-17	False
17	64	additive	zero_effect	zero_effect_diagnostic	S	0.08059358756603208	0.08059358756603208	0.0	False
17	64	additive	zero_effect	zero_effect_diagnostic	M	0.08059358756603208	0.08059358756603209	1.3877787807814457e-17	False
17	64	additive	zero_effect	zero_effect_diagnostic	P	0.08059358756603208	0.07687558094483235	-0.0037180066211997265	False
17	64	additive	zero_effect	zero_effect_diagnostic	O	0.08059358756603208	0.07687558094483235	-0.0037180066211997265	False
17	64	additive	zero_effect	zero_effect_diagnostic	D	0.08059358756603208	0.07687558094483235	-0.0037180066211997265	False
17	64	compositional_ridge	CPA_0.8.8	primary_state_pair	S	0.050761588979840185	0.050761588979840185	0.0	False
17	64	compositional_ridge	CPA_0.8.8	primary_state_pair	M	0.050761588979840185	0.050761588979840185	0.0	False
17	64	compositional_ridge	CPA_0.8.8	primary_state_pair	P	0.050761588979840185	0.051176544717726674	0.0004149557378864896	False
17	64	compositional_ridge	CPA_0.8.8	primary_state_pair	O	0.050761588979840185	0.05034663324195368	-0.0004149557378865035	False
17	64	compositional_ridge	CPA_0.8.8	primary_state_pair	D	0.050761588979840185	0.05076158897984018	-6.938893903907228e-18	False
17	64	compositional_ridge	zero_effect	zero_effect_diagnostic	S	0.08138482363095739	0.08138482363095739	0.0	False
17	64	compositional_ridge	zero_effect	zero_effect_diagnostic	M	0.08138482363095739	0.08138482363095742	2.7755575615628914e-17	False
17	64	compositional_ridge	zero_effect	zero_effect_diagnostic	P	0.08138482363095739	0.07766681700975768	-0.0037180066211997126	False
17	64	compositional_ridge	zero_effect	zero_effect_diagnostic	O	0.08138482363095739	0.07766681700975768	-0.0037180066211997126	False
17	64	compositional_ridge	zero_effect	zero_effect_diagnostic	D	0.08138482363095739	0.07766681700975768	-0.0037180066211997126	False
17	64	CPA_0.8.8	zero_effect	zero_effect_diagnostic	S	0.030623234651117215	0.030623234651117215	0.0	False
17	64	CPA_0.8.8	zero_effect	zero_effect_diagnostic	M	0.030623234651117215	0.03062323465111723	1.3877787807814457e-17	False
17	64	CPA_0.8.8	zero_effect	zero_effect_diagnostic	P	0.030623234651117215	0.026490272292031006	-0.004132962359086209	False
17	64	CPA_0.8.8	zero_effect	zero_effect_diagnostic	O	0.030623234651117215	0.027320183767804	-0.003303050883313216	False
17	64	CPA_0.8.8	zero_effect	zero_effect_diagnostic	D	0.030623234651117215	0.026905228029917502	-0.0037180066211997126	False
17	128	additive	compositional_ridge	primary_state_pair	S	-0.0007912360649253228	-0.0007912360649253228	0.0	False
17	128	additive	compositional_ridge	primary_state_pair	M	-0.0007912360649253228	-0.0007912360649253228	0.0	False
17	128	additive	compositional_ridge	primary_state_pair	P	-0.0007912360649253228	-0.0007912360649253089	1.3877787807814457e-17	False
17	128	additive	compositional_ridge	primary_state_pair	O	-0.0007912360649253228	-0.0007912360649253089	1.3877787807814457e-17	False
17	128	additive	compositional_ridge	primary_state_pair	D	-0.0007912360649253228	-0.0007912360649253089	1.3877787807814457e-17	False
17	128	additive	CPA_0.8.8	primary_state_pair	S	0.04842945524482299	0.04842945524482299	0.0	False
17	128	additive	CPA_0.8.8	primary_state_pair	M	0.04842945524482299	0.04842945524482299	0.0	False
17	128	additive	CPA_0.8.8	primary_state_pair	P	0.04842945524482299	0.04870533322951712	0.0002758779846941256	False
17	128	additive	CPA_0.8.8	primary_state_pair	O	0.04842945524482299	0.04815357726012884	-0.00027587798469415337	False
17	128	additive	CPA_0.8.8	primary_state_pair	D	0.04842945524482299	0.04842945524482299	0.0	False
17	128	additive	zero_effect	zero_effect_diagnostic	S	0.07793321815119446	0.07793321815119446	0.0	False
17	128	additive	zero_effect	zero_effect_diagnostic	M	0.07793321815119446	0.07793321815119446	0.0	False
17	128	additive	zero_effect	zero_effect_diagnostic	P	0.07793321815119446	0.07590177331148128	-0.0020314448397131812	False
17	128	additive	zero_effect	zero_effect_diagnostic	O	0.07793321815119446	0.07590177331148128	-0.0020314448397131812	False
17	128	additive	zero_effect	zero_effect_diagnostic	D	0.07793321815119446	0.07590177331148128	-0.0020314448397131812	False
17	128	compositional_ridge	CPA_0.8.8	primary_state_pair	S	0.049220691309748314	0.049220691309748314	0.0	False
17	128	compositional_ridge	CPA_0.8.8	primary_state_pair	M	0.049220691309748314	0.049220691309748314	0.0	False
17	128	compositional_ridge	CPA_0.8.8	primary_state_pair	P	0.049220691309748314	0.04949656929444242	0.0002758779846941048	False
17	128	compositional_ridge	CPA_0.8.8	primary_state_pair	O	0.049220691309748314	0.04894481332505414	-0.0002758779846941742	False
17	128	compositional_ridge	CPA_0.8.8	primary_state_pair	D	0.049220691309748314	0.04922069130974829	-2.0816681711721685e-17	False
17	128	compositional_ridge	zero_effect	zero_effect_diagnostic	S	0.07872445421611979	0.07872445421611979	0.0	False
17	128	compositional_ridge	zero_effect	zero_effect_diagnostic	M	0.07872445421611979	0.07872445421611979	0.0	False
17	128	compositional_ridge	zero_effect	zero_effect_diagnostic	P	0.07872445421611979	0.07669300937640658	-0.002031444839713209	False
17	128	compositional_ridge	zero_effect	zero_effect_diagnostic	O	0.07872445421611979	0.07669300937640658	-0.002031444839713209	False
17	128	compositional_ridge	zero_effect	zero_effect_diagnostic	D	0.07872445421611979	0.07669300937640658	-0.002031444839713209	False
17	128	CPA_0.8.8	zero_effect	zero_effect_diagnostic	S	0.029503762906371467	0.029503762906371467	0.0	False
17	128	CPA_0.8.8	zero_effect	zero_effect_diagnostic	M	0.029503762906371467	0.029503762906371467	0.0	False
17	128	CPA_0.8.8	zero_effect	zero_effect_diagnostic	P	0.029503762906371467	0.02719644008196416	-0.002307322824407307	False
17	128	CPA_0.8.8	zero_effect	zero_effect_diagnostic	O	0.029503762906371467	0.02774819605135244	-0.0017555668550190279	False
17	128	CPA_0.8.8	zero_effect	zero_effect_diagnostic	D	0.029503762906371467	0.027472318066658286	-0.0020314448397131812	False
17	135	additive	compositional_ridge	primary_state_pair	S	-0.0007912360649253228	-0.0007912360649253228	0.0	False
17	135	additive	compositional_ridge	primary_state_pair	M	-0.0007912360649253228	-0.0007912360649253228	0.0	False
17	135	additive	compositional_ridge	primary_state_pair	P	-0.0007912360649253228	-0.0007912360649253228	0.0	False
17	135	additive	compositional_ridge	primary_state_pair	O	-0.0007912360649253228	-0.0007912360649253228	0.0	False
17	135	additive	compositional_ridge	primary_state_pair	D	-0.0007912360649253228	-0.0007912360649253228	0.0	False
17	135	additive	CPA_0.8.8	primary_state_pair	S	0.04801204295267035	0.04801204295267035	0.0	False
17	135	additive	CPA_0.8.8	primary_state_pair	M	0.04801204295267035	0.04801204295267035	0.0	False
17	135	additive	CPA_0.8.8	primary_state_pair	P	0.04801204295267035	0.04828200033850197	0.0002699573858316179	False
17	135	additive	CPA_0.8.8	primary_state_pair	O	0.04801204295267035	0.04774208556683879	-0.00026995738583156237	False
17	135	additive	CPA_0.8.8	primary_state_pair	D	0.04801204295267035	0.04801204295267038	2.7755575615628914e-17	False
17	135	additive	zero_effect	zero_effect_diagnostic	S	0.07741816053037949	0.07741816053037949	0.0	False
17	135	additive	zero_effect	zero_effect_diagnostic	M	0.07741816053037949	0.0774181605303795	1.3877787807814457e-17	False
17	135	additive	zero_effect	zero_effect_diagnostic	P	0.07741816053037949	0.07549400607627865	-0.0019241544541008376	False
17	135	additive	zero_effect	zero_effect_diagnostic	O	0.07741816053037949	0.07549400607627865	-0.0019241544541008376	False
17	135	additive	zero_effect	zero_effect_diagnostic	D	0.07741816053037949	0.07549400607627865	-0.0019241544541008376	False
17	135	compositional_ridge	CPA_0.8.8	primary_state_pair	S	0.04880327901759567	0.04880327901759567	0.0	False
17	135	compositional_ridge	CPA_0.8.8	primary_state_pair	M	0.04880327901759567	0.04880327901759567	0.0	False
17	135	compositional_ridge	CPA_0.8.8	primary_state_pair	P	0.04880327901759567	0.049073236403427284	0.00026995738583161094	False
17	135	compositional_ridge	CPA_0.8.8	primary_state_pair	O	0.04880327901759567	0.048533321631764104	-0.0002699573858315693	False
17	135	compositional_ridge	CPA_0.8.8	primary_state_pair	D	0.04880327901759567	0.048803279017595694	2.0816681711721685e-17	False
17	135	compositional_ridge	zero_effect	zero_effect_diagnostic	S	0.07820939659530482	0.07820939659530482	0.0	False
17	135	compositional_ridge	zero_effect	zero_effect_diagnostic	M	0.07820939659530482	0.07820939659530482	0.0	False
17	135	compositional_ridge	zero_effect	zero_effect_diagnostic	P	0.07820939659530482	0.07628524214120397	-0.0019241544541008515	False
17	135	compositional_ridge	zero_effect	zero_effect_diagnostic	O	0.07820939659530482	0.07628524214120397	-0.0019241544541008515	False
17	135	compositional_ridge	zero_effect	zero_effect_diagnostic	D	0.07820939659530482	0.07628524214120397	-0.0019241544541008515	False
17	135	CPA_0.8.8	zero_effect	zero_effect_diagnostic	S	0.02940611757770914	0.02940611757770914	0.0	False
17	135	CPA_0.8.8	zero_effect	zero_effect_diagnostic	M	0.02940611757770914	0.029406117577709154	1.3877787807814457e-17	False
17	135	CPA_0.8.8	zero_effect	zero_effect_diagnostic	P	0.02940611757770914	0.027212005737776684	-0.0021941118399324555	False
17	135	CPA_0.8.8	zero_effect	zero_effect_diagnostic	O	0.02940611757770914	0.027751920509439865	-0.0016541970682692753	False
17	135	CPA_0.8.8	zero_effect	zero_effect_diagnostic	D	0.02940611757770914	0.027481963123608275	-0.0019241544541008654	False
18	8	additive	compositional_ridge	primary_state_pair	S	-0.0007912360649253228	-0.0007912360649253228	0.0	False
18	8	additive	compositional_ridge	primary_state_pair	M	-0.0007912360649253228	-0.0007912360649253228	0.0	False
18	8	additive	compositional_ridge	primary_state_pair	P	-0.0007912360649253228	-0.0007912360649252811	4.163336342344337e-17	False
18	8	additive	compositional_ridge	primary_state_pair	O	-0.0007912360649253228	-0.0007912360649252811	4.163336342344337e-17	False
18	8	additive	compositional_ridge	primary_state_pair	D	-0.0007912360649253228	-0.0007912360649252811	4.163336342344337e-17	False
18	8	additive	CPA_0.8.8	primary_state_pair	S	0.053836289422604836	0.053836289422604836	0.0	False
18	8	additive	CPA_0.8.8	primary_state_pair	M	0.053836289422604836	0.05383628942260485	1.3877787807814457e-17	False
18	8	additive	CPA_0.8.8	primary_state_pair	P	0.053836289422604836	0.05698764417224003	0.0031513547496351962	False
18	8	additive	CPA_0.8.8	primary_state_pair	O	0.053836289422604836	0.05068493467296967	-0.0031513547496351685	False
18	8	additive	CPA_0.8.8	primary_state_pair	D	0.053836289422604836	0.053836289422604905	6.938893903907228e-17	False
18	8	additive	zero_effect	zero_effect_diagnostic	S	0.09645938690524314	0.09645938690524314	0.0	False
18	8	additive	zero_effect	zero_effect_diagnostic	M	0.09645938690524314	0.09645938690524314	0.0	False
18	8	additive	zero_effect	zero_effect_diagnostic	P	0.09645938690524314	0.06713624104916985	-0.02932314585607329	False
18	8	additive	zero_effect	zero_effect_diagnostic	O	0.09645938690524314	0.06713624104916985	-0.02932314585607329	False
18	8	additive	zero_effect	zero_effect_diagnostic	D	0.09645938690524314	0.06713624104916985	-0.02932314585607329	False
18	8	compositional_ridge	CPA_0.8.8	primary_state_pair	S	0.05462752548753016	0.05462752548753016	0.0	False
18	8	compositional_ridge	CPA_0.8.8	primary_state_pair	M	0.05462752548753016	0.05462752548753017	1.3877787807814457e-17	False
18	8	compositional_ridge	CPA_0.8.8	primary_state_pair	P	0.05462752548753016	0.05777888023716531	0.0031513547496351546	False
18	8	compositional_ridge	CPA_0.8.8	primary_state_pair	O	0.05462752548753016	0.05147617073789495	-0.00315135474963521	False
18	8	compositional_ridge	CPA_0.8.8	primary_state_pair	D	0.05462752548753016	0.054627525487530186	2.7755575615628914e-17	False
18	8	compositional_ridge	zero_effect	zero_effect_diagnostic	S	0.09725062297016845	0.09725062297016845	0.0	False
18	8	compositional_ridge	zero_effect	zero_effect_diagnostic	M	0.09725062297016845	0.09725062297016845	0.0	False
18	8	compositional_ridge	zero_effect	zero_effect_diagnostic	P	0.09725062297016845	0.06792747711409514	-0.029323145856073318	False
18	8	compositional_ridge	zero_effect	zero_effect_diagnostic	O	0.09725062297016845	0.06792747711409514	-0.029323145856073318	False
18	8	compositional_ridge	zero_effect	zero_effect_diagnostic	D	0.09725062297016845	0.06792747711409514	-0.029323145856073318	False
18	8	CPA_0.8.8	zero_effect	zero_effect_diagnostic	S	0.0426230974826383	0.0426230974826383	0.0	False
18	8	CPA_0.8.8	zero_effect	zero_effect_diagnostic	M	0.0426230974826383	0.04262309748263829	-1.3877787807814457e-17	False
18	8	CPA_0.8.8	zero_effect	zero_effect_diagnostic	P	0.0426230974826383	0.010148596876929816	-0.03247450060570849	False
18	8	CPA_0.8.8	zero_effect	zero_effect_diagnostic	O	0.0426230974826383	0.01645130637620018	-0.026171791106438122	False
18	8	CPA_0.8.8	zero_effect	zero_effect_diagnostic	D	0.0426230974826383	0.013299951626564943	-0.02932314585607336	False
18	16	additive	compositional_ridge	primary_state_pair	S	-0.0007912360649253228	-0.0007912360649253228	0.0	False
18	16	additive	compositional_ridge	primary_state_pair	M	-0.0007912360649253228	-0.0007912360649253228	0.0	False
18	16	additive	compositional_ridge	primary_state_pair	P	-0.0007912360649253228	-0.0007912360649253089	1.3877787807814457e-17	False
18	16	additive	compositional_ridge	primary_state_pair	O	-0.0007912360649253228	-0.0007912360649253089	1.3877787807814457e-17	False
18	16	additive	compositional_ridge	primary_state_pair	D	-0.0007912360649253228	-0.0007912360649253089	1.3877787807814457e-17	False
18	16	additive	CPA_0.8.8	primary_state_pair	S	0.05325713594075063	0.05325713594075063	0.0	False
18	16	additive	CPA_0.8.8	primary_state_pair	M	0.05325713594075063	0.05325713594075063	0.0	False
18	16	additive	CPA_0.8.8	primary_state_pair	P	0.05325713594075063	0.05427815104048331	0.0010210150997326806	False
18	16	additive	CPA_0.8.8	primary_state_pair	O	0.05325713594075063	0.05223612084101788	-0.00102101509973275	False
18	16	additive	CPA_0.8.8	primary_state_pair	D	0.05325713594075063	0.05325713594075064	1.3877787807814457e-17	False
18	16	additive	zero_effect	zero_effect_diagnostic	S	0.08883400335778045	0.08883400335778045	0.0	False
18	16	additive	zero_effect	zero_effect_diagnostic	M	0.08883400335778045	0.08883400335778044	-1.3877787807814457e-17	False
18	16	additive	zero_effect	zero_effect_diagnostic	P	0.08883400335778045	0.0748703718705607	-0.013963631487219755	False
18	16	additive	zero_effect	zero_effect_diagnostic	O	0.08883400335778045	0.0748703718705607	-0.013963631487219755	False
18	16	additive	zero_effect	zero_effect_diagnostic	D	0.08883400335778045	0.0748703718705607	-0.013963631487219755	False
18	16	compositional_ridge	CPA_0.8.8	primary_state_pair	S	0.05404837200567595	0.05404837200567595	0.0	False
18	16	compositional_ridge	CPA_0.8.8	primary_state_pair	M	0.05404837200567595	0.05404837200567595	0.0	False
18	16	compositional_ridge	CPA_0.8.8	primary_state_pair	P	0.05404837200567595	0.05506938710540862	0.0010210150997326667	False
18	16	compositional_ridge	CPA_0.8.8	primary_state_pair	O	0.05404837200567595	0.053027356905943186	-0.0010210150997327638	False
18	16	compositional_ridge	CPA_0.8.8	primary_state_pair	D	0.05404837200567595	0.05404837200567595	0.0	False
18	16	compositional_ridge	zero_effect	zero_effect_diagnostic	S	0.08962523942270578	0.08962523942270578	0.0	False
18	16	compositional_ridge	zero_effect	zero_effect_diagnostic	M	0.08962523942270578	0.08962523942270575	-2.7755575615628914e-17	False
18	16	compositional_ridge	zero_effect	zero_effect_diagnostic	P	0.08962523942270578	0.07566160793548601	-0.013963631487219769	False
18	16	compositional_ridge	zero_effect	zero_effect_diagnostic	O	0.08962523942270578	0.07566160793548601	-0.013963631487219769	False
18	16	compositional_ridge	zero_effect	zero_effect_diagnostic	D	0.08962523942270578	0.07566160793548601	-0.013963631487219769	False
18	16	CPA_0.8.8	zero_effect	zero_effect_diagnostic	S	0.035576867417029825	0.035576867417029825	0.0	False
18	16	CPA_0.8.8	zero_effect	zero_effect_diagnostic	M	0.035576867417029825	0.03557686741702981	-1.3877787807814457e-17	False
18	16	CPA_0.8.8	zero_effect	zero_effect_diagnostic	P	0.035576867417029825	0.02059222083007739	-0.014984646586952435	False
18	16	CPA_0.8.8	zero_effect	zero_effect_diagnostic	O	0.035576867417029825	0.02263425102954282	-0.012942616387487005	False
18	16	CPA_0.8.8	zero_effect	zero_effect_diagnostic	D	0.035576867417029825	0.021613235929810057	-0.013963631487219769	False
18	32	additive	compositional_ridge	primary_state_pair	S	-0.0007912360649253228	-0.0007912360649253228	0.0	False
18	32	additive	compositional_ridge	primary_state_pair	M	-0.0007912360649253228	-0.0007912360649253228	0.0	False
18	32	additive	compositional_ridge	primary_state_pair	P	-0.0007912360649253228	-0.0007912360649253158	6.938893903907228e-18	False
18	32	additive	compositional_ridge	primary_state_pair	O	-0.0007912360649253228	-0.0007912360649253158	6.938893903907228e-18	False
18	32	additive	compositional_ridge	primary_state_pair	D	-0.0007912360649253228	-0.0007912360649253158	6.938893903907228e-18	False
18	32	additive	CPA_0.8.8	primary_state_pair	S	0.05090476826445697	0.05090476826445697	0.0	False
18	32	additive	CPA_0.8.8	primary_state_pair	M	0.05090476826445697	0.05090476826445697	0.0	False
18	32	additive	CPA_0.8.8	primary_state_pair	P	0.05090476826445697	0.05144888271421278	0.0005441144497558073	False
18	32	additive	CPA_0.8.8	primary_state_pair	O	0.05090476826445697	0.050360653814701124	-0.0005441144497558489	False
18	32	additive	CPA_0.8.8	primary_state_pair	D	0.05090476826445697	0.050904768264456925	-4.85722573273506e-17	False
18	32	additive	zero_effect	zero_effect_diagnostic	S	0.08362247616492588	0.08362247616492588	0.0	False
18	32	additive	zero_effect	zero_effect_diagnostic	M	0.08362247616492588	0.08362247616492588	0.0	False
18	32	additive	zero_effect	zero_effect_diagnostic	P	0.08362247616492588	0.07651031584029008	-0.007112160324635797	False
18	32	additive	zero_effect	zero_effect_diagnostic	O	0.08362247616492588	0.07651031584029008	-0.007112160324635797	False
18	32	additive	zero_effect	zero_effect_diagnostic	D	0.08362247616492588	0.07651031584029008	-0.007112160324635797	False
18	32	compositional_ridge	CPA_0.8.8	primary_state_pair	S	0.051696004329382296	0.051696004329382296	0.0	False
18	32	compositional_ridge	CPA_0.8.8	primary_state_pair	M	0.051696004329382296	0.051696004329382296	0.0	False
18	32	compositional_ridge	CPA_0.8.8	primary_state_pair	P	0.051696004329382296	0.052240118779138096	0.0005441144497558004	False
18	32	compositional_ridge	CPA_0.8.8	primary_state_pair	O	0.051696004329382296	0.05115188987962644	-0.0005441144497558559	False
18	32	compositional_ridge	CPA_0.8.8	primary_state_pair	D	0.051696004329382296	0.05169600432938224	-5.551115123125783e-17	False
18	32	compositional_ridge	zero_effect	zero_effect_diagnostic	S	0.0844137122298512	0.0844137122298512	0.0	False
18	32	compositional_ridge	zero_effect	zero_effect_diagnostic	M	0.0844137122298512	0.0844137122298512	0.0	False
18	32	compositional_ridge	zero_effect	zero_effect_diagnostic	P	0.0844137122298512	0.0773015519052154	-0.007112160324635797	False
18	32	compositional_ridge	zero_effect	zero_effect_diagnostic	O	0.0844137122298512	0.0773015519052154	-0.007112160324635797	False
18	32	compositional_ridge	zero_effect	zero_effect_diagnostic	D	0.0844137122298512	0.0773015519052154	-0.007112160324635797	False
18	32	CPA_0.8.8	zero_effect	zero_effect_diagnostic	S	0.032717707900468906	0.032717707900468906	0.0	False
18	32	CPA_0.8.8	zero_effect	zero_effect_diagnostic	M	0.032717707900468906	0.032717707900468906	0.0	False
18	32	CPA_0.8.8	zero_effect	zero_effect_diagnostic	P	0.032717707900468906	0.025061433126077295	-0.007656274774391611	False
18	32	CPA_0.8.8	zero_effect	zero_effect_diagnostic	O	0.032717707900468906	0.02614966202558895	-0.006568045874879955	False
18	32	CPA_0.8.8	zero_effect	zero_effect_diagnostic	D	0.032717707900468906	0.02560554757583315	-0.007112160324635755	False
18	64	additive	compositional_ridge	primary_state_pair	S	-0.0007912360649253228	-0.0007912360649253228	0.0	False
18	64	additive	compositional_ridge	primary_state_pair	M	-0.0007912360649253228	-0.0007912360649253228	0.0	False
18	64	additive	compositional_ridge	primary_state_pair	P	-0.0007912360649253228	-0.0007912360649253089	1.3877787807814457e-17	False
18	64	additive	compositional_ridge	primary_state_pair	O	-0.0007912360649253228	-0.0007912360649253089	1.3877787807814457e-17	False
18	64	additive	compositional_ridge	primary_state_pair	D	-0.0007912360649253228	-0.0007912360649253089	1.3877787807814457e-17	False
18	64	additive	CPA_0.8.8	primary_state_pair	S	0.04844062156657704	0.04844062156657704	0.0	False
18	64	additive	CPA_0.8.8	primary_state_pair	M	0.04844062156657704	0.04844062156657704	0.0	False
18	64	additive	CPA_0.8.8	primary_state_pair	P	0.04844062156657704	0.04883383919499246	0.0003932176284154182	False
18	64	additive	CPA_0.8.8	primary_state_pair	O	0.04844062156657704	0.04804740393816159	-0.00039321762841544594	False
18	64	additive	CPA_0.8.8	primary_state_pair	D	0.04844062156657704	0.04844062156657704	0.0	False
18	64	additive	zero_effect	zero_effect_diagnostic	S	0.07878394939591409	0.07878394939591409	0.0	False
18	64	additive	zero_effect	zero_effect_diagnostic	M	0.07878394939591409	0.07878394939591409	0.0	False
18	64	additive	zero_effect	zero_effect_diagnostic	P	0.07878394939591409	0.07506515780466666	-0.003718791591247425	False
18	64	additive	zero_effect	zero_effect_diagnostic	O	0.07878394939591409	0.07506515780466666	-0.003718791591247425	False
18	64	additive	zero_effect	zero_effect_diagnostic	D	0.07878394939591409	0.07506515780466666	-0.003718791591247425	False
18	64	compositional_ridge	CPA_0.8.8	primary_state_pair	S	0.04923185763150236	0.04923185763150236	0.0	False
18	64	compositional_ridge	CPA_0.8.8	primary_state_pair	M	0.04923185763150236	0.04923185763150236	0.0	False
18	64	compositional_ridge	CPA_0.8.8	primary_state_pair	P	0.04923185763150236	0.04962507525991776	0.00039321762841539737	False
18	64	compositional_ridge	CPA_0.8.8	primary_state_pair	O	0.04923185763150236	0.048838640003086894	-0.00039321762841546676	False
18	64	compositional_ridge	CPA_0.8.8	primary_state_pair	D	0.04923185763150236	0.04923185763150234	-2.0816681711721685e-17	False
18	64	compositional_ridge	zero_effect	zero_effect_diagnostic	S	0.07957518546083941	0.07957518546083941	0.0	False
18	64	compositional_ridge	zero_effect	zero_effect_diagnostic	M	0.07957518546083941	0.07957518546083941	0.0	False
18	64	compositional_ridge	zero_effect	zero_effect_diagnostic	P	0.07957518546083941	0.07585639386959196	-0.003718791591247453	False
18	64	compositional_ridge	zero_effect	zero_effect_diagnostic	O	0.07957518546083941	0.07585639386959196	-0.003718791591247453	False
18	64	compositional_ridge	zero_effect	zero_effect_diagnostic	D	0.07957518546083941	0.07585639386959196	-0.003718791591247453	False
18	64	CPA_0.8.8	zero_effect	zero_effect_diagnostic	S	0.030343327829337047	0.030343327829337047	0.0	False
18	64	CPA_0.8.8	zero_effect	zero_effect_diagnostic	M	0.030343327829337047	0.030343327829337047	0.0	False
18	64	CPA_0.8.8	zero_effect	zero_effect_diagnostic	P	0.030343327829337047	0.026231318609674203	-0.004112009219662843	False
18	64	CPA_0.8.8	zero_effect	zero_effect_diagnostic	O	0.030343327829337047	0.027017753866505068	-0.003325573962831979	False
18	64	CPA_0.8.8	zero_effect	zero_effect_diagnostic	D	0.030343327829337047	0.02662453623808962	-0.003718791591247425	False
18	128	additive	compositional_ridge	primary_state_pair	S	-0.0007912360649253228	-0.0007912360649253228	0.0	False
18	128	additive	compositional_ridge	primary_state_pair	M	-0.0007912360649253228	-0.0007912360649253228	0.0	False
18	128	additive	compositional_ridge	primary_state_pair	P	-0.0007912360649253228	-0.0007912360649253124	1.0408340855860843e-17	False
18	128	additive	compositional_ridge	primary_state_pair	O	-0.0007912360649253228	-0.0007912360649253124	1.0408340855860843e-17	False
18	128	additive	compositional_ridge	primary_state_pair	D	-0.0007912360649253228	-0.0007912360649253124	1.0408340855860843e-17	False
18	128	additive	CPA_0.8.8	primary_state_pair	S	0.04786336460878424	0.04786336460878424	0.0	False
18	128	additive	CPA_0.8.8	primary_state_pair	M	0.04786336460878424	0.04786336460878424	0.0	False
18	128	additive	CPA_0.8.8	primary_state_pair	P	0.04786336460878424	0.048060331380055867	0.0001969667712716297	False
18	128	additive	CPA_0.8.8	primary_state_pair	O	0.04786336460878424	0.04766639783751266	-0.0001969667712715742	False
18	128	additive	CPA_0.8.8	primary_state_pair	D	0.04786336460878424	0.04786336460878423	-6.938893903907228e-18	False
18	128	additive	zero_effect	zero_effect_diagnostic	S	0.07728958679093771	0.07728958679093771	0.0	False
18	128	additive	zero_effect	zero_effect_diagnostic	M	0.07728958679093771	0.07728958679093773	1.3877787807814457e-17	False
18	128	additive	zero_effect	zero_effect_diagnostic	P	0.07728958679093771	0.07542909138090437	-0.0018604954100333443	False
18	128	additive	zero_effect	zero_effect_diagnostic	O	0.07728958679093771	0.07542909138090437	-0.0018604954100333443	False
18	128	additive	zero_effect	zero_effect_diagnostic	D	0.07728958679093771	0.07542909138090437	-0.0018604954100333443	False
18	128	compositional_ridge	CPA_0.8.8	primary_state_pair	S	0.04865460067370956	0.04865460067370956	0.0	False
18	128	compositional_ridge	CPA_0.8.8	primary_state_pair	M	0.04865460067370956	0.04865460067370956	0.0	False
18	128	compositional_ridge	CPA_0.8.8	primary_state_pair	P	0.04865460067370956	0.048851567444981175	0.00019696677127161583	False
18	128	compositional_ridge	CPA_0.8.8	primary_state_pair	O	0.04865460067370956	0.04845763390243797	-0.00019696677127158807	False
18	128	compositional_ridge	CPA_0.8.8	primary_state_pair	D	0.04865460067370956	0.04865460067370954	-2.0816681711721685e-17	False
18	128	compositional_ridge	zero_effect	zero_effect_diagnostic	S	0.07808082285586304	0.07808082285586304	0.0	False
18	128	compositional_ridge	zero_effect	zero_effect_diagnostic	M	0.07808082285586304	0.07808082285586304	0.0	False
18	128	compositional_ridge	zero_effect	zero_effect_diagnostic	P	0.07808082285586304	0.07622032744582967	-0.001860495410033372	False
18	128	compositional_ridge	zero_effect	zero_effect_diagnostic	O	0.07808082285586304	0.07622032744582967	-0.001860495410033372	False
18	128	compositional_ridge	zero_effect	zero_effect_diagnostic	D	0.07808082285586304	0.07622032744582967	-0.001860495410033372	False
18	128	CPA_0.8.8	zero_effect	zero_effect_diagnostic	S	0.029426222182153475	0.029426222182153475	0.0	False
18	128	CPA_0.8.8	zero_effect	zero_effect_diagnostic	M	0.029426222182153475	0.02942622218215349	1.3877787807814457e-17	False
18	128	CPA_0.8.8	zero_effect	zero_effect_diagnostic	P	0.029426222182153475	0.027368760000848494	-0.002057462181304981	False
18	128	CPA_0.8.8	zero_effect	zero_effect_diagnostic	O	0.029426222182153475	0.027762693543391698	-0.001663528638761777	False
18	128	CPA_0.8.8	zero_effect	zero_effect_diagnostic	D	0.029426222182153475	0.02756572677212013	-0.0018604954100333443	False
18	135	additive	compositional_ridge	primary_state_pair	S	-0.0007912360649253228	-0.0007912360649253228	0.0	False
18	135	additive	compositional_ridge	primary_state_pair	M	-0.0007912360649253228	-0.0007912360649253228	0.0	False
18	135	additive	compositional_ridge	primary_state_pair	P	-0.0007912360649253228	-0.0007912360649253124	1.0408340855860843e-17	False
18	135	additive	compositional_ridge	primary_state_pair	O	-0.0007912360649253228	-0.0007912360649253124	1.0408340855860843e-17	False
18	135	additive	compositional_ridge	primary_state_pair	D	-0.0007912360649253228	-0.0007912360649253124	1.0408340855860843e-17	False
18	135	additive	CPA_0.8.8	primary_state_pair	S	0.048090181084516084	0.048090181084516084	0.0	False
18	135	additive	CPA_0.8.8	primary_state_pair	M	0.048090181084516084	0.0480901810845161	1.3877787807814457e-17	False
18	135	additive	CPA_0.8.8	primary_state_pair	P	0.048090181084516084	0.0483072284201169	0.00021704733560081596	False
18	135	additive	CPA_0.8.8	primary_state_pair	O	0.048090181084516084	0.04787313374891531	-0.00021704733560077433	False
18	135	additive	CPA_0.8.8	primary_state_pair	D	0.048090181084516084	0.048090181084516105	2.0816681711721685e-17	False
18	135	additive	zero_effect	zero_effect_diagnostic	S	0.07754543784048935	0.07754543784048935	0.0	False
18	135	additive	zero_effect	zero_effect_diagnostic	M	0.07754543784048935	0.07754543784048937	1.3877787807814457e-17	False
18	135	additive	zero_effect	zero_effect_diagnostic	P	0.07754543784048935	0.07576047914701126	-0.0017849586934780975	False
18	135	additive	zero_effect	zero_effect_diagnostic	O	0.07754543784048935	0.07576047914701126	-0.0017849586934780975	False
18	135	additive	zero_effect	zero_effect_diagnostic	D	0.07754543784048935	0.07576047914701126	-0.0017849586934780975	False
18	135	compositional_ridge	CPA_0.8.8	primary_state_pair	S	0.04888141714944141	0.04888141714944141	0.0	False
18	135	compositional_ridge	CPA_0.8.8	primary_state_pair	M	0.04888141714944141	0.04888141714944142	1.3877787807814457e-17	False
18	135	compositional_ridge	CPA_0.8.8	primary_state_pair	P	0.04888141714944141	0.04909846448504221	0.00021704733560080208	False
18	135	compositional_ridge	CPA_0.8.8	primary_state_pair	O	0.04888141714944141	0.04866436981384062	-0.0002170473356007882	False
18	135	compositional_ridge	CPA_0.8.8	primary_state_pair	D	0.04888141714944141	0.048881417149441414	6.938893903907228e-18	False
18	135	compositional_ridge	zero_effect	zero_effect_diagnostic	S	0.07833667390541468	0.07833667390541468	0.0	False
18	135	compositional_ridge	zero_effect	zero_effect_diagnostic	M	0.07833667390541468	0.07833667390541468	0.0	False
18	135	compositional_ridge	zero_effect	zero_effect_diagnostic	P	0.07833667390541468	0.07655171521193656	-0.0017849586934781253	False
18	135	compositional_ridge	zero_effect	zero_effect_diagnostic	O	0.07833667390541468	0.07655171521193656	-0.0017849586934781253	False
18	135	compositional_ridge	zero_effect	zero_effect_diagnostic	D	0.07833667390541468	0.07655171521193656	-0.0017849586934781253	False
18	135	CPA_0.8.8	zero_effect	zero_effect_diagnostic	S	0.02945525675597327	0.02945525675597327	0.0	False
18	135	CPA_0.8.8	zero_effect	zero_effect_diagnostic	M	0.02945525675597327	0.02945525675597327	0.0	False
18	135	CPA_0.8.8	zero_effect	zero_effect_diagnostic	P	0.02945525675597327	0.02745325072689435	-0.0020020060290789204	False
18	135	CPA_0.8.8	zero_effect	zero_effect_diagnostic	O	0.02945525675597327	0.02788734539809594	-0.0015679113578773302	False
18	135	CPA_0.8.8	zero_effect	zero_effect_diagnostic	D	0.02945525675597327	0.027670298062495144	-0.0017849586934781253	False
19	8	additive	compositional_ridge	primary_state_pair	S	-0.0007912360649253228	-0.0007912360649253228	0.0	False
19	8	additive	compositional_ridge	primary_state_pair	M	-0.0007912360649253228	-0.0007912360649253228	0.0	False
19	8	additive	compositional_ridge	primary_state_pair	P	-0.0007912360649253228	-0.0007912360649252811	4.163336342344337e-17	False
19	8	additive	compositional_ridge	primary_state_pair	O	-0.0007912360649253228	-0.0007912360649252811	4.163336342344337e-17	False
19	8	additive	compositional_ridge	primary_state_pair	D	-0.0007912360649253228	-0.0007912360649252811	4.163336342344337e-17	False
19	8	additive	CPA_0.8.8	primary_state_pair	S	0.05588674316524661	0.05588674316524661	0.0	False
19	8	additive	CPA_0.8.8	primary_state_pair	M	0.05588674316524661	0.05588674316524661	0.0	False
19	8	additive	CPA_0.8.8	primary_state_pair	P	0.05588674316524661	0.059393363455807174	0.0035066202905605637	False
19	8	additive	CPA_0.8.8	primary_state_pair	O	0.05588674316524661	0.05238012287468602	-0.0035066202905605914	False
19	8	additive	CPA_0.8.8	primary_state_pair	D	0.05588674316524661	0.05588674316524661	0.0	False
19	8	additive	zero_effect	zero_effect_diagnostic	S	0.0991103866151605	0.0991103866151605	0.0	False
19	8	additive	zero_effect	zero_effect_diagnostic	M	0.0991103866151605	0.0991103866151605	0.0	False
19	8	additive	zero_effect	zero_effect_diagnostic	P	0.0991103866151605	0.06918620001266437	-0.029924186602496128	False
19	8	additive	zero_effect	zero_effect_diagnostic	O	0.0991103866151605	0.06918620001266437	-0.029924186602496128	False
19	8	additive	zero_effect	zero_effect_diagnostic	D	0.0991103866151605	0.06918620001266437	-0.029924186602496128	False
19	8	compositional_ridge	CPA_0.8.8	primary_state_pair	S	0.05667797923017193	0.05667797923017193	0.0	False
19	8	compositional_ridge	CPA_0.8.8	primary_state_pair	M	0.05667797923017193	0.05667797923017193	0.0	False
19	8	compositional_ridge	CPA_0.8.8	primary_state_pair	P	0.05667797923017193	0.060184599520732456	0.003506620290560522	False
19	8	compositional_ridge	CPA_0.8.8	primary_state_pair	O	0.05667797923017193	0.0531713589396113	-0.003506620290560633	False
19	8	compositional_ridge	CPA_0.8.8	primary_state_pair	D	0.05667797923017193	0.05667797923017189	-4.163336342344337e-17	False
19	8	compositional_ridge	zero_effect	zero_effect_diagnostic	S	0.09990162268008582	0.09990162268008582	0.0	False
19	8	compositional_ridge	zero_effect	zero_effect_diagnostic	M	0.09990162268008582	0.09990162268008582	0.0	False
19	8	compositional_ridge	zero_effect	zero_effect_diagnostic	P	0.09990162268008582	0.06997743607758966	-0.029924186602496156	False
19	8	compositional_ridge	zero_effect	zero_effect_diagnostic	O	0.09990162268008582	0.06997743607758966	-0.029924186602496156	False
19	8	compositional_ridge	zero_effect	zero_effect_diagnostic	D	0.09990162268008582	0.06997743607758966	-0.029924186602496156	False
19	8	CPA_0.8.8	zero_effect	zero_effect_diagnostic	S	0.04322364344991389	0.04322364344991389	0.0	False
19	8	CPA_0.8.8	zero_effect	zero_effect_diagnostic	M	0.04322364344991389	0.04322364344991389	0.0	False
19	8	CPA_0.8.8	zero_effect	zero_effect_diagnostic	P	0.04322364344991389	0.009792836556857198	-0.03343080689305669	False
19	8	CPA_0.8.8	zero_effect	zero_effect_diagnostic	O	0.04322364344991389	0.016806077137978354	-0.026417566311935536	False
19	8	CPA_0.8.8	zero_effect	zero_effect_diagnostic	D	0.04322364344991389	0.013299456847417762	-0.029924186602496128	False
19	16	additive	compositional_ridge	primary_state_pair	S	-0.0007912360649253228	-0.0007912360649253228	0.0	False
19	16	additive	compositional_ridge	primary_state_pair	M	-0.0007912360649253228	-0.0007912360649253228	0.0	False
19	16	additive	compositional_ridge	primary_state_pair	P	-0.0007912360649253228	-0.000791236064925302	2.0816681711721685e-17	False
19	16	additive	compositional_ridge	primary_state_pair	O	-0.0007912360649253228	-0.000791236064925302	2.0816681711721685e-17	False
19	16	additive	compositional_ridge	primary_state_pair	D	-0.0007912360649253228	-0.000791236064925302	2.0816681711721685e-17	False
19	16	additive	CPA_0.8.8	primary_state_pair	S	0.055366855072492116	0.055366855072492116	0.0	False
19	16	additive	CPA_0.8.8	primary_state_pair	M	0.055366855072492116	0.055366855072492116	0.0	False
19	16	additive	CPA_0.8.8	primary_state_pair	P	0.055366855072492116	0.056743912014334874	0.001377056941842758	False
19	16	additive	CPA_0.8.8	primary_state_pair	O	0.055366855072492116	0.05398979813064951	-0.0013770569418426054	False
19	16	additive	CPA_0.8.8	primary_state_pair	D	0.055366855072492116	0.055366855072492144	2.7755575615628914e-17	False
19	16	additive	zero_effect	zero_effect_diagnostic	S	0.09217863539718153	0.09217863539718153	0.0	False
19	16	additive	zero_effect	zero_effect_diagnostic	M	0.09217863539718153	0.09217863539718153	0.0	False
19	16	additive	zero_effect	zero_effect_diagnostic	P	0.09217863539718153	0.07739151112780206	-0.014787124269379476	False
19	16	additive	zero_effect	zero_effect_diagnostic	O	0.09217863539718153	0.07739151112780206	-0.014787124269379476	False
19	16	additive	zero_effect	zero_effect_diagnostic	D	0.09217863539718153	0.07739151112780206	-0.014787124269379476	False
19	16	compositional_ridge	CPA_0.8.8	primary_state_pair	S	0.05615809113741744	0.05615809113741744	0.0	False
19	16	compositional_ridge	CPA_0.8.8	primary_state_pair	M	0.05615809113741744	0.05615809113741744	0.0	False
19	16	compositional_ridge	CPA_0.8.8	primary_state_pair	P	0.05615809113741744	0.057535148079260176	0.0013770569418427372	False
19	16	compositional_ridge	CPA_0.8.8	primary_state_pair	O	0.05615809113741744	0.05478103419557481	-0.0013770569418426262	False
19	16	compositional_ridge	CPA_0.8.8	primary_state_pair	D	0.05615809113741744	0.056158091137417446	6.938893903907228e-18	False
19	16	compositional_ridge	zero_effect	zero_effect_diagnostic	S	0.09296987146210686	0.09296987146210686	0.0	False
19	16	compositional_ridge	zero_effect	zero_effect_diagnostic	M	0.09296987146210686	0.09296987146210686	0.0	False
19	16	compositional_ridge	zero_effect	zero_effect_diagnostic	P	0.09296987146210686	0.07818274719272736	-0.014787124269379504	False
19	16	compositional_ridge	zero_effect	zero_effect_diagnostic	O	0.09296987146210686	0.07818274719272736	-0.014787124269379504	False
19	16	compositional_ridge	zero_effect	zero_effect_diagnostic	D	0.09296987146210686	0.07818274719272736	-0.014787124269379504	False
19	16	CPA_0.8.8	zero_effect	zero_effect_diagnostic	S	0.036811780324689417	0.036811780324689417	0.0	False
19	16	CPA_0.8.8	zero_effect	zero_effect_diagnostic	M	0.036811780324689417	0.036811780324689417	0.0	False
19	16	CPA_0.8.8	zero_effect	zero_effect_diagnostic	P	0.036811780324689417	0.020647599113467183	-0.016164181211222234	False
19	16	CPA_0.8.8	zero_effect	zero_effect_diagnostic	O	0.036811780324689417	0.023401712997152546	-0.01341006732753687	False
19	16	CPA_0.8.8	zero_effect	zero_effect_diagnostic	D	0.036811780324689417	0.022024656055309913	-0.014787124269379504	False
19	32	additive	compositional_ridge	primary_state_pair	S	-0.0007912360649253228	-0.0007912360649253228	0.0	False
19	32	additive	compositional_ridge	primary_state_pair	M	-0.0007912360649253228	-0.0007912360649253228	0.0	False
19	32	additive	compositional_ridge	primary_state_pair	P	-0.0007912360649253228	-0.0007912360649253158	6.938893903907228e-18	False
19	32	additive	compositional_ridge	primary_state_pair	O	-0.0007912360649253228	-0.0007912360649253158	6.938893903907228e-18	False
19	32	additive	compositional_ridge	primary_state_pair	D	-0.0007912360649253228	-0.0007912360649253158	6.938893903907228e-18	False
19	32	additive	CPA_0.8.8	primary_state_pair	S	0.0504897785253175	0.0504897785253175	0.0	False
19	32	additive	CPA_0.8.8	primary_state_pair	M	0.0504897785253175	0.0504897785253175	0.0	False
19	32	additive	CPA_0.8.8	primary_state_pair	P	0.0504897785253175	0.05116664121212995	0.0006768626868124544	False
19	32	additive	CPA_0.8.8	primary_state_pair	O	0.0504897785253175	0.049812915838505056	-0.0006768626868124406	False
19	32	additive	CPA_0.8.8	primary_state_pair	D	0.0504897785253175	0.05048977852531747	-2.7755575615628914e-17	False
19	32	additive	zero_effect	zero_effect_diagnostic	S	0.08367935047634588	0.08367935047634588	0.0	False
19	32	additive	zero_effect	zero_effect_diagnostic	M	0.08367935047634588	0.08367935047634588	0.0	False
19	32	additive	zero_effect	zero_effect_diagnostic	P	0.08367935047634588	0.07611219915540994	-0.007567151320935939	False
19	32	additive	zero_effect	zero_effect_diagnostic	O	0.08367935047634588	0.07611219915540994	-0.007567151320935939	False
19	32	additive	zero_effect	zero_effect_diagnostic	D	0.08367935047634588	0.07611219915540994	-0.007567151320935939	False
19	32	compositional_ridge	CPA_0.8.8	primary_state_pair	S	0.05128101459024282	0.05128101459024282	0.0	False
19	32	compositional_ridge	CPA_0.8.8	primary_state_pair	M	0.05128101459024282	0.05128101459024282	0.0	False
19	32	compositional_ridge	CPA_0.8.8	primary_state_pair	P	0.05128101459024282	0.05195787727705527	0.0006768626868124475	False
19	32	compositional_ridge	CPA_0.8.8	primary_state_pair	O	0.05128101459024282	0.05060415190343037	-0.0006768626868124475	False
19	32	compositional_ridge	CPA_0.8.8	primary_state_pair	D	0.05128101459024282	0.051281014590242785	-3.469446951953614e-17	False
19	32	compositional_ridge	zero_effect	zero_effect_diagnostic	S	0.08447058654127121	0.08447058654127121	0.0	False
19	32	compositional_ridge	zero_effect	zero_effect_diagnostic	M	0.08447058654127121	0.08447058654127121	0.0	False
19	32	compositional_ridge	zero_effect	zero_effect_diagnostic	P	0.08447058654127121	0.07690343522033526	-0.0075671513209359526	False
19	32	compositional_ridge	zero_effect	zero_effect_diagnostic	O	0.08447058654127121	0.07690343522033526	-0.0075671513209359526	False
19	32	compositional_ridge	zero_effect	zero_effect_diagnostic	D	0.08447058654127121	0.07690343522033526	-0.0075671513209359526	False
19	32	CPA_0.8.8	zero_effect	zero_effect_diagnostic	S	0.03318957195102838	0.03318957195102838	0.0	False
19	32	CPA_0.8.8	zero_effect	zero_effect_diagnostic	M	0.03318957195102838	0.03318957195102838	0.0	False
19	32	CPA_0.8.8	zero_effect	zero_effect_diagnostic	P	0.03318957195102838	0.02494555794327999	-0.008244014007748393	False
19	32	CPA_0.8.8	zero_effect	zero_effect_diagnostic	O	0.03318957195102838	0.026299283316904884	-0.006890288634123498	False
19	32	CPA_0.8.8	zero_effect	zero_effect_diagnostic	D	0.03318957195102838	0.02562242063009247	-0.007567151320935911	False
19	64	additive	compositional_ridge	primary_state_pair	S	-0.0007912360649253228	-0.0007912360649253228	0.0	False
19	64	additive	compositional_ridge	primary_state_pair	M	-0.0007912360649253228	-0.0007912360649253228	0.0	False
19	64	additive	compositional_ridge	primary_state_pair	P	-0.0007912360649253228	-0.0007912360649253089	1.3877787807814457e-17	False
19	64	additive	compositional_ridge	primary_state_pair	O	-0.0007912360649253228	-0.0007912360649253089	1.3877787807814457e-17	False
19	64	additive	compositional_ridge	primary_state_pair	D	-0.0007912360649253228	-0.0007912360649253089	1.3877787807814457e-17	False
19	64	additive	CPA_0.8.8	primary_state_pair	S	0.049969746976540094	0.049969746976540094	0.0	False
19	64	additive	CPA_0.8.8	primary_state_pair	M	0.049969746976540094	0.049969746976540094	0.0	False
19	64	additive	CPA_0.8.8	primary_state_pair	P	0.049969746976540094	0.05050087384333607	0.0005311268667959751	False
19	64	additive	CPA_0.8.8	primary_state_pair	O	0.049969746976540094	0.04943862010974416	-0.0005311268667959335	False
19	64	additive	CPA_0.8.8	primary_state_pair	D	0.049969746976540094	0.04996974697654011	1.3877787807814457e-17	False
19	64	additive	zero_effect	zero_effect_diagnostic	S	0.08131644828412805	0.08131644828412805	0.0	False
19	64	additive	zero_effect	zero_effect_diagnostic	M	0.08131644828412805	0.08131644828412805	0.0	False
19	64	additive	zero_effect	zero_effect_diagnostic	P	0.08131644828412805	0.07739356471534177	-0.003922883568786284	False
19	64	additive	zero_effect	zero_effect_diagnostic	O	0.08131644828412805	0.07739356471534177	-0.003922883568786284	False
19	64	additive	zero_effect	zero_effect_diagnostic	D	0.08131644828412805	0.07739356471534177	-0.003922883568786284	False
19	64	compositional_ridge	CPA_0.8.8	primary_state_pair	S	0.05076098304146542	0.05076098304146542	0.0	False
19	64	compositional_ridge	CPA_0.8.8	primary_state_pair	M	0.05076098304146542	0.05076098304146542	0.0	False
19	64	compositional_ridge	CPA_0.8.8	primary_state_pair	P	0.05076098304146542	0.05129210990826137	0.0005311268667959543	False
19	64	compositional_ridge	CPA_0.8.8	primary_state_pair	O	0.05076098304146542	0.05022985617466946	-0.0005311268667959543	False
19	64	compositional_ridge	CPA_0.8.8	primary_state_pair	D	0.05076098304146542	0.05076098304146541	-6.938893903907228e-18	False
19	64	compositional_ridge	zero_effect	zero_effect_diagnostic	S	0.08210768434905338	0.08210768434905338	0.0	False
19	64	compositional_ridge	zero_effect	zero_effect_diagnostic	M	0.08210768434905338	0.08210768434905338	0.0	False
19	64	compositional_ridge	zero_effect	zero_effect_diagnostic	P	0.08210768434905338	0.07818480078026707	-0.003922883568786312	False
19	64	compositional_ridge	zero_effect	zero_effect_diagnostic	O	0.08210768434905338	0.07818480078026707	-0.003922883568786312	False
19	64	compositional_ridge	zero_effect	zero_effect_diagnostic	D	0.08210768434905338	0.07818480078026707	-0.003922883568786312	False
19	64	CPA_0.8.8	zero_effect	zero_effect_diagnostic	S	0.03134670130758796	0.03134670130758796	0.0	False
19	64	CPA_0.8.8	zero_effect	zero_effect_diagnostic	M	0.03134670130758796	0.03134670130758796	0.0	False
19	64	CPA_0.8.8	zero_effect	zero_effect_diagnostic	P	0.03134670130758796	0.0268926908720057	-0.004454010435582259	False
19	64	CPA_0.8.8	zero_effect	zero_effect_diagnostic	O	0.03134670130758796	0.02795494460559761	-0.0033917567019903505	False
19	64	CPA_0.8.8	zero_effect	zero_effect_diagnostic	D	0.03134670130758796	0.027423817738801662	-0.003922883568786298	False
19	128	additive	compositional_ridge	primary_state_pair	S	-0.0007912360649253228	-0.0007912360649253228	0.0	False
19	128	additive	compositional_ridge	primary_state_pair	M	-0.0007912360649253228	-0.0007912360649253228	0.0	False
19	128	additive	compositional_ridge	primary_state_pair	P	-0.0007912360649253228	-0.0007912360649253089	1.3877787807814457e-17	False
19	128	additive	compositional_ridge	primary_state_pair	O	-0.0007912360649253228	-0.0007912360649253089	1.3877787807814457e-17	False
19	128	additive	compositional_ridge	primary_state_pair	D	-0.0007912360649253228	-0.0007912360649253089	1.3877787807814457e-17	False
19	128	additive	CPA_0.8.8	primary_state_pair	S	0.04822123145627859	0.04822123145627859	0.0	False
19	128	additive	CPA_0.8.8	primary_state_pair	M	0.04822123145627859	0.04822123145627859	0.0	False
19	128	additive	CPA_0.8.8	primary_state_pair	P	0.04822123145627859	0.048438911241401796	0.0002176797851232079	False
19	128	additive	CPA_0.8.8	primary_state_pair	O	0.04822123145627859	0.04800355167115541	-0.00021767978512318015	False
19	128	additive	CPA_0.8.8	primary_state_pair	D	0.04822123145627859	0.04822123145627861	2.0816681711721685e-17	False
19	128	additive	zero_effect	zero_effect_diagnostic	S	0.07784102181000815	0.07784102181000815	0.0	False
19	128	additive	zero_effect	zero_effect_diagnostic	M	0.07784102181000815	0.07784102181000815	0.0	False
19	128	additive	zero_effect	zero_effect_diagnostic	P	0.07784102181000815	0.0759284662890618	-0.0019125555209463518	False
19	128	additive	zero_effect	zero_effect_diagnostic	O	0.07784102181000815	0.0759284662890618	-0.0019125555209463518	False
19	128	additive	zero_effect	zero_effect_diagnostic	D	0.07784102181000815	0.0759284662890618	-0.0019125555209463518	False
19	128	compositional_ridge	CPA_0.8.8	primary_state_pair	S	0.04901246752120391	0.04901246752120391	0.0	False
19	128	compositional_ridge	CPA_0.8.8	primary_state_pair	M	0.04901246752120391	0.04901246752120391	0.0	False
19	128	compositional_ridge	CPA_0.8.8	primary_state_pair	P	0.04901246752120391	0.049230147306327104	0.00021767978512319403	False
19	128	compositional_ridge	CPA_0.8.8	primary_state_pair	O	0.04901246752120391	0.048794787736080716	-0.00021767978512319403	False
19	128	compositional_ridge	CPA_0.8.8	primary_state_pair	D	0.04901246752120391	0.04901246752120392	6.938893903907228e-18	False
19	128	compositional_ridge	zero_effect	zero_effect_diagnostic	S	0.07863225787493347	0.07863225787493347	0.0	False
19	128	compositional_ridge	zero_effect	zero_effect_diagnostic	M	0.07863225787493347	0.07863225787493347	0.0	False
19	128	compositional_ridge	zero_effect	zero_effect_diagnostic	P	0.07863225787493347	0.0767197023539871	-0.0019125555209463657	False
19	128	compositional_ridge	zero_effect	zero_effect_diagnostic	O	0.07863225787493347	0.0767197023539871	-0.0019125555209463657	False
19	128	compositional_ridge	zero_effect	zero_effect_diagnostic	D	0.07863225787493347	0.0767197023539871	-0.0019125555209463657	False
19	128	CPA_0.8.8	zero_effect	zero_effect_diagnostic	S	0.029619790353729566	0.029619790353729566	0.0	False
19	128	CPA_0.8.8	zero_effect	zero_effect_diagnostic	M	0.029619790353729566	0.029619790353729566	0.0	False
19	128	CPA_0.8.8	zero_effect	zero_effect_diagnostic	P	0.029619790353729566	0.02748955504766	-0.0021302353060695667	False
19	128	CPA_0.8.8	zero_effect	zero_effect_diagnostic	O	0.029619790353729566	0.027924914617906388	-0.0016948757358231786	False
19	128	CPA_0.8.8	zero_effect	zero_effect_diagnostic	D	0.029619790353729566	0.027707234832783187	-0.0019125555209463796	False
19	135	additive	compositional_ridge	primary_state_pair	S	-0.0007912360649253228	-0.0007912360649253228	0.0	False
19	135	additive	compositional_ridge	primary_state_pair	M	-0.0007912360649253228	-0.0007912360649253228	0.0	False
19	135	additive	compositional_ridge	primary_state_pair	P	-0.0007912360649253228	-0.0007912360649253193	3.469446951953614e-18	False
19	135	additive	compositional_ridge	primary_state_pair	O	-0.0007912360649253228	-0.0007912360649253193	3.469446951953614e-18	False
19	135	additive	compositional_ridge	primary_state_pair	D	-0.0007912360649253228	-0.0007912360649253193	3.469446951953614e-18	False
19	135	additive	CPA_0.8.8	primary_state_pair	S	0.04777880695791582	0.04777880695791582	0.0	False
19	135	additive	CPA_0.8.8	primary_state_pair	M	0.04777880695791582	0.04777880695791582	0.0	False
19	135	additive	CPA_0.8.8	primary_state_pair	P	0.04777880695791582	0.04795017099365989	0.00017136403574406767	False
19	135	additive	CPA_0.8.8	primary_state_pair	O	0.04777880695791582	0.04760744292217166	-0.0001713640357441648	False
19	135	additive	CPA_0.8.8	primary_state_pair	D	0.04777880695791582	0.047778806957915754	-6.938893903907228e-17	False
19	135	additive	zero_effect	zero_effect_diagnostic	S	0.07724272448850948	0.07724272448850948	0.0	False
19	135	additive	zero_effect	zero_effect_diagnostic	M	0.07724272448850948	0.07724272448850948	0.0	False
19	135	additive	zero_effect	zero_effect_diagnostic	P	0.07724272448850948	0.07544617229194428	-0.0017965521965652015	False
19	135	additive	zero_effect	zero_effect_diagnostic	O	0.07724272448850948	0.07544617229194428	-0.0017965521965652015	False
19	135	additive	zero_effect	zero_effect_diagnostic	D	0.07724272448850948	0.07544617229194428	-0.0017965521965652015	False
19	135	compositional_ridge	CPA_0.8.8	primary_state_pair	S	0.048570043022841146	0.048570043022841146	0.0	False
19	135	compositional_ridge	CPA_0.8.8	primary_state_pair	M	0.048570043022841146	0.048570043022841146	0.0	False
19	135	compositional_ridge	CPA_0.8.8	primary_state_pair	P	0.048570043022841146	0.048741407058585214	0.00017136403574406767	False
19	135	compositional_ridge	CPA_0.8.8	primary_state_pair	O	0.048570043022841146	0.04839867898709698	-0.0001713640357441648	False
19	135	compositional_ridge	CPA_0.8.8	primary_state_pair	D	0.048570043022841146	0.048570043022841076	-6.938893903907228e-17	False
19	135	compositional_ridge	zero_effect	zero_effect_diagnostic	S	0.07803396055343481	0.07803396055343481	0.0	False
19	135	compositional_ridge	zero_effect	zero_effect_diagnostic	M	0.07803396055343481	0.07803396055343481	0.0	False
19	135	compositional_ridge	zero_effect	zero_effect_diagnostic	P	0.07803396055343481	0.0762374083568696	-0.0017965521965652154	False
19	135	compositional_ridge	zero_effect	zero_effect_diagnostic	O	0.07803396055343481	0.0762374083568696	-0.0017965521965652154	False
19	135	compositional_ridge	zero_effect	zero_effect_diagnostic	D	0.07803396055343481	0.0762374083568696	-0.0017965521965652154	False
19	135	CPA_0.8.8	zero_effect	zero_effect_diagnostic	S	0.02946391753059366	0.02946391753059366	0.0	False
19	135	CPA_0.8.8	zero_effect	zero_effect_diagnostic	M	0.02946391753059366	0.02946391753059366	0.0	False
19	135	CPA_0.8.8	zero_effect	zero_effect_diagnostic	P	0.02946391753059366	0.02749600129828439	-0.001967916232309269	False
19	135	CPA_0.8.8	zero_effect	zero_effect_diagnostic	O	0.02946391753059366	0.027838729369772622	-0.0016251881608210367	False
19	135	CPA_0.8.8	zero_effect	zero_effect_diagnostic	D	0.02946391753059366	0.027667365334028526	-0.001796552196565132	False
20	8	additive	compositional_ridge	primary_state_pair	S	-0.0007912360649253228	-0.0007912360649253228	0.0	False
20	8	additive	compositional_ridge	primary_state_pair	M	-0.0007912360649253228	-0.0007912360649253228	0.0	False
20	8	additive	compositional_ridge	primary_state_pair	P	-0.0007912360649253228	-0.0007912360649253575	-3.469446951953614e-17	False
20	8	additive	compositional_ridge	primary_state_pair	O	-0.0007912360649253228	-0.0007912360649253575	-3.469446951953614e-17	False
20	8	additive	compositional_ridge	primary_state_pair	D	-0.0007912360649253228	-0.0007912360649253575	-3.469446951953614e-17	False
20	8	additive	CPA_0.8.8	primary_state_pair	S	0.05136227591198389	0.05136227591198389	0.0	False
20	8	additive	CPA_0.8.8	primary_state_pair	M	0.05136227591198389	0.05136227591198389	0.0	False
20	8	additive	CPA_0.8.8	primary_state_pair	P	0.05136227591198389	0.05460404944867775	0.0032417735366938594	False
20	8	additive	CPA_0.8.8	primary_state_pair	O	0.05136227591198389	0.04812050237528992	-0.0032417735366939704	False
20	8	additive	CPA_0.8.8	primary_state_pair	D	0.05136227591198389	0.051362275911983876	-1.3877787807814457e-17	False
20	8	additive	zero_effect	zero_effect_diagnostic	S	0.09462575136479238	0.09462575136479238	0.0	False
20	8	additive	zero_effect	zero_effect_diagnostic	M	0.09462575136479238	0.09462575136479238	0.0	False
20	8	additive	zero_effect	zero_effect_diagnostic	P	0.09462575136479238	0.06418664883991208	-0.0304391025248803	False
20	8	additive	zero_effect	zero_effect_diagnostic	O	0.09462575136479238	0.06418664883991208	-0.0304391025248803	False
20	8	additive	zero_effect	zero_effect_diagnostic	D	0.09462575136479238	0.06418664883991208	-0.0304391025248803	False
20	8	compositional_ridge	CPA_0.8.8	primary_state_pair	S	0.05215351197690921	0.05215351197690921	0.0	False
20	8	compositional_ridge	CPA_0.8.8	primary_state_pair	M	0.05215351197690921	0.05215351197690921	0.0	False
20	8	compositional_ridge	CPA_0.8.8	primary_state_pair	P	0.05215351197690921	0.05539528551360311	0.003241773536693894	False
20	8	compositional_ridge	CPA_0.8.8	primary_state_pair	O	0.05215351197690921	0.04891173844021528	-0.0032417735366939357	False
20	8	compositional_ridge	CPA_0.8.8	primary_state_pair	D	0.05215351197690921	0.052153511976909234	2.0816681711721685e-17	False
20	8	compositional_ridge	zero_effect	zero_effect_diagnostic	S	0.09541698742971771	0.09541698742971771	0.0	False
20	8	compositional_ridge	zero_effect	zero_effect_diagnostic	M	0.09541698742971771	0.09541698742971771	0.0	False
20	8	compositional_ridge	zero_effect	zero_effect_diagnostic	P	0.09541698742971771	0.06497788490483744	-0.030439102524880274	False
20	8	compositional_ridge	zero_effect	zero_effect_diagnostic	O	0.09541698742971771	0.06497788490483744	-0.030439102524880274	False
20	8	compositional_ridge	zero_effect	zero_effect_diagnostic	D	0.09541698742971771	0.06497788490483744	-0.030439102524880274	False
20	8	CPA_0.8.8	zero_effect	zero_effect_diagnostic	S	0.043263475452808495	0.043263475452808495	0.0	False
20	8	CPA_0.8.8	zero_effect	zero_effect_diagnostic	M	0.043263475452808495	0.043263475452808495	0.0	False
20	8	CPA_0.8.8	zero_effect	zero_effect_diagnostic	P	0.043263475452808495	0.009582599391234334	-0.03368087606157416	False
20	8	CPA_0.8.8	zero_effect	zero_effect_diagnostic	O	0.043263475452808495	0.016066146464622164	-0.02719732898818633	False
20	8	CPA_0.8.8	zero_effect	zero_effect_diagnostic	D	0.043263475452808495	0.012824372927928207	-0.030439102524880288	False
20	16	additive	compositional_ridge	primary_state_pair	S	-0.0007912360649253228	-0.0007912360649253228	0.0	False
20	16	additive	compositional_ridge	primary_state_pair	M	-0.0007912360649253228	-0.0007912360649253228	0.0	False
20	16	additive	compositional_ridge	primary_state_pair	P	-0.0007912360649253228	-0.000791236064925295	2.7755575615628914e-17	False
20	16	additive	compositional_ridge	primary_state_pair	O	-0.0007912360649253228	-0.000791236064925295	2.7755575615628914e-17	False
20	16	additive	compositional_ridge	primary_state_pair	D	-0.0007912360649253228	-0.000791236064925295	2.7755575615628914e-17	False
20	16	additive	CPA_0.8.8	primary_state_pair	S	0.049945982685794116	0.049945982685794116	0.0	False
20	16	additive	CPA_0.8.8	primary_state_pair	M	0.049945982685794116	0.049945982685794116	0.0	False
20	16	additive	CPA_0.8.8	primary_state_pair	P	0.049945982685794116	0.05227496498439108	0.002328982298596967	False
20	16	additive	CPA_0.8.8	primary_state_pair	O	0.049945982685794116	0.04761700038719722	-0.0023289822985968975	False
20	16	additive	CPA_0.8.8	primary_state_pair	D	0.049945982685794116	0.04994598268579411	-6.938893903907228e-18	False
20	16	additive	zero_effect	zero_effect_diagnostic	S	0.08610771882279611	0.08610771882279611	0.0	False
20	16	additive	zero_effect	zero_effect_diagnostic	M	0.08610771882279611	0.08610771882279611	0.0	False
20	16	additive	zero_effect	zero_effect_diagnostic	P	0.08610771882279611	0.07009880714428043	-0.016008911678515675	False
20	16	additive	zero_effect	zero_effect_diagnostic	O	0.08610771882279611	0.07009880714428043	-0.016008911678515675	False
20	16	additive	zero_effect	zero_effect_diagnostic	D	0.08610771882279611	0.07009880714428043	-0.016008911678515675	False
20	16	compositional_ridge	CPA_0.8.8	primary_state_pair	S	0.05073721875071944	0.05073721875071944	0.0	False
20	16	compositional_ridge	CPA_0.8.8	primary_state_pair	M	0.05073721875071944	0.05073721875071944	0.0	False
20	16	compositional_ridge	CPA_0.8.8	primary_state_pair	P	0.05073721875071944	0.05306620104931638	0.002328982298596939	False
20	16	compositional_ridge	CPA_0.8.8	primary_state_pair	O	0.05073721875071944	0.04840823645212251	-0.0023289822985969252	False
20	16	compositional_ridge	CPA_0.8.8	primary_state_pair	D	0.05073721875071944	0.050737218750719404	-3.469446951953614e-17	False
20	16	compositional_ridge	zero_effect	zero_effect_diagnostic	S	0.08689895488772142	0.08689895488772142	0.0	False
20	16	compositional_ridge	zero_effect	zero_effect_diagnostic	M	0.08689895488772142	0.08689895488772142	0.0	False
20	16	compositional_ridge	zero_effect	zero_effect_diagnostic	P	0.08689895488772142	0.07089004320920574	-0.01600891167851569	False
20	16	compositional_ridge	zero_effect	zero_effect_diagnostic	O	0.08689895488772142	0.07089004320920574	-0.01600891167851569	False
20	16	compositional_ridge	zero_effect	zero_effect_diagnostic	D	0.08689895488772142	0.07089004320920574	-0.01600891167851569	False
20	16	CPA_0.8.8	zero_effect	zero_effect_diagnostic	S	0.03616173613700199	0.03616173613700199	0.0	False
20	16	CPA_0.8.8	zero_effect	zero_effect_diagnostic	M	0.03616173613700199	0.03616173613700199	0.0	False
20	16	CPA_0.8.8	zero_effect	zero_effect_diagnostic	P	0.03616173613700199	0.017823842159889358	-0.018337893977112635	False
20	16	CPA_0.8.8	zero_effect	zero_effect_diagnostic	O	0.03616173613700199	0.022481806757083223	-0.01367992937991877	False
20	16	CPA_0.8.8	zero_effect	zero_effect_diagnostic	D	0.03616173613700199	0.020152824458486332	-0.01600891167851566	False
20	32	additive	compositional_ridge	primary_state_pair	S	-0.0007912360649253228	-0.0007912360649253228	0.0	False
20	32	additive	compositional_ridge	primary_state_pair	M	-0.0007912360649253228	-0.0007912360649253228	0.0	False
20	32	additive	compositional_ridge	primary_state_pair	P	-0.0007912360649253228	-0.0007912360649253089	1.3877787807814457e-17	False
20	32	additive	compositional_ridge	primary_state_pair	O	-0.0007912360649253228	-0.0007912360649253089	1.3877787807814457e-17	False
20	32	additive	compositional_ridge	primary_state_pair	D	-0.0007912360649253228	-0.0007912360649253089	1.3877787807814457e-17	False
20	32	additive	CPA_0.8.8	primary_state_pair	S	0.048097054349686905	0.048097054349686905	0.0	False
20	32	additive	CPA_0.8.8	primary_state_pair	M	0.048097054349686905	0.048097054349686905	0.0	False
20	32	additive	CPA_0.8.8	primary_state_pair	P	0.048097054349686905	0.04877292775190857	0.0006758734022216661	False
20	32	additive	CPA_0.8.8	primary_state_pair	O	0.048097054349686905	0.04742118094746528	-0.0006758734022216245	False
20	32	additive	CPA_0.8.8	primary_state_pair	D	0.048097054349686905	0.04809705434968688	-2.7755575615628914e-17	False
20	32	additive	zero_effect	zero_effect_diagnostic	S	0.08051314097682924	0.08051314097682924	0.0	False
20	32	additive	zero_effect	zero_effect_diagnostic	M	0.08051314097682924	0.08051314097682925	1.3877787807814457e-17	False
20	32	additive	zero_effect	zero_effect_diagnostic	P	0.08051314097682924	0.0726183844905084	-0.007894756486320834	False
20	32	additive	zero_effect	zero_effect_diagnostic	O	0.08051314097682924	0.0726183844905084	-0.007894756486320834	False
20	32	additive	zero_effect	zero_effect_diagnostic	D	0.08051314097682924	0.0726183844905084	-0.007894756486320834	False
20	32	compositional_ridge	CPA_0.8.8	primary_state_pair	S	0.04888829041461223	0.04888829041461223	0.0	False
20	32	compositional_ridge	CPA_0.8.8	primary_state_pair	M	0.04888829041461223	0.04888829041461223	0.0	False
20	32	compositional_ridge	CPA_0.8.8	primary_state_pair	P	0.04888829041461223	0.04956416381683388	0.0006758734022216523	False
20	32	compositional_ridge	CPA_0.8.8	primary_state_pair	O	0.04888829041461223	0.04821241701239059	-0.0006758734022216384	False
20	32	compositional_ridge	CPA_0.8.8	primary_state_pair	D	0.04888829041461223	0.048888290414612186	-4.163336342344337e-17	False
20	32	compositional_ridge	zero_effect	zero_effect_diagnostic	S	0.08130437704175456	0.08130437704175456	0.0	False
20	32	compositional_ridge	zero_effect	zero_effect_diagnostic	M	0.08130437704175456	0.08130437704175458	2.7755575615628914e-17	False
20	32	compositional_ridge	zero_effect	zero_effect_diagnostic	P	0.08130437704175456	0.07340962055543371	-0.007894756486320847	False
20	32	compositional_ridge	zero_effect	zero_effect_diagnostic	O	0.08130437704175456	0.07340962055543371	-0.007894756486320847	False
20	32	compositional_ridge	zero_effect	zero_effect_diagnostic	D	0.08130437704175456	0.07340962055543371	-0.007894756486320847	False
20	32	CPA_0.8.8	zero_effect	zero_effect_diagnostic	S	0.032416086627142335	0.032416086627142335	0.0	False
20	32	CPA_0.8.8	zero_effect	zero_effect_diagnostic	M	0.032416086627142335	0.03241608662714235	1.3877787807814457e-17	False
20	32	CPA_0.8.8	zero_effect	zero_effect_diagnostic	P	0.032416086627142335	0.023845456738599835	-0.0085706298885425	False
20	32	CPA_0.8.8	zero_effect	zero_effect_diagnostic	O	0.032416086627142335	0.025197203543043126	-0.007218883084099209	False
20	32	CPA_0.8.8	zero_effect	zero_effect_diagnostic	D	0.032416086627142335	0.02452133014082153	-0.007894756486320806	False
20	64	additive	compositional_ridge	primary_state_pair	S	-0.0007912360649253228	-0.0007912360649253228	0.0	False
20	64	additive	compositional_ridge	primary_state_pair	M	-0.0007912360649253228	-0.0007912360649253228	0.0	False
20	64	additive	compositional_ridge	primary_state_pair	P	-0.0007912360649253228	-0.0007912360649253193	3.469446951953614e-18	False
20	64	additive	compositional_ridge	primary_state_pair	O	-0.0007912360649253228	-0.0007912360649253193	3.469446951953614e-18	False
20	64	additive	compositional_ridge	primary_state_pair	D	-0.0007912360649253228	-0.0007912360649253193	3.469446951953614e-18	False
20	64	additive	CPA_0.8.8	primary_state_pair	S	0.04707962623614527	0.04707962623614527	0.0	False
20	64	additive	CPA_0.8.8	primary_state_pair	M	0.04707962623614527	0.04707962623614527	0.0	False
20	64	additive	CPA_0.8.8	primary_state_pair	P	0.04707962623614527	0.047446806007007535	0.0003671797708622651	False
20	64	additive	CPA_0.8.8	primary_state_pair	O	0.04707962623614527	0.04671244646528299	-0.000367179770862279	False
20	64	additive	CPA_0.8.8	primary_state_pair	D	0.04707962623614527	0.047079626236145304	3.469446951953614e-17	False
20	64	additive	zero_effect	zero_effect_diagnostic	S	0.07717253087027975	0.07717253087027975	0.0	False
20	64	additive	zero_effect	zero_effect_diagnostic	M	0.07717253087027975	0.07717253087027975	0.0	False
20	64	additive	zero_effect	zero_effect_diagnostic	P	0.07717253087027975	0.07328430208469364	-0.0038882287855861175	False
20	64	additive	zero_effect	zero_effect_diagnostic	O	0.07717253087027975	0.07328430208469364	-0.0038882287855861175	False
20	64	additive	zero_effect	zero_effect_diagnostic	D	0.07717253087027975	0.07328430208469364	-0.0038882287855861175	False
20	64	compositional_ridge	CPA_0.8.8	primary_state_pair	S	0.04787086230107059	0.04787086230107059	0.0	False
20	64	compositional_ridge	CPA_0.8.8	primary_state_pair	M	0.04787086230107059	0.04787086230107059	0.0	False
20	64	compositional_ridge	CPA_0.8.8	primary_state_pair	P	0.04787086230107059	0.04823804207193286	0.0003671797708622651	False
20	64	compositional_ridge	CPA_0.8.8	primary_state_pair	O	0.04787086230107059	0.04750368253020831	-0.000367179770862279	False
20	64	compositional_ridge	CPA_0.8.8	primary_state_pair	D	0.04787086230107059	0.04787086230107063	3.469446951953614e-17	False
20	64	compositional_ridge	zero_effect	zero_effect_diagnostic	S	0.07796376693520507	0.07796376693520507	0.0	False
20	64	compositional_ridge	zero_effect	zero_effect_diagnostic	M	0.07796376693520507	0.07796376693520507	0.0	False
20	64	compositional_ridge	zero_effect	zero_effect_diagnostic	P	0.07796376693520507	0.07407553814961897	-0.0038882287855861036	False
20	64	compositional_ridge	zero_effect	zero_effect_diagnostic	O	0.07796376693520507	0.07407553814961897	-0.0038882287855861036	False
20	64	compositional_ridge	zero_effect	zero_effect_diagnostic	D	0.07796376693520507	0.07407553814961897	-0.0038882287855861036	False
20	64	CPA_0.8.8	zero_effect	zero_effect_diagnostic	S	0.030092904634134485	0.030092904634134485	0.0	False
20	64	CPA_0.8.8	zero_effect	zero_effect_diagnostic	M	0.030092904634134485	0.030092904634134485	0.0	False
20	64	CPA_0.8.8	zero_effect	zero_effect_diagnostic	P	0.030092904634134485	0.02583749607768611	-0.004255408556448376	False
20	64	CPA_0.8.8	zero_effect	zero_effect_diagnostic	O	0.030092904634134485	0.026571855619410653	-0.0035210490147238316	False
20	64	CPA_0.8.8	zero_effect	zero_effect_diagnostic	D	0.030092904634134485	0.02620467584854834	-0.0038882287855861453	False
20	128	additive	compositional_ridge	primary_state_pair	S	-0.0007912360649253228	-0.0007912360649253228	0.0	False
20	128	additive	compositional_ridge	primary_state_pair	M	-0.0007912360649253228	-0.0007912360649253228	0.0	False
20	128	additive	compositional_ridge	primary_state_pair	P	-0.0007912360649253228	-0.0007912360649253158	6.938893903907228e-18	False
20	128	additive	compositional_ridge	primary_state_pair	O	-0.0007912360649253228	-0.0007912360649253158	6.938893903907228e-18	False
20	128	additive	compositional_ridge	primary_state_pair	D	-0.0007912360649253228	-0.0007912360649253158	6.938893903907228e-18	False
20	128	additive	CPA_0.8.8	primary_state_pair	S	0.047806349551072214	0.047806349551072214	0.0	False
20	128	additive	CPA_0.8.8	primary_state_pair	M	0.047806349551072214	0.0478063495510722	-1.3877787807814457e-17	False
20	128	additive	CPA_0.8.8	primary_state_pair	P	0.047806349551072214	0.047943327612115165	0.00013697806104295135	False
20	128	additive	CPA_0.8.8	primary_state_pair	O	0.047806349551072214	0.04766937149002926	-0.00013697806104295135	False
20	128	additive	CPA_0.8.8	primary_state_pair	D	0.047806349551072214	0.047806349551072234	2.0816681711721685e-17	False
20	128	additive	zero_effect	zero_effect_diagnostic	S	0.07720631757658002	0.07720631757658002	0.0	False
20	128	additive	zero_effect	zero_effect_diagnostic	M	0.07720631757658002	0.07720631757658002	0.0	False
20	128	additive	zero_effect	zero_effect_diagnostic	P	0.07720631757658002	0.07528247252262835	-0.00192384505395167	False
20	128	additive	zero_effect	zero_effect_diagnostic	O	0.07720631757658002	0.07528247252262835	-0.00192384505395167	False
20	128	additive	zero_effect	zero_effect_diagnostic	D	0.07720631757658002	0.07528247252262835	-0.00192384505395167	False
20	128	compositional_ridge	CPA_0.8.8	primary_state_pair	S	0.048597585615997536	0.048597585615997536	0.0	False
20	128	compositional_ridge	CPA_0.8.8	primary_state_pair	M	0.048597585615997536	0.04859758561599752	-1.3877787807814457e-17	False
20	128	compositional_ridge	CPA_0.8.8	primary_state_pair	P	0.048597585615997536	0.04873456367704048	0.0001369780610429444	False
20	128	compositional_ridge	CPA_0.8.8	primary_state_pair	O	0.048597585615997536	0.04846060755495458	-0.0001369780610429583	False
20	128	compositional_ridge	CPA_0.8.8	primary_state_pair	D	0.048597585615997536	0.04859758561599755	1.3877787807814457e-17	False
20	128	compositional_ridge	zero_effect	zero_effect_diagnostic	S	0.07799755364150535	0.07799755364150535	0.0	False
20	128	compositional_ridge	zero_effect	zero_effect_diagnostic	M	0.07799755364150535	0.07799755364150535	0.0	False
20	128	compositional_ridge	zero_effect	zero_effect_diagnostic	P	0.07799755364150535	0.07607370858755366	-0.0019238450539516838	False
20	128	compositional_ridge	zero_effect	zero_effect_diagnostic	O	0.07799755364150535	0.07607370858755366	-0.0019238450539516838	False
20	128	compositional_ridge	zero_effect	zero_effect_diagnostic	D	0.07799755364150535	0.07607370858755366	-0.0019238450539516838	False
20	128	CPA_0.8.8	zero_effect	zero_effect_diagnostic	S	0.029399968025507803	0.029399968025507803	0.0	False
20	128	CPA_0.8.8	zero_effect	zero_effect_diagnostic	M	0.029399968025507803	0.029399968025507817	1.3877787807814457e-17	False
20	128	CPA_0.8.8	zero_effect	zero_effect_diagnostic	P	0.029399968025507803	0.027339144910513175	-0.0020608231149946282	False
20	128	CPA_0.8.8	zero_effect	zero_effect_diagnostic	O	0.029399968025507803	0.027613101032599077	-0.0017868669929087255	False
20	128	CPA_0.8.8	zero_effect	zero_effect_diagnostic	D	0.029399968025507803	0.027476122971556105	-0.0019238450539516977	False
20	135	additive	compositional_ridge	primary_state_pair	S	-0.0007912360649253228	-0.0007912360649253228	0.0	False
20	135	additive	compositional_ridge	primary_state_pair	M	-0.0007912360649253228	-0.0007912360649253228	0.0	False
20	135	additive	compositional_ridge	primary_state_pair	P	-0.0007912360649253228	-0.0007912360649253124	1.0408340855860843e-17	False
20	135	additive	compositional_ridge	primary_state_pair	O	-0.0007912360649253228	-0.0007912360649253124	1.0408340855860843e-17	False
20	135	additive	compositional_ridge	primary_state_pair	D	-0.0007912360649253228	-0.0007912360649253124	1.0408340855860843e-17	False
20	135	additive	CPA_0.8.8	primary_state_pair	S	0.04769052029686455	0.04769052029686455	0.0	False
20	135	additive	CPA_0.8.8	primary_state_pair	M	0.04769052029686455	0.04769052029686455	0.0	False
20	135	additive	CPA_0.8.8	primary_state_pair	P	0.04769052029686455	0.04783887196170937	0.00014835166484482298	False
20	135	additive	CPA_0.8.8	primary_state_pair	O	0.04769052029686455	0.04754216863201974	-0.0001483516648448091	False
20	135	additive	CPA_0.8.8	primary_state_pair	D	0.04769052029686455	0.04769052029686453	-1.3877787807814457e-17	False
20	135	additive	zero_effect	zero_effect_diagnostic	S	0.07701892034063632	0.07701892034063632	0.0	False
20	135	additive	zero_effect	zero_effect_diagnostic	M	0.07701892034063632	0.07701892034063632	0.0	False
20	135	additive	zero_effect	zero_effect_diagnostic	P	0.07701892034063632	0.07518182330322604	-0.001837097037410279	False
20	135	additive	zero_effect	zero_effect_diagnostic	O	0.07701892034063632	0.07518182330322604	-0.001837097037410279	False
20	135	additive	zero_effect	zero_effect_diagnostic	D	0.07701892034063632	0.07518182330322604	-0.001837097037410279	False
20	135	compositional_ridge	CPA_0.8.8	primary_state_pair	S	0.04848175636178987	0.04848175636178987	0.0	False
20	135	compositional_ridge	CPA_0.8.8	primary_state_pair	M	0.04848175636178987	0.04848175636178987	0.0	False
20	135	compositional_ridge	CPA_0.8.8	primary_state_pair	P	0.04848175636178987	0.048630108026634686	0.00014835166484481604	False
20	135	compositional_ridge	CPA_0.8.8	primary_state_pair	O	0.04848175636178987	0.048333404696945054	-0.00014835166484481604	False
20	135	compositional_ridge	CPA_0.8.8	primary_state_pair	D	0.04848175636178987	0.04848175636178985	-2.0816681711721685e-17	False
20	135	compositional_ridge	zero_effect	zero_effect_diagnostic	S	0.07781015640556163	0.07781015640556163	0.0	False
20	135	compositional_ridge	zero_effect	zero_effect_diagnostic	M	0.07781015640556163	0.07781015640556163	0.0	False
20	135	compositional_ridge	zero_effect	zero_effect_diagnostic	P	0.07781015640556163	0.07597305936815135	-0.001837097037410279	False
20	135	compositional_ridge	zero_effect	zero_effect_diagnostic	O	0.07781015640556163	0.07597305936815135	-0.001837097037410279	False
20	135	compositional_ridge	zero_effect	zero_effect_diagnostic	D	0.07781015640556163	0.07597305936815135	-0.001837097037410279	False
20	135	CPA_0.8.8	zero_effect	zero_effect_diagnostic	S	0.02932840004377177	0.02932840004377177	0.0	False
20	135	CPA_0.8.8	zero_effect	zero_effect_diagnostic	M	0.02932840004377177	0.02932840004377177	0.0	False
20	135	CPA_0.8.8	zero_effect	zero_effect_diagnostic	P	0.02932840004377177	0.027342951341516666	-0.001985448702255102	False
20	135	CPA_0.8.8	zero_effect	zero_effect_diagnostic	O	0.02932840004377177	0.0276396546712063	-0.00168874537256547	False
20	135	CPA_0.8.8	zero_effect	zero_effect_diagnostic	D	0.02932840004377177	0.027491303006361503	-0.0018370970374102652	False
21	8	additive	compositional_ridge	primary_state_pair	S	-0.0007912360649253228	-0.0007912360649253228	0.0	False
21	8	additive	compositional_ridge	primary_state_pair	M	-0.0007912360649253228	-0.0007912360649253228	0.0	False
21	8	additive	compositional_ridge	primary_state_pair	P	-0.0007912360649253228	-0.0007912360649252742	4.85722573273506e-17	False
21	8	additive	compositional_ridge	primary_state_pair	O	-0.0007912360649253228	-0.0007912360649252742	4.85722573273506e-17	False
21	8	additive	compositional_ridge	primary_state_pair	D	-0.0007912360649253228	-0.0007912360649252742	4.85722573273506e-17	False
21	8	additive	CPA_0.8.8	primary_state_pair	S	0.05279080017553968	0.05279080017553968	0.0	False
21	8	additive	CPA_0.8.8	primary_state_pair	M	0.05279080017553968	0.05279080017553968	0.0	False
21	8	additive	CPA_0.8.8	primary_state_pair	P	0.05279080017553968	0.05548157128154438	0.0026907711060046996	False
21	8	additive	CPA_0.8.8	primary_state_pair	O	0.05279080017553968	0.05010002906953499	-0.0026907711060046857	False
21	8	additive	CPA_0.8.8	primary_state_pair	D	0.05279080017553968	0.05279080017553962	-5.551115123125783e-17	False
21	8	additive	zero_effect	zero_effect_diagnostic	S	0.09541504966910501	0.09541504966910501	0.0	False
21	8	additive	zero_effect	zero_effect_diagnostic	M	0.09541504966910501	0.09541504966910501	0.0	False
21	8	additive	zero_effect	zero_effect_diagnostic	P	0.09541504966910501	0.06552881865146708	-0.029886231017637932	False
21	8	additive	zero_effect	zero_effect_diagnostic	O	0.09541504966910501	0.06552881865146708	-0.029886231017637932	False
21	8	additive	zero_effect	zero_effect_diagnostic	D	0.09541504966910501	0.06552881865146708	-0.029886231017637932	False
21	8	compositional_ridge	CPA_0.8.8	primary_state_pair	S	0.053582036240465	0.053582036240465	0.0	False
21	8	compositional_ridge	CPA_0.8.8	primary_state_pair	M	0.053582036240465	0.053582036240465	0.0	False
21	8	compositional_ridge	CPA_0.8.8	primary_state_pair	P	0.053582036240465	0.05627280734646965	0.002690771106004651	False
21	8	compositional_ridge	CPA_0.8.8	primary_state_pair	O	0.053582036240465	0.05089126513446027	-0.0026907711060047343	False
21	8	compositional_ridge	CPA_0.8.8	primary_state_pair	D	0.053582036240465	0.0535820362404649	-1.0408340855860843e-16	False
21	8	compositional_ridge	zero_effect	zero_effect_diagnostic	S	0.09620628573403034	0.09620628573403034	0.0	False
21	8	compositional_ridge	zero_effect	zero_effect_diagnostic	M	0.09620628573403034	0.09620628573403034	0.0	False
21	8	compositional_ridge	zero_effect	zero_effect_diagnostic	P	0.09620628573403034	0.06632005471639235	-0.029886231017637988	False
21	8	compositional_ridge	zero_effect	zero_effect_diagnostic	O	0.09620628573403034	0.06632005471639235	-0.029886231017637988	False
21	8	compositional_ridge	zero_effect	zero_effect_diagnostic	D	0.09620628573403034	0.06632005471639235	-0.029886231017637988	False
21	8	CPA_0.8.8	zero_effect	zero_effect_diagnostic	S	0.04262424949356533	0.04262424949356533	0.0	False
21	8	CPA_0.8.8	zero_effect	zero_effect_diagnostic	M	0.04262424949356533	0.04262424949356533	0.0	False
21	8	CPA_0.8.8	zero_effect	zero_effect_diagnostic	P	0.04262424949356533	0.010047247369922699	-0.03257700212364263	False
21	8	CPA_0.8.8	zero_effect	zero_effect_diagnostic	O	0.04262424949356533	0.015428789581932084	-0.027195459911633246	False
21	8	CPA_0.8.8	zero_effect	zero_effect_diagnostic	D	0.04262424949356533	0.012738018475927454	-0.029886231017637876	False
21	16	additive	compositional_ridge	primary_state_pair	S	-0.0007912360649253228	-0.0007912360649253228	0.0	False
21	16	additive	compositional_ridge	primary_state_pair	M	-0.0007912360649253228	-0.0007912360649253228	0.0	False
21	16	additive	compositional_ridge	primary_state_pair	P	-0.0007912360649253228	-0.0007912360649253228	0.0	False
21	16	additive	compositional_ridge	primary_state_pair	O	-0.0007912360649253228	-0.0007912360649253228	0.0	False
21	16	additive	compositional_ridge	primary_state_pair	D	-0.0007912360649253228	-0.0007912360649253228	0.0	False
21	16	additive	CPA_0.8.8	primary_state_pair	S	0.04715344643059967	0.04715344643059967	0.0	False
21	16	additive	CPA_0.8.8	primary_state_pair	M	0.04715344643059967	0.04715344643059967	0.0	False
21	16	additive	CPA_0.8.8	primary_state_pair	P	0.04715344643059967	0.048199918036760644	0.0010464716061609758	False
21	16	additive	CPA_0.8.8	primary_state_pair	O	0.04715344643059967	0.04610697482443872	-0.001046471606160948	False
21	16	additive	CPA_0.8.8	primary_state_pair	D	0.04715344643059967	0.04715344643059971	4.163336342344337e-17	False
21	16	additive	zero_effect	zero_effect_diagnostic	S	0.08319395728934978	0.08319395728934978	0.0	False
21	16	additive	zero_effect	zero_effect_diagnostic	M	0.08319395728934978	0.08319395728934978	0.0	False
21	16	additive	zero_effect	zero_effect_diagnostic	P	0.08319395728934978	0.06889564566578885	-0.014298311623560933	False
21	16	additive	zero_effect	zero_effect_diagnostic	O	0.08319395728934978	0.06889564566578885	-0.014298311623560933	False
21	16	additive	zero_effect	zero_effect_diagnostic	D	0.08319395728934978	0.06889564566578885	-0.014298311623560933	False
21	16	compositional_ridge	CPA_0.8.8	primary_state_pair	S	0.04794468249552499	0.04794468249552499	0.0	False
21	16	compositional_ridge	CPA_0.8.8	primary_state_pair	M	0.04794468249552499	0.04794468249552499	0.0	False
21	16	compositional_ridge	CPA_0.8.8	primary_state_pair	P	0.04794468249552499	0.04899115410168597	0.0010464716061609758	False
21	16	compositional_ridge	CPA_0.8.8	primary_state_pair	O	0.04794468249552499	0.04689821088936404	-0.001046471606160948	False
21	16	compositional_ridge	CPA_0.8.8	primary_state_pair	D	0.04794468249552499	0.04794468249552503	4.163336342344337e-17	False
21	16	compositional_ridge	zero_effect	zero_effect_diagnostic	S	0.0839851933542751	0.0839851933542751	0.0	False
21	16	compositional_ridge	zero_effect	zero_effect_diagnostic	M	0.0839851933542751	0.0839851933542751	0.0	False
21	16	compositional_ridge	zero_effect	zero_effect_diagnostic	P	0.0839851933542751	0.06968688173071416	-0.014298311623560933	False
21	16	compositional_ridge	zero_effect	zero_effect_diagnostic	O	0.0839851933542751	0.06968688173071416	-0.014298311623560933	False
21	16	compositional_ridge	zero_effect	zero_effect_diagnostic	D	0.0839851933542751	0.06968688173071416	-0.014298311623560933	False
21	16	CPA_0.8.8	zero_effect	zero_effect_diagnostic	S	0.03604051085875011	0.03604051085875011	0.0	False
21	16	CPA_0.8.8	zero_effect	zero_effect_diagnostic	M	0.03604051085875011	0.03604051085875011	0.0	False
21	16	CPA_0.8.8	zero_effect	zero_effect_diagnostic	P	0.03604051085875011	0.0206957276290282	-0.015344783229721909	False
21	16	CPA_0.8.8	zero_effect	zero_effect_diagnostic	O	0.03604051085875011	0.022788670841350125	-0.013251840017399985	False
21	16	CPA_0.8.8	zero_effect	zero_effect_diagnostic	D	0.03604051085875011	0.021742199235189136	-0.014298311623560975	False
21	32	additive	compositional_ridge	primary_state_pair	S	-0.0007912360649253228	-0.0007912360649253228	0.0	False
21	32	additive	compositional_ridge	primary_state_pair	M	-0.0007912360649253228	-0.0007912360649253228	0.0	False
21	32	additive	compositional_ridge	primary_state_pair	P	-0.0007912360649253228	-0.0007912360649253297	-6.938893903907228e-18	False
21	32	additive	compositional_ridge	primary_state_pair	O	-0.0007912360649253228	-0.0007912360649253297	-6.938893903907228e-18	False
21	32	additive	compositional_ridge	primary_state_pair	D	-0.0007912360649253228	-0.0007912360649253297	-6.938893903907228e-18	False
21	32	additive	CPA_0.8.8	primary_state_pair	S	0.04637781751404285	0.04637781751404285	0.0	False
21	32	additive	CPA_0.8.8	primary_state_pair	M	0.04637781751404285	0.04637781751404285	0.0	False
21	32	additive	CPA_0.8.8	primary_state_pair	P	0.04637781751404285	0.047027574015403834	0.0006497565013609818	False
21	32	additive	CPA_0.8.8	primary_state_pair	O	0.04637781751404285	0.045728061012681925	-0.0006497565013609263	False
21	32	additive	CPA_0.8.8	primary_state_pair	D	0.04637781751404285	0.04637781751404291	5.551115123125783e-17	False
21	32	additive	zero_effect	zero_effect_diagnostic	S	0.07802614709430723	0.07802614709430723	0.0	False
21	32	additive	zero_effect	zero_effect_diagnostic	M	0.07802614709430723	0.07802614709430723	0.0	False
21	32	additive	zero_effect	zero_effect_diagnostic	P	0.07802614709430723	0.07076072207550697	-0.007265425018800259	False
21	32	additive	zero_effect	zero_effect_diagnostic	O	0.07802614709430723	0.07076072207550697	-0.007265425018800259	False
21	32	additive	zero_effect	zero_effect_diagnostic	D	0.07802614709430723	0.07076072207550697	-0.007265425018800259	False
21	32	compositional_ridge	CPA_0.8.8	primary_state_pair	S	0.047169053578968174	0.047169053578968174	0.0	False
21	32	compositional_ridge	CPA_0.8.8	primary_state_pair	M	0.047169053578968174	0.047169053578968174	0.0	False
21	32	compositional_ridge	CPA_0.8.8	primary_state_pair	P	0.047169053578968174	0.04781881008032916	0.0006497565013609888	False
21	32	compositional_ridge	CPA_0.8.8	primary_state_pair	O	0.047169053578968174	0.046519297077607255	-0.0006497565013609194	False
21	32	compositional_ridge	CPA_0.8.8	primary_state_pair	D	0.047169053578968174	0.04716905357896824	6.245004513516506e-17	False
21	32	compositional_ridge	zero_effect	zero_effect_diagnostic	S	0.07881738315923256	0.07881738315923256	0.0	False
21	32	compositional_ridge	zero_effect	zero_effect_diagnostic	M	0.07881738315923256	0.07881738315923256	0.0	False
21	32	compositional_ridge	zero_effect	zero_effect_diagnostic	P	0.07881738315923256	0.0715519581404323	-0.007265425018800259	False
21	32	compositional_ridge	zero_effect	zero_effect_diagnostic	O	0.07881738315923256	0.0715519581404323	-0.007265425018800259	False
21	32	compositional_ridge	zero_effect	zero_effect_diagnostic	D	0.07881738315923256	0.0715519581404323	-0.007265425018800259	False
21	32	CPA_0.8.8	zero_effect	zero_effect_diagnostic	S	0.03164832958026438	0.03164832958026438	0.0	False
21	32	CPA_0.8.8	zero_effect	zero_effect_diagnostic	M	0.03164832958026438	0.03164832958026438	0.0	False
21	32	CPA_0.8.8	zero_effect	zero_effect_diagnostic	P	0.03164832958026438	0.02373314806010314	-0.00791518152016124	False
21	32	CPA_0.8.8	zero_effect	zero_effect_diagnostic	O	0.03164832958026438	0.02503266106282505	-0.006615668517439333	False
21	32	CPA_0.8.8	zero_effect	zero_effect_diagnostic	D	0.03164832958026438	0.024382904561464067	-0.0072654250188003144	False
21	64	additive	compositional_ridge	primary_state_pair	S	-0.0007912360649253228	-0.0007912360649253228	0.0	False
21	64	additive	compositional_ridge	primary_state_pair	M	-0.0007912360649253228	-0.0007912360649253228	0.0	False
21	64	additive	compositional_ridge	primary_state_pair	P	-0.0007912360649253228	-0.0007912360649253158	6.938893903907228e-18	False
21	64	additive	compositional_ridge	primary_state_pair	O	-0.0007912360649253228	-0.0007912360649253158	6.938893903907228e-18	False
21	64	additive	compositional_ridge	primary_state_pair	D	-0.0007912360649253228	-0.0007912360649253158	6.938893903907228e-18	False
21	64	additive	CPA_0.8.8	primary_state_pair	S	0.04653636551221599	0.04653636551221599	0.0	False
21	64	additive	CPA_0.8.8	primary_state_pair	M	0.04653636551221599	0.04653636551221599	0.0	False
21	64	additive	CPA_0.8.8	primary_state_pair	P	0.04653636551221599	0.04679293081969159	0.0002565653074756008	False
21	64	additive	CPA_0.8.8	primary_state_pair	O	0.04653636551221599	0.0462798002047404	-0.0002565653074755869	False
21	64	additive	CPA_0.8.8	primary_state_pair	D	0.04653636551221599	0.046536365512216016	2.7755575615628914e-17	False
21	64	additive	zero_effect	zero_effect_diagnostic	S	0.07658194558729176	0.07658194558729176	0.0	False
21	64	additive	zero_effect	zero_effect_diagnostic	M	0.07658194558729176	0.07658194558729176	0.0	False
21	64	additive	zero_effect	zero_effect_diagnostic	P	0.07658194558729176	0.0730139457546014	-0.0035679998326903495	False
21	64	additive	zero_effect	zero_effect_diagnostic	O	0.07658194558729176	0.0730139457546014	-0.0035679998326903495	False
21	64	additive	zero_effect	zero_effect_diagnostic	D	0.07658194558729176	0.0730139457546014	-0.0035679998326903495	False
21	64	compositional_ridge	CPA_0.8.8	primary_state_pair	S	0.04732760157714131	0.04732760157714131	0.0	False
21	64	compositional_ridge	CPA_0.8.8	primary_state_pair	M	0.04732760157714131	0.04732760157714131	0.0	False
21	64	compositional_ridge	CPA_0.8.8	primary_state_pair	P	0.04732760157714131	0.047584166884616905	0.00025656530747559386	False
21	64	compositional_ridge	CPA_0.8.8	primary_state_pair	O	0.04732760157714131	0.04707103626966572	-0.00025656530747559386	False
21	64	compositional_ridge	CPA_0.8.8	primary_state_pair	D	0.04732760157714131	0.04732760157714133	2.0816681711721685e-17	False
21	64	compositional_ridge	zero_effect	zero_effect_diagnostic	S	0.07737318165221707	0.07737318165221707	0.0	False
21	64	compositional_ridge	zero_effect	zero_effect_diagnostic	M	0.07737318165221707	0.07737318165221707	0.0	False
21	64	compositional_ridge	zero_effect	zero_effect_diagnostic	P	0.07737318165221707	0.07380518181952672	-0.0035679998326903495	False
21	64	compositional_ridge	zero_effect	zero_effect_diagnostic	O	0.07737318165221707	0.07380518181952672	-0.0035679998326903495	False
21	64	compositional_ridge	zero_effect	zero_effect_diagnostic	D	0.07737318165221707	0.07380518181952672	-0.0035679998326903495	False
21	64	CPA_0.8.8	zero_effect	zero_effect_diagnostic	S	0.030045580075075767	0.030045580075075767	0.0	False
21	64	CPA_0.8.8	zero_effect	zero_effect_diagnostic	M	0.030045580075075767	0.030045580075075767	0.0	False
21	64	CPA_0.8.8	zero_effect	zero_effect_diagnostic	P	0.030045580075075767	0.026221014934909817	-0.0038245651401659503	False
21	64	CPA_0.8.8	zero_effect	zero_effect_diagnostic	O	0.030045580075075767	0.026734145549861005	-0.0033114345252147626	False
21	64	CPA_0.8.8	zero_effect	zero_effect_diagnostic	D	0.030045580075075767	0.02647758024238539	-0.0035679998326903772	False
21	128	additive	compositional_ridge	primary_state_pair	S	-0.0007912360649253228	-0.0007912360649253228	0.0	False
21	128	additive	compositional_ridge	primary_state_pair	M	-0.0007912360649253228	-0.0007912360649253228	0.0	False
21	128	additive	compositional_ridge	primary_state_pair	P	-0.0007912360649253228	-0.0007912360649253228	0.0	False
21	128	additive	compositional_ridge	primary_state_pair	O	-0.0007912360649253228	-0.0007912360649253228	0.0	False
21	128	additive	compositional_ridge	primary_state_pair	D	-0.0007912360649253228	-0.0007912360649253228	0.0	False
21	128	additive	CPA_0.8.8	primary_state_pair	S	0.04782187158929309	0.04782187158929309	0.0	False
21	128	additive	CPA_0.8.8	primary_state_pair	M	0.04782187158929309	0.04782187158929309	0.0	False
21	128	additive	CPA_0.8.8	primary_state_pair	P	0.04782187158929309	0.04797508957957538	0.00015321799028229083	False
21	128	additive	CPA_0.8.8	primary_state_pair	O	0.04782187158929309	0.047668653599010825	-0.00015321799028226307	False
21	128	additive	CPA_0.8.8	primary_state_pair	D	0.04782187158929309	0.04782187158929308	-6.938893903907228e-18	False
21	128	additive	zero_effect	zero_effect_diagnostic	S	0.0773469117403069	0.0773469117403069	0.0	False
21	128	additive	zero_effect	zero_effect_diagnostic	M	0.0773469117403069	0.0773469117403069	0.0	False
21	128	additive	zero_effect	zero_effect_diagnostic	P	0.0773469117403069	0.0754270509810894	-0.0019198607592175038	False
21	128	additive	zero_effect	zero_effect_diagnostic	O	0.0773469117403069	0.0754270509810894	-0.0019198607592175038	False
21	128	additive	zero_effect	zero_effect_diagnostic	D	0.0773469117403069	0.0754270509810894	-0.0019198607592175038	False
21	128	compositional_ridge	CPA_0.8.8	primary_state_pair	S	0.04861310765421841	0.04861310765421841	0.0	False
21	128	compositional_ridge	CPA_0.8.8	primary_state_pair	M	0.04861310765421841	0.04861310765421841	0.0	False
21	128	compositional_ridge	CPA_0.8.8	primary_state_pair	P	0.04861310765421841	0.0487663256445007	0.00015321799028229083	False
21	128	compositional_ridge	CPA_0.8.8	primary_state_pair	O	0.04861310765421841	0.04845988966393615	-0.00015321799028226307	False
21	128	compositional_ridge	CPA_0.8.8	primary_state_pair	D	0.04861310765421841	0.048613107654218404	-6.938893903907228e-18	False
21	128	compositional_ridge	zero_effect	zero_effect_diagnostic	S	0.07813814780523223	0.07813814780523223	0.0	False
21	128	compositional_ridge	zero_effect	zero_effect_diagnostic	M	0.07813814780523223	0.07813814780523223	0.0	False
21	128	compositional_ridge	zero_effect	zero_effect_diagnostic	P	0.07813814780523223	0.07621828704601473	-0.0019198607592175038	False
21	128	compositional_ridge	zero_effect	zero_effect_diagnostic	O	0.07813814780523223	0.07621828704601473	-0.0019198607592175038	False
21	128	compositional_ridge	zero_effect	zero_effect_diagnostic	D	0.07813814780523223	0.07621828704601473	-0.0019198607592175038	False
21	128	CPA_0.8.8	zero_effect	zero_effect_diagnostic	S	0.029525040151013815	0.029525040151013815	0.0	False
21	128	CPA_0.8.8	zero_effect	zero_effect_diagnostic	M	0.029525040151013815	0.029525040151013815	0.0	False
21	128	CPA_0.8.8	zero_effect	zero_effect_diagnostic	P	0.029525040151013815	0.027451961401514027	-0.0020730787494997877	False
21	128	CPA_0.8.8	zero_effect	zero_effect_diagnostic	O	0.029525040151013815	0.02775839738207858	-0.0017666427689352338	False
21	128	CPA_0.8.8	zero_effect	zero_effect_diagnostic	D	0.029525040151013815	0.027605179391796325	-0.0019198607592174899	False
21	135	additive	compositional_ridge	primary_state_pair	S	-0.0007912360649253228	-0.0007912360649253228	0.0	False
21	135	additive	compositional_ridge	primary_state_pair	M	-0.0007912360649253228	-0.0007912360649253228	0.0	False
21	135	additive	compositional_ridge	primary_state_pair	P	-0.0007912360649253228	-0.0007912360649253228	0.0	False
21	135	additive	compositional_ridge	primary_state_pair	O	-0.0007912360649253228	-0.0007912360649253228	0.0	False
21	135	additive	compositional_ridge	primary_state_pair	D	-0.0007912360649253228	-0.0007912360649253228	0.0	False
21	135	additive	CPA_0.8.8	primary_state_pair	S	0.04772456839730552	0.04772456839730552	0.0	False
21	135	additive	CPA_0.8.8	primary_state_pair	M	0.04772456839730552	0.04772456839730552	0.0	False
21	135	additive	CPA_0.8.8	primary_state_pair	P	0.04772456839730552	0.047863427629093305	0.00013885923178778847	False
21	135	additive	CPA_0.8.8	primary_state_pair	O	0.04772456839730552	0.04758570916551769	-0.0001388592317878301	False
21	135	additive	CPA_0.8.8	primary_state_pair	D	0.04772456839730552	0.04772456839730552	0.0	False
21	135	additive	zero_effect	zero_effect_diagnostic	S	0.077181086546603	0.077181086546603	0.0	False
21	135	additive	zero_effect	zero_effect_diagnostic	M	0.077181086546603	0.077181086546603	0.0	False
21	135	additive	zero_effect	zero_effect_diagnostic	P	0.077181086546603	0.07537083794164072	-0.0018102486049622751	False
21	135	additive	zero_effect	zero_effect_diagnostic	O	0.077181086546603	0.07537083794164072	-0.0018102486049622751	False
21	135	additive	zero_effect	zero_effect_diagnostic	D	0.077181086546603	0.07537083794164072	-0.0018102486049622751	False
21	135	compositional_ridge	CPA_0.8.8	primary_state_pair	S	0.04851580446223084	0.04851580446223084	0.0	False
21	135	compositional_ridge	CPA_0.8.8	primary_state_pair	M	0.04851580446223084	0.04851580446223084	0.0	False
21	135	compositional_ridge	CPA_0.8.8	primary_state_pair	P	0.04851580446223084	0.04865466369401862	0.00013885923178778153	False
21	135	compositional_ridge	CPA_0.8.8	primary_state_pair	O	0.04851580446223084	0.048376945230443	-0.00013885923178783705	False
21	135	compositional_ridge	CPA_0.8.8	primary_state_pair	D	0.04851580446223084	0.04851580446223083	-6.938893903907228e-18	False
21	135	compositional_ridge	zero_effect	zero_effect_diagnostic	S	0.07797232261152831	0.07797232261152831	0.0	False
21	135	compositional_ridge	zero_effect	zero_effect_diagnostic	M	0.07797232261152831	0.07797232261152831	0.0	False
21	135	compositional_ridge	zero_effect	zero_effect_diagnostic	P	0.07797232261152831	0.07616207400656604	-0.0018102486049622751	False
21	135	compositional_ridge	zero_effect	zero_effect_diagnostic	O	0.07797232261152831	0.07616207400656604	-0.0018102486049622751	False
21	135	compositional_ridge	zero_effect	zero_effect_diagnostic	D	0.07797232261152831	0.07616207400656604	-0.0018102486049622751	False
21	135	CPA_0.8.8	zero_effect	zero_effect_diagnostic	S	0.029456518149297478	0.029456518149297478	0.0	False
21	135	CPA_0.8.8	zero_effect	zero_effect_diagnostic	M	0.029456518149297478	0.029456518149297478	0.0	False
21	135	CPA_0.8.8	zero_effect	zero_effect_diagnostic	P	0.029456518149297478	0.027507410312547415	-0.0019491078367500636	False
21	135	CPA_0.8.8	zero_effect	zero_effect_diagnostic	O	0.029456518149297478	0.027785128776123033	-0.001671389373174445	False
21	135	CPA_0.8.8	zero_effect	zero_effect_diagnostic	D	0.029456518149297478	0.027646269544335203	-0.0018102486049622751	False
22	8	additive	compositional_ridge	primary_state_pair	S	-0.0007912360649253228	-0.0007912360649253228	0.0	False
22	8	additive	compositional_ridge	primary_state_pair	M	-0.0007912360649253228	-0.0007912360649253228	0.0	False
22	8	additive	compositional_ridge	primary_state_pair	P	-0.0007912360649253228	-0.000791236064925295	2.7755575615628914e-17	False
22	8	additive	compositional_ridge	primary_state_pair	O	-0.0007912360649253228	-0.000791236064925295	2.7755575615628914e-17	False
22	8	additive	compositional_ridge	primary_state_pair	D	-0.0007912360649253228	-0.000791236064925295	2.7755575615628914e-17	False
22	8	additive	CPA_0.8.8	primary_state_pair	S	0.05236571820140126	0.05236571820140126	0.0	False
22	8	additive	CPA_0.8.8	primary_state_pair	M	0.05236571820140126	0.05236571820140126	0.0	False
22	8	additive	CPA_0.8.8	primary_state_pair	P	0.05236571820140126	0.055848580994261425	0.0034828627928601627	False
22	8	additive	CPA_0.8.8	primary_state_pair	O	0.05236571820140126	0.0488828554085411	-0.0034828627928601627	False
22	8	additive	CPA_0.8.8	primary_state_pair	D	0.05236571820140126	0.05236571820140127	6.938893903907228e-18	False
22	8	additive	zero_effect	zero_effect_diagnostic	S	0.09339869589683691	0.09339869589683691	0.0	False
22	8	additive	zero_effect	zero_effect_diagnostic	M	0.09339869589683691	0.0933986958968369	-1.3877787807814457e-17	False
22	8	additive	zero_effect	zero_effect_diagnostic	P	0.09339869589683691	0.0632659440873603	-0.03013275180947661	False
22	8	additive	zero_effect	zero_effect_diagnostic	O	0.09339869589683691	0.0632659440873603	-0.03013275180947661	False
22	8	additive	zero_effect	zero_effect_diagnostic	D	0.09339869589683691	0.0632659440873603	-0.03013275180947661	False
22	8	compositional_ridge	CPA_0.8.8	primary_state_pair	S	0.053156954266326585	0.053156954266326585	0.0	False
22	8	compositional_ridge	CPA_0.8.8	primary_state_pair	M	0.053156954266326585	0.053156954266326585	0.0	False
22	8	compositional_ridge	CPA_0.8.8	primary_state_pair	P	0.053156954266326585	0.05663981705918672	0.003482862792860135	False
22	8	compositional_ridge	CPA_0.8.8	primary_state_pair	O	0.053156954266326585	0.049674091473466395	-0.0034828627928601905	False
22	8	compositional_ridge	CPA_0.8.8	primary_state_pair	D	0.053156954266326585	0.053156954266326564	-2.0816681711721685e-17	False
22	8	compositional_ridge	zero_effect	zero_effect_diagnostic	S	0.09418993196176223	0.09418993196176223	0.0	False
22	8	compositional_ridge	zero_effect	zero_effect_diagnostic	M	0.09418993196176223	0.09418993196176223	0.0	False
22	8	compositional_ridge	zero_effect	zero_effect_diagnostic	P	0.09418993196176223	0.06405718015228559	-0.030132751809476638	False
22	8	compositional_ridge	zero_effect	zero_effect_diagnostic	O	0.09418993196176223	0.06405718015228559	-0.030132751809476638	False
22	8	compositional_ridge	zero_effect	zero_effect_diagnostic	D	0.09418993196176223	0.06405718015228559	-0.030132751809476638	False
22	8	CPA_0.8.8	zero_effect	zero_effect_diagnostic	S	0.04103297769543565	0.04103297769543565	0.0	False
22	8	CPA_0.8.8	zero_effect	zero_effect_diagnostic	M	0.04103297769543565	0.04103297769543564	-1.3877787807814457e-17	False
22	8	CPA_0.8.8	zero_effect	zero_effect_diagnostic	P	0.04103297769543565	0.007417363093098872	-0.03361561460233678	False
22	8	CPA_0.8.8	zero_effect	zero_effect_diagnostic	O	0.04103297769543565	0.014383088678819198	-0.026649889016616454	False
22	8	CPA_0.8.8	zero_effect	zero_effect_diagnostic	D	0.04103297769543565	0.010900225885959028	-0.030132751809476624	False
22	16	additive	compositional_ridge	primary_state_pair	S	-0.0007912360649253228	-0.0007912360649253228	0.0	False
22	16	additive	compositional_ridge	primary_state_pair	M	-0.0007912360649253228	-0.0007912360649253228	0.0	False
22	16	additive	compositional_ridge	primary_state_pair	P	-0.0007912360649253228	-0.0007912360649253089	1.3877787807814457e-17	False
22	16	additive	compositional_ridge	primary_state_pair	O	-0.0007912360649253228	-0.0007912360649253089	1.3877787807814457e-17	False
22	16	additive	compositional_ridge	primary_state_pair	D	-0.0007912360649253228	-0.0007912360649253089	1.3877787807814457e-17	False
22	16	additive	CPA_0.8.8	primary_state_pair	S	0.04949751636295131	0.04949751636295131	0.0	False
22	16	additive	CPA_0.8.8	primary_state_pair	M	0.04949751636295131	0.04949751636295131	0.0	False
22	16	additive	CPA_0.8.8	primary_state_pair	P	0.04949751636295131	0.050997795467018	0.001500279104066686	False
22	16	additive	CPA_0.8.8	primary_state_pair	O	0.04949751636295131	0.04799723725888456	-0.0015002791040667554	False
22	16	additive	CPA_0.8.8	primary_state_pair	D	0.04949751636295131	0.049497516362951306	-6.938893903907228e-18	False
22	16	additive	zero_effect	zero_effect_diagnostic	S	0.08441910423357887	0.08441910423357887	0.0	False
22	16	additive	zero_effect	zero_effect_diagnostic	M	0.08441910423357887	0.08441910423357886	-1.3877787807814457e-17	False
22	16	additive	zero_effect	zero_effect_diagnostic	P	0.08441910423357887	0.06968339590660277	-0.014735708326976099	False
22	16	additive	zero_effect	zero_effect_diagnostic	O	0.08441910423357887	0.06968339590660277	-0.014735708326976099	False
22	16	additive	zero_effect	zero_effect_diagnostic	D	0.08441910423357887	0.06968339590660277	-0.014735708326976099	False
22	16	compositional_ridge	CPA_0.8.8	primary_state_pair	S	0.050288752427876636	0.050288752427876636	0.0	False
22	16	compositional_ridge	CPA_0.8.8	primary_state_pair	M	0.050288752427876636	0.050288752427876636	0.0	False
22	16	compositional_ridge	CPA_0.8.8	primary_state_pair	P	0.050288752427876636	0.05178903153194331	0.0015002791040666721	False
22	16	compositional_ridge	CPA_0.8.8	primary_state_pair	O	0.050288752427876636	0.04878847332380987	-0.0015002791040667693	False
22	16	compositional_ridge	CPA_0.8.8	primary_state_pair	D	0.050288752427876636	0.050288752427876615	-2.0816681711721685e-17	False
22	16	compositional_ridge	zero_effect	zero_effect_diagnostic	S	0.08521034029850419	0.08521034029850419	0.0	False
22	16	compositional_ridge	zero_effect	zero_effect_diagnostic	M	0.08521034029850419	0.08521034029850419	0.0	False
22	16	compositional_ridge	zero_effect	zero_effect_diagnostic	P	0.08521034029850419	0.07047463197152808	-0.014735708326976113	False
22	16	compositional_ridge	zero_effect	zero_effect_diagnostic	O	0.08521034029850419	0.07047463197152808	-0.014735708326976113	False
22	16	compositional_ridge	zero_effect	zero_effect_diagnostic	D	0.08521034029850419	0.07047463197152808	-0.014735708326976113	False
22	16	CPA_0.8.8	zero_effect	zero_effect_diagnostic	S	0.03492158787062756	0.03492158787062756	0.0	False
22	16	CPA_0.8.8	zero_effect	zero_effect_diagnostic	M	0.03492158787062756	0.034921587870627546	-1.3877787807814457e-17	False
22	16	CPA_0.8.8	zero_effect	zero_effect_diagnostic	P	0.03492158787062756	0.018685600439584768	-0.016235987431042792	False
22	16	CPA_0.8.8	zero_effect	zero_effect_diagnostic	O	0.03492158787062756	0.02168615864771821	-0.01323542922290935	False
22	16	CPA_0.8.8	zero_effect	zero_effect_diagnostic	D	0.03492158787062756	0.02018587954365146	-0.014735708326976099	False
22	32	additive	compositional_ridge	primary_state_pair	S	-0.0007912360649253228	-0.0007912360649253228	0.0	False
22	32	additive	compositional_ridge	primary_state_pair	M	-0.0007912360649253228	-0.0007912360649253228	0.0	False
22	32	additive	compositional_ridge	primary_state_pair	P	-0.0007912360649253228	-0.0007912360649253089	1.3877787807814457e-17	False
22	32	additive	compositional_ridge	primary_state_pair	O	-0.0007912360649253228	-0.0007912360649253089	1.3877787807814457e-17	False
22	32	additive	compositional_ridge	primary_state_pair	D	-0.0007912360649253228	-0.0007912360649253089	1.3877787807814457e-17	False
22	32	additive	CPA_0.8.8	primary_state_pair	S	0.04730038246063664	0.04730038246063664	0.0	False
22	32	additive	CPA_0.8.8	primary_state_pair	M	0.04730038246063664	0.04730038246063664	0.0	False
22	32	additive	CPA_0.8.8	primary_state_pair	P	0.04730038246063664	0.048099316889801895	0.0007989344291652531	False
22	32	additive	CPA_0.8.8	primary_state_pair	O	0.04730038246063664	0.04650144803147142	-0.0007989344291652253	False
22	32	additive	CPA_0.8.8	primary_state_pair	D	0.04730038246063664	0.047300382460636635	-6.938893903907228e-18	False
22	32	additive	zero_effect	zero_effect_diagnostic	S	0.07848532660926884	0.07848532660926884	0.0	False
22	32	additive	zero_effect	zero_effect_diagnostic	M	0.07848532660926884	0.07848532660926884	0.0	False
22	32	additive	zero_effect	zero_effect_diagnostic	P	0.07848532660926884	0.07084922678704386	-0.007636099822224976	False
22	32	additive	zero_effect	zero_effect_diagnostic	O	0.07848532660926884	0.07084922678704386	-0.007636099822224976	False
22	32	additive	zero_effect	zero_effect_diagnostic	D	0.07848532660926884	0.07084922678704386	-0.007636099822224976	False
22	32	compositional_ridge	CPA_0.8.8	primary_state_pair	S	0.048091618525561965	0.048091618525561965	0.0	False
22	32	compositional_ridge	CPA_0.8.8	primary_state_pair	M	0.048091618525561965	0.048091618525561965	0.0	False
22	32	compositional_ridge	CPA_0.8.8	primary_state_pair	P	0.048091618525561965	0.048890552954727204	0.0007989344291652392	False
22	32	compositional_ridge	CPA_0.8.8	primary_state_pair	O	0.048091618525561965	0.047292684096396725	-0.0007989344291652392	False
22	32	compositional_ridge	CPA_0.8.8	primary_state_pair	D	0.048091618525561965	0.048091618525561944	-2.0816681711721685e-17	False
22	32	compositional_ridge	zero_effect	zero_effect_diagnostic	S	0.07927656267419417	0.07927656267419417	0.0	False
22	32	compositional_ridge	zero_effect	zero_effect_diagnostic	M	0.07927656267419417	0.07927656267419417	0.0	False
22	32	compositional_ridge	zero_effect	zero_effect_diagnostic	P	0.07927656267419417	0.07164046285196916	-0.007636099822225004	False
22	32	compositional_ridge	zero_effect	zero_effect_diagnostic	O	0.07927656267419417	0.07164046285196916	-0.007636099822225004	False
22	32	compositional_ridge	zero_effect	zero_effect_diagnostic	D	0.07927656267419417	0.07164046285196916	-0.007636099822225004	False
22	32	CPA_0.8.8	zero_effect	zero_effect_diagnostic	S	0.031184944148632196	0.031184944148632196	0.0	False
22	32	CPA_0.8.8	zero_effect	zero_effect_diagnostic	M	0.031184944148632196	0.031184944148632196	0.0	False
22	32	CPA_0.8.8	zero_effect	zero_effect_diagnostic	P	0.031184944148632196	0.02274990989724196	-0.008435034251390236	False
22	32	CPA_0.8.8	zero_effect	zero_effect_diagnostic	O	0.031184944148632196	0.02434777875557244	-0.006837165393059758	False
22	32	CPA_0.8.8	zero_effect	zero_effect_diagnostic	D	0.031184944148632196	0.02354884432640722	-0.007636099822224976	False
22	64	additive	compositional_ridge	primary_state_pair	S	-0.0007912360649253228	-0.0007912360649253228	0.0	False
22	64	additive	compositional_ridge	primary_state_pair	M	-0.0007912360649253228	-0.0007912360649253228	0.0	False
22	64	additive	compositional_ridge	primary_state_pair	P	-0.0007912360649253228	-0.0007912360649253228	0.0	False
22	64	additive	compositional_ridge	primary_state_pair	O	-0.0007912360649253228	-0.0007912360649253228	0.0	False
22	64	additive	compositional_ridge	primary_state_pair	D	-0.0007912360649253228	-0.0007912360649253228	0.0	False
22	64	additive	CPA_0.8.8	primary_state_pair	S	0.0472232353150763	0.0472232353150763	0.0	False
22	64	additive	CPA_0.8.8	primary_state_pair	M	0.0472232353150763	0.0472232353150763	0.0	False
22	64	additive	CPA_0.8.8	primary_state_pair	P	0.0472232353150763	0.04766632903559068	0.0004430937205143759	False
22	64	additive	CPA_0.8.8	primary_state_pair	O	0.0472232353150763	0.04678014159456198	-0.0004430937205143204	False
22	64	additive	CPA_0.8.8	primary_state_pair	D	0.0472232353150763	0.0472232353150763	0.0	False
22	64	additive	zero_effect	zero_effect_diagnostic	S	0.07748798377548165	0.07748798377548165	0.0	False
22	64	additive	zero_effect	zero_effect_diagnostic	M	0.07748798377548165	0.07748798377548165	0.0	False
22	64	additive	zero_effect	zero_effect_diagnostic	P	0.07748798377548165	0.07359234253400859	-0.003895641241473055	False
22	64	additive	zero_effect	zero_effect_diagnostic	O	0.07748798377548165	0.07359234253400859	-0.003895641241473055	False
22	64	additive	zero_effect	zero_effect_diagnostic	D	0.07748798377548165	0.07359234253400859	-0.003895641241473055	False
22	64	compositional_ridge	CPA_0.8.8	primary_state_pair	S	0.04801447138000162	0.04801447138000162	0.0	False
22	64	compositional_ridge	CPA_0.8.8	primary_state_pair	M	0.04801447138000162	0.04801447138000162	0.0	False
22	64	compositional_ridge	CPA_0.8.8	primary_state_pair	P	0.04801447138000162	0.04845756510051599	0.00044309372051436896	False
22	64	compositional_ridge	CPA_0.8.8	primary_state_pair	O	0.04801447138000162	0.047571377659487296	-0.00044309372051432733	False
22	64	compositional_ridge	CPA_0.8.8	primary_state_pair	D	0.04801447138000162	0.048014471380001617	-6.938893903907228e-18	False
22	64	compositional_ridge	zero_effect	zero_effect_diagnostic	S	0.07827921984040698	0.07827921984040698	0.0	False
22	64	compositional_ridge	zero_effect	zero_effect_diagnostic	M	0.07827921984040698	0.07827921984040698	0.0	False
22	64	compositional_ridge	zero_effect	zero_effect_diagnostic	P	0.07827921984040698	0.07438357859893391	-0.003895641241473069	False
22	64	compositional_ridge	zero_effect	zero_effect_diagnostic	O	0.07827921984040698	0.07438357859893391	-0.003895641241473069	False
22	64	compositional_ridge	zero_effect	zero_effect_diagnostic	D	0.07827921984040698	0.07438357859893391	-0.003895641241473069	False
22	64	CPA_0.8.8	zero_effect	zero_effect_diagnostic	S	0.030264748460405347	0.030264748460405347	0.0	False
22	64	CPA_0.8.8	zero_effect	zero_effect_diagnostic	M	0.030264748460405347	0.030264748460405347	0.0	False
22	64	CPA_0.8.8	zero_effect	zero_effect_diagnostic	P	0.030264748460405347	0.025926013498417916	-0.004338734961987431	False
22	64	CPA_0.8.8	zero_effect	zero_effect_diagnostic	O	0.030264748460405347	0.026812200939446612	-0.0034525475209587347	False
22	64	CPA_0.8.8	zero_effect	zero_effect_diagnostic	D	0.030264748460405347	0.02636910721893229	-0.003895641241473055	False
22	128	additive	compositional_ridge	primary_state_pair	S	-0.0007912360649253228	-0.0007912360649253228	0.0	False
22	128	additive	compositional_ridge	primary_state_pair	M	-0.0007912360649253228	-0.0007912360649253228	0.0	False
22	128	additive	compositional_ridge	primary_state_pair	P	-0.0007912360649253228	-0.0007912360649253089	1.3877787807814457e-17	False
22	128	additive	compositional_ridge	primary_state_pair	O	-0.0007912360649253228	-0.0007912360649253089	1.3877787807814457e-17	False
22	128	additive	compositional_ridge	primary_state_pair	D	-0.0007912360649253228	-0.0007912360649253089	1.3877787807814457e-17	False
22	128	additive	CPA_0.8.8	primary_state_pair	S	0.04713355316042046	0.04713355316042046	0.0	False
22	128	additive	CPA_0.8.8	primary_state_pair	M	0.04713355316042046	0.04713355316042046	0.0	False
22	128	additive	CPA_0.8.8	primary_state_pair	P	0.04713355316042046	0.04729237702685935	0.0001588238664388883	False
22	128	additive	CPA_0.8.8	primary_state_pair	O	0.04713355316042046	0.04697472929398159	-0.00015882386643887442	False
22	128	additive	CPA_0.8.8	primary_state_pair	D	0.04713355316042046	0.047133553160420484	2.0816681711721685e-17	False
22	128	additive	zero_effect	zero_effect_diagnostic	S	0.07645287927948784	0.07645287927948784	0.0	False
22	128	additive	zero_effect	zero_effect_diagnostic	M	0.07645287927948784	0.07645287927948784	0.0	False
22	128	additive	zero_effect	zero_effect_diagnostic	P	0.07645287927948784	0.07461038360091743	-0.0018424956785704077	False
22	128	additive	zero_effect	zero_effect_diagnostic	O	0.07645287927948784	0.07461038360091743	-0.0018424956785704077	False
22	128	additive	zero_effect	zero_effect_diagnostic	D	0.07645287927948784	0.07461038360091743	-0.0018424956785704077	False
22	128	compositional_ridge	CPA_0.8.8	primary_state_pair	S	0.047924789225345786	0.047924789225345786	0.0	False
22	128	compositional_ridge	CPA_0.8.8	primary_state_pair	M	0.047924789225345786	0.047924789225345786	0.0	False
22	128	compositional_ridge	CPA_0.8.8	primary_state_pair	P	0.047924789225345786	0.04808361309178466	0.00015882386643887442	False
22	128	compositional_ridge	CPA_0.8.8	primary_state_pair	O	0.047924789225345786	0.0477659653589069	-0.0001588238664388883	False
22	128	compositional_ridge	CPA_0.8.8	primary_state_pair	D	0.047924789225345786	0.04792478922534579	6.938893903907228e-18	False
22	128	compositional_ridge	zero_effect	zero_effect_diagnostic	S	0.07724411534441317	0.07724411534441317	0.0	False
22	128	compositional_ridge	zero_effect	zero_effect_diagnostic	M	0.07724411534441317	0.07724411534441317	0.0	False
22	128	compositional_ridge	zero_effect	zero_effect_diagnostic	P	0.07724411534441317	0.07540161966584273	-0.0018424956785704355	False
22	128	compositional_ridge	zero_effect	zero_effect_diagnostic	O	0.07724411534441317	0.07540161966584273	-0.0018424956785704355	False
22	128	compositional_ridge	zero_effect	zero_effect_diagnostic	D	0.07724411534441317	0.07540161966584273	-0.0018424956785704355	False
22	128	CPA_0.8.8	zero_effect	zero_effect_diagnostic	S	0.029319326119067374	0.029319326119067374	0.0	False
22	128	CPA_0.8.8	zero_effect	zero_effect_diagnostic	M	0.029319326119067374	0.029319326119067374	0.0	False
22	128	CPA_0.8.8	zero_effect	zero_effect_diagnostic	P	0.029319326119067374	0.02731800657405807	-0.002001319545009303	False
22	128	CPA_0.8.8	zero_effect	zero_effect_diagnostic	O	0.029319326119067374	0.027635654306935833	-0.0016836718121315403	False
22	128	CPA_0.8.8	zero_effect	zero_effect_diagnostic	D	0.029319326119067374	0.027476830440496938	-0.0018424956785704355	False
22	135	additive	compositional_ridge	primary_state_pair	S	-0.0007912360649253228	-0.0007912360649253228	0.0	False
22	135	additive	compositional_ridge	primary_state_pair	M	-0.0007912360649253228	-0.0007912360649253228	0.0	False
22	135	additive	compositional_ridge	primary_state_pair	P	-0.0007912360649253228	-0.0007912360649253297	-6.938893903907228e-18	False
22	135	additive	compositional_ridge	primary_state_pair	O	-0.0007912360649253228	-0.0007912360649253297	-6.938893903907228e-18	False
22	135	additive	compositional_ridge	primary_state_pair	D	-0.0007912360649253228	-0.0007912360649253297	-6.938893903907228e-18	False
22	135	additive	CPA_0.8.8	primary_state_pair	S	0.047500490089749936	0.047500490089749936	0.0	False
22	135	additive	CPA_0.8.8	primary_state_pair	M	0.047500490089749936	0.047500490089749936	0.0	False
22	135	additive	CPA_0.8.8	primary_state_pair	P	0.047500490089749936	0.04764902820070861	0.00014853811095867642	False
22	135	additive	CPA_0.8.8	primary_state_pair	O	0.047500490089749936	0.04735195197879119	-0.0001485381109587458	False
22	135	additive	CPA_0.8.8	primary_state_pair	D	0.047500490089749936	0.04750049008974992	-1.3877787807814457e-17	False
22	135	additive	zero_effect	zero_effect_diagnostic	S	0.07682389579861744	0.07682389579861744	0.0	False
22	135	additive	zero_effect	zero_effect_diagnostic	M	0.07682389579861744	0.07682389579861744	0.0	False
22	135	additive	zero_effect	zero_effect_diagnostic	P	0.07682389579861744	0.07508515790287626	-0.0017387378957411798	False
22	135	additive	zero_effect	zero_effect_diagnostic	O	0.07682389579861744	0.07508515790287626	-0.0017387378957411798	False
22	135	additive	zero_effect	zero_effect_diagnostic	D	0.07682389579861744	0.07508515790287626	-0.0017387378957411798	False
22	135	compositional_ridge	CPA_0.8.8	primary_state_pair	S	0.04829172615467526	0.04829172615467526	0.0	False
22	135	compositional_ridge	CPA_0.8.8	primary_state_pair	M	0.04829172615467526	0.04829172615467526	0.0	False
22	135	compositional_ridge	CPA_0.8.8	primary_state_pair	P	0.04829172615467526	0.04844026426563394	0.00014853811095868336	False
22	135	compositional_ridge	CPA_0.8.8	primary_state_pair	O	0.04829172615467526	0.04814318804371652	-0.00014853811095873887	False
22	135	compositional_ridge	CPA_0.8.8	primary_state_pair	D	0.04829172615467526	0.04829172615467525	-6.938893903907228e-18	False
22	135	compositional_ridge	zero_effect	zero_effect_diagnostic	S	0.07761513186354277	0.07761513186354277	0.0	False
22	135	compositional_ridge	zero_effect	zero_effect_diagnostic	M	0.07761513186354277	0.07761513186354277	0.0	False
22	135	compositional_ridge	zero_effect	zero_effect_diagnostic	P	0.07761513186354277	0.07587639396780159	-0.0017387378957411798	False
22	135	compositional_ridge	zero_effect	zero_effect_diagnostic	O	0.07761513186354277	0.07587639396780159	-0.0017387378957411798	False
22	135	compositional_ridge	zero_effect	zero_effect_diagnostic	D	0.07761513186354277	0.07587639396780159	-0.0017387378957411798	False
22	135	CPA_0.8.8	zero_effect	zero_effect_diagnostic	S	0.029323405708867503	0.029323405708867503	0.0	False
22	135	CPA_0.8.8	zero_effect	zero_effect_diagnostic	M	0.029323405708867503	0.029323405708867503	0.0	False
22	135	CPA_0.8.8	zero_effect	zero_effect_diagnostic	P	0.029323405708867503	0.027436129702167647	-0.0018872760066998562	False
22	135	CPA_0.8.8	zero_effect	zero_effect_diagnostic	O	0.029323405708867503	0.02773320592408507	-0.001590199784782434	False
22	135	CPA_0.8.8	zero_effect	zero_effect_diagnostic	D	0.029323405708867503	0.027584667813126337	-0.0017387378957411659	False
23	8	additive	compositional_ridge	primary_state_pair	S	-0.0007912360649253228	-0.0007912360649253228	0.0	False
23	8	additive	compositional_ridge	primary_state_pair	M	-0.0007912360649253228	-0.0007912360649253228	0.0	False
23	8	additive	compositional_ridge	primary_state_pair	P	-0.0007912360649253228	-0.000791236064925295	2.7755575615628914e-17	False
23	8	additive	compositional_ridge	primary_state_pair	O	-0.0007912360649253228	-0.000791236064925295	2.7755575615628914e-17	False
23	8	additive	compositional_ridge	primary_state_pair	D	-0.0007912360649253228	-0.000791236064925295	2.7755575615628914e-17	False
23	8	additive	CPA_0.8.8	primary_state_pair	S	0.04843225447478562	0.04843225447478562	0.0	False
23	8	additive	CPA_0.8.8	primary_state_pair	M	0.04843225447478562	0.04843225447478562	0.0	False
23	8	additive	CPA_0.8.8	primary_state_pair	P	0.04843225447478562	0.0509494138238845	0.0025171593490988797	False
23	8	additive	CPA_0.8.8	primary_state_pair	O	0.04843225447478562	0.04591509512568677	-0.002517159349098852	False
23	8	additive	CPA_0.8.8	primary_state_pair	D	0.04843225447478562	0.04843225447478562	0.0	False
23	8	additive	zero_effect	zero_effect_diagnostic	S	0.09198135594214779	0.09198135594214779	0.0	False
23	8	additive	zero_effect	zero_effect_diagnostic	M	0.09198135594214779	0.09198135594214779	0.0	False
23	8	additive	zero_effect	zero_effect_diagnostic	P	0.09198135594214779	0.06139955533141905	-0.030581800610728738	False
23	8	additive	zero_effect	zero_effect_diagnostic	O	0.09198135594214779	0.06139955533141905	-0.030581800610728738	False
23	8	additive	zero_effect	zero_effect_diagnostic	D	0.09198135594214779	0.06139955533141905	-0.030581800610728738	False
23	8	compositional_ridge	CPA_0.8.8	primary_state_pair	S	0.049223490539710944	0.049223490539710944	0.0	False
23	8	compositional_ridge	CPA_0.8.8	primary_state_pair	M	0.049223490539710944	0.049223490539710944	0.0	False
23	8	compositional_ridge	CPA_0.8.8	primary_state_pair	P	0.049223490539710944	0.051740649888809796	0.002517159349098852	False
23	8	compositional_ridge	CPA_0.8.8	primary_state_pair	O	0.049223490539710944	0.046706331190612065	-0.0025171593490988797	False
23	8	compositional_ridge	CPA_0.8.8	primary_state_pair	D	0.049223490539710944	0.04922349053971092	-2.7755575615628914e-17	False
23	8	compositional_ridge	zero_effect	zero_effect_diagnostic	S	0.0927725920070731	0.0927725920070731	0.0	False
23	8	compositional_ridge	zero_effect	zero_effect_diagnostic	M	0.0927725920070731	0.0927725920070731	0.0	False
23	8	compositional_ridge	zero_effect	zero_effect_diagnostic	P	0.0927725920070731	0.06219079139634435	-0.03058180061072876	False
23	8	compositional_ridge	zero_effect	zero_effect_diagnostic	O	0.0927725920070731	0.06219079139634435	-0.03058180061072876	False
23	8	compositional_ridge	zero_effect	zero_effect_diagnostic	D	0.0927725920070731	0.06219079139634435	-0.03058180061072876	False
23	8	CPA_0.8.8	zero_effect	zero_effect_diagnostic	S	0.04354910146736217	0.04354910146736217	0.0	False
23	8	CPA_0.8.8	zero_effect	zero_effect_diagnostic	M	0.04354910146736217	0.04354910146736217	0.0	False
23	8	CPA_0.8.8	zero_effect	zero_effect_diagnostic	P	0.04354910146736217	0.010450141507534552	-0.03309895995982762	False
23	8	CPA_0.8.8	zero_effect	zero_effect_diagnostic	O	0.04354910146736217	0.015484460205732284	-0.028064641261629886	False
23	8	CPA_0.8.8	zero_effect	zero_effect_diagnostic	D	0.04354910146736217	0.012967300856633432	-0.030581800610728738	False
23	16	additive	compositional_ridge	primary_state_pair	S	-0.0007912360649253228	-0.0007912360649253228	0.0	False
23	16	additive	compositional_ridge	primary_state_pair	M	-0.0007912360649253228	-0.0007912360649253228	0.0	False
23	16	additive	compositional_ridge	primary_state_pair	P	-0.0007912360649253228	-0.0007912360649253297	-6.938893903907228e-18	False
23	16	additive	compositional_ridge	primary_state_pair	O	-0.0007912360649253228	-0.0007912360649253297	-6.938893903907228e-18	False
23	16	additive	compositional_ridge	primary_state_pair	D	-0.0007912360649253228	-0.0007912360649253297	-6.938893903907228e-18	False
23	16	additive	CPA_0.8.8	primary_state_pair	S	0.04871591682093773	0.04871591682093773	0.0	False
23	16	additive	CPA_0.8.8	primary_state_pair	M	0.04871591682093773	0.04871591682093772	-1.3877787807814457e-17	False
23	16	additive	CPA_0.8.8	primary_state_pair	P	0.04871591682093773	0.04993755189763582	0.001221635076698084	False
23	16	additive	CPA_0.8.8	primary_state_pair	O	0.04871591682093773	0.04749428174423969	-0.0012216350766980424	False
23	16	additive	CPA_0.8.8	primary_state_pair	D	0.04871591682093773	0.048715916820937726	-6.938893903907228e-18	False
23	16	additive	zero_effect	zero_effect_diagnostic	S	0.08566464418050296	0.08566464418050296	0.0	False
23	16	additive	zero_effect	zero_effect_diagnostic	M	0.08566464418050296	0.08566464418050299	2.7755575615628914e-17	False
23	16	additive	zero_effect	zero_effect_diagnostic	P	0.08566464418050296	0.07049047608783382	-0.015174168092669138	False
23	16	additive	zero_effect	zero_effect_diagnostic	O	0.08566464418050296	0.07049047608783382	-0.015174168092669138	False
23	16	additive	zero_effect	zero_effect_diagnostic	D	0.08566464418050296	0.07049047608783382	-0.015174168092669138	False
23	16	compositional_ridge	CPA_0.8.8	primary_state_pair	S	0.049507152885863055	0.049507152885863055	0.0	False
23	16	compositional_ridge	CPA_0.8.8	primary_state_pair	M	0.049507152885863055	0.04950715288586304	-1.3877787807814457e-17	False
23	16	compositional_ridge	CPA_0.8.8	primary_state_pair	P	0.049507152885863055	0.050728787962561146	0.001221635076698091	False
23	16	compositional_ridge	CPA_0.8.8	primary_state_pair	O	0.049507152885863055	0.04828551780916502	-0.0012216350766980355	False
23	16	compositional_ridge	CPA_0.8.8	primary_state_pair	D	0.049507152885863055	0.049507152885863055	0.0	False
23	16	compositional_ridge	zero_effect	zero_effect_diagnostic	S	0.08645588024542827	0.08645588024542827	0.0	False
23	16	compositional_ridge	zero_effect	zero_effect_diagnostic	M	0.08645588024542827	0.0864558802454283	2.7755575615628914e-17	False
23	16	compositional_ridge	zero_effect	zero_effect_diagnostic	P	0.08645588024542827	0.07128171215275914	-0.015174168092669138	False
23	16	compositional_ridge	zero_effect	zero_effect_diagnostic	O	0.08645588024542827	0.07128171215275914	-0.015174168092669138	False
23	16	compositional_ridge	zero_effect	zero_effect_diagnostic	D	0.08645588024542827	0.07128171215275914	-0.015174168092669138	False
23	16	CPA_0.8.8	zero_effect	zero_effect_diagnostic	S	0.036948727359565225	0.036948727359565225	0.0	False
23	16	CPA_0.8.8	zero_effect	zero_effect_diagnostic	M	0.036948727359565225	0.03694872735956527	4.163336342344337e-17	False
23	16	CPA_0.8.8	zero_effect	zero_effect_diagnostic	P	0.036948727359565225	0.020552924190197996	-0.01639580316936723	False
23	16	CPA_0.8.8	zero_effect	zero_effect_diagnostic	O	0.036948727359565225	0.022996194343594123	-0.013952533015971103	False
23	16	CPA_0.8.8	zero_effect	zero_effect_diagnostic	D	0.036948727359565225	0.021774559266896087	-0.015174168092669138	False
23	32	additive	compositional_ridge	primary_state_pair	S	-0.0007912360649253228	-0.0007912360649253228	0.0	False
23	32	additive	compositional_ridge	primary_state_pair	M	-0.0007912360649253228	-0.0007912360649253228	0.0	False
23	32	additive	compositional_ridge	primary_state_pair	P	-0.0007912360649253228	-0.0007912360649253228	0.0	False
23	32	additive	compositional_ridge	primary_state_pair	O	-0.0007912360649253228	-0.0007912360649253228	0.0	False
23	32	additive	compositional_ridge	primary_state_pair	D	-0.0007912360649253228	-0.0007912360649253228	0.0	False
23	32	additive	CPA_0.8.8	primary_state_pair	S	0.048537897323609344	0.048537897323609344	0.0	False
23	32	additive	CPA_0.8.8	primary_state_pair	M	0.048537897323609344	0.048537897323609344	0.0	False
23	32	additive	CPA_0.8.8	primary_state_pair	P	0.048537897323609344	0.049430661300208685	0.0008927639765993409	False
23	32	additive	CPA_0.8.8	primary_state_pair	O	0.048537897323609344	0.04764513334701003	-0.0008927639765993131	False
23	32	additive	CPA_0.8.8	primary_state_pair	D	0.048537897323609344	0.04853789732360934	-6.938893903907228e-18	False
23	32	additive	zero_effect	zero_effect_diagnostic	S	0.08182643033942698	0.08182643033942698	0.0	False
23	32	additive	zero_effect	zero_effect_diagnostic	M	0.08182643033942698	0.08182643033942698	0.0	False
23	32	additive	zero_effect	zero_effect_diagnostic	P	0.08182643033942698	0.07381850489002842	-0.008007925449398559	False
23	32	additive	zero_effect	zero_effect_diagnostic	O	0.08182643033942698	0.07381850489002842	-0.008007925449398559	False
23	32	additive	zero_effect	zero_effect_diagnostic	D	0.08182643033942698	0.07381850489002842	-0.008007925449398559	False
23	32	compositional_ridge	CPA_0.8.8	primary_state_pair	S	0.04932913338853467	0.04932913338853467	0.0	False
23	32	compositional_ridge	CPA_0.8.8	primary_state_pair	M	0.04932913338853467	0.04932913338853467	0.0	False
23	32	compositional_ridge	CPA_0.8.8	primary_state_pair	P	0.04932913338853467	0.05022189736513401	0.0008927639765993409	False
23	32	compositional_ridge	CPA_0.8.8	primary_state_pair	O	0.04932913338853467	0.048436369411935354	-0.0008927639765993131	False
23	32	compositional_ridge	CPA_0.8.8	primary_state_pair	D	0.04932913338853467	0.04932913338853466	-6.938893903907228e-18	False
23	32	compositional_ridge	zero_effect	zero_effect_diagnostic	S	0.08261766640435231	0.08261766640435231	0.0	False
23	32	compositional_ridge	zero_effect	zero_effect_diagnostic	M	0.08261766640435231	0.08261766640435231	0.0	False
23	32	compositional_ridge	zero_effect	zero_effect_diagnostic	P	0.08261766640435231	0.07460974095495375	-0.008007925449398559	False
23	32	compositional_ridge	zero_effect	zero_effect_diagnostic	O	0.08261766640435231	0.07460974095495375	-0.008007925449398559	False
23	32	compositional_ridge	zero_effect	zero_effect_diagnostic	D	0.08261766640435231	0.07460974095495375	-0.008007925449398559	False
23	32	CPA_0.8.8	zero_effect	zero_effect_diagnostic	S	0.033288533015817634	0.033288533015817634	0.0	False
23	32	CPA_0.8.8	zero_effect	zero_effect_diagnostic	M	0.033288533015817634	0.033288533015817634	0.0	False
23	32	CPA_0.8.8	zero_effect	zero_effect_diagnostic	P	0.033288533015817634	0.02438784358981974	-0.008900689425997893	False
23	32	CPA_0.8.8	zero_effect	zero_effect_diagnostic	O	0.033288533015817634	0.026173371543018395	-0.007115161472799239	False
23	32	CPA_0.8.8	zero_effect	zero_effect_diagnostic	D	0.033288533015817634	0.02528060756641909	-0.008007925449398545	False
23	64	additive	compositional_ridge	primary_state_pair	S	-0.0007912360649253228	-0.0007912360649253228	0.0	False
23	64	additive	compositional_ridge	primary_state_pair	M	-0.0007912360649253228	-0.0007912360649253228	0.0	False
23	64	additive	compositional_ridge	primary_state_pair	P	-0.0007912360649253228	-0.0007912360649253401	-1.734723475976807e-17	False
23	64	additive	compositional_ridge	primary_state_pair	O	-0.0007912360649253228	-0.0007912360649253401	-1.734723475976807e-17	False
23	64	additive	compositional_ridge	primary_state_pair	D	-0.0007912360649253228	-0.0007912360649253401	-1.734723475976807e-17	False
23	64	additive	CPA_0.8.8	primary_state_pair	S	0.04743794075974539	0.04743794075974539	0.0	False
23	64	additive	CPA_0.8.8	primary_state_pair	M	0.04743794075974539	0.04743794075974539	0.0	False
23	64	additive	CPA_0.8.8	primary_state_pair	P	0.04743794075974539	0.047718515923049584	0.00028057516330419474	False
23	64	additive	CPA_0.8.8	primary_state_pair	O	0.04743794075974539	0.04715736559644107	-0.00028057516330431964	False
23	64	additive	CPA_0.8.8	primary_state_pair	D	0.04743794075974539	0.04743794075974536	-2.7755575615628914e-17	False
23	64	additive	zero_effect	zero_effect_diagnostic	S	0.07813525989359808	0.07813525989359808	0.0	False
23	64	additive	zero_effect	zero_effect_diagnostic	M	0.07813525989359808	0.07813525989359808	0.0	False
23	64	additive	zero_effect	zero_effect_diagnostic	P	0.07813525989359808	0.07443993032183886	-0.0036953295717592205	False
23	64	additive	zero_effect	zero_effect_diagnostic	O	0.07813525989359808	0.07443993032183886	-0.0036953295717592205	False
23	64	additive	zero_effect	zero_effect_diagnostic	D	0.07813525989359808	0.07443993032183886	-0.0036953295717592205	False
23	64	compositional_ridge	CPA_0.8.8	primary_state_pair	S	0.04822917682467071	0.04822917682467071	0.0	False
23	64	compositional_ridge	CPA_0.8.8	primary_state_pair	M	0.04822917682467071	0.04822917682467071	0.0	False
23	64	compositional_ridge	CPA_0.8.8	primary_state_pair	P	0.04822917682467071	0.04850975198797493	0.00028057516330421556	False
23	64	compositional_ridge	CPA_0.8.8	primary_state_pair	O	0.04822917682467071	0.04794860166136641	-0.0002805751633042988	False
23	64	compositional_ridge	CPA_0.8.8	primary_state_pair	D	0.04822917682467071	0.048229176824670705	-6.938893903907228e-18	False
23	64	compositional_ridge	zero_effect	zero_effect_diagnostic	S	0.07892649595852341	0.07892649595852341	0.0	False
23	64	compositional_ridge	zero_effect	zero_effect_diagnostic	M	0.07892649595852341	0.07892649595852341	0.0	False
23	64	compositional_ridge	zero_effect	zero_effect_diagnostic	P	0.07892649595852341	0.0752311663867642	-0.0036953295717592066	False
23	64	compositional_ridge	zero_effect	zero_effect_diagnostic	O	0.07892649595852341	0.0752311663867642	-0.0036953295717592066	False
23	64	compositional_ridge	zero_effect	zero_effect_diagnostic	D	0.07892649595852341	0.0752311663867642	-0.0036953295717592066	False
23	64	CPA_0.8.8	zero_effect	zero_effect_diagnostic	S	0.030697319133852694	0.030697319133852694	0.0	False
23	64	CPA_0.8.8	zero_effect	zero_effect_diagnostic	M	0.030697319133852694	0.030697319133852694	0.0	False
23	64	CPA_0.8.8	zero_effect	zero_effect_diagnostic	P	0.030697319133852694	0.02672141439878928	-0.003975904735063415	False
23	64	CPA_0.8.8	zero_effect	zero_effect_diagnostic	O	0.030697319133852694	0.027282564725397793	-0.003414754408454901	False
23	64	CPA_0.8.8	zero_effect	zero_effect_diagnostic	D	0.030697319133852694	0.0270019895620935	-0.0036953295717591927	False
23	128	additive	compositional_ridge	primary_state_pair	S	-0.0007912360649253228	-0.0007912360649253228	0.0	False
23	128	additive	compositional_ridge	primary_state_pair	M	-0.0007912360649253228	-0.0007912360649253228	0.0	False
23	128	additive	compositional_ridge	primary_state_pair	P	-0.0007912360649253228	-0.0007912360649253124	1.0408340855860843e-17	False
23	128	additive	compositional_ridge	primary_state_pair	O	-0.0007912360649253228	-0.0007912360649253124	1.0408340855860843e-17	False
23	128	additive	compositional_ridge	primary_state_pair	D	-0.0007912360649253228	-0.0007912360649253124	1.0408340855860843e-17	False
23	128	additive	CPA_0.8.8	primary_state_pair	S	0.04743585250905891	0.04743585250905891	0.0	False
23	128	additive	CPA_0.8.8	primary_state_pair	M	0.04743585250905891	0.04743585250905891	0.0	False
23	128	additive	CPA_0.8.8	primary_state_pair	P	0.04743585250905891	0.047653145862581126	0.0002172933535222188	False
23	128	additive	CPA_0.8.8	primary_state_pair	O	0.04743585250905891	0.04721855915553669	-0.0002172933535222188	False
23	128	additive	CPA_0.8.8	primary_state_pair	D	0.04743585250905891	0.04743585250905888	-2.7755575615628914e-17	False
23	128	additive	zero_effect	zero_effect_diagnostic	S	0.07688788344796318	0.07688788344796318	0.0	False
23	128	additive	zero_effect	zero_effect_diagnostic	M	0.07688788344796318	0.07688788344796318	0.0	False
23	128	additive	zero_effect	zero_effect_diagnostic	P	0.07688788344796318	0.07494542745681806	-0.00194245599114512	False
23	128	additive	zero_effect	zero_effect_diagnostic	O	0.07688788344796318	0.07494542745681806	-0.00194245599114512	False
23	128	additive	zero_effect	zero_effect_diagnostic	D	0.07688788344796318	0.07494542745681806	-0.00194245599114512	False
23	128	compositional_ridge	CPA_0.8.8	primary_state_pair	S	0.04822708857398423	0.04822708857398423	0.0	False
23	128	compositional_ridge	CPA_0.8.8	primary_state_pair	M	0.04822708857398423	0.04822708857398423	0.0	False
23	128	compositional_ridge	CPA_0.8.8	primary_state_pair	P	0.04822708857398423	0.04844438192750644	0.00021729335352221185	False
23	128	compositional_ridge	CPA_0.8.8	primary_state_pair	O	0.04822708857398423	0.048009795220462004	-0.00021729335352222573	False
23	128	compositional_ridge	CPA_0.8.8	primary_state_pair	D	0.04822708857398423	0.048227088573984195	-3.469446951953614e-17	False
23	128	compositional_ridge	zero_effect	zero_effect_diagnostic	S	0.0776791195128885	0.0776791195128885	0.0	False
23	128	compositional_ridge	zero_effect	zero_effect_diagnostic	M	0.0776791195128885	0.0776791195128885	0.0	False
23	128	compositional_ridge	zero_effect	zero_effect_diagnostic	P	0.0776791195128885	0.07573666352174338	-0.00194245599114512	False
23	128	compositional_ridge	zero_effect	zero_effect_diagnostic	O	0.0776791195128885	0.07573666352174338	-0.00194245599114512	False
23	128	compositional_ridge	zero_effect	zero_effect_diagnostic	D	0.0776791195128885	0.07573666352174338	-0.00194245599114512	False
23	128	CPA_0.8.8	zero_effect	zero_effect_diagnostic	S	0.029452030938904278	0.029452030938904278	0.0	False
23	128	CPA_0.8.8	zero_effect	zero_effect_diagnostic	M	0.029452030938904278	0.029452030938904278	0.0	False
23	128	CPA_0.8.8	zero_effect	zero_effect_diagnostic	P	0.029452030938904278	0.02729228159423694	-0.002159749344667339	False
23	128	CPA_0.8.8	zero_effect	zero_effect_diagnostic	O	0.029452030938904278	0.027726868301281377	-0.0017251626376229012	False
23	128	CPA_0.8.8	zero_effect	zero_effect_diagnostic	D	0.029452030938904278	0.027509574947759186	-0.0019424559911450923	False
23	135	additive	compositional_ridge	primary_state_pair	S	-0.0007912360649253228	-0.0007912360649253228	0.0	False
23	135	additive	compositional_ridge	primary_state_pair	M	-0.0007912360649253228	-0.0007912360649253228	0.0	False
23	135	additive	compositional_ridge	primary_state_pair	P	-0.0007912360649253228	-0.0007912360649253054	1.734723475976807e-17	False
23	135	additive	compositional_ridge	primary_state_pair	O	-0.0007912360649253228	-0.0007912360649253054	1.734723475976807e-17	False
23	135	additive	compositional_ridge	primary_state_pair	D	-0.0007912360649253228	-0.0007912360649253054	1.734723475976807e-17	False
23	135	additive	CPA_0.8.8	primary_state_pair	S	0.04749411242487048	0.04749411242487048	0.0	False
23	135	additive	CPA_0.8.8	primary_state_pair	M	0.04749411242487048	0.04749411242487048	0.0	False
23	135	additive	CPA_0.8.8	primary_state_pair	P	0.04749411242487048	0.04770889603433709	0.00021478360946661224	False
23	135	additive	CPA_0.8.8	primary_state_pair	O	0.04749411242487048	0.04727932881540385	-0.0002147836094666261	False
23	135	additive	CPA_0.8.8	primary_state_pair	D	0.04749411242487048	0.04749411242487052	4.163336342344337e-17	False
23	135	additive	zero_effect	zero_effect_diagnostic	S	0.07687444009127407	0.07687444009127407	0.0	False
23	135	additive	zero_effect	zero_effect_diagnostic	M	0.07687444009127407	0.07687444009127407	0.0	False
23	135	additive	zero_effect	zero_effect_diagnostic	P	0.07687444009127407	0.07503068085674584	-0.0018437592345282305	False
23	135	additive	zero_effect	zero_effect_diagnostic	O	0.07687444009127407	0.07503068085674584	-0.0018437592345282305	False
23	135	additive	zero_effect	zero_effect_diagnostic	D	0.07687444009127407	0.07503068085674584	-0.0018437592345282305	False
23	135	compositional_ridge	CPA_0.8.8	primary_state_pair	S	0.0482853484897958	0.0482853484897958	0.0	False
23	135	compositional_ridge	CPA_0.8.8	primary_state_pair	M	0.0482853484897958	0.0482853484897958	0.0	False
23	135	compositional_ridge	CPA_0.8.8	primary_state_pair	P	0.0482853484897958	0.04850013209926239	0.00021478360946659142	False
23	135	compositional_ridge	CPA_0.8.8	primary_state_pair	O	0.0482853484897958	0.04807056488032915	-0.00021478360946664693	False
23	135	compositional_ridge	CPA_0.8.8	primary_state_pair	D	0.0482853484897958	0.04828534848979582	2.0816681711721685e-17	False
23	135	compositional_ridge	zero_effect	zero_effect_diagnostic	S	0.0776656761561994	0.0776656761561994	0.0	False
23	135	compositional_ridge	zero_effect	zero_effect_diagnostic	M	0.0776656761561994	0.0776656761561994	0.0	False
23	135	compositional_ridge	zero_effect	zero_effect_diagnostic	P	0.0776656761561994	0.07582191692167115	-0.0018437592345282583	False
23	135	compositional_ridge	zero_effect	zero_effect_diagnostic	O	0.0776656761561994	0.07582191692167115	-0.0018437592345282583	False
23	135	compositional_ridge	zero_effect	zero_effect_diagnostic	D	0.0776656761561994	0.07582191692167115	-0.0018437592345282583	False
23	135	CPA_0.8.8	zero_effect	zero_effect_diagnostic	S	0.029380327666403597	0.029380327666403597	0.0	False
23	135	CPA_0.8.8	zero_effect	zero_effect_diagnostic	M	0.029380327666403597	0.029380327666403597	0.0	False
23	135	CPA_0.8.8	zero_effect	zero_effect_diagnostic	P	0.029380327666403597	0.027321784822408754	-0.0020585428439948428	False
23	135	CPA_0.8.8	zero_effect	zero_effect_diagnostic	O	0.029380327666403597	0.027751352041341992	-0.0016289756250616044	False
23	135	CPA_0.8.8	zero_effect	zero_effect_diagnostic	D	0.029380327666403597	0.027536568431875325	-0.0018437592345282722	False
24	8	additive	compositional_ridge	primary_state_pair	S	-0.0007912360649253228	-0.0007912360649253228	0.0	False
24	8	additive	compositional_ridge	primary_state_pair	M	-0.0007912360649253228	-0.0007912360649253228	0.0	False
24	8	additive	compositional_ridge	primary_state_pair	P	-0.0007912360649253228	-0.0007912360649253436	-2.0816681711721685e-17	False
24	8	additive	compositional_ridge	primary_state_pair	O	-0.0007912360649253228	-0.0007912360649253436	-2.0816681711721685e-17	False
24	8	additive	compositional_ridge	primary_state_pair	D	-0.0007912360649253228	-0.0007912360649253436	-2.0816681711721685e-17	False
24	8	additive	CPA_0.8.8	primary_state_pair	S	0.047696107929156226	0.047696107929156226	0.0	False
24	8	additive	CPA_0.8.8	primary_state_pair	M	0.047696107929156226	0.047696107929156226	0.0	False
24	8	additive	CPA_0.8.8	primary_state_pair	P	0.047696107929156226	0.051125405825013535	0.0034292978958573098	False
24	8	additive	CPA_0.8.8	primary_state_pair	O	0.047696107929156226	0.044266810033298916	-0.0034292978958573098	False
24	8	additive	CPA_0.8.8	primary_state_pair	D	0.047696107929156226	0.047696107929156246	2.0816681711721685e-17	False
24	8	additive	zero_effect	zero_effect_diagnostic	S	0.08849128151850043	0.08849128151850043	0.0	False
24	8	additive	zero_effect	zero_effect_diagnostic	M	0.08849128151850043	0.08849128151850043	0.0	False
24	8	additive	zero_effect	zero_effect_diagnostic	P	0.08849128151850043	0.05701943865646237	-0.03147184286203806	False
24	8	additive	zero_effect	zero_effect_diagnostic	O	0.08849128151850043	0.05701943865646237	-0.03147184286203806	False
24	8	additive	zero_effect	zero_effect_diagnostic	D	0.08849128151850043	0.05701943865646237	-0.03147184286203806	False
24	8	compositional_ridge	CPA_0.8.8	primary_state_pair	S	0.04848734399408155	0.04848734399408155	0.0	False
24	8	compositional_ridge	CPA_0.8.8	primary_state_pair	M	0.04848734399408155	0.04848734399408155	0.0	False
24	8	compositional_ridge	CPA_0.8.8	primary_state_pair	P	0.04848734399408155	0.05191664188993888	0.0034292978958573306	False
24	8	compositional_ridge	CPA_0.8.8	primary_state_pair	O	0.04848734399408155	0.04505804609822426	-0.003429297895857289	False
24	8	compositional_ridge	CPA_0.8.8	primary_state_pair	D	0.04848734399408155	0.04848734399408159	4.163336342344337e-17	False
24	8	compositional_ridge	zero_effect	zero_effect_diagnostic	S	0.08928251758342576	0.08928251758342576	0.0	False
24	8	compositional_ridge	zero_effect	zero_effect_diagnostic	M	0.08928251758342576	0.08928251758342576	0.0	False
24	8	compositional_ridge	zero_effect	zero_effect_diagnostic	P	0.08928251758342576	0.05781067472138771	-0.031471842862038045	False
24	8	compositional_ridge	zero_effect	zero_effect_diagnostic	O	0.08928251758342576	0.05781067472138771	-0.031471842862038045	False
24	8	compositional_ridge	zero_effect	zero_effect_diagnostic	D	0.08928251758342576	0.05781067472138771	-0.031471842862038045	False
24	8	CPA_0.8.8	zero_effect	zero_effect_diagnostic	S	0.0407951735893442	0.0407951735893442	0.0	False
24	8	CPA_0.8.8	zero_effect	zero_effect_diagnostic	M	0.0407951735893442	0.0407951735893442	0.0	False
24	8	CPA_0.8.8	zero_effect	zero_effect_diagnostic	P	0.0407951735893442	0.005894032831448834	-0.03490114075789537	False
24	8	CPA_0.8.8	zero_effect	zero_effect_diagnostic	O	0.0407951735893442	0.012752628623163453	-0.02804254496618075	False
24	8	CPA_0.8.8	zero_effect	zero_effect_diagnostic	D	0.0407951735893442	0.009323330727306123	-0.03147184286203808	False
24	16	additive	compositional_ridge	primary_state_pair	S	-0.0007912360649253228	-0.0007912360649253228	0.0	False
24	16	additive	compositional_ridge	primary_state_pair	M	-0.0007912360649253228	-0.0007912360649253228	0.0	False
24	16	additive	compositional_ridge	primary_state_pair	P	-0.0007912360649253228	-0.0007912360649253089	1.3877787807814457e-17	False
24	16	additive	compositional_ridge	primary_state_pair	O	-0.0007912360649253228	-0.0007912360649253089	1.3877787807814457e-17	False
24	16	additive	compositional_ridge	primary_state_pair	D	-0.0007912360649253228	-0.0007912360649253089	1.3877787807814457e-17	False
24	16	additive	CPA_0.8.8	primary_state_pair	S	0.04624179231685634	0.04624179231685634	0.0	False
24	16	additive	CPA_0.8.8	primary_state_pair	M	0.04624179231685634	0.04624179231685634	0.0	False
24	16	additive	CPA_0.8.8	primary_state_pair	P	0.04624179231685634	0.047600296177391324	0.0013585038605349875	False
24	16	additive	CPA_0.8.8	primary_state_pair	O	0.04624179231685634	0.04488328845632132	-0.0013585038605350153	False
24	16	additive	CPA_0.8.8	primary_state_pair	D	0.04624179231685634	0.04624179231685634	0.0	False
24	16	additive	zero_effect	zero_effect_diagnostic	S	0.08074501089935042	0.08074501089935042	0.0	False
24	16	additive	zero_effect	zero_effect_diagnostic	M	0.08074501089935042	0.08074501089935042	0.0	False
24	16	additive	zero_effect	zero_effect_diagnostic	P	0.08074501089935042	0.0654202072675892	-0.015324803631761225	False
24	16	additive	zero_effect	zero_effect_diagnostic	O	0.08074501089935042	0.0654202072675892	-0.015324803631761225	False
24	16	additive	zero_effect	zero_effect_diagnostic	D	0.08074501089935042	0.0654202072675892	-0.015324803631761225	False
24	16	compositional_ridge	CPA_0.8.8	primary_state_pair	S	0.04703302838178166	0.04703302838178166	0.0	False
24	16	compositional_ridge	CPA_0.8.8	primary_state_pair	M	0.04703302838178166	0.04703302838178166	0.0	False
24	16	compositional_ridge	CPA_0.8.8	primary_state_pair	P	0.04703302838178166	0.04839153224231663	0.0013585038605349736	False
24	16	compositional_ridge	CPA_0.8.8	primary_state_pair	O	0.04703302838178166	0.04567452452124663	-0.0013585038605350291	False
24	16	compositional_ridge	CPA_0.8.8	primary_state_pair	D	0.04703302838178166	0.047033028381781646	-1.3877787807814457e-17	False
24	16	compositional_ridge	zero_effect	zero_effect_diagnostic	S	0.08153624696427575	0.08153624696427575	0.0	False
24	16	compositional_ridge	zero_effect	zero_effect_diagnostic	M	0.08153624696427575	0.08153624696427575	0.0	False
24	16	compositional_ridge	zero_effect	zero_effect_diagnostic	P	0.08153624696427575	0.0662114433325145	-0.015324803631761252	False
24	16	compositional_ridge	zero_effect	zero_effect_diagnostic	O	0.08153624696427575	0.0662114433325145	-0.015324803631761252	False
24	16	compositional_ridge	zero_effect	zero_effect_diagnostic	D	0.08153624696427575	0.0662114433325145	-0.015324803631761252	False
24	16	CPA_0.8.8	zero_effect	zero_effect_diagnostic	S	0.03450321858249408	0.03450321858249408	0.0	False
24	16	CPA_0.8.8	zero_effect	zero_effect_diagnostic	M	0.03450321858249408	0.03450321858249408	0.0	False
24	16	CPA_0.8.8	zero_effect	zero_effect_diagnostic	P	0.03450321858249408	0.01781991109019787	-0.016683307492296212	False
24	16	CPA_0.8.8	zero_effect	zero_effect_diagnostic	O	0.03450321858249408	0.020536918811267874	-0.01396629977122621	False
24	16	CPA_0.8.8	zero_effect	zero_effect_diagnostic	D	0.03450321858249408	0.01917841495073286	-0.015324803631761225	False
24	32	additive	compositional_ridge	primary_state_pair	S	-0.0007912360649253228	-0.0007912360649253228	0.0	False
24	32	additive	compositional_ridge	primary_state_pair	M	-0.0007912360649253228	-0.0007912360649253228	0.0	False
24	32	additive	compositional_ridge	primary_state_pair	P	-0.0007912360649253228	-0.000791236064925302	2.0816681711721685e-17	False
24	32	additive	compositional_ridge	primary_state_pair	O	-0.0007912360649253228	-0.000791236064925302	2.0816681711721685e-17	False
24	32	additive	compositional_ridge	primary_state_pair	D	-0.0007912360649253228	-0.000791236064925302	2.0816681711721685e-17	False
24	32	additive	CPA_0.8.8	primary_state_pair	S	0.04638824244873374	0.04638824244873374	0.0	False
24	32	additive	CPA_0.8.8	primary_state_pair	M	0.04638824244873374	0.04638824244873374	0.0	False
24	32	additive	CPA_0.8.8	primary_state_pair	P	0.04638824244873374	0.04708253908146858	0.0006942966327348407	False
24	32	additive	CPA_0.8.8	primary_state_pair	O	0.04638824244873374	0.04569394581599894	-0.0006942966327347991	False
24	32	additive	CPA_0.8.8	primary_state_pair	D	0.04638824244873374	0.046388242448733776	3.469446951953614e-17	False
24	32	additive	zero_effect	zero_effect_diagnostic	S	0.07863185045571816	0.07863185045571816	0.0	False
24	32	additive	zero_effect	zero_effect_diagnostic	M	0.07863185045571816	0.07863185045571815	-1.3877787807814457e-17	False
24	32	additive	zero_effect	zero_effect_diagnostic	P	0.07863185045571816	0.07080960653131937	-0.007822243924398786	False
24	32	additive	zero_effect	zero_effect_diagnostic	O	0.07863185045571816	0.07080960653131937	-0.007822243924398786	False
24	32	additive	zero_effect	zero_effect_diagnostic	D	0.07863185045571816	0.07080960653131937	-0.007822243924398786	False
24	32	compositional_ridge	CPA_0.8.8	primary_state_pair	S	0.047179478513659064	0.047179478513659064	0.0	False
24	32	compositional_ridge	CPA_0.8.8	primary_state_pair	M	0.047179478513659064	0.047179478513659064	0.0	False
24	32	compositional_ridge	CPA_0.8.8	primary_state_pair	P	0.047179478513659064	0.047873775146393883	0.0006942966327348199	False
24	32	compositional_ridge	CPA_0.8.8	primary_state_pair	O	0.047179478513659064	0.046485181880924244	-0.0006942966327348199	False
24	32	compositional_ridge	CPA_0.8.8	primary_state_pair	D	0.047179478513659064	0.04717947851365908	1.3877787807814457e-17	False
24	32	compositional_ridge	zero_effect	zero_effect_diagnostic	S	0.07942308652064348	0.07942308652064348	0.0	False
24	32	compositional_ridge	zero_effect	zero_effect_diagnostic	M	0.07942308652064348	0.07942308652064348	0.0	False
24	32	compositional_ridge	zero_effect	zero_effect_diagnostic	P	0.07942308652064348	0.07160084259624466	-0.007822243924398814	False
24	32	compositional_ridge	zero_effect	zero_effect_diagnostic	O	0.07942308652064348	0.07160084259624466	-0.007822243924398814	False
24	32	compositional_ridge	zero_effect	zero_effect_diagnostic	D	0.07942308652064348	0.07160084259624466	-0.007822243924398814	False
24	32	CPA_0.8.8	zero_effect	zero_effect_diagnostic	S	0.03224360800698442	0.03224360800698442	0.0	False
24	32	CPA_0.8.8	zero_effect	zero_effect_diagnostic	M	0.03224360800698442	0.032243608006984406	-1.3877787807814457e-17	False
24	32	CPA_0.8.8	zero_effect	zero_effect_diagnostic	P	0.03224360800698442	0.023727067449850786	-0.008516540557133634	False
24	32	CPA_0.8.8	zero_effect	zero_effect_diagnostic	O	0.03224360800698442	0.025115660715320426	-0.007127947291663994	False
24	32	CPA_0.8.8	zero_effect	zero_effect_diagnostic	D	0.03224360800698442	0.024421364082585592	-0.007822243924398828	False
24	64	additive	compositional_ridge	primary_state_pair	S	-0.0007912360649253228	-0.0007912360649253228	0.0	False
24	64	additive	compositional_ridge	primary_state_pair	M	-0.0007912360649253228	-0.0007912360649253228	0.0	False
24	64	additive	compositional_ridge	primary_state_pair	P	-0.0007912360649253228	-0.0007912360649253367	-1.3877787807814457e-17	False
24	64	additive	compositional_ridge	primary_state_pair	O	-0.0007912360649253228	-0.0007912360649253367	-1.3877787807814457e-17	False
24	64	additive	compositional_ridge	primary_state_pair	D	-0.0007912360649253228	-0.0007912360649253367	-1.3877787807814457e-17	False
24	64	additive	CPA_0.8.8	primary_state_pair	S	0.047755480115293084	0.047755480115293084	0.0	False
24	64	additive	CPA_0.8.8	primary_state_pair	M	0.047755480115293084	0.047755480115293084	0.0	False
24	64	additive	CPA_0.8.8	primary_state_pair	P	0.047755480115293084	0.04813516897547395	0.00037968886018086706	False
24	64	additive	CPA_0.8.8	primary_state_pair	O	0.047755480115293084	0.047375791255112244	-0.0003796888601808393	False
24	64	additive	CPA_0.8.8	primary_state_pair	D	0.047755480115293084	0.04775548011529308	-6.938893903907228e-18	False
24	64	additive	zero_effect	zero_effect_diagnostic	S	0.07823591134679023	0.07823591134679023	0.0	False
24	64	additive	zero_effect	zero_effect_diagnostic	M	0.07823591134679023	0.07823591134679023	0.0	False
24	64	additive	zero_effect	zero_effect_diagnostic	P	0.07823591134679023	0.0742705931230169	-0.003965318223773329	False
24	64	additive	zero_effect	zero_effect_diagnostic	O	0.07823591134679023	0.0742705931230169	-0.003965318223773329	False
24	64	additive	zero_effect	zero_effect_diagnostic	D	0.07823591134679023	0.0742705931230169	-0.003965318223773329	False
24	64	compositional_ridge	CPA_0.8.8	primary_state_pair	S	0.048546716180218406	0.048546716180218406	0.0	False
24	64	compositional_ridge	CPA_0.8.8	primary_state_pair	M	0.048546716180218406	0.048546716180218406	0.0	False
24	64	compositional_ridge	CPA_0.8.8	primary_state_pair	P	0.048546716180218406	0.04892640504039929	0.00037968886018088094	False
24	64	compositional_ridge	CPA_0.8.8	primary_state_pair	O	0.048546716180218406	0.04816702732003758	-0.0003796888601808254	False
24	64	compositional_ridge	CPA_0.8.8	primary_state_pair	D	0.048546716180218406	0.04854671618021841	6.938893903907228e-18	False
24	64	compositional_ridge	zero_effect	zero_effect_diagnostic	S	0.07902714741171554	0.07902714741171554	0.0	False
24	64	compositional_ridge	zero_effect	zero_effect_diagnostic	M	0.07902714741171554	0.07902714741171554	0.0	False
24	64	compositional_ridge	zero_effect	zero_effect_diagnostic	P	0.07902714741171554	0.07506182918794224	-0.003965318223773301	False
24	64	compositional_ridge	zero_effect	zero_effect_diagnostic	O	0.07902714741171554	0.07506182918794224	-0.003965318223773301	False
24	64	compositional_ridge	zero_effect	zero_effect_diagnostic	D	0.07902714741171554	0.07506182918794224	-0.003965318223773301	False
24	64	CPA_0.8.8	zero_effect	zero_effect_diagnostic	S	0.030480431231497143	0.030480431231497143	0.0	False
24	64	CPA_0.8.8	zero_effect	zero_effect_diagnostic	M	0.030480431231497143	0.030480431231497143	0.0	False
24	64	CPA_0.8.8	zero_effect	zero_effect_diagnostic	P	0.030480431231497143	0.026135424147542954	-0.004345007083954189	False
24	64	CPA_0.8.8	zero_effect	zero_effect_diagnostic	O	0.030480431231497143	0.02689480186790466	-0.0035856293635924824	False
24	64	CPA_0.8.8	zero_effect	zero_effect_diagnostic	D	0.030480431231497143	0.02651511300772383	-0.003965318223773315	False
24	128	additive	compositional_ridge	primary_state_pair	S	-0.0007912360649253228	-0.0007912360649253228	0.0	False
24	128	additive	compositional_ridge	primary_state_pair	M	-0.0007912360649253228	-0.0007912360649253228	0.0	False
24	128	additive	compositional_ridge	primary_state_pair	P	-0.0007912360649253228	-0.0007912360649253297	-6.938893903907228e-18	False
24	128	additive	compositional_ridge	primary_state_pair	O	-0.0007912360649253228	-0.0007912360649253297	-6.938893903907228e-18	False
24	128	additive	compositional_ridge	primary_state_pair	D	-0.0007912360649253228	-0.0007912360649253297	-6.938893903907228e-18	False
24	128	additive	CPA_0.8.8	primary_state_pair	S	0.047953555266667044	0.047953555266667044	0.0	False
24	128	additive	CPA_0.8.8	primary_state_pair	M	0.047953555266667044	0.047953555266667044	0.0	False
24	128	additive	CPA_0.8.8	primary_state_pair	P	0.047953555266667044	0.048311065989232495	0.0003575107225654503	False
24	128	additive	CPA_0.8.8	primary_state_pair	O	0.047953555266667044	0.04759604454410151	-0.00035751072256553357	False
24	128	additive	CPA_0.8.8	primary_state_pair	D	0.047953555266667044	0.04795355526666698	-6.245004513516506e-17	False
24	128	additive	zero_effect	zero_effect_diagnostic	S	0.07749879872750547	0.07749879872750547	0.0	False
24	128	additive	zero_effect	zero_effect_diagnostic	M	0.07749879872750547	0.07749879872750547	0.0	False
24	128	additive	zero_effect	zero_effect_diagnostic	P	0.07749879872750547	0.07533897055005567	-0.0021598281774497935	False
24	128	additive	zero_effect	zero_effect_diagnostic	O	0.07749879872750547	0.07533897055005567	-0.0021598281774497935	False
24	128	additive	zero_effect	zero_effect_diagnostic	D	0.07749879872750547	0.07533897055005567	-0.0021598281774497935	False
24	128	compositional_ridge	CPA_0.8.8	primary_state_pair	S	0.04874479133159237	0.04874479133159237	0.0	False
24	128	compositional_ridge	CPA_0.8.8	primary_state_pair	M	0.04874479133159237	0.04874479133159237	0.0	False
24	128	compositional_ridge	CPA_0.8.8	primary_state_pair	P	0.04874479133159237	0.049102302054157825	0.00035751072256545724	False
24	128	compositional_ridge	CPA_0.8.8	primary_state_pair	O	0.04874479133159237	0.04838728060902684	-0.00035751072256552663	False
24	128	compositional_ridge	CPA_0.8.8	primary_state_pair	D	0.04874479133159237	0.04874479133159231	-5.551115123125783e-17	False
24	128	compositional_ridge	zero_effect	zero_effect_diagnostic	S	0.0782900347924308	0.0782900347924308	0.0	False
24	128	compositional_ridge	zero_effect	zero_effect_diagnostic	M	0.0782900347924308	0.0782900347924308	0.0	False
24	128	compositional_ridge	zero_effect	zero_effect_diagnostic	P	0.0782900347924308	0.07613020661498102	-0.0021598281774497796	False
24	128	compositional_ridge	zero_effect	zero_effect_diagnostic	O	0.0782900347924308	0.07613020661498102	-0.0021598281774497796	False
24	128	compositional_ridge	zero_effect	zero_effect_diagnostic	D	0.0782900347924308	0.07613020661498102	-0.0021598281774497796	False
24	128	CPA_0.8.8	zero_effect	zero_effect_diagnostic	S	0.029545243460838422	0.029545243460838422	0.0	False
24	128	CPA_0.8.8	zero_effect	zero_effect_diagnostic	M	0.029545243460838422	0.029545243460838422	0.0	False
24	128	CPA_0.8.8	zero_effect	zero_effect_diagnostic	P	0.029545243460838422	0.027027904560823185	-0.002517338900015237	False
24	128	CPA_0.8.8	zero_effect	zero_effect_diagnostic	O	0.029545243460838422	0.02774292600595417	-0.001802317454884253	False
24	128	CPA_0.8.8	zero_effect	zero_effect_diagnostic	D	0.029545243460838422	0.027385415283388698	-0.002159828177449724	False
24	135	additive	compositional_ridge	primary_state_pair	S	-0.0007912360649253228	-0.0007912360649253228	0.0	False
24	135	additive	compositional_ridge	primary_state_pair	M	-0.0007912360649253228	-0.0007912360649253228	0.0	False
24	135	additive	compositional_ridge	primary_state_pair	P	-0.0007912360649253228	-0.0007912360649253158	6.938893903907228e-18	False
24	135	additive	compositional_ridge	primary_state_pair	O	-0.0007912360649253228	-0.0007912360649253158	6.938893903907228e-18	False
24	135	additive	compositional_ridge	primary_state_pair	D	-0.0007912360649253228	-0.0007912360649253158	6.938893903907228e-18	False
24	135	additive	CPA_0.8.8	primary_state_pair	S	0.04732916001081912	0.04732916001081912	0.0	False
24	135	additive	CPA_0.8.8	primary_state_pair	M	0.04732916001081912	0.04732916001081912	0.0	False
24	135	additive	CPA_0.8.8	primary_state_pair	P	0.04732916001081912	0.04765073788002914	0.0003215778692100199	False
24	135	additive	CPA_0.8.8	primary_state_pair	O	0.04732916001081912	0.047007582141609085	-0.0003215778692100338	False
24	135	additive	CPA_0.8.8	primary_state_pair	D	0.04732916001081912	0.0473291600108191	-2.0816681711721685e-17	False
24	135	additive	zero_effect	zero_effect_diagnostic	S	0.0766636103336846	0.0766636103336846	0.0	False
24	135	additive	zero_effect	zero_effect_diagnostic	M	0.0766636103336846	0.0766636103336846	0.0	False
24	135	additive	zero_effect	zero_effect_diagnostic	P	0.0766636103336846	0.07463172708449217	-0.002031883249192429	False
24	135	additive	zero_effect	zero_effect_diagnostic	O	0.0766636103336846	0.07463172708449217	-0.002031883249192429	False
24	135	additive	zero_effect	zero_effect_diagnostic	D	0.0766636103336846	0.07463172708449217	-0.002031883249192429	False
24	135	compositional_ridge	CPA_0.8.8	primary_state_pair	S	0.04812039607574444	0.04812039607574444	0.0	False
24	135	compositional_ridge	CPA_0.8.8	primary_state_pair	M	0.04812039607574444	0.04812039607574444	0.0	False
24	135	compositional_ridge	CPA_0.8.8	primary_state_pair	P	0.04812039607574444	0.048441973944954454	0.00032157786921001297	False
24	135	compositional_ridge	CPA_0.8.8	primary_state_pair	O	0.04812039607574444	0.0477988182065344	-0.0003215778692100407	False
24	135	compositional_ridge	CPA_0.8.8	primary_state_pair	D	0.04812039607574444	0.048120396075744414	-2.7755575615628914e-17	False
24	135	compositional_ridge	zero_effect	zero_effect_diagnostic	S	0.07745484639860992	0.07745484639860992	0.0	False
24	135	compositional_ridge	zero_effect	zero_effect_diagnostic	M	0.07745484639860992	0.07745484639860992	0.0	False
24	135	compositional_ridge	zero_effect	zero_effect_diagnostic	P	0.07745484639860992	0.07542296314941749	-0.002031883249192429	False
24	135	compositional_ridge	zero_effect	zero_effect_diagnostic	O	0.07745484639860992	0.07542296314941749	-0.002031883249192429	False
24	135	compositional_ridge	zero_effect	zero_effect_diagnostic	D	0.07745484639860992	0.07542296314941749	-0.002031883249192429	False
24	135	CPA_0.8.8	zero_effect	zero_effect_diagnostic	S	0.029334450322865482	0.029334450322865482	0.0	False
24	135	CPA_0.8.8	zero_effect	zero_effect_diagnostic	M	0.029334450322865482	0.029334450322865482	0.0	False
24	135	CPA_0.8.8	zero_effect	zero_effect_diagnostic	P	0.029334450322865482	0.02698098920446304	-0.0023534611184024418	False
24	135	CPA_0.8.8	zero_effect	zero_effect_diagnostic	O	0.029334450322865482	0.027624144942883094	-0.001710305379982388	False
24	135	CPA_0.8.8	zero_effect	zero_effect_diagnostic	D	0.029334450322865482	0.02730256707367308	-0.002031883249192401	False
25	8	additive	compositional_ridge	primary_state_pair	S	-0.0007912360649253228	-0.0007912360649253228	0.0	False
25	8	additive	compositional_ridge	primary_state_pair	M	-0.0007912360649253228	-0.0007912360649253228	0.0	False
25	8	additive	compositional_ridge	primary_state_pair	P	-0.0007912360649253228	-0.0007912360649252811	4.163336342344337e-17	False
25	8	additive	compositional_ridge	primary_state_pair	O	-0.0007912360649253228	-0.0007912360649252811	4.163336342344337e-17	False
25	8	additive	compositional_ridge	primary_state_pair	D	-0.0007912360649253228	-0.0007912360649252811	4.163336342344337e-17	False
25	8	additive	CPA_0.8.8	primary_state_pair	S	0.051884326930165425	0.051884326930165425	0.0	False
25	8	additive	CPA_0.8.8	primary_state_pair	M	0.051884326930165425	0.05188432693016544	1.3877787807814457e-17	False
25	8	additive	CPA_0.8.8	primary_state_pair	P	0.051884326930165425	0.0569826502753649	0.005098323345199475	False
25	8	additive	CPA_0.8.8	primary_state_pair	O	0.051884326930165425	0.04678600358496606	-0.005098323345199364	False
25	8	additive	CPA_0.8.8	primary_state_pair	D	0.051884326930165425	0.05188432693016549	6.245004513516506e-17	False
25	8	additive	zero_effect	zero_effect_diagnostic	S	0.09491308833176693	0.09491308833176693	0.0	False
25	8	additive	zero_effect	zero_effect_diagnostic	M	0.09491308833176693	0.09491308833176693	0.0	False
25	8	additive	zero_effect	zero_effect_diagnostic	P	0.09491308833176693	0.062488488817333314	-0.03242459951443361	False
25	8	additive	zero_effect	zero_effect_diagnostic	O	0.09491308833176693	0.062488488817333314	-0.03242459951443361	False
25	8	additive	zero_effect	zero_effect_diagnostic	D	0.09491308833176693	0.062488488817333314	-0.03242459951443361	False
25	8	compositional_ridge	CPA_0.8.8	primary_state_pair	S	0.05267556299509075	0.05267556299509075	0.0	False
25	8	compositional_ridge	CPA_0.8.8	primary_state_pair	M	0.05267556299509075	0.05267556299509076	1.3877787807814457e-17	False
25	8	compositional_ridge	CPA_0.8.8	primary_state_pair	P	0.05267556299509075	0.05777388634029018	0.005098323345199433	False
25	8	compositional_ridge	CPA_0.8.8	primary_state_pair	O	0.05267556299509075	0.04757723964989134	-0.005098323345199406	False
25	8	compositional_ridge	CPA_0.8.8	primary_state_pair	D	0.05267556299509075	0.05267556299509077	2.0816681711721685e-17	False
25	8	compositional_ridge	zero_effect	zero_effect_diagnostic	S	0.09570432439669224	0.09570432439669224	0.0	False
25	8	compositional_ridge	zero_effect	zero_effect_diagnostic	M	0.09570432439669224	0.09570432439669224	0.0	False
25	8	compositional_ridge	zero_effect	zero_effect_diagnostic	P	0.09570432439669224	0.0632797248822586	-0.03242459951443365	False
25	8	compositional_ridge	zero_effect	zero_effect_diagnostic	O	0.09570432439669224	0.0632797248822586	-0.03242459951443365	False
25	8	compositional_ridge	zero_effect	zero_effect_diagnostic	D	0.09570432439669224	0.0632797248822586	-0.03242459951443365	False
25	8	CPA_0.8.8	zero_effect	zero_effect_diagnostic	S	0.0430287614016015	0.0430287614016015	0.0	False
25	8	CPA_0.8.8	zero_effect	zero_effect_diagnostic	M	0.0430287614016015	0.04302876140160149	-1.3877787807814457e-17	False
25	8	CPA_0.8.8	zero_effect	zero_effect_diagnostic	P	0.0430287614016015	0.005505838541968414	-0.03752292285963309	False
25	8	CPA_0.8.8	zero_effect	zero_effect_diagnostic	O	0.0430287614016015	0.015702485232367253	-0.027326276169234248	False
25	8	CPA_0.8.8	zero_effect	zero_effect_diagnostic	D	0.0430287614016015	0.010604161887167826	-0.032424599514433675	False
25	16	additive	compositional_ridge	primary_state_pair	S	-0.0007912360649253228	-0.0007912360649253228	0.0	False
25	16	additive	compositional_ridge	primary_state_pair	M	-0.0007912360649253228	-0.0007912360649253228	0.0	False
25	16	additive	compositional_ridge	primary_state_pair	P	-0.0007912360649253228	-0.0007912360649253089	1.3877787807814457e-17	False
25	16	additive	compositional_ridge	primary_state_pair	O	-0.0007912360649253228	-0.0007912360649253089	1.3877787807814457e-17	False
25	16	additive	compositional_ridge	primary_state_pair	D	-0.0007912360649253228	-0.0007912360649253089	1.3877787807814457e-17	False
25	16	additive	CPA_0.8.8	primary_state_pair	S	0.04744198731759751	0.04744198731759751	0.0	False
25	16	additive	CPA_0.8.8	primary_state_pair	M	0.04744198731759751	0.04744198731759751	0.0	False
25	16	additive	CPA_0.8.8	primary_state_pair	P	0.04744198731759751	0.04909742491271224	0.001655437595114731	False
25	16	additive	CPA_0.8.8	primary_state_pair	O	0.04744198731759751	0.04578654972248278	-0.001655437595114731	False
25	16	additive	CPA_0.8.8	primary_state_pair	D	0.04744198731759751	0.04744198731759745	-5.551115123125783e-17	False
25	16	additive	zero_effect	zero_effect_diagnostic	S	0.08310468669841337	0.08310468669841337	0.0	False
25	16	additive	zero_effect	zero_effect_diagnostic	M	0.08310468669841337	0.08310468669841335	-1.3877787807814457e-17	False
25	16	additive	zero_effect	zero_effect_diagnostic	P	0.08310468669841337	0.06756865411040708	-0.015536032588006288	False
25	16	additive	zero_effect	zero_effect_diagnostic	O	0.08310468669841337	0.06756865411040708	-0.015536032588006288	False
25	16	additive	zero_effect	zero_effect_diagnostic	D	0.08310468669841337	0.06756865411040708	-0.015536032588006288	False
25	16	compositional_ridge	CPA_0.8.8	primary_state_pair	S	0.04823322338252283	0.04823322338252283	0.0	False
25	16	compositional_ridge	CPA_0.8.8	primary_state_pair	M	0.04823322338252283	0.04823322338252283	0.0	False
25	16	compositional_ridge	CPA_0.8.8	primary_state_pair	P	0.04823322338252283	0.04988866097763755	0.0016554375951147171	False
25	16	compositional_ridge	CPA_0.8.8	primary_state_pair	O	0.04823322338252283	0.04657778578740809	-0.0016554375951147449	False
25	16	compositional_ridge	CPA_0.8.8	primary_state_pair	D	0.04823322338252283	0.04823322338252276	-6.938893903907228e-17	False
25	16	compositional_ridge	zero_effect	zero_effect_diagnostic	S	0.08389592276333868	0.08389592276333868	0.0	False
25	16	compositional_ridge	zero_effect	zero_effect_diagnostic	M	0.08389592276333868	0.08389592276333868	0.0	False
25	16	compositional_ridge	zero_effect	zero_effect_diagnostic	P	0.08389592276333868	0.0683598901753324	-0.015536032588006288	False
25	16	compositional_ridge	zero_effect	zero_effect_diagnostic	O	0.08389592276333868	0.0683598901753324	-0.015536032588006288	False
25	16	compositional_ridge	zero_effect	zero_effect_diagnostic	D	0.08389592276333868	0.0683598901753324	-0.015536032588006288	False
25	16	CPA_0.8.8	zero_effect	zero_effect_diagnostic	S	0.03566269938081586	0.03566269938081586	0.0	False
25	16	CPA_0.8.8	zero_effect	zero_effect_diagnostic	M	0.03566269938081586	0.03566269938081584	-1.3877787807814457e-17	False
25	16	CPA_0.8.8	zero_effect	zero_effect_diagnostic	P	0.03566269938081586	0.01847122919769484	-0.01719147018312102	False
25	16	CPA_0.8.8	zero_effect	zero_effect_diagnostic	O	0.03566269938081586	0.0217821043879243	-0.013880594992891557	False
25	16	CPA_0.8.8	zero_effect	zero_effect_diagnostic	D	0.03566269938081586	0.020126666792809625	-0.015536032588006232	False
25	32	additive	compositional_ridge	primary_state_pair	S	-0.0007912360649253228	-0.0007912360649253228	0.0	False
25	32	additive	compositional_ridge	primary_state_pair	M	-0.0007912360649253228	-0.0007912360649253228	0.0	False
25	32	additive	compositional_ridge	primary_state_pair	P	-0.0007912360649253228	-0.0007912360649253367	-1.3877787807814457e-17	False
25	32	additive	compositional_ridge	primary_state_pair	O	-0.0007912360649253228	-0.0007912360649253367	-1.3877787807814457e-17	False
25	32	additive	compositional_ridge	primary_state_pair	D	-0.0007912360649253228	-0.0007912360649253367	-1.3877787807814457e-17	False
25	32	additive	CPA_0.8.8	primary_state_pair	S	0.04710409106075185	0.04710409106075185	0.0	False
25	32	additive	CPA_0.8.8	primary_state_pair	M	0.04710409106075185	0.04710409106075185	0.0	False
25	32	additive	CPA_0.8.8	primary_state_pair	P	0.04710409106075185	0.04830767950496618	0.0012035884442143305	False
25	32	additive	CPA_0.8.8	primary_state_pair	O	0.04710409106075185	0.045900502616537504	-0.0012035884442143444	False
25	32	additive	CPA_0.8.8	primary_state_pair	D	0.04710409106075185	0.047104091060751856	6.938893903907228e-18	False
25	32	additive	zero_effect	zero_effect_diagnostic	S	0.07958497361007323	0.07958497361007323	0.0	False
25	32	additive	zero_effect	zero_effect_diagnostic	M	0.07958497361007323	0.07958497361007323	0.0	False
25	32	additive	zero_effect	zero_effect_diagnostic	P	0.07958497361007323	0.07159870960557757	-0.00798626400449566	False
25	32	additive	zero_effect	zero_effect_diagnostic	O	0.07958497361007323	0.07159870960557757	-0.00798626400449566	False
25	32	additive	zero_effect	zero_effect_diagnostic	D	0.07958497361007323	0.07159870960557757	-0.00798626400449566	False
25	32	compositional_ridge	CPA_0.8.8	primary_state_pair	S	0.04789532712567717	0.04789532712567717	0.0	False
25	32	compositional_ridge	CPA_0.8.8	primary_state_pair	M	0.04789532712567717	0.04789532712567717	0.0	False
25	32	compositional_ridge	CPA_0.8.8	primary_state_pair	P	0.04789532712567717	0.049098915569891516	0.0012035884442143444	False
25	32	compositional_ridge	CPA_0.8.8	primary_state_pair	O	0.04789532712567717	0.04669173868146284	-0.0012035884442143305	False
25	32	compositional_ridge	CPA_0.8.8	primary_state_pair	D	0.04789532712567717	0.04789532712567719	2.0816681711721685e-17	False
25	32	compositional_ridge	zero_effect	zero_effect_diagnostic	S	0.08037620967499856	0.08037620967499856	0.0	False
25	32	compositional_ridge	zero_effect	zero_effect_diagnostic	M	0.08037620967499856	0.08037620967499856	0.0	False
25	32	compositional_ridge	zero_effect	zero_effect_diagnostic	P	0.08037620967499856	0.07238994567050291	-0.007986264004495647	False
25	32	compositional_ridge	zero_effect	zero_effect_diagnostic	O	0.08037620967499856	0.07238994567050291	-0.007986264004495647	False
25	32	compositional_ridge	zero_effect	zero_effect_diagnostic	D	0.08037620967499856	0.07238994567050291	-0.007986264004495647	False
25	32	CPA_0.8.8	zero_effect	zero_effect_diagnostic	S	0.03248088254932138	0.03248088254932138	0.0	False
25	32	CPA_0.8.8	zero_effect	zero_effect_diagnostic	M	0.03248088254932138	0.03248088254932138	0.0	False
25	32	CPA_0.8.8	zero_effect	zero_effect_diagnostic	P	0.03248088254932138	0.0232910301006114	-0.009189852448709984	False
25	32	CPA_0.8.8	zero_effect	zero_effect_diagnostic	O	0.03248088254932138	0.025698206989040073	-0.006782675560281309	False
25	32	CPA_0.8.8	zero_effect	zero_effect_diagnostic	D	0.03248088254932138	0.024494618544825722	-0.00798626400449566	False
25	64	additive	compositional_ridge	primary_state_pair	S	-0.0007912360649253228	-0.0007912360649253228	0.0	False
25	64	additive	compositional_ridge	primary_state_pair	M	-0.0007912360649253228	-0.0007912360649253228	0.0	False
25	64	additive	compositional_ridge	primary_state_pair	P	-0.0007912360649253228	-0.000791236064925302	2.0816681711721685e-17	False
25	64	additive	compositional_ridge	primary_state_pair	O	-0.0007912360649253228	-0.000791236064925302	2.0816681711721685e-17	False
25	64	additive	compositional_ridge	primary_state_pair	D	-0.0007912360649253228	-0.000791236064925302	2.0816681711721685e-17	False
25	64	additive	CPA_0.8.8	primary_state_pair	S	0.0475051705331912	0.0475051705331912	0.0	False
25	64	additive	CPA_0.8.8	primary_state_pair	M	0.0475051705331912	0.047505170533191185	-1.3877787807814457e-17	False
25	64	additive	CPA_0.8.8	primary_state_pair	P	0.0475051705331912	0.047908081316845916	0.0004029107836547169	False
25	64	additive	CPA_0.8.8	primary_state_pair	O	0.0475051705331912	0.047102259749536496	-0.000402910783654703	False
25	64	additive	CPA_0.8.8	primary_state_pair	D	0.0475051705331912	0.0475051705331912	0.0	False
25	64	additive	zero_effect	zero_effect_diagnostic	S	0.07779329386132468	0.07779329386132468	0.0	False
25	64	additive	zero_effect	zero_effect_diagnostic	M	0.07779329386132468	0.07779329386132468	0.0	False
25	64	additive	zero_effect	zero_effect_diagnostic	P	0.07779329386132468	0.07385273170806585	-0.003940562153258831	False
25	64	additive	zero_effect	zero_effect_diagnostic	O	0.07779329386132468	0.07385273170806585	-0.003940562153258831	False
25	64	additive	zero_effect	zero_effect_diagnostic	D	0.07779329386132468	0.07385273170806585	-0.003940562153258831	False
25	64	compositional_ridge	CPA_0.8.8	primary_state_pair	S	0.04829640659811652	0.04829640659811652	0.0	False
25	64	compositional_ridge	CPA_0.8.8	primary_state_pair	M	0.04829640659811652	0.04829640659811651	-1.3877787807814457e-17	False
25	64	compositional_ridge	CPA_0.8.8	primary_state_pair	P	0.04829640659811652	0.04869931738177122	0.00040291078365469607	False
25	64	compositional_ridge	CPA_0.8.8	primary_state_pair	O	0.04829640659811652	0.0478934958144618	-0.0004029107836547238	False
25	64	compositional_ridge	CPA_0.8.8	primary_state_pair	D	0.04829640659811652	0.0482964065981165	-2.0816681711721685e-17	False
25	64	compositional_ridge	zero_effect	zero_effect_diagnostic	S	0.07858452992625001	0.07858452992625001	0.0	False
25	64	compositional_ridge	zero_effect	zero_effect_diagnostic	M	0.07858452992625001	0.07858452992625001	0.0	False
25	64	compositional_ridge	zero_effect	zero_effect_diagnostic	P	0.07858452992625001	0.07464396777299115	-0.003940562153258859	False
25	64	compositional_ridge	zero_effect	zero_effect_diagnostic	O	0.07858452992625001	0.07464396777299115	-0.003940562153258859	False
25	64	compositional_ridge	zero_effect	zero_effect_diagnostic	D	0.07858452992625001	0.07464396777299115	-0.003940562153258859	False
25	64	CPA_0.8.8	zero_effect	zero_effect_diagnostic	S	0.03028812332813348	0.03028812332813348	0.0	False
25	64	CPA_0.8.8	zero_effect	zero_effect_diagnostic	M	0.03028812332813348	0.030288123328133493	1.3877787807814457e-17	False
25	64	CPA_0.8.8	zero_effect	zero_effect_diagnostic	P	0.03028812332813348	0.02594465039121993	-0.004343472936913548	False
25	64	CPA_0.8.8	zero_effect	zero_effect_diagnostic	O	0.03028812332813348	0.02675047195852935	-0.003537651369604128	False
25	64	CPA_0.8.8	zero_effect	zero_effect_diagnostic	D	0.03028812332813348	0.026347561174874648	-0.003940562153258831	False
25	128	additive	compositional_ridge	primary_state_pair	S	-0.0007912360649253228	-0.0007912360649253228	0.0	False
25	128	additive	compositional_ridge	primary_state_pair	M	-0.0007912360649253228	-0.0007912360649253228	0.0	False
25	128	additive	compositional_ridge	primary_state_pair	P	-0.0007912360649253228	-0.0007912360649253228	0.0	False
25	128	additive	compositional_ridge	primary_state_pair	O	-0.0007912360649253228	-0.0007912360649253228	0.0	False
25	128	additive	compositional_ridge	primary_state_pair	D	-0.0007912360649253228	-0.0007912360649253228	0.0	False
25	128	additive	CPA_0.8.8	primary_state_pair	S	0.04819910541592243	0.04819910541592243	0.0	False
25	128	additive	CPA_0.8.8	primary_state_pair	M	0.04819910541592243	0.04819910541592243	0.0	False
25	128	additive	CPA_0.8.8	primary_state_pair	P	0.04819910541592243	0.04833628635269049	0.0001371809367680596	False
25	128	additive	CPA_0.8.8	primary_state_pair	O	0.04819910541592243	0.04806192447915438	-0.00013718093676804571	False
25	128	additive	CPA_0.8.8	primary_state_pair	D	0.04819910541592243	0.04819910541592242	-6.938893903907228e-18	False
25	128	additive	zero_effect	zero_effect_diagnostic	S	0.0780014574245793	0.0780014574245793	0.0	False
25	128	additive	zero_effect	zero_effect_diagnostic	M	0.0780014574245793	0.0780014574245793	0.0	False
25	128	additive	zero_effect	zero_effect_diagnostic	P	0.0780014574245793	0.07610338489771479	-0.001898072526864511	False
25	128	additive	zero_effect	zero_effect_diagnostic	O	0.0780014574245793	0.07610338489771479	-0.001898072526864511	False
25	128	additive	zero_effect	zero_effect_diagnostic	D	0.0780014574245793	0.07610338489771479	-0.001898072526864511	False
25	128	compositional_ridge	CPA_0.8.8	primary_state_pair	S	0.04899034148084775	0.04899034148084775	0.0	False
25	128	compositional_ridge	CPA_0.8.8	primary_state_pair	M	0.04899034148084775	0.04899034148084775	0.0	False
25	128	compositional_ridge	CPA_0.8.8	primary_state_pair	P	0.04899034148084775	0.04912752241761581	0.0001371809367680596	False
25	128	compositional_ridge	CPA_0.8.8	primary_state_pair	O	0.04899034148084775	0.048853160544079705	-0.00013718093676804571	False
25	128	compositional_ridge	CPA_0.8.8	primary_state_pair	D	0.04899034148084775	0.04899034148084774	-6.938893903907228e-18	False
25	128	compositional_ridge	zero_effect	zero_effect_diagnostic	S	0.07879269348950463	0.07879269348950463	0.0	False
25	128	compositional_ridge	zero_effect	zero_effect_diagnostic	M	0.07879269348950463	0.07879269348950463	0.0	False
25	128	compositional_ridge	zero_effect	zero_effect_diagnostic	P	0.07879269348950463	0.07689462096264012	-0.001898072526864511	False
25	128	compositional_ridge	zero_effect	zero_effect_diagnostic	O	0.07879269348950463	0.07689462096264012	-0.001898072526864511	False
25	128	compositional_ridge	zero_effect	zero_effect_diagnostic	D	0.07879269348950463	0.07689462096264012	-0.001898072526864511	False
25	128	CPA_0.8.8	zero_effect	zero_effect_diagnostic	S	0.02980235200865687	0.02980235200865687	0.0	False
25	128	CPA_0.8.8	zero_effect	zero_effect_diagnostic	M	0.02980235200865687	0.02980235200865687	0.0	False
25	128	CPA_0.8.8	zero_effect	zero_effect_diagnostic	P	0.02980235200865687	0.027767098545024307	-0.0020352534636325637	False
25	128	CPA_0.8.8	zero_effect	zero_effect_diagnostic	O	0.02980235200865687	0.028041460418560413	-0.0017608915900964583	False
25	128	CPA_0.8.8	zero_effect	zero_effect_diagnostic	D	0.02980235200865687	0.027904279481792374	-0.0018980725268644971	False
25	135	additive	compositional_ridge	primary_state_pair	S	-0.0007912360649253228	-0.0007912360649253228	0.0	False
25	135	additive	compositional_ridge	primary_state_pair	M	-0.0007912360649253228	-0.0007912360649253228	0.0	False
25	135	additive	compositional_ridge	primary_state_pair	P	-0.0007912360649253228	-0.0007912360649253436	-2.0816681711721685e-17	False
25	135	additive	compositional_ridge	primary_state_pair	O	-0.0007912360649253228	-0.0007912360649253436	-2.0816681711721685e-17	False
25	135	additive	compositional_ridge	primary_state_pair	D	-0.0007912360649253228	-0.0007912360649253436	-2.0816681711721685e-17	False
25	135	additive	CPA_0.8.8	primary_state_pair	S	0.04795632058747257	0.04795632058747257	0.0	False
25	135	additive	CPA_0.8.8	primary_state_pair	M	0.04795632058747257	0.04795632058747257	0.0	False
25	135	additive	CPA_0.8.8	primary_state_pair	P	0.04795632058747257	0.04810906486579515	0.00015274427832258353	False
25	135	additive	CPA_0.8.8	primary_state_pair	O	0.04795632058747257	0.04780357630914993	-0.00015274427832263904	False
25	135	additive	CPA_0.8.8	primary_state_pair	D	0.04795632058747257	0.04795632058747257	0.0	False
25	135	additive	zero_effect	zero_effect_diagnostic	S	0.07757322723541973	0.07757322723541973	0.0	False
25	135	additive	zero_effect	zero_effect_diagnostic	M	0.07757322723541973	0.07757322723541973	0.0	False
25	135	additive	zero_effect	zero_effect_diagnostic	P	0.07757322723541973	0.07573537051265625	-0.0018378567227634868	False
25	135	additive	zero_effect	zero_effect_diagnostic	O	0.07757322723541973	0.07573537051265625	-0.0018378567227634868	False
25	135	additive	zero_effect	zero_effect_diagnostic	D	0.07757322723541973	0.07573537051265625	-0.0018378567227634868	False
25	135	compositional_ridge	CPA_0.8.8	primary_state_pair	S	0.04874755665239789	0.04874755665239789	0.0	False
25	135	compositional_ridge	CPA_0.8.8	primary_state_pair	M	0.04874755665239789	0.04874755665239789	0.0	False
25	135	compositional_ridge	CPA_0.8.8	primary_state_pair	P	0.04874755665239789	0.048900300930720494	0.00015274427832260434	False
25	135	compositional_ridge	CPA_0.8.8	primary_state_pair	O	0.04874755665239789	0.04859481237407527	-0.00015274427832261822	False
25	135	compositional_ridge	CPA_0.8.8	primary_state_pair	D	0.04874755665239789	0.04874755665239791	2.0816681711721685e-17	False
25	135	compositional_ridge	zero_effect	zero_effect_diagnostic	S	0.07836446330034505	0.07836446330034505	0.0	False
25	135	compositional_ridge	zero_effect	zero_effect_diagnostic	M	0.07836446330034505	0.07836446330034505	0.0	False
25	135	compositional_ridge	zero_effect	zero_effect_diagnostic	P	0.07836446330034505	0.07652660657758159	-0.001837856722763459	False
25	135	compositional_ridge	zero_effect	zero_effect_diagnostic	O	0.07836446330034505	0.07652660657758159	-0.001837856722763459	False
25	135	compositional_ridge	zero_effect	zero_effect_diagnostic	D	0.07836446330034505	0.07652660657758159	-0.001837856722763459	False
25	135	CPA_0.8.8	zero_effect	zero_effect_diagnostic	S	0.029616906647947167	0.029616906647947167	0.0	False
25	135	CPA_0.8.8	zero_effect	zero_effect_diagnostic	M	0.029616906647947167	0.029616906647947167	0.0	False
25	135	CPA_0.8.8	zero_effect	zero_effect_diagnostic	P	0.029616906647947167	0.027626305646861096	-0.0019906010010860703	False
25	135	CPA_0.8.8	zero_effect	zero_effect_diagnostic	O	0.029616906647947167	0.02793179420350632	-0.0016851124444408477	False
25	135	CPA_0.8.8	zero_effect	zero_effect_diagnostic	D	0.029616906647947167	0.02777904992518368	-0.0018378567227634868	False
26	8	additive	compositional_ridge	primary_state_pair	S	-0.0007912360649253228	-0.0007912360649253228	0.0	False
26	8	additive	compositional_ridge	primary_state_pair	M	-0.0007912360649253228	-0.0007912360649253228	0.0	False
26	8	additive	compositional_ridge	primary_state_pair	P	-0.0007912360649253228	-0.0007912360649253089	1.3877787807814457e-17	False
26	8	additive	compositional_ridge	primary_state_pair	O	-0.0007912360649253228	-0.0007912360649253089	1.3877787807814457e-17	False
26	8	additive	compositional_ridge	primary_state_pair	D	-0.0007912360649253228	-0.0007912360649253089	1.3877787807814457e-17	False
26	8	additive	CPA_0.8.8	primary_state_pair	S	0.04795940656171624	0.04795940656171624	0.0	False
26	8	additive	CPA_0.8.8	primary_state_pair	M	0.04795940656171624	0.04795940656171624	0.0	False
26	8	additive	CPA_0.8.8	primary_state_pair	P	0.04795940656171624	0.0504798881116382	0.00252048154992196	False
26	8	additive	CPA_0.8.8	primary_state_pair	O	0.04795940656171624	0.045438925011794265	-0.002520481549921974	False
26	8	additive	CPA_0.8.8	primary_state_pair	D	0.04795940656171624	0.0479594065617162	-4.163336342344337e-17	False
26	8	additive	zero_effect	zero_effect_diagnostic	S	0.09114091043815202	0.09114091043815202	0.0	False
26	8	additive	zero_effect	zero_effect_diagnostic	M	0.09114091043815202	0.09114091043815202	0.0	False
26	8	additive	zero_effect	zero_effect_diagnostic	P	0.09114091043815202	0.06063312116218558	-0.030507789275966438	False
26	8	additive	zero_effect	zero_effect_diagnostic	O	0.09114091043815202	0.06063312116218558	-0.030507789275966438	False
26	8	additive	zero_effect	zero_effect_diagnostic	D	0.09114091043815202	0.06063312116218558	-0.030507789275966438	False
26	8	compositional_ridge	CPA_0.8.8	primary_state_pair	S	0.04875064262664156	0.04875064262664156	0.0	False
26	8	compositional_ridge	CPA_0.8.8	primary_state_pair	M	0.04875064262664156	0.04875064262664156	0.0	False
26	8	compositional_ridge	CPA_0.8.8	primary_state_pair	P	0.04875064262664156	0.05127112417656351	0.0025204815499219463	False
26	8	compositional_ridge	CPA_0.8.8	primary_state_pair	O	0.04875064262664156	0.046230161076719574	-0.002520481549921988	False
26	8	compositional_ridge	CPA_0.8.8	primary_state_pair	D	0.04875064262664156	0.048750642626641506	-5.551115123125783e-17	False
26	8	compositional_ridge	zero_effect	zero_effect_diagnostic	S	0.09193214650307735	0.09193214650307735	0.0	False
26	8	compositional_ridge	zero_effect	zero_effect_diagnostic	M	0.09193214650307735	0.09193214650307735	0.0	False
26	8	compositional_ridge	zero_effect	zero_effect_diagnostic	P	0.09193214650307735	0.06142435722711089	-0.03050778927596646	False
26	8	compositional_ridge	zero_effect	zero_effect_diagnostic	O	0.09193214650307735	0.06142435722711089	-0.03050778927596646	False
26	8	compositional_ridge	zero_effect	zero_effect_diagnostic	D	0.09193214650307735	0.06142435722711089	-0.03050778927596646	False
26	8	CPA_0.8.8	zero_effect	zero_effect_diagnostic	S	0.04318150387643578	0.04318150387643578	0.0	False
26	8	CPA_0.8.8	zero_effect	zero_effect_diagnostic	M	0.04318150387643578	0.04318150387643578	0.0	False
26	8	CPA_0.8.8	zero_effect	zero_effect_diagnostic	P	0.04318150387643578	0.010153233050547383	-0.0330282708258884	False
26	8	CPA_0.8.8	zero_effect	zero_effect_diagnostic	O	0.04318150387643578	0.015194196150391318	-0.027987307726044464	False
26	8	CPA_0.8.8	zero_effect	zero_effect_diagnostic	D	0.04318150387643578	0.012673714600469385	-0.030507789275966396	False
26	16	additive	compositional_ridge	primary_state_pair	S	-0.0007912360649253228	-0.0007912360649253228	0.0	False
26	16	additive	compositional_ridge	primary_state_pair	M	-0.0007912360649253228	-0.0007912360649253228	0.0	False
26	16	additive	compositional_ridge	primary_state_pair	P	-0.0007912360649253228	-0.0007912360649252881	3.469446951953614e-17	False
26	16	additive	compositional_ridge	primary_state_pair	O	-0.0007912360649253228	-0.0007912360649252881	3.469446951953614e-17	False
26	16	additive	compositional_ridge	primary_state_pair	D	-0.0007912360649253228	-0.0007912360649252881	3.469446951953614e-17	False
26	16	additive	CPA_0.8.8	primary_state_pair	S	0.04870410909151267	0.04870410909151267	0.0	False
26	16	additive	CPA_0.8.8	primary_state_pair	M	0.04870410909151267	0.048704109091512654	-1.3877787807814457e-17	False
26	16	additive	CPA_0.8.8	primary_state_pair	P	0.04870410909151267	0.05059858934506835	0.0018944802535556804	False
26	16	additive	CPA_0.8.8	primary_state_pair	O	0.04870410909151267	0.046809628837957015	-0.0018944802535556526	False
26	16	additive	CPA_0.8.8	primary_state_pair	D	0.04870410909151267	0.04870410909151268	1.3877787807814457e-17	False
26	16	additive	zero_effect	zero_effect_diagnostic	S	0.0849850017244094	0.0849850017244094	0.0	False
26	16	additive	zero_effect	zero_effect_diagnostic	M	0.0849850017244094	0.0849850017244094	0.0	False
26	16	additive	zero_effect	zero_effect_diagnostic	P	0.0849850017244094	0.06905777263212903	-0.015927229092280365	False
26	16	additive	zero_effect	zero_effect_diagnostic	O	0.0849850017244094	0.06905777263212903	-0.015927229092280365	False
26	16	additive	zero_effect	zero_effect_diagnostic	D	0.0849850017244094	0.06905777263212903	-0.015927229092280365	False
26	16	compositional_ridge	CPA_0.8.8	primary_state_pair	S	0.04949534515643799	0.04949534515643799	0.0	False
26	16	compositional_ridge	CPA_0.8.8	primary_state_pair	M	0.04949534515643799	0.04949534515643798	-1.3877787807814457e-17	False
26	16	compositional_ridge	CPA_0.8.8	primary_state_pair	P	0.04949534515643799	0.051389825409993636	0.0018944802535556457	False
26	16	compositional_ridge	CPA_0.8.8	primary_state_pair	O	0.04949534515643799	0.0476008649028823	-0.0018944802535556873	False
26	16	compositional_ridge	CPA_0.8.8	primary_state_pair	D	0.04949534515643799	0.04949534515643797	-2.0816681711721685e-17	False
26	16	compositional_ridge	zero_effect	zero_effect_diagnostic	S	0.08577623778933471	0.08577623778933471	0.0	False
26	16	compositional_ridge	zero_effect	zero_effect_diagnostic	M	0.08577623778933471	0.08577623778933471	0.0	False
26	16	compositional_ridge	zero_effect	zero_effect_diagnostic	P	0.08577623778933471	0.06984900869705432	-0.015927229092280393	False
26	16	compositional_ridge	zero_effect	zero_effect_diagnostic	O	0.08577623778933471	0.06984900869705432	-0.015927229092280393	False
26	16	compositional_ridge	zero_effect	zero_effect_diagnostic	D	0.08577623778933471	0.06984900869705432	-0.015927229092280393	False
26	16	CPA_0.8.8	zero_effect	zero_effect_diagnostic	S	0.03628089263289673	0.03628089263289673	0.0	False
26	16	CPA_0.8.8	zero_effect	zero_effect_diagnostic	M	0.03628089263289673	0.036280892632896744	1.3877787807814457e-17	False
26	16	CPA_0.8.8	zero_effect	zero_effect_diagnostic	P	0.03628089263289673	0.018459183287060685	-0.017821709345836045	False
26	16	CPA_0.8.8	zero_effect	zero_effect_diagnostic	O	0.03628089263289673	0.022248143794172018	-0.014032748838724712	False
26	16	CPA_0.8.8	zero_effect	zero_effect_diagnostic	D	0.03628089263289673	0.02035366354061635	-0.01592722909228038	False
26	32	additive	compositional_ridge	primary_state_pair	S	-0.0007912360649253228	-0.0007912360649253228	0.0	False
26	32	additive	compositional_ridge	primary_state_pair	M	-0.0007912360649253228	-0.0007912360649253228	0.0	False
26	32	additive	compositional_ridge	primary_state_pair	P	-0.0007912360649253228	-0.000791236064925302	2.0816681711721685e-17	False
26	32	additive	compositional_ridge	primary_state_pair	O	-0.0007912360649253228	-0.000791236064925302	2.0816681711721685e-17	False
26	32	additive	compositional_ridge	primary_state_pair	D	-0.0007912360649253228	-0.000791236064925302	2.0816681711721685e-17	False
26	32	additive	CPA_0.8.8	primary_state_pair	S	0.048176904887881594	0.048176904887881594	0.0	False
26	32	additive	CPA_0.8.8	primary_state_pair	M	0.048176904887881594	0.048176904887881594	0.0	False
26	32	additive	CPA_0.8.8	primary_state_pair	P	0.048176904887881594	0.049109745925140676	0.0009328410372590815	False
26	32	additive	CPA_0.8.8	primary_state_pair	O	0.048176904887881594	0.04724406385062247	-0.0009328410372591231	False
26	32	additive	CPA_0.8.8	primary_state_pair	D	0.048176904887881594	0.048176904887881615	2.0816681711721685e-17	False
26	32	additive	zero_effect	zero_effect_diagnostic	S	0.08047631768865632	0.08047631768865632	0.0	False
26	32	additive	zero_effect	zero_effect_diagnostic	M	0.08047631768865632	0.08047631768865632	0.0	False
26	32	additive	zero_effect	zero_effect_diagnostic	P	0.08047631768865632	0.07267605995501356	-0.0078002577336427625	False
26	32	additive	zero_effect	zero_effect_diagnostic	O	0.08047631768865632	0.07267605995501356	-0.0078002577336427625	False
26	32	additive	zero_effect	zero_effect_diagnostic	D	0.08047631768865632	0.07267605995501356	-0.0078002577336427625	False
26	32	compositional_ridge	CPA_0.8.8	primary_state_pair	S	0.04896814095280692	0.04896814095280692	0.0	False
26	32	compositional_ridge	CPA_0.8.8	primary_state_pair	M	0.04896814095280692	0.04896814095280692	0.0	False
26	32	compositional_ridge	CPA_0.8.8	primary_state_pair	P	0.04896814095280692	0.04990098199006598	0.0009328410372590606	False
26	32	compositional_ridge	CPA_0.8.8	primary_state_pair	O	0.04896814095280692	0.04803529991554777	-0.0009328410372591439	False
26	32	compositional_ridge	CPA_0.8.8	primary_state_pair	D	0.04896814095280692	0.04896814095280692	0.0	False
26	32	compositional_ridge	zero_effect	zero_effect_diagnostic	S	0.08126755375358163	0.08126755375358163	0.0	False
26	32	compositional_ridge	zero_effect	zero_effect_diagnostic	M	0.08126755375358163	0.08126755375358163	0.0	False
26	32	compositional_ridge	zero_effect	zero_effect_diagnostic	P	0.08126755375358163	0.07346729601993884	-0.00780025773364279	False
26	32	compositional_ridge	zero_effect	zero_effect_diagnostic	O	0.08126755375358163	0.07346729601993884	-0.00780025773364279	False
26	32	compositional_ridge	zero_effect	zero_effect_diagnostic	D	0.08126755375358163	0.07346729601993884	-0.00780025773364279	False
26	32	CPA_0.8.8	zero_effect	zero_effect_diagnostic	S	0.032299412800774724	0.032299412800774724	0.0	False
26	32	CPA_0.8.8	zero_effect	zero_effect_diagnostic	M	0.032299412800774724	0.032299412800774724	0.0	False
26	32	CPA_0.8.8	zero_effect	zero_effect_diagnostic	P	0.032299412800774724	0.023566314029872873	-0.008733098770901851	False
26	32	CPA_0.8.8	zero_effect	zero_effect_diagnostic	O	0.032299412800774724	0.025431996104391077	-0.006867416696383646	False
26	32	CPA_0.8.8	zero_effect	zero_effect_diagnostic	D	0.032299412800774724	0.024499155067131934	-0.00780025773364279	False
26	64	additive	compositional_ridge	primary_state_pair	S	-0.0007912360649253228	-0.0007912360649253228	0.0	False
26	64	additive	compositional_ridge	primary_state_pair	M	-0.0007912360649253228	-0.0007912360649253228	0.0	False
26	64	additive	compositional_ridge	primary_state_pair	P	-0.0007912360649253228	-0.0007912360649253367	-1.3877787807814457e-17	False
26	64	additive	compositional_ridge	primary_state_pair	O	-0.0007912360649253228	-0.0007912360649253367	-1.3877787807814457e-17	False
26	64	additive	compositional_ridge	primary_state_pair	D	-0.0007912360649253228	-0.0007912360649253367	-1.3877787807814457e-17	False
26	64	additive	CPA_0.8.8	primary_state_pair	S	0.048039267173525343	0.048039267173525343	0.0	False
26	64	additive	CPA_0.8.8	primary_state_pair	M	0.048039267173525343	0.04803926717352536	1.3877787807814457e-17	False
26	64	additive	CPA_0.8.8	primary_state_pair	P	0.048039267173525343	0.0486352340835553	0.0005959669100299575	False
26	64	additive	CPA_0.8.8	primary_state_pair	O	0.048039267173525343	0.04744330026349543	-0.0005959669100299159	False
26	64	additive	CPA_0.8.8	primary_state_pair	D	0.048039267173525343	0.04803926717352533	-1.3877787807814457e-17	False
26	64	additive	zero_effect	zero_effect_diagnostic	S	0.07872171962006344	0.07872171962006344	0.0	False
26	64	additive	zero_effect	zero_effect_diagnostic	M	0.07872171962006344	0.07872171962006344	0.0	False
26	64	additive	zero_effect	zero_effect_diagnostic	P	0.07872171962006344	0.07460164701433034	-0.004120072605733105	False
26	64	additive	zero_effect	zero_effect_diagnostic	O	0.07872171962006344	0.07460164701433034	-0.004120072605733105	False
26	64	additive	zero_effect	zero_effect_diagnostic	D	0.07872171962006344	0.07460164701433034	-0.004120072605733105	False
26	64	compositional_ridge	CPA_0.8.8	primary_state_pair	S	0.048830503238450666	0.048830503238450666	0.0	False
26	64	compositional_ridge	CPA_0.8.8	primary_state_pair	M	0.048830503238450666	0.04883050323845068	1.3877787807814457e-17	False
26	64	compositional_ridge	CPA_0.8.8	primary_state_pair	P	0.048830503238450666	0.04942647014848064	0.0005959669100299714	False
26	64	compositional_ridge	CPA_0.8.8	primary_state_pair	O	0.048830503238450666	0.048234536328420764	-0.000595966910029902	False
26	64	compositional_ridge	CPA_0.8.8	primary_state_pair	D	0.048830503238450666	0.048830503238450666	0.0	False
26	64	compositional_ridge	zero_effect	zero_effect_diagnostic	S	0.07951295568498876	0.07951295568498876	0.0	False
26	64	compositional_ridge	zero_effect	zero_effect_diagnostic	M	0.07951295568498876	0.07951295568498876	0.0	False
26	64	compositional_ridge	zero_effect	zero_effect_diagnostic	P	0.07951295568498876	0.07539288307925568	-0.004120072605733077	False
26	64	compositional_ridge	zero_effect	zero_effect_diagnostic	O	0.07951295568498876	0.07539288307925568	-0.004120072605733077	False
26	64	compositional_ridge	zero_effect	zero_effect_diagnostic	D	0.07951295568498876	0.07539288307925568	-0.004120072605733077	False
26	64	CPA_0.8.8	zero_effect	zero_effect_diagnostic	S	0.030682452446538097	0.030682452446538097	0.0	False
26	64	CPA_0.8.8	zero_effect	zero_effect_diagnostic	M	0.030682452446538097	0.030682452446538083	-1.3877787807814457e-17	False
26	64	CPA_0.8.8	zero_effect	zero_effect_diagnostic	P	0.030682452446538097	0.025966412930775035	-0.0047160395157630625	False
26	64	CPA_0.8.8	zero_effect	zero_effect_diagnostic	O	0.030682452446538097	0.027158346750834908	-0.003524105695703189	False
26	64	CPA_0.8.8	zero_effect	zero_effect_diagnostic	D	0.030682452446538097	0.026562379840805006	-0.004120072605733091	False
26	128	additive	compositional_ridge	primary_state_pair	S	-0.0007912360649253228	-0.0007912360649253228	0.0	False
26	128	additive	compositional_ridge	primary_state_pair	M	-0.0007912360649253228	-0.0007912360649253228	0.0	False
26	128	additive	compositional_ridge	primary_state_pair	P	-0.0007912360649253228	-0.0007912360649253193	3.469446951953614e-18	False
26	128	additive	compositional_ridge	primary_state_pair	O	-0.0007912360649253228	-0.0007912360649253193	3.469446951953614e-18	False
26	128	additive	compositional_ridge	primary_state_pair	D	-0.0007912360649253228	-0.0007912360649253193	3.469446951953614e-18	False
26	128	additive	CPA_0.8.8	primary_state_pair	S	0.047071130823986715	0.047071130823986715	0.0	False
26	128	additive	CPA_0.8.8	primary_state_pair	M	0.047071130823986715	0.047071130823986715	0.0	False
26	128	additive	CPA_0.8.8	primary_state_pair	P	0.047071130823986715	0.047191594797061635	0.00012046397307492046	False
26	128	additive	CPA_0.8.8	primary_state_pair	O	0.047071130823986715	0.04695066685091181	-0.00012046397307490658	False
26	128	additive	CPA_0.8.8	primary_state_pair	D	0.047071130823986715	0.04707113082398675	3.469446951953614e-17	False
26	128	additive	zero_effect	zero_effect_diagnostic	S	0.07652296155126405	0.07652296155126405	0.0	False
26	128	additive	zero_effect	zero_effect_diagnostic	M	0.07652296155126405	0.07652296155126405	0.0	False
26	128	additive	zero_effect	zero_effect_diagnostic	P	0.07652296155126405	0.0746729966717701	-0.0018499648794939455	False
26	128	additive	zero_effect	zero_effect_diagnostic	O	0.07652296155126405	0.0746729966717701	-0.0018499648794939455	False
26	128	additive	zero_effect	zero_effect_diagnostic	D	0.07652296155126405	0.0746729966717701	-0.0018499648794939455	False
26	128	compositional_ridge	CPA_0.8.8	primary_state_pair	S	0.04786236688891204	0.04786236688891204	0.0	False
26	128	compositional_ridge	CPA_0.8.8	primary_state_pair	M	0.04786236688891204	0.04786236688891204	0.0	False
26	128	compositional_ridge	CPA_0.8.8	primary_state_pair	P	0.04786236688891204	0.04798283086198696	0.00012046397307492046	False
26	128	compositional_ridge	CPA_0.8.8	primary_state_pair	O	0.04786236688891204	0.04774190291583713	-0.00012046397307490658	False
26	128	compositional_ridge	CPA_0.8.8	primary_state_pair	D	0.04786236688891204	0.04786236688891207	3.469446951953614e-17	False
26	128	compositional_ridge	zero_effect	zero_effect_diagnostic	S	0.07731419761618938	0.07731419761618938	0.0	False
26	128	compositional_ridge	zero_effect	zero_effect_diagnostic	M	0.07731419761618938	0.07731419761618938	0.0	False
26	128	compositional_ridge	zero_effect	zero_effect_diagnostic	P	0.07731419761618938	0.07546423273669543	-0.0018499648794939455	False
26	128	compositional_ridge	zero_effect	zero_effect_diagnostic	O	0.07731419761618938	0.07546423273669543	-0.0018499648794939455	False
26	128	compositional_ridge	zero_effect	zero_effect_diagnostic	D	0.07731419761618938	0.07546423273669543	-0.0018499648794939455	False
26	128	CPA_0.8.8	zero_effect	zero_effect_diagnostic	S	0.029451830727277334	0.029451830727277334	0.0	False
26	128	CPA_0.8.8	zero_effect	zero_effect_diagnostic	M	0.029451830727277334	0.029451830727277334	0.0	False
26	128	CPA_0.8.8	zero_effect	zero_effect_diagnostic	P	0.029451830727277334	0.027481401874708475	-0.001970428852568859	False
26	128	CPA_0.8.8	zero_effect	zero_effect_diagnostic	O	0.029451830727277334	0.027722329820858302	-0.001729500906419032	False
26	128	CPA_0.8.8	zero_effect	zero_effect_diagnostic	D	0.029451830727277334	0.02760186584778336	-0.0018499648794939733	False
26	135	additive	compositional_ridge	primary_state_pair	S	-0.0007912360649253228	-0.0007912360649253228	0.0	False
26	135	additive	compositional_ridge	primary_state_pair	M	-0.0007912360649253228	-0.0007912360649253228	0.0	False
26	135	additive	compositional_ridge	primary_state_pair	P	-0.0007912360649253228	-0.0007912360649253124	1.0408340855860843e-17	False
26	135	additive	compositional_ridge	primary_state_pair	O	-0.0007912360649253228	-0.0007912360649253124	1.0408340855860843e-17	False
26	135	additive	compositional_ridge	primary_state_pair	D	-0.0007912360649253228	-0.0007912360649253124	1.0408340855860843e-17	False
26	135	additive	CPA_0.8.8	primary_state_pair	S	0.047077327233182004	0.047077327233182004	0.0	False
26	135	additive	CPA_0.8.8	primary_state_pair	M	0.047077327233182004	0.04707732723318199	-1.3877787807814457e-17	False
26	135	additive	CPA_0.8.8	primary_state_pair	P	0.047077327233182004	0.0471957485353678	0.00011842130218579772	False
26	135	additive	CPA_0.8.8	primary_state_pair	O	0.047077327233182004	0.04695890593099622	-0.00011842130218578384	False
26	135	additive	CPA_0.8.8	primary_state_pair	D	0.047077327233182004	0.04707732723318199	-1.3877787807814457e-17	False
26	135	additive	zero_effect	zero_effect_diagnostic	S	0.07645097551474453	0.07645097551474453	0.0	False
26	135	additive	zero_effect	zero_effect_diagnostic	M	0.07645097551474453	0.07645097551474453	0.0	False
26	135	additive	zero_effect	zero_effect_diagnostic	P	0.07645097551474453	0.0746787940916133	-0.001772181423131236	False
26	135	additive	zero_effect	zero_effect_diagnostic	O	0.07645097551474453	0.0746787940916133	-0.001772181423131236	False
26	135	additive	zero_effect	zero_effect_diagnostic	D	0.07645097551474453	0.0746787940916133	-0.001772181423131236	False
26	135	compositional_ridge	CPA_0.8.8	primary_state_pair	S	0.047868563298107326	0.047868563298107326	0.0	False
26	135	compositional_ridge	CPA_0.8.8	primary_state_pair	M	0.047868563298107326	0.04786856329810731	-1.3877787807814457e-17	False
26	135	compositional_ridge	CPA_0.8.8	primary_state_pair	P	0.047868563298107326	0.04798698460029312	0.00011842130218579078	False
26	135	compositional_ridge	CPA_0.8.8	primary_state_pair	O	0.047868563298107326	0.047750141995921536	-0.00011842130218579078	False
26	135	compositional_ridge	CPA_0.8.8	primary_state_pair	D	0.047868563298107326	0.047868563298107306	-2.0816681711721685e-17	False
26	135	compositional_ridge	zero_effect	zero_effect_diagnostic	S	0.07724221157966984	0.07724221157966984	0.0	False
26	135	compositional_ridge	zero_effect	zero_effect_diagnostic	M	0.07724221157966984	0.07724221157966984	0.0	False
26	135	compositional_ridge	zero_effect	zero_effect_diagnostic	P	0.07724221157966984	0.07547003015653861	-0.001772181423131236	False
26	135	compositional_ridge	zero_effect	zero_effect_diagnostic	O	0.07724221157966984	0.07547003015653861	-0.001772181423131236	False
26	135	compositional_ridge	zero_effect	zero_effect_diagnostic	D	0.07724221157966984	0.07547003015653861	-0.001772181423131236	False
26	135	CPA_0.8.8	zero_effect	zero_effect_diagnostic	S	0.029373648281562525	0.029373648281562525	0.0	False
26	135	CPA_0.8.8	zero_effect	zero_effect_diagnostic	M	0.029373648281562525	0.02937364828156254	1.3877787807814457e-17	False
26	135	CPA_0.8.8	zero_effect	zero_effect_diagnostic	P	0.029373648281562525	0.02748304555624549	-0.0018906027253170338	False
26	135	CPA_0.8.8	zero_effect	zero_effect_diagnostic	O	0.029373648281562525	0.027719888160617073	-0.0016537601209454522	False
26	135	CPA_0.8.8	zero_effect	zero_effect_diagnostic	D	0.029373648281562525	0.027601466858431303	-0.0017721814231312222	False
27	8	additive	compositional_ridge	primary_state_pair	S	-0.0007912360649253228	-0.0007912360649253228	0.0	False
27	8	additive	compositional_ridge	primary_state_pair	M	-0.0007912360649253228	-0.0007912360649253228	0.0	False
27	8	additive	compositional_ridge	primary_state_pair	P	-0.0007912360649253228	-0.0007912360649252881	3.469446951953614e-17	False
27	8	additive	compositional_ridge	primary_state_pair	O	-0.0007912360649253228	-0.0007912360649252881	3.469446951953614e-17	False
27	8	additive	compositional_ridge	primary_state_pair	D	-0.0007912360649253228	-0.0007912360649252881	3.469446951953614e-17	False
27	8	additive	CPA_0.8.8	primary_state_pair	S	0.04556760358725874	0.04556760358725874	0.0	False
27	8	additive	CPA_0.8.8	primary_state_pair	M	0.04556760358725874	0.045567603587258726	-1.3877787807814457e-17	False
27	8	additive	CPA_0.8.8	primary_state_pair	P	0.04556760358725874	0.047996566214491075	0.0024289626272323353	False
27	8	additive	CPA_0.8.8	primary_state_pair	O	0.04556760358725874	0.04313864096002638	-0.002428962627232363	False
27	8	additive	CPA_0.8.8	primary_state_pair	D	0.04556760358725874	0.04556760358725872	-2.0816681711721685e-17	False
27	8	additive	zero_effect	zero_effect_diagnostic	S	0.08818061742362789	0.08818061742362789	0.0	False
27	8	additive	zero_effect	zero_effect_diagnostic	M	0.08818061742362789	0.08818061742362789	0.0	False
27	8	additive	zero_effect	zero_effect_diagnostic	P	0.08818061742362789	0.05798938165784009	-0.030191235765787798	False
27	8	additive	zero_effect	zero_effect_diagnostic	O	0.08818061742362789	0.05798938165784009	-0.030191235765787798	False
27	8	additive	zero_effect	zero_effect_diagnostic	D	0.08818061742362789	0.05798938165784009	-0.030191235765787798	False
27	8	compositional_ridge	CPA_0.8.8	primary_state_pair	S	0.04635883965218406	0.04635883965218406	0.0	False
27	8	compositional_ridge	CPA_0.8.8	primary_state_pair	M	0.04635883965218406	0.04635883965218405	-1.3877787807814457e-17	False
27	8	compositional_ridge	CPA_0.8.8	primary_state_pair	P	0.04635883965218406	0.04878780227941636	0.0024289626272323006	False
27	8	compositional_ridge	CPA_0.8.8	primary_state_pair	O	0.04635883965218406	0.043929877024951665	-0.0024289626272323978	False
27	8	compositional_ridge	CPA_0.8.8	primary_state_pair	D	0.04635883965218406	0.04635883965218401	-5.551115123125783e-17	False
27	8	compositional_ridge	zero_effect	zero_effect_diagnostic	S	0.08897185348855322	0.08897185348855322	0.0	False
27	8	compositional_ridge	zero_effect	zero_effect_diagnostic	M	0.08897185348855322	0.08897185348855322	0.0	False
27	8	compositional_ridge	zero_effect	zero_effect_diagnostic	P	0.08897185348855322	0.058780617722765376	-0.03019123576578784	False
27	8	compositional_ridge	zero_effect	zero_effect_diagnostic	O	0.08897185348855322	0.058780617722765376	-0.03019123576578784	False
27	8	compositional_ridge	zero_effect	zero_effect_diagnostic	D	0.08897185348855322	0.058780617722765376	-0.03019123576578784	False
27	8	CPA_0.8.8	zero_effect	zero_effect_diagnostic	S	0.042613013836369146	0.042613013836369146	0.0	False
27	8	CPA_0.8.8	zero_effect	zero_effect_diagnostic	M	0.042613013836369146	0.04261301383636916	1.3877787807814457e-17	False
27	8	CPA_0.8.8	zero_effect	zero_effect_diagnostic	P	0.042613013836369146	0.009992815443349012	-0.03262019839302013	False
27	8	CPA_0.8.8	zero_effect	zero_effect_diagnostic	O	0.042613013836369146	0.01485074069781371	-0.027762273138555435	False
27	8	CPA_0.8.8	zero_effect	zero_effect_diagnostic	D	0.042613013836369146	0.012421778070581369	-0.030191235765787777	False
27	16	additive	compositional_ridge	primary_state_pair	S	-0.0007912360649253228	-0.0007912360649253228	0.0	False
27	16	additive	compositional_ridge	primary_state_pair	M	-0.0007912360649253228	-0.0007912360649253228	0.0	False
27	16	additive	compositional_ridge	primary_state_pair	P	-0.0007912360649253228	-0.000791236064925295	2.7755575615628914e-17	False
27	16	additive	compositional_ridge	primary_state_pair	O	-0.0007912360649253228	-0.000791236064925295	2.7755575615628914e-17	False
27	16	additive	compositional_ridge	primary_state_pair	D	-0.0007912360649253228	-0.000791236064925295	2.7755575615628914e-17	False
27	16	additive	CPA_0.8.8	primary_state_pair	S	0.046497572442176865	0.046497572442176865	0.0	False
27	16	additive	CPA_0.8.8	primary_state_pair	M	0.046497572442176865	0.046497572442176865	0.0	False
27	16	additive	CPA_0.8.8	primary_state_pair	P	0.046497572442176865	0.04881263686984529	0.002315064427668427	False
27	16	additive	CPA_0.8.8	primary_state_pair	O	0.046497572442176865	0.04418250801450844	-0.002315064427668427	False
27	16	additive	CPA_0.8.8	primary_state_pair	D	0.046497572442176865	0.046497572442176886	2.0816681711721685e-17	False
27	16	additive	zero_effect	zero_effect_diagnostic	S	0.0820379787593045	0.0820379787593045	0.0	False
27	16	additive	zero_effect	zero_effect_diagnostic	M	0.0820379787593045	0.0820379787593045	0.0	False
27	16	additive	zero_effect	zero_effect_diagnostic	P	0.0820379787593045	0.0661704345654757	-0.01586754419382881	False
27	16	additive	zero_effect	zero_effect_diagnostic	O	0.0820379787593045	0.0661704345654757	-0.01586754419382881	False
27	16	additive	zero_effect	zero_effect_diagnostic	D	0.0820379787593045	0.0661704345654757	-0.01586754419382881	False
27	16	compositional_ridge	CPA_0.8.8	primary_state_pair	S	0.04728880850710219	0.04728880850710219	0.0	False
27	16	compositional_ridge	CPA_0.8.8	primary_state_pair	M	0.04728880850710219	0.04728880850710219	0.0	False
27	16	compositional_ridge	CPA_0.8.8	primary_state_pair	P	0.04728880850710219	0.04960387293477059	0.0023150644276683993	False
27	16	compositional_ridge	CPA_0.8.8	primary_state_pair	O	0.04728880850710219	0.04497374407943373	-0.002315064427668455	False
27	16	compositional_ridge	CPA_0.8.8	primary_state_pair	D	0.04728880850710219	0.04728880850710218	-6.938893903907228e-18	False
27	16	compositional_ridge	zero_effect	zero_effect_diagnostic	S	0.08282921482422984	0.08282921482422984	0.0	False
27	16	compositional_ridge	zero_effect	zero_effect_diagnostic	M	0.08282921482422984	0.08282921482422984	0.0	False
27	16	compositional_ridge	zero_effect	zero_effect_diagnostic	P	0.08282921482422984	0.06696167063040098	-0.015867544193828853	False
27	16	compositional_ridge	zero_effect	zero_effect_diagnostic	O	0.08282921482422984	0.06696167063040098	-0.015867544193828853	False
27	16	compositional_ridge	zero_effect	zero_effect_diagnostic	D	0.08282921482422984	0.06696167063040098	-0.015867544193828853	False
27	16	CPA_0.8.8	zero_effect	zero_effect_diagnostic	S	0.03554040631712764	0.03554040631712764	0.0	False
27	16	CPA_0.8.8	zero_effect	zero_effect_diagnostic	M	0.03554040631712764	0.03554040631712764	0.0	False
27	16	CPA_0.8.8	zero_effect	zero_effect_diagnostic	P	0.03554040631712764	0.017357797695630395	-0.018182608621497245	False
27	16	CPA_0.8.8	zero_effect	zero_effect_diagnostic	O	0.03554040631712764	0.02198792655096725	-0.013552479766160391	False
27	16	CPA_0.8.8	zero_effect	zero_effect_diagnostic	D	0.03554040631712764	0.0196728621232988	-0.01586754419382884	False
27	32	additive	compositional_ridge	primary_state_pair	S	-0.0007912360649253228	-0.0007912360649253228	0.0	False
27	32	additive	compositional_ridge	primary_state_pair	M	-0.0007912360649253228	-0.0007912360649253228	0.0	False
27	32	additive	compositional_ridge	primary_state_pair	P	-0.0007912360649253228	-0.0007912360649253158	6.938893903907228e-18	False
27	32	additive	compositional_ridge	primary_state_pair	O	-0.0007912360649253228	-0.0007912360649253158	6.938893903907228e-18	False
27	32	additive	compositional_ridge	primary_state_pair	D	-0.0007912360649253228	-0.0007912360649253158	6.938893903907228e-18	False
27	32	additive	CPA_0.8.8	primary_state_pair	S	0.04441620157270179	0.04441620157270179	0.0	False
27	32	additive	CPA_0.8.8	primary_state_pair	M	0.04441620157270179	0.04441620157270179	0.0	False
27	32	additive	CPA_0.8.8	primary_state_pair	P	0.04441620157270179	0.04587513460917679	0.0014589330364749992	False
27	32	additive	CPA_0.8.8	primary_state_pair	O	0.04441620157270179	0.04295726853622682	-0.0014589330364749714	False
27	32	additive	CPA_0.8.8	primary_state_pair	D	0.04441620157270179	0.04441620157270178	-1.3877787807814457e-17	False
27	32	additive	zero_effect	zero_effect_diagnostic	S	0.07589258212838143	0.07589258212838143	0.0	False
27	32	additive	zero_effect	zero_effect_diagnostic	M	0.07589258212838143	0.07589258212838143	0.0	False
27	32	additive	zero_effect	zero_effect_diagnostic	P	0.07589258212838143	0.06752410441070235	-0.008368477717679082	False
27	32	additive	zero_effect	zero_effect_diagnostic	O	0.07589258212838143	0.06752410441070235	-0.008368477717679082	False
27	32	additive	zero_effect	zero_effect_diagnostic	D	0.07589258212838143	0.06752410441070235	-0.008368477717679082	False
27	32	compositional_ridge	CPA_0.8.8	primary_state_pair	S	0.045207437637627114	0.045207437637627114	0.0	False
27	32	compositional_ridge	CPA_0.8.8	primary_state_pair	M	0.045207437637627114	0.045207437637627114	0.0	False
27	32	compositional_ridge	CPA_0.8.8	primary_state_pair	P	0.045207437637627114	0.046666370674102106	0.0014589330364749922	False
27	32	compositional_ridge	CPA_0.8.8	primary_state_pair	O	0.045207437637627114	0.043748504601152136	-0.0014589330364749784	False
27	32	compositional_ridge	CPA_0.8.8	primary_state_pair	D	0.045207437637627114	0.04520743763762709	-2.0816681711721685e-17	False
27	32	compositional_ridge	zero_effect	zero_effect_diagnostic	S	0.07668381819330675	0.07668381819330675	0.0	False
27	32	compositional_ridge	zero_effect	zero_effect_diagnostic	M	0.07668381819330675	0.07668381819330675	0.0	False
27	32	compositional_ridge	zero_effect	zero_effect_diagnostic	P	0.07668381819330675	0.06831534047562766	-0.008368477717679082	False
27	32	compositional_ridge	zero_effect	zero_effect_diagnostic	O	0.07668381819330675	0.06831534047562766	-0.008368477717679082	False
27	32	compositional_ridge	zero_effect	zero_effect_diagnostic	D	0.07668381819330675	0.06831534047562766	-0.008368477717679082	False
27	32	CPA_0.8.8	zero_effect	zero_effect_diagnostic	S	0.03147638055567964	0.03147638055567964	0.0	False
27	32	CPA_0.8.8	zero_effect	zero_effect_diagnostic	M	0.03147638055567964	0.03147638055567964	0.0	False
27	32	CPA_0.8.8	zero_effect	zero_effect_diagnostic	P	0.03147638055567964	0.02164896980152556	-0.009827410754154081	False
27	32	CPA_0.8.8	zero_effect	zero_effect_diagnostic	O	0.03147638055567964	0.02456683587447553	-0.006909544681204111	False
27	32	CPA_0.8.8	zero_effect	zero_effect_diagnostic	D	0.03147638055567964	0.02310790283800057	-0.008368477717679068	False
27	64	additive	compositional_ridge	primary_state_pair	S	-0.0007912360649253228	-0.0007912360649253228	0.0	False
27	64	additive	compositional_ridge	primary_state_pair	M	-0.0007912360649253228	-0.0007912360649253228	0.0	False
27	64	additive	compositional_ridge	primary_state_pair	P	-0.0007912360649253228	-0.0007912360649253124	1.0408340855860843e-17	False
27	64	additive	compositional_ridge	primary_state_pair	O	-0.0007912360649253228	-0.0007912360649253124	1.0408340855860843e-17	False
27	64	additive	compositional_ridge	primary_state_pair	D	-0.0007912360649253228	-0.0007912360649253124	1.0408340855860843e-17	False
27	64	additive	CPA_0.8.8	primary_state_pair	S	0.04618543985930472	0.04618543985930472	0.0	False
27	64	additive	CPA_0.8.8	primary_state_pair	M	0.04618543985930472	0.04618543985930472	0.0	False
27	64	additive	CPA_0.8.8	primary_state_pair	P	0.04618543985930472	0.04653158495874625	0.0003461450994415305	False
27	64	additive	CPA_0.8.8	primary_state_pair	O	0.04618543985930472	0.04583929475986319	-0.0003461450994415305	False
27	64	additive	CPA_0.8.8	primary_state_pair	D	0.04618543985930472	0.046185439859304706	-1.3877787807814457e-17	False
27	64	additive	zero_effect	zero_effect_diagnostic	S	0.07632618011469819	0.07632618011469819	0.0	False
27	64	additive	zero_effect	zero_effect_diagnostic	M	0.07632618011469819	0.07632618011469816	-2.7755575615628914e-17	False
27	64	additive	zero_effect	zero_effect_diagnostic	P	0.07632618011469819	0.07244973680979688	-0.003876443304901306	False
27	64	additive	zero_effect	zero_effect_diagnostic	O	0.07632618011469819	0.07244973680979688	-0.003876443304901306	False
27	64	additive	zero_effect	zero_effect_diagnostic	D	0.07632618011469819	0.07244973680979688	-0.003876443304901306	False
27	64	compositional_ridge	CPA_0.8.8	primary_state_pair	S	0.04697667592423004	0.04697667592423004	0.0	False
27	64	compositional_ridge	CPA_0.8.8	primary_state_pair	M	0.04697667592423004	0.04697667592423004	0.0	False
27	64	compositional_ridge	CPA_0.8.8	primary_state_pair	P	0.04697667592423004	0.04732282102367156	0.0003461450994415166	False
27	64	compositional_ridge	CPA_0.8.8	primary_state_pair	O	0.04697667592423004	0.0466305308247885	-0.00034614509944154437	False
27	64	compositional_ridge	CPA_0.8.8	primary_state_pair	D	0.04697667592423004	0.046976675924230014	-2.7755575615628914e-17	False
27	64	compositional_ridge	zero_effect	zero_effect_diagnostic	S	0.0771174161796235	0.0771174161796235	0.0	False
27	64	compositional_ridge	zero_effect	zero_effect_diagnostic	M	0.0771174161796235	0.07711741617962348	-2.7755575615628914e-17	False
27	64	compositional_ridge	zero_effect	zero_effect_diagnostic	P	0.0771174161796235	0.0732409728747222	-0.003876443304901306	False
27	64	compositional_ridge	zero_effect	zero_effect_diagnostic	O	0.0771174161796235	0.0732409728747222	-0.003876443304901306	False
27	64	compositional_ridge	zero_effect	zero_effect_diagnostic	D	0.0771174161796235	0.0732409728747222	-0.003876443304901306	False
27	64	CPA_0.8.8	zero_effect	zero_effect_diagnostic	S	0.03014074025539347	0.03014074025539347	0.0	False
27	64	CPA_0.8.8	zero_effect	zero_effect_diagnostic	M	0.03014074025539347	0.03014074025539344	-2.7755575615628914e-17	False
27	64	CPA_0.8.8	zero_effect	zero_effect_diagnostic	P	0.03014074025539347	0.025918151851050633	-0.004222588404342836	False
27	64	CPA_0.8.8	zero_effect	zero_effect_diagnostic	O	0.03014074025539347	0.026610442049933694	-0.0035302982054597754	False
27	64	CPA_0.8.8	zero_effect	zero_effect_diagnostic	D	0.03014074025539347	0.026264296950492177	-0.003876443304901292	False
27	128	additive	compositional_ridge	primary_state_pair	S	-0.0007912360649253228	-0.0007912360649253228	0.0	False
27	128	additive	compositional_ridge	primary_state_pair	M	-0.0007912360649253228	-0.0007912360649253228	0.0	False
27	128	additive	compositional_ridge	primary_state_pair	P	-0.0007912360649253228	-0.0007912360649253158	6.938893903907228e-18	False
27	128	additive	compositional_ridge	primary_state_pair	O	-0.0007912360649253228	-0.0007912360649253158	6.938893903907228e-18	False
27	128	additive	compositional_ridge	primary_state_pair	D	-0.0007912360649253228	-0.0007912360649253158	6.938893903907228e-18	False
27	128	additive	CPA_0.8.8	primary_state_pair	S	0.04737789692567004	0.04737789692567004	0.0	False
27	128	additive	CPA_0.8.8	primary_state_pair	M	0.04737789692567004	0.04737789692567004	0.0	False
27	128	additive	CPA_0.8.8	primary_state_pair	P	0.04737789692567004	0.047520932193971	0.00014303526830095753	False
27	128	additive	CPA_0.8.8	primary_state_pair	O	0.04737789692567004	0.0472348616573691	-0.00014303526830094365	False
27	128	additive	CPA_0.8.8	primary_state_pair	D	0.04737789692567004	0.047377896925670064	2.0816681711721685e-17	False
27	128	additive	zero_effect	zero_effect_diagnostic	S	0.07684398522352154	0.07684398522352154	0.0	False
27	128	additive	zero_effect	zero_effect_diagnostic	M	0.07684398522352154	0.07684398522352154	0.0	False
27	128	additive	zero_effect	zero_effect_diagnostic	P	0.07684398522352154	0.07500423222268121	-0.0018397530008403273	False
27	128	additive	zero_effect	zero_effect_diagnostic	O	0.07684398522352154	0.07500423222268121	-0.0018397530008403273	False
27	128	additive	zero_effect	zero_effect_diagnostic	D	0.07684398522352154	0.07500423222268121	-0.0018397530008403273	False
27	128	compositional_ridge	CPA_0.8.8	primary_state_pair	S	0.048169132990595366	0.048169132990595366	0.0	False
27	128	compositional_ridge	CPA_0.8.8	primary_state_pair	M	0.048169132990595366	0.048169132990595366	0.0	False
27	128	compositional_ridge	CPA_0.8.8	primary_state_pair	P	0.048169132990595366	0.04831216825889632	0.0001430352683009506	False
27	128	compositional_ridge	CPA_0.8.8	primary_state_pair	O	0.048169132990595366	0.048026097722294415	-0.0001430352683009506	False
27	128	compositional_ridge	CPA_0.8.8	primary_state_pair	D	0.048169132990595366	0.04816913299059538	1.3877787807814457e-17	False
27	128	compositional_ridge	zero_effect	zero_effect_diagnostic	S	0.07763522128844685	0.07763522128844685	0.0	False
27	128	compositional_ridge	zero_effect	zero_effect_diagnostic	M	0.07763522128844685	0.07763522128844685	0.0	False
27	128	compositional_ridge	zero_effect	zero_effect_diagnostic	P	0.07763522128844685	0.07579546828760653	-0.0018397530008403273	False
27	128	compositional_ridge	zero_effect	zero_effect_diagnostic	O	0.07763522128844685	0.07579546828760653	-0.0018397530008403273	False
27	128	compositional_ridge	zero_effect	zero_effect_diagnostic	D	0.07763522128844685	0.07579546828760653	-0.0018397530008403273	False
27	128	CPA_0.8.8	zero_effect	zero_effect_diagnostic	S	0.029466088297851495	0.029466088297851495	0.0	False
27	128	CPA_0.8.8	zero_effect	zero_effect_diagnostic	M	0.029466088297851495	0.029466088297851495	0.0	False
27	128	CPA_0.8.8	zero_effect	zero_effect_diagnostic	P	0.029466088297851495	0.027483300028710217	-0.001982788269141278	False
27	128	CPA_0.8.8	zero_effect	zero_effect_diagnostic	O	0.029466088297851495	0.027769370565312118	-0.0016967177325393767	False
27	128	CPA_0.8.8	zero_effect	zero_effect_diagnostic	D	0.029466088297851495	0.027626335297011154	-0.0018397530008403412	False
27	135	additive	compositional_ridge	primary_state_pair	S	-0.0007912360649253228	-0.0007912360649253228	0.0	False
27	135	additive	compositional_ridge	primary_state_pair	M	-0.0007912360649253228	-0.0007912360649253228	0.0	False
27	135	additive	compositional_ridge	primary_state_pair	P	-0.0007912360649253228	-0.0007912360649253297	-6.938893903907228e-18	False
27	135	additive	compositional_ridge	primary_state_pair	O	-0.0007912360649253228	-0.0007912360649253297	-6.938893903907228e-18	False
27	135	additive	compositional_ridge	primary_state_pair	D	-0.0007912360649253228	-0.0007912360649253297	-6.938893903907228e-18	False
27	135	additive	CPA_0.8.8	primary_state_pair	S	0.047277335451719416	0.047277335451719416	0.0	False
27	135	additive	CPA_0.8.8	primary_state_pair	M	0.047277335451719416	0.047277335451719416	0.0	False
27	135	additive	CPA_0.8.8	primary_state_pair	P	0.047277335451719416	0.04742037594597257	0.0001430404942531563	False
27	135	additive	CPA_0.8.8	primary_state_pair	O	0.047277335451719416	0.04713429495746629	-0.00014304049425312854	False
27	135	additive	CPA_0.8.8	primary_state_pair	D	0.047277335451719416	0.047277335451719436	2.0816681711721685e-17	False
27	135	additive	zero_effect	zero_effect_diagnostic	S	0.07661719731974222	0.07661719731974222	0.0	False
27	135	additive	zero_effect	zero_effect_diagnostic	M	0.07661719731974222	0.0766171973197422	-1.3877787807814457e-17	False
27	135	additive	zero_effect	zero_effect_diagnostic	P	0.07661719731974222	0.07484637417074028	-0.0017708231490019405	False
27	135	additive	zero_effect	zero_effect_diagnostic	O	0.07661719731974222	0.07484637417074028	-0.0017708231490019405	False
27	135	additive	zero_effect	zero_effect_diagnostic	D	0.07661719731974222	0.07484637417074028	-0.0017708231490019405	False
27	135	compositional_ridge	CPA_0.8.8	primary_state_pair	S	0.04806857151664474	0.04806857151664474	0.0	False
27	135	compositional_ridge	CPA_0.8.8	primary_state_pair	M	0.04806857151664474	0.04806857151664474	0.0	False
27	135	compositional_ridge	CPA_0.8.8	primary_state_pair	P	0.04806857151664474	0.0482116120108979	0.00014304049425316323	False
27	135	compositional_ridge	CPA_0.8.8	primary_state_pair	O	0.04806857151664474	0.04792553102239162	-0.0001430404942531216	False
27	135	compositional_ridge	CPA_0.8.8	primary_state_pair	D	0.04806857151664474	0.048068571516644766	2.7755575615628914e-17	False
27	135	compositional_ridge	zero_effect	zero_effect_diagnostic	S	0.07740843338466755	0.07740843338466755	0.0	False
27	135	compositional_ridge	zero_effect	zero_effect_diagnostic	M	0.07740843338466755	0.07740843338466752	-2.7755575615628914e-17	False
27	135	compositional_ridge	zero_effect	zero_effect_diagnostic	P	0.07740843338466755	0.07563761023566559	-0.0017708231490019544	False
27	135	compositional_ridge	zero_effect	zero_effect_diagnostic	O	0.07740843338466755	0.07563761023566559	-0.0017708231490019544	False
27	135	compositional_ridge	zero_effect	zero_effect_diagnostic	D	0.07740843338466755	0.07563761023566559	-0.0017708231490019544	False
27	135	CPA_0.8.8	zero_effect	zero_effect_diagnostic	S	0.0293398618680228	0.0293398618680228	0.0	False
27	135	CPA_0.8.8	zero_effect	zero_effect_diagnostic	M	0.0293398618680228	0.029339861868022787	-1.3877787807814457e-17	False
27	135	CPA_0.8.8	zero_effect	zero_effect_diagnostic	P	0.0293398618680228	0.027425998224767698	-0.0019138636432551037	False
27	135	CPA_0.8.8	zero_effect	zero_effect_diagnostic	O	0.0293398618680228	0.027712079213273982	-0.0016277826547488189	False
27	135	CPA_0.8.8	zero_effect	zero_effect_diagnostic	D	0.0293398618680228	0.027569038719020833	-0.0017708231490019682	False
28	8	additive	compositional_ridge	primary_state_pair	S	-0.0007912360649253228	-0.0007912360649253228	0.0	False
28	8	additive	compositional_ridge	primary_state_pair	M	-0.0007912360649253228	-0.0007912360649253228	0.0	False
28	8	additive	compositional_ridge	primary_state_pair	P	-0.0007912360649253228	-0.0007912360649253505	-2.7755575615628914e-17	False
28	8	additive	compositional_ridge	primary_state_pair	O	-0.0007912360649253228	-0.0007912360649253505	-2.7755575615628914e-17	False
28	8	additive	compositional_ridge	primary_state_pair	D	-0.0007912360649253228	-0.0007912360649253505	-2.7755575615628914e-17	False
28	8	additive	CPA_0.8.8	primary_state_pair	S	0.05049687583945646	0.05049687583945646	0.0	False
28	8	additive	CPA_0.8.8	primary_state_pair	M	0.05049687583945646	0.05049687583945646	0.0	False
28	8	additive	CPA_0.8.8	primary_state_pair	P	0.05049687583945646	0.05463848248619697	0.0041416066467405074	False
28	8	additive	CPA_0.8.8	primary_state_pair	O	0.05049687583945646	0.04635526919271587	-0.004141606646740591	False
28	8	additive	CPA_0.8.8	primary_state_pair	D	0.05049687583945646	0.050496875839456425	-3.469446951953614e-17	False
28	8	additive	zero_effect	zero_effect_diagnostic	S	0.09212058825552319	0.09212058825552319	0.0	False
28	8	additive	zero_effect	zero_effect_diagnostic	M	0.09212058825552319	0.09212058825552319	0.0	False
28	8	additive	zero_effect	zero_effect_diagnostic	P	0.09212058825552319	0.06110698834424335	-0.03101359991127984	False
28	8	additive	zero_effect	zero_effect_diagnostic	O	0.09212058825552319	0.06110698834424335	-0.03101359991127984	False
28	8	additive	zero_effect	zero_effect_diagnostic	D	0.09212058825552319	0.06110698834424335	-0.03101359991127984	False
28	8	compositional_ridge	CPA_0.8.8	primary_state_pair	S	0.05128811190438178	0.05128811190438178	0.0	False
28	8	compositional_ridge	CPA_0.8.8	primary_state_pair	M	0.05128811190438178	0.05128811190438178	0.0	False
28	8	compositional_ridge	CPA_0.8.8	primary_state_pair	P	0.05128811190438178	0.05542971855112232	0.004141606646740535	False
28	8	compositional_ridge	CPA_0.8.8	primary_state_pair	O	0.05128811190438178	0.04714650525764122	-0.004141606646740563	False
28	8	compositional_ridge	CPA_0.8.8	primary_state_pair	D	0.05128811190438178	0.051288111904381775	-6.938893903907228e-18	False
28	8	compositional_ridge	zero_effect	zero_effect_diagnostic	S	0.0929118243204485	0.0929118243204485	0.0	False
28	8	compositional_ridge	zero_effect	zero_effect_diagnostic	M	0.0929118243204485	0.0929118243204485	0.0	False
28	8	compositional_ridge	zero_effect	zero_effect_diagnostic	P	0.0929118243204485	0.0618982244091687	-0.031013599911279804	False
28	8	compositional_ridge	zero_effect	zero_effect_diagnostic	O	0.0929118243204485	0.0618982244091687	-0.031013599911279804	False
28	8	compositional_ridge	zero_effect	zero_effect_diagnostic	D	0.0929118243204485	0.0618982244091687	-0.031013599911279804	False
28	8	CPA_0.8.8	zero_effect	zero_effect_diagnostic	S	0.04162371241606673	0.04162371241606673	0.0	False
28	8	CPA_0.8.8	zero_effect	zero_effect_diagnostic	M	0.04162371241606673	0.04162371241606673	0.0	False
28	8	CPA_0.8.8	zero_effect	zero_effect_diagnostic	P	0.04162371241606673	0.006468505858046383	-0.03515520655802035	False
28	8	CPA_0.8.8	zero_effect	zero_effect_diagnostic	O	0.04162371241606673	0.014751719151527481	-0.02687199326453925	False
28	8	CPA_0.8.8	zero_effect	zero_effect_diagnostic	D	0.04162371241606673	0.010610112504786925	-0.031013599911279804	False
28	16	additive	compositional_ridge	primary_state_pair	S	-0.0007912360649253228	-0.0007912360649253228	0.0	False
28	16	additive	compositional_ridge	primary_state_pair	M	-0.0007912360649253228	-0.0007912360649253228	0.0	False
28	16	additive	compositional_ridge	primary_state_pair	P	-0.0007912360649253228	-0.000791236064925302	2.0816681711721685e-17	False
28	16	additive	compositional_ridge	primary_state_pair	O	-0.0007912360649253228	-0.000791236064925302	2.0816681711721685e-17	False
28	16	additive	compositional_ridge	primary_state_pair	D	-0.0007912360649253228	-0.000791236064925302	2.0816681711721685e-17	False
28	16	additive	CPA_0.8.8	primary_state_pair	S	0.05124521995362735	0.05124521995362735	0.0	False
28	16	additive	CPA_0.8.8	primary_state_pair	M	0.05124521995362735	0.05124521995362735	0.0	False
28	16	additive	CPA_0.8.8	primary_state_pair	P	0.05124521995362735	0.05331968555701687	0.0020744656033895165	False
28	16	additive	CPA_0.8.8	primary_state_pair	O	0.05124521995362735	0.04917075435023788	-0.002074465603389475	False
28	16	additive	CPA_0.8.8	primary_state_pair	D	0.05124521995362735	0.051245219953627394	4.163336342344337e-17	False
28	16	additive	zero_effect	zero_effect_diagnostic	S	0.08668378869755783	0.08668378869755783	0.0	False
28	16	additive	zero_effect	zero_effect_diagnostic	M	0.08668378869755783	0.08668378869755783	0.0	False
28	16	additive	zero_effect	zero_effect_diagnostic	P	0.08668378869755783	0.07134422547930835	-0.015339563218249475	False
28	16	additive	zero_effect	zero_effect_diagnostic	O	0.08668378869755783	0.07134422547930835	-0.015339563218249475	False
28	16	additive	zero_effect	zero_effect_diagnostic	D	0.08668378869755783	0.07134422547930835	-0.015339563218249475	False
28	16	compositional_ridge	CPA_0.8.8	primary_state_pair	S	0.052036456018552675	0.052036456018552675	0.0	False
28	16	compositional_ridge	CPA_0.8.8	primary_state_pair	M	0.052036456018552675	0.052036456018552675	0.0	False
28	16	compositional_ridge	CPA_0.8.8	primary_state_pair	P	0.052036456018552675	0.05411092162194217	0.0020744656033894956	False
28	16	compositional_ridge	CPA_0.8.8	primary_state_pair	O	0.052036456018552675	0.04996199041516318	-0.0020744656033894956	False
28	16	compositional_ridge	CPA_0.8.8	primary_state_pair	D	0.052036456018552675	0.052036456018552696	2.0816681711721685e-17	False
28	16	compositional_ridge	zero_effect	zero_effect_diagnostic	S	0.08747502476248314	0.08747502476248314	0.0	False
28	16	compositional_ridge	zero_effect	zero_effect_diagnostic	M	0.08747502476248314	0.08747502476248314	0.0	False
28	16	compositional_ridge	zero_effect	zero_effect_diagnostic	P	0.08747502476248314	0.07213546154423366	-0.015339563218249488	False
28	16	compositional_ridge	zero_effect	zero_effect_diagnostic	O	0.08747502476248314	0.07213546154423366	-0.015339563218249488	False
28	16	compositional_ridge	zero_effect	zero_effect_diagnostic	D	0.08747502476248314	0.07213546154423366	-0.015339563218249488	False
28	16	CPA_0.8.8	zero_effect	zero_effect_diagnostic	S	0.035438568743930476	0.035438568743930476	0.0	False
28	16	CPA_0.8.8	zero_effect	zero_effect_diagnostic	M	0.035438568743930476	0.035438568743930476	0.0	False
28	16	CPA_0.8.8	zero_effect	zero_effect_diagnostic	P	0.035438568743930476	0.018024539922291485	-0.01741402882163899	False
28	16	CPA_0.8.8	zero_effect	zero_effect_diagnostic	O	0.035438568743930476	0.022173471129070477	-0.01326509761486	False
28	16	CPA_0.8.8	zero_effect	zero_effect_diagnostic	D	0.035438568743930476	0.02009900552568096	-0.015339563218249516	False
28	32	additive	compositional_ridge	primary_state_pair	S	-0.0007912360649253228	-0.0007912360649253228	0.0	False
28	32	additive	compositional_ridge	primary_state_pair	M	-0.0007912360649253228	-0.0007912360649253228	0.0	False
28	32	additive	compositional_ridge	primary_state_pair	P	-0.0007912360649253228	-0.0007912360649252881	3.469446951953614e-17	False
28	32	additive	compositional_ridge	primary_state_pair	O	-0.0007912360649253228	-0.0007912360649252881	3.469446951953614e-17	False
28	32	additive	compositional_ridge	primary_state_pair	D	-0.0007912360649253228	-0.0007912360649252881	3.469446951953614e-17	False
28	32	additive	CPA_0.8.8	primary_state_pair	S	0.05112842140584849	0.05112842140584849	0.0	False
28	32	additive	CPA_0.8.8	primary_state_pair	M	0.05112842140584849	0.05112842140584847	-1.3877787807814457e-17	False
28	32	additive	CPA_0.8.8	primary_state_pair	P	0.05112842140584849	0.051857238171367184	0.0007288167655186972	False
28	32	additive	CPA_0.8.8	primary_state_pair	O	0.05112842140584849	0.05039960464032989	-0.0007288167655186001	False
28	32	additive	CPA_0.8.8	primary_state_pair	D	0.05112842140584849	0.05112842140584847	-1.3877787807814457e-17	False
28	32	additive	zero_effect	zero_effect_diagnostic	S	0.08404498287395736	0.08404498287395736	0.0	False
28	32	additive	zero_effect	zero_effect_diagnostic	M	0.08404498287395736	0.08404498287395736	0.0	False
28	32	additive	zero_effect	zero_effect_diagnostic	P	0.08404498287395736	0.0766242604425215	-0.00742072243143585	False
28	32	additive	zero_effect	zero_effect_diagnostic	O	0.08404498287395736	0.0766242604425215	-0.00742072243143585	False
28	32	additive	zero_effect	zero_effect_diagnostic	D	0.08404498287395736	0.0766242604425215	-0.00742072243143585	False
28	32	compositional_ridge	CPA_0.8.8	primary_state_pair	S	0.05191965747077381	0.05191965747077381	0.0	False
28	32	compositional_ridge	CPA_0.8.8	primary_state_pair	M	0.05191965747077381	0.051919657470773796	-1.3877787807814457e-17	False
28	32	compositional_ridge	CPA_0.8.8	primary_state_pair	P	0.05191965747077381	0.05264847423629247	0.0007288167655186625	False
28	32	compositional_ridge	CPA_0.8.8	primary_state_pair	O	0.05191965747077381	0.051190840705255175	-0.0007288167655186348	False
28	32	compositional_ridge	CPA_0.8.8	primary_state_pair	D	0.05191965747077381	0.05191965747077376	-4.85722573273506e-17	False
28	32	compositional_ridge	zero_effect	zero_effect_diagnostic	S	0.08483621893888268	0.08483621893888268	0.0	False
28	32	compositional_ridge	zero_effect	zero_effect_diagnostic	M	0.08483621893888268	0.08483621893888268	0.0	False
28	32	compositional_ridge	zero_effect	zero_effect_diagnostic	P	0.08483621893888268	0.0774154965074468	-0.007420722431435892	False
28	32	compositional_ridge	zero_effect	zero_effect_diagnostic	O	0.08483621893888268	0.0774154965074468	-0.007420722431435892	False
28	32	compositional_ridge	zero_effect	zero_effect_diagnostic	D	0.08483621893888268	0.0774154965074468	-0.007420722431435892	False
28	32	CPA_0.8.8	zero_effect	zero_effect_diagnostic	S	0.03291656146810887	0.03291656146810887	0.0	False
28	32	CPA_0.8.8	zero_effect	zero_effect_diagnostic	M	0.03291656146810887	0.03291656146810888	1.3877787807814457e-17	False
28	32	CPA_0.8.8	zero_effect	zero_effect_diagnostic	P	0.03291656146810887	0.02476702227115432	-0.008149539196954547	False
28	32	CPA_0.8.8	zero_effect	zero_effect_diagnostic	O	0.03291656146810887	0.026224655802191618	-0.00669190566591725	False
28	32	CPA_0.8.8	zero_effect	zero_effect_diagnostic	D	0.03291656146810887	0.025495839036673032	-0.007420722431435836	False
28	64	additive	compositional_ridge	primary_state_pair	S	-0.0007912360649253228	-0.0007912360649253228	0.0	False
28	64	additive	compositional_ridge	primary_state_pair	M	-0.0007912360649253228	-0.0007912360649253228	0.0	False
28	64	additive	compositional_ridge	primary_state_pair	P	-0.0007912360649253228	-0.0007912360649253228	0.0	False
28	64	additive	compositional_ridge	primary_state_pair	O	-0.0007912360649253228	-0.0007912360649253228	0.0	False
28	64	additive	compositional_ridge	primary_state_pair	D	-0.0007912360649253228	-0.0007912360649253228	0.0	False
28	64	additive	CPA_0.8.8	primary_state_pair	S	0.05082863159241244	0.05082863159241244	0.0	False
28	64	additive	CPA_0.8.8	primary_state_pair	M	0.05082863159241244	0.05082863159241244	0.0	False
28	64	additive	CPA_0.8.8	primary_state_pair	P	0.05082863159241244	0.051169180181858634	0.00034054858944619626	False
28	64	additive	CPA_0.8.8	primary_state_pair	O	0.05082863159241244	0.0504880830029662	-0.0003405485894462379	False
28	64	additive	CPA_0.8.8	primary_state_pair	D	0.05082863159241244	0.05082863159241241	-2.7755575615628914e-17	False
28	64	additive	zero_effect	zero_effect_diagnostic	S	0.08170792341252955	0.08170792341252955	0.0	False
28	64	additive	zero_effect	zero_effect_diagnostic	M	0.08170792341252955	0.08170792341252955	0.0	False
28	64	additive	zero_effect	zero_effect_diagnostic	P	0.08170792341252955	0.07806554820603928	-0.0036423752064902726	False
28	64	additive	zero_effect	zero_effect_diagnostic	O	0.08170792341252955	0.07806554820603928	-0.0036423752064902726	False
28	64	additive	zero_effect	zero_effect_diagnostic	D	0.08170792341252955	0.07806554820603928	-0.0036423752064902726	False
28	64	compositional_ridge	CPA_0.8.8	primary_state_pair	S	0.05161986765733776	0.05161986765733776	0.0	False
28	64	compositional_ridge	CPA_0.8.8	primary_state_pair	M	0.05161986765733776	0.05161986765733776	0.0	False
28	64	compositional_ridge	CPA_0.8.8	primary_state_pair	P	0.05161986765733776	0.051960416246783964	0.0003405485894462032	False
28	64	compositional_ridge	CPA_0.8.8	primary_state_pair	O	0.05161986765733776	0.05127931906789153	-0.00034054858944623095	False
28	64	compositional_ridge	CPA_0.8.8	primary_state_pair	D	0.05161986765733776	0.05161986765733774	-2.0816681711721685e-17	False
28	64	compositional_ridge	zero_effect	zero_effect_diagnostic	S	0.08249915947745487	0.08249915947745487	0.0	False
28	64	compositional_ridge	zero_effect	zero_effect_diagnostic	M	0.08249915947745487	0.08249915947745487	0.0	False
28	64	compositional_ridge	zero_effect	zero_effect_diagnostic	P	0.08249915947745487	0.07885678427096461	-0.0036423752064902587	False
28	64	compositional_ridge	zero_effect	zero_effect_diagnostic	O	0.08249915947745487	0.07885678427096461	-0.0036423752064902587	False
28	64	compositional_ridge	zero_effect	zero_effect_diagnostic	D	0.08249915947745487	0.07885678427096461	-0.0036423752064902587	False
28	64	CPA_0.8.8	zero_effect	zero_effect_diagnostic	S	0.030879291820117116	0.030879291820117116	0.0	False
28	64	CPA_0.8.8	zero_effect	zero_effect_diagnostic	M	0.030879291820117116	0.030879291820117116	0.0	False
28	64	CPA_0.8.8	zero_effect	zero_effect_diagnostic	P	0.030879291820117116	0.026896368024180647	-0.003982923795936469	False
28	64	CPA_0.8.8	zero_effect	zero_effect_diagnostic	O	0.030879291820117116	0.02757746520307308	-0.0033018266170440347	False
28	64	CPA_0.8.8	zero_effect	zero_effect_diagnostic	D	0.030879291820117116	0.02723691661362687	-0.003642375206490245	False
28	128	additive	compositional_ridge	primary_state_pair	S	-0.0007912360649253228	-0.0007912360649253228	0.0	False
28	128	additive	compositional_ridge	primary_state_pair	M	-0.0007912360649253228	-0.0007912360649253228	0.0	False
28	128	additive	compositional_ridge	primary_state_pair	P	-0.0007912360649253228	-0.0007912360649253262	-3.469446951953614e-18	False
28	128	additive	compositional_ridge	primary_state_pair	O	-0.0007912360649253228	-0.0007912360649253262	-3.469446951953614e-18	False
28	128	additive	compositional_ridge	primary_state_pair	D	-0.0007912360649253228	-0.0007912360649253262	-3.469446951953614e-18	False
28	128	additive	CPA_0.8.8	primary_state_pair	S	0.048526982158005036	0.048526982158005036	0.0	False
28	128	additive	CPA_0.8.8	primary_state_pair	M	0.048526982158005036	0.048526982158005036	0.0	False
28	128	additive	CPA_0.8.8	primary_state_pair	P	0.048526982158005036	0.04875806355146371	0.0002310813934586764	False
28	128	additive	CPA_0.8.8	primary_state_pair	O	0.048526982158005036	0.04829590076454637	-0.00023108139345866252	False
28	128	additive	CPA_0.8.8	primary_state_pair	D	0.048526982158005036	0.048526982158005036	0.0	False
28	128	additive	zero_effect	zero_effect_diagnostic	S	0.07813202658983442	0.07813202658983442	0.0	False
28	128	additive	zero_effect	zero_effect_diagnostic	M	0.07813202658983442	0.07813202658983442	0.0	False
28	128	additive	zero_effect	zero_effect_diagnostic	P	0.07813202658983442	0.07624934995523502	-0.0018826766345994006	False
28	128	additive	zero_effect	zero_effect_diagnostic	O	0.07813202658983442	0.07624934995523502	-0.0018826766345994006	False
28	128	additive	zero_effect	zero_effect_diagnostic	D	0.07813202658983442	0.07624934995523502	-0.0018826766345994006	False
28	128	compositional_ridge	CPA_0.8.8	primary_state_pair	S	0.04931821822293036	0.04931821822293036	0.0	False
28	128	compositional_ridge	CPA_0.8.8	primary_state_pair	M	0.04931821822293036	0.04931821822293036	0.0	False
28	128	compositional_ridge	CPA_0.8.8	primary_state_pair	P	0.04931821822293036	0.04954929961638904	0.00023108139345868334	False
28	128	compositional_ridge	CPA_0.8.8	primary_state_pair	O	0.04931821822293036	0.0490871368294717	-0.00023108139345865558	False
28	128	compositional_ridge	CPA_0.8.8	primary_state_pair	D	0.04931821822293036	0.049318218222930366	6.938893903907228e-18	False
28	128	compositional_ridge	zero_effect	zero_effect_diagnostic	S	0.07892326265475974	0.07892326265475974	0.0	False
28	128	compositional_ridge	zero_effect	zero_effect_diagnostic	M	0.07892326265475974	0.07892326265475974	0.0	False
28	128	compositional_ridge	zero_effect	zero_effect_diagnostic	P	0.07892326265475974	0.07704058602016035	-0.0018826766345993867	False
28	128	compositional_ridge	zero_effect	zero_effect_diagnostic	O	0.07892326265475974	0.07704058602016035	-0.0018826766345993867	False
28	128	compositional_ridge	zero_effect	zero_effect_diagnostic	D	0.07892326265475974	0.07704058602016035	-0.0018826766345993867	False
28	128	CPA_0.8.8	zero_effect	zero_effect_diagnostic	S	0.02960504443182939	0.02960504443182939	0.0	False
28	128	CPA_0.8.8	zero_effect	zero_effect_diagnostic	M	0.02960504443182939	0.02960504443182939	0.0	False
28	128	CPA_0.8.8	zero_effect	zero_effect_diagnostic	P	0.02960504443182939	0.02749128640377131	-0.002113758028058077	False
28	128	CPA_0.8.8	zero_effect	zero_effect_diagnostic	O	0.02960504443182939	0.02795344919068865	-0.001651595241140738	False
28	128	CPA_0.8.8	zero_effect	zero_effect_diagnostic	D	0.02960504443182939	0.027722367797229988	-0.0018826766345994006	False
28	135	additive	compositional_ridge	primary_state_pair	S	-0.0007912360649253228	-0.0007912360649253228	0.0	False
28	135	additive	compositional_ridge	primary_state_pair	M	-0.0007912360649253228	-0.0007912360649253228	0.0	False
28	135	additive	compositional_ridge	primary_state_pair	P	-0.0007912360649253228	-0.0007912360649253124	1.0408340855860843e-17	False
28	135	additive	compositional_ridge	primary_state_pair	O	-0.0007912360649253228	-0.0007912360649253124	1.0408340855860843e-17	False
28	135	additive	compositional_ridge	primary_state_pair	D	-0.0007912360649253228	-0.0007912360649253124	1.0408340855860843e-17	False
28	135	additive	CPA_0.8.8	primary_state_pair	S	0.047935711251318416	0.047935711251318416	0.0	False
28	135	additive	CPA_0.8.8	primary_state_pair	M	0.047935711251318416	0.047935711251318416	0.0	False
28	135	additive	CPA_0.8.8	primary_state_pair	P	0.047935711251318416	0.04813386518241129	0.00019815393109287593	False
28	135	additive	CPA_0.8.8	primary_state_pair	O	0.047935711251318416	0.047737557320225554	-0.00019815393109286206	False
28	135	additive	CPA_0.8.8	primary_state_pair	D	0.047935711251318416	0.0479357112513184	-1.3877787807814457e-17	False
28	135	additive	zero_effect	zero_effect_diagnostic	S	0.0773478671065794	0.0773478671065794	0.0	False
28	135	additive	zero_effect	zero_effect_diagnostic	M	0.0773478671065794	0.07734786710657938	-1.3877787807814457e-17	False
28	135	additive	zero_effect	zero_effect_diagnostic	P	0.0773478671065794	0.07556998367758586	-0.001777883428993543	False
28	135	additive	zero_effect	zero_effect_diagnostic	O	0.0773478671065794	0.07556998367758586	-0.001777883428993543	False
28	135	additive	zero_effect	zero_effect_diagnostic	D	0.0773478671065794	0.07556998367758586	-0.001777883428993543	False
28	135	compositional_ridge	CPA_0.8.8	primary_state_pair	S	0.04872694731624374	0.04872694731624374	0.0	False
28	135	compositional_ridge	CPA_0.8.8	primary_state_pair	M	0.04872694731624374	0.04872694731624374	0.0	False
28	135	compositional_ridge	CPA_0.8.8	primary_state_pair	P	0.04872694731624374	0.04892510124733661	0.000198153931092869	False
28	135	compositional_ridge	CPA_0.8.8	primary_state_pair	O	0.04872694731624374	0.04852879338515087	-0.000198153931092869	False
28	135	compositional_ridge	CPA_0.8.8	primary_state_pair	D	0.04872694731624374	0.04872694731624372	-2.0816681711721685e-17	False
28	135	compositional_ridge	zero_effect	zero_effect_diagnostic	S	0.07813910317150471	0.07813910317150471	0.0	False
28	135	compositional_ridge	zero_effect	zero_effect_diagnostic	M	0.07813910317150471	0.07813910317150471	0.0	False
28	135	compositional_ridge	zero_effect	zero_effect_diagnostic	P	0.07813910317150471	0.07636121974251117	-0.001777883428993543	False
28	135	compositional_ridge	zero_effect	zero_effect_diagnostic	O	0.07813910317150471	0.07636121974251117	-0.001777883428993543	False
28	135	compositional_ridge	zero_effect	zero_effect_diagnostic	D	0.07813910317150471	0.07636121974251117	-0.001777883428993543	False
28	135	CPA_0.8.8	zero_effect	zero_effect_diagnostic	S	0.029412155855260982	0.029412155855260982	0.0	False
28	135	CPA_0.8.8	zero_effect	zero_effect_diagnostic	M	0.029412155855260982	0.02941215585526097	-1.3877787807814457e-17	False
28	135	CPA_0.8.8	zero_effect	zero_effect_diagnostic	P	0.029412155855260982	0.027436118495174563	-0.001976037360086419	False
28	135	CPA_0.8.8	zero_effect	zero_effect_diagnostic	O	0.029412155855260982	0.0278324263573603	-0.001579729497900681	False
28	135	CPA_0.8.8	zero_effect	zero_effect_diagnostic	D	0.029412155855260982	0.027634272426267453	-0.0017778834289935291	False
29	8	additive	compositional_ridge	primary_state_pair	S	-0.0007912360649253228	-0.0007912360649253228	0.0	False
29	8	additive	compositional_ridge	primary_state_pair	M	-0.0007912360649253228	-0.0007912360649253228	0.0	False
29	8	additive	compositional_ridge	primary_state_pair	P	-0.0007912360649253228	-0.0007912360649253505	-2.7755575615628914e-17	False
29	8	additive	compositional_ridge	primary_state_pair	O	-0.0007912360649253228	-0.0007912360649253505	-2.7755575615628914e-17	False
29	8	additive	compositional_ridge	primary_state_pair	D	-0.0007912360649253228	-0.0007912360649253505	-2.7755575615628914e-17	False
29	8	additive	CPA_0.8.8	primary_state_pair	S	0.045957333541784925	0.045957333541784925	0.0	False
29	8	additive	CPA_0.8.8	primary_state_pair	M	0.045957333541784925	0.045957333541784925	0.0	False
29	8	additive	CPA_0.8.8	primary_state_pair	P	0.045957333541784925	0.049692121758688985	0.00373478821690406	False
29	8	additive	CPA_0.8.8	primary_state_pair	O	0.045957333541784925	0.04222254532488081	-0.0037347882169041155	False
29	8	additive	CPA_0.8.8	primary_state_pair	D	0.045957333541784925	0.045957333541784905	-2.0816681711721685e-17	False
29	8	additive	zero_effect	zero_effect_diagnostic	S	0.08740107052973589	0.08740107052973589	0.0	False
29	8	additive	zero_effect	zero_effect_diagnostic	M	0.08740107052973589	0.08740107052973588	-1.3877787807814457e-17	False
29	8	additive	zero_effect	zero_effect_diagnostic	P	0.08740107052973589	0.05496508666845513	-0.032435983861280764	False
29	8	additive	zero_effect	zero_effect_diagnostic	O	0.08740107052973589	0.05496508666845513	-0.032435983861280764	False
29	8	additive	zero_effect	zero_effect_diagnostic	D	0.08740107052973589	0.05496508666845513	-0.032435983861280764	False
29	8	compositional_ridge	CPA_0.8.8	primary_state_pair	S	0.04674856960671025	0.04674856960671025	0.0	False
29	8	compositional_ridge	CPA_0.8.8	primary_state_pair	M	0.04674856960671025	0.04674856960671025	0.0	False
29	8	compositional_ridge	CPA_0.8.8	primary_state_pair	P	0.04674856960671025	0.050483357823614336	0.0037347882169040877	False
29	8	compositional_ridge	CPA_0.8.8	primary_state_pair	O	0.04674856960671025	0.04301378138980616	-0.0037347882169040877	False
29	8	compositional_ridge	CPA_0.8.8	primary_state_pair	D	0.04674856960671025	0.046748569606710255	6.938893903907228e-18	False
29	8	compositional_ridge	zero_effect	zero_effect_diagnostic	S	0.08819230659466121	0.08819230659466121	0.0	False
29	8	compositional_ridge	zero_effect	zero_effect_diagnostic	M	0.08819230659466121	0.08819230659466121	0.0	False
29	8	compositional_ridge	zero_effect	zero_effect_diagnostic	P	0.08819230659466121	0.05575632273338048	-0.03243598386128073	False
29	8	compositional_ridge	zero_effect	zero_effect_diagnostic	O	0.08819230659466121	0.05575632273338048	-0.03243598386128073	False
29	8	compositional_ridge	zero_effect	zero_effect_diagnostic	D	0.08819230659466121	0.05575632273338048	-0.03243598386128073	False
29	8	CPA_0.8.8	zero_effect	zero_effect_diagnostic	S	0.041443736987950966	0.041443736987950966	0.0	False
29	8	CPA_0.8.8	zero_effect	zero_effect_diagnostic	M	0.041443736987950966	0.04144373698795095	-1.3877787807814457e-17	False
29	8	CPA_0.8.8	zero_effect	zero_effect_diagnostic	P	0.041443736987950966	0.005272964909766142	-0.036170772078184824	False
29	8	CPA_0.8.8	zero_effect	zero_effect_diagnostic	O	0.041443736987950966	0.012742541343574318	-0.028701195644376648	False
29	8	CPA_0.8.8	zero_effect	zero_effect_diagnostic	D	0.041443736987950966	0.009007753126670223	-0.03243598386128074	False
29	16	additive	compositional_ridge	primary_state_pair	S	-0.0007912360649253228	-0.0007912360649253228	0.0	False
29	16	additive	compositional_ridge	primary_state_pair	M	-0.0007912360649253228	-0.0007912360649253228	0.0	False
29	16	additive	compositional_ridge	primary_state_pair	P	-0.0007912360649253228	-0.000791236064925295	2.7755575615628914e-17	False
29	16	additive	compositional_ridge	primary_state_pair	O	-0.0007912360649253228	-0.000791236064925295	2.7755575615628914e-17	False
29	16	additive	compositional_ridge	primary_state_pair	D	-0.0007912360649253228	-0.000791236064925295	2.7755575615628914e-17	False
29	16	additive	CPA_0.8.8	primary_state_pair	S	0.047271489782773915	0.047271489782773915	0.0	False
29	16	additive	CPA_0.8.8	primary_state_pair	M	0.047271489782773915	0.047271489782773915	0.0	False
29	16	additive	CPA_0.8.8	primary_state_pair	P	0.047271489782773915	0.04863081641412364	0.0013593266313497235	False
29	16	additive	CPA_0.8.8	primary_state_pair	O	0.047271489782773915	0.04591216315142423	-0.0013593266313496818	False
29	16	additive	CPA_0.8.8	primary_state_pair	D	0.047271489782773915	0.04727148978277392	6.938893903907228e-18	False
29	16	additive	zero_effect	zero_effect_diagnostic	S	0.08261786308058792	0.08261786308058792	0.0	False
29	16	additive	zero_effect	zero_effect_diagnostic	M	0.08261786308058792	0.08261786308058791	-1.3877787807814457e-17	False
29	16	additive	zero_effect	zero_effect_diagnostic	P	0.08261786308058792	0.0669842156930116	-0.01563364738757632	False
29	16	additive	zero_effect	zero_effect_diagnostic	O	0.08261786308058792	0.0669842156930116	-0.01563364738757632	False
29	16	additive	zero_effect	zero_effect_diagnostic	D	0.08261786308058792	0.0669842156930116	-0.01563364738757632	False
29	16	compositional_ridge	CPA_0.8.8	primary_state_pair	S	0.04806272584769924	0.04806272584769924	0.0	False
29	16	compositional_ridge	CPA_0.8.8	primary_state_pair	M	0.04806272584769924	0.04806272584769924	0.0	False
29	16	compositional_ridge	CPA_0.8.8	primary_state_pair	P	0.04806272584769924	0.049422052479048934	0.0013593266313496957	False
29	16	compositional_ridge	CPA_0.8.8	primary_state_pair	O	0.04806272584769924	0.04670339921634953	-0.0013593266313497096	False
29	16	compositional_ridge	CPA_0.8.8	primary_state_pair	D	0.04806272584769924	0.04806272584769922	-2.0816681711721685e-17	False
29	16	compositional_ridge	zero_effect	zero_effect_diagnostic	S	0.08340909914551325	0.08340909914551325	0.0	False
29	16	compositional_ridge	zero_effect	zero_effect_diagnostic	M	0.08340909914551325	0.08340909914551323	-2.7755575615628914e-17	False
29	16	compositional_ridge	zero_effect	zero_effect_diagnostic	P	0.08340909914551325	0.06777545175793691	-0.015633647387576347	False
29	16	compositional_ridge	zero_effect	zero_effect_diagnostic	O	0.08340909914551325	0.06777545175793691	-0.015633647387576347	False
29	16	compositional_ridge	zero_effect	zero_effect_diagnostic	D	0.08340909914551325	0.06777545175793691	-0.015633647387576347	False
29	16	CPA_0.8.8	zero_effect	zero_effect_diagnostic	S	0.03534637329781401	0.03534637329781401	0.0	False
29	16	CPA_0.8.8	zero_effect	zero_effect_diagnostic	M	0.03534637329781401	0.035346373297813996	-1.3877787807814457e-17	False
29	16	CPA_0.8.8	zero_effect	zero_effect_diagnostic	P	0.03534637329781401	0.018353399278887975	-0.016992974018926035	False
29	16	CPA_0.8.8	zero_effect	zero_effect_diagnostic	O	0.03534637329781401	0.02107205254158738	-0.01427432075622663	False
29	16	CPA_0.8.8	zero_effect	zero_effect_diagnostic	D	0.03534637329781401	0.01971272591023769	-0.01563364738757632	False
29	32	additive	compositional_ridge	primary_state_pair	S	-0.0007912360649253228	-0.0007912360649253228	0.0	False
29	32	additive	compositional_ridge	primary_state_pair	M	-0.0007912360649253228	-0.0007912360649253228	0.0	False
29	32	additive	compositional_ridge	primary_state_pair	P	-0.0007912360649253228	-0.0007912360649253089	1.3877787807814457e-17	False
29	32	additive	compositional_ridge	primary_state_pair	O	-0.0007912360649253228	-0.0007912360649253089	1.3877787807814457e-17	False
29	32	additive	compositional_ridge	primary_state_pair	D	-0.0007912360649253228	-0.0007912360649253089	1.3877787807814457e-17	False
29	32	additive	CPA_0.8.8	primary_state_pair	S	0.04869144013344717	0.04869144013344717	0.0	False
29	32	additive	CPA_0.8.8	primary_state_pair	M	0.04869144013344717	0.04869144013344716	-1.3877787807814457e-17	False
29	32	additive	CPA_0.8.8	primary_state_pair	P	0.04869144013344717	0.04947541482570554	0.0007839746922583685	False
29	32	additive	CPA_0.8.8	primary_state_pair	O	0.04869144013344717	0.047907465441188804	-0.0007839746922583685	False
29	32	additive	CPA_0.8.8	primary_state_pair	D	0.04869144013344717	0.048691440133447186	1.3877787807814457e-17	False
29	32	additive	zero_effect	zero_effect_diagnostic	S	0.08089925499798668	0.08089925499798668	0.0	False
29	32	additive	zero_effect	zero_effect_diagnostic	M	0.08089925499798668	0.08089925499798668	0.0	False
29	32	additive	zero_effect	zero_effect_diagnostic	P	0.08089925499798668	0.07332223767287528	-0.0075770173251114015	False
29	32	additive	zero_effect	zero_effect_diagnostic	O	0.08089925499798668	0.07332223767287528	-0.0075770173251114015	False
29	32	additive	zero_effect	zero_effect_diagnostic	D	0.08089925499798668	0.07332223767287528	-0.0075770173251114015	False
29	32	compositional_ridge	CPA_0.8.8	primary_state_pair	S	0.049482676198372495	0.049482676198372495	0.0	False
29	32	compositional_ridge	CPA_0.8.8	primary_state_pair	M	0.049482676198372495	0.04948267619837248	-1.3877787807814457e-17	False
29	32	compositional_ridge	CPA_0.8.8	primary_state_pair	P	0.049482676198372495	0.05026665089063085	0.0007839746922583546	False
29	32	compositional_ridge	CPA_0.8.8	primary_state_pair	O	0.049482676198372495	0.04869870150611411	-0.0007839746922583823	False
29	32	compositional_ridge	CPA_0.8.8	primary_state_pair	D	0.049482676198372495	0.049482676198372495	0.0	False
29	32	compositional_ridge	zero_effect	zero_effect_diagnostic	S	0.08169049106291201	0.08169049106291201	0.0	False
29	32	compositional_ridge	zero_effect	zero_effect_diagnostic	M	0.08169049106291201	0.08169049106291201	0.0	False
29	32	compositional_ridge	zero_effect	zero_effect_diagnostic	P	0.08169049106291201	0.07411347373780058	-0.007577017325111429	False
29	32	compositional_ridge	zero_effect	zero_effect_diagnostic	O	0.08169049106291201	0.07411347373780058	-0.007577017325111429	False
29	32	compositional_ridge	zero_effect	zero_effect_diagnostic	D	0.08169049106291201	0.07411347373780058	-0.007577017325111429	False
29	32	CPA_0.8.8	zero_effect	zero_effect_diagnostic	S	0.03220781486453951	0.03220781486453951	0.0	False
29	32	CPA_0.8.8	zero_effect	zero_effect_diagnostic	M	0.03220781486453951	0.032207814864539525	1.3877787807814457e-17	False
29	32	CPA_0.8.8	zero_effect	zero_effect_diagnostic	P	0.03220781486453951	0.02384682284716974	-0.00836099201736977	False
29	32	CPA_0.8.8	zero_effect	zero_effect_diagnostic	O	0.03220781486453951	0.025414772231686478	-0.006793042632853033	False
29	32	CPA_0.8.8	zero_effect	zero_effect_diagnostic	D	0.03220781486453951	0.024630797539428095	-0.007577017325111415	False
29	64	additive	compositional_ridge	primary_state_pair	S	-0.0007912360649253228	-0.0007912360649253228	0.0	False
29	64	additive	compositional_ridge	primary_state_pair	M	-0.0007912360649253228	-0.0007912360649253228	0.0	False
29	64	additive	compositional_ridge	primary_state_pair	P	-0.0007912360649253228	-0.0007912360649253193	3.469446951953614e-18	False
29	64	additive	compositional_ridge	primary_state_pair	O	-0.0007912360649253228	-0.0007912360649253193	3.469446951953614e-18	False
29	64	additive	compositional_ridge	primary_state_pair	D	-0.0007912360649253228	-0.0007912360649253193	3.469446951953614e-18	False
29	64	additive	CPA_0.8.8	primary_state_pair	S	0.04662595006046842	0.04662595006046842	0.0	False
29	64	additive	CPA_0.8.8	primary_state_pair	M	0.04662595006046842	0.04662595006046841	-1.3877787807814457e-17	False
29	64	additive	CPA_0.8.8	primary_state_pair	P	0.04662595006046842	0.04700915112009986	0.00038320105963143836	False
29	64	additive	CPA_0.8.8	primary_state_pair	O	0.04662595006046842	0.046242749000836914	-0.00038320105963150775	False
29	64	additive	CPA_0.8.8	primary_state_pair	D	0.04662595006046842	0.046625950060468394	-2.7755575615628914e-17	False
29	64	additive	zero_effect	zero_effect_diagnostic	S	0.07633723171454379	0.07633723171454379	0.0	False
29	64	additive	zero_effect	zero_effect_diagnostic	M	0.07633723171454379	0.07633723171454375	-4.163336342344337e-17	False
29	64	additive	zero_effect	zero_effect_diagnostic	P	0.07633723171454379	0.07260655773187859	-0.003730673982665203	False
29	64	additive	zero_effect	zero_effect_diagnostic	O	0.07633723171454379	0.07260655773187859	-0.003730673982665203	False
29	64	additive	zero_effect	zero_effect_diagnostic	D	0.07633723171454379	0.07260655773187859	-0.003730673982665203	False
29	64	compositional_ridge	CPA_0.8.8	primary_state_pair	S	0.047417186125393744	0.047417186125393744	0.0	False
29	64	compositional_ridge	CPA_0.8.8	primary_state_pair	M	0.047417186125393744	0.04741718612539373	-1.3877787807814457e-17	False
29	64	compositional_ridge	CPA_0.8.8	primary_state_pair	P	0.047417186125393744	0.047800387185025175	0.0003832010596314314	False
29	64	compositional_ridge	CPA_0.8.8	primary_state_pair	O	0.047417186125393744	0.04703398506576223	-0.0003832010596315147	False
29	64	compositional_ridge	CPA_0.8.8	primary_state_pair	D	0.047417186125393744	0.04741718612539371	-3.469446951953614e-17	False
29	64	compositional_ridge	zero_effect	zero_effect_diagnostic	S	0.0771284677794691	0.0771284677794691	0.0	False
29	64	compositional_ridge	zero_effect	zero_effect_diagnostic	M	0.0771284677794691	0.07712846777946908	-2.7755575615628914e-17	False
29	64	compositional_ridge	zero_effect	zero_effect_diagnostic	P	0.0771284677794691	0.0733977937968039	-0.003730673982665203	False
29	64	compositional_ridge	zero_effect	zero_effect_diagnostic	O	0.0771284677794691	0.0733977937968039	-0.003730673982665203	False
29	64	compositional_ridge	zero_effect	zero_effect_diagnostic	D	0.0771284677794691	0.0733977937968039	-0.003730673982665203	False
29	64	CPA_0.8.8	zero_effect	zero_effect_diagnostic	S	0.02971128165407537	0.02971128165407537	0.0	False
29	64	CPA_0.8.8	zero_effect	zero_effect_diagnostic	M	0.02971128165407537	0.02971128165407534	-2.7755575615628914e-17	False
29	64	CPA_0.8.8	zero_effect	zero_effect_diagnostic	P	0.02971128165407537	0.025597406611778728	-0.004113875042296641	False
29	64	CPA_0.8.8	zero_effect	zero_effect_diagnostic	O	0.02971128165407537	0.026363808731041674	-0.0033474729230336953	False
29	64	CPA_0.8.8	zero_effect	zero_effect_diagnostic	D	0.02971128165407537	0.025980607671410194	-0.0037306739826651752	False
29	128	additive	compositional_ridge	primary_state_pair	S	-0.0007912360649253228	-0.0007912360649253228	0.0	False
29	128	additive	compositional_ridge	primary_state_pair	M	-0.0007912360649253228	-0.0007912360649253228	0.0	False
29	128	additive	compositional_ridge	primary_state_pair	P	-0.0007912360649253228	-0.0007912360649253228	0.0	False
29	128	additive	compositional_ridge	primary_state_pair	O	-0.0007912360649253228	-0.0007912360649253228	0.0	False
29	128	additive	compositional_ridge	primary_state_pair	D	-0.0007912360649253228	-0.0007912360649253228	0.0	False
29	128	additive	CPA_0.8.8	primary_state_pair	S	0.047778213637473047	0.047778213637473047	0.0	False
29	128	additive	CPA_0.8.8	primary_state_pair	M	0.047778213637473047	0.047778213637473047	0.0	False
29	128	additive	CPA_0.8.8	primary_state_pair	P	0.047778213637473047	0.04805962306050578	0.0002814094230327302	False
29	128	additive	CPA_0.8.8	primary_state_pair	O	0.047778213637473047	0.047496804214440386	-0.0002814094230326608	False
29	128	additive	CPA_0.8.8	primary_state_pair	D	0.047778213637473047	0.04777821363747303	-1.3877787807814457e-17	False
29	128	additive	zero_effect	zero_effect_diagnostic	S	0.07712417984651633	0.07712417984651633	0.0	False
29	128	additive	zero_effect	zero_effect_diagnostic	M	0.07712417984651633	0.07712417984651633	0.0	False
29	128	additive	zero_effect	zero_effect_diagnostic	P	0.07712417984651633	0.07519852095070427	-0.0019256588958120602	False
29	128	additive	zero_effect	zero_effect_diagnostic	O	0.07712417984651633	0.07519852095070427	-0.0019256588958120602	False
29	128	additive	zero_effect	zero_effect_diagnostic	D	0.07712417984651633	0.07519852095070427	-0.0019256588958120602	False
29	128	compositional_ridge	CPA_0.8.8	primary_state_pair	S	0.04856944970239837	0.04856944970239837	0.0	False
29	128	compositional_ridge	CPA_0.8.8	primary_state_pair	M	0.04856944970239837	0.04856944970239837	0.0	False
29	128	compositional_ridge	CPA_0.8.8	primary_state_pair	P	0.04856944970239837	0.0488508591254311	0.0002814094230327302	False
29	128	compositional_ridge	CPA_0.8.8	primary_state_pair	O	0.04856944970239837	0.04828804027936571	-0.0002814094230326608	False
29	128	compositional_ridge	CPA_0.8.8	primary_state_pair	D	0.04856944970239837	0.048569449702398355	-1.3877787807814457e-17	False
29	128	compositional_ridge	zero_effect	zero_effect_diagnostic	S	0.07791541591144166	0.07791541591144166	0.0	False
29	128	compositional_ridge	zero_effect	zero_effect_diagnostic	M	0.07791541591144166	0.07791541591144166	0.0	False
29	128	compositional_ridge	zero_effect	zero_effect_diagnostic	P	0.07791541591144166	0.0759897570156296	-0.0019256588958120602	False
29	128	compositional_ridge	zero_effect	zero_effect_diagnostic	O	0.07791541591144166	0.0759897570156296	-0.0019256588958120602	False
29	128	compositional_ridge	zero_effect	zero_effect_diagnostic	D	0.07791541591144166	0.0759897570156296	-0.0019256588958120602	False
29	128	CPA_0.8.8	zero_effect	zero_effect_diagnostic	S	0.029345966209043284	0.029345966209043284	0.0	False
29	128	CPA_0.8.8	zero_effect	zero_effect_diagnostic	M	0.029345966209043284	0.029345966209043284	0.0	False
29	128	CPA_0.8.8	zero_effect	zero_effect_diagnostic	P	0.029345966209043284	0.027138897890198493	-0.0022070683188447904	False
29	128	CPA_0.8.8	zero_effect	zero_effect_diagnostic	O	0.029345966209043284	0.027701716736263884	-0.0016442494727793994	False
29	128	CPA_0.8.8	zero_effect	zero_effect_diagnostic	D	0.029345966209043284	0.027420307313231237	-0.0019256588958120463	False
29	135	additive	compositional_ridge	primary_state_pair	S	-0.0007912360649253228	-0.0007912360649253228	0.0	False
29	135	additive	compositional_ridge	primary_state_pair	M	-0.0007912360649253228	-0.0007912360649253228	0.0	False
29	135	additive	compositional_ridge	primary_state_pair	P	-0.0007912360649253228	-0.0007912360649253089	1.3877787807814457e-17	False
29	135	additive	compositional_ridge	primary_state_pair	O	-0.0007912360649253228	-0.0007912360649253089	1.3877787807814457e-17	False
29	135	additive	compositional_ridge	primary_state_pair	D	-0.0007912360649253228	-0.0007912360649253089	1.3877787807814457e-17	False
29	135	additive	CPA_0.8.8	primary_state_pair	S	0.04757949235836889	0.04757949235836889	0.0	False
29	135	additive	CPA_0.8.8	primary_state_pair	M	0.04757949235836889	0.047579492358368905	1.3877787807814457e-17	False
29	135	additive	CPA_0.8.8	primary_state_pair	P	0.04757949235836889	0.04785980671409816	0.0002803143557292692	False
29	135	additive	CPA_0.8.8	primary_state_pair	O	0.04757949235836889	0.04729917800263962	-0.0002803143557292692	False
29	135	additive	CPA_0.8.8	primary_state_pair	D	0.04757949235836889	0.04757949235836889	0.0	False
29	135	additive	zero_effect	zero_effect_diagnostic	S	0.07685266844877203	0.07685266844877203	0.0	False
29	135	additive	zero_effect	zero_effect_diagnostic	M	0.07685266844877203	0.07685266844877203	0.0	False
29	135	additive	zero_effect	zero_effect_diagnostic	P	0.07685266844877203	0.07502370575330047	-0.0018289626954715588	False
29	135	additive	zero_effect	zero_effect_diagnostic	O	0.07685266844877203	0.07502370575330047	-0.0018289626954715588	False
29	135	additive	zero_effect	zero_effect_diagnostic	D	0.07685266844877203	0.07502370575330047	-0.0018289626954715588	False
29	135	compositional_ridge	CPA_0.8.8	primary_state_pair	S	0.048370728423294214	0.048370728423294214	0.0	False
29	135	compositional_ridge	CPA_0.8.8	primary_state_pair	M	0.048370728423294214	0.04837072842329423	1.3877787807814457e-17	False
29	135	compositional_ridge	CPA_0.8.8	primary_state_pair	P	0.048370728423294214	0.048651042779023476	0.0002803143557292623	False
29	135	compositional_ridge	CPA_0.8.8	primary_state_pair	O	0.048370728423294214	0.04809041406756494	-0.00028031435572927615	False
29	135	compositional_ridge	CPA_0.8.8	primary_state_pair	D	0.048370728423294214	0.04837072842329421	-6.938893903907228e-18	False
29	135	compositional_ridge	zero_effect	zero_effect_diagnostic	S	0.07764390451369735	0.07764390451369735	0.0	False
29	135	compositional_ridge	zero_effect	zero_effect_diagnostic	M	0.07764390451369735	0.07764390451369735	0.0	False
29	135	compositional_ridge	zero_effect	zero_effect_diagnostic	P	0.07764390451369735	0.07581494181822579	-0.0018289626954715588	False
29	135	compositional_ridge	zero_effect	zero_effect_diagnostic	O	0.07764390451369735	0.07581494181822579	-0.0018289626954715588	False
29	135	compositional_ridge	zero_effect	zero_effect_diagnostic	D	0.07764390451369735	0.07581494181822579	-0.0018289626954715588	False
29	135	CPA_0.8.8	zero_effect	zero_effect_diagnostic	S	0.02927317609040314	0.02927317609040314	0.0	False
29	135	CPA_0.8.8	zero_effect	zero_effect_diagnostic	M	0.02927317609040314	0.029273176090403127	-1.3877787807814457e-17	False
29	135	CPA_0.8.8	zero_effect	zero_effect_diagnostic	P	0.02927317609040314	0.027163899039202313	-0.002109277051200828	False
29	135	CPA_0.8.8	zero_effect	zero_effect_diagnostic	O	0.02927317609040314	0.02772452775066085	-0.0015486483397422895	False
29	135	CPA_0.8.8	zero_effect	zero_effect_diagnostic	D	0.02927317609040314	0.027444213394931583	-0.0018289626954715588	False
