allocation	depth_per_gemgroup	cells_per_reference	model	pattern	scaled_squared_error
0	8	64	additive	S	0.026195167136201958
0	8	64	additive	M	0.026195167136201958
0	8	64	additive	P	0.054722179714505326
0	8	64	additive	O	0.054722179714505326
0	8	64	additive	D	0.054722179714505326
0	8	64	compositional_ridge	S	0.025403931071276635
0	8	64	compositional_ridge	M	0.025403931071276635
0	8	64	compositional_ridge	P	0.053930943649580045
0	8	64	compositional_ridge	O	0.053930943649580045
0	8	64	compositional_ridge	D	0.053930943649580045
0	8	64	CPA_0.8.8	S	0.097553898448625165
0	8	64	CPA_0.8.8	M	0.097553898448625151
0	8	64	CPA_0.8.8	P	0.12787723558755315
0	8	64	CPA_0.8.8	O	0.12428458646630405
0	8	64	CPA_0.8.8	D	0.12608091102692856
0	8	64	zero_effect	S	0.12040613242783979
0	8	64	zero_effect	M	0.1204061324278398
0	8	64	zero_effect	P	0.1204061324278398
0	8	64	zero_effect	O	0.1204061324278398
0	8	64	zero_effect	D	0.1204061324278398
0	16	128	additive	S	0.026195167136201958
0	16	128	additive	M	0.026195167136201958
0	16	128	additive	P	0.040727412136001784
0	16	128	additive	O	0.040727412136001784
0	16	128	additive	D	0.040727412136001784
0	16	128	compositional_ridge	S	0.025403931071276635
0	16	128	compositional_ridge	M	0.025403931071276635
0	16	128	compositional_ridge	P	0.039936176071076447
0	16	128	compositional_ridge	O	0.039936176071076447
0	16	128	compositional_ridge	D	0.039936176071076447
0	16	128	CPA_0.8.8	S	0.096742512333336361
0	16	128	CPA_0.8.8	M	0.096742512333336333
0	16	128	CPA_0.8.8	P	0.11238163284940406
0	16	128	CPA_0.8.8	O	0.11016788181686832
0	16	128	CPA_0.8.8	D	0.11127475733313616
0	16	128	zero_effect	S	0.11361059662069056
0	16	128	zero_effect	M	0.11361059662069056
0	16	128	zero_effect	P	0.11361059662069056
0	16	128	zero_effect	O	0.11361059662069056
0	16	128	zero_effect	D	0.11361059662069056
0	32	256	additive	S	0.026195167136201958
0	32	256	additive	M	0.026195167136201958
0	32	256	additive	P	0.033417985125195157
0	32	256	additive	O	0.033417985125195157
0	32	256	additive	D	0.033417985125195157
0	32	256	compositional_ridge	S	0.025403931071276635
0	32	256	compositional_ridge	M	0.025403931071276635
0	32	256	compositional_ridge	P	0.032626749060269841
0	32	256	compositional_ridge	O	0.032626749060269841
0	32	256	compositional_ridge	D	0.032626749060269841
0	32	256	CPA_0.8.8	S	0.093645758654270772
0	32	256	CPA_0.8.8	M	0.093645758654270772
0	32	256	CPA_0.8.8	P	0.10128990932301743
0	32	256	CPA_0.8.8	O	0.10044724396351047
0	32	256	CPA_0.8.8	D	0.10086857664326397
0	32	256	zero_effect	S	0.10682591466463098
0	32	256	zero_effect	M	0.10682591466463097
0	32	256	zero_effect	P	0.10682591466463097
0	32	256	zero_effect	O	0.10682591466463097
0	32	256	zero_effect	D	0.10682591466463097
0	64	512	additive	S	0.026195167136201958
0	64	512	additive	M	0.026195167136201958
0	64	512	additive	P	0.029842153559892427
0	64	512	additive	O	0.029842153559892427
0	64	512	additive	D	0.029842153559892427
0	64	512	compositional_ridge	S	0.025403931071276635
0	64	512	compositional_ridge	M	0.025403931071276635
0	64	512	compositional_ridge	P	0.029050917494967108
0	64	512	compositional_ridge	O	0.029050917494967108
0	64	512	compositional_ridge	D	0.029050917494967108
0	64	512	CPA_0.8.8	S	0.093023742386528094
0	64	512	CPA_0.8.8	M	0.093023742386528094
0	64	512	CPA_0.8.8	P	0.096912479041911415
0	64	512	CPA_0.8.8	O	0.096428978578525754
0	64	512	CPA_0.8.8	D	0.096670728810218556
0	64	512	zero_effect	S	0.10461208807991276
0	64	512	zero_effect	M	0.10461208807991275
0	64	512	zero_effect	P	0.10461208807991275
0	64	512	zero_effect	O	0.10461208807991275
0	64	512	zero_effect	D	0.10461208807991275
0	128	1024	additive	S	0.026195167136201958
0	128	1024	additive	M	0.026195167136201958
0	128	1024	additive	P	0.028060902054860181
0	128	1024	additive	O	0.028060902054860181
0	128	1024	additive	D	0.028060902054860181
0	128	1024	compositional_ridge	S	0.025403931071276635
0	128	1024	compositional_ridge	M	0.025403931071276635
0	128	1024	compositional_ridge	P	0.027269665989934865
0	128	1024	compositional_ridge	O	0.027269665989934865
0	128	1024	compositional_ridge	D	0.027269665989934865
0	128	1024	CPA_0.8.8	S	0.091859469971910454
0	128	1024	CPA_0.8.8	M	0.09185946997191044
0	128	1024	CPA_0.8.8	P	0.093864312955077314
0	128	1024	CPA_0.8.8	O	0.093586096826059992
0	128	1024	CPA_0.8.8	D	0.093725204890568653
0	128	1024	zero_effect	S	0.10269736696083379
0	128	1024	zero_effect	M	0.10269736696083379
0	128	1024	zero_effect	P	0.10269736696083379
0	128	1024	zero_effect	O	0.10269736696083379
0	128	1024	zero_effect	D	0.10269736696083379
0	135	1080	additive	S	0.026195167136201958
0	135	1080	additive	M	0.026195167136201958
0	135	1080	additive	P	0.027996298478622256
0	135	1080	additive	O	0.027996298478622256
0	135	1080	additive	D	0.027996298478622256
0	135	1080	compositional_ridge	S	0.025403931071276635
0	135	1080	compositional_ridge	M	0.025403931071276635
0	135	1080	compositional_ridge	P	0.027205062413696943
0	135	1080	compositional_ridge	O	0.027205062413696943
0	135	1080	compositional_ridge	D	0.027205062413696943
0	135	1080	CPA_0.8.8	S	0.092026288217978175
0	135	1080	CPA_0.8.8	M	0.092026288217978161
0	135	1080	CPA_0.8.8	P	0.093972153085492102
0	135	1080	CPA_0.8.8	O	0.093682686035304857
0	135	1080	CPA_0.8.8	D	0.093827419560398501
0	135	1080	zero_effect	S	0.10291164648091326
0	135	1080	zero_effect	M	0.10291164648091324
0	135	1080	zero_effect	P	0.10291164648091324
0	135	1080	zero_effect	O	0.10291164648091324
0	135	1080	zero_effect	D	0.10291164648091324
1	8	64	additive	S	0.026195167136201958
1	8	64	additive	M	0.026195167136201958
1	8	64	additive	P	0.058155137851557077
1	8	64	additive	O	0.058155137851557077
1	8	64	additive	D	0.058155137851557077
1	8	64	compositional_ridge	S	0.025403931071276635
1	8	64	compositional_ridge	M	0.025403931071276635
1	8	64	compositional_ridge	P	0.057363901786631734
1	8	64	compositional_ridge	O	0.057363901786631734
1	8	64	compositional_ridge	D	0.057363901786631734
1	8	64	CPA_0.8.8	S	0.088900762558220395
1	8	64	CPA_0.8.8	M	0.088900762558220395
1	8	64	CPA_0.8.8	P	0.12450387033179172
1	8	64	CPA_0.8.8	O	0.11721759621535931
1	8	64	CPA_0.8.8	D	0.12086073327357551
1	8	64	zero_effect	S	0.1126886569754965
1	8	64	zero_effect	M	0.1126886569754965
1	8	64	zero_effect	P	0.1126886569754965
1	8	64	zero_effect	O	0.1126886569754965
1	8	64	zero_effect	D	0.1126886569754965
1	16	128	additive	S	0.026195167136201958
1	16	128	additive	M	0.026195167136201958
1	16	128	additive	P	0.042041954457908398
1	16	128	additive	O	0.042041954457908398
1	16	128	additive	D	0.042041954457908398
1	16	128	compositional_ridge	S	0.025403931071276635
1	16	128	compositional_ridge	M	0.025403931071276635
1	16	128	compositional_ridge	P	0.041250718392983096
1	16	128	compositional_ridge	O	0.041250718392983096
1	16	128	compositional_ridge	D	0.041250718392983096
1	16	128	CPA_0.8.8	S	0.091016305386093579
1	16	128	CPA_0.8.8	M	0.091016305386093579
1	16	128	CPA_0.8.8	P	0.10903286660887698
1	16	128	CPA_0.8.8	O	0.1046933188067231
1	16	128	CPA_0.8.8	D	0.10686309270780006
1	16	128	zero_effect	S	0.10814726754503144
1	16	128	zero_effect	M	0.10814726754503144
1	16	128	zero_effect	P	0.10814726754503144
1	16	128	zero_effect	O	0.10814726754503144
1	16	128	zero_effect	D	0.10814726754503144
1	32	256	additive	S	0.026195167136201958
1	32	256	additive	M	0.026195167136201958
1	32	256	additive	P	0.034595175660254489
1	32	256	additive	O	0.034595175660254489
1	32	256	additive	D	0.034595175660254489
1	32	256	compositional_ridge	S	0.025403931071276635
1	32	256	compositional_ridge	M	0.025403931071276635
1	32	256	compositional_ridge	P	0.033803939595329152
1	32	256	compositional_ridge	O	0.033803939595329152
1	32	256	compositional_ridge	D	0.033803939595329152
1	32	256	CPA_0.8.8	S	0.088680129765316584
1	32	256	CPA_0.8.8	M	0.088680129765316584
1	32	256	CPA_0.8.8	P	0.098504528634090913
1	32	256	CPA_0.8.8	O	0.095655747944647276
1	32	256	CPA_0.8.8	D	0.097080138289369122
1	32	256	zero_effect	S	0.102160325254316
1	32	256	zero_effect	M	0.102160325254316
1	32	256	zero_effect	P	0.102160325254316
1	32	256	zero_effect	O	0.102160325254316
1	32	256	zero_effect	D	0.102160325254316
1	64	512	additive	S	0.026195167136201958
1	64	512	additive	M	0.026195167136201958
1	64	512	additive	P	0.02998798556133625
1	64	512	additive	O	0.02998798556133625
1	64	512	additive	D	0.02998798556133625
1	64	512	compositional_ridge	S	0.025403931071276635
1	64	512	compositional_ridge	M	0.025403931071276635
1	64	512	compositional_ridge	P	0.029196749496410941
1	64	512	compositional_ridge	O	0.029196749496410941
1	64	512	compositional_ridge	D	0.029196749496410941
1	64	512	CPA_0.8.8	S	0.091991099467098519
1	64	512	CPA_0.8.8	M	0.091991099467098519
1	64	512	CPA_0.8.8	P	0.096184083148852795
1	64	512	CPA_0.8.8	O	0.095383752635612787
1	64	512	CPA_0.8.8	D	0.095783917892232812
1	64	512	zero_effect	S	0.10363214735789429
1	64	512	zero_effect	M	0.10363214735789433
1	64	512	zero_effect	P	0.10363214735789433
1	64	512	zero_effect	O	0.10363214735789433
1	64	512	zero_effect	D	0.10363214735789433
1	128	1024	additive	S	0.026195167136201958
1	128	1024	additive	M	0.026195167136201958
1	128	1024	additive	P	0.028122203431323579
1	128	1024	additive	O	0.028122203431323579
1	128	1024	additive	D	0.028122203431323579
1	128	1024	compositional_ridge	S	0.025403931071276635
1	128	1024	compositional_ridge	M	0.025403931071276635
1	128	1024	compositional_ridge	P	0.027330967366398257
1	128	1024	compositional_ridge	O	0.027330967366398257
1	128	1024	compositional_ridge	D	0.027330967366398257
1	128	1024	CPA_0.8.8	S	0.093153603071985044
1	128	1024	CPA_0.8.8	M	0.093153603071985044
1	128	1024	CPA_0.8.8	P	0.095323560771655283
1	128	1024	CPA_0.8.8	O	0.094837717962558021
1	128	1024	CPA_0.8.8	D	0.095080639367106659
1	128	1024	zero_effect	S	0.10403765253898523
1	128	1024	zero_effect	M	0.10403765253898523
1	128	1024	zero_effect	P	0.10403765253898523
1	128	1024	zero_effect	O	0.10403765253898523
1	128	1024	zero_effect	D	0.10403765253898523
1	135	1080	additive	S	0.026195167136201958
1	135	1080	additive	M	0.026195167136201958
1	135	1080	additive	P	0.028072007201247424
1	135	1080	additive	O	0.028072007201247424
1	135	1080	additive	D	0.028072007201247424
1	135	1080	compositional_ridge	S	0.025403931071276635
1	135	1080	compositional_ridge	M	0.025403931071276635
1	135	1080	compositional_ridge	P	0.027280771136322112
1	135	1080	compositional_ridge	O	0.027280771136322112
1	135	1080	compositional_ridge	D	0.027280771136322112
1	135	1080	CPA_0.8.8	S	0.092881120222065697
1	135	1080	CPA_0.8.8	M	0.092881120222065683
1	135	1080	CPA_0.8.8	P	0.095031859230796337
1	135	1080	CPA_0.8.8	O	0.094484061343426018
1	135	1080	CPA_0.8.8	D	0.094757960287111198
1	135	1080	zero_effect	S	0.10377728402331596
1	135	1080	zero_effect	M	0.10377728402331596
1	135	1080	zero_effect	P	0.10377728402331596
1	135	1080	zero_effect	O	0.10377728402331596
1	135	1080	zero_effect	D	0.10377728402331596
2	8	64	additive	S	0.026195167136201958
2	8	64	additive	M	0.026195167136201958
2	8	64	additive	P	0.057754922407832143
2	8	64	additive	O	0.057754922407832143
2	8	64	additive	D	0.057754922407832143
2	8	64	compositional_ridge	S	0.025403931071276635
2	8	64	compositional_ridge	M	0.025403931071276635
2	8	64	compositional_ridge	P	0.05696368634290682
2	8	64	compositional_ridge	O	0.05696368634290682
2	8	64	compositional_ridge	D	0.05696368634290682
2	8	64	CPA_0.8.8	S	0.10268752843340502
2	8	64	CPA_0.8.8	M	0.10268752843340502
2	8	64	CPA_0.8.8	P	0.13767773749293291
2	8	64	CPA_0.8.8	O	0.13081682991713747
2	8	64	CPA_0.8.8	D	0.13424728370503516
2	8	64	zero_effect	S	0.12720414693120913
2	8	64	zero_effect	M	0.12720414693120916
2	8	64	zero_effect	P	0.12720414693120916
2	8	64	zero_effect	O	0.12720414693120916
2	8	64	zero_effect	D	0.12720414693120916
2	16	128	additive	S	0.026195167136201958
2	16	128	additive	M	0.026195167136201958
2	16	128	additive	P	0.041877888266364446
2	16	128	additive	O	0.041877888266364446
2	16	128	additive	D	0.041877888266364446
2	16	128	compositional_ridge	S	0.025403931071276635
2	16	128	compositional_ridge	M	0.025403931071276635
2	16	128	compositional_ridge	P	0.041086652201439103
2	16	128	compositional_ridge	O	0.041086652201439103
2	16	128	compositional_ridge	D	0.041086652201439103
2	16	128	CPA_0.8.8	S	0.096183890017954757
2	16	128	CPA_0.8.8	M	0.096183890017954757
2	16	128	CPA_0.8.8	P	0.11334393045455524
2	16	128	CPA_0.8.8	O	0.11038929184167924
2	16	128	CPA_0.8.8	D	0.1118666111481173
2	16	128	zero_effect	S	0.11376465779589257
2	16	128	zero_effect	M	0.11376465779589255
2	16	128	zero_effect	P	0.11376465779589255
2	16	128	zero_effect	O	0.11376465779589255
2	16	128	zero_effect	D	0.11376465779589255
2	32	256	additive	S	0.026195167136201958
2	32	256	additive	M	0.026195167136201958
2	32	256	additive	P	0.034078484986412222
2	32	256	additive	O	0.034078484986412222
2	32	256	additive	D	0.034078484986412222
2	32	256	compositional_ridge	S	0.025403931071276635
2	32	256	compositional_ridge	M	0.025403931071276635
2	32	256	compositional_ridge	P	0.033287248921486892
2	32	256	compositional_ridge	O	0.033287248921486892
2	32	256	compositional_ridge	D	0.033287248921486892
2	32	256	CPA_0.8.8	S	0.094693635827729189
2	32	256	CPA_0.8.8	M	0.094693635827729189
2	32	256	CPA_0.8.8	P	0.10339318224981998
2	32	256	CPA_0.8.8	O	0.10176072510605899
2	32	256	CPA_0.8.8	D	0.10257695367793948
2	32	256	zero_effect	S	0.1083328130814442
2	32	256	zero_effect	M	0.10833281308144418
2	32	256	zero_effect	P	0.10833281308144418
2	32	256	zero_effect	O	0.10833281308144418
2	32	256	zero_effect	D	0.10833281308144418
2	64	512	additive	S	0.026195167136201958
2	64	512	additive	M	0.026195167136201958
2	64	512	additive	P	0.029889854759311357
2	64	512	additive	O	0.029889854759311357
2	64	512	additive	D	0.029889854759311357
2	64	512	compositional_ridge	S	0.025403931071276635
2	64	512	compositional_ridge	M	0.025403931071276635
2	64	512	compositional_ridge	P	0.029098618694386038
2	64	512	compositional_ridge	O	0.029098618694386038
2	64	512	compositional_ridge	D	0.029098618694386038
2	64	512	CPA_0.8.8	S	0.092656993679463368
2	64	512	CPA_0.8.8	M	0.092656993679463368
2	64	512	CPA_0.8.8	P	0.096547026931613031
2	64	512	CPA_0.8.8	O	0.096156335673532545
2	64	512	CPA_0.8.8	D	0.096351681302572809
2	64	512	zero_effect	S	0.10457971686425074
2	64	512	zero_effect	M	0.10457971686425074
2	64	512	zero_effect	P	0.10457971686425074
2	64	512	zero_effect	O	0.10457971686425074
2	64	512	zero_effect	D	0.10457971686425074
2	128	1024	additive	S	0.026195167136201958
2	128	1024	additive	M	0.026195167136201958
2	128	1024	additive	P	0.028090563757598105
2	128	1024	additive	O	0.028090563757598105
2	128	1024	additive	D	0.028090563757598105
2	128	1024	compositional_ridge	S	0.025403931071276635
2	128	1024	compositional_ridge	M	0.025403931071276635
2	128	1024	compositional_ridge	P	0.027299327692672765
2	128	1024	compositional_ridge	O	0.027299327692672765
2	128	1024	compositional_ridge	D	0.027299327692672765
2	128	1024	CPA_0.8.8	S	0.092639017371008811
2	128	1024	CPA_0.8.8	M	0.092639017371008811
2	128	1024	CPA_0.8.8	P	0.09468978215646992
2	128	1024	CPA_0.8.8	O	0.094379045828340086
2	128	1024	CPA_0.8.8	D	0.094534413992405003
2	128	1024	zero_effect	S	0.10362220482537941
2	128	1024	zero_effect	M	0.10362220482537943
2	128	1024	zero_effect	P	0.10362220482537943
2	128	1024	zero_effect	O	0.10362220482537943
2	128	1024	zero_effect	D	0.10362220482537943
2	135	1080	additive	S	0.026195167136201958
2	135	1080	additive	M	0.026195167136201958
2	135	1080	additive	P	0.028001128426417318
2	135	1080	additive	O	0.028001128426417318
2	135	1080	additive	D	0.028001128426417318
2	135	1080	compositional_ridge	S	0.025403931071276635
2	135	1080	compositional_ridge	M	0.025403931071276635
2	135	1080	compositional_ridge	P	0.027209892361492013
2	135	1080	compositional_ridge	O	0.027209892361492013
2	135	1080	compositional_ridge	D	0.027209892361492013
2	135	1080	CPA_0.8.8	S	0.092342987754745753
2	135	1080	CPA_0.8.8	M	0.092342987754745753
2	135	1080	CPA_0.8.8	P	0.094304484333219488
2	135	1080	CPA_0.8.8	O	0.093993413756702782
2	135	1080	CPA_0.8.8	D	0.094148949044961142
2	135	1080	zero_effect	S	0.10327496372290151
2	135	1080	zero_effect	M	0.10327496372290147
2	135	1080	zero_effect	P	0.10327496372290147
2	135	1080	zero_effect	O	0.10327496372290147
2	135	1080	zero_effect	D	0.10327496372290147
3	8	64	additive	S	0.026195167136201958
3	8	64	additive	M	0.026195167136201958
3	8	64	additive	P	0.056371891728376325
3	8	64	additive	O	0.056371891728376325
3	8	64	additive	D	0.056371891728376325
3	8	64	compositional_ridge	S	0.025403931071276635
3	8	64	compositional_ridge	M	0.025403931071276635
3	8	64	compositional_ridge	P	0.055580655663451037
3	8	64	compositional_ridge	O	0.055580655663451037
3	8	64	compositional_ridge	D	0.055580655663451037
3	8	64	CPA_0.8.8	S	0.099249911822750905
3	8	64	CPA_0.8.8	M	0.099249911822750905
3	8	64	CPA_0.8.8	P	0.1325221047177399
3	8	64	CPA_0.8.8	O	0.12633116811211076
3	8	64	CPA_0.8.8	D	0.1294266364149253
3	8	64	zero_effect	S	0.12283104605356325
3	8	64	zero_effect	M	0.12283104605356325
3	8	64	zero_effect	P	0.12283104605356325
3	8	64	zero_effect	O	0.12283104605356325
3	8	64	zero_effect	D	0.12283104605356325
3	16	128	additive	S	0.026195167136201958
3	16	128	additive	M	0.026195167136201958
3	16	128	additive	P	0.041875869312421495
3	16	128	additive	O	0.041875869312421495
3	16	128	additive	D	0.041875869312421495
3	16	128	compositional_ridge	S	0.025403931071276635
3	16	128	compositional_ridge	M	0.025403931071276635
3	16	128	compositional_ridge	P	0.041084633247496172
3	16	128	compositional_ridge	O	0.041084633247496172
3	16	128	compositional_ridge	D	0.041084633247496172
3	16	128	CPA_0.8.8	S	0.093428965012590792
3	16	128	CPA_0.8.8	M	0.093428965012590792
3	16	128	CPA_0.8.8	P	0.11034772553385121
3	16	128	CPA_0.8.8	O	0.10787160884376944
3	16	128	CPA_0.8.8	D	0.10910966718881032
3	16	128	zero_effect	S	0.11037886120403212
3	16	128	zero_effect	M	0.11037886120403212
3	16	128	zero_effect	P	0.11037886120403212
3	16	128	zero_effect	O	0.11037886120403212
3	16	128	zero_effect	D	0.11037886120403212
3	32	256	additive	S	0.026195167136201958
3	32	256	additive	M	0.026195167136201958
3	32	256	additive	P	0.034196954283321583
3	32	256	additive	O	0.034196954283321583
3	32	256	additive	D	0.034196954283321583
3	32	256	compositional_ridge	S	0.025403931071276635
3	32	256	compositional_ridge	M	0.025403931071276635
3	32	256	compositional_ridge	P	0.033405718218396253
3	32	256	compositional_ridge	O	0.033405718218396253
3	32	256	compositional_ridge	D	0.033405718218396253
3	32	256	CPA_0.8.8	S	0.094651214713919171
3	32	256	CPA_0.8.8	M	0.094651214713919171
3	32	256	CPA_0.8.8	P	0.1035610289719192
3	32	256	CPA_0.8.8	O	0.10174497475015838
3	32	256	CPA_0.8.8	D	0.1026530018610388
3	32	256	zero_effect	S	0.10823770066731814
3	32	256	zero_effect	M	0.10823770066731814
3	32	256	zero_effect	P	0.10823770066731814
3	32	256	zero_effect	O	0.10823770066731814
3	32	256	zero_effect	D	0.10823770066731814
3	64	512	additive	S	0.026195167136201958
3	64	512	additive	M	0.026195167136201958
3	64	512	additive	P	0.030324559497747105
3	64	512	additive	O	0.030324559497747105
3	64	512	additive	D	0.030324559497747105
3	64	512	compositional_ridge	S	0.025403931071276635
3	64	512	compositional_ridge	M	0.025403931071276635
3	64	512	compositional_ridge	P	0.029533323432821789
3	64	512	compositional_ridge	O	0.029533323432821789
3	64	512	compositional_ridge	D	0.029533323432821789
3	64	512	CPA_0.8.8	S	0.092595228824617931
3	64	512	CPA_0.8.8	M	0.092595228824617945
3	64	512	CPA_0.8.8	P	0.097319187887601896
3	64	512	CPA_0.8.8	O	0.096130054484724364
3	64	512	CPA_0.8.8	D	0.096724621186163165
3	64	512	zero_effect	S	0.10428550380502531
3	64	512	zero_effect	M	0.10428550380502533
3	64	512	zero_effect	P	0.10428550380502533
3	64	512	zero_effect	O	0.10428550380502533
3	64	512	zero_effect	D	0.10428550380502533
3	128	1024	additive	S	0.026195167136201958
3	128	1024	additive	M	0.026195167136201958
3	128	1024	additive	P	0.028122746785887272
3	128	1024	additive	O	0.028122746785887272
3	128	1024	additive	D	0.028122746785887272
3	128	1024	compositional_ridge	S	0.025403931071276635
3	128	1024	compositional_ridge	M	0.025403931071276635
3	128	1024	compositional_ridge	P	0.027331510720961964
3	128	1024	compositional_ridge	O	0.027331510720961964
3	128	1024	compositional_ridge	D	0.027331510720961964
3	128	1024	CPA_0.8.8	S	0.091334731691070398
3	128	1024	CPA_0.8.8	M	0.091334731691070398
3	128	1024	CPA_0.8.8	P	0.093466751168049506
3	128	1024	CPA_0.8.8	O	0.093057871513461926
3	128	1024	CPA_0.8.8	D	0.093262311340755716
3	128	1024	zero_effect	S	0.10226445598301483
3	128	1024	zero_effect	M	0.10226445598301483
3	128	1024	zero_effect	P	0.10226445598301483
3	128	1024	zero_effect	O	0.10226445598301483
3	128	1024	zero_effect	D	0.10226445598301483
3	135	1080	additive	S	0.026195167136201958
3	135	1080	additive	M	0.026195167136201958
3	135	1080	additive	P	0.028050778005380417
3	135	1080	additive	O	0.028050778005380417
3	135	1080	additive	D	0.028050778005380417
3	135	1080	compositional_ridge	S	0.025403931071276635
3	135	1080	compositional_ridge	M	0.025403931071276635
3	135	1080	compositional_ridge	P	0.027259541940455111
3	135	1080	compositional_ridge	O	0.027259541940455111
3	135	1080	compositional_ridge	D	0.027259541940455111
3	135	1080	CPA_0.8.8	S	0.091649332475246661
3	135	1080	CPA_0.8.8	M	0.091649332475246648
3	135	1080	CPA_0.8.8	P	0.093729361064138289
3	135	1080	CPA_0.8.8	O	0.093280525624711896
3	135	1080	CPA_0.8.8	D	0.093504943344425093
3	135	1080	zero_effect	S	0.102567922411659
3	135	1080	zero_effect	M	0.102567922411659
3	135	1080	zero_effect	P	0.102567922411659
3	135	1080	zero_effect	O	0.102567922411659
3	135	1080	zero_effect	D	0.102567922411659
4	8	64	additive	S	0.026195167136201958
4	8	64	additive	M	0.026195167136201958
4	8	64	additive	P	0.055569780589541741
4	8	64	additive	O	0.055569780589541741
4	8	64	additive	D	0.055569780589541741
4	8	64	compositional_ridge	S	0.025403931071276635
4	8	64	compositional_ridge	M	0.025403931071276635
4	8	64	compositional_ridge	P	0.05477854452461639
4	8	64	compositional_ridge	O	0.05477854452461639
4	8	64	compositional_ridge	D	0.05477854452461639
4	8	64	CPA_0.8.8	S	0.08723939902214671
4	8	64	CPA_0.8.8	M	0.08723939902214671
4	8	64	CPA_0.8.8	P	0.11826931501072284
4	8	64	CPA_0.8.8	O	0.11495870994025018
4	8	64	CPA_0.8.8	D	0.1166140124754865
4	8	64	zero_effect	S	0.11094839173997537
4	8	64	zero_effect	M	0.11094839173997537
4	8	64	zero_effect	P	0.11094839173997537
4	8	64	zero_effect	O	0.11094839173997537
4	8	64	zero_effect	D	0.11094839173997537
4	16	128	additive	S	0.026195167136201958
4	16	128	additive	M	0.026195167136201958
4	16	128	additive	P	0.040351326889998936
4	16	128	additive	O	0.040351326889998936
4	16	128	additive	D	0.040351326889998936
4	16	128	compositional_ridge	S	0.025403931071276635
4	16	128	compositional_ridge	M	0.025403931071276635
4	16	128	compositional_ridge	P	0.039560090825073606
4	16	128	compositional_ridge	O	0.039560090825073606
4	16	128	compositional_ridge	D	0.039560090825073606
4	16	128	CPA_0.8.8	S	0.092915785816383226
4	16	128	CPA_0.8.8	M	0.092915785816383226
4	16	128	CPA_0.8.8	P	0.10760308580127184
4	16	128	CPA_0.8.8	O	0.10654080533908863
4	16	128	CPA_0.8.8	D	0.10707194557018025
4	16	128	zero_effect	S	0.1101294508141091
4	16	128	zero_effect	M	0.11012945081410909
4	16	128	zero_effect	P	0.11012945081410909
4	16	128	zero_effect	O	0.11012945081410909
4	16	128	zero_effect	D	0.11012945081410909
4	32	256	additive	S	0.026195167136201958
4	32	256	additive	M	0.026195167136201958
4	32	256	additive	P	0.033435722987128935
4	32	256	additive	O	0.033435722987128935
4	32	256	additive	D	0.033435722987128935
4	32	256	compositional_ridge	S	0.025403931071276635
4	32	256	compositional_ridge	M	0.025403931071276635
4	32	256	compositional_ridge	P	0.032644486922203599
4	32	256	compositional_ridge	O	0.032644486922203599
4	32	256	compositional_ridge	D	0.032644486922203599
4	32	256	CPA_0.8.8	S	0.093655563948040643
4	32	256	CPA_0.8.8	M	0.093655563948040629
4	32	256	CPA_0.8.8	P	0.10140181320184741
4	32	256	CPA_0.8.8	O	0.10039042639608788
4	32	256	CPA_0.8.8	D	0.10089611979896762
4	32	256	zero_effect	S	0.10775420626235251
4	32	256	zero_effect	M	0.10775420626235252
4	32	256	zero_effect	P	0.10775420626235252
4	32	256	zero_effect	O	0.10775420626235252
4	32	256	zero_effect	D	0.10775420626235252
4	64	512	additive	S	0.026195167136201958
4	64	512	additive	M	0.026195167136201958
4	64	512	additive	P	0.029784253354749858
4	64	512	additive	O	0.029784253354749858
4	64	512	additive	D	0.029784253354749858
4	64	512	compositional_ridge	S	0.025403931071276635
4	64	512	compositional_ridge	M	0.025403931071276635
4	64	512	compositional_ridge	P	0.028993017289824535
4	64	512	compositional_ridge	O	0.028993017289824535
4	64	512	compositional_ridge	D	0.028993017289824535
4	64	512	CPA_0.8.8	S	0.093455282797747383
4	64	512	CPA_0.8.8	M	0.093455282797747383
4	64	512	CPA_0.8.8	P	0.09715283362535683
4	64	512	CPA_0.8.8	O	0.096935904407233736
4	64	512	CPA_0.8.8	D	0.097044369016295276
4	64	512	zero_effect	S	0.10559902729241831
4	64	512	zero_effect	M	0.10559902729241831
4	64	512	zero_effect	P	0.10559902729241831
4	64	512	zero_effect	O	0.10559902729241831
4	64	512	zero_effect	D	0.10559902729241831
4	128	1024	additive	S	0.026195167136201958
4	128	1024	additive	M	0.026195167136201958
4	128	1024	additive	P	0.028069232968176157
4	128	1024	additive	O	0.028069232968176157
4	128	1024	additive	D	0.028069232968176157
4	128	1024	compositional_ridge	S	0.025403931071276635
4	128	1024	compositional_ridge	M	0.025403931071276635
4	128	1024	compositional_ridge	P	0.027277996903250844
4	128	1024	compositional_ridge	O	0.027277996903250844
4	128	1024	compositional_ridge	D	0.027277996903250844
4	128	1024	CPA_0.8.8	S	0.092572102401954043
4	128	1024	CPA_0.8.8	M	0.092572102401954029
4	128	1024	CPA_0.8.8	P	0.094572954231104511
4	128	1024	CPA_0.8.8	O	0.094319382236751986
4	128	1024	CPA_0.8.8	D	0.094446168233928263
4	128	1024	zero_effect	S	0.10355033874916166
4	128	1024	zero_effect	M	0.10355033874916166
4	128	1024	zero_effect	P	0.10355033874916166
4	128	1024	zero_effect	O	0.10355033874916166
4	128	1024	zero_effect	D	0.10355033874916166
4	135	1080	additive	S	0.026195167136201958
4	135	1080	additive	M	0.026195167136201958
4	135	1080	additive	P	0.027954376161624824
4	135	1080	additive	O	0.027954376161624824
4	135	1080	additive	D	0.027954376161624824
4	135	1080	compositional_ridge	S	0.025403931071276635
4	135	1080	compositional_ridge	M	0.025403931071276635
4	135	1080	compositional_ridge	P	0.027163140096699515
4	135	1080	compositional_ridge	O	0.027163140096699515
4	135	1080	compositional_ridge	D	0.027163140096699515
4	135	1080	CPA_0.8.8	S	0.092741511179134664
4	135	1080	CPA_0.8.8	M	0.092741511179134664
4	135	1080	CPA_0.8.8	P	0.094613317677291059
4	135	1080	CPA_0.8.8	O	0.094388122731824078
4	135	1080	CPA_0.8.8	D	0.094500720204557576
4	135	1080	zero_effect	S	0.1036472902976731
4	135	1080	zero_effect	M	0.1036472902976731
4	135	1080	zero_effect	P	0.1036472902976731
4	135	1080	zero_effect	O	0.1036472902976731
4	135	1080	zero_effect	D	0.1036472902976731
5	8	64	additive	S	0.026195167136201958
5	8	64	additive	M	0.026195167136201958
5	8	64	additive	P	0.056876374314919972
5	8	64	additive	O	0.056876374314919972
5	8	64	additive	D	0.056876374314919972
5	8	64	compositional_ridge	S	0.025403931071276635
5	8	64	compositional_ridge	M	0.025403931071276635
5	8	64	compositional_ridge	P	0.056085138249994636
5	8	64	compositional_ridge	O	0.056085138249994636
5	8	64	compositional_ridge	D	0.056085138249994636
5	8	64	CPA_0.8.8	S	0.089510055723514337
5	8	64	CPA_0.8.8	M	0.089510055723514323
5	8	64	CPA_0.8.8	P	0.12195774097963812
5	8	64	CPA_0.8.8	O	0.11842478482482666
5	8	64	CPA_0.8.8	D	0.12019126290223232
5	8	64	zero_effect	S	0.11344583877000516
5	8	64	zero_effect	M	0.11344583877000516
5	8	64	zero_effect	P	0.11344583877000516
5	8	64	zero_effect	O	0.11344583877000516
5	8	64	zero_effect	D	0.11344583877000516
5	16	128	additive	S	0.026195167136201958
5	16	128	additive	M	0.026195167136201958
5	16	128	additive	P	0.042037799132078245
5	16	128	additive	O	0.042037799132078245
5	16	128	additive	D	0.042037799132078245
5	16	128	compositional_ridge	S	0.025403931071276635
5	16	128	compositional_ridge	M	0.025403931071276635
5	16	128	compositional_ridge	P	0.041246563067152957
5	16	128	compositional_ridge	O	0.041246563067152957
5	16	128	compositional_ridge	D	0.041246563067152957
5	16	128	CPA_0.8.8	S	0.091347106813820453
5	16	128	CPA_0.8.8	M	0.091347106813820453
5	16	128	CPA_0.8.8	P	0.10884303693245677
5	16	128	CPA_0.8.8	O	0.10553644068693679
5	16	128	CPA_0.8.8	D	0.10718973880969682
5	16	128	zero_effect	S	0.10819334963705508
5	16	128	zero_effect	M	0.10819334963705508
5	16	128	zero_effect	P	0.10819334963705508
5	16	128	zero_effect	O	0.10819334963705508
5	16	128	zero_effect	D	0.10819334963705508
5	32	256	additive	S	0.026195167136201958
5	32	256	additive	M	0.026195167136201958
5	32	256	additive	P	0.033791925962412477
5	32	256	additive	O	0.033791925962412477
5	32	256	additive	D	0.033791925962412477
5	32	256	compositional_ridge	S	0.025403931071276635
5	32	256	compositional_ridge	M	0.025403931071276635
5	32	256	compositional_ridge	P	0.033000689897487168
5	32	256	compositional_ridge	O	0.033000689897487168
5	32	256	compositional_ridge	D	0.033000689897487168
5	32	256	CPA_0.8.8	S	0.092023514751612398
5	32	256	CPA_0.8.8	M	0.092023514751612398
5	32	256	CPA_0.8.8	P	0.10006566972719948
5	32	256	CPA_0.8.8	O	0.099174877428446467
5	32	256	CPA_0.8.8	D	0.099620273577823007
5	32	256	zero_effect	S	0.10572235332560455
5	32	256	zero_effect	M	0.10572235332560455
5	32	256	zero_effect	P	0.10572235332560455
5	32	256	zero_effect	O	0.10572235332560455
5	32	256	zero_effect	D	0.10572235332560455
5	64	512	additive	S	0.026195167136201958
5	64	512	additive	M	0.026195167136201958
5	64	512	additive	P	0.029905063960466202
5	64	512	additive	O	0.029905063960466202
5	64	512	additive	D	0.029905063960466202
5	64	512	compositional_ridge	S	0.025403931071276635
5	64	512	compositional_ridge	M	0.025403931071276635
5	64	512	compositional_ridge	P	0.029113827895540897
5	64	512	compositional_ridge	O	0.029113827895540897
5	64	512	compositional_ridge	D	0.029113827895540897
5	64	512	CPA_0.8.8	S	0.09177893376328719
5	64	512	CPA_0.8.8	M	0.09177893376328719
5	64	512	CPA_0.8.8	P	0.095664876764471649
5	64	512	CPA_0.8.8	O	0.095312784410631304
5	64	512	CPA_0.8.8	D	0.095488830587551504
5	64	512	zero_effect	S	0.10344205507563543
5	64	512	zero_effect	M	0.10344205507563543
5	64	512	zero_effect	P	0.10344205507563543
5	64	512	zero_effect	O	0.10344205507563543
5	64	512	zero_effect	D	0.10344205507563543
5	128	1024	additive	S	0.026195167136201958
5	128	1024	additive	M	0.026195167136201958
5	128	1024	additive	P	0.028130133628864948
5	128	1024	additive	O	0.028130133628864948
5	128	1024	additive	D	0.028130133628864948
5	128	1024	compositional_ridge	S	0.025403931071276635
5	128	1024	compositional_ridge	M	0.025403931071276635
5	128	1024	compositional_ridge	P	0.027338897563939642
5	128	1024	compositional_ridge	O	0.027338897563939642
5	128	1024	compositional_ridge	D	0.027338897563939642
5	128	1024	CPA_0.8.8	S	0.092231956187061495
5	128	1024	CPA_0.8.8	M	0.092231956187061495
5	128	1024	CPA_0.8.8	P	0.094284036413419356
5	128	1024	CPA_0.8.8	O	0.094049808946029614
5	128	1024	CPA_0.8.8	D	0.094166922679724471
5	128	1024	zero_effect	S	0.1031804925646255
5	128	1024	zero_effect	M	0.1031804925646255
5	128	1024	zero_effect	P	0.1031804925646255
5	128	1024	zero_effect	O	0.1031804925646255
5	128	1024	zero_effect	D	0.1031804925646255
5	135	1080	additive	S	0.026195167136201958
5	135	1080	additive	M	0.026195167136201958
5	135	1080	additive	P	0.028032127111676079
5	135	1080	additive	O	0.028032127111676079
5	135	1080	additive	D	0.028032127111676079
5	135	1080	compositional_ridge	S	0.025403931071276635
5	135	1080	compositional_ridge	M	0.025403931071276635
5	135	1080	compositional_ridge	P	0.027240891046750766
5	135	1080	compositional_ridge	O	0.027240891046750766
5	135	1080	compositional_ridge	D	0.027240891046750766
5	135	1080	CPA_0.8.8	S	0.09185496661327068
5	135	1080	CPA_0.8.8	M	0.091854966613270667
5	135	1080	CPA_0.8.8	P	0.093808544962481505
5	135	1080	CPA_0.8.8	O	0.093575308215008063
5	135	1080	CPA_0.8.8	D	0.093691926588744812
5	135	1080	zero_effect	S	0.10271433755719499
5	135	1080	zero_effect	M	0.10271433755719499
5	135	1080	zero_effect	P	0.10271433755719499
5	135	1080	zero_effect	O	0.10271433755719499
5	135	1080	zero_effect	D	0.10271433755719499
6	8	64	additive	S	0.026195167136201958
6	8	64	additive	M	0.026195167136201958
6	8	64	additive	P	0.057143599216588174
6	8	64	additive	O	0.057143599216588174
6	8	64	additive	D	0.057143599216588174
6	8	64	compositional_ridge	S	0.025403931071276635
6	8	64	compositional_ridge	M	0.025403931071276635
6	8	64	compositional_ridge	P	0.056352363151662872
6	8	64	compositional_ridge	O	0.056352363151662872
6	8	64	compositional_ridge	D	0.056352363151662872
6	8	64	CPA_0.8.8	S	0.092141557508763891
6	8	64	CPA_0.8.8	M	0.092141557508763891
6	8	64	CPA_0.8.8	P	0.12686114269499732
6	8	64	CPA_0.8.8	O	0.11931883648330292
6	8	64	CPA_0.8.8	D	0.12308998958915013
6	8	64	zero_effect	S	0.11660727134911351
6	8	64	zero_effect	M	0.11660727134911351
6	8	64	zero_effect	P	0.11660727134911351
6	8	64	zero_effect	O	0.11660727134911351
6	8	64	zero_effect	D	0.11660727134911351
6	16	128	additive	S	0.026195167136201958
6	16	128	additive	M	0.026195167136201958
6	16	128	additive	P	0.042559276600380273
6	16	128	additive	O	0.042559276600380273
6	16	128	additive	D	0.042559276600380273
6	16	128	compositional_ridge	S	0.025403931071276635
6	16	128	compositional_ridge	M	0.025403931071276635
6	16	128	compositional_ridge	P	0.041768040535454951
6	16	128	compositional_ridge	O	0.041768040535454951
6	16	128	compositional_ridge	D	0.041768040535454951
6	16	128	CPA_0.8.8	S	0.094312299383140771
6	16	128	CPA_0.8.8	M	0.094312299383140771
6	16	128	CPA_0.8.8	P	0.11329997317873322
6	16	128	CPA_0.8.8	O	0.10805284451590504
6	16	128	CPA_0.8.8	D	0.11067640884731909
6	16	128	zero_effect	S	0.11155640424469219
6	16	128	zero_effect	M	0.11155640424469217
6	16	128	zero_effect	P	0.11155640424469217
6	16	128	zero_effect	O	0.11155640424469217
6	16	128	zero_effect	D	0.11155640424469217
6	32	256	additive	S	0.026195167136201958
6	32	256	additive	M	0.026195167136201958
6	32	256	additive	P	0.034257083388405274
6	32	256	additive	O	0.034257083388405274
6	32	256	additive	D	0.034257083388405274
6	32	256	compositional_ridge	S	0.025403931071276635
6	32	256	compositional_ridge	M	0.025403931071276635
6	32	256	compositional_ridge	P	0.033465847323479937
6	32	256	compositional_ridge	O	0.033465847323479937
6	32	256	compositional_ridge	D	0.033465847323479937
6	32	256	CPA_0.8.8	S	0.090671492021608069
6	32	256	CPA_0.8.8	M	0.090671492021608069
6	32	256	CPA_0.8.8	P	0.099485063311466615
6	32	256	CPA_0.8.8	O	0.097981753236156086
6	32	256	CPA_0.8.8	D	0.098733408273811343
6	32	256	zero_effect	S	0.10436888665991367
6	32	256	zero_effect	M	0.10436888665991369
6	32	256	zero_effect	P	0.10436888665991369
6	32	256	zero_effect	O	0.10436888665991369
6	32	256	zero_effect	D	0.10436888665991369
6	64	512	additive	S	0.026195167136201958
6	64	512	additive	M	0.026195167136201958
6	64	512	additive	P	0.030157483375357896
6	64	512	additive	O	0.030157483375357896
6	64	512	additive	D	0.030157483375357896
6	64	512	compositional_ridge	S	0.025403931071276635
6	64	512	compositional_ridge	M	0.025403931071276635
6	64	512	compositional_ridge	P	0.029366247310432587
6	64	512	compositional_ridge	O	0.029366247310432587
6	64	512	compositional_ridge	D	0.029366247310432587
6	64	512	CPA_0.8.8	S	0.09129425625871801
6	64	512	CPA_0.8.8	M	0.09129425625871801
6	64	512	CPA_0.8.8	P	0.095673010307089509
6	64	512	CPA_0.8.8	O	0.09484013468865847
6	64	512	CPA_0.8.8	D	0.095256572497874004
6	64	512	zero_effect	S	0.10308991787653868
6	64	512	zero_effect	M	0.10308991787653868
6	64	512	zero_effect	P	0.10308991787653868
6	64	512	zero_effect	O	0.10308991787653868
6	64	512	zero_effect	D	0.10308991787653868
6	128	1024	additive	S	0.026195167136201958
6	128	1024	additive	M	0.026195167136201958
6	128	1024	additive	P	0.02806855655447392
6	128	1024	additive	O	0.02806855655447392
6	128	1024	additive	D	0.02806855655447392
6	128	1024	compositional_ridge	S	0.025403931071276635
6	128	1024	compositional_ridge	M	0.025403931071276635
6	128	1024	compositional_ridge	P	0.027277320489548614
6	128	1024	compositional_ridge	O	0.027277320489548614
6	128	1024	compositional_ridge	D	0.027277320489548614
6	128	1024	CPA_0.8.8	S	0.092157378460264422
6	128	1024	CPA_0.8.8	M	0.092157378460264422
6	128	1024	CPA_0.8.8	P	0.094183833167293507
6	128	1024	CPA_0.8.8	O	0.093877702589779344
6	128	1024	CPA_0.8.8	D	0.094030767878536411
6	128	1024	zero_effect	S	0.10304894970291531
6	128	1024	zero_effect	M	0.10304894970291531
6	128	1024	zero_effect	P	0.10304894970291531
6	128	1024	zero_effect	O	0.10304894970291531
6	128	1024	zero_effect	D	0.10304894970291531
6	135	1080	additive	S	0.026195167136201958
6	135	1080	additive	M	0.026195167136201958
6	135	1080	additive	P	0.027961903921729935
6	135	1080	additive	O	0.027961903921729935
6	135	1080	additive	D	0.027961903921729935
6	135	1080	compositional_ridge	S	0.025403931071276635
6	135	1080	compositional_ridge	M	0.025403931071276635
6	135	1080	compositional_ridge	P	0.027170667856804616
6	135	1080	compositional_ridge	O	0.027170667856804616
6	135	1080	compositional_ridge	D	0.027170667856804616
6	135	1080	CPA_0.8.8	S	0.092099044485365558
6	135	1080	CPA_0.8.8	M	0.092099044485365558
6	135	1080	CPA_0.8.8	P	0.094023796600274143
6	135	1080	CPA_0.8.8	O	0.093707765941512977
6	135	1080	CPA_0.8.8	D	0.093865781270893567
6	135	1080	zero_effect	S	0.10291939648537006
6	135	1080	zero_effect	M	0.10291939648537006
6	135	1080	zero_effect	P	0.10291939648537006
6	135	1080	zero_effect	O	0.10291939648537006
6	135	1080	zero_effect	D	0.10291939648537006
7	8	64	additive	S	0.026195167136201958
7	8	64	additive	M	0.026195167136201958
7	8	64	additive	P	0.057284807559903471
7	8	64	additive	O	0.057284807559903471
7	8	64	additive	D	0.057284807559903471
7	8	64	compositional_ridge	S	0.025403931071276635
7	8	64	compositional_ridge	M	0.025403931071276635
7	8	64	compositional_ridge	P	0.056493571494978176
7	8	64	compositional_ridge	O	0.056493571494978176
7	8	64	compositional_ridge	D	0.056493571494978176
7	8	64	CPA_0.8.8	S	0.092537376891548687
7	8	64	CPA_0.8.8	M	0.092537376891548673
7	8	64	CPA_0.8.8	P	0.12580377303475887
7	8	64	CPA_0.8.8	O	0.12145026159574158
7	8	64	CPA_0.8.8	D	0.12362701731525018
7	8	64	zero_effect	S	0.11766313339936825
7	8	64	zero_effect	M	0.11766313339936826
7	8	64	zero_effect	P	0.11766313339936826
7	8	64	zero_effect	O	0.11766313339936826
7	8	64	zero_effect	D	0.11766313339936826
7	16	128	additive	S	0.026195167136201958
7	16	128	additive	M	0.026195167136201958
7	16	128	additive	P	0.041119904383980291
7	16	128	additive	O	0.041119904383980291
7	16	128	additive	D	0.041119904383980291
7	16	128	compositional_ridge	S	0.025403931071276635
7	16	128	compositional_ridge	M	0.025403931071276635
7	16	128	compositional_ridge	P	0.040328668319054968
7	16	128	compositional_ridge	O	0.040328668319054968
7	16	128	compositional_ridge	D	0.040328668319054968
7	16	128	CPA_0.8.8	S	0.095437705353231386
7	16	128	CPA_0.8.8	M	0.095437705353231386
7	16	128	CPA_0.8.8	P	0.11164811546801959
7	16	128	CPA_0.8.8	O	0.10907676973399988
7	16	128	CPA_0.8.8	D	0.11036244260100979
7	16	128	zero_effect	S	0.11252044681937831
7	16	128	zero_effect	M	0.11252044681937835
7	16	128	zero_effect	P	0.11252044681937835
7	16	128	zero_effect	O	0.11252044681937835
7	16	128	zero_effect	D	0.11252044681937835
7	32	256	additive	S	0.026195167136201958
7	32	256	additive	M	0.026195167136201958
7	32	256	additive	P	0.033822707388398765
7	32	256	additive	O	0.033822707388398765
7	32	256	additive	D	0.033822707388398765
7	32	256	compositional_ridge	S	0.025403931071276635
7	32	256	compositional_ridge	M	0.025403931071276635
7	32	256	compositional_ridge	P	0.033031471323473421
7	32	256	compositional_ridge	O	0.033031471323473421
7	32	256	compositional_ridge	D	0.033031471323473421
7	32	256	CPA_0.8.8	S	0.093307654714382349
7	32	256	CPA_0.8.8	M	0.093307654714382349
7	32	256	CPA_0.8.8	P	0.1017497384155429
7	32	256	CPA_0.8.8	O	0.10012065151761551
7	32	256	CPA_0.8.8	D	0.10093519496657918
7	32	256	zero_effect	S	0.10697517681520838
7	32	256	zero_effect	M	0.10697517681520838
7	32	256	zero_effect	P	0.10697517681520838
7	32	256	zero_effect	O	0.10697517681520838
7	32	256	zero_effect	D	0.10697517681520838
7	64	512	additive	S	0.026195167136201958
7	64	512	additive	M	0.026195167136201958
7	64	512	additive	P	0.029983739782110049
7	64	512	additive	O	0.029983739782110049
7	64	512	additive	D	0.029983739782110049
7	64	512	compositional_ridge	S	0.025403931071276635
7	64	512	compositional_ridge	M	0.025403931071276635
7	64	512	compositional_ridge	P	0.029192503717184737
7	64	512	compositional_ridge	O	0.029192503717184737
7	64	512	compositional_ridge	D	0.029192503717184737
7	64	512	CPA_0.8.8	S	0.092379830277987574
7	64	512	CPA_0.8.8	M	0.092379830277987574
7	64	512	CPA_0.8.8	P	0.096476521375701438
7	64	512	CPA_0.8.8	O	0.095860284472089885
7	64	512	CPA_0.8.8	D	0.096168402923895682
7	64	512	zero_effect	S	0.10429017490082758
7	64	512	zero_effect	M	0.10429017490082758
7	64	512	zero_effect	P	0.10429017490082758
7	64	512	zero_effect	O	0.10429017490082758
7	64	512	zero_effect	D	0.10429017490082758
7	128	1024	additive	S	0.026195167136201958
7	128	1024	additive	M	0.026195167136201958
7	128	1024	additive	P	0.027981185867986303
7	128	1024	additive	O	0.027981185867986303
7	128	1024	additive	D	0.027981185867986303
7	128	1024	compositional_ridge	S	0.025403931071276635
7	128	1024	compositional_ridge	M	0.025403931071276635
7	128	1024	compositional_ridge	P	0.027189949803060998
7	128	1024	compositional_ridge	O	0.027189949803060998
7	128	1024	compositional_ridge	D	0.027189949803060998
7	128	1024	CPA_0.8.8	S	0.092698583048260536
7	128	1024	CPA_0.8.8	M	0.092698583048260536
7	128	1024	CPA_0.8.8	P	0.09457461423506372
7	128	1024	CPA_0.8.8	O	0.094394589325025938
7	128	1024	CPA_0.8.8	D	0.094484601780044822
7	128	1024	zero_effect	S	0.10365207388079314
7	128	1024	zero_effect	M	0.10365207388079314
7	128	1024	zero_effect	P	0.10365207388079314
7	128	1024	zero_effect	O	0.10365207388079314
7	128	1024	zero_effect	D	0.10365207388079314
7	135	1080	additive	S	0.026195167136201958
7	135	1080	additive	M	0.026195167136201958
7	135	1080	additive	P	0.027889682034660402
7	135	1080	additive	O	0.027889682034660402
7	135	1080	additive	D	0.027889682034660402
7	135	1080	compositional_ridge	S	0.025403931071276635
7	135	1080	compositional_ridge	M	0.025403931071276635
7	135	1080	compositional_ridge	P	0.027098445969735086
7	135	1080	compositional_ridge	O	0.027098445969735086
7	135	1080	compositional_ridge	D	0.027098445969735086
7	135	1080	CPA_0.8.8	S	0.092368632117980437
7	135	1080	CPA_0.8.8	M	0.092368632117980437
7	135	1080	CPA_0.8.8	P	0.094150627014803326
7	135	1080	CPA_0.8.8	O	0.093975667018074457
7	135	1080	CPA_0.8.8	D	0.094063147016438919
7	135	1080	zero_effect	S	0.10328281951059527
7	135	1080	zero_effect	M	0.10328281951059529
7	135	1080	zero_effect	P	0.10328281951059529
7	135	1080	zero_effect	O	0.10328281951059529
7	135	1080	zero_effect	D	0.10328281951059529
8	8	64	additive	S	0.026195167136201958
8	8	64	additive	M	0.026195167136201958
8	8	64	additive	P	0.055037720169294639
8	8	64	additive	O	0.055037720169294639
8	8	64	additive	D	0.055037720169294639
8	8	64	compositional_ridge	S	0.025403931071276635
8	8	64	compositional_ridge	M	0.025403931071276635
8	8	64	compositional_ridge	P	0.054246484104369302
8	8	64	compositional_ridge	O	0.054246484104369302
8	8	64	compositional_ridge	D	0.054246484104369302
8	8	64	CPA_0.8.8	S	0.09708932284602878
8	8	64	CPA_0.8.8	M	0.097089322846028767
8	8	64	CPA_0.8.8	P	0.12827319916500027
8	8	64	CPA_0.8.8	O	0.12359055259324266
8	8	64	CPA_0.8.8	D	0.1259318758791215
8	8	64	zero_effect	S	0.11985803781642348
8	8	64	zero_effect	M	0.11985803781642348
8	8	64	zero_effect	P	0.11985803781642348
8	8	64	zero_effect	O	0.11985803781642348
8	8	64	zero_effect	D	0.11985803781642348
8	16	128	additive	S	0.026195167136201958
8	16	128	additive	M	0.026195167136201958
8	16	128	additive	P	0.040535414016020344
8	16	128	additive	O	0.040535414016020344
8	16	128	additive	D	0.040535414016020344
8	16	128	compositional_ridge	S	0.025403931071276635
8	16	128	compositional_ridge	M	0.025403931071276635
8	16	128	compositional_ridge	P	0.039744177951095035
8	16	128	compositional_ridge	O	0.039744177951095035
8	16	128	compositional_ridge	D	0.039744177951095035
8	16	128	CPA_0.8.8	S	0.096585109495288257
8	16	128	CPA_0.8.8	M	0.096585109495288257
8	16	128	CPA_0.8.8	P	0.11155438364476092
8	16	128	CPA_0.8.8	O	0.11029632910545234
8	16	128	CPA_0.8.8	D	0.11092535637510659
8	16	128	zero_effect	S	0.11337408024386959
8	16	128	zero_effect	M	0.11337408024386959
8	16	128	zero_effect	P	0.11337408024386959
8	16	128	zero_effect	O	0.11337408024386959
8	16	128	zero_effect	D	0.11337408024386959
8	32	256	additive	S	0.026195167136201958
8	32	256	additive	M	0.026195167136201958
8	32	256	additive	P	0.033967851641225878
8	32	256	additive	O	0.033967851641225878
8	32	256	additive	D	0.033967851641225878
8	32	256	compositional_ridge	S	0.025403931071276635
8	32	256	compositional_ridge	M	0.025403931071276635
8	32	256	compositional_ridge	P	0.033176615576300555
8	32	256	compositional_ridge	O	0.033176615576300555
8	32	256	compositional_ridge	D	0.033176615576300555
8	32	256	CPA_0.8.8	S	0.095514228859214831
8	32	256	CPA_0.8.8	M	0.095514228859214831
8	32	256	CPA_0.8.8	P	0.10417771189290448
8	32	256	CPA_0.8.8	O	0.10239611483557308
8	32	256	CPA_0.8.8	D	0.10328691336423874
8	32	256	zero_effect	S	0.10904559219547941
8	32	256	zero_effect	M	0.10904559219547941
8	32	256	zero_effect	P	0.10904559219547941
8	32	256	zero_effect	O	0.10904559219547941
8	32	256	zero_effect	D	0.10904559219547941
8	64	512	additive	S	0.026195167136201958
8	64	512	additive	M	0.026195167136201958
8	64	512	additive	P	0.030177750805945411
8	64	512	additive	O	0.030177750805945411
8	64	512	additive	D	0.030177750805945411
8	64	512	compositional_ridge	S	0.025403931071276635
8	64	512	compositional_ridge	M	0.025403931071276635
8	64	512	compositional_ridge	P	0.029386514741020105
8	64	512	compositional_ridge	O	0.029386514741020105
8	64	512	compositional_ridge	D	0.029386514741020105
8	64	512	CPA_0.8.8	S	0.091049092703892304
8	64	512	CPA_0.8.8	M	0.09104909270389229
8	64	512	CPA_0.8.8	P	0.095459233389406067
8	64	512	CPA_0.8.8	O	0.094604119357865474
8	64	512	CPA_0.8.8	D	0.095031676373635784
8	64	512	zero_effect	S	0.10272634782360104
8	64	512	zero_effect	M	0.102726347823601
8	64	512	zero_effect	P	0.102726347823601
8	64	512	zero_effect	O	0.102726347823601
8	64	512	zero_effect	D	0.102726347823601
8	128	1024	additive	S	0.026195167136201958
8	128	1024	additive	M	0.026195167136201958
8	128	1024	additive	P	0.028046496233148876
8	128	1024	additive	O	0.028046496233148876
8	128	1024	additive	D	0.028046496233148876
8	128	1024	compositional_ridge	S	0.025403931071276635
8	128	1024	compositional_ridge	M	0.025403931071276635
8	128	1024	compositional_ridge	P	0.027255260168223563
8	128	1024	compositional_ridge	O	0.027255260168223563
8	128	1024	compositional_ridge	D	0.027255260168223563
8	128	1024	CPA_0.8.8	S	0.092121597111827866
8	128	1024	CPA_0.8.8	M	0.092121597111827866
8	128	1024	CPA_0.8.8	P	0.094101565356347144
8	128	1024	CPA_0.8.8	O	0.0938442870612025
8	128	1024	CPA_0.8.8	D	0.093972926208774815
8	128	1024	zero_effect	S	0.10305400287751607
8	128	1024	zero_effect	M	0.10305400287751604
8	128	1024	zero_effect	P	0.10305400287751604
8	128	1024	zero_effect	O	0.10305400287751604
8	128	1024	zero_effect	D	0.10305400287751604
8	135	1080	additive	S	0.026195167136201958
8	135	1080	additive	M	0.026195167136201958
8	135	1080	additive	P	0.027951955077322243
8	135	1080	additive	O	0.027951955077322243
8	135	1080	additive	D	0.027951955077322243
8	135	1080	compositional_ridge	S	0.025403931071276635
8	135	1080	compositional_ridge	M	0.025403931071276635
8	135	1080	compositional_ridge	P	0.027160719012396931
8	135	1080	compositional_ridge	O	0.027160719012396931
8	135	1080	compositional_ridge	D	0.027160719012396931
8	135	1080	CPA_0.8.8	S	0.092090975613939668
8	135	1080	CPA_0.8.8	M	0.092090975613939668
8	135	1080	CPA_0.8.8	P	0.093961134656189868
8	135	1080	CPA_0.8.8	O	0.093734392453929935
8	135	1080	CPA_0.8.8	D	0.093847763555059902
8	135	1080	zero_effect	S	0.10294503366667812
8	135	1080	zero_effect	M	0.10294503366667811
8	135	1080	zero_effect	P	0.10294503366667811
8	135	1080	zero_effect	O	0.10294503366667811
8	135	1080	zero_effect	D	0.10294503366667811
9	8	64	additive	S	0.026195167136201958
9	8	64	additive	M	0.026195167136201958
9	8	64	additive	P	0.056320508965161151
9	8	64	additive	O	0.056320508965161151
9	8	64	additive	D	0.056320508965161151
9	8	64	compositional_ridge	S	0.025403931071276635
9	8	64	compositional_ridge	M	0.025403931071276635
9	8	64	compositional_ridge	P	0.0555292729002358
9	8	64	compositional_ridge	O	0.0555292729002358
9	8	64	compositional_ridge	D	0.0555292729002358
9	8	64	CPA_0.8.8	S	0.090465395402255441
9	8	64	CPA_0.8.8	M	0.090465395402255441
9	8	64	CPA_0.8.8	P	0.12242551114148982
9	8	64	CPA_0.8.8	O	0.11875596332093943
9	8	64	CPA_0.8.8	D	0.12059073723121469
9	8	64	zero_effect	S	0.11454196913190245
9	8	64	zero_effect	M	0.11454196913190245
9	8	64	zero_effect	P	0.11454196913190245
9	8	64	zero_effect	O	0.11454196913190245
9	8	64	zero_effect	D	0.11454196913190245
9	16	128	additive	S	0.026195167136201958
9	16	128	additive	M	0.026195167136201958
9	16	128	additive	P	0.041782940822703486
9	16	128	additive	O	0.041782940822703486
9	16	128	additive	D	0.041782940822703486
9	16	128	compositional_ridge	S	0.025403931071276635
9	16	128	compositional_ridge	M	0.025403931071276635
9	16	128	compositional_ridge	P	0.040991704757778163
9	16	128	compositional_ridge	O	0.040991704757778163
9	16	128	compositional_ridge	D	0.040991704757778163
9	16	128	CPA_0.8.8	S	0.088998914728778258
9	16	128	CPA_0.8.8	M	0.088998914728778258
9	16	128	CPA_0.8.8	P	0.10568022836669855
9	16	128	CPA_0.8.8	O	0.103493148463861
9	16	128	CPA_0.8.8	D	0.10458668841527981
9	16	128	zero_effect	S	0.10625501477008828
9	16	128	zero_effect	M	0.10625501477008828
9	16	128	zero_effect	P	0.10625501477008828
9	16	128	zero_effect	O	0.10625501477008828
9	16	128	zero_effect	D	0.10625501477008828
9	32	256	additive	S	0.026195167136201958
9	32	256	additive	M	0.026195167136201958
9	32	256	additive	P	0.034202505204869789
9	32	256	additive	O	0.034202505204869789
9	32	256	additive	D	0.034202505204869789
9	32	256	compositional_ridge	S	0.025403931071276635
9	32	256	compositional_ridge	M	0.025403931071276635
9	32	256	compositional_ridge	P	0.033411269139944452
9	32	256	compositional_ridge	O	0.033411269139944452
9	32	256	compositional_ridge	D	0.033411269139944452
9	32	256	CPA_0.8.8	S	0.08989142649727544
9	32	256	CPA_0.8.8	M	0.089891426497275412
9	32	256	CPA_0.8.8	P	0.098797840031205592
9	32	256	CPA_0.8.8	O	0.096999689100680908
9	32	256	CPA_0.8.8	D	0.097898764565943222
9	32	256	zero_effect	S	0.10326577913151645
9	32	256	zero_effect	M	0.10326577913151645
9	32	256	zero_effect	P	0.10326577913151645
9	32	256	zero_effect	O	0.10326577913151645
9	32	256	zero_effect	D	0.10326577913151645
9	64	512	additive	S	0.026195167136201958
9	64	512	additive	M	0.026195167136201958
9	64	512	additive	P	0.030227690868202386
9	64	512	additive	O	0.030227690868202386
9	64	512	additive	D	0.030227690868202386
9	64	512	compositional_ridge	S	0.025403931071276635
9	64	512	compositional_ridge	M	0.025403931071276635
9	64	512	compositional_ridge	P	0.029436454803277074
9	64	512	compositional_ridge	O	0.029436454803277074
9	64	512	compositional_ridge	D	0.029436454803277074
9	64	512	CPA_0.8.8	S	0.09216876112387952
9	64	512	CPA_0.8.8	M	0.09216876112387952
9	64	512	CPA_0.8.8	P	0.096677868664823641
9	64	512	CPA_0.8.8	O	0.095724701046936353
9	64	512	CPA_0.8.8	D	0.096201284855879962
9	64	512	zero_effect	S	0.10383969557077088
9	64	512	zero_effect	M	0.10383969557077088
9	64	512	zero_effect	P	0.10383969557077088
9	64	512	zero_effect	O	0.10383969557077088
9	64	512	zero_effect	D	0.10383969557077088
9	128	1024	additive	S	0.026195167136201958
9	128	1024	additive	M	0.026195167136201958
9	128	1024	additive	P	0.028121333256279253
9	128	1024	additive	O	0.028121333256279253
9	128	1024	additive	D	0.028121333256279253
9	128	1024	compositional_ridge	S	0.025403931071276635
9	128	1024	compositional_ridge	M	0.025403931071276635
9	128	1024	compositional_ridge	P	0.027330097191353937
9	128	1024	compositional_ridge	O	0.027330097191353937
9	128	1024	compositional_ridge	D	0.027330097191353937
9	128	1024	CPA_0.8.8	S	0.092433930297129346
9	128	1024	CPA_0.8.8	M	0.092433930297129346
9	128	1024	CPA_0.8.8	P	0.094550363157768255
9	128	1024	CPA_0.8.8	O	0.094169829676644987
9	128	1024	CPA_0.8.8	D	0.094360096417206593
9	128	1024	zero_effect	S	0.10338702104740675
9	128	1024	zero_effect	M	0.10338702104740675
9	128	1024	zero_effect	P	0.10338702104740675
9	128	1024	zero_effect	O	0.10338702104740675
9	128	1024	zero_effect	D	0.10338702104740675
9	135	1080	additive	S	0.026195167136201958
9	135	1080	additive	M	0.026195167136201958
9	135	1080	additive	P	0.028031887087204554
9	135	1080	additive	O	0.028031887087204554
9	135	1080	additive	D	0.028031887087204554
9	135	1080	compositional_ridge	S	0.025403931071276635
9	135	1080	compositional_ridge	M	0.025403931071276635
9	135	1080	compositional_ridge	P	0.027240651022279242
9	135	1080	compositional_ridge	O	0.027240651022279242
9	135	1080	compositional_ridge	D	0.027240651022279242
9	135	1080	CPA_0.8.8	S	0.092446535087723852
9	135	1080	CPA_0.8.8	M	0.092446535087723852
9	135	1080	CPA_0.8.8	P	0.094484737930540047
9	135	1080	CPA_0.8.8	O	0.094081772146912893
9	135	1080	CPA_0.8.8	D	0.094283255038726449
9	135	1080	zero_effect	S	0.10333833024755867
9	135	1080	zero_effect	M	0.10333833024755867
9	135	1080	zero_effect	P	0.10333833024755867
9	135	1080	zero_effect	O	0.10333833024755867
9	135	1080	zero_effect	D	0.10333833024755867
10	8	64	additive	S	0.026195167136201958
10	8	64	additive	M	0.026195167136201958
10	8	64	additive	P	0.058758210741841607
10	8	64	additive	O	0.058758210741841607
10	8	64	additive	D	0.058758210741841607
10	8	64	compositional_ridge	S	0.025403931071276635
10	8	64	compositional_ridge	M	0.025403931071276635
10	8	64	compositional_ridge	P	0.057966974676916271
10	8	64	compositional_ridge	O	0.057966974676916271
10	8	64	compositional_ridge	D	0.057966974676916271
10	8	64	CPA_0.8.8	S	0.095311036667611621
10	8	64	CPA_0.8.8	M	0.095311036667611634
10	8	64	CPA_0.8.8	P	0.1326670601016601
10	8	64	CPA_0.8.8	O	0.12308110044484238
10	8	64	CPA_0.8.8	D	0.12787408027325126
10	8	64	zero_effect	S	0.11962592551551268
10	8	64	zero_effect	M	0.11962592551551268
10	8	64	zero_effect	P	0.11962592551551268
10	8	64	zero_effect	O	0.11962592551551268
10	8	64	zero_effect	D	0.11962592551551268
10	16	128	additive	S	0.026195167136201958
10	16	128	additive	M	0.026195167136201958
10	16	128	additive	P	0.04174737203367377
10	16	128	additive	O	0.04174737203367377
10	16	128	additive	D	0.04174737203367377
10	16	128	compositional_ridge	S	0.025403931071276635
10	16	128	compositional_ridge	M	0.025403931071276635
10	16	128	compositional_ridge	P	0.040956135968748447
10	16	128	compositional_ridge	O	0.040956135968748447
10	16	128	compositional_ridge	D	0.040956135968748447
10	16	128	CPA_0.8.8	S	0.09202971917657829
10	16	128	CPA_0.8.8	M	0.092029719176578303
10	16	128	CPA_0.8.8	P	0.1095709223229087
10	16	128	CPA_0.8.8	O	0.10559292582519157
10	16	128	CPA_0.8.8	D	0.10758192407405011
10	16	128	zero_effect	S	0.10934629641501596
10	16	128	zero_effect	M	0.10934629641501596
10	16	128	zero_effect	P	0.10934629641501596
10	16	128	zero_effect	O	0.10934629641501596
10	16	128	zero_effect	D	0.10934629641501596
10	32	256	additive	S	0.026195167136201958
10	32	256	additive	M	0.026195167136201958
10	32	256	additive	P	0.034127724424003893
10	32	256	additive	O	0.034127724424003893
10	32	256	additive	D	0.034127724424003893
10	32	256	compositional_ridge	S	0.025403931071276635
10	32	256	compositional_ridge	M	0.025403931071276635
10	32	256	compositional_ridge	P	0.033336488359078563
10	32	256	compositional_ridge	O	0.033336488359078563
10	32	256	compositional_ridge	D	0.033336488359078563
10	32	256	CPA_0.8.8	S	0.089837339488441151
10	32	256	CPA_0.8.8	M	0.089837339488441151
10	32	256	CPA_0.8.8	P	0.098755084742376556
10	32	256	CPA_0.8.8	O	0.096784708810109601
10	32	256	CPA_0.8.8	D	0.097769896776243051
10	32	256	zero_effect	S	0.10305565682423472
10	32	256	zero_effect	M	0.10305565682423472
10	32	256	zero_effect	P	0.10305565682423472
10	32	256	zero_effect	O	0.10305565682423472
10	32	256	zero_effect	D	0.10305565682423472
10	64	512	additive	S	0.026195167136201958
10	64	512	additive	M	0.026195167136201958
10	64	512	additive	P	0.030359837072232224
10	64	512	additive	O	0.030359837072232224
10	64	512	additive	D	0.030359837072232224
10	64	512	compositional_ridge	S	0.025403931071276635
10	64	512	compositional_ridge	M	0.025403931071276635
10	64	512	compositional_ridge	P	0.029568601007306898
10	64	512	compositional_ridge	O	0.029568601007306898
10	64	512	compositional_ridge	D	0.029568601007306898
10	64	512	CPA_0.8.8	S	0.09086728800738729
10	64	512	CPA_0.8.8	M	0.09086728800738729
10	64	512	CPA_0.8.8	P	0.095558112591013197
10	64	512	CPA_0.8.8	O	0.09450580329582188
10	64	512	CPA_0.8.8	D	0.095031957943417553
10	64	512	zero_effect	S	0.1026267051272904
10	64	512	zero_effect	M	0.1026267051272904
10	64	512	zero_effect	P	0.1026267051272904
10	64	512	zero_effect	O	0.1026267051272904
10	64	512	zero_effect	D	0.1026267051272904
10	128	1024	additive	S	0.026195167136201958
10	128	1024	additive	M	0.026195167136201958
10	128	1024	additive	P	0.028251648548668622
10	128	1024	additive	O	0.028251648548668622
10	128	1024	additive	D	0.028251648548668622
10	128	1024	compositional_ridge	S	0.025403931071276635
10	128	1024	compositional_ridge	M	0.025403931071276635
10	128	1024	compositional_ridge	P	0.027460412483743306
10	128	1024	compositional_ridge	O	0.027460412483743306
10	128	1024	compositional_ridge	D	0.027460412483743306
10	128	1024	CPA_0.8.8	S	0.091964055392262128
10	128	1024	CPA_0.8.8	M	0.091964055392262128
10	128	1024	CPA_0.8.8	P	0.09426800683637003
10	128	1024	CPA_0.8.8	O	0.093773066773087568
10	128	1024	CPA_0.8.8	D	0.094020536804728799
10	128	1024	zero_effect	S	0.10291921814113804
10	128	1024	zero_effect	M	0.10291921814113802
10	128	1024	zero_effect	P	0.10291921814113802
10	128	1024	zero_effect	O	0.10291921814113802
10	128	1024	zero_effect	D	0.10291921814113802
10	135	1080	additive	S	0.026195167136201958
10	135	1080	additive	M	0.026195167136201958
10	135	1080	additive	P	0.028087839396381205
10	135	1080	additive	O	0.028087839396381205
10	135	1080	additive	D	0.028087839396381205
10	135	1080	compositional_ridge	S	0.025403931071276635
10	135	1080	compositional_ridge	M	0.025403931071276635
10	135	1080	compositional_ridge	P	0.027296603331455893
10	135	1080	compositional_ridge	O	0.027296603331455893
10	135	1080	compositional_ridge	D	0.027296603331455893
10	135	1080	CPA_0.8.8	S	0.092245774924694685
10	135	1080	CPA_0.8.8	M	0.092245774924694685
10	135	1080	CPA_0.8.8	P	0.094336114185557471
10	135	1080	CPA_0.8.8	O	0.093940780184190387
10	135	1080	CPA_0.8.8	D	0.094138447184873936
10	135	1080	zero_effect	S	0.10311944963864429
10	135	1080	zero_effect	M	0.10311944963864429
10	135	1080	zero_effect	P	0.10311944963864429
10	135	1080	zero_effect	O	0.10311944963864429
10	135	1080	zero_effect	D	0.10311944963864429
11	8	64	additive	S	0.026195167136201958
11	8	64	additive	M	0.026195167136201958
11	8	64	additive	P	0.060224544190420663
11	8	64	additive	O	0.060224544190420663
11	8	64	additive	D	0.060224544190420663
11	8	64	compositional_ridge	S	0.025403931071276635
11	8	64	compositional_ridge	M	0.025403931071276635
11	8	64	compositional_ridge	P	0.05943330812549532
11	8	64	compositional_ridge	O	0.05943330812549532
11	8	64	compositional_ridge	D	0.05943330812549532
11	8	64	CPA_0.8.8	S	0.098870935115509095
11	8	64	CPA_0.8.8	M	0.098870935115509082
11	8	64	CPA_0.8.8	P	0.13897434703660266
11	8	64	CPA_0.8.8	O	0.1268262773028529
11	8	64	CPA_0.8.8	D	0.13290031216972778
11	8	64	zero_effect	S	0.12266157056410967
11	8	64	zero_effect	M	0.12266157056410966
11	8	64	zero_effect	P	0.12266157056410966
11	8	64	zero_effect	O	0.12266157056410966
11	8	64	zero_effect	D	0.12266157056410966
11	16	128	additive	S	0.026195167136201958
11	16	128	additive	M	0.026195167136201958
11	16	128	additive	P	0.042377497241132607
11	16	128	additive	O	0.042377497241132607
11	16	128	additive	D	0.042377497241132607
11	16	128	compositional_ridge	S	0.025403931071276635
11	16	128	compositional_ridge	M	0.025403931071276635
11	16	128	compositional_ridge	P	0.04158626117620727
11	16	128	compositional_ridge	O	0.04158626117620727
11	16	128	compositional_ridge	D	0.04158626117620727
11	16	128	CPA_0.8.8	S	0.094119882556565365
11	16	128	CPA_0.8.8	M	0.094119882556565379
11	16	128	CPA_0.8.8	P	0.11274938237343168
11	16	128	CPA_0.8.8	O	0.10785504294956036
11	16	128	CPA_0.8.8	D	0.11030221266149601
11	16	128	zero_effect	S	0.1109840338966087
11	16	128	zero_effect	M	0.1109840338966087
11	16	128	zero_effect	P	0.1109840338966087
11	16	128	zero_effect	O	0.1109840338966087
11	16	128	zero_effect	D	0.1109840338966087
11	32	256	additive	S	0.026195167136201958
11	32	256	additive	M	0.026195167136201958
11	32	256	additive	P	0.034073199272357378
11	32	256	additive	O	0.034073199272357378
11	32	256	additive	D	0.034073199272357378
11	32	256	compositional_ridge	S	0.025403931071276635
11	32	256	compositional_ridge	M	0.025403931071276635
11	32	256	compositional_ridge	P	0.033281963207432069
11	32	256	compositional_ridge	O	0.033281963207432069
11	32	256	compositional_ridge	D	0.033281963207432069
11	32	256	CPA_0.8.8	S	0.091961046413155667
11	32	256	CPA_0.8.8	M	0.091961046413155667
11	32	256	CPA_0.8.8	P	0.10096736483727574
11	32	256	CPA_0.8.8	O	0.098710792261346464
11	32	256	CPA_0.8.8	D	0.099839078549311108
11	32	256	zero_effect	S	0.10586125053788357
11	32	256	zero_effect	M	0.10586125053788357
11	32	256	zero_effect	P	0.10586125053788357
11	32	256	zero_effect	O	0.10586125053788357
11	32	256	zero_effect	D	0.10586125053788357
11	64	512	additive	S	0.026195167136201958
11	64	512	additive	M	0.026195167136201958
11	64	512	additive	P	0.030171716664457063
11	64	512	additive	O	0.030171716664457063
11	64	512	additive	D	0.030171716664457063
11	64	512	compositional_ridge	S	0.025403931071276635
11	64	512	compositional_ridge	M	0.025403931071276635
11	64	512	compositional_ridge	P	0.029380480599531741
11	64	512	compositional_ridge	O	0.029380480599531741
11	64	512	compositional_ridge	D	0.029380480599531741
11	64	512	CPA_0.8.8	S	0.091761658638274332
11	64	512	CPA_0.8.8	M	0.091761658638274332
11	64	512	CPA_0.8.8	P	0.096280314380364676
11	64	512	CPA_0.8.8	O	0.095196101952694193
11	64	512	CPA_0.8.8	D	0.09573820816652942
11	64	512	zero_effect	S	0.10355672633143581
11	64	512	zero_effect	M	0.10355672633143581
11	64	512	zero_effect	P	0.10355672633143581
11	64	512	zero_effect	O	0.10355672633143581
11	64	512	zero_effect	D	0.10355672633143581
11	128	1024	additive	S	0.026195167136201958
11	128	1024	additive	M	0.026195167136201958
11	128	1024	additive	P	0.028211872300465887
11	128	1024	additive	O	0.028211872300465887
11	128	1024	additive	D	0.028211872300465887
11	128	1024	compositional_ridge	S	0.025403931071276635
11	128	1024	compositional_ridge	M	0.025403931071276635
11	128	1024	compositional_ridge	P	0.027420636235540558
11	128	1024	compositional_ridge	O	0.027420636235540558
11	128	1024	compositional_ridge	D	0.027420636235540558
11	128	1024	CPA_0.8.8	S	0.092107585723131158
11	128	1024	CPA_0.8.8	M	0.092107585723131158
11	128	1024	CPA_0.8.8	P	0.094411241845533442
11	128	1024	CPA_0.8.8	O	0.093837339929256719
11	128	1024	CPA_0.8.8	D	0.094124290887395115
11	128	1024	zero_effect	S	0.10303880143037947
11	128	1024	zero_effect	M	0.10303880143037945
11	128	1024	zero_effect	P	0.10303880143037945
11	128	1024	zero_effect	O	0.10303880143037945
11	128	1024	zero_effect	D	0.10303880143037945
11	135	1080	additive	S	0.026195167136201958
11	135	1080	additive	M	0.026195167136201958
11	135	1080	additive	P	0.028129103589698098
11	135	1080	additive	O	0.028129103589698098
11	135	1080	additive	D	0.028129103589698098
11	135	1080	compositional_ridge	S	0.025403931071276635
11	135	1080	compositional_ridge	M	0.025403931071276635
11	135	1080	compositional_ridge	P	0.027337867524772786
11	135	1080	compositional_ridge	O	0.027337867524772786
11	135	1080	compositional_ridge	D	0.027337867524772786
11	135	1080	CPA_0.8.8	S	0.09200257637545213
11	135	1080	CPA_0.8.8	M	0.09200257637545213
11	135	1080	CPA_0.8.8	P	0.094220238526053893
11	135	1080	CPA_0.8.8	O	0.093652787131842774
11	135	1080	CPA_0.8.8	D	0.093936512828948313
11	135	1080	zero_effect	S	0.10288466393047567
11	135	1080	zero_effect	M	0.10288466393047567
11	135	1080	zero_effect	P	0.10288466393047567
11	135	1080	zero_effect	O	0.10288466393047567
11	135	1080	zero_effect	D	0.10288466393047567
12	8	64	additive	S	0.026195167136201958
12	8	64	additive	M	0.026195167136201958
12	8	64	additive	P	0.056287315124679681
12	8	64	additive	O	0.056287315124679681
12	8	64	additive	D	0.056287315124679681
12	8	64	compositional_ridge	S	0.025403931071276635
12	8	64	compositional_ridge	M	0.025403931071276635
12	8	64	compositional_ridge	P	0.055496079059754358
12	8	64	compositional_ridge	O	0.055496079059754358
12	8	64	compositional_ridge	D	0.055496079059754358
12	8	64	CPA_0.8.8	S	0.091245957959176061
12	8	64	CPA_0.8.8	M	0.091245957959176061
12	8	64	CPA_0.8.8	P	0.12355229474662539
12	8	64	CPA_0.8.8	O	0.11912391714868213
12	8	64	CPA_0.8.8	D	0.1213381059476538
12	8	64	zero_effect	S	0.11581910483069598
12	8	64	zero_effect	M	0.11581910483069598
12	8	64	zero_effect	P	0.11581910483069598
12	8	64	zero_effect	O	0.11581910483069598
12	8	64	zero_effect	D	0.11581910483069598
12	16	128	additive	S	0.026195167136201958
12	16	128	additive	M	0.026195167136201958
12	16	128	additive	P	0.041281937297996917
12	16	128	additive	O	0.041281937297996917
12	16	128	additive	D	0.041281937297996917
12	16	128	compositional_ridge	S	0.025403931071276635
12	16	128	compositional_ridge	M	0.025403931071276635
12	16	128	compositional_ridge	P	0.040490701233071594
12	16	128	compositional_ridge	O	0.040490701233071594
12	16	128	compositional_ridge	D	0.040490701233071594
12	16	128	CPA_0.8.8	S	0.095347889115729154
12	16	128	CPA_0.8.8	M	0.095347889115729154
12	16	128	CPA_0.8.8	P	0.1113856519935149
12	16	128	CPA_0.8.8	O	0.10948366656153322
12	16	128	CPA_0.8.8	D	0.11043465927752409
12	16	128	zero_effect	S	0.11283582058734655
12	16	128	zero_effect	M	0.11283582058734655
12	16	128	zero_effect	P	0.11283582058734655
12	16	128	zero_effect	O	0.11283582058734655
12	16	128	zero_effect	D	0.11283582058734655
12	32	256	additive	S	0.026195167136201958
12	32	256	additive	M	0.026195167136201958
12	32	256	additive	P	0.033685402486223023
12	32	256	additive	O	0.033685402486223023
12	32	256	additive	D	0.033685402486223023
12	32	256	compositional_ridge	S	0.025403931071276635
12	32	256	compositional_ridge	M	0.025403931071276635
12	32	256	compositional_ridge	P	0.032894166421297694
12	32	256	compositional_ridge	O	0.032894166421297694
12	32	256	compositional_ridge	D	0.032894166421297694
12	32	256	CPA_0.8.8	S	0.090974765955614503
12	32	256	CPA_0.8.8	M	0.090974765955614503
12	32	256	CPA_0.8.8	P	0.098712667638672077
12	32	256	CPA_0.8.8	O	0.098217334972599088
12	32	256	CPA_0.8.8	D	0.098465001305635583
12	32	256	zero_effect	S	0.10480265906572689
12	32	256	zero_effect	M	0.10480265906572689
12	32	256	zero_effect	P	0.10480265906572689
12	32	256	zero_effect	O	0.10480265906572689
12	32	256	zero_effect	D	0.10480265906572689
12	64	512	additive	S	0.026195167136201958
12	64	512	additive	M	0.026195167136201958
12	64	512	additive	P	0.030180136929071313
12	64	512	additive	O	0.030180136929071313
12	64	512	additive	D	0.030180136929071313
12	64	512	compositional_ridge	S	0.025403931071276635
12	64	512	compositional_ridge	M	0.025403931071276635
12	64	512	compositional_ridge	P	0.02938890086414599
12	64	512	compositional_ridge	O	0.02938890086414599
12	64	512	compositional_ridge	D	0.02938890086414599
12	64	512	CPA_0.8.8	S	0.092095536500700528
12	64	512	CPA_0.8.8	M	0.092095536500700528
12	64	512	CPA_0.8.8	P	0.096585802874933402
12	64	512	CPA_0.8.8	O	0.095575209712206413
12	64	512	CPA_0.8.8	D	0.096080506293569928
12	64	512	zero_effect	S	0.10396908565662047
12	64	512	zero_effect	M	0.10396908565662047
12	64	512	zero_effect	P	0.10396908565662047
12	64	512	zero_effect	O	0.10396908565662047
12	64	512	zero_effect	D	0.10396908565662047
12	128	1024	additive	S	0.026195167136201958
12	128	1024	additive	M	0.026195167136201958
12	128	1024	additive	P	0.028354154751627329
12	128	1024	additive	O	0.028354154751627329
12	128	1024	additive	D	0.028354154751627329
12	128	1024	compositional_ridge	S	0.025403931071276635
12	128	1024	compositional_ridge	M	0.025403931071276635
12	128	1024	compositional_ridge	P	0.027562918686702024
12	128	1024	compositional_ridge	O	0.027562918686702024
12	128	1024	compositional_ridge	D	0.027562918686702024
12	128	1024	CPA_0.8.8	S	0.092264850152756692
12	128	1024	CPA_0.8.8	M	0.092264850152756692
12	128	1024	CPA_0.8.8	P	0.094813463168796713
12	128	1024	CPA_0.8.8	O	0.094034212367567371
12	128	1024	CPA_0.8.8	D	0.094423837768182028
12	128	1024	zero_effect	S	0.10321362224343469
12	128	1024	zero_effect	M	0.10321362224343469
12	128	1024	zero_effect	P	0.10321362224343469
12	128	1024	zero_effect	O	0.10321362224343469
12	128	1024	zero_effect	D	0.10321362224343469
12	135	1080	additive	S	0.026195167136201958
12	135	1080	additive	M	0.026195167136201958
12	135	1080	additive	P	0.028199469232285425
12	135	1080	additive	O	0.028199469232285425
12	135	1080	additive	D	0.028199469232285425
12	135	1080	compositional_ridge	S	0.025403931071276635
12	135	1080	compositional_ridge	M	0.025403931071276635
12	135	1080	compositional_ridge	P	0.027408233167360106
12	135	1080	compositional_ridge	O	0.027408233167360106
12	135	1080	compositional_ridge	D	0.027408233167360106
12	135	1080	CPA_0.8.8	S	0.09252374334932624
12	135	1080	CPA_0.8.8	M	0.09252374334932624
12	135	1080	CPA_0.8.8	P	0.094884635251363425
12	135	1080	CPA_0.8.8	O	0.094171455639456045
12	135	1080	CPA_0.8.8	D	0.094528045445409714
12	135	1080	zero_effect	S	0.10341732533235259
12	135	1080	zero_effect	M	0.10341732533235259
12	135	1080	zero_effect	P	0.10341732533235259
12	135	1080	zero_effect	O	0.10341732533235259
12	135	1080	zero_effect	D	0.10341732533235259
13	8	64	additive	S	0.026195167136201958
13	8	64	additive	M	0.026195167136201958
13	8	64	additive	P	0.057074643819540596
13	8	64	additive	O	0.057074643819540596
13	8	64	additive	D	0.057074643819540596
13	8	64	compositional_ridge	S	0.025403931071276635
13	8	64	compositional_ridge	M	0.025403931071276635
13	8	64	compositional_ridge	P	0.05628340775461526
13	8	64	compositional_ridge	O	0.05628340775461526
13	8	64	compositional_ridge	D	0.05628340775461526
13	8	64	CPA_0.8.8	S	0.087902600839446357
13	8	64	CPA_0.8.8	M	0.087902600839446371
13	8	64	CPA_0.8.8	P	0.1211267174031735
13	8	64	CPA_0.8.8	O	0.11643743764239649
13	8	64	CPA_0.8.8	D	0.118782077522785
13	8	64	zero_effect	S	0.11271866020067003
13	8	64	zero_effect	M	0.11271866020067003
13	8	64	zero_effect	P	0.11271866020067003
13	8	64	zero_effect	O	0.11271866020067003
13	8	64	zero_effect	D	0.11271866020067003
13	16	128	additive	S	0.026195167136201958
13	16	128	additive	M	0.026195167136201958
13	16	128	additive	P	0.042703787866181134
13	16	128	additive	O	0.042703787866181134
13	16	128	additive	D	0.042703787866181134
13	16	128	compositional_ridge	S	0.025403931071276635
13	16	128	compositional_ridge	M	0.025403931071276635
13	16	128	compositional_ridge	P	0.041912551801255804
13	16	128	compositional_ridge	O	0.041912551801255804
13	16	128	compositional_ridge	D	0.041912551801255804
13	16	128	CPA_0.8.8	S	0.089528887848174643
13	16	128	CPA_0.8.8	M	0.089528887848174629
13	16	128	CPA_0.8.8	P	0.10813954372482056
13	16	128	CPA_0.8.8	O	0.10393547343148715
13	16	128	CPA_0.8.8	D	0.10603750857815382
13	16	128	zero_effect	S	0.10665788312161893
13	16	128	zero_effect	M	0.10665788312161893
13	16	128	zero_effect	P	0.10665788312161893
13	16	128	zero_effect	O	0.10665788312161893
13	16	128	zero_effect	D	0.10665788312161893
13	32	256	additive	S	0.026195167136201958
13	32	256	additive	M	0.026195167136201958
13	32	256	additive	P	0.034467800282542704
13	32	256	additive	O	0.034467800282542704
13	32	256	additive	D	0.034467800282542704
13	32	256	compositional_ridge	S	0.025403931071276635
13	32	256	compositional_ridge	M	0.025403931071276635
13	32	256	compositional_ridge	P	0.033676564217617361
13	32	256	compositional_ridge	O	0.033676564217617361
13	32	256	compositional_ridge	D	0.033676564217617361
13	32	256	CPA_0.8.8	S	0.090609191219325536
13	32	256	CPA_0.8.8	M	0.090609191219325536
13	32	256	CPA_0.8.8	P	0.09978798109801354
13	32	256	CPA_0.8.8	O	0.097975667633319038
13	32	256	CPA_0.8.8	D	0.098881824365666282
13	32	256	zero_effect	S	0.10419173709550643
13	32	256	zero_effect	M	0.10419173709550643
13	32	256	zero_effect	P	0.10419173709550643
13	32	256	zero_effect	O	0.10419173709550643
13	32	256	zero_effect	D	0.10419173709550643
13	64	512	additive	S	0.026195167136201958
13	64	512	additive	M	0.026195167136201958
13	64	512	additive	P	0.030033309337977022
13	64	512	additive	O	0.030033309337977022
13	64	512	additive	D	0.030033309337977022
13	64	512	compositional_ridge	S	0.025403931071276635
13	64	512	compositional_ridge	M	0.025403931071276635
13	64	512	compositional_ridge	P	0.029242073273051693
13	64	512	compositional_ridge	O	0.029242073273051693
13	64	512	compositional_ridge	D	0.029242073273051693
13	64	512	CPA_0.8.8	S	0.090757985966281915
13	64	512	CPA_0.8.8	M	0.090757985966281915
13	64	512	CPA_0.8.8	P	0.094912774230721975
13	64	512	CPA_0.8.8	O	0.094279482105391957
13	64	512	CPA_0.8.8	D	0.094596128168056945
13	64	512	zero_effect	S	0.10254972684236656
13	64	512	zero_effect	M	0.10254972684236656
13	64	512	zero_effect	P	0.10254972684236656
13	64	512	zero_effect	O	0.10254972684236656
13	64	512	zero_effect	D	0.10254972684236656
13	128	1024	additive	S	0.026195167136201958
13	128	1024	additive	M	0.026195167136201958
13	128	1024	additive	P	0.028083641491382663
13	128	1024	additive	O	0.028083641491382663
13	128	1024	additive	D	0.028083641491382663
13	128	1024	compositional_ridge	S	0.025403931071276635
13	128	1024	compositional_ridge	M	0.025403931071276635
13	128	1024	compositional_ridge	P	0.02729240542645734
13	128	1024	compositional_ridge	O	0.02729240542645734
13	128	1024	compositional_ridge	D	0.02729240542645734
13	128	1024	CPA_0.8.8	S	0.092310523583894383
13	128	1024	CPA_0.8.8	M	0.092310523583894397
13	128	1024	CPA_0.8.8	P	0.094328575917243376
13	128	1024	CPA_0.8.8	O	0.094069419960906828
13	128	1024	CPA_0.8.8	D	0.094198997939075102
13	128	1024	zero_effect	S	0.10339580436552509
13	128	1024	zero_effect	M	0.10339580436552509
13	128	1024	zero_effect	P	0.10339580436552509
13	128	1024	zero_effect	O	0.10339580436552509
13	128	1024	zero_effect	D	0.10339580436552509
13	135	1080	additive	S	0.026195167136201958
13	135	1080	additive	M	0.026195167136201958
13	135	1080	additive	P	0.028013351243266836
13	135	1080	additive	O	0.028013351243266836
13	135	1080	additive	D	0.028013351243266836
13	135	1080	compositional_ridge	S	0.025403931071276635
13	135	1080	compositional_ridge	M	0.025403931071276635
13	135	1080	compositional_ridge	P	0.027222115178341517
13	135	1080	compositional_ridge	O	0.027222115178341517
13	135	1080	compositional_ridge	D	0.027222115178341517
13	135	1080	CPA_0.8.8	S	0.092195158373149649
13	135	1080	CPA_0.8.8	M	0.092195158373149649
13	135	1080	CPA_0.8.8	P	0.094157724042890578
13	135	1080	CPA_0.8.8	O	0.093868960917538435
13	135	1080	CPA_0.8.8	D	0.094013342480214535
13	135	1080	zero_effect	S	0.10319537433828894
13	135	1080	zero_effect	M	0.10319537433828894
13	135	1080	zero_effect	P	0.10319537433828894
13	135	1080	zero_effect	O	0.10319537433828894
13	135	1080	zero_effect	D	0.10319537433828894
14	8	64	additive	S	0.026195167136201958
14	8	64	additive	M	0.026195167136201958
14	8	64	additive	P	0.055525144117720845
14	8	64	additive	O	0.055525144117720845
14	8	64	additive	D	0.055525144117720845
14	8	64	compositional_ridge	S	0.025403931071276635
14	8	64	compositional_ridge	M	0.025403931071276635
14	8	64	compositional_ridge	P	0.054733908052795502
14	8	64	compositional_ridge	O	0.054733908052795502
14	8	64	compositional_ridge	D	0.054733908052795502
14	8	64	CPA_0.8.8	S	0.094608689736649265
14	8	64	CPA_0.8.8	M	0.094608689736649251
14	8	64	CPA_0.8.8	P	0.12723475194882053
14	8	64	CPA_0.8.8	O	0.12064258148751573
14	8	64	CPA_0.8.8	D	0.1239386667181681
14	8	64	zero_effect	S	0.11785738070008704
14	8	64	zero_effect	M	0.11785738070008704
14	8	64	zero_effect	P	0.11785738070008704
14	8	64	zero_effect	O	0.11785738070008704
14	8	64	zero_effect	D	0.11785738070008704
14	16	128	additive	S	0.026195167136201958
14	16	128	additive	M	0.026195167136201958
14	16	128	additive	P	0.04150606398435578
14	16	128	additive	O	0.04150606398435578
14	16	128	additive	D	0.04150606398435578
14	16	128	compositional_ridge	S	0.025403931071276635
14	16	128	compositional_ridge	M	0.025403931071276635
14	16	128	compositional_ridge	P	0.04071482791943045
14	16	128	compositional_ridge	O	0.04071482791943045
14	16	128	compositional_ridge	D	0.04071482791943045
14	16	128	CPA_0.8.8	S	0.091831718587603223
14	16	128	CPA_0.8.8	M	0.091831718587603223
14	16	128	CPA_0.8.8	P	0.10931997277977255
14	16	128	CPA_0.8.8	O	0.10496525809174151
14	16	128	CPA_0.8.8	D	0.10714261543575698
14	16	128	zero_effect	S	0.10857846854062123
14	16	128	zero_effect	M	0.10857846854062123
14	16	128	zero_effect	P	0.10857846854062123
14	16	128	zero_effect	O	0.10857846854062123
14	16	128	zero_effect	D	0.10857846854062123
14	32	256	additive	S	0.026195167136201958
14	32	256	additive	M	0.026195167136201958
14	32	256	additive	P	0.033686658977548446
14	32	256	additive	O	0.033686658977548446
14	32	256	additive	D	0.033686658977548446
14	32	256	compositional_ridge	S	0.025403931071276635
14	32	256	compositional_ridge	M	0.025403931071276635
14	32	256	compositional_ridge	P	0.03289542291262311
14	32	256	compositional_ridge	O	0.03289542291262311
14	32	256	compositional_ridge	D	0.03289542291262311
14	32	256	CPA_0.8.8	S	0.091189925487469597
14	32	256	CPA_0.8.8	M	0.091189925487469597
14	32	256	CPA_0.8.8	P	0.099469284462512325
14	32	256	CPA_0.8.8	O	0.097893550195119861
14	32	256	CPA_0.8.8	D	0.098681417328816093
14	32	256	zero_effect	S	0.10459155822847394
14	32	256	zero_effect	M	0.10459155822847394
14	32	256	zero_effect	P	0.10459155822847394
14	32	256	zero_effect	O	0.10459155822847394
14	32	256	zero_effect	D	0.10459155822847394
14	64	512	additive	S	0.026195167136201958
14	64	512	additive	M	0.026195167136201958
14	64	512	additive	P	0.029785438149918249
14	64	512	additive	O	0.029785438149918249
14	64	512	additive	D	0.029785438149918249
14	64	512	compositional_ridge	S	0.025403931071276635
14	64	512	compositional_ridge	M	0.025403931071276635
14	64	512	compositional_ridge	P	0.028994202084992943
14	64	512	compositional_ridge	O	0.028994202084992943
14	64	512	compositional_ridge	D	0.028994202084992943
14	64	512	CPA_0.8.8	S	0.093620113384303899
14	64	512	CPA_0.8.8	M	0.093620113384303899
14	64	512	CPA_0.8.8	P	0.097430354844070297
14	64	512	CPA_0.8.8	O	0.096990413951970111
14	64	512	CPA_0.8.8	D	0.097210384398020183
14	64	512	zero_effect	S	0.10531599473842353
14	64	512	zero_effect	M	0.1053159947384235
14	64	512	zero_effect	P	0.1053159947384235
14	64	512	zero_effect	O	0.1053159947384235
14	64	512	zero_effect	D	0.1053159947384235
14	128	1024	additive	S	0.026195167136201958
14	128	1024	additive	M	0.026195167136201958
14	128	1024	additive	P	0.02803153393905166
14	128	1024	additive	O	0.02803153393905166
14	128	1024	additive	D	0.02803153393905166
14	128	1024	compositional_ridge	S	0.025403931071276635
14	128	1024	compositional_ridge	M	0.025403931071276635
14	128	1024	compositional_ridge	P	0.027240297874126351
14	128	1024	compositional_ridge	O	0.027240297874126351
14	128	1024	compositional_ridge	D	0.027240297874126351
14	128	1024	CPA_0.8.8	S	0.092989819475898766
14	128	1024	CPA_0.8.8	M	0.092989819475898766
14	128	1024	CPA_0.8.8	P	0.094931794455411958
14	128	1024	CPA_0.8.8	O	0.094720578102085104
14	128	1024	CPA_0.8.8	D	0.094826186278748489
14	128	1024	zero_effect	S	0.1039675340151185
14	128	1024	zero_effect	M	0.10396753401511855
14	128	1024	zero_effect	P	0.10396753401511855
14	128	1024	zero_effect	O	0.10396753401511855
14	128	1024	zero_effect	D	0.10396753401511855
14	135	1080	additive	S	0.026195167136201958
14	135	1080	additive	M	0.026195167136201958
14	135	1080	additive	P	0.027911894354093809
14	135	1080	additive	O	0.027911894354093809
14	135	1080	additive	D	0.027911894354093809
14	135	1080	compositional_ridge	S	0.025403931071276635
14	135	1080	compositional_ridge	M	0.025403931071276635
14	135	1080	compositional_ridge	P	0.027120658289168494
14	135	1080	compositional_ridge	O	0.027120658289168494
14	135	1080	compositional_ridge	D	0.027120658289168494
14	135	1080	CPA_0.8.8	S	0.092645450240094573
14	135	1080	CPA_0.8.8	M	0.092645450240094573
14	135	1080	CPA_0.8.8	P	0.09444341902034134
14	135	1080	CPA_0.8.8	O	0.094280935895631593
14	135	1080	CPA_0.8.8	D	0.094362177457986446
14	135	1080	zero_effect	S	0.10353279700201454
14	135	1080	zero_effect	M	0.10353279700201454
14	135	1080	zero_effect	P	0.10353279700201454
14	135	1080	zero_effect	O	0.10353279700201454
14	135	1080	zero_effect	D	0.10353279700201454
15	8	64	additive	S	0.026195167136201958
15	8	64	additive	M	0.026195167136201958
15	8	64	additive	P	0.057538364412376197
15	8	64	additive	O	0.057538364412376197
15	8	64	additive	D	0.057538364412376197
15	8	64	compositional_ridge	S	0.025403931071276635
15	8	64	compositional_ridge	M	0.025403931071276635
15	8	64	compositional_ridge	P	0.056747128347450895
15	8	64	compositional_ridge	O	0.056747128347450895
15	8	64	compositional_ridge	D	0.056747128347450895
15	8	64	CPA_0.8.8	S	0.092871627697547254
15	8	64	CPA_0.8.8	M	0.092871627697547254
15	8	64	CPA_0.8.8	P	0.12613269032004992
15	8	64	CPA_0.8.8	O	0.12229695962739297
15	8	64	CPA_0.8.8	D	0.12421482497372148
15	8	64	zero_effect	S	0.11713680204816186
15	8	64	zero_effect	M	0.11713680204816186
15	8	64	zero_effect	P	0.11713680204816186
15	8	64	zero_effect	O	0.11713680204816186
15	8	64	zero_effect	D	0.11713680204816186
15	16	128	additive	S	0.026195167136201958
15	16	128	additive	M	0.026195167136201958
15	16	128	additive	P	0.041433099433948788
15	16	128	additive	O	0.041433099433948788
15	16	128	additive	D	0.041433099433948788
15	16	128	compositional_ridge	S	0.025403931071276635
15	16	128	compositional_ridge	M	0.025403931071276635
15	16	128	compositional_ridge	P	0.040641863369023472
15	16	128	compositional_ridge	O	0.040641863369023472
15	16	128	compositional_ridge	D	0.040641863369023472
15	16	128	CPA_0.8.8	S	0.091832239475861804
15	16	128	CPA_0.8.8	M	0.09183223947586179
15	16	128	CPA_0.8.8	P	0.10794973454446784
15	16	128	CPA_0.8.8	O	0.10619060900274943
15	16	128	CPA_0.8.8	D	0.10707017177360861
15	16	128	zero_effect	S	0.10804270027296867
15	16	128	zero_effect	M	0.10804270027296867
15	16	128	zero_effect	P	0.10804270027296867
15	16	128	zero_effect	O	0.10804270027296867
15	16	128	zero_effect	D	0.10804270027296867
15	32	256	additive	S	0.026195167136201958
15	32	256	additive	M	0.026195167136201958
15	32	256	additive	P	0.033891580414539407
15	32	256	additive	O	0.033891580414539407
15	32	256	additive	D	0.033891580414539407
15	32	256	compositional_ridge	S	0.025403931071276635
15	32	256	compositional_ridge	M	0.025403931071276635
15	32	256	compositional_ridge	P	0.033100344349614085
15	32	256	compositional_ridge	O	0.033100344349614085
15	32	256	compositional_ridge	D	0.033100344349614085
15	32	256	CPA_0.8.8	S	0.092835025700388013
15	32	256	CPA_0.8.8	M	0.092835025700388013
15	32	256	CPA_0.8.8	P	0.10116769613313834
15	32	256	CPA_0.8.8	O	0.09989518182431259
15	32	256	CPA_0.8.8	D	0.10053143897872542
15	32	256	zero_effect	S	0.10591410449619891
15	32	256	zero_effect	M	0.10591410449619891
15	32	256	zero_effect	P	0.10591410449619891
15	32	256	zero_effect	O	0.10591410449619891
15	32	256	zero_effect	D	0.10591410449619891
15	64	512	additive	S	0.026195167136201958
15	64	512	additive	M	0.026195167136201958
15	64	512	additive	P	0.030013171547398743
15	64	512	additive	O	0.030013171547398743
15	64	512	additive	D	0.030013171547398743
15	64	512	compositional_ridge	S	0.025403931071276635
15	64	512	compositional_ridge	M	0.025403931071276635
15	64	512	compositional_ridge	P	0.029221935482473437
15	64	512	compositional_ridge	O	0.029221935482473437
15	64	512	compositional_ridge	D	0.029221935482473437
15	64	512	CPA_0.8.8	S	0.091950343532572421
15	64	512	CPA_0.8.8	M	0.091950343532572407
15	64	512	CPA_0.8.8	P	0.096115913644159987
15	64	512	CPA_0.8.8	O	0.095420782243378327
15	64	512	CPA_0.8.8	D	0.095768347943769164
15	64	512	zero_effect	S	0.10367371970996724
15	64	512	zero_effect	M	0.10367371970996724
15	64	512	zero_effect	P	0.10367371970996724
15	64	512	zero_effect	O	0.10367371970996724
15	64	512	zero_effect	D	0.10367371970996724
15	128	1024	additive	S	0.026195167136201958
15	128	1024	additive	M	0.026195167136201958
15	128	1024	additive	P	0.028053667518149
15	128	1024	additive	O	0.028053667518149
15	128	1024	additive	D	0.028053667518149
15	128	1024	compositional_ridge	S	0.025403931071276635
15	128	1024	compositional_ridge	M	0.025403931071276635
15	128	1024	compositional_ridge	P	0.027262431453223671
15	128	1024	compositional_ridge	O	0.027262431453223671
15	128	1024	compositional_ridge	D	0.027262431453223671
15	128	1024	CPA_0.8.8	S	0.092517616978059547
15	128	1024	CPA_0.8.8	M	0.092517616978059575
15	128	1024	CPA_0.8.8	P	0.09456757463917477
15	128	1024	CPA_0.8.8	O	0.094184660080838395
15	128	1024	CPA_0.8.8	D	0.094376117360006589
15	128	1024	zero_effect	S	0.10336587207381789
15	128	1024	zero_effect	M	0.10336587207381789
15	128	1024	zero_effect	P	0.10336587207381789
15	128	1024	zero_effect	O	0.10336587207381789
15	128	1024	zero_effect	D	0.10336587207381789
15	135	1080	additive	S	0.026195167136201958
15	135	1080	additive	M	0.026195167136201958
15	135	1080	additive	P	0.027960241366300046
15	135	1080	additive	O	0.027960241366300046
15	135	1080	additive	D	0.027960241366300046
15	135	1080	compositional_ridge	S	0.025403931071276635
15	135	1080	compositional_ridge	M	0.025403931071276635
15	135	1080	compositional_ridge	P	0.02716900530137473
15	135	1080	compositional_ridge	O	0.02716900530137473
15	135	1080	compositional_ridge	D	0.02716900530137473
15	135	1080	CPA_0.8.8	S	0.092613138160464625
15	135	1080	CPA_0.8.8	M	0.092613138160464625
15	135	1080	CPA_0.8.8	P	0.094551492243419674
15	135	1080	CPA_0.8.8	O	0.094204932537705663
15	135	1080	CPA_0.8.8	D	0.094378212390562655
15	135	1080	zero_effect	S	0.10345665541151793
15	135	1080	zero_effect	M	0.10345665541151793
15	135	1080	zero_effect	P	0.10345665541151793
15	135	1080	zero_effect	O	0.10345665541151793
15	135	1080	zero_effect	D	0.10345665541151793
16	8	64	additive	S	0.026195167136201958
16	8	64	additive	M	0.026195167136201958
16	8	64	additive	P	0.057648633474515924
16	8	64	additive	O	0.057648633474515924
16	8	64	additive	D	0.057648633474515924
16	8	64	compositional_ridge	S	0.025403931071276635
16	8	64	compositional_ridge	M	0.025403931071276635
16	8	64	compositional_ridge	P	0.056857397409590574
16	8	64	compositional_ridge	O	0.056857397409590574
16	8	64	compositional_ridge	D	0.056857397409590574
16	8	64	CPA_0.8.8	S	0.091216545759995118
16	8	64	CPA_0.8.8	M	0.091216545759995118
16	8	64	CPA_0.8.8	P	0.12653927082362229
16	8	64	CPA_0.8.8	O	0.11880075337299575
16	8	64	CPA_0.8.8	D	0.12267001209830901
16	8	64	zero_effect	S	0.1146184025121207
16	8	64	zero_effect	M	0.11461840251212066
16	8	64	zero_effect	P	0.11461840251212066
16	8	64	zero_effect	O	0.11461840251212066
16	8	64	zero_effect	D	0.11461840251212066
16	16	128	additive	S	0.026195167136201958
16	16	128	additive	M	0.026195167136201958
16	16	128	additive	P	0.041622554001751549
16	16	128	additive	O	0.041622554001751549
16	16	128	additive	D	0.041622554001751549
16	16	128	compositional_ridge	S	0.025403931071276635
16	16	128	compositional_ridge	M	0.025403931071276635
16	16	128	compositional_ridge	P	0.04083131793682622
16	16	128	compositional_ridge	O	0.04083131793682622
16	16	128	compositional_ridge	D	0.04083131793682622
16	16	128	CPA_0.8.8	S	0.096401141434089899
16	16	128	CPA_0.8.8	M	0.096401141434089885
16	16	128	CPA_0.8.8	P	0.11369331680580522
16	16	128	CPA_0.8.8	O	0.10996373979347379
16	16	128	CPA_0.8.8	D	0.11182852829963942
16	16	128	zero_effect	S	0.11295284200643312
16	16	128	zero_effect	M	0.11295284200643313
16	16	128	zero_effect	P	0.11295284200643313
16	16	128	zero_effect	O	0.11295284200643313
16	16	128	zero_effect	D	0.11295284200643313
16	32	256	additive	S	0.026195167136201958
16	32	256	additive	M	0.026195167136201958
16	32	256	additive	P	0.033626409262914735
16	32	256	additive	O	0.033626409262914735
16	32	256	additive	D	0.033626409262914735
16	32	256	compositional_ridge	S	0.025403931071276635
16	32	256	compositional_ridge	M	0.025403931071276635
16	32	256	compositional_ridge	P	0.032835173197989412
16	32	256	compositional_ridge	O	0.032835173197989412
16	32	256	compositional_ridge	D	0.032835173197989412
16	32	256	CPA_0.8.8	S	0.095574736513962227
16	32	256	CPA_0.8.8	M	0.095574736513962227
16	32	256	CPA_0.8.8	P	0.10358266861166929
16	32	256	CPA_0.8.8	O	0.10242928866968071
16	32	256	CPA_0.8.8	D	0.103005978640675
16	32	256	zero_effect	S	0.10898222710354871
16	32	256	zero_effect	M	0.10898222710354871
16	32	256	zero_effect	P	0.10898222710354871
16	32	256	zero_effect	O	0.10898222710354871
16	32	256	zero_effect	D	0.10898222710354871
16	64	512	additive	S	0.026195167136201958
16	64	512	additive	M	0.026195167136201958
16	64	512	additive	P	0.029981236931776976
16	64	512	additive	O	0.029981236931776976
16	64	512	additive	D	0.029981236931776976
16	64	512	compositional_ridge	S	0.025403931071276635
16	64	512	compositional_ridge	M	0.025403931071276635
16	64	512	compositional_ridge	P	0.029190000866851668
16	64	512	compositional_ridge	O	0.029190000866851668
16	64	512	compositional_ridge	D	0.029190000866851668
16	64	512	CPA_0.8.8	S	0.091590644395874235
16	64	512	CPA_0.8.8	M	0.091590644395874235
16	64	512	CPA_0.8.8	P	0.095655592393331129
16	64	512	CPA_0.8.8	O	0.09509783598956735
16	64	512	CPA_0.8.8	D	0.095376714191449205
16	64	512	zero_effect	S	0.10345032815594891
16	64	512	zero_effect	M	0.10345032815594891
16	64	512	zero_effect	P	0.10345032815594891
16	64	512	zero_effect	O	0.10345032815594891
16	64	512	zero_effect	D	0.10345032815594891
16	128	1024	additive	S	0.026195167136201958
16	128	1024	additive	M	0.026195167136201958
16	128	1024	additive	P	0.028050790634651119
16	128	1024	additive	O	0.028050790634651119
16	128	1024	additive	D	0.028050790634651119
16	128	1024	compositional_ridge	S	0.025403931071276635
16	128	1024	compositional_ridge	M	0.025403931071276635
16	128	1024	compositional_ridge	P	0.027259554569725796
16	128	1024	compositional_ridge	O	0.027259554569725796
16	128	1024	compositional_ridge	D	0.027259554569725796
16	128	1024	CPA_0.8.8	S	0.092238926928204956
16	128	1024	CPA_0.8.8	M	0.092238926928204956
16	128	1024	CPA_0.8.8	P	0.094208157794031772
16	128	1024	CPA_0.8.8	O	0.093980943059276387
16	128	1024	CPA_0.8.8	D	0.094094550426654086
16	128	1024	zero_effect	S	0.10317432928988991
16	128	1024	zero_effect	M	0.10317432928988991
16	128	1024	zero_effect	P	0.10317432928988991
16	128	1024	zero_effect	O	0.10317432928988991
16	128	1024	zero_effect	D	0.10317432928988991
16	135	1080	additive	S	0.026195167136201958
16	135	1080	additive	M	0.026195167136201958
16	135	1080	additive	P	0.027963541509368372
16	135	1080	additive	O	0.027963541509368372
16	135	1080	additive	D	0.027963541509368372
16	135	1080	compositional_ridge	S	0.025403931071276635
16	135	1080	compositional_ridge	M	0.025403931071276635
16	135	1080	compositional_ridge	P	0.027172305444443056
16	135	1080	compositional_ridge	O	0.027172305444443056
16	135	1080	compositional_ridge	D	0.027172305444443056
16	135	1080	CPA_0.8.8	S	0.092331624024472814
16	135	1080	CPA_0.8.8	M	0.092331624024472828
16	135	1080	CPA_0.8.8	P	0.094205111289925494
16	135	1080	CPA_0.8.8	O	0.093994885505352982
16	135	1080	CPA_0.8.8	D	0.094099998397639259
16	135	1080	zero_effect	S	0.10321804104400197
16	135	1080	zero_effect	M	0.10321804104400197
16	135	1080	zero_effect	P	0.10321804104400197
16	135	1080	zero_effect	O	0.10321804104400197
16	135	1080	zero_effect	D	0.10321804104400197
17	8	64	additive	S	0.026195167136201958
17	8	64	additive	M	0.026195167136201958
17	8	64	additive	P	0.058019857887122439
17	8	64	additive	O	0.058019857887122439
17	8	64	additive	D	0.058019857887122439
17	8	64	compositional_ridge	S	0.025403931071276635
17	8	64	compositional_ridge	M	0.025403931071276635
17	8	64	compositional_ridge	P	0.057228621822197158
17	8	64	compositional_ridge	O	0.057228621822197158
17	8	64	compositional_ridge	D	0.057228621822197158
17	8	64	CPA_0.8.8	S	0.097520658816901834
17	8	64	CPA_0.8.8	M	0.097520658816901834
17	8	64	CPA_0.8.8	P	0.13251233068553361
17	8	64	CPA_0.8.8	O	0.12617836845011107
17	8	64	CPA_0.8.8	D	0.12934534956782234
17	8	64	zero_effect	S	0.12204254632854025
17	8	64	zero_effect	M	0.12204254632854027
17	8	64	zero_effect	P	0.12204254632854027
17	8	64	zero_effect	O	0.12204254632854027
17	8	64	zero_effect	D	0.12204254632854027
17	16	128	additive	S	0.026195167136201958
17	16	128	additive	M	0.026195167136201958
17	16	128	additive	P	0.041558915868242452
17	16	128	additive	O	0.041558915868242452
17	16	128	additive	D	0.041558915868242452
17	16	128	compositional_ridge	S	0.025403931071276635
17	16	128	compositional_ridge	M	0.025403931071276635
17	16	128	compositional_ridge	P	0.040767679803317136
17	16	128	compositional_ridge	O	0.040767679803317136
17	16	128	compositional_ridge	D	0.040767679803317136
17	16	128	CPA_0.8.8	S	0.093800801232442291
17	16	128	CPA_0.8.8	M	0.093800801232442291
17	16	128	CPA_0.8.8	P	0.11006960196502233
17	16	128	CPA_0.8.8	O	0.10825949796394331
17	16	128	CPA_0.8.8	D	0.10916454996448283
17	16	128	zero_effect	S	0.11071849768756596
17	16	128	zero_effect	M	0.11071849768756596
17	16	128	zero_effect	P	0.11071849768756596
17	16	128	zero_effect	O	0.11071849768756596
17	16	128	zero_effect	D	0.11071849768756596
17	32	256	additive	S	0.026195167136201958
17	32	256	additive	M	0.026195167136201958
17	32	256	additive	P	0.033749652034337559
17	32	256	additive	O	0.033749652034337559
17	32	256	additive	D	0.033749652034337559
17	32	256	compositional_ridge	S	0.025403931071276635
17	32	256	compositional_ridge	M	0.025403931071276635
17	32	256	compositional_ridge	P	0.032958415969412243
17	32	256	compositional_ridge	O	0.032958415969412243
17	32	256	compositional_ridge	D	0.032958415969412243
17	32	256	CPA_0.8.8	S	0.095635293968240623
17	32	256	CPA_0.8.8	M	0.095635293968240623
17	32	256	CPA_0.8.8	P	0.10374079006347681
17	32	256	CPA_0.8.8	O	0.10263876766927565
17	32	256	CPA_0.8.8	D	0.10318977886637624
17	32	256	zero_effect	S	0.10953983703610282
17	32	256	zero_effect	M	0.10953983703610282
17	32	256	zero_effect	P	0.10953983703610282
17	32	256	zero_effect	O	0.10953983703610282
17	32	256	zero_effect	D	0.10953983703610282
17	64	512	additive	S	0.026195167136201958
17	64	512	additive	M	0.026195167136201958
17	64	512	additive	P	0.029913173757401698
17	64	512	additive	O	0.029913173757401698
17	64	512	additive	D	0.029913173757401698
17	64	512	compositional_ridge	S	0.025403931071276635
17	64	512	compositional_ridge	M	0.025403931071276635
17	64	512	compositional_ridge	P	0.029121937692476368
17	64	512	compositional_ridge	O	0.029121937692476368
17	64	512	compositional_ridge	D	0.029121937692476368
17	64	512	CPA_0.8.8	S	0.094727237402361469
17	64	512	CPA_0.8.8	M	0.094727237402361469
17	64	512	CPA_0.8.8	P	0.098805999714515161
17	64	512	CPA_0.8.8	O	0.098084488332607273
17	64	512	CPA_0.8.8	D	0.098445244023561224
17	64	512	zero_effect	S	0.10678875470223403
17	64	512	zero_effect	M	0.10678875470223405
17	64	512	zero_effect	P	0.10678875470223405
17	64	512	zero_effect	O	0.10678875470223405
17	64	512	zero_effect	D	0.10678875470223405
17	128	1024	additive	S	0.026195167136201958
17	128	1024	additive	M	0.026195167136201958
17	128	1024	additive	P	0.028226611975915143
17	128	1024	additive	O	0.028226611975915143
17	128	1024	additive	D	0.028226611975915143
17	128	1024	compositional_ridge	S	0.025403931071276635
17	128	1024	compositional_ridge	M	0.025403931071276635
17	128	1024	compositional_ridge	P	0.027435375910989834
17	128	1024	compositional_ridge	O	0.027435375910989834
17	128	1024	compositional_ridge	D	0.027435375910989834
17	128	1024	CPA_0.8.8	S	0.09312075737747659
17	128	1024	CPA_0.8.8	M	0.09312075737747659
17	128	1024	CPA_0.8.8	P	0.095389289585238513
17	128	1024	CPA_0.8.8	O	0.094915114849141044
17	128	1024	CPA_0.8.8	D	0.095152202217189771
17	128	1024	zero_effect	S	0.10412838528739642
17	128	1024	zero_effect	M	0.10412838528739642
17	128	1024	zero_effect	P	0.10412838528739642
17	128	1024	zero_effect	O	0.10412838528739642
17	128	1024	zero_effect	D	0.10412838528739642
17	135	1080	additive	S	0.026195167136201958
17	135	1080	additive	M	0.026195167136201958
17	135	1080	additive	P	0.028119321590302813
17	135	1080	additive	O	0.028119321590302813
17	135	1080	additive	D	0.028119321590302813
17	135	1080	compositional_ridge	S	0.025403931071276635
17	135	1080	compositional_ridge	M	0.025403931071276635
17	135	1080	compositional_ridge	P	0.02732808552537749
17	135	1080	compositional_ridge	O	0.02732808552537749
17	135	1080	compositional_ridge	D	0.02732808552537749
17	135	1080	CPA_0.8.8	S	0.092671316853796579
17	135	1080	CPA_0.8.8	M	0.092671316853796579
17	135	1080	CPA_0.8.8	P	0.094826024217069649
17	135	1080	CPA_0.8.8	O	0.094364918398725253
17	135	1080	CPA_0.8.8	D	0.094595471307897458
17	135	1080	zero_effect	S	0.10361332766658145
17	135	1080	zero_effect	M	0.10361332766658146
17	135	1080	zero_effect	P	0.10361332766658146
17	135	1080	zero_effect	O	0.10361332766658146
17	135	1080	zero_effect	D	0.10361332766658146
18	8	64	additive	S	0.026195167136201958
18	8	64	additive	M	0.026195167136201958
18	8	64	additive	P	0.055518312992275248
18	8	64	additive	O	0.055518312992275248
18	8	64	additive	D	0.055518312992275248
18	8	64	compositional_ridge	S	0.025403931071276635
18	8	64	compositional_ridge	M	0.025403931071276635
18	8	64	compositional_ridge	P	0.054727076927349967
18	8	64	compositional_ridge	O	0.054727076927349967
18	8	64	compositional_ridge	D	0.054727076927349967
18	8	64	CPA_0.8.8	S	0.099364275932946
18	8	64	CPA_0.8.8	M	0.099364275932946
18	8	64	CPA_0.8.8	P	0.13188978731632664
18	8	64	CPA_0.8.8	O	0.12548505626171211
18	8	64	CPA_0.8.8	D	0.12868742178901937
18	8	64	zero_effect	S	0.1226545540414451
18	8	64	zero_effect	M	0.1226545540414451
18	8	64	zero_effect	P	0.1226545540414451
18	8	64	zero_effect	O	0.1226545540414451
18	8	64	zero_effect	D	0.1226545540414451
18	16	128	additive	S	0.026195167136201958
18	16	128	additive	M	0.026195167136201958
18	16	128	additive	P	0.040158798623421699
18	16	128	additive	O	0.040158798623421699
18	16	128	additive	D	0.040158798623421699
18	16	128	compositional_ridge	S	0.025403931071276635
18	16	128	compositional_ridge	M	0.025403931071276635
18	16	128	compositional_ridge	P	0.03936756255849639
18	16	128	compositional_ridge	O	0.03936756255849639
18	16	128	compositional_ridge	D	0.03936756255849639
18	16	128	CPA_0.8.8	S	0.098125002979769518
18	16	128	CPA_0.8.8	M	0.098125002979769518
18	16	128	CPA_0.8.8	P	0.11297913361768221
18	16	128	CPA_0.8.8	O	0.11119813531629631
18	16	128	CPA_0.8.8	D	0.1120886344669893
18	16	128	zero_effect	S	0.11502917049398241
18	16	128	zero_effect	M	0.1150291704939824
18	16	128	zero_effect	P	0.1150291704939824
18	16	128	zero_effect	O	0.1150291704939824
18	16	128	zero_effect	D	0.1150291704939824
18	32	256	additive	S	0.026195167136201958
18	32	256	additive	M	0.026195167136201958
18	32	256	additive	P	0.033307327460837761
18	32	256	additive	O	0.033307327460837761
18	32	256	additive	D	0.033307327460837761
18	32	256	compositional_ridge	S	0.025403931071276635
18	32	256	compositional_ridge	M	0.025403931071276635
18	32	256	compositional_ridge	P	0.032516091395912446
18	32	256	compositional_ridge	O	0.032516091395912446
18	32	256	compositional_ridge	D	0.032516091395912446
18	32	256	CPA_0.8.8	S	0.09593945031000041
18	32	256	CPA_0.8.8	M	0.09593945031000041
18	32	256	CPA_0.8.8	P	0.10356215350238566
18	32	256	CPA_0.8.8	O	0.10254106776688676
18	32	256	CPA_0.8.8	D	0.10305161063463623
18	32	256	zero_effect	S	0.10981764330112784
18	32	256	zero_effect	M	0.10981764330112784
18	32	256	zero_effect	P	0.10981764330112784
18	32	256	zero_effect	O	0.10981764330112784
18	32	256	zero_effect	D	0.10981764330112784
18	64	512	additive	S	0.026195167136201958
18	64	512	additive	M	0.026195167136201958
18	64	512	additive	P	0.029913958727449386
18	64	512	additive	O	0.029913958727449386
18	64	512	additive	D	0.029913958727449386
18	64	512	compositional_ridge	S	0.025403931071276635
18	64	512	compositional_ridge	M	0.025403931071276635
18	64	512	compositional_ridge	P	0.029122722662524077
18	64	512	compositional_ridge	O	0.029122722662524077
18	64	512	compositional_ridge	D	0.029122722662524077
18	64	512	CPA_0.8.8	S	0.09306120303295734
18	64	512	CPA_0.8.8	M	0.09306120303295734
18	64	512	CPA_0.8.8	P	0.097137707375994753
18	64	512	CPA_0.8.8	O	0.096422281872414764
18	64	512	CPA_0.8.8	D	0.096779994624204765
18	64	512	zero_effect	S	0.10497911653211604
18	64	512	zero_effect	M	0.10497911653211604
18	64	512	zero_effect	P	0.10497911653211604
18	64	512	zero_effect	O	0.10497911653211604
18	64	512	zero_effect	D	0.10497911653211604
18	128	1024	additive	S	0.026195167136201958
18	128	1024	additive	M	0.026195167136201958
18	128	1024	additive	P	0.028055662546235323
18	128	1024	additive	O	0.028055662546235323
18	128	1024	additive	D	0.028055662546235323
18	128	1024	compositional_ridge	S	0.025403931071276635
18	128	1024	compositional_ridge	M	0.025403931071276635
18	128	1024	compositional_ridge	P	0.027264426481310011
18	128	1024	compositional_ridge	O	0.027264426481310011
18	128	1024	compositional_ridge	D	0.027264426481310011
18	128	1024	CPA_0.8.8	S	0.092462802009297337
18	128	1024	CPA_0.8.8	M	0.092462802009297337
18	128	1024	CPA_0.8.8	P	0.094498693266717879
18	128	1024	CPA_0.8.8	O	0.094147901571943512
18	128	1024	CPA_0.8.8	D	0.094323297419330765
18	128	1024	zero_effect	S	0.10348475392713967
18	128	1024	zero_effect	M	0.10348475392713968
18	128	1024	zero_effect	P	0.10348475392713968
18	128	1024	zero_effect	O	0.10348475392713968
18	128	1024	zero_effect	D	0.10348475392713968
18	135	1080	additive	S	0.026195167136201958
18	135	1080	additive	M	0.026195167136201958
18	135	1080	additive	P	0.027980125829680076
18	135	1080	additive	O	0.027980125829680076
18	135	1080	additive	D	0.027980125829680076
18	135	1080	compositional_ridge	S	0.025403931071276635
18	135	1080	compositional_ridge	M	0.025403931071276635
18	135	1080	compositional_ridge	P	0.027188889764754764
18	135	1080	compositional_ridge	O	0.027188889764754764
18	135	1080	compositional_ridge	D	0.027188889764754764
18	135	1080	CPA_0.8.8	S	0.092845692393970114
18	135	1080	CPA_0.8.8	M	0.092845692393970114
18	135	1080	CPA_0.8.8	P	0.09482779804103815
18	135	1080	CPA_0.8.8	O	0.094433504133858287
18	135	1080	CPA_0.8.8	D	0.094630651087448267
18	135	1080	zero_effect	S	0.10374060497669131
18	135	1080	zero_effect	M	0.10374060497669133
18	135	1080	zero_effect	P	0.10374060497669133
18	135	1080	zero_effect	O	0.10374060497669133
18	135	1080	zero_effect	D	0.10374060497669133
19	8	64	additive	S	0.026195167136201958
19	8	64	additive	M	0.026195167136201958
19	8	64	additive	P	0.056119353738698086
19	8	64	additive	O	0.056119353738698086
19	8	64	additive	D	0.056119353738698086
19	8	64	compositional_ridge	S	0.025403931071276635
19	8	64	compositional_ridge	M	0.025403931071276635
19	8	64	compositional_ridge	P	0.055328117673772804
19	8	64	compositional_ridge	O	0.055328117673772804
19	8	64	compositional_ridge	D	0.055328117673772804
19	8	64	CPA_0.8.8	S	0.10146605042437411
19	8	64	CPA_0.8.8	M	0.10146605042437409
19	8	64	CPA_0.8.8	P	0.13467380063898068
19	8	64	CPA_0.8.8	O	0.12810667341475993
19	8	64	CPA_0.8.8	D	0.13139023702687025
19	8	64	zero_effect	S	0.12530555375136246
19	8	64	zero_effect	M	0.12530555375136246
19	8	64	zero_effect	P	0.12530555375136246
19	8	64	zero_effect	O	0.12530555375136246
19	8	64	zero_effect	D	0.12530555375136246
19	16	128	additive	S	0.026195167136201958
19	16	128	additive	M	0.026195167136201958
19	16	128	additive	P	0.040982291405581434
19	16	128	additive	O	0.040982291405581434
19	16	128	additive	D	0.040982291405581434
19	16	128	compositional_ridge	S	0.025403931071276635
19	16	128	compositional_ridge	M	0.025403931071276635
19	16	128	compositional_ridge	P	0.040191055340656132
19	16	128	compositional_ridge	O	0.040191055340656132
19	16	128	compositional_ridge	D	0.040191055340656132
19	16	128	CPA_0.8.8	S	0.10109707276688475
19	16	128	CPA_0.8.8	M	0.1010970727668847
19	16	128	CPA_0.8.8	P	0.11710093749181923
19	16	128	CPA_0.8.8	O	0.11466745658070927
19	16	128	CPA_0.8.8	D	0.11588419703626419
19	16	128	zero_effect	S	0.11837380253338349
19	16	128	zero_effect	M	0.11837380253338349
19	16	128	zero_effect	P	0.11837380253338349
19	16	128	zero_effect	O	0.11837380253338349
19	16	128	zero_effect	D	0.11837380253338349
19	32	256	additive	S	0.026195167136201958
19	32	256	additive	M	0.026195167136201958
19	32	256	additive	P	0.033762318457137896
19	32	256	additive	O	0.033762318457137896
19	32	256	additive	D	0.033762318457137896
19	32	256	compositional_ridge	S	0.025403931071276635
19	32	256	compositional_ridge	M	0.025403931071276635
19	32	256	compositional_ridge	P	0.032971082392212581
19	32	256	compositional_ridge	O	0.032971082392212581
19	32	256	compositional_ridge	D	0.032971082392212581
19	32	256	CPA_0.8.8	S	0.096086311535320851
19	32	256	CPA_0.8.8	M	0.096086311535320851
19	32	256	CPA_0.8.8	P	0.10424513687430458
19	32	256	CPA_0.8.8	O	0.10306178883820899
19	32	256	CPA_0.8.8	D	0.10365346285625671
19	32	256	zero_effect	S	0.10987451761254784
19	32	256	zero_effect	M	0.10987451761254784
19	32	256	zero_effect	P	0.10987451761254784
19	32	256	zero_effect	O	0.10987451761254784
19	32	256	zero_effect	D	0.10987451761254784
19	64	512	additive	S	0.026195167136201958
19	64	512	additive	M	0.026195167136201958
19	64	512	additive	P	0.030118050704988245
19	64	512	additive	O	0.030118050704988245
19	64	512	additive	D	0.030118050704988245
19	64	512	compositional_ridge	S	0.025403931071276635
19	64	512	compositional_ridge	M	0.025403931071276635
19	64	512	compositional_ridge	P	0.029326814640062936
19	64	512	compositional_ridge	O	0.029326814640062936
19	64	512	compositional_ridge	D	0.029326814640062936
19	64	512	CPA_0.8.8	S	0.09551680643366918
19	64	512	CPA_0.8.8	M	0.09551680643366918
19	64	512	CPA_0.8.8	P	0.099925414244851143
19	64	512	CPA_0.8.8	O	0.098953965760059784
19	64	512	CPA_0.8.8	D	0.09943969000245545
19	64	512	zero_effect	S	0.10751161542033001
19	64	512	zero_effect	M	0.10751161542033001
19	64	512	zero_effect	P	0.10751161542033001
19	64	512	zero_effect	O	0.10751161542033001
19	64	512	zero_effect	D	0.10751161542033001
19	128	1024	additive	S	0.026195167136201958
19	128	1024	additive	M	0.026195167136201958
19	128	1024	additive	P	0.028107722657148317
19	128	1024	additive	O	0.028107722657148317
19	128	1024	additive	D	0.028107722657148317
19	128	1024	compositional_ridge	S	0.025403931071276635
19	128	1024	compositional_ridge	M	0.025403931071276635
19	128	1024	compositional_ridge	P	0.027316486592223008
19	128	1024	compositional_ridge	O	0.027316486592223008
19	128	1024	compositional_ridge	D	0.027316486592223008
19	128	1024	CPA_0.8.8	S	0.093046653560547615
19	128	1024	CPA_0.8.8	M	0.093046653560547615
19	128	1024	CPA_0.8.8	P	0.095150490311316893
19	128	1024	CPA_0.8.8	O	0.094767927851671055
19	128	1024	CPA_0.8.8	D	0.094959209081493925
19	128	1024	zero_effect	S	0.10403618894621011
19	128	1024	zero_effect	M	0.10403618894621011
19	128	1024	zero_effect	P	0.10403618894621011
19	128	1024	zero_effect	O	0.10403618894621011
19	128	1024	zero_effect	D	0.10403618894621011
19	135	1080	additive	S	0.026195167136201958
19	135	1080	additive	M	0.026195167136201958
19	135	1080	additive	P	0.027991719332767156
19	135	1080	additive	O	0.027991719332767156
19	135	1080	additive	D	0.027991719332767156
19	135	1080	compositional_ridge	S	0.025403931071276635
19	135	1080	compositional_ridge	M	0.025403931071276635
19	135	1080	compositional_ridge	P	0.027200483267841837
19	135	1080	compositional_ridge	O	0.027200483267841837
19	135	1080	compositional_ridge	D	0.027200483267841837
19	135	1080	CPA_0.8.8	S	0.092539811945558131
19	135	1080	CPA_0.8.8	M	0.092539811945558131
19	135	1080	CPA_0.8.8	P	0.09448692383737263
19	135	1080	CPA_0.8.8	O	0.094185804446874008
19	135	1080	CPA_0.8.8	D	0.094336364142123305
19	135	1080	zero_effect	S	0.10343789162471144
19	135	1080	zero_effect	M	0.10343789162471144
19	135	1080	zero_effect	P	0.10343789162471144
19	135	1080	zero_effect	O	0.10343789162471144
19	135	1080	zero_effect	D	0.10343789162471144
20	8	64	additive	S	0.026195167136201958
20	8	64	additive	M	0.026195167136201958
20	8	64	additive	P	0.056634269661082259
20	8	64	additive	O	0.056634269661082259
20	8	64	additive	D	0.056634269661082259
20	8	64	compositional_ridge	S	0.025403931071276635
20	8	64	compositional_ridge	M	0.025403931071276635
20	8	64	compositional_ridge	P	0.055843033596156902
20	8	64	compositional_ridge	O	0.055843033596156902
20	8	64	compositional_ridge	D	0.055843033596156902
20	8	64	CPA_0.8.8	S	0.096461101481690195
20	8	64	CPA_0.8.8	M	0.096461101481690195
20	8	64	CPA_0.8.8	P	0.12996840476570354
20	8	64	CPA_0.8.8	O	0.12383200324743744
20	8	64	CPA_0.8.8	D	0.12690020400657048
20	8	64	zero_effect	S	0.12082091850099434
20	8	64	zero_effect	M	0.12082091850099434
20	8	64	zero_effect	P	0.12082091850099434
20	8	64	zero_effect	O	0.12082091850099434
20	8	64	zero_effect	D	0.12082091850099434
20	16	128	additive	S	0.026195167136201958
20	16	128	additive	M	0.026195167136201958
20	16	128	additive	P	0.042204078814717626
20	16	128	additive	O	0.042204078814717626
20	16	128	additive	D	0.042204078814717626
20	16	128	compositional_ridge	S	0.025403931071276635
20	16	128	compositional_ridge	M	0.025403931071276635
20	16	128	compositional_ridge	P	0.041412842749792331
20	16	128	compositional_ridge	O	0.041412842749792331
20	16	128	compositional_ridge	D	0.041412842749792331
20	16	128	CPA_0.8.8	S	0.095332970324764621
20	16	128	CPA_0.8.8	M	0.095332970324764621
20	16	128	CPA_0.8.8	P	0.11355208248351829
20	16	128	CPA_0.8.8	O	0.10913168152304233
20	16	128	CPA_0.8.8	D	0.11134188200328027
20	16	128	zero_effect	S	0.11230288595899807
20	16	128	zero_effect	M	0.11230288595899807
20	16	128	zero_effect	P	0.11230288595899807
20	16	128	zero_effect	O	0.11230288595899807
20	16	128	zero_effect	D	0.11230288595899807
20	32	256	additive	S	0.026195167136201958
20	32	256	additive	M	0.026195167136201958
20	32	256	additive	P	0.034089923622522805
20	32	256	additive	O	0.034089923622522805
20	32	256	additive	D	0.034089923622522805
20	32	256	compositional_ridge	S	0.025403931071276635
20	32	256	compositional_ridge	M	0.025403931071276635
20	32	256	compositional_ridge	P	0.033298687557597496
20	32	256	compositional_ridge	O	0.033298687557597496
20	32	256	compositional_ridge	D	0.033298687557597496
20	32	256	CPA_0.8.8	S	0.09337037038117009
20	32	256	CPA_0.8.8	M	0.09337037038117009
20	32	256	CPA_0.8.8	P	0.10181479852371292
20	32	256	CPA_0.8.8	O	0.10071545521126903
20	32	256	CPA_0.8.8	D	0.10126512686749095
20	32	256	zero_effect	S	0.1067083081130312
20	32	256	zero_effect	M	0.10670830811303121
20	32	256	zero_effect	P	0.10670830811303121
20	32	256	zero_effect	O	0.10670830811303121
20	32	256	zero_effect	D	0.10670830811303121
20	64	512	additive	S	0.026195167136201958
20	64	512	additive	M	0.026195167136201958
20	64	512	additive	P	0.030083395921788068
20	64	512	additive	O	0.030083395921788068
20	64	512	additive	D	0.030083395921788068
20	64	512	compositional_ridge	S	0.025403931071276635
20	64	512	compositional_ridge	M	0.025403931071276635
20	64	512	compositional_ridge	P	0.029292159856862749
20	64	512	compositional_ridge	O	0.029292159856862749
20	64	512	compositional_ridge	D	0.029292159856862749
20	64	512	CPA_0.8.8	S	0.091665896170987374
20	64	512	CPA_0.8.8	M	0.091665896170987374
20	64	512	CPA_0.8.8	P	0.095831629882612776
20	64	512	CPA_0.8.8	O	0.095276620030534137
20	64	512	CPA_0.8.8	D	0.095554124956573436
20	64	512	zero_effect	S	0.10336769800648171
20	64	512	zero_effect	M	0.10336769800648171
20	64	512	zero_effect	P	0.10336769800648171
20	64	512	zero_effect	O	0.10336769800648171
20	64	512	zero_effect	D	0.10336769800648171
20	128	1024	additive	S	0.026195167136201958
20	128	1024	additive	M	0.026195167136201958
20	128	1024	additive	P	0.028119012190153635
20	128	1024	additive	O	0.028119012190153635
20	128	1024	additive	D	0.028119012190153635
20	128	1024	compositional_ridge	S	0.025403931071276635
20	128	1024	compositional_ridge	M	0.025403931071276635
20	128	1024	compositional_ridge	P	0.027327776125228319
20	128	1024	compositional_ridge	O	0.027327776125228319
20	128	1024	compositional_ridge	D	0.027327776125228319
20	128	1024	CPA_0.8.8	S	0.092409920175017049
20	128	1024	CPA_0.8.8	M	0.092409920175017049
20	128	1024	CPA_0.8.8	P	0.094434818746383375
20	128	1024	CPA_0.8.8	O	0.094232711711554049
20	128	1024	CPA_0.8.8	D	0.094333765228968677
20	128	1024	zero_effect	S	0.10340148471278197
20	128	1024	zero_effect	M	0.10340148471278197
20	128	1024	zero_effect	P	0.10340148471278197
20	128	1024	zero_effect	O	0.10340148471278197
20	128	1024	zero_effect	D	0.10340148471278197
20	135	1080	additive	S	0.026195167136201958
20	135	1080	additive	M	0.026195167136201958
20	135	1080	additive	P	0.028032264173612233
20	135	1080	additive	O	0.028032264173612233
20	135	1080	additive	D	0.028032264173612233
20	135	1080	compositional_ridge	S	0.025403931071276635
20	135	1080	compositional_ridge	M	0.025403931071276635
20	135	1080	compositional_ridge	P	0.027241028108686921
20	135	1080	compositional_ridge	O	0.027241028108686921
20	135	1080	compositional_ridge	D	0.027241028108686921
20	135	1080	CPA_0.8.8	S	0.092276678268814499
20	135	1080	CPA_0.8.8	M	0.092276678268814485
20	135	1080	CPA_0.8.8	P	0.094226215294333351
20	135	1080	CPA_0.8.8	O	0.094001335318116164
20	135	1080	CPA_0.8.8	D	0.094113775306224778
20	135	1080	zero_effect	S	0.10321408747683827
20	135	1080	zero_effect	M	0.10321408747683827
20	135	1080	zero_effect	P	0.10321408747683827
20	135	1080	zero_effect	O	0.10321408747683827
20	135	1080	zero_effect	D	0.10321408747683827
21	8	64	additive	S	0.026195167136201958
21	8	64	additive	M	0.026195167136201958
21	8	64	additive	P	0.05608139815383989
21	8	64	additive	O	0.05608139815383989
21	8	64	additive	D	0.05608139815383989
21	8	64	compositional_ridge	S	0.025403931071276635
21	8	64	compositional_ridge	M	0.025403931071276635
21	8	64	compositional_ridge	P	0.055290162088914616
21	8	64	compositional_ridge	O	0.055290162088914616
21	8	64	compositional_ridge	D	0.055290162088914616
21	8	64	CPA_0.8.8	S	0.097378573615421793
21	8	64	CPA_0.8.8	M	0.097378573615421793
21	8	64	CPA_0.8.8	P	0.12961324617771797
21	8	64	CPA_0.8.8	O	0.12491636308840146
21	8	64	CPA_0.8.8	D	0.12726480463305972
21	8	64	zero_effect	S	0.12161021680530697
21	8	64	zero_effect	M	0.12161021680530697
21	8	64	zero_effect	P	0.12161021680530697
21	8	64	zero_effect	O	0.12161021680530697
21	8	64	zero_effect	D	0.12161021680530697
21	16	128	additive	S	0.026195167136201958
21	16	128	additive	M	0.026195167136201958
21	16	128	additive	P	0.040493478759762891
21	16	128	additive	O	0.040493478759762891
21	16	128	additive	D	0.040493478759762891
21	16	128	compositional_ridge	S	0.025403931071276635
21	16	128	compositional_ridge	M	0.025403931071276635
21	16	128	compositional_ridge	P	0.039702242694837568
21	16	128	compositional_ridge	O	0.039702242694837568
21	16	128	compositional_ridge	D	0.039702242694837568
21	16	128	CPA_0.8.8	S	0.092196265534709734
21	16	128	CPA_0.8.8	M	0.092196265534709734
21	16	128	CPA_0.8.8	P	0.10737904003529629
21	16	128	CPA_0.8.8	O	0.10561011428124505
21	16	128	CPA_0.8.8	D	0.10649457715827064
21	16	128	zero_effect	S	0.10938912442555174
21	16	128	zero_effect	M	0.10938912442555174
21	16	128	zero_effect	P	0.10938912442555174
21	16	128	zero_effect	O	0.10938912442555174
21	16	128	zero_effect	D	0.10938912442555174
21	32	256	additive	S	0.026195167136201958
21	32	256	additive	M	0.026195167136201958
21	32	256	additive	P	0.033460592155002217
21	32	256	additive	O	0.033460592155002217
21	32	256	additive	D	0.033460592155002217
21	32	256	compositional_ridge	S	0.025403931071276635
21	32	256	compositional_ridge	M	0.025403931071276635
21	32	256	compositional_ridge	P	0.032669356090076887
21	32	256	compositional_ridge	O	0.032669356090076887
21	32	256	compositional_ridge	D	0.032669356090076887
21	32	256	CPA_0.8.8	S	0.091090506686956993
21	32	256	CPA_0.8.8	M	0.091090506686956993
21	32	256	CPA_0.8.8	P	0.098971454186104729
21	32	256	CPA_0.8.8	O	0.097740409225409761
21	32	256	CPA_0.8.8	D	0.098355931705757293
21	32	256	zero_effect	S	0.10422131423050919
21	32	256	zero_effect	M	0.10422131423050919
21	32	256	zero_effect	P	0.10422131423050919
21	32	256	zero_effect	O	0.10422131423050919
21	32	256	zero_effect	D	0.10422131423050919
21	64	512	additive	S	0.026195167136201958
21	64	512	additive	M	0.026195167136201958
21	64	512	additive	P	0.029763166968892311
21	64	512	additive	O	0.029763166968892311
21	64	512	additive	D	0.029763166968892311
21	64	512	compositional_ridge	S	0.025403931071276635
21	64	512	compositional_ridge	M	0.025403931071276635
21	64	512	compositional_ridge	P	0.028971930903966995
21	64	512	compositional_ridge	O	0.028971930903966995
21	64	512	compositional_ridge	D	0.028971930903966995
21	64	512	CPA_0.8.8	S	0.091062703296741598
21	64	512	CPA_0.8.8	M	0.091062703296741598
21	64	512	CPA_0.8.8	P	0.094835891839323228
21	64	512	CPA_0.8.8	O	0.09442551441954071
21	64	512	CPA_0.8.8	D	0.094630703129431962
21	64	512	zero_effect	S	0.10277711272349371
21	64	512	zero_effect	M	0.10277711272349371
21	64	512	zero_effect	P	0.10277711272349371
21	64	512	zero_effect	O	0.10277711272349371
21	64	512	zero_effect	D	0.10277711272349371
21	128	1024	additive	S	0.026195167136201958
21	128	1024	additive	M	0.026195167136201958
21	128	1024	additive	P	0.028115027895419455
21	128	1024	additive	O	0.028115027895419455
21	128	1024	additive	D	0.028115027895419455
21	128	1024	compositional_ridge	S	0.025403931071276635
21	128	1024	compositional_ridge	M	0.025403931071276635
21	128	1024	compositional_ridge	P	0.027323791830494132
21	128	1024	compositional_ridge	O	0.027323791830494132
21	128	1024	compositional_ridge	D	0.027323791830494132
21	128	1024	CPA_0.8.8	S	0.092525755183517508
21	128	1024	CPA_0.8.8	M	0.092525755183517508
21	128	1024	CPA_0.8.8	P	0.094574531523197253
21	128	1024	CPA_0.8.8	O	0.094316700362272757
21	128	1024	CPA_0.8.8	D	0.094445615942735012
21	128	1024	zero_effect	S	0.10354207887650886
21	128	1024	zero_effect	M	0.10354207887650886
21	128	1024	zero_effect	P	0.10354207887650886
21	128	1024	zero_effect	O	0.10354207887650886
21	128	1024	zero_effect	D	0.10354207887650886
21	135	1080	additive	S	0.026195167136201958
21	135	1080	additive	M	0.026195167136201958
21	135	1080	additive	P	0.028005415741164236
21	135	1080	additive	O	0.028005415741164236
21	135	1080	additive	D	0.028005415741164236
21	135	1080	compositional_ridge	S	0.025403931071276635
21	135	1080	compositional_ridge	M	0.025403931071276635
21	135	1080	compositional_ridge	P	0.027214179676238914
21	135	1080	compositional_ridge	O	0.027214179676238914
21	135	1080	compositional_ridge	D	0.027214179676238914
21	135	1080	CPA_0.8.8	S	0.092380811981883582
21	135	1080	CPA_0.8.8	M	0.092380811981883595
21	135	1080	CPA_0.8.8	P	0.094303726844711791
21	135	1080	CPA_0.8.8	O	0.094078394328979881
21	135	1080	CPA_0.8.8	D	0.094191060586845843
21	135	1080	zero_effect	S	0.10337625368280495
21	135	1080	zero_effect	M	0.10337625368280495
21	135	1080	zero_effect	P	0.10337625368280495
21	135	1080	zero_effect	O	0.10337625368280495
21	135	1080	zero_effect	D	0.10337625368280495
22	8	64	additive	S	0.026195167136201958
22	8	64	additive	M	0.026195167136201958
22	8	64	additive	P	0.056327918945678561
22	8	64	additive	O	0.056327918945678561
22	8	64	additive	D	0.056327918945678561
22	8	64	compositional_ridge	S	0.025403931071276635
22	8	64	compositional_ridge	M	0.025403931071276635
22	8	64	compositional_ridge	P	0.055536682880753266
22	8	64	compositional_ridge	O	0.055536682880753266
22	8	64	compositional_ridge	D	0.055536682880753266
22	8	64	CPA_0.8.8	S	0.095743831557018627
22	8	64	CPA_0.8.8	M	0.095743831557018655
22	8	64	CPA_0.8.8	P	0.12927326769714179
22	8	64	CPA_0.8.8	O	0.12247989903584876
22	8	64	CPA_0.8.8	D	0.12587658336649526
22	8	64	zero_effect	S	0.11959386303303887
22	8	64	zero_effect	M	0.11959386303303886
22	8	64	zero_effect	P	0.11959386303303886
22	8	64	zero_effect	O	0.11959386303303886
22	8	64	zero_effect	D	0.11959386303303886
22	16	128	additive	S	0.026195167136201958
22	16	128	additive	M	0.026195167136201958
22	16	128	additive	P	0.04093087546317805
22	16	128	additive	O	0.04093087546317805
22	16	128	additive	D	0.04093087546317805
22	16	128	compositional_ridge	S	0.025403931071276635
22	16	128	compositional_ridge	M	0.025403931071276635
22	16	128	compositional_ridge	P	0.040139639398252741
22	16	128	compositional_ridge	O	0.040139639398252741
22	16	128	compositional_ridge	D	0.040139639398252741
22	16	128	CPA_0.8.8	S	0.093698642734411822
22	16	128	CPA_0.8.8	M	0.093698642734411836
22	16	128	CPA_0.8.8	P	0.10989733919655775
22	16	128	CPA_0.8.8	O	0.10697136292621813
22	16	128	CPA_0.8.8	D	0.10843435106138791
22	16	128	zero_effect	S	0.11061427136978083
22	16	128	zero_effect	M	0.11061427136978082
22	16	128	zero_effect	P	0.11061427136978082
22	16	128	zero_effect	O	0.11061427136978082
22	16	128	zero_effect	D	0.11061427136978082
22	32	256	additive	S	0.026195167136201958
22	32	256	additive	M	0.026195167136201958
22	32	256	additive	P	0.033831266958426941
22	32	256	additive	O	0.033831266958426941
22	32	256	additive	D	0.033831266958426941
22	32	256	compositional_ridge	S	0.025403931071276635
22	32	256	compositional_ridge	M	0.025403931071276635
22	32	256	compositional_ridge	P	0.033040030893501632
22	32	256	compositional_ridge	O	0.033040030893501632
22	32	256	compositional_ridge	D	0.033040030893501632
22	32	256	CPA_0.8.8	S	0.091506803264052541
22	32	256	CPA_0.8.8	M	0.091506803264052541
22	32	256	CPA_0.8.8	P	0.099893759052631967
22	32	256	CPA_0.8.8	O	0.09839204711992304
22	32	256	CPA_0.8.8	D	0.09914290308627749
22	32	256	zero_effect	S	0.1046804937454708
22	32	256	zero_effect	M	0.1046804937454708
22	32	256	zero_effect	P	0.1046804937454708
22	32	256	zero_effect	O	0.1046804937454708
22	32	256	zero_effect	D	0.1046804937454708
22	64	512	additive	S	0.026195167136201958
22	64	512	additive	M	0.026195167136201958
22	64	512	additive	P	0.030090808377675016
22	64	512	additive	O	0.030090808377675016
22	64	512	additive	D	0.030090808377675016
22	64	512	compositional_ridge	S	0.025403931071276635
22	64	512	compositional_ridge	M	0.025403931071276635
22	64	512	compositional_ridge	P	0.029299572312749694
22	64	512	compositional_ridge	O	0.029299572312749694
22	64	512	compositional_ridge	D	0.029299572312749694
22	64	512	CPA_0.8.8	S	0.092113109069987167
22	64	512	CPA_0.8.8	M	0.092113109069987167
22	64	512	CPA_0.8.8	P	0.096455428711291993
22	64	512	CPA_0.8.8	O	0.095562071911628438
22	64	512	CPA_0.8.8	D	0.09600875031146025
22	64	512	zero_effect	S	0.10368315091168361
22	64	512	zero_effect	M	0.10368315091168361
22	64	512	zero_effect	P	0.10368315091168361
22	64	512	zero_effect	O	0.10368315091168361
22	64	512	zero_effect	D	0.10368315091168361
22	128	1024	additive	S	0.026195167136201958
22	128	1024	additive	M	0.026195167136201958
22	128	1024	additive	P	0.028037662814772372
22	128	1024	additive	O	0.028037662814772372
22	128	1024	additive	D	0.028037662814772372
22	128	1024	compositional_ridge	S	0.025403931071276635
22	128	1024	compositional_ridge	M	0.025403931071276635
22	128	1024	compositional_ridge	P	0.027246426749847064
22	128	1024	compositional_ridge	O	0.027246426749847064
22	128	1024	compositional_ridge	D	0.027246426749847064
22	128	1024	CPA_0.8.8	S	0.091779504047099045
22	128	1024	CPA_0.8.8	M	0.091779504047099045
22	128	1024	CPA_0.8.8	P	0.093774157558416005
22	128	1024	CPA_0.8.8	O	0.093469841892922956
22	128	1024	CPA_0.8.8	D	0.093621999725669466
22	128	1024	zero_effect	S	0.10264804641568979
22	128	1024	zero_effect	M	0.10264804641568979
22	128	1024	zero_effect	P	0.10264804641568979
22	128	1024	zero_effect	O	0.10264804641568979
22	128	1024	zero_effect	D	0.10264804641568979
22	135	1080	additive	S	0.026195167136201958
22	135	1080	additive	M	0.026195167136201958
22	135	1080	additive	P	0.027933905031943134
22	135	1080	additive	O	0.027933905031943134
22	135	1080	additive	D	0.027933905031943134
22	135	1080	compositional_ridge	S	0.025403931071276635
22	135	1080	compositional_ridge	M	0.025403931071276635
22	135	1080	compositional_ridge	P	0.027142668967017804
22	135	1080	compositional_ridge	O	0.027142668967017804
22	135	1080	compositional_ridge	D	0.027142668967017804
22	135	1080	CPA_0.8.8	S	0.092143293793328279
22	135	1080	CPA_0.8.8	M	0.092143293793328279
22	135	1080	CPA_0.8.8	P	0.094026544189566352
22	135	1080	CPA_0.8.8	O	0.093737519188572566
22	135	1080	CPA_0.8.8	D	0.093882031689069445
22	135	1080	zero_effect	S	0.1030190629348194
22	135	1080	zero_effect	M	0.1030190629348194
22	135	1080	zero_effect	P	0.1030190629348194
22	135	1080	zero_effect	O	0.1030190629348194
22	135	1080	zero_effect	D	0.1030190629348194
23	8	64	additive	S	0.026195167136201958
23	8	64	additive	M	0.026195167136201958
23	8	64	additive	P	0.056776967746930695
23	8	64	additive	O	0.056776967746930695
23	8	64	additive	D	0.056776967746930695
23	8	64	compositional_ridge	S	0.025403931071276635
23	8	64	compositional_ridge	M	0.025403931071276635
23	8	64	compositional_ridge	P	0.0559857316820054
23	8	64	compositional_ridge	O	0.0559857316820054
23	8	64	compositional_ridge	D	0.0559857316820054
23	8	64	CPA_0.8.8	S	0.093599050403665382
23	8	64	CPA_0.8.8	M	0.093599050403665382
23	8	64	CPA_0.8.8	P	0.12620414654449419
23	8	64	CPA_0.8.8	O	0.12215755548429412
23	8	64	CPA_0.8.8	D	0.12418085101439412
23	8	64	zero_effect	S	0.11817652307834975
23	8	64	zero_effect	M	0.11817652307834975
23	8	64	zero_effect	P	0.11817652307834975
23	8	64	zero_effect	O	0.11817652307834975
23	8	64	zero_effect	D	0.11817652307834975
23	16	128	additive	S	0.026195167136201958
23	16	128	additive	M	0.026195167136201958
23	16	128	additive	P	0.041369335228871131
23	16	128	additive	O	0.041369335228871131
23	16	128	additive	D	0.041369335228871131
23	16	128	compositional_ridge	S	0.025403931071276635
23	16	128	compositional_ridge	M	0.025403931071276635
23	16	128	compositional_ridge	P	0.040578099163945801
23	16	128	compositional_ridge	O	0.040578099163945801
23	16	128	compositional_ridge	D	0.040578099163945801
23	16	128	CPA_0.8.8	S	0.09416125504187553
23	16	128	CPA_0.8.8	M	0.094161255041875516
23	16	128	CPA_0.8.8	P	0.11031870232851149
23	16	128	CPA_0.8.8	O	0.10835214394057789
23	16	128	CPA_0.8.8	D	0.10933542313454472
23	16	128	zero_effect	S	0.11185981131670492
23	16	128	zero_effect	M	0.11185981131670494
23	16	128	zero_effect	P	0.11185981131670494
23	16	128	zero_effect	O	0.11185981131670494
23	16	128	zero_effect	D	0.11185981131670494
23	32	256	additive	S	0.026195167136201958
23	32	256	additive	M	0.026195167136201958
23	32	256	additive	P	0.03420309258560051
23	32	256	additive	O	0.03420309258560051
23	32	256	additive	D	0.03420309258560051
23	32	256	compositional_ridge	S	0.025403931071276635
23	32	256	compositional_ridge	M	0.025403931071276635
23	32	256	compositional_ridge	P	0.033411856520675187
23	32	256	compositional_ridge	O	0.033411856520675187
23	32	256	compositional_ridge	D	0.033411856520675187
23	32	256	CPA_0.8.8	S	0.093894015807099857
23	32	256	CPA_0.8.8	M	0.093894015807099857
23	32	256	CPA_0.8.8	P	0.10266255800229969
23	32	256	CPA_0.8.8	O	0.10114132451069718
23	32	256	CPA_0.8.8	D	0.10190194125649843
23	32	256	zero_effect	S	0.10802159747562894
23	32	256	zero_effect	M	0.10802159747562894
23	32	256	zero_effect	P	0.10802159747562894
23	32	256	zero_effect	O	0.10802159747562894
23	32	256	zero_effect	D	0.10802159747562894
23	64	512	additive	S	0.026195167136201958
23	64	512	additive	M	0.026195167136201958
23	64	512	additive	P	0.029890496707961175
23	64	512	additive	O	0.029890496707961175
23	64	512	additive	D	0.029890496707961175
23	64	512	compositional_ridge	S	0.025403931071276635
23	64	512	compositional_ridge	M	0.025403931071276635
23	64	512	compositional_ridge	P	0.029099260643035835
23	64	512	compositional_ridge	O	0.029099260643035835
23	64	512	compositional_ridge	D	0.029099260643035835
23	64	512	CPA_0.8.8	S	0.092640803656406798
23	64	512	CPA_0.8.8	M	0.092640803656406798
23	64	512	CPA_0.8.8	P	0.09655111203342602
23	64	512	CPA_0.8.8	O	0.096121154422905933
23	64	512	CPA_0.8.8	D	0.096336133228165963
23	64	512	zero_effect	S	0.10433042702980004
23	64	512	zero_effect	M	0.10433042702980004
23	64	512	zero_effect	P	0.10433042702980004
23	64	512	zero_effect	O	0.10433042702980004
23	64	512	zero_effect	D	0.10433042702980004
23	128	1024	additive	S	0.026195167136201958
23	128	1024	additive	M	0.026195167136201958
23	128	1024	additive	P	0.028137623127347074
23	128	1024	additive	O	0.028137623127347074
23	128	1024	additive	D	0.028137623127347074
23	128	1024	compositional_ridge	S	0.025403931071276635
23	128	1024	compositional_ridge	M	0.025403931071276635
23	128	1024	compositional_ridge	P	0.027346387062421762
23	128	1024	compositional_ridge	O	0.027346387062421762
23	128	1024	compositional_ridge	D	0.027346387062421762
23	128	1024	CPA_0.8.8	S	0.09215747135365375
23	128	1024	CPA_0.8.8	M	0.09215747135365375
23	128	1024	CPA_0.8.8	P	0.094293029537928161
23	128	1024	CPA_0.8.8	O	0.093906825151669579
23	128	1024	CPA_0.8.8	D	0.094099927344798898
23	128	1024	zero_effect	S	0.10308305058416514
23	128	1024	zero_effect	M	0.10308305058416514
23	128	1024	zero_effect	P	0.10308305058416514
23	128	1024	zero_effect	O	0.10308305058416514
23	128	1024	zero_effect	D	0.10308305058416514
23	135	1080	additive	S	0.026195167136201958
23	135	1080	additive	M	0.026195167136201958
23	135	1080	additive	P	0.028038926370730192
23	135	1080	additive	O	0.028038926370730192
23	135	1080	additive	D	0.028038926370730192
23	135	1080	compositional_ridge	S	0.025403931071276635
23	135	1080	compositional_ridge	M	0.025403931071276635
23	135	1080	compositional_ridge	P	0.027247690305804886
23	135	1080	compositional_ridge	O	0.027247690305804886
23	135	1080	compositional_ridge	D	0.027247690305804886
23	135	1080	CPA_0.8.8	S	0.092211267237976555
23	135	1080	CPA_0.8.8	M	0.092211267237976555
23	135	1080	CPA_0.8.8	P	0.094250024184274098
23	135	1080	CPA_0.8.8	O	0.093860028760735431
23	135	1080	CPA_0.8.8	D	0.094055026472504757
23	135	1080	zero_effect	S	0.10306960722747603
23	135	1080	zero_effect	M	0.10306960722747603
23	135	1080	zero_effect	P	0.10306960722747603
23	135	1080	zero_effect	O	0.10306960722747603
23	135	1080	zero_effect	D	0.10306960722747603
24	8	64	additive	S	0.026195167136201958
24	8	64	additive	M	0.026195167136201958
24	8	64	additive	P	0.057667009998240017
24	8	64	additive	O	0.057667009998240017
24	8	64	additive	D	0.057667009998240017
24	8	64	compositional_ridge	S	0.025403931071276635
24	8	64	compositional_ridge	M	0.025403931071276635
24	8	64	compositional_ridge	P	0.056875773933314673
24	8	64	compositional_ridge	O	0.056875773933314673
24	8	64	compositional_ridge	D	0.056875773933314673
24	8	64	CPA_0.8.8	S	0.091594776768915948
24	8	64	CPA_0.8.8	M	0.091594776768915948
24	8	64	CPA_0.8.8	P	0.12644034519113811
24	8	64	CPA_0.8.8	O	0.11969289407076976
24	8	64	CPA_0.8.8	D	0.12306661963095396
24	8	64	zero_effect	S	0.11468644865470239
24	8	64	zero_effect	M	0.11468644865470239
24	8	64	zero_effect	P	0.11468644865470239
24	8	64	zero_effect	O	0.11468644865470239
24	8	64	zero_effect	D	0.11468644865470239
24	16	128	additive	S	0.026195167136201958
24	16	128	additive	M	0.026195167136201958
24	16	128	additive	P	0.041519970767963182
24	16	128	additive	O	0.041519970767963182
24	16	128	additive	D	0.041519970767963182
24	16	128	compositional_ridge	S	0.025403931071276635
24	16	128	compositional_ridge	M	0.025403931071276635
24	16	128	compositional_ridge	P	0.040728734703037874
24	16	128	compositional_ridge	O	0.040728734703037874
24	16	128	compositional_ridge	D	0.040728734703037874
24	16	128	CPA_0.8.8	S	0.090458234695434611
24	16	128	CPA_0.8.8	M	0.090458234695434611
24	16	128	CPA_0.8.8	P	0.10699846694248218
24	16	128	CPA_0.8.8	O	0.10456760971190951
24	16	128	CPA_0.8.8	D	0.10578303832719585
24	16	128	zero_effect	S	0.10694017803555238
24	16	128	zero_effect	M	0.10694017803555238
24	16	128	zero_effect	P	0.10694017803555238
24	16	128	zero_effect	O	0.10694017803555238
24	16	128	zero_effect	D	0.10694017803555238
24	32	256	additive	S	0.026195167136201958
24	32	256	additive	M	0.026195167136201958
24	32	256	additive	P	0.034017411060600737
24	32	256	additive	O	0.034017411060600737
24	32	256	additive	D	0.034017411060600737
24	32	256	compositional_ridge	S	0.025403931071276635
24	32	256	compositional_ridge	M	0.025403931071276635
24	32	256	compositional_ridge	P	0.033226174995675435
24	32	256	compositional_ridge	O	0.033226174995675435
24	32	256	compositional_ridge	D	0.033226174995675435
24	32	256	CPA_0.8.8	S	0.091191891064408545
24	32	256	CPA_0.8.8	M	0.091191891064408545
24	32	256	CPA_0.8.8	P	0.099665389153016648
24	32	256	CPA_0.8.8	O	0.098362880824598084
24	32	256	CPA_0.8.8	D	0.099014134988807373
24	32	256	zero_effect	S	0.10482701759192012
24	32	256	zero_effect	M	0.1048270175919201
24	32	256	zero_effect	P	0.1048270175919201
24	32	256	zero_effect	O	0.1048270175919201
24	32	256	zero_effect	D	0.1048270175919201
24	64	512	additive	S	0.026195167136201958
24	64	512	additive	M	0.026195167136201958
24	64	512	additive	P	0.03016048535997528
24	64	512	additive	O	0.03016048535997528
24	64	512	additive	D	0.03016048535997528
24	64	512	compositional_ridge	S	0.025403931071276635
24	64	512	compositional_ridge	M	0.025403931071276635
24	64	512	compositional_ridge	P	0.029369249295049943
24	64	512	compositional_ridge	O	0.029369249295049943
24	64	512	compositional_ridge	D	0.029369249295049943
24	64	512	CPA_0.8.8	S	0.092389110210279748
24	64	512	CPA_0.8.8	M	0.092389110210279748
24	64	512	CPA_0.8.8	P	0.09668813020556026
24	64	512	CPA_0.8.8	O	0.096020726662545852
24	64	512	CPA_0.8.8	D	0.096354428434053063
24	64	512	zero_effect	S	0.10443107848299218
24	64	512	zero_effect	M	0.10443107848299218
24	64	512	zero_effect	P	0.10443107848299218
24	64	512	zero_effect	O	0.10443107848299218
24	64	512	zero_effect	D	0.10443107848299218
24	128	1024	additive	S	0.026195167136201958
24	128	1024	additive	M	0.026195167136201958
24	128	1024	additive	P	0.028354995313651744
24	128	1024	additive	O	0.028354995313651744
24	128	1024	additive	D	0.028354995313651744
24	128	1024	compositional_ridge	S	0.025403931071276635
24	128	1024	compositional_ridge	M	0.025403931071276635
24	128	1024	compositional_ridge	P	0.027563759248726415
24	128	1024	compositional_ridge	O	0.027563759248726415
24	128	1024	compositional_ridge	D	0.027563759248726415
24	128	1024	CPA_0.8.8	S	0.092680844506989185
24	128	1024	CPA_0.8.8	M	0.092680844506989185
24	128	1024	CPA_0.8.8	P	0.09517040953257945
24	128	1024	CPA_0.8.8	O	0.094510935836298479
24	128	1024	CPA_0.8.8	D	0.094840672684438979
24	128	1024	zero_effect	S	0.10369396586370742
24	128	1024	zero_effect	M	0.10369396586370742
24	128	1024	zero_effect	P	0.10369396586370742
24	128	1024	zero_effect	O	0.10369396586370742
24	128	1024	zero_effect	D	0.10369396586370742
24	135	1080	additive	S	0.026195167136201958
24	135	1080	additive	M	0.026195167136201958
24	135	1080	additive	P	0.02822705038539438
24	135	1080	additive	O	0.02822705038539438
24	135	1080	additive	D	0.02822705038539438
24	135	1080	compositional_ridge	S	0.025403931071276635
24	135	1080	compositional_ridge	M	0.025403931071276635
24	135	1080	compositional_ridge	P	0.027435814320469064
24	135	1080	compositional_ridge	O	0.027435814320469064
24	135	1080	compositional_ridge	D	0.027435814320469064
24	135	1080	CPA_0.8.8	S	0.091911534282247187
24	135	1080	CPA_0.8.8	M	0.091911534282247187
24	135	1080	CPA_0.8.8	P	0.094239104090125356
24	135	1080	CPA_0.8.8	O	0.093647730972753751
24	135	1080	CPA_0.8.8	D	0.093943417531439588
24	135	1080	zero_effect	S	0.10285877746988656
24	135	1080	zero_effect	M	0.10285877746988656
24	135	1080	zero_effect	P	0.10285877746988656
24	135	1080	zero_effect	O	0.10285877746988656
24	135	1080	zero_effect	D	0.10285877746988656
25	8	64	additive	S	0.026195167136201958
25	8	64	additive	M	0.026195167136201958
25	8	64	additive	P	0.05861976665063557
25	8	64	additive	O	0.05861976665063557
25	8	64	additive	D	0.05861976665063557
25	8	64	compositional_ridge	S	0.025403931071276635
25	8	64	compositional_ridge	M	0.025403931071276635
25	8	64	compositional_ridge	P	0.057828530585710289
25	8	64	compositional_ridge	O	0.057828530585710289
25	8	64	compositional_ridge	D	0.057828530585710289
25	8	64	CPA_0.8.8	S	0.09726117571323685
25	8	64	CPA_0.8.8	M	0.097261175713236878
25	8	64	CPA_0.8.8	P	0.1343778593071083
25	8	64	CPA_0.8.8	O	0.12499369114823265
25	8	64	CPA_0.8.8	D	0.1296857752276705
25	8	64	zero_effect	S	0.12110825546796888
25	8	64	zero_effect	M	0.12110825546796888
25	8	64	zero_effect	P	0.12110825546796888
25	8	64	zero_effect	O	0.12110825546796888
25	8	64	zero_effect	D	0.12110825546796888
25	16	128	additive	S	0.026195167136201958
25	16	128	additive	M	0.026195167136201958
25	16	128	additive	P	0.041731199724208232
25	16	128	additive	O	0.041731199724208232
25	16	128	additive	D	0.041731199724208232
25	16	128	compositional_ridge	S	0.025403931071276635
25	16	128	compositional_ridge	M	0.025403931071276635
25	16	128	compositional_ridge	P	0.040939963659282923
25	16	128	compositional_ridge	O	0.040939963659282923
25	16	128	compositional_ridge	D	0.040939963659282923
25	16	128	CPA_0.8.8	S	0.092792250148337987
25	16	128	CPA_0.8.8	M	0.092792250148337987
25	16	128	CPA_0.8.8	P	0.10978671742008596
25	16	128	CPA_0.8.8	O	0.10686984805260255
25	16	128	CPA_0.8.8	D	0.10832828273634426
25	16	128	zero_effect	S	0.10929985383461532
25	16	128	zero_effect	M	0.10929985383461531
25	16	128	zero_effect	P	0.10929985383461531
25	16	128	zero_effect	O	0.10929985383461531
25	16	128	zero_effect	D	0.10929985383461531
25	32	256	additive	S	0.026195167136201958
25	32	256	additive	M	0.026195167136201958
25	32	256	additive	P	0.034181431140697612
25	32	256	additive	O	0.034181431140697612
25	32	256	additive	D	0.034181431140697612
25	32	256	compositional_ridge	S	0.025403931071276635
25	32	256	compositional_ridge	M	0.025403931071276635
25	32	256	compositional_ridge	P	0.033390195075772275
25	32	256	compositional_ridge	O	0.033390195075772275
25	32	256	compositional_ridge	D	0.033390195075772275
25	32	256	CPA_0.8.8	S	0.092308377915567633
25	32	256	CPA_0.8.8	M	0.092308377915567633
25	32	256	CPA_0.8.8	P	0.10145509162626505
25	32	256	CPA_0.8.8	O	0.099134192213861536
25	32	256	CPA_0.8.8	D	0.10029464192006332
25	32	256	zero_effect	S	0.10578014074627519
25	32	256	zero_effect	M	0.10578014074627519
25	32	256	zero_effect	P	0.10578014074627519
25	32	256	zero_effect	O	0.10578014074627519
25	32	256	zero_effect	D	0.10578014074627519
25	64	512	additive	S	0.026195167136201958
25	64	512	additive	M	0.026195167136201958
25	64	512	additive	P	0.030135729289460785
25	64	512	additive	O	0.030135729289460785
25	64	512	additive	D	0.030135729289460785
25	64	512	compositional_ridge	S	0.025403931071276635
25	64	512	compositional_ridge	M	0.025403931071276635
25	64	512	compositional_ridge	P	0.029344493224535483
25	64	512	compositional_ridge	O	0.029344493224535483
25	64	512	compositional_ridge	D	0.029344493224535483
25	64	512	CPA_0.8.8	S	0.092156096293833062
25	64	512	CPA_0.8.8	M	0.092156096293833062
25	64	512	CPA_0.8.8	P	0.096448612718201085
25	64	512	CPA_0.8.8	O	0.095744704175982714
25	64	512	CPA_0.8.8	D	0.096096658447091879
25	64	512	zero_effect	S	0.10398846099752664
25	64	512	zero_effect	M	0.10398846099752664
25	64	512	zero_effect	P	0.10398846099752664
25	64	512	zero_effect	O	0.10398846099752664
25	64	512	zero_effect	D	0.10398846099752664
25	128	1024	additive	S	0.026195167136201958
25	128	1024	additive	M	0.026195167136201958
25	128	1024	additive	P	0.028093239663066462
25	128	1024	additive	O	0.028093239663066462
25	128	1024	additive	D	0.028093239663066462
25	128	1024	compositional_ridge	S	0.025403931071276635
25	128	1024	compositional_ridge	M	0.025403931071276635
25	128	1024	compositional_ridge	P	0.027302003598141139
25	128	1024	compositional_ridge	O	0.027302003598141139
25	128	1024	compositional_ridge	D	0.027302003598141139
25	128	1024	CPA_0.8.8	S	0.09311520580524682
25	128	1024	CPA_0.8.8	M	0.09311520580524682
25	128	1024	CPA_0.8.8	P	0.095117099275879413
25	128	1024	CPA_0.8.8	O	0.094909457388343263
25	128	1024	CPA_0.8.8	D	0.095013278332111359
25	128	1024	zero_effect	S	0.10419662456078126
25	128	1024	zero_effect	M	0.10419662456078126
25	128	1024	zero_effect	P	0.10419662456078126
25	128	1024	zero_effect	O	0.10419662456078126
25	128	1024	zero_effect	D	0.10419662456078126
25	135	1080	additive	S	0.026195167136201958
25	135	1080	additive	M	0.026195167136201958
25	135	1080	additive	P	0.028033023858965445
25	135	1080	additive	O	0.028033023858965445
25	135	1080	additive	D	0.028033023858965445
25	135	1080	compositional_ridge	S	0.025403931071276635
25	135	1080	compositional_ridge	M	0.025403931071276635
25	135	1080	compositional_ridge	P	0.027241787794040101
25	135	1080	compositional_ridge	O	0.027241787794040101
25	135	1080	compositional_ridge	D	0.027241787794040101
25	135	1080	CPA_0.8.8	S	0.092773058181448015
25	135	1080	CPA_0.8.8	M	0.092773058181448015
25	135	1080	CPA_0.8.8	P	0.094733968957808029
25	135	1080	CPA_0.8.8	O	0.094487860850614919
25	135	1080	CPA_0.8.8	D	0.09461091490421146
25	135	1080	zero_effect	S	0.10376839437162169
25	135	1080	zero_effect	M	0.10376839437162169
25	135	1080	zero_effect	P	0.10376839437162169
25	135	1080	zero_effect	O	0.10376839437162169
25	135	1080	zero_effect	D	0.10376839437162169
26	8	64	additive	S	0.026195167136201958
26	8	64	additive	M	0.026195167136201958
26	8	64	additive	P	0.056702956412168395
26	8	64	additive	O	0.056702956412168395
26	8	64	additive	D	0.056702956412168395
26	8	64	compositional_ridge	S	0.025403931071276635
26	8	64	compositional_ridge	M	0.025403931071276635
26	8	64	compositional_ridge	P	0.055911720347243087
26	8	64	compositional_ridge	O	0.055911720347243087
26	8	64	compositional_ridge	D	0.055911720347243087
26	8	64	CPA_0.8.8	S	0.093752747770847203
26	8	64	CPA_0.8.8	M	0.093752747770847203
26	8	64	CPA_0.8.8	P	0.12662761682662174
26	8	64	CPA_0.8.8	O	0.12189345726700564
26	8	64	CPA_0.8.8	D	0.12426053704681365
26	8	64	zero_effect	S	0.11733607757435398
26	8	64	zero_effect	M	0.11733607757435398
26	8	64	zero_effect	P	0.11733607757435398
26	8	64	zero_effect	O	0.11733607757435398
26	8	64	zero_effect	D	0.11733607757435398
26	16	128	additive	S	0.026195167136201958
26	16	128	additive	M	0.026195167136201958
26	16	128	additive	P	0.042122396228482323
26	16	128	additive	O	0.042122396228482323
26	16	128	additive	D	0.042122396228482323
26	16	128	compositional_ridge	S	0.025403931071276635
26	16	128	compositional_ridge	M	0.025403931071276635
26	16	128	compositional_ridge	P	0.041331160163557035
26	16	128	compositional_ridge	O	0.041331160163557035
26	16	128	compositional_ridge	D	0.041331160163557035
26	16	128	CPA_0.8.8	S	0.093954562656166848
26	16	128	CPA_0.8.8	M	0.093954562656166848
26	16	128	CPA_0.8.8	P	0.11175227845952586
26	16	128	CPA_0.8.8	O	0.10801130503736854
26	16	128	CPA_0.8.8	D	0.10988179174844716
26	16	128	zero_effect	S	0.11118016886061136
26	16	128	zero_effect	M	0.11118016886061136
26	16	128	zero_effect	P	0.11118016886061136
26	16	128	zero_effect	O	0.11118016886061136
26	16	128	zero_effect	D	0.11118016886061136
26	32	256	additive	S	0.026195167136201958
26	32	256	additive	M	0.026195167136201958
26	32	256	additive	P	0.033995424869844727
26	32	256	additive	O	0.033995424869844727
26	32	256	additive	D	0.033995424869844727
26	32	256	compositional_ridge	S	0.025403931071276635
26	32	256	compositional_ridge	M	0.025403931071276635
26	32	256	compositional_ridge	P	0.033204188804919425
26	32	256	compositional_ridge	O	0.033204188804919425
26	32	256	compositional_ridge	D	0.033204188804919425
26	32	256	CPA_0.8.8	S	0.09292277601493816
26	32	256	CPA_0.8.8	M	0.09292277601493816
26	32	256	CPA_0.8.8	P	0.10160445045095078
26	32	256	CPA_0.8.8	O	0.099841617046211098
26	32	256	CPA_0.8.8	D	0.10072303374858102
26	32	256	zero_effect	S	0.10667148482485828
26	32	256	zero_effect	M	0.10667148482485828
26	32	256	zero_effect	P	0.10667148482485828
26	32	256	zero_effect	O	0.10667148482485828
26	32	256	zero_effect	D	0.10667148482485828
26	64	512	additive	S	0.026195167136201958
26	64	512	additive	M	0.026195167136201958
26	64	512	additive	P	0.030315239741935063
26	64	512	additive	O	0.030315239741935063
26	64	512	additive	D	0.030315239741935063
26	64	512	compositional_ridge	S	0.025403931071276635
26	64	512	compositional_ridge	M	0.025403931071276635
26	64	512	compositional_ridge	P	0.029524003677009726
26	64	512	compositional_ridge	O	0.029524003677009726
26	64	512	compositional_ridge	D	0.029524003677009726
26	64	512	CPA_0.8.8	S	0.092813083076283789
26	64	512	CPA_0.8.8	M	0.092813083076283789
26	64	512	CPA_0.8.8	P	0.097517373118678488
26	64	512	CPA_0.8.8	O	0.096348938245355259
26	64	512	CPA_0.8.8	D	0.096933155682016853
26	64	512	zero_effect	S	0.1049168867562654
26	64	512	zero_effect	M	0.1049168867562654
26	64	512	zero_effect	P	0.1049168867562654
26	64	512	zero_effect	O	0.1049168867562654
26	64	512	zero_effect	D	0.1049168867562654
26	128	1024	additive	S	0.026195167136201958
26	128	1024	additive	M	0.026195167136201958
26	128	1024	additive	P	0.028045132015695896
26	128	1024	additive	O	0.028045132015695896
26	128	1024	additive	D	0.028045132015695896
26	128	1024	compositional_ridge	S	0.025403931071276635
26	128	1024	compositional_ridge	M	0.025403931071276635
26	128	1024	compositional_ridge	P	0.027253895950770577
26	128	1024	compositional_ridge	O	0.027253895950770577
26	128	1024	compositional_ridge	D	0.027253895950770577
26	128	1024	CPA_0.8.8	S	0.091677740755806883
26	128	1024	CPA_0.8.8	M	0.091677740755806883
26	128	1024	CPA_0.8.8	P	0.09364629975193603
26	128	1024	CPA_0.8.8	O	0.09340911151866553
26	128	1024	CPA_0.8.8	D	0.093527705635300801
26	128	1024	zero_effect	S	0.10271812868746601
26	128	1024	zero_effect	M	0.10271812868746601
26	128	1024	zero_effect	P	0.10271812868746601
26	128	1024	zero_effect	O	0.10271812868746601
26	128	1024	zero_effect	D	0.10271812868746601
26	135	1080	additive	S	0.026195167136201958
26	135	1080	additive	M	0.026195167136201958
26	135	1080	additive	P	0.027967348559333194
26	135	1080	additive	O	0.027967348559333194
26	135	1080	additive	D	0.027967348559333194
26	135	1080	compositional_ridge	S	0.025403931071276635
26	135	1080	compositional_ridge	M	0.025403931071276635
26	135	1080	compositional_ridge	P	0.027176112494407881
26	135	1080	compositional_ridge	O	0.027176112494407881
26	135	1080	compositional_ridge	D	0.027176112494407881
26	135	1080	CPA_0.8.8	S	0.091665686072580951
26	135	1080	CPA_0.8.8	M	0.091665686072580951
26	135	1080	CPA_0.8.8	P	0.093551040082648307
26	135	1080	CPA_0.8.8	O	0.093324694908776096
26	135	1080	CPA_0.8.8	D	0.093437867495712201
26	135	1080	zero_effect	S	0.10264614265094649
26	135	1080	zero_effect	M	0.10264614265094649
26	135	1080	zero_effect	P	0.10264614265094649
26	135	1080	zero_effect	O	0.10264614265094649
26	135	1080	zero_effect	D	0.10264614265094649
27	8	64	additive	S	0.026195167136201958
27	8	64	additive	M	0.026195167136201958
27	8	64	additive	P	0.056386402901989756
27	8	64	additive	O	0.056386402901989756
27	8	64	additive	D	0.056386402901989756
27	8	64	compositional_ridge	S	0.025403931071276635
27	8	64	compositional_ridge	M	0.025403931071276635
27	8	64	compositional_ridge	P	0.055595166837064468
27	8	64	compositional_ridge	O	0.055595166837064468
27	8	64	compositional_ridge	D	0.055595166837064468
27	8	64	CPA_0.8.8	S	0.09012676931102484
27	8	64	CPA_0.8.8	M	0.09012676931102484
27	8	64	CPA_0.8.8	P	0.12229189708919881
27	8	64	CPA_0.8.8	O	0.11834411306442651
27	8	64	CPA_0.8.8	D	0.12031800507681266
27	8	64	zero_effect	S	0.11437578455982984
27	8	64	zero_effect	M	0.11437578455982984
27	8	64	zero_effect	P	0.11437578455982984
27	8	64	zero_effect	O	0.11437578455982984
27	8	64	zero_effect	D	0.11437578455982984
27	16	128	additive	S	0.026195167136201958
27	16	128	additive	M	0.026195167136201958
27	16	128	additive	P	0.042062711330030776
27	16	128	additive	O	0.042062711330030776
27	16	128	additive	D	0.042062711330030776
27	16	128	compositional_ridge	S	0.025403931071276635
27	16	128	compositional_ridge	M	0.025403931071276635
27	16	128	compositional_ridge	P	0.041271475265105481
27	16	128	compositional_ridge	O	0.041271475265105481
27	16	128	compositional_ridge	D	0.041271475265105481
27	16	128	CPA_0.8.8	S	0.090901586162133577
27	16	128	CPA_0.8.8	M	0.090901586162133591
27	16	128	CPA_0.8.8	P	0.10880245810801999
27	16	128	CPA_0.8.8	O	0.10473580260390473
27	16	128	CPA_0.8.8	D	0.1067691303559624
27	16	128	zero_effect	S	0.10823314589550646
27	16	128	zero_effect	M	0.10823314589550646
27	16	128	zero_effect	P	0.10823314589550646
27	16	128	zero_effect	O	0.10823314589550646
27	16	128	zero_effect	D	0.10823314589550646
27	32	256	additive	S	0.026195167136201958
27	32	256	additive	M	0.026195167136201958
27	32	256	additive	P	0.03456364485388104
27	32	256	additive	O	0.03456364485388104
27	32	256	additive	D	0.03456364485388104
27	32	256	compositional_ridge	S	0.025403931071276635
27	32	256	compositional_ridge	M	0.025403931071276635
27	32	256	compositional_ridge	P	0.033772408788955724
27	32	256	compositional_ridge	O	0.033772408788955724
27	32	256	compositional_ridge	D	0.033772408788955724
27	32	256	CPA_0.8.8	S	0.088769965788416588
27	32	256	CPA_0.8.8	M	0.088769965788416588
27	32	256	CPA_0.8.8	P	0.098510306893132865
27	32	256	CPA_0.8.8	O	0.095766580119058531
27	32	256	CPA_0.8.8	D	0.09713844350609574
27	32	256	zero_effect	S	0.10208774926458339
27	32	256	zero_effect	M	0.10208774926458339
27	32	256	zero_effect	P	0.10208774926458339
27	32	256	zero_effect	O	0.10208774926458339
27	32	256	zero_effect	D	0.10208774926458339
27	64	512	additive	S	0.026195167136201958
27	64	512	additive	M	0.026195167136201958
27	64	512	additive	P	0.030071610441103239
27	64	512	additive	O	0.030071610441103239
27	64	512	additive	D	0.030071610441103239
27	64	512	compositional_ridge	S	0.025403931071276635
27	64	512	compositional_ridge	M	0.025403931071276635
27	64	512	compositional_ridge	P	0.029280374376177927
27	64	512	compositional_ridge	O	0.029280374376177927
27	64	512	compositional_ridge	D	0.029280374376177927
27	64	512	CPA_0.8.8	S	0.090939031918341309
27	64	512	CPA_0.8.8	M	0.090939031918341309
27	64	512	CPA_0.8.8	P	0.095130421448441971
27	64	512	CPA_0.8.8	O	0.094500528998043232
27	64	512	CPA_0.8.8	D	0.094815475223242601
27	64	512	zero_effect	S	0.10252134725090015
27	64	512	zero_effect	M	0.10252134725090012
27	64	512	zero_effect	P	0.10252134725090012
27	64	512	zero_effect	O	0.10252134725090012
27	64	512	zero_effect	D	0.10252134725090012
27	128	1024	additive	S	0.026195167136201958
27	128	1024	additive	M	0.026195167136201958
27	128	1024	additive	P	0.028034920137042278
27	128	1024	additive	O	0.028034920137042278
27	128	1024	additive	D	0.028034920137042278
27	128	1024	compositional_ridge	S	0.025403931071276635
27	128	1024	compositional_ridge	M	0.025403931071276635
27	128	1024	compositional_ridge	P	0.027243684072116962
27	128	1024	compositional_ridge	O	0.027243684072116962
27	128	1024	compositional_ridge	D	0.027243684072116962
27	128	1024	CPA_0.8.8	S	0.092231314882205762
27	128	1024	CPA_0.8.8	M	0.092231314882205762
27	128	1024	CPA_0.8.8	P	0.094203675404662263
27	128	1024	CPA_0.8.8	O	0.093938460361429929
27	128	1024	CPA_0.8.8	D	0.094071067883046075
27	128	1024	zero_effect	S	0.1030391523597235
27	128	1024	zero_effect	M	0.1030391523597235
27	128	1024	zero_effect	P	0.1030391523597235
27	128	1024	zero_effect	O	0.1030391523597235
27	128	1024	zero_effect	D	0.1030391523597235
27	135	1080	additive	S	0.026195167136201958
27	135	1080	additive	M	0.026195167136201958
27	135	1080	additive	P	0.027965990285203891
27	135	1080	additive	O	0.027965990285203891
27	135	1080	additive	D	0.027965990285203891
27	135	1080	compositional_ridge	S	0.025403931071276635
27	135	1080	compositional_ridge	M	0.025403931071276635
27	135	1080	compositional_ridge	P	0.027174754220278562
27	135	1080	compositional_ridge	O	0.027174754220278562
27	135	1080	compositional_ridge	D	0.027174754220278562
27	135	1080	CPA_0.8.8	S	0.092013790517280369
27	135	1080	CPA_0.8.8	M	0.092013790517280383
27	135	1080	CPA_0.8.8	P	0.0939139870192892
27	135	1080	CPA_0.8.8	O	0.093655240313275476
27	135	1080	CPA_0.8.8	D	0.09378461366628231
27	135	1080	zero_effect	S	0.10281236445594417
27	135	1080	zero_effect	M	0.10281236445594416
27	135	1080	zero_effect	P	0.10281236445594416
27	135	1080	zero_effect	O	0.10281236445594416
27	135	1080	zero_effect	D	0.10281236445594416
28	8	64	additive	S	0.026195167136201958
28	8	64	additive	M	0.026195167136201958
28	8	64	additive	P	0.057208767047481797
28	8	64	additive	O	0.057208767047481797
28	8	64	additive	D	0.057208767047481797
28	8	64	compositional_ridge	S	0.025403931071276635
28	8	64	compositional_ridge	M	0.025403931071276635
28	8	64	compositional_ridge	P	0.056417530982556446
28	8	64	compositional_ridge	O	0.056417530982556446
28	8	64	compositional_ridge	D	0.056417530982556446
28	8	64	CPA_0.8.8	S	0.094633246032964705
28	8	64	CPA_0.8.8	M	0.094633246032964705
28	8	64	CPA_0.8.8	P	0.12964295431700137
28	8	64	CPA_0.8.8	O	0.12165073757148764
28	8	64	CPA_0.8.8	D	0.12564684594424447
28	8	64	zero_effect	S	0.11831575539172515
28	8	64	zero_effect	M	0.11831575539172515
28	8	64	zero_effect	P	0.11831575539172515
28	8	64	zero_effect	O	0.11831575539172515
28	8	64	zero_effect	D	0.11831575539172515
28	16	128	additive	S	0.026195167136201958
28	16	128	additive	M	0.026195167136201958
28	16	128	additive	P	0.041534730354451432
28	16	128	additive	O	0.041534730354451432
28	16	128	additive	D	0.041534730354451432
28	16	128	compositional_ridge	S	0.025403931071276635
28	16	128	compositional_ridge	M	0.025403931071276635
28	16	128	compositional_ridge	P	0.04074349428952613
28	16	128	compositional_ridge	O	0.04074349428952613
28	16	128	compositional_ridge	D	0.04074349428952613
28	16	128	CPA_0.8.8	S	0.095836440299833264
28	16	128	CPA_0.8.8	M	0.09583644029983325
28	16	128	CPA_0.8.8	P	0.11308201067402195
28	16	128	CPA_0.8.8	O	0.10926999636214357
28	16	128	CPA_0.8.8	D	0.11117600351808277
28	16	128	zero_effect	S	0.11287895583375979
28	16	128	zero_effect	M	0.11287895583375979
28	16	128	zero_effect	P	0.11287895583375979
28	16	128	zero_effect	O	0.11287895583375979
28	16	128	zero_effect	D	0.11287895583375979
28	32	256	additive	S	0.026195167136201958
28	32	256	additive	M	0.026195167136201958
28	32	256	additive	P	0.033615889567637808
28	32	256	additive	O	0.033615889567637808
28	32	256	additive	D	0.033615889567637808
28	32	256	compositional_ridge	S	0.025403931071276635
28	32	256	compositional_ridge	M	0.025403931071276635
28	32	256	compositional_ridge	P	0.03282465350271252
28	32	256	compositional_ridge	O	0.03282465350271252
28	32	256	compositional_ridge	D	0.03282465350271252
28	32	256	CPA_0.8.8	S	0.096566366278448598
28	32	256	CPA_0.8.8	M	0.096566366278448598
28	32	256	CPA_0.8.8	P	0.10463942622511267
28	32	256	CPA_0.8.8	O	0.10333475119465638
28	32	256	CPA_0.8.8	D	0.10398708870988452
28	32	256	zero_effect	S	0.11024015001015931
28	32	256	zero_effect	M	0.11024015001015931
28	32	256	zero_effect	P	0.11024015001015931
28	32	256	zero_effect	O	0.11024015001015931
28	32	256	zero_effect	D	0.11024015001015931
28	64	512	additive	S	0.026195167136201958
28	64	512	additive	M	0.026195167136201958
28	64	512	additive	P	0.029837542342692227
28	64	512	additive	O	0.029837542342692227
28	64	512	additive	D	0.029837542342692227
28	64	512	compositional_ridge	S	0.025403931071276635
28	64	512	compositional_ridge	M	0.025403931071276635
28	64	512	compositional_ridge	P	0.029046306277766904
28	64	512	compositional_ridge	O	0.029046306277766904
28	64	512	compositional_ridge	D	0.029046306277766904
28	64	512	CPA_0.8.8	S	0.095930219745337567
28	64	512	CPA_0.8.8	M	0.095930219745337567
28	64	512	CPA_0.8.8	P	0.099853475974550923
28	64	512	CPA_0.8.8	O	0.09929171392910488
28	64	512	CPA_0.8.8	D	0.099572594951827881
28	64	512	zero_effect	S	0.10790309054873151
28	64	512	zero_effect	M	0.10790309054873151
28	64	512	zero_effect	P	0.10790309054873151
28	64	512	zero_effect	O	0.10790309054873151
28	64	512	zero_effect	D	0.10790309054873151
28	128	1024	additive	S	0.026195167136201958
28	128	1024	additive	M	0.026195167136201958
28	128	1024	additive	P	0.028077843770801358
28	128	1024	additive	O	0.028077843770801358
28	128	1024	additive	D	0.028077843770801358
28	128	1024	compositional_ridge	S	0.025403931071276635
28	128	1024	compositional_ridge	M	0.025403931071276635
28	128	1024	compositional_ridge	P	0.027286607705876032
28	128	1024	compositional_ridge	O	0.027286607705876032
28	128	1024	compositional_ridge	D	0.027286607705876032
28	128	1024	CPA_0.8.8	S	0.093344936400702488
28	128	1024	CPA_0.8.8	M	0.093344936400702488
28	128	1024	CPA_0.8.8	P	0.095435273480924093
28	128	1024	CPA_0.8.8	O	0.09501995258967956
28	128	1024	CPA_0.8.8	D	0.095227613035301834
28	128	1024	zero_effect	S	0.10432719372603638
28	128	1024	zero_effect	M	0.10432719372603638
28	128	1024	zero_effect	P	0.10432719372603638
28	128	1024	zero_effect	O	0.10432719372603638
28	128	1024	zero_effect	D	0.10432719372603638
28	135	1080	additive	S	0.026195167136201958
28	135	1080	additive	M	0.026195167136201958
28	135	1080	additive	P	0.027973050565195487
28	135	1080	additive	O	0.027973050565195487
28	135	1080	additive	D	0.027973050565195487
28	135	1080	compositional_ridge	S	0.025403931071276635
28	135	1080	compositional_ridge	M	0.025403931071276635
28	135	1080	compositional_ridge	P	0.027181814500270175
28	135	1080	compositional_ridge	O	0.027181814500270175
28	135	1080	compositional_ridge	D	0.027181814500270175
28	135	1080	CPA_0.8.8	S	0.092616211266238091
28	135	1080	CPA_0.8.8	M	0.092616211266238091
28	135	1080	CPA_0.8.8	P	0.094567200393347872
28	135	1080	CPA_0.8.8	O	0.09422098899711541
28	135	1080	CPA_0.8.8	D	0.094394094695231662
28	135	1080	zero_effect	S	0.10354303424278136
28	135	1080	zero_effect	M	0.10354303424278134
28	135	1080	zero_effect	P	0.10354303424278134
28	135	1080	zero_effect	O	0.10354303424278134
28	135	1080	zero_effect	D	0.10354303424278134
29	8	64	additive	S	0.026195167136201958
29	8	64	additive	M	0.026195167136201958
29	8	64	additive	P	0.058631150997482707
29	8	64	additive	O	0.058631150997482707
29	8	64	additive	D	0.058631150997482707
29	8	64	compositional_ridge	S	0.025403931071276635
29	8	64	compositional_ridge	M	0.025403931071276635
29	8	64	compositional_ridge	P	0.057839914932557357
29	8	64	compositional_ridge	O	0.057839914932557357
29	8	64	compositional_ridge	D	0.057839914932557357
29	8	64	CPA_0.8.8	S	0.089360482008132264
29	8	64	CPA_0.8.8	M	0.089360482008132264
29	8	64	CPA_0.8.8	P	0.12509283553975079
29	8	64	CPA_0.8.8	O	0.11850009619907521
29	8	64	CPA_0.8.8	D	0.12179646586941306
29	8	64	zero_effect	S	0.11359623766593785
29	8	64	zero_effect	M	0.11359623766593784
29	8	64	zero_effect	P	0.11359623766593784
29	8	64	zero_effect	O	0.11359623766593784
29	8	64	zero_effect	D	0.11359623766593784
29	16	128	additive	S	0.026195167136201958
29	16	128	additive	M	0.026195167136201958
29	16	128	additive	P	0.041828814523778256
29	16	128	additive	O	0.041828814523778256
29	16	128	additive	D	0.041828814523778256
29	16	128	compositional_ridge	S	0.025403931071276635
29	16	128	compositional_ridge	M	0.025403931071276635
29	16	128	compositional_ridge	P	0.041037578458852961
29	16	128	compositional_ridge	O	0.041037578458852961
29	16	128	compositional_ridge	D	0.041037578458852961
29	16	128	CPA_0.8.8	S	0.09154032863471738
29	16	128	CPA_0.8.8	M	0.09154032863471738
29	16	128	CPA_0.8.8	P	0.10833872769964324
29	16	128	CPA_0.8.8	O	0.10600922434494416
29	16	128	CPA_0.8.8	D	0.10717397602229368
29	16	128	zero_effect	S	0.10881303021678988
29	16	128	zero_effect	M	0.10881303021678987
29	16	128	zero_effect	P	0.10881303021678987
29	16	128	zero_effect	O	0.10881303021678987
29	16	128	zero_effect	D	0.10881303021678987
29	32	256	additive	S	0.026195167136201958
29	32	256	additive	M	0.026195167136201958
29	32	256	additive	P	0.033772184461313359
29	32	256	additive	O	0.033772184461313359
29	32	256	additive	D	0.033772184461313359
29	32	256	compositional_ridge	S	0.025403931071276635
29	32	256	compositional_ridge	M	0.025403931071276635
29	32	256	compositional_ridge	P	0.03298094839638805
29	32	256	compositional_ridge	O	0.03298094839638805
29	32	256	compositional_ridge	D	0.03298094839638805
29	32	256	CPA_0.8.8	S	0.093379372572544847
29	32	256	CPA_0.8.8	M	0.093379372572544833
29	32	256	CPA_0.8.8	P	0.10163762831542091
29	32	256	CPA_0.8.8	O	0.10027515147989166
29	32	256	CPA_0.8.8	D	0.10095638989765626
29	32	256	zero_effect	S	0.10709442213418864
29	32	256	zero_effect	M	0.10709442213418864
29	32	256	zero_effect	P	0.10709442213418864
29	32	256	zero_effect	O	0.10709442213418864
29	32	256	zero_effect	D	0.10709442213418864
29	64	512	additive	S	0.026195167136201958
29	64	512	additive	M	0.026195167136201958
29	64	512	additive	P	0.029925841118867123
29	64	512	additive	O	0.029925841118867123
29	64	512	additive	D	0.029925841118867123
29	64	512	compositional_ridge	S	0.025403931071276635
29	64	512	compositional_ridge	M	0.025403931071276635
29	64	512	compositional_ridge	P	0.029134605053941803
29	64	512	compositional_ridge	O	0.029134605053941803
29	64	512	compositional_ridge	D	0.029134605053941803
29	64	512	CPA_0.8.8	S	0.09094167612251676
29	64	512	CPA_0.8.8	M	0.09094167612251676
29	64	512	CPA_0.8.8	P	0.094992057380313966
29	64	512	CPA_0.8.8	O	0.094352642830049807
29	64	512	CPA_0.8.8	D	0.094672350105181935
29	64	512	zero_effect	S	0.10253239885074575
29	64	512	zero_effect	M	0.10253239885074571
29	64	512	zero_effect	P	0.10253239885074571
29	64	512	zero_effect	O	0.10253239885074571
29	64	512	zero_effect	D	0.10253239885074571
29	128	1024	additive	S	0.026195167136201958
29	128	1024	additive	M	0.026195167136201958
29	128	1024	additive	P	0.028120826032014018
29	128	1024	additive	O	0.028120826032014018
29	128	1024	additive	D	0.028120826032014018
29	128	1024	compositional_ridge	S	0.025403931071276635
29	128	1024	compositional_ridge	M	0.025403931071276635
29	128	1024	compositional_ridge	P	0.027329589967088695
29	128	1024	compositional_ridge	O	0.027329589967088695
29	128	1024	compositional_ridge	D	0.027329589967088695
29	128	1024	CPA_0.8.8	S	0.092346425294365
29	128	1024	CPA_0.8.8	M	0.092346425294365
29	128	1024	CPA_0.8.8	P	0.094512351660899441
29	128	1024	CPA_0.8.8	O	0.094031816719454708
29	128	1024	CPA_0.8.8	D	0.094272084190177075
29	128	1024	zero_effect	S	0.10331934698271829
29	128	1024	zero_effect	M	0.10331934698271829
29	128	1024	zero_effect	P	0.10331934698271829
29	128	1024	zero_effect	O	0.10331934698271829
29	128	1024	zero_effect	D	0.10331934698271829
29	135	1080	additive	S	0.026195167136201958
29	135	1080	additive	M	0.026195167136201958
29	135	1080	additive	P	0.028024129831673513
29	135	1080	additive	O	0.028024129831673513
29	135	1080	additive	D	0.028024129831673513
29	135	1080	compositional_ridge	S	0.025403931071276635
29	135	1080	compositional_ridge	M	0.025403931071276635
29	135	1080	compositional_ridge	P	0.027232893766748204
29	135	1080	compositional_ridge	O	0.027232893766748204
29	135	1080	compositional_ridge	D	0.027232893766748204
29	135	1080	CPA_0.8.8	S	0.092121181403922489
29	135	1080	CPA_0.8.8	M	0.092121181403922489
29	135	1080	CPA_0.8.8	P	0.094189000800491043
29	135	1080	CPA_0.8.8	O	0.093711287398297052
29	135	1080	CPA_0.8.8	D	0.093950144099394048
29	135	1080	zero_effect	S	0.10304783558497399
29	135	1080	zero_effect	M	0.10304783558497399
29	135	1080	zero_effect	P	0.10304783558497399
29	135	1080	zero_effect	O	0.10304783558497399
29	135	1080	zero_effect	D	0.10304783558497399
