realization_id	root_task_index	root_id	root_index	task_id	task_index	construction	pca64_standardized_mse	scgen_standardized_mse	pca64_utility	scgen_utility	pca64_minus_scgen	expected_pca64_utility	expected_scgen_utility	maximum_method_absolute_error_vs_expected
q1	0	R41	0	T01	0	shared	0.14962566904563082	0.12282139478474607	-0.14962566904563082	-0.12282139478474607	-0.026804274260884747	-0.14962566904563082	-0.12282139478474607	0
q1	1	R41	0	T02	1	shared	0.1461298130889534	0.11371003109137967	-0.1461298130889534	-0.11371003109137967	-0.032419781997573727	-0.1461298130889534	-0.11371003109137967	0
q1	2	R41	0	T03	2	shared	0.19446307983519059	0.15289584828239394	-0.19446307983519059	-0.15289584828239394	-0.041567231552796652	-0.19446307983519059	-0.15289584828239394	0
q1	3	R41	0	T04	3	shared	0.14599883516597587	0.1043447963425175	-0.14599883516597587	-0.1043447963425175	-0.041654038823458361	-0.14599883516597587	-0.1043447963425175	0
q1	4	R41	0	T05	4	shared	0.21107275784566229	0.16277210540859696	-0.21107275784566229	-0.16277210540859696	-0.048300652437065328	-0.21107275784566229	-0.16277210540859696	0
q1	5	R42	1	T01	0	shared	0.14426466196132154	0.1120178496423522	-0.14426466196132154	-0.1120178496423522	-0.032246812318969337	-0.14426466196132154	-0.1120178496423522	0
q1	6	R42	1	T02	1	shared	0.14333762278491941	0.11277132498254254	-0.14333762278491941	-0.11277132498254254	-0.030566297802376866	-0.14333762278491941	-0.11277132498254254	0
q1	7	R42	1	T03	2	shared	0.16406201614961829	0.132400818384414	-0.16406201614961829	-0.132400818384414	-0.031661197765204291	-0.16406201614961829	-0.132400818384414	0
q1	8	R42	1	T04	3	shared	0.11757851304999059	0.085999405773888302	-0.11757851304999059	-0.085999405773888302	-0.031579107276102289	-0.11757851304999059	-0.085999405773888302	0
q1	9	R42	1	T05	4	shared	0.19988234399148957	0.15278034820930428	-0.19988234399148957	-0.15278034820930428	-0.047101995782185296	-0.19988234399148957	-0.15278034820930428	0
q1	10	R43	2	T01	0	shared	0.13628463660827317	0.10192000120924957	-0.13628463660827317	-0.10192000120924957	-0.034364635399023596	-0.13628463660827317	-0.10192000120924957	0
q1	11	R43	2	T02	1	shared	0.13275852290927095	0.10065659109997889	-0.13275852290927095	-0.10065659109997889	-0.032101931809292064	-0.13275852290927095	-0.10065659109997889	0
q1	12	R43	2	T03	2	shared	0.16055364768688027	0.11636451870134934	-0.16055364768688027	-0.11636451870134934	-0.044189128985530929	-0.16055364768688027	-0.11636451870134934	0
q1	13	R43	2	T04	3	shared	0.12328958394533082	0.089608701786979522	-0.12328958394533082	-0.089608701786979522	-0.0336808821583513	-0.12328958394533082	-0.089608701786979522	0
q1	14	R43	2	T05	4	shared	0.18581968199878068	0.15184707176286089	-0.18581968199878068	-0.15184707176286089	-0.033972610235919798	-0.18581968199878068	-0.15184707176286089	0
q1	15	R44	3	T01	0	shared	0.14551025945069246	0.11279224400402196	-0.14551025945069246	-0.11279224400402196	-0.032718015446670495	-0.14551025945069246	-0.11279224400402196	0
q1	16	R44	3	T02	1	shared	0.1282951227850008	0.10346188409734214	-0.1282951227850008	-0.10346188409734214	-0.02483323868765866	-0.1282951227850008	-0.10346188409734214	0
q1	17	R44	3	T03	2	shared	0.16588715137846913	0.12455028286936884	-0.16588715137846913	-0.12455028286936884	-0.041336868509100289	-0.16588715137846913	-0.12455028286936884	0
q1	18	R44	3	T04	3	shared	0.14402108816743817	0.10937795440023347	-0.14402108816743817	-0.10937795440023347	-0.034643133767204695	-0.14402108816743817	-0.10937795440023347	0
q1	19	R44	3	T05	4	shared	0.18498536382530997	0.13344379750327887	-0.18498536382530997	-0.13344379750327887	-0.051541566322031107	-0.18498536382530997	-0.13344379750327887	0
q1	20	R45	4	T01	0	shared	0.12802640069142035	0.095320316649393569	-0.12802640069142035	-0.095320316649393569	-0.032706084042026781	-0.12802640069142035	-0.095320316649393569	0
q1	21	R45	4	T02	1	shared	0.13624089907814815	0.10249735554315482	-0.13624089907814815	-0.10249735554315482	-0.033743543534993328	-0.13624089907814815	-0.10249735554315482	0
q1	22	R45	4	T03	2	shared	0.15820196866209985	0.11920855661568244	-0.15820196866209985	-0.11920855661568244	-0.038993412046417403	-0.15820196866209985	-0.11920855661568244	0
q1	23	R45	4	T04	3	shared	0.1651878568858981	0.12809803553573101	-0.1651878568858981	-0.12809803553573101	-0.037089821350167085	-0.1651878568858981	-0.12809803553573101	0
q1	24	R45	4	T05	4	shared	0.18250372844821661	0.14051996954810156	-0.18250372844821661	-0.14051996954810156	-0.041983758900115048	-0.18250372844821661	-0.14051996954810156	0
q1	25	R46	5	T01	0	shared	0.14397453448974246	0.1162582368484216	-0.14397453448974246	-0.1162582368484216	-0.027716297641320858	-0.14397453448974246	-0.1162582368484216	0
q1	26	R46	5	T02	1	shared	0.14345776855890122	0.10698729630843516	-0.14345776855890122	-0.10698729630843516	-0.036470472250466054	-0.14345776855890122	-0.10698729630843516	0
q1	27	R46	5	T03	2	shared	0.18047907120357712	0.14418070540129721	-0.18047907120357712	-0.14418070540129721	-0.036298365802279908	-0.18047907120357712	-0.14418070540129721	0
q1	28	R46	5	T04	3	shared	0.12997728547413429	0.098030120910346019	-0.12997728547413429	-0.098030120910346019	-0.031947164563788266	-0.12997728547413429	-0.098030120910346019	0
q1	29	R46	5	T05	4	shared	0.20084214071546944	0.15372995181858248	-0.20084214071546944	-0.15372995181858248	-0.047112188896886953	-0.20084214071546944	-0.15372995181858248	0
q1	30	R47	6	T01	0	shared	0.18406887136057509	0.16022143065590363	-0.18406887136057509	-0.16022143065590363	-0.023847440704671458	-0.18406887136057509	-0.16022143065590363	0
q1	31	R47	6	T02	1	shared	0.17857695078927247	0.15084445677851177	-0.17857695078927247	-0.15084445677851177	-0.027732494010760694	-0.17857695078927247	-0.15084445677851177	0
q1	32	R47	6	T03	2	shared	0.20822675305418961	0.16819872209132991	-0.20822675305418961	-0.16819872209132991	-0.040028030962859701	-0.20822675305418961	-0.16819872209132991	0
q1	33	R47	6	T04	3	shared	0.1939502778004997	0.25339735468625857	-0.1939502778004997	-0.25339735468625857	0.059447076885758871	-0.1939502778004997	-0.25339735468625857	0
q1	34	R47	6	T05	4	shared	0.2082417319904008	0.16960929273911232	-0.2082417319904008	-0.16960929273911232	-0.038632439251288481	-0.2082417319904008	-0.16960929273911232	0
q1	35	R48	7	T01	0	shared	0.15598530193561516	0.1222093516051173	-0.15598530193561516	-0.1222093516051173	-0.033775950330497864	-0.15598530193561516	-0.1222093516051173	0
q1	36	R48	7	T02	1	shared	0.14544667410581569	0.11066096157462739	-0.14544667410581569	-0.11066096157462739	-0.034785712531188298	-0.14544667410581569	-0.11066096157462739	0
q1	37	R48	7	T03	2	shared	0.18422518636001384	0.14635736300961319	-0.18422518636001384	-0.14635736300961319	-0.037867823350400648	-0.18422518636001384	-0.14635736300961319	0
q1	38	R48	7	T04	3	shared	0.13199368830799163	0.096501590529450496	-0.13199368830799163	-0.096501590529450496	-0.035492097778541135	-0.13199368830799163	-0.096501590529450496	0
q1	39	R48	7	T05	4	shared	0.20917084915855513	0.15326811965272599	-0.20917084915855513	-0.15326811965272599	-0.055902729505829141	-0.20917084915855513	-0.15326811965272599	0
q1	0	R41	0	T01	0	split	0.22305451194862175	0.35399472793006709	-0.22305451194862175	-0.35399472793006709	0.13094021598144534	-0.22305451194862175	-0.35399472793006709	0
q1	1	R41	0	T02	1	split	0.21800037375483727	0.33368282885345413	-0.21800037375483727	-0.33368282885345413	0.11568245509861685	-0.21800037375483727	-0.33368282885345413	0
q1	2	R41	0	T03	2	split	0.29137652274996728	0.4258950011309473	-0.29137652274996728	-0.4258950011309473	0.13451847838098002	-0.29137652274996728	-0.4258950011309473	0
q1	3	R41	0	T04	3	split	0.20252213510635017	0.31568563436864477	-0.20252213510635017	-0.31568563436864477	0.1131634992622946	-0.20252213510635017	-0.31568563436864477	0
q1	4	R41	0	T05	4	split	0.30720702431487718	0.43789232337965345	-0.30720702431487718	-0.43789232337965345	0.13068529906477627	-0.30720702431487718	-0.43789232337965345	0
q1	5	R42	1	T01	0	split	0.20060716559219122	0.28537511421822959	-0.20060716559219122	-0.28537511421822959	0.08476794862603837	-0.20060716559219122	-0.28537511421822959	0
q1	6	R42	1	T02	1	split	0.22450595556104522	0.31585696790261597	-0.22450595556104522	-0.31585696790261597	0.091351012341570753	-0.22450595556104522	-0.31585696790261597	0
q1	7	R42	1	T03	2	split	0.25093736024463265	0.38760237334533321	-0.25093736024463265	-0.38760237334533321	0.13666501310070056	-0.25093736024463265	-0.38760237334533321	0
q1	8	R42	1	T04	3	split	0.20412942643439014	0.30192384695257235	-0.20412942643439014	-0.30192384695257235	0.097794420518182212	-0.20412942643439014	-0.30192384695257235	0
q1	9	R42	1	T05	4	split	0.29905638444018312	0.43115879067334961	-0.29905638444018312	-0.43115879067334961	0.13210240623316649	-0.29905638444018312	-0.43115879067334961	0
q1	10	R43	2	T01	0	split	0.2071336350459162	0.29932332309502307	-0.2071336350459162	-0.29932332309502307	0.092189688049106877	-0.2071336350459162	-0.29932332309502307	0
q1	11	R43	2	T02	1	split	0.19703576586884877	0.29494483212830752	-0.19703576586884877	-0.29494483212830752	0.097909066259458749	-0.19703576586884877	-0.29494483212830752	0
q1	12	R43	2	T03	2	split	0.24414495235102773	0.35941872091636884	-0.24414495235102773	-0.35941872091636884	0.11527376856534111	-0.24414495235102773	-0.35941872091636884	0
q1	13	R43	2	T04	3	split	0.16654529388633615	0.28717913664948524	-0.16654529388633615	-0.28717913664948524	0.12063384276314909	-0.16654529388633615	-0.28717913664948524	0
q1	14	R43	2	T05	4	split	0.27766559295049958	0.41714464600770679	-0.27766559295049958	-0.41714464600770679	0.1394790530572072	-0.27766559295049958	-0.41714464600770679	0
q1	15	R44	3	T01	0	split	0.19955099387459657	0.30647002238397669	-0.19955099387459657	-0.30647002238397669	0.10691902850938012	-0.19955099387459657	-0.30647002238397669	0
q1	16	R44	3	T02	1	split	0.18632061290479035	0.2893254182352793	-0.18632061290479035	-0.2893254182352793	0.10300480533048895	-0.18632061290479035	-0.2893254182352793	0
q1	17	R44	3	T03	2	split	0.2468874815109407	0.35547320447117203	-0.2468874815109407	-0.35547320447117203	0.10858572296023133	-0.2468874815109407	-0.35547320447117203	0
q1	18	R44	3	T04	3	split	0.22312897085170214	0.31225684627878175	-0.22312897085170214	-0.31225684627878175	0.089127875427079617	-0.22312897085170214	-0.31225684627878175	0
q1	19	R44	3	T05	4	split	0.28140699934035024	0.39465230387040806	-0.28140699934035024	-0.39465230387040806	0.11324530453005782	-0.28140699934035024	-0.39465230387040806	0
q1	20	R45	4	T01	0	split	0.19705953292341544	0.29988707596631464	-0.19705953292341544	-0.29988707596631464	0.10282754304289921	-0.19705953292341544	-0.29988707596631464	0
q1	21	R45	4	T02	1	split	0.20904570733111597	0.30713626679831701	-0.20904570733111597	-0.30713626679831701	0.098090559467201049	-0.20904570733111597	-0.30713626679831701	0
q1	22	R45	4	T03	2	split	0.23540703000483548	0.35194864528479708	-0.23540703000483548	-0.35194864528479708	0.1165416152799616	-0.23540703000483548	-0.35194864528479708	0
q1	23	R45	4	T04	3	split	0.23910916609304925	0.39871359368988568	-0.23910916609304925	-0.39871359368988568	0.15960442759683643	-0.23910916609304925	-0.39871359368988568	0
q1	24	R45	4	T05	4	split	0.28825704194813506	0.42049382594378848	-0.28825704194813506	-0.42049382594378848	0.13223678399565342	-0.28825704194813506	-0.42049382594378848	0
q1	25	R46	5	T01	0	split	0.20610583079159622	0.31261584544020532	-0.20610583079159622	-0.31261584544020532	0.1065100146486091	-0.20610583079159622	-0.31261584544020532	0
q1	26	R46	5	T02	1	split	0.20566031016049938	0.30207034414566197	-0.20566031016049938	-0.30207034414566197	0.096410033985162596	-0.20566031016049938	-0.30207034414566197	0
q1	27	R46	5	T03	2	split	0.28012390566503376	0.42618714684586945	-0.28012390566503376	-0.42618714684586945	0.14606324118083569	-0.28012390566503376	-0.42618714684586945	0
q1	28	R46	5	T04	3	split	0.21166651567936587	0.31739396197263614	-0.21166651567936587	-0.31739396197263614	0.10572744629327027	-0.21166651567936587	-0.31739396197263614	0
q1	29	R46	5	T05	4	split	0.30554452272414634	0.44808132566268877	-0.30554452272414634	-0.44808132566268877	0.14253680293854243	-0.30554452272414634	-0.44808132566268877	0
q1	30	R47	6	T01	0	split	0.2679201362837863	0.41083918055464841	-0.2679201362837863	-0.41083918055464841	0.14291904427086211	-0.2679201362837863	-0.41083918055464841	0
q1	31	R47	6	T02	1	split	0.2451471054208833	0.36452089094925777	-0.2451471054208833	-0.36452089094925777	0.11937378552837447	-0.2451471054208833	-0.36452089094925777	0
q1	32	R47	6	T03	2	split	0.30759244491837895	0.45970299125169001	-0.30759244491837895	-0.45970299125169001	0.15211054633331106	-0.30759244491837895	-0.45970299125169001	0
q1	33	R47	6	T04	3	split	0.28778514754486029	0.48303471115800267	-0.28778514754486029	-0.48303471115800267	0.19524956361314239	-0.28778514754486029	-0.48303471115800267	0
q1	34	R47	6	T05	4	split	0.31808192039380567	0.47402558201870088	-0.31808192039380567	-0.47402558201870088	0.1559436616248952	-0.31808192039380567	-0.47402558201870088	0
q1	35	R48	7	T01	0	split	0.23377153875061663	0.344569733817289	-0.23377153875061663	-0.344569733817289	0.11079819506667238	-0.23377153875061663	-0.344569733817289	0
q1	36	R48	7	T02	1	split	0.21673863466560192	0.32493730684557298	-0.21673863466560192	-0.32493730684557298	0.10819867217997106	-0.21673863466560192	-0.32493730684557298	0
q1	37	R48	7	T03	2	split	0.26990316127728176	0.38696674812846987	-0.26990316127728176	-0.38696674812846987	0.11706358685118812	-0.26990316127728176	-0.38696674812846987	0
q1	38	R48	7	T04	3	split	0.20348756779992747	0.32768977950544503	-0.20348756779992747	-0.32768977950544503	0.12420221170551757	-0.20348756779992747	-0.32768977950544503	0
q1	39	R48	7	T05	4	split	0.31568281033494328	0.44197652724634928	-0.31568281033494328	-0.44197652724634928	0.12629371691140601	-0.31568281033494328	-0.44197652724634928	0
q1	0	R41	0	T01	0	rotation	0.22339547712525212	0.34741506459905153	-0.22339547712525212	-0.34741506459905153	0.1240195874737994	-0.22339547712525212	-0.34741506459905153	0
q1	1	R41	0	T02	1	rotation	0.21800791471642031	0.3302305252850487	-0.21800791471642031	-0.3302305252850487	0.11222261056862839	-0.21800791471642031	-0.3302305252850487	0
q1	2	R41	0	T03	2	rotation	0.28605307163778509	0.42994459693781839	-0.28605307163778509	-0.42994459693781839	0.1438915253000333	-0.28605307163778509	-0.42994459693781839	0
q1	3	R41	0	T04	3	rotation	0.22596332382469977	0.37809220484357547	-0.22596332382469977	-0.37809220484357547	0.1521288810188757	-0.22596332382469977	-0.37809220484357547	0
q1	4	R41	0	T05	4	rotation	0.30256866729628479	0.43821877393147624	-0.30256866729628479	-0.43821877393147624	0.13565010663519145	-0.30256866729628479	-0.43821877393147624	0
q1	5	R42	1	T01	0	rotation	0.20849964917705341	0.30563136549634479	-0.20849964917705341	-0.30563136549634479	0.097131716319291378	-0.20849964917705341	-0.30563136549634479	0
q1	6	R42	1	T02	1	rotation	0.21005389726813165	0.31390617035684282	-0.21005389726813165	-0.31390617035684282	0.10385227308871117	-0.21005389726813165	-0.31390617035684282	0
q1	7	R42	1	T03	2	rotation	0.24370320310573934	0.37204510916008027	-0.24370320310573934	-0.37204510916008027	0.12834190605434093	-0.24370320310573934	-0.37204510916008027	0
q1	8	R42	1	T04	3	rotation	0.18854384710287944	0.30485598224128685	-0.18854384710287944	-0.30485598224128685	0.11631213513840741	-0.18854384710287944	-0.30485598224128685	0
q1	9	R42	1	T05	4	rotation	0.28901449413125396	0.42121555099728547	-0.28901449413125396	-0.42121555099728547	0.13220105686603151	-0.28901449413125396	-0.42121555099728547	0
q1	10	R43	2	T01	0	rotation	0.20007638466027222	0.29395393158319777	-0.20007638466027222	-0.29395393158319777	0.093877546922925548	-0.20007638466027222	-0.29395393158319777	0
q1	11	R43	2	T02	1	rotation	0.19864222612070168	0.29871139623048609	-0.19864222612070168	-0.29871139623048609	0.10006917010978442	-0.19864222612070168	-0.29871139623048609	0
q1	12	R43	2	T03	2	rotation	0.23821667846982697	0.35047630950527447	-0.23821667846982697	-0.35047630950527447	0.1122596310354475	-0.23821667846982697	-0.35047630950527447	0
q1	13	R43	2	T04	3	rotation	0.19336675247152588	0.31478941205369176	-0.19336675247152588	-0.31478941205369176	0.12142265958216589	-0.19336675247152588	-0.31478941205369176	0
q1	14	R43	2	T05	4	rotation	0.27184955240388242	0.41073704781667181	-0.27184955240388242	-0.41073704781667181	0.13888749541278939	-0.27184955240388242	-0.41073704781667181	0
q1	15	R44	3	T01	0	rotation	0.21526703927946786	0.32768438662877836	-0.21526703927946786	-0.32768438662877836	0.1124173473493105	-0.21526703927946786	-0.32768438662877836	0
q1	16	R44	3	T02	1	rotation	0.19159421493648218	0.29363383025571704	-0.19159421493648218	-0.29363383025571704	0.10203961531923486	-0.19159421493648218	-0.29363383025571704	0
q1	17	R44	3	T03	2	rotation	0.24492949763921731	0.36197086553451113	-0.24492949763921731	-0.36197086553451113	0.11704136789529382	-0.24492949763921731	-0.36197086553451113	0
q1	18	R44	3	T04	3	rotation	0.21481388691270886	0.32870466209289678	-0.21481388691270886	-0.32870466209289678	0.11389077518018792	-0.21481388691270886	-0.32870466209289678	0
q1	19	R44	3	T05	4	rotation	0.27314904249044969	0.39955931698540942	-0.27314904249044969	-0.39955931698540942	0.12641027449495973	-0.27314904249044969	-0.39955931698540942	0
q1	20	R45	4	T01	0	rotation	0.19134934409477636	0.28685060562585379	-0.19134934409477636	-0.28685060562585379	0.095501261531077436	-0.19134934409477636	-0.28685060562585379	0
q1	21	R45	4	T02	1	rotation	0.20155467655404177	0.29922981478384164	-0.20155467655404177	-0.29922981478384164	0.097675138229799868	-0.20155467655404177	-0.29922981478384164	0
q1	22	R45	4	T03	2	rotation	0.23656975179775008	0.35464993461567867	-0.23656975179775008	-0.35464993461567867	0.11808018281792859	-0.23656975179775008	-0.35464993461567867	0
q1	23	R45	4	T04	3	rotation	0.24372385152711548	0.37933821593114686	-0.24372385152711548	-0.37933821593114686	0.13561436440403138	-0.24372385152711548	-0.37933821593114686	0
q1	24	R45	4	T05	4	rotation	0.26837010519087051	0.39903661226028714	-0.26837010519087051	-0.39903661226028714	0.13066650706941663	-0.26837010519087051	-0.39903661226028714	0
q1	25	R46	5	T01	0	rotation	0.21569266948895063	0.33436973632792216	-0.21569266948895063	-0.33436973632792216	0.11867706683897153	-0.21569266948895063	-0.33436973632792216	0
q1	26	R46	5	T02	1	rotation	0.21155859755324424	0.31205935848235827	-0.21155859755324424	-0.31205935848235827	0.10050076092911403	-0.21155859755324424	-0.31205935848235827	0
q1	27	R46	5	T03	2	rotation	0.26693927045036009	0.40447265196683074	-0.26693927045036009	-0.40447265196683074	0.13753338151647065	-0.26693927045036009	-0.40447265196683074	0
q1	28	R46	5	T04	3	rotation	0.20683138164018086	0.3313890135319072	-0.20683138164018086	-0.3313890135319072	0.12455763189172633	-0.20683138164018086	-0.3313890135319072	0
q1	29	R46	5	T05	4	rotation	0.29378742327001112	0.43312553772646184	-0.29378742327001112	-0.43312553772646184	0.13933811445645072	-0.29378742327001112	-0.43312553772646184	0
q1	30	R47	6	T01	0	rotation	0.26247950669101855	0.39698752075107852	-0.26247950669101855	-0.39698752075107852	0.13450801406005997	-0.26247950669101855	-0.39698752075107852	0
q1	31	R47	6	T02	1	rotation	0.25783819139395442	0.38995671669716564	-0.25783819139395442	-0.38995671669716564	0.13211852530321122	-0.25783819139395442	-0.38995671669716564	0
q1	32	R47	6	T03	2	rotation	0.30004632847224744	0.44499696876715317	-0.30004632847224744	-0.44499696876715317	0.14495064029490573	-0.30004632847224744	-0.44499696876715317	0
q1	33	R47	6	T04	3	rotation	0.27579219864125776	0.4994243515780537	-0.27579219864125776	-0.4994243515780537	0.22363215293679595	-0.27579219864125776	-0.4994243515780537	0
q1	34	R47	6	T05	4	rotation	0.30676814888929965	0.46660673840273947	-0.30676814888929965	-0.46660673840273947	0.15983858951343982	-0.30676814888929965	-0.46660673840273947	0
q1	35	R48	7	T01	0	rotation	0.23047179731365386	0.34741283895721442	-0.23047179731365386	-0.34741283895721442	0.11694104164356056	-0.23047179731365386	-0.34741283895721442	0
q1	36	R48	7	T02	1	rotation	0.21651282224447588	0.32711297474936352	-0.21651282224447588	-0.32711297474936352	0.11060015250488764	-0.21651282224447588	-0.32711297474936352	0
q1	37	R48	7	T03	2	rotation	0.26901441760658806	0.40147585587778095	-0.26901441760658806	-0.40147585587778095	0.13246143827119289	-0.26901441760658806	-0.40147585587778095	0
q1	38	R48	7	T04	3	rotation	0.20355451659897669	0.31999255678225175	-0.20355451659897669	-0.31999255678225175	0.11643804018327505	-0.20355451659897669	-0.31999255678225175	0
q1	39	R48	7	T05	4	rotation	0.3031112215900989	0.43604181191996688	-0.3031112215900989	-0.43604181191996688	0.13293059032986798	-0.3031112215900989	-0.43604181191996688	0
q2	0	R41	0	T01	0	shared	0.14962566904563082	0.12470023262307481	-0.14962566904563082	-0.12470023262307481	-0.024925436422556013	-0.14962566904563082	-0.12470023262307481	0
q2	1	R41	0	T02	1	shared	0.1461298130889534	0.11446970204524945	-0.1461298130889534	-0.11446970204524945	-0.031660111043703948	-0.1461298130889534	-0.11446970204524945	0
q2	2	R41	0	T03	2	shared	0.19446307983519059	0.15685565157384357	-0.19446307983519059	-0.15685565157384357	-0.037607428261347026	-0.19446307983519059	-0.15685565157384357	0
q2	3	R41	0	T04	3	shared	0.14599883516597587	0.11514440084134336	-0.14599883516597587	-0.11514440084134336	-0.030854434324632501	-0.14599883516597587	-0.11514440084134336	0
q2	4	R41	0	T05	4	shared	0.21107275784566229	0.16096677382799873	-0.21107275784566229	-0.16096677382799873	-0.050105984017663557	-0.21107275784566229	-0.16096677382799873	0
q2	5	R42	1	T01	0	shared	0.14426466196132154	0.11661298039399708	-0.14426466196132154	-0.11661298039399708	-0.027651681567324463	-0.14426466196132154	-0.11661298039399708	0
q2	6	R42	1	T02	1	shared	0.14333762278491941	0.11516789948427382	-0.14333762278491941	-0.11516789948427382	-0.028169723300645585	-0.14333762278491941	-0.11516789948427382	0
q2	7	R42	1	T03	2	shared	0.16406201614961829	0.13318110618870768	-0.16406201614961829	-0.13318110618870768	-0.030880909960910613	-0.16406201614961829	-0.13318110618870768	0
q2	8	R42	1	T04	3	shared	0.11757851304999059	0.094784823810666871	-0.11757851304999059	-0.094784823810666871	-0.022793689239323719	-0.11757851304999059	-0.094784823810666871	0
q2	9	R42	1	T05	4	shared	0.19988234399148957	0.14835999702904187	-0.19988234399148957	-0.14835999702904187	-0.051522346962447702	-0.19988234399148957	-0.14835999702904187	0
q2	10	R43	2	T01	0	shared	0.13628463660827317	0.10127196606645389	-0.13628463660827317	-0.10127196606645389	-0.03501267054181928	-0.13628463660827317	-0.10127196606645389	0
q2	11	R43	2	T02	1	shared	0.13275852290927095	0.10294178892612435	-0.13275852290927095	-0.10294178892612435	-0.029816733983146604	-0.13275852290927095	-0.10294178892612435	0
q2	12	R43	2	T03	2	shared	0.16055364768688027	0.11618418593335318	-0.16055364768688027	-0.11618418593335318	-0.044369461753527087	-0.16055364768688027	-0.11618418593335318	0
q2	13	R43	2	T04	3	shared	0.12328958394533082	0.1040952002953274	-0.12328958394533082	-0.1040952002953274	-0.019194383650003422	-0.12328958394533082	-0.1040952002953274	0
q2	14	R43	2	T05	4	shared	0.18581968199878068	0.15377044407609541	-0.18581968199878068	-0.15377044407609541	-0.03204923792268527	-0.18581968199878068	-0.15377044407609541	0
q2	15	R44	3	T01	0	shared	0.14551025945069246	0.11181321320728524	-0.14551025945069246	-0.11181321320728524	-0.033697046243407219	-0.14551025945069246	-0.11181321320728524	0
q2	16	R44	3	T02	1	shared	0.1282951227850008	0.106075564672776	-0.1282951227850008	-0.106075564672776	-0.022219558112224799	-0.1282951227850008	-0.106075564672776	0
q2	17	R44	3	T03	2	shared	0.16588715137846913	0.12525877488159773	-0.16588715137846913	-0.12525877488159773	-0.040628376496871399	-0.16588715137846913	-0.12525877488159773	0
q2	18	R44	3	T04	3	shared	0.14402108816743817	0.10845965514209641	-0.14402108816743817	-0.10845965514209641	-0.03556143302534176	-0.14402108816743817	-0.10845965514209641	0
q2	19	R44	3	T05	4	shared	0.18498536382530997	0.13714768757289125	-0.18498536382530997	-0.13714768757289125	-0.04783767625241872	-0.18498536382530997	-0.13714768757289125	0
q2	20	R45	4	T01	0	shared	0.12802640069142035	0.097747293429877313	-0.12802640069142035	-0.097747293429877313	-0.030279107261543037	-0.12802640069142035	-0.097747293429877313	0
q2	21	R45	4	T02	1	shared	0.13624089907814815	0.10527168981927001	-0.13624089907814815	-0.10527168981927001	-0.030969209258878139	-0.13624089907814815	-0.10527168981927001	0
q2	22	R45	4	T03	2	shared	0.15820196866209985	0.11785145176665797	-0.15820196866209985	-0.11785145176665797	-0.040350516895441876	-0.15820196866209985	-0.11785145176665797	0
q2	23	R45	4	T04	3	shared	0.1651878568858981	0.12731165878735426	-0.1651878568858981	-0.12731165878735426	-0.03787619809854384	-0.1651878568858981	-0.12731165878735426	0
q2	24	R45	4	T05	4	shared	0.18250372844821661	0.14155026978181209	-0.18250372844821661	-0.14155026978181209	-0.040953458666404513	-0.18250372844821661	-0.14155026978181209	0
q2	25	R46	5	T01	0	shared	0.14397453448974246	0.11832256769807625	-0.14397453448974246	-0.11832256769807625	-0.025651966791666203	-0.14397453448974246	-0.11832256769807625	0
q2	26	R46	5	T02	1	shared	0.14345776855890122	0.10937781358788187	-0.14345776855890122	-0.10937781358788187	-0.034079954971019344	-0.14345776855890122	-0.10937781358788187	0
q2	27	R46	5	T03	2	shared	0.18047907120357712	0.14667824891639275	-0.18047907120357712	-0.14667824891639275	-0.033800822287184368	-0.18047907120357712	-0.14667824891639275	0
q2	28	R46	5	T04	3	shared	0.12997728547413429	0.10252768157314211	-0.12997728547413429	-0.10252768157314211	-0.027449603900992173	-0.12997728547413429	-0.10252768157314211	0
q2	29	R46	5	T05	4	shared	0.20084214071546944	0.15238466090934052	-0.20084214071546944	-0.15238466090934052	-0.048457479806128911	-0.20084214071546944	-0.15238466090934052	0
q2	30	R47	6	T01	0	shared	0.18406887136057509	0.16207192500163906	-0.18406887136057509	-0.16207192500163906	-0.021996946358936037	-0.18406887136057509	-0.16207192500163906	0
q2	31	R47	6	T02	1	shared	0.17857695078927247	0.1548832227344982	-0.17857695078927247	-0.1548832227344982	-0.023693728054774266	-0.17857695078927247	-0.1548832227344982	0
q2	32	R47	6	T03	2	shared	0.20822675305418961	0.16566620237070512	-0.20822675305418961	-0.16566620237070512	-0.042560550683484494	-0.20822675305418961	-0.16566620237070512	0
q2	33	R47	6	T04	3	shared	0.1939502778004997	0.22039335658003631	-0.1939502778004997	-0.22039335658003631	0.026443078779536611	-0.1939502778004997	-0.22039335658003631	0
q2	34	R47	6	T05	4	shared	0.2082417319904008	0.17001090180592771	-0.2082417319904008	-0.17001090180592771	-0.038230830184473097	-0.2082417319904008	-0.17001090180592771	0
q2	35	R48	7	T01	0	shared	0.15598530193561516	0.1200868172461363	-0.15598530193561516	-0.1200868172461363	-0.035898484689478857	-0.15598530193561516	-0.1200868172461363	0
q2	36	R48	7	T02	1	shared	0.14544667410581569	0.11157913618460738	-0.14544667410581569	-0.11157913618460738	-0.033867537921208307	-0.14544667410581569	-0.11157913618460738	0
q2	37	R48	7	T03	2	shared	0.18422518636001384	0.15108404666468433	-0.18422518636001384	-0.15108404666468433	-0.033141139695329502	-0.18422518636001384	-0.15108404666468433	0
q2	38	R48	7	T04	3	shared	0.13199368830799163	0.098654801813287937	-0.13199368830799163	-0.098654801813287937	-0.033338886494703693	-0.13199368830799163	-0.098654801813287937	0
q2	39	R48	7	T05	4	shared	0.20917084915855513	0.15458731974457279	-0.20917084915855513	-0.15458731974457279	-0.05458352941398234	-0.20917084915855513	-0.15458731974457279	0
q2	0	R41	0	T01	0	split	0.22305451194862175	0.35885025963424705	-0.22305451194862175	-0.35885025963424705	0.1357957476856253	-0.22305451194862175	-0.35885025963424705	0
q2	1	R41	0	T02	1	split	0.21800037375483727	0.33529216741958989	-0.21800037375483727	-0.33529216741958989	0.11729179366475262	-0.21800037375483727	-0.33529216741958989	0
q2	2	R41	0	T03	2	split	0.29137652274996728	0.4309310131443842	-0.29137652274996728	-0.4309310131443842	0.13955449039441692	-0.29137652274996728	-0.4309310131443842	0
q2	3	R41	0	T04	3	split	0.20252213510635017	0.3105070218500468	-0.20252213510635017	-0.3105070218500468	0.10798488674369663	-0.20252213510635017	-0.3105070218500468	0
q2	4	R41	0	T05	4	split	0.30720702431487718	0.43785738887622516	-0.30720702431487718	-0.43785738887622516	0.13065036456134799	-0.30720702431487718	-0.43785738887622516	0
q2	5	R42	1	T01	0	split	0.20060716559219122	0.29346478339366272	-0.20060716559219122	-0.29346478339366272	0.092857617801471504	-0.20060716559219122	-0.29346478339366272	0
q2	6	R42	1	T02	1	split	0.22450595556104522	0.31959020712506331	-0.22450595556104522	-0.31959020712506331	0.095084251564018091	-0.22450595556104522	-0.31959020712506331	0
q2	7	R42	1	T03	2	split	0.25093736024463265	0.38807845486612896	-0.25093736024463265	-0.38807845486612896	0.13714109462149632	-0.25093736024463265	-0.38807845486612896	0
q2	8	R42	1	T04	3	split	0.20412942643439014	0.32677727849067384	-0.20412942643439014	-0.32677727849067384	0.1226478520562837	-0.20412942643439014	-0.32677727849067384	0
q2	9	R42	1	T05	4	split	0.29905638444018312	0.42920483127528475	-0.29905638444018312	-0.42920483127528475	0.13014844683510163	-0.29905638444018312	-0.42920483127528475	0
q2	10	R43	2	T01	0	split	0.2071336350459162	0.29844498135983022	-0.2071336350459162	-0.29844498135983022	0.091311346313914021	-0.2071336350459162	-0.29844498135983022	0
q2	11	R43	2	T02	1	split	0.19703576586884877	0.29882333153753049	-0.19703576586884877	-0.29882333153753049	0.10178756566868172	-0.19703576586884877	-0.29882333153753049	0
q2	12	R43	2	T03	2	split	0.24414495235102773	0.36428249152848602	-0.24414495235102773	-0.36428249152848602	0.12013753917745829	-0.24414495235102773	-0.36428249152848602	0
q2	13	R43	2	T04	3	split	0.16654529388633615	0.30374940110609139	-0.16654529388633615	-0.30374940110609139	0.13720410721975523	-0.16654529388633615	-0.30374940110609139	0
q2	14	R43	2	T05	4	split	0.27766559295049958	0.41807309732280951	-0.27766559295049958	-0.41807309732280951	0.14040750437230992	-0.27766559295049958	-0.41807309732280951	0
q2	15	R44	3	T01	0	split	0.19955099387459657	0.30254696473513998	-0.19955099387459657	-0.30254696473513998	0.10299597086054341	-0.19955099387459657	-0.30254696473513998	0
q2	16	R44	3	T02	1	split	0.18632061290479035	0.29135542365448619	-0.18632061290479035	-0.29135542365448619	0.10503481074969584	-0.18632061290479035	-0.29135542365448619	0
q2	17	R44	3	T03	2	split	0.2468874815109407	0.35790484625171787	-0.2468874815109407	-0.35790484625171787	0.11101736474077717	-0.2468874815109407	-0.35790484625171787	0
q2	18	R44	3	T04	3	split	0.22312897085170214	0.30903013855839107	-0.22312897085170214	-0.30903013855839107	0.08590116770668893	-0.22312897085170214	-0.30903013855839107	0
q2	19	R44	3	T05	4	split	0.28140699934035024	0.39763661120143479	-0.28140699934035024	-0.39763661120143479	0.11622961186108455	-0.28140699934035024	-0.39763661120143479	0
q2	20	R45	4	T01	0	split	0.19705953292341544	0.30585228162747502	-0.19705953292341544	-0.30585228162747502	0.10879274870405958	-0.19705953292341544	-0.30585228162747502	0
q2	21	R45	4	T02	1	split	0.20904570733111597	0.31070883347632217	-0.20904570733111597	-0.31070883347632217	0.1016631261452062	-0.20904570733111597	-0.31070883347632217	0
q2	22	R45	4	T03	2	split	0.23540703000483548	0.34546033165146295	-0.23540703000483548	-0.34546033165146295	0.11005330164662747	-0.23540703000483548	-0.34546033165146295	0
q2	23	R45	4	T04	3	split	0.23910916609304925	0.37775479247698601	-0.23910916609304925	-0.37775479247698601	0.13864562638393677	-0.23910916609304925	-0.37775479247698601	0
q2	24	R45	4	T05	4	split	0.28825704194813506	0.42133135288816853	-0.28825704194813506	-0.42133135288816853	0.13307431094003347	-0.28825704194813506	-0.42133135288816853	0
q2	25	R46	5	T01	0	split	0.20610583079159622	0.31702825345294638	-0.20610583079159622	-0.31702825345294638	0.11092242266135016	-0.20610583079159622	-0.31702825345294638	0
q2	26	R46	5	T02	1	split	0.20566031016049938	0.30422731366946199	-0.20566031016049938	-0.30422731366946199	0.098567003508962608	-0.20566031016049938	-0.30422731366946199	0
q2	27	R46	5	T03	2	split	0.28012390566503376	0.42647623523542533	-0.28012390566503376	-0.42647623523542533	0.14635232957039157	-0.28012390566503376	-0.42647623523542533	0
q2	28	R46	5	T04	3	split	0.21166651567936587	0.32375610218815187	-0.21166651567936587	-0.32375610218815187	0.112089586508786	-0.21166651567936587	-0.32375610218815187	0
q2	29	R46	5	T05	4	split	0.30554452272414634	0.44567842667038921	-0.30554452272414634	-0.44567842667038921	0.14013390394624287	-0.30554452272414634	-0.44567842667038921	0
q2	30	R47	6	T01	0	split	0.2679201362837863	0.41753001089513792	-0.2679201362837863	-0.41753001089513792	0.14960987461135161	-0.2679201362837863	-0.41753001089513792	0
q2	31	R47	6	T02	1	split	0.2451471054208833	0.36663831306159533	-0.2451471054208833	-0.36663831306159533	0.12149120764071203	-0.2451471054208833	-0.36663831306159533	0
q2	32	R47	6	T03	2	split	0.30759244491837895	0.45604504298270621	-0.30759244491837895	-0.45604504298270621	0.14845259806432726	-0.30759244491837895	-0.45604504298270621	0
q2	33	R47	6	T04	3	split	0.28778514754486029	0.44863706941662285	-0.28778514754486029	-0.44863706941662285	0.16085192187176256	-0.28778514754486029	-0.44863706941662285	0
q2	34	R47	6	T05	4	split	0.31808192039380567	0.47545825302199329	-0.31808192039380567	-0.47545825302199329	0.15737633262818762	-0.31808192039380567	-0.47545825302199329	0
q2	35	R48	7	T01	0	split	0.23377153875061663	0.34131718078048345	-0.23377153875061663	-0.34131718078048345	0.10754564202986683	-0.23377153875061663	-0.34131718078048345	0
q2	36	R48	7	T02	1	split	0.21673863466560192	0.32474957442174707	-0.21673863466560192	-0.32474957442174707	0.10801093975614515	-0.21673863466560192	-0.32474957442174707	0
q2	37	R48	7	T03	2	split	0.26990316127728176	0.38994318342219414	-0.26990316127728176	-0.38994318342219414	0.12004002214491238	-0.26990316127728176	-0.38994318342219414	0
q2	38	R48	7	T04	3	split	0.20348756779992747	0.34395632573695128	-0.20348756779992747	-0.34395632573695128	0.14046875793702382	-0.20348756779992747	-0.34395632573695128	0
q2	39	R48	7	T05	4	split	0.31568281033494328	0.44467794647832543	-0.31568281033494328	-0.44467794647832543	0.12899513614338215	-0.31568281033494328	-0.44467794647832543	0
q2	0	R41	0	T01	0	rotation	0.22339547712525212	0.34916452213096844	-0.22339547712525212	-0.34916452213096844	0.12576904500571631	-0.22339547712525212	-0.34916452213096844	0
q2	1	R41	0	T02	1	rotation	0.21800791471642031	0.33034862154156647	-0.21800791471642031	-0.33034862154156647	0.11234070682514616	-0.21800791471642031	-0.33034862154156647	0
q2	2	R41	0	T03	2	rotation	0.28605307163778509	0.43318554666080394	-0.28605307163778509	-0.43318554666080394	0.14713247502301885	-0.28605307163778509	-0.43318554666080394	0
q2	3	R41	0	T04	3	rotation	0.22596332382469977	0.36899592719079322	-0.22596332382469977	-0.36899592719079322	0.14303260336609344	-0.22596332382469977	-0.36899592719079322	0
q2	4	R41	0	T05	4	rotation	0.30256866729628479	0.43668339630234582	-0.30256866729628479	-0.43668339630234582	0.13411472900606103	-0.30256866729628479	-0.43668339630234582	0
q2	5	R42	1	T01	0	rotation	0.20849964917705341	0.31072209747525442	-0.20849964917705341	-0.31072209747525442	0.10222244829820101	-0.20849964917705341	-0.31072209747525442	0
q2	6	R42	1	T02	1	rotation	0.21005389726813165	0.31652307426747212	-0.21005389726813165	-0.31652307426747212	0.10646917699934047	-0.21005389726813165	-0.31652307426747212	0
q2	7	R42	1	T03	2	rotation	0.24370320310573934	0.37271008092691749	-0.24370320310573934	-0.37271008092691749	0.12900687782117815	-0.24370320310573934	-0.37271008092691749	0
q2	8	R42	1	T04	3	rotation	0.18854384710287944	0.31428628906736894	-0.18854384710287944	-0.31428628906736894	0.1257424419644895	-0.18854384710287944	-0.31428628906736894	0
q2	9	R42	1	T05	4	rotation	0.28901449413125396	0.41597196551201687	-0.28901449413125396	-0.41597196551201687	0.12695747138076291	-0.28901449413125396	-0.41597196551201687	0
q2	10	R43	2	T01	0	rotation	0.20007638466027222	0.29330466652988196	-0.20007638466027222	-0.29330466652988196	0.093228281869609742	-0.20007638466027222	-0.29330466652988196	0
q2	11	R43	2	T02	1	rotation	0.19864222612070168	0.30079993207269107	-0.19864222612070168	-0.30079993207269107	0.10215770595198939	-0.19864222612070168	-0.30079993207269107	0
q2	12	R43	2	T03	2	rotation	0.23821667846982697	0.35093416057875776	-0.23821667846982697	-0.35093416057875776	0.11271748210893079	-0.23821667846982697	-0.35093416057875776	0
q2	13	R43	2	T04	3	rotation	0.19336675247152588	0.32542404150943138	-0.19336675247152588	-0.32542404150943138	0.13205728903790551	-0.19336675247152588	-0.32542404150943138	0
q2	14	R43	2	T05	4	rotation	0.27184955240388242	0.41248362852706794	-0.27184955240388242	-0.41248362852706794	0.14063407612318551	-0.27184955240388242	-0.41248362852706794	0
q2	15	R44	3	T01	0	rotation	0.21526703927946786	0.32742023858117747	-0.21526703927946786	-0.32742023858117747	0.11215319930170961	-0.21526703927946786	-0.32742023858117747	0
q2	16	R44	3	T02	1	rotation	0.19159421493648218	0.29665158189465662	-0.19159421493648218	-0.29665158189465662	0.10505736695817444	-0.19159421493648218	-0.29665158189465662	0
q2	17	R44	3	T03	2	rotation	0.24492949763921731	0.36251649548566656	-0.24492949763921731	-0.36251649548566656	0.11758699784644924	-0.24492949763921731	-0.36251649548566656	0
q2	18	R44	3	T04	3	rotation	0.21481388691270886	0.32824086926009149	-0.21481388691270886	-0.32824086926009149	0.11342698234738263	-0.21481388691270886	-0.32824086926009149	0
q2	19	R44	3	T05	4	rotation	0.27314904249044969	0.40316354791984388	-0.27314904249044969	-0.40316354791984388	0.13001450542939419	-0.27314904249044969	-0.40316354791984388	0
q2	20	R45	4	T01	0	rotation	0.19134934409477636	0.29026266282328878	-0.19134934409477636	-0.29026266282328878	0.098913318728512417	-0.19134934409477636	-0.29026266282328878	0
q2	21	R45	4	T02	1	rotation	0.20155467655404177	0.30259153136371419	-0.20155467655404177	-0.30259153136371419	0.10103685480967242	-0.20155467655404177	-0.30259153136371419	0
q2	22	R45	4	T03	2	rotation	0.23656975179775008	0.35352496589664995	-0.23656975179775008	-0.35352496589664995	0.11695521409889986	-0.23656975179775008	-0.35352496589664995	0
q2	23	R45	4	T04	3	rotation	0.24372385152711548	0.37229085943012663	-0.24372385152711548	-0.37229085943012663	0.12856700790301115	-0.24372385152711548	-0.37229085943012663	0
q2	24	R45	4	T05	4	rotation	0.26837010519087051	0.39940313531335575	-0.26837010519087051	-0.39940313531335575	0.13103303012248524	-0.26837010519087051	-0.39940313531335575	0
q2	25	R46	5	T01	0	rotation	0.21569266948895063	0.33555616588946074	-0.21569266948895063	-0.33555616588946074	0.11986349640051011	-0.21569266948895063	-0.33555616588946074	0
q2	26	R46	5	T02	1	rotation	0.21155859755324424	0.31519075109317507	-0.21155859755324424	-0.31519075109317507	0.10363215353993083	-0.21155859755324424	-0.31519075109317507	0
q2	27	R46	5	T03	2	rotation	0.26693927045036009	0.40667556604960714	-0.26693927045036009	-0.40667556604960714	0.13973629559924705	-0.26693927045036009	-0.40667556604960714	0
q2	28	R46	5	T04	3	rotation	0.20683138164018086	0.33428129615416219	-0.20683138164018086	-0.33428129615416219	0.12744991451398133	-0.20683138164018086	-0.33428129615416219	0
q2	29	R46	5	T05	4	rotation	0.29378742327001112	0.43164506465206537	-0.29378742327001112	-0.43164506465206537	0.13785764138205425	-0.29378742327001112	-0.43164506465206537	0
q2	30	R47	6	T01	0	rotation	0.26247950669101855	0.39946549781511348	-0.26247950669101855	-0.39946549781511348	0.13698599112409493	-0.26247950669101855	-0.39946549781511348	0
q2	31	R47	6	T02	1	rotation	0.25783819139395442	0.39413830808635125	-0.25783819139395442	-0.39413830808635125	0.13630011669239683	-0.25783819139395442	-0.39413830808635125	0
q2	32	R47	6	T03	2	rotation	0.30004632847224744	0.44268443119733281	-0.30004632847224744	-0.44268443119733281	0.14263810272508537	-0.30004632847224744	-0.44268443119733281	0
q2	33	R47	6	T04	3	rotation	0.27579219864125776	0.46807180988768726	-0.27579219864125776	-0.46807180988768726	0.1922796112464295	-0.27579219864125776	-0.46807180988768726	0
q2	34	R47	6	T05	4	rotation	0.30676814888929965	0.46628553958984215	-0.30676814888929965	-0.46628553958984215	0.15951739070054249	-0.30676814888929965	-0.46628553958984215	0
q2	35	R48	7	T01	0	rotation	0.23047179731365386	0.34514497471643879	-0.23047179731365386	-0.34514497471643879	0.11467317740278493	-0.23047179731365386	-0.34514497471643879	0
q2	36	R48	7	T02	1	rotation	0.21651282224447588	0.3302992576193316	-0.21651282224447588	-0.3302992576193316	0.11378643537485572	-0.21651282224447588	-0.3302992576193316	0
q2	37	R48	7	T03	2	rotation	0.26901441760658806	0.40711044518183331	-0.26901441760658806	-0.40711044518183331	0.13809602757524525	-0.26901441760658806	-0.40711044518183331	0
q2	38	R48	7	T04	3	rotation	0.20355451659897669	0.32026632168456021	-0.20355451659897669	-0.32026632168456021	0.11671180508558351	-0.20355451659897669	-0.32026632168456021	0
q2	39	R48	7	T05	4	rotation	0.3031112215900989	0.43766810393394695	-0.3031112215900989	-0.43766810393394695	0.13455688234384805	-0.3031112215900989	-0.43766810393394695	0
q3	0	R41	0	T01	0	shared	0.14962566904563082	0.11952578629830397	-0.14962566904563082	-0.11952578629830397	-0.030099882747326848	-0.14962566904563082	-0.11952578629830397	0
q3	1	R41	0	T02	1	shared	0.1461298130889534	0.11347446225142192	-0.1461298130889534	-0.11347446225142192	-0.032655350837531474	-0.1461298130889534	-0.11347446225142192	0
q3	2	R41	0	T03	2	shared	0.19446307983519059	0.15178691100968866	-0.19446307983519059	-0.15178691100968866	-0.042676168825501931	-0.19446307983519059	-0.15178691100968866	0
q3	3	R41	0	T04	3	shared	0.14599883516597587	0.11125944896920045	-0.14599883516597587	-0.11125944896920045	-0.034739386196775413	-0.14599883516597587	-0.11125944896920045	0
q3	4	R41	0	T05	4	shared	0.21107275784566229	0.1615523246901493	-0.21107275784566229	-0.1615523246901493	-0.049520433155512994	-0.21107275784566229	-0.1615523246901493	0
q3	5	R42	1	T01	0	shared	0.14426466196132154	0.12178546304290794	-0.14426466196132154	-0.12178546304290794	-0.022479198918413601	-0.14426466196132154	-0.12178546304290794	0
q3	6	R42	1	T02	1	shared	0.14333762278491941	0.11337013559585765	-0.14333762278491941	-0.11337013559585765	-0.029967487189061753	-0.14333762278491941	-0.11337013559585765	0
q3	7	R42	1	T03	2	shared	0.16406201614961829	0.13056000908815457	-0.16406201614961829	-0.13056000908815457	-0.033502007061463723	-0.16406201614961829	-0.13056000908815457	0
q3	8	R42	1	T04	3	shared	0.11757851304999059	0.094541434437409158	-0.11757851304999059	-0.094541434437409158	-0.023037078612581433	-0.11757851304999059	-0.094541434437409158	0
q3	9	R42	1	T05	4	shared	0.19988234399148957	0.15215590940007426	-0.19988234399148957	-0.15215590940007426	-0.047726434591415318	-0.19988234399148957	-0.15215590940007426	0
q3	10	R43	2	T01	0	shared	0.13628463660827317	0.10119446650443588	-0.13628463660827317	-0.10119446650443588	-0.03509017010383729	-0.13628463660827317	-0.10119446650443588	0
q3	11	R43	2	T02	1	shared	0.13275852290927095	0.10109986915069528	-0.13275852290927095	-0.10109986915069528	-0.031658653758575669	-0.13275852290927095	-0.10109986915069528	0
q3	12	R43	2	T03	2	shared	0.16055364768688027	0.11677387610032103	-0.16055364768688027	-0.11677387610032103	-0.043779771586559241	-0.16055364768688027	-0.11677387610032103	0
q3	13	R43	2	T04	3	shared	0.12328958394533082	0.099994978870474871	-0.12328958394533082	-0.099994978870474871	-0.023294605074855951	-0.12328958394533082	-0.099994978870474871	0
q3	14	R43	2	T05	4	shared	0.18581968199878068	0.15133963392830688	-0.18581968199878068	-0.15133963392830688	-0.034480048070473807	-0.18581968199878068	-0.15133963392830688	0
q3	15	R44	3	T01	0	shared	0.14551025945069246	0.11582136840373053	-0.14551025945069246	-0.11582136840373053	-0.029688891046961929	-0.14551025945069246	-0.11582136840373053	0
q3	16	R44	3	T02	1	shared	0.1282951227850008	0.10494498554451462	-0.1282951227850008	-0.10494498554451462	-0.02335013724048618	-0.1282951227850008	-0.10494498554451462	0
q3	17	R44	3	T03	2	shared	0.16588715137846913	0.12498328081958907	-0.16588715137846913	-0.12498328081958907	-0.040903870558880062	-0.16588715137846913	-0.12498328081958907	0
q3	18	R44	3	T04	3	shared	0.14402108816743817	0.113176117357071	-0.14402108816743817	-0.113176117357071	-0.030844970810367162	-0.14402108816743817	-0.113176117357071	0
q3	19	R44	3	T05	4	shared	0.18498536382530997	0.13533548254126945	-0.18498536382530997	-0.13533548254126945	-0.04964988128404052	-0.18498536382530997	-0.13533548254126945	0
q3	20	R45	4	T01	0	shared	0.12802640069142035	0.096785409183726884	-0.12802640069142035	-0.096785409183726884	-0.031240991507693466	-0.12802640069142035	-0.096785409183726884	0
q3	21	R45	4	T02	1	shared	0.13624089907814815	0.1054185661380284	-0.13624089907814815	-0.1054185661380284	-0.030822332940119754	-0.13624089907814815	-0.1054185661380284	0
q3	22	R45	4	T03	2	shared	0.15820196866209985	0.11839812136895007	-0.15820196866209985	-0.11839812136895007	-0.039803847293149772	-0.15820196866209985	-0.11839812136895007	0
q3	23	R45	4	T04	3	shared	0.1651878568858981	0.13728210832089868	-0.1651878568858981	-0.13728210832089868	-0.027905748564999416	-0.1651878568858981	-0.13728210832089868	0
q3	24	R45	4	T05	4	shared	0.18250372844821661	0.13950515012312981	-0.18250372844821661	-0.13950515012312981	-0.0429985783250868	-0.18250372844821661	-0.13950515012312981	0
q3	25	R46	5	T01	0	shared	0.14397453448974246	0.11461294905380996	-0.14397453448974246	-0.11461294905380996	-0.029361585435932494	-0.14397453448974246	-0.11461294905380996	0
q3	26	R46	5	T02	1	shared	0.14345776855890122	0.10767861501200381	-0.14345776855890122	-0.10767861501200381	-0.03577915354689741	-0.14345776855890122	-0.10767861501200381	0
q3	27	R46	5	T03	2	shared	0.18047907120357712	0.14488970177033059	-0.18047907120357712	-0.14488970177033059	-0.035589369433246532	-0.18047907120357712	-0.14488970177033059	0
q3	28	R46	5	T04	3	shared	0.12997728547413429	0.10156541149123031	-0.12997728547413429	-0.10156541149123031	-0.028411873982903971	-0.12997728547413429	-0.10156541149123031	0
q3	29	R46	5	T05	4	shared	0.20084214071546944	0.15268163207954033	-0.20084214071546944	-0.15268163207954033	-0.048160508635929106	-0.20084214071546944	-0.15268163207954033	0
q3	30	R47	6	T01	0	shared	0.18406887136057509	0.16004166539879558	-0.18406887136057509	-0.16004166539879558	-0.024027205961779513	-0.18406887136057509	-0.16004166539879558	0
q3	31	R47	6	T02	1	shared	0.17857695078927247	0.15308659766408886	-0.17857695078927247	-0.15308659766408886	-0.025490353125183607	-0.17857695078927247	-0.15308659766408886	0
q3	32	R47	6	T03	2	shared	0.20822675305418961	0.16342248537953952	-0.20822675305418961	-0.16342248537953952	-0.044804267674650095	-0.20822675305418961	-0.16342248537953952	0
q3	33	R47	6	T04	3	shared	0.1939502778004997	0.24624478863172433	-0.1939502778004997	-0.24624478863172433	0.052294510831224633	-0.1939502778004997	-0.24624478863172433	0
q3	34	R47	6	T05	4	shared	0.2082417319904008	0.16988480047222432	-0.2082417319904008	-0.16988480047222432	-0.038356931518176485	-0.2082417319904008	-0.16988480047222432	0
q3	35	R48	7	T01	0	shared	0.15598530193561516	0.12014928031684982	-0.15598530193561516	-0.12014928031684982	-0.03583602161876534	-0.15598530193561516	-0.12014928031684982	0
q3	36	R48	7	T02	1	shared	0.14544667410581569	0.11245585255772912	-0.14544667410581569	-0.11245585255772912	-0.032990821548086566	-0.14544667410581569	-0.11245585255772912	0
q3	37	R48	7	T03	2	shared	0.18422518636001384	0.14685151320522455	-0.18422518636001384	-0.14685151320522455	-0.037373673154789289	-0.18422518636001384	-0.14685151320522455	0
q3	38	R48	7	T04	3	shared	0.13199368830799163	0.098986508096746376	-0.13199368830799163	-0.098986508096746376	-0.033007180211245254	-0.13199368830799163	-0.098986508096746376	0
q3	39	R48	7	T05	4	shared	0.20917084915855513	0.15290291157349464	-0.20917084915855513	-0.15290291157349464	-0.05626793758506049	-0.20917084915855513	-0.15290291157349464	0
q3	0	R41	0	T01	0	split	0.22305451194862175	0.35157398998064254	-0.22305451194862175	-0.35157398998064254	0.1285194780320208	-0.22305451194862175	-0.35157398998064254	0
q3	1	R41	0	T02	1	split	0.21800037375483727	0.33388045144904344	-0.21800037375483727	-0.33388045144904344	0.11588007769420616	-0.21800037375483727	-0.33388045144904344	0
q3	2	R41	0	T03	2	split	0.29137652274996728	0.42777830763684621	-0.29137652274996728	-0.42777830763684621	0.13640178488687893	-0.29137652274996728	-0.42777830763684621	0
q3	3	R41	0	T04	3	split	0.20252213510635017	0.30205715397551952	-0.20252213510635017	-0.30205715397551952	0.09953501886916935	-0.20252213510635017	-0.30205715397551952	0
q3	4	R41	0	T05	4	split	0.30720702431487718	0.43363477125077393	-0.30720702431487718	-0.43363477125077393	0.12642774693589676	-0.30720702431487718	-0.43363477125077393	0
q3	5	R42	1	T01	0	split	0.20060716559219122	0.30106411284233131	-0.20060716559219122	-0.30106411284233131	0.10045694725014009	-0.20060716559219122	-0.30106411284233131	0
q3	6	R42	1	T02	1	split	0.22450595556104522	0.31942870858598588	-0.22450595556104522	-0.31942870858598588	0.094922753024940659	-0.22450595556104522	-0.31942870858598588	0
q3	7	R42	1	T03	2	split	0.25093736024463265	0.38752241640855084	-0.25093736024463265	-0.38752241640855084	0.13658505616391819	-0.25093736024463265	-0.38752241640855084	0
q3	8	R42	1	T04	3	split	0.20412942643439014	0.31417692752672338	-0.20412942643439014	-0.31417692752672338	0.11004750109233324	-0.20412942643439014	-0.31417692752672338	0
q3	9	R42	1	T05	4	split	0.29905638444018312	0.42801279515061696	-0.29905638444018312	-0.42801279515061696	0.12895641071043384	-0.29905638444018312	-0.42801279515061696	0
q3	10	R43	2	T01	0	split	0.2071336350459162	0.30488348164920054	-0.2071336350459162	-0.30488348164920054	0.09774984660328434	-0.2071336350459162	-0.30488348164920054	0
q3	11	R43	2	T02	1	split	0.19703576586884877	0.29376392192444639	-0.19703576586884877	-0.29376392192444639	0.096728156055597619	-0.19703576586884877	-0.29376392192444639	0
q3	12	R43	2	T03	2	split	0.24414495235102773	0.36277485832747031	-0.24414495235102773	-0.36277485832747031	0.11862990597644257	-0.24414495235102773	-0.36277485832747031	0
q3	13	R43	2	T04	3	split	0.16654529388633615	0.28868471676439983	-0.16654529388633615	-0.28868471676439983	0.12213942287806367	-0.16654529388633615	-0.28868471676439983	0
q3	14	R43	2	T05	4	split	0.27766559295049958	0.41924367443411048	-0.27766559295049958	-0.41924367443411048	0.1415780814836109	-0.27766559295049958	-0.41924367443411048	0
q3	15	R44	3	T01	0	split	0.19955099387459657	0.30709070134443406	-0.19955099387459657	-0.30709070134443406	0.10753970746983749	-0.19955099387459657	-0.30709070134443406	0
q3	16	R44	3	T02	1	split	0.18632061290479035	0.28957975415898179	-0.18632061290479035	-0.28957975415898179	0.10325914125419144	-0.18632061290479035	-0.28957975415898179	0
q3	17	R44	3	T03	2	split	0.2468874815109407	0.35687456459448219	-0.2468874815109407	-0.35687456459448219	0.10998708308354149	-0.2468874815109407	-0.35687456459448219	0
q3	18	R44	3	T04	3	split	0.22312897085170214	0.31034723285551741	-0.22312897085170214	-0.31034723285551741	0.087218262003815272	-0.22312897085170214	-0.31034723285551741	0
q3	19	R44	3	T05	4	split	0.28140699934035024	0.39802209973130753	-0.28140699934035024	-0.39802209973130753	0.11661510039095729	-0.28140699934035024	-0.39802209973130753	0
q3	20	R45	4	T01	0	split	0.19705953292341544	0.30608554984831127	-0.19705953292341544	-0.30608554984831127	0.10902601692489583	-0.19705953292341544	-0.30608554984831127	0
q3	21	R45	4	T02	1	split	0.20904570733111597	0.31470354998176109	-0.20904570733111597	-0.31470354998176109	0.10565784265064512	-0.20904570733111597	-0.31470354998176109	0
q3	22	R45	4	T03	2	split	0.23540703000483548	0.34944410838883322	-0.23540703000483548	-0.34944410838883322	0.11403707838399774	-0.23540703000483548	-0.34944410838883322	0
q3	23	R45	4	T04	3	split	0.23910916609304925	0.39742892021543968	-0.23910916609304925	-0.39742892021543968	0.15831975412239044	-0.23910916609304925	-0.39742892021543968	0
q3	24	R45	4	T05	4	split	0.28825704194813506	0.41984154896554454	-0.28825704194813506	-0.41984154896554454	0.13158450701740948	-0.28825704194813506	-0.41984154896554454	0
q3	25	R46	5	T01	0	split	0.20610583079159622	0.31389070196601454	-0.20610583079159622	-0.31389070196601454	0.10778487117441832	-0.20610583079159622	-0.31389070196601454	0
q3	26	R46	5	T02	1	split	0.20566031016049938	0.30393296970174749	-0.20566031016049938	-0.30393296970174749	0.098272659541248114	-0.20566031016049938	-0.30393296970174749	0
q3	27	R46	5	T03	2	split	0.28012390566503376	0.426166185513146	-0.28012390566503376	-0.426166185513146	0.14604227984811224	-0.28012390566503376	-0.426166185513146	0
q3	28	R46	5	T04	3	split	0.21166651567936587	0.32888373883430583	-0.21166651567936587	-0.32888373883430583	0.11721722315493996	-0.21166651567936587	-0.32888373883430583	0
q3	29	R46	5	T05	4	split	0.30554452272414634	0.44676423192744885	-0.30554452272414634	-0.44676423192744885	0.14121970920330251	-0.30554452272414634	-0.44676423192744885	0
q3	30	R47	6	T01	0	split	0.2679201362837863	0.41130349657583914	-0.2679201362837863	-0.41130349657583914	0.14338336029205284	-0.2679201362837863	-0.41130349657583914	0
q3	31	R47	6	T02	1	split	0.2451471054208833	0.363782120471	-0.2451471054208833	-0.363782120471	0.1186350150501167	-0.2451471054208833	-0.363782120471	0
q3	32	R47	6	T03	2	split	0.30759244491837895	0.45945107135494678	-0.30759244491837895	-0.45945107135494678	0.15185862643656783	-0.30759244491837895	-0.45945107135494678	0
q3	33	R47	6	T04	3	split	0.28778514754486029	0.4965733059561715	-0.28778514754486029	-0.4965733059561715	0.20878815841131121	-0.28778514754486029	-0.4965733059561715	0
q3	34	R47	6	T05	4	split	0.31808192039380567	0.48038779186003838	-0.31808192039380567	-0.48038779186003838	0.16230587146623271	-0.31808192039380567	-0.48038779186003838	0
q3	35	R48	7	T01	0	split	0.23377153875061663	0.33964428036058913	-0.23377153875061663	-0.33964428036058913	0.10587274160997251	-0.23377153875061663	-0.33964428036058913	0
q3	36	R48	7	T02	1	split	0.21673863466560192	0.33052556083236256	-0.21673863466560192	-0.33052556083236256	0.11378692616676064	-0.21673863466560192	-0.33052556083236256	0
q3	37	R48	7	T03	2	split	0.26990316127728176	0.38887882745433333	-0.26990316127728176	-0.38887882745433333	0.11897566617705158	-0.26990316127728176	-0.38887882745433333	0
q3	38	R48	7	T04	3	split	0.20348756779992747	0.33749173293767598	-0.20348756779992747	-0.33749173293767598	0.13400416513774852	-0.20348756779992747	-0.33749173293767598	0
q3	39	R48	7	T05	4	split	0.31568281033494328	0.44714504509549291	-0.31568281033494328	-0.44714504509549291	0.13146223476054963	-0.31568281033494328	-0.44714504509549291	0
q3	0	R41	0	T01	0	rotation	0.22339547712525212	0.34406944162333369	-0.22339547712525212	-0.34406944162333369	0.12067396449808157	-0.22339547712525212	-0.34406944162333369	0
q3	1	R41	0	T02	1	rotation	0.21800791471642031	0.32957565546042361	-0.21800791471642031	-0.32957565546042361	0.1115677407440033	-0.21800791471642031	-0.32957565546042361	0
q3	2	R41	0	T03	2	rotation	0.28605307163778509	0.42833184194605273	-0.28605307163778509	-0.42833184194605273	0.14227877030826763	-0.28605307163778509	-0.42833184194605273	0
q3	3	R41	0	T04	3	rotation	0.22596332382469977	0.37317425054475334	-0.22596332382469977	-0.37317425054475334	0.14721092672005356	-0.22596332382469977	-0.37317425054475334	0
q3	4	R41	0	T05	4	rotation	0.30256866729628479	0.43672333938605057	-0.30256866729628479	-0.43672333938605057	0.13415467208976578	-0.30256866729628479	-0.43672333938605057	0
q3	5	R42	1	T01	0	rotation	0.20849964917705341	0.31596755637102331	-0.20849964917705341	-0.31596755637102331	0.1074679071939699	-0.20849964917705341	-0.31596755637102331	0
q3	6	R42	1	T02	1	rotation	0.21005389726813165	0.31604229531901729	-0.21005389726813165	-0.31604229531901729	0.10598839805088564	-0.21005389726813165	-0.31604229531901729	0
q3	7	R42	1	T03	2	rotation	0.24370320310573934	0.37033339803096599	-0.24370320310573934	-0.37033339803096599	0.12663019492522665	-0.24370320310573934	-0.37033339803096599	0
q3	8	R42	1	T04	3	rotation	0.18854384710287944	0.31338682100567555	-0.18854384710287944	-0.31338682100567555	0.12484297390279611	-0.18854384710287944	-0.31338682100567555	0
q3	9	R42	1	T05	4	rotation	0.28901449413125396	0.42015409734184289	-0.28901449413125396	-0.42015409734184289	0.13113960321058893	-0.28901449413125396	-0.42015409734184289	0
q3	10	R43	2	T01	0	rotation	0.20007638466027222	0.29397752211228217	-0.20007638466027222	-0.29397752211228217	0.093901137452009953	-0.20007638466027222	-0.29397752211228217	0
q3	11	R43	2	T02	1	rotation	0.19864222612070168	0.29901543025423222	-0.19864222612070168	-0.29901543025423222	0.10037320413353054	-0.19864222612070168	-0.29901543025423222	0
q3	12	R43	2	T03	2	rotation	0.23821667846982697	0.35114749790413741	-0.23821667846982697	-0.35114749790413741	0.11293081943431044	-0.23821667846982697	-0.35114749790413741	0
q3	13	R43	2	T04	3	rotation	0.19336675247152588	0.32392991129323939	-0.19336675247152588	-0.32392991129323939	0.13056315882171352	-0.19336675247152588	-0.32392991129323939	0
q3	14	R43	2	T05	4	rotation	0.27184955240388242	0.41096309356510702	-0.27184955240388242	-0.41096309356510702	0.1391135411612246	-0.27184955240388242	-0.41096309356510702	0
q3	15	R44	3	T01	0	rotation	0.21526703927946786	0.33131204480951665	-0.21526703927946786	-0.33131204480951665	0.11604500553004879	-0.21526703927946786	-0.33131204480951665	0
q3	16	R44	3	T02	1	rotation	0.19159421493648218	0.29542153432346019	-0.19159421493648218	-0.29542153432346019	0.10382731938697801	-0.19159421493648218	-0.29542153432346019	0
q3	17	R44	3	T03	2	rotation	0.24492949763921731	0.36230601945634561	-0.24492949763921731	-0.36230601945634561	0.11737652181712829	-0.24492949763921731	-0.36230601945634561	0
q3	18	R44	3	T04	3	rotation	0.21481388691270886	0.33072321247044062	-0.21481388691270886	-0.33072321247044062	0.11590932555773176	-0.21481388691270886	-0.33072321247044062	0
q3	19	R44	3	T05	4	rotation	0.27314904249044969	0.40172574439254077	-0.27314904249044969	-0.40172574439254077	0.12857670190209108	-0.27314904249044969	-0.40172574439254077	0
q3	20	R45	4	T01	0	rotation	0.19134934409477636	0.29051946289140745	-0.19134934409477636	-0.29051946289140745	0.099170118796631096	-0.19134934409477636	-0.29051946289140745	0
q3	21	R45	4	T02	1	rotation	0.20155467655404177	0.3036880619782566	-0.20155467655404177	-0.3036880619782566	0.10213338542421482	-0.20155467655404177	-0.3036880619782566	0
q3	22	R45	4	T03	2	rotation	0.23656975179775008	0.35449224406739716	-0.23656975179775008	-0.35449224406739716	0.11792249226964707	-0.23656975179775008	-0.35449224406739716	0
q3	23	R45	4	T04	3	rotation	0.24372385152711548	0.38426341571594547	-0.24372385152711548	-0.38426341571594547	0.14053956418882999	-0.24372385152711548	-0.38426341571594547	0
q3	24	R45	4	T05	4	rotation	0.26837010519087051	0.39832229017576642	-0.26837010519087051	-0.39832229017576642	0.12995218498489591	-0.26837010519087051	-0.39832229017576642	0
q3	25	R46	5	T01	0	rotation	0.21569266948895063	0.33290206152163032	-0.21569266948895063	-0.33290206152163032	0.11720939203267969	-0.21569266948895063	-0.33290206152163032	0
q3	26	R46	5	T02	1	rotation	0.21155859755324424	0.31375893261582483	-0.21155859755324424	-0.31375893261582483	0.10220033506258058	-0.21155859755324424	-0.31375893261582483	0
q3	27	R46	5	T03	2	rotation	0.26693927045036009	0.40528690616638846	-0.26693927045036009	-0.40528690616638846	0.13834763571602837	-0.26693927045036009	-0.40528690616638846	0
q3	28	R46	5	T04	3	rotation	0.20683138164018086	0.33422932715739501	-0.20683138164018086	-0.33422932715739501	0.12739794551721415	-0.20683138164018086	-0.33422932715739501	0
q3	29	R46	5	T05	4	rotation	0.29378742327001112	0.43274664286452968	-0.29378742327001112	-0.43274664286452968	0.13895921959451857	-0.29378742327001112	-0.43274664286452968	0
q3	30	R47	6	T01	0	rotation	0.26247950669101855	0.39645933025306695	-0.26247950669101855	-0.39645933025306695	0.13397982356204841	-0.26247950669101855	-0.39645933025306695	0
q3	31	R47	6	T02	1	rotation	0.25783819139395442	0.39221747794542422	-0.25783819139395442	-0.39221747794542422	0.1343792865514698	-0.25783819139395442	-0.39221747794542422	0
q3	32	R47	6	T03	2	rotation	0.30004632847224744	0.44056449574567219	-0.30004632847224744	-0.44056449574567219	0.14051816727342475	-0.30004632847224744	-0.44056449574567219	0
q3	33	R47	6	T04	3	rotation	0.27579219864125776	0.49663139387131355	-0.27579219864125776	-0.49663139387131355	0.2208391952300558	-0.27579219864125776	-0.49663139387131355	0
q3	34	R47	6	T05	4	rotation	0.30676814888929965	0.46794427914013842	-0.30676814888929965	-0.46794427914013842	0.16117613025083877	-0.30676814888929965	-0.46794427914013842	0
q3	35	R48	7	T01	0	rotation	0.23047179731365386	0.34545030176973307	-0.23047179731365386	-0.34545030176973307	0.11497850445607921	-0.23047179731365386	-0.34545030176973307	0
q3	36	R48	7	T02	1	rotation	0.21651282224447588	0.33073858037912202	-0.21651282224447588	-0.33073858037912202	0.11422575813464614	-0.21651282224447588	-0.33073858037912202	0
q3	37	R48	7	T03	2	rotation	0.26901441760658806	0.40291511363644722	-0.26901441760658806	-0.40291511363644722	0.13390069602985916	-0.26901441760658806	-0.40291511363644722	0
q3	38	R48	7	T04	3	rotation	0.20355451659897669	0.32943168729396594	-0.20355451659897669	-0.32943168729396594	0.12587717069498924	-0.20355451659897669	-0.32943168729396594	0
q3	39	R48	7	T05	4	rotation	0.3031112215900989	0.43650188071400464	-0.3031112215900989	-0.43650188071400464	0.13339065912390574	-0.3031112215900989	-0.43650188071400464	0
q4	0	R41	0	T01	0	shared	0.14962566904563082	0.12002558128010575	-0.14962566904563082	-0.12002558128010575	-0.029600087765525071	-0.14962566904563082	-0.12002558128010575	0
q4	1	R41	0	T02	1	shared	0.1461298130889534	0.11422772128332974	-0.1461298130889534	-0.11422772128332974	-0.031902091805623659	-0.1461298130889534	-0.11422772128332974	0
q4	2	R41	0	T03	2	shared	0.19446307983519059	0.16173863529291527	-0.19446307983519059	-0.16173863529291527	-0.032724444542275327	-0.19446307983519059	-0.16173863529291527	0
q4	3	R41	0	T04	3	shared	0.14599883516597587	0.11487123231138696	-0.14599883516597587	-0.11487123231138696	-0.031127602854588904	-0.14599883516597587	-0.11487123231138696	0
q4	4	R41	0	T05	4	shared	0.21107275784566229	0.16472960193479899	-0.21107275784566229	-0.16472960193479899	-0.046343155910863298	-0.21107275784566229	-0.16472960193479899	0
q4	5	R42	1	T01	0	shared	0.14426466196132154	0.11351596688371719	-0.14426466196132154	-0.11351596688371719	-0.030748695077604346	-0.14426466196132154	-0.11351596688371719	0
q4	6	R42	1	T02	1	shared	0.14333762278491941	0.11593560944824868	-0.14333762278491941	-0.11593560944824868	-0.027402013336670722	-0.14333762278491941	-0.11593560944824868	0
q4	7	R42	1	T03	2	shared	0.16406201614961829	0.1359789615488852	-0.16406201614961829	-0.1359789615488852	-0.028083054600733098	-0.16406201614961829	-0.1359789615488852	0
q4	8	R42	1	T04	3	shared	0.11757851304999059	0.093087139694081056	-0.11757851304999059	-0.093087139694081056	-0.024491373355909535	-0.11757851304999059	-0.093087139694081056	0
q4	9	R42	1	T05	4	shared	0.19988234399148957	0.15049587066708506	-0.19988234399148957	-0.15049587066708506	-0.049386473324404517	-0.19988234399148957	-0.15049587066708506	0
q4	10	R43	2	T01	0	shared	0.13628463660827317	0.10082493625444902	-0.13628463660827317	-0.10082493625444902	-0.035459700353824147	-0.13628463660827317	-0.10082493625444902	0
q4	11	R43	2	T02	1	shared	0.13275852290927095	0.10125735132246436	-0.13275852290927095	-0.10125735132246436	-0.031501171586806598	-0.13275852290927095	-0.10125735132246436	0
q4	12	R43	2	T03	2	shared	0.16055364768688027	0.11767299254484863	-0.16055364768688027	-0.11767299254484863	-0.04288065514203164	-0.16055364768688027	-0.11767299254484863	0
q4	13	R43	2	T04	3	shared	0.12328958394533082	0.096404035780829955	-0.12328958394533082	-0.096404035780829955	-0.026885548164500866	-0.12328958394533082	-0.096404035780829955	0
q4	14	R43	2	T05	4	shared	0.18581968199878068	0.15885344723542422	-0.18581968199878068	-0.15885344723542422	-0.026966234763356467	-0.18581968199878068	-0.15885344723542422	0
q4	15	R44	3	T01	0	shared	0.14551025945069246	0.11313357266778686	-0.14551025945069246	-0.11313357266778686	-0.032376686782905603	-0.14551025945069246	-0.11313357266778686	0
q4	16	R44	3	T02	1	shared	0.1282951227850008	0.10382266116889073	-0.1282951227850008	-0.10382266116889073	-0.024472461616110067	-0.1282951227850008	-0.10382266116889073	0
q4	17	R44	3	T03	2	shared	0.16588715137846913	0.12639247486147134	-0.16588715137846913	-0.12639247486147134	-0.039494676516997784	-0.16588715137846913	-0.12639247486147134	0
q4	18	R44	3	T04	3	shared	0.14402108816743817	0.10518149074691753	-0.14402108816743817	-0.10518149074691753	-0.038839597420520636	-0.14402108816743817	-0.10518149074691753	0
q4	19	R44	3	T05	4	shared	0.18498536382530997	0.14104009933304171	-0.18498536382530997	-0.14104009933304171	-0.043945264492268266	-0.18498536382530997	-0.14104009933304171	0
q4	20	R45	4	T01	0	shared	0.12802640069142035	0.096737555736170447	-0.12802640069142035	-0.096737555736170447	-0.031288844955249903	-0.12802640069142035	-0.096737555736170447	0
q4	21	R45	4	T02	1	shared	0.13624089907814815	0.102686974861495	-0.13624089907814815	-0.102686974861495	-0.033553924216653153	-0.13624089907814815	-0.102686974861495	0
q4	22	R45	4	T03	2	shared	0.15820196866209985	0.11853670635050352	-0.15820196866209985	-0.11853670635050352	-0.039665262311596325	-0.15820196866209985	-0.11853670635050352	0
q4	23	R45	4	T04	3	shared	0.1651878568858981	0.13050575313885174	-0.1651878568858981	-0.13050575313885174	-0.034682103747046361	-0.1651878568858981	-0.13050575313885174	0
q4	24	R45	4	T05	4	shared	0.18250372844821661	0.14252993410139503	-0.18250372844821661	-0.14252993410139503	-0.039973794346821578	-0.18250372844821661	-0.14252993410139503	0
q4	25	R46	5	T01	0	shared	0.14397453448974246	0.11581707815160026	-0.14397453448974246	-0.11581707815160026	-0.028157456338142192	-0.14397453448974246	-0.11581707815160026	0
q4	26	R46	5	T02	1	shared	0.14345776855890122	0.10692294127429905	-0.14345776855890122	-0.10692294127429905	-0.036534827284602167	-0.14345776855890122	-0.10692294127429905	0
q4	27	R46	5	T03	2	shared	0.18047907120357712	0.14668578648127917	-0.18047907120357712	-0.14668578648127917	-0.03379328472229795	-0.18047907120357712	-0.14668578648127917	0
q4	28	R46	5	T04	3	shared	0.12997728547413429	0.10623527766084971	-0.12997728547413429	-0.10623527766084971	-0.023742007813284574	-0.12997728547413429	-0.10623527766084971	0
q4	29	R46	5	T05	4	shared	0.20084214071546944	0.15460408887506116	-0.20084214071546944	-0.15460408887506116	-0.046238051840408273	-0.20084214071546944	-0.15460408887506116	0
q4	30	R47	6	T01	0	shared	0.18406887136057509	0.15433836910946858	-0.18406887136057509	-0.15433836910946858	-0.029730502251106516	-0.18406887136057509	-0.15433836910946858	0
q4	31	R47	6	T02	1	shared	0.17857695078927247	0.14752682613122042	-0.17857695078927247	-0.14752682613122042	-0.031050124658052042	-0.17857695078927247	-0.14752682613122042	0
q4	32	R47	6	T03	2	shared	0.20822675305418961	0.16796009386129518	-0.20822675305418961	-0.16796009386129518	-0.040266659192894433	-0.20822675305418961	-0.16796009386129518	0
q4	33	R47	6	T04	3	shared	0.1939502778004997	0.23942540914859559	-0.1939502778004997	-0.23942540914859559	0.045475131348095887	-0.1939502778004997	-0.23942540914859559	0
q4	34	R47	6	T05	4	shared	0.2082417319904008	0.17087667250100358	-0.2082417319904008	-0.17087667250100358	-0.037365059489397223	-0.2082417319904008	-0.17087667250100358	0
q4	35	R48	7	T01	0	shared	0.15598530193561516	0.12010327041422748	-0.15598530193561516	-0.12010327041422748	-0.035882031521387678	-0.15598530193561516	-0.12010327041422748	0
q4	36	R48	7	T02	1	shared	0.14544667410581569	0.10871575476011819	-0.14544667410581569	-0.10871575476011819	-0.036730919345697499	-0.14544667410581569	-0.10871575476011819	0
q4	37	R48	7	T03	2	shared	0.18422518636001384	0.15164679421514296	-0.18422518636001384	-0.15164679421514296	-0.032578392144870877	-0.18422518636001384	-0.15164679421514296	0
q4	38	R48	7	T04	3	shared	0.13199368830799163	0.095757633853857466	-0.13199368830799163	-0.095757633853857466	-0.036236054454134164	-0.13199368830799163	-0.095757633853857466	0
q4	39	R48	7	T05	4	shared	0.20917084915855513	0.15696519399947861	-0.20917084915855513	-0.15696519399947861	-0.052205655159076519	-0.20917084915855513	-0.15696519399947861	0
q4	0	R41	0	T01	0	split	0.22305451194862175	0.35187936922150864	-0.22305451194862175	-0.35187936922150864	0.12882485727288689	-0.22305451194862175	-0.35187936922150864	0
q4	1	R41	0	T02	1	split	0.21800037375483727	0.33423323171823149	-0.21800037375483727	-0.33423323171823149	0.11623285796339422	-0.21800037375483727	-0.33423323171823149	0
q4	2	R41	0	T03	2	split	0.29137652274996728	0.43642011203542508	-0.29137652274996728	-0.43642011203542508	0.1450435892854578	-0.29137652274996728	-0.43642011203542508	0
q4	3	R41	0	T04	3	split	0.20252213510635017	0.30592660219771983	-0.20252213510635017	-0.30592660219771983	0.10340446709136966	-0.20252213510635017	-0.30592660219771983	0
q4	4	R41	0	T05	4	split	0.30720702431487718	0.4440310186428198	-0.30720702431487718	-0.4440310186428198	0.13682399432794262	-0.30720702431487718	-0.4440310186428198	0
q4	5	R42	1	T01	0	split	0.20060716559219122	0.28571068362516749	-0.20060716559219122	-0.28571068362516749	0.085103518032976277	-0.20060716559219122	-0.28571068362516749	0
q4	6	R42	1	T02	1	split	0.22450595556104522	0.31924040695449718	-0.22450595556104522	-0.31924040695449718	0.094734451393451963	-0.22450595556104522	-0.31924040695449718	0
q4	7	R42	1	T03	2	split	0.25093736024463265	0.3930191460277041	-0.25093736024463265	-0.3930191460277041	0.14208178578307146	-0.25093736024463265	-0.3930191460277041	0
q4	8	R42	1	T04	3	split	0.20412942643439014	0.32103501217857311	-0.20412942643439014	-0.32103501217857311	0.11690558574418297	-0.20412942643439014	-0.32103501217857311	0
q4	9	R42	1	T05	4	split	0.29905638444018312	0.43110898400520792	-0.29905638444018312	-0.43110898400520792	0.1320525995650248	-0.29905638444018312	-0.43110898400520792	0
q4	10	R43	2	T01	0	split	0.2071336350459162	0.29960237215458529	-0.2071336350459162	-0.29960237215458529	0.092468737108669097	-0.2071336350459162	-0.29960237215458529	0
q4	11	R43	2	T02	1	split	0.19703576586884877	0.29598276316995098	-0.19703576586884877	-0.29598276316995098	0.098946997301102207	-0.19703576586884877	-0.29598276316995098	0
q4	12	R43	2	T03	2	split	0.24414495235102773	0.3634746156121848	-0.24414495235102773	-0.3634746156121848	0.11932966326115707	-0.24414495235102773	-0.3634746156121848	0
q4	13	R43	2	T04	3	split	0.16654529388633615	0.2812155084149417	-0.16654529388633615	-0.2812155084149417	0.11467021452860554	-0.16654529388633615	-0.2812155084149417	0
q4	14	R43	2	T05	4	split	0.27766559295049958	0.42491136549094422	-0.27766559295049958	-0.42491136549094422	0.14724577254044463	-0.27766559295049958	-0.42491136549094422	0
q4	15	R44	3	T01	0	split	0.19955099387459657	0.30460838894407205	-0.19955099387459657	-0.30460838894407205	0.10505739506947548	-0.19955099387459657	-0.30460838894407205	0
q4	16	R44	3	T02	1	split	0.18632061290479035	0.289136725019916	-0.18632061290479035	-0.289136725019916	0.10281611211512565	-0.18632061290479035	-0.289136725019916	0
q4	17	R44	3	T03	2	split	0.2468874815109407	0.36006468116915885	-0.2468874815109407	-0.36006468116915885	0.11317719965821815	-0.2468874815109407	-0.36006468116915885	0
q4	18	R44	3	T04	3	split	0.22312897085170214	0.30593778779042913	-0.22312897085170214	-0.30593778779042913	0.082808816938726992	-0.22312897085170214	-0.30593778779042913	0
q4	19	R44	3	T05	4	split	0.28140699934035024	0.40211393799189654	-0.28140699934035024	-0.40211393799189654	0.1207069386515463	-0.28140699934035024	-0.40211393799189654	0
q4	20	R45	4	T01	0	split	0.19705953292341544	0.30406370406271127	-0.19705953292341544	-0.30406370406271127	0.10700417113929583	-0.19705953292341544	-0.30406370406271127	0
q4	21	R45	4	T02	1	split	0.20904570733111597	0.30947087865419048	-0.20904570733111597	-0.30947087865419048	0.10042517132307452	-0.20904570733111597	-0.30947087865419048	0
q4	22	R45	4	T03	2	split	0.23540703000483548	0.34732206232655283	-0.23540703000483548	-0.34732206232655283	0.11191503232171734	-0.23540703000483548	-0.34732206232655283	0
q4	23	R45	4	T04	3	split	0.23910916609304925	0.37810333874949936	-0.23910916609304925	-0.37810333874949936	0.13899417265645012	-0.23910916609304925	-0.37810333874949936	0
q4	24	R45	4	T05	4	split	0.28825704194813506	0.42019752890209128	-0.28825704194813506	-0.42019752890209128	0.13194048695395622	-0.28825704194813506	-0.42019752890209128	0
q4	25	R46	5	T01	0	split	0.20610583079159622	0.31118947830675747	-0.20610583079159622	-0.31118947830675747	0.10508364751516125	-0.20610583079159622	-0.31118947830675747	0
q4	26	R46	5	T02	1	split	0.20566031016049938	0.30009151981344656	-0.20566031016049938	-0.30009151981344656	0.094431209652947184	-0.20566031016049938	-0.30009151981344656	0
q4	27	R46	5	T03	2	split	0.28012390566503376	0.42810249761060959	-0.28012390566503376	-0.42810249761060959	0.14797859194557583	-0.28012390566503376	-0.42810249761060959	0
q4	28	R46	5	T04	3	split	0.21166651567936587	0.33270893304165544	-0.21166651567936587	-0.33270893304165544	0.12104241736228957	-0.21166651567936587	-0.33270893304165544	0
q4	29	R46	5	T05	4	split	0.30554452272414634	0.44792263494854145	-0.30554452272414634	-0.44792263494854145	0.14237811222439511	-0.30554452272414634	-0.44792263494854145	0
q4	30	R47	6	T01	0	split	0.2679201362837863	0.40349046759219698	-0.2679201362837863	-0.40349046759219698	0.13557033130841067	-0.2679201362837863	-0.40349046759219698	0
q4	31	R47	6	T02	1	split	0.2451471054208833	0.3596981727320504	-0.2451471054208833	-0.3596981727320504	0.1145510673111671	-0.2451471054208833	-0.3596981727320504	0
q4	32	R47	6	T03	2	split	0.30759244491837895	0.45936953166013489	-0.30759244491837895	-0.45936953166013489	0.15177708674175594	-0.30759244491837895	-0.45936953166013489	0
q4	33	R47	6	T04	3	split	0.28778514754486029	0.48059065410426949	-0.28778514754486029	-0.48059065410426949	0.1928055065594092	-0.28778514754486029	-0.48059065410426949	0
q4	34	R47	6	T05	4	split	0.31808192039380567	0.4733473032541855	-0.31808192039380567	-0.4733473032541855	0.15526538286037983	-0.31808192039380567	-0.4733473032541855	0
q4	35	R48	7	T01	0	split	0.23377153875061663	0.34169987321198808	-0.23377153875061663	-0.34169987321198808	0.10792833446137146	-0.23377153875061663	-0.34169987321198808	0
q4	36	R48	7	T02	1	split	0.21673863466560192	0.32355790091515424	-0.21673863466560192	-0.32355790091515424	0.10681926624955232	-0.21673863466560192	-0.32355790091515424	0
q4	37	R48	7	T03	2	split	0.26990316127728176	0.39323997993906751	-0.26990316127728176	-0.39323997993906751	0.12333681866178575	-0.26990316127728176	-0.39323997993906751	0
q4	38	R48	7	T04	3	split	0.20348756779992747	0.33913146616528911	-0.20348756779992747	-0.33913146616528911	0.13564389836536164	-0.20348756779992747	-0.33913146616528911	0
q4	39	R48	7	T05	4	split	0.31568281033494328	0.44408674430043305	-0.31568281033494328	-0.44408674430043305	0.12840393396548977	-0.31568281033494328	-0.44408674430043305	0
q4	0	R41	0	T01	0	rotation	0.22339547712525212	0.34528582200712171	-0.22339547712525212	-0.34528582200712171	0.12189034488186959	-0.22339547712525212	-0.34528582200712171	0
q4	1	R41	0	T02	1	rotation	0.21800791471642031	0.33011950736193646	-0.21800791471642031	-0.33011950736193646	0.11211159264551615	-0.21800791471642031	-0.33011950736193646	0
q4	2	R41	0	T03	2	rotation	0.28605307163778509	0.43841432650432494	-0.28605307163778509	-0.43841432650432494	0.15236125486653984	-0.28605307163778509	-0.43841432650432494	0
q4	3	R41	0	T04	3	rotation	0.22596332382469977	0.3683771454279503	-0.22596332382469977	-0.3683771454279503	0.14241382160325053	-0.22596332382469977	-0.3683771454279503	0
q4	4	R41	0	T05	4	rotation	0.30256866729628479	0.43995045042574071	-0.30256866729628479	-0.43995045042574071	0.13738178312945593	-0.30256866729628479	-0.43995045042574071	0
q4	5	R42	1	T01	0	rotation	0.20849964917705341	0.3069521983550636	-0.20849964917705341	-0.3069521983550636	0.09845254917801019	-0.20849964917705341	-0.3069521983550636	0
q4	6	R42	1	T02	1	rotation	0.21005389726813165	0.31785803055733847	-0.21005389726813165	-0.31785803055733847	0.10780413328920682	-0.21005389726813165	-0.31785803055733847	0
q4	7	R42	1	T03	2	rotation	0.24370320310573934	0.3753176965808489	-0.24370320310573934	-0.3753176965808489	0.13161449347510956	-0.24370320310573934	-0.3753176965808489	0
q4	8	R42	1	T04	3	rotation	0.18854384710287944	0.31111855796764049	-0.18854384710287944	-0.31111855796764049	0.12257471086476104	-0.18854384710287944	-0.31111855796764049	0
q4	9	R42	1	T05	4	rotation	0.28901449413125396	0.41782679606637191	-0.28901449413125396	-0.41782679606637191	0.12881230193511795	-0.28901449413125396	-0.41782679606637191	0
q4	10	R43	2	T01	0	rotation	0.20007638466027222	0.29323159929125581	-0.20007638466027222	-0.29323159929125581	0.093155214630983585	-0.20007638466027222	-0.29323159929125581	0
q4	11	R43	2	T02	1	rotation	0.19864222612070168	0.29903052368369515	-0.19864222612070168	-0.29903052368369515	0.10038829756299347	-0.19864222612070168	-0.29903052368369515	0
q4	12	R43	2	T03	2	rotation	0.23821667846982697	0.35124498328326575	-0.23821667846982697	-0.35124498328326575	0.11302830481343878	-0.23821667846982697	-0.35124498328326575	0
q4	13	R43	2	T04	3	rotation	0.19336675247152588	0.31349940404348425	-0.19336675247152588	-0.31349940404348425	0.12013265157195838	-0.19336675247152588	-0.31349940404348425	0
q4	14	R43	2	T05	4	rotation	0.27184955240388242	0.41786864426229942	-0.27184955240388242	-0.41786864426229942	0.14601909185841699	-0.27184955240388242	-0.41786864426229942	0
q4	15	R44	3	T01	0	rotation	0.21526703927946786	0.32672231718923667	-0.21526703927946786	-0.32672231718923667	0.11145527790976881	-0.21526703927946786	-0.32672231718923667	0
q4	16	R44	3	T02	1	rotation	0.19159421493648218	0.29432220556799815	-0.19159421493648218	-0.29432220556799815	0.10272799063151597	-0.19159421493648218	-0.29432220556799815	0
q4	17	R44	3	T03	2	rotation	0.24492949763921731	0.36387235705286153	-0.24492949763921731	-0.36387235705286153	0.11894285941364421	-0.24492949763921731	-0.36387235705286153	0
q4	18	R44	3	T04	3	rotation	0.21481388691270886	0.3250879234006947	-0.21481388691270886	-0.3250879234006947	0.11027403648798584	-0.21481388691270886	-0.3250879234006947	0
q4	19	R44	3	T05	4	rotation	0.27314904249044969	0.40655188460738506	-0.27314904249044969	-0.40655188460738506	0.13340284211693537	-0.27314904249044969	-0.40655188460738506	0
q4	20	R45	4	T01	0	rotation	0.19134934409477636	0.28853594365671403	-0.19134934409477636	-0.28853594365671403	0.097186599561937675	-0.19134934409477636	-0.28853594365671403	0
q4	21	R45	4	T02	1	rotation	0.20155467655404177	0.30005532439059879	-0.20155467655404177	-0.30005532439059879	0.098500647836557015	-0.20155467655404177	-0.30005532439059879	0
q4	22	R45	4	T03	2	rotation	0.23656975179775008	0.35398716850047568	-0.23656975179775008	-0.35398716850047568	0.1174174167027256	-0.23656975179775008	-0.35398716850047568	0
q4	23	R45	4	T04	3	rotation	0.24372385152711548	0.37560536383358029	-0.24372385152711548	-0.37560536383358029	0.1318815123064648	-0.24372385152711548	-0.37560536383358029	0
q4	24	R45	4	T05	4	rotation	0.26837010519087051	0.40097654416228412	-0.26837010519087051	-0.40097654416228412	0.13260643897141361	-0.26837010519087051	-0.40097654416228412	0
q4	25	R46	5	T01	0	rotation	0.21569266948895063	0.33460644109329157	-0.21569266948895063	-0.33460644109329157	0.11891377160434094	-0.21569266948895063	-0.33460644109329157	0
q4	26	R46	5	T02	1	rotation	0.21155859755324424	0.31232405734361296	-0.21155859755324424	-0.31232405734361296	0.10076545979036872	-0.21155859755324424	-0.31232405734361296	0
q4	27	R46	5	T03	2	rotation	0.26693927045036009	0.40686394803365494	-0.26693927045036009	-0.40686394803365494	0.13992467758329485	-0.26693927045036009	-0.40686394803365494	0
q4	28	R46	5	T04	3	rotation	0.20683138164018086	0.33957745565611813	-0.20683138164018086	-0.33957745565611813	0.13274607401593727	-0.20683138164018086	-0.33957745565611813	0
q4	29	R46	5	T05	4	rotation	0.29378742327001112	0.43426704740936134	-0.29378742327001112	-0.43426704740936134	0.14047962413935022	-0.29378742327001112	-0.43426704740936134	0
q4	30	R47	6	T01	0	rotation	0.26247950669101855	0.3904969217785263	-0.26247950669101855	-0.3904969217785263	0.12801741508750775	-0.26247950669101855	-0.3904969217785263	0
q4	31	R47	6	T02	1	rotation	0.25783819139395442	0.38721498283117906	-0.25783819139395442	-0.38721498283117906	0.12937679143722464	-0.25783819139395442	-0.38721498283117906	0
q4	32	R47	6	T03	2	rotation	0.30004632847224744	0.44508891708806209	-0.30004632847224744	-0.44508891708806209	0.14504258861581465	-0.30004632847224744	-0.44508891708806209	0
q4	33	R47	6	T04	3	rotation	0.27579219864125776	0.48616521481816816	-0.27579219864125776	-0.48616521481816816	0.2103730161769104	-0.27579219864125776	-0.48616521481816816	0
q4	34	R47	6	T05	4	rotation	0.30676814888929965	0.46798253918264304	-0.30676814888929965	-0.46798253918264304	0.16121439029334339	-0.30676814888929965	-0.46798253918264304	0
q4	35	R48	7	T01	0	rotation	0.23047179731365386	0.34540754105360044	-0.23047179731365386	-0.34540754105360044	0.11493574373994658	-0.23047179731365386	-0.34540754105360044	0
q4	36	R48	7	T02	1	rotation	0.21651282224447588	0.32439892058439418	-0.21651282224447588	-0.32439892058439418	0.1078860983399183	-0.21651282224447588	-0.32439892058439418	0
q4	37	R48	7	T03	2	rotation	0.26901441760658806	0.40720951647341624	-0.26901441760658806	-0.40720951647341624	0.13819509886682818	-0.26901441760658806	-0.40720951647341624	0
q4	38	R48	7	T04	3	rotation	0.20355451659897669	0.32189940662236699	-0.20355451659897669	-0.32189940662236699	0.1183448900233903	-0.20355451659897669	-0.32189940662236699	0
q4	39	R48	7	T05	4	rotation	0.3031112215900989	0.44003340287732429	-0.3031112215900989	-0.44003340287732429	0.13692218128722539	-0.3031112215900989	-0.44003340287732429	0
q5	0	R41	0	T01	0	shared	0.14962566904563082	0.11937831120315781	-0.14962566904563082	-0.11937831120315781	-0.030247357842473011	-0.14962566904563082	-0.11937831120315781	0
q5	1	R41	0	T02	1	shared	0.1461298130889534	0.11511329406761819	-0.1461298130889534	-0.11511329406761819	-0.031016519021335204	-0.1461298130889534	-0.11511329406761819	0
q5	2	R41	0	T03	2	shared	0.19446307983519059	0.16238394239042855	-0.19446307983519059	-0.16238394239042855	-0.03207913744476204	-0.19446307983519059	-0.16238394239042855	0
q5	3	R41	0	T04	3	shared	0.14599883516597587	0.12477827846193718	-0.14599883516597587	-0.12477827846193718	-0.02122055670403869	-0.14599883516597587	-0.12477827846193718	0
q5	4	R41	0	T05	4	shared	0.21107275784566229	0.17062901018948445	-0.21107275784566229	-0.17062901018948445	-0.040443747656177836	-0.21107275784566229	-0.17062901018948445	0
q5	5	R42	1	T01	0	shared	0.14426466196132154	0.11661354283788013	-0.14426466196132154	-0.11661354283788013	-0.027651119123441412	-0.14426466196132154	-0.11661354283788013	0
q5	6	R42	1	T02	1	shared	0.14333762278491941	0.11601648355443919	-0.14333762278491941	-0.11601648355443919	-0.027321139230480213	-0.14333762278491941	-0.11601648355443919	0
q5	7	R42	1	T03	2	shared	0.16406201614961829	0.13450022497085182	-0.16406201614961829	-0.13450022497085182	-0.029561791178766478	-0.16406201614961829	-0.13450022497085182	0
q5	8	R42	1	T04	3	shared	0.11757851304999059	0.097739045932993013	-0.11757851304999059	-0.097739045932993013	-0.019839467116997578	-0.11757851304999059	-0.097739045932993013	0
q5	9	R42	1	T05	4	shared	0.19988234399148957	0.15131537225485375	-0.19988234399148957	-0.15131537225485375	-0.048566971736635822	-0.19988234399148957	-0.15131537225485375	0
q5	10	R43	2	T01	0	shared	0.13628463660827317	0.10274172954976034	-0.13628463660827317	-0.10274172954976034	-0.03354290705851283	-0.13628463660827317	-0.10274172954976034	0
q5	11	R43	2	T02	1	shared	0.13275852290927095	0.10224245558303451	-0.13275852290927095	-0.10224245558303451	-0.030516067326236448	-0.13275852290927095	-0.10224245558303451	0
q5	12	R43	2	T03	2	shared	0.16055364768688027	0.11679604852754022	-0.16055364768688027	-0.11679604852754022	-0.043757599159340049	-0.16055364768688027	-0.11679604852754022	0
q5	13	R43	2	T04	3	shared	0.12328958394533082	0.1160650256388366	-0.12328958394533082	-0.1160650256388366	-0.0072245583064942248	-0.12328958394533082	-0.1160650256388366	0
q5	14	R43	2	T05	4	shared	0.18581968199878068	0.15991000993575638	-0.18581968199878068	-0.15991000993575638	-0.025909672063024303	-0.18581968199878068	-0.15991000993575638	0
q5	15	R44	3	T01	0	shared	0.14551025945069246	0.1129440219471218	-0.14551025945069246	-0.1129440219471218	-0.032566237503570655	-0.14551025945069246	-0.1129440219471218	0
q5	16	R44	3	T02	1	shared	0.1282951227850008	0.10548138752942604	-0.1282951227850008	-0.10548138752942604	-0.022813735255574757	-0.1282951227850008	-0.10548138752942604	0
q5	17	R44	3	T03	2	shared	0.16588715137846913	0.12570349686942711	-0.16588715137846913	-0.12570349686942711	-0.040183654509042016	-0.16588715137846913	-0.12570349686942711	0
q5	18	R44	3	T04	3	shared	0.14402108816743817	0.12303831245068662	-0.14402108816743817	-0.12303831245068662	-0.020982775716751542	-0.14402108816743817	-0.12303831245068662	0
q5	19	R44	3	T05	4	shared	0.18498536382530997	0.14182227483430071	-0.18498536382530997	-0.14182227483430071	-0.043163088991009263	-0.18498536382530997	-0.14182227483430071	0
q5	20	R45	4	T01	0	shared	0.12802640069142035	0.096914960386153992	-0.12802640069142035	-0.096914960386153992	-0.031111440305266358	-0.12802640069142035	-0.096914960386153992	0
q5	21	R45	4	T02	1	shared	0.13624089907814815	0.10268274892943241	-0.13624089907814815	-0.10268274892943241	-0.033558150148715743	-0.13624089907814815	-0.10268274892943241	0
q5	22	R45	4	T03	2	shared	0.15820196866209985	0.12058346288900991	-0.15820196866209985	-0.12058346288900991	-0.037618505773089936	-0.15820196866209985	-0.12058346288900991	0
q5	23	R45	4	T04	3	shared	0.1651878568858981	0.1294582560822945	-0.1651878568858981	-0.1294582560822945	-0.035729600803603601	-0.1651878568858981	-0.1294582560822945	0
q5	24	R45	4	T05	4	shared	0.18250372844821661	0.14439429603109932	-0.18250372844821661	-0.14439429603109932	-0.038109432417117284	-0.18250372844821661	-0.14439429603109932	0
q5	25	R46	5	T01	0	shared	0.14397453448974246	0.11655107489064719	-0.14397453448974246	-0.11655107489064719	-0.027423459599095271	-0.14397453448974246	-0.11655107489064719	0
q5	26	R46	5	T02	1	shared	0.14345776855890122	0.10898634121503201	-0.14345776855890122	-0.10898634121503201	-0.03447142734386921	-0.14345776855890122	-0.10898634121503201	0
q5	27	R46	5	T03	2	shared	0.18047907120357712	0.14709775433654654	-0.18047907120357712	-0.14709775433654654	-0.03338131686703058	-0.18047907120357712	-0.14709775433654654	0
q5	28	R46	5	T04	3	shared	0.12997728547413429	0.10617005891218628	-0.12997728547413429	-0.10617005891218628	-0.023807226561948003	-0.12997728547413429	-0.10617005891218628	0
q5	29	R46	5	T05	4	shared	0.20084214071546944	0.15525245496910692	-0.20084214071546944	-0.15525245496910692	-0.045589685746362518	-0.20084214071546944	-0.15525245496910692	0
q5	30	R47	6	T01	0	shared	0.18406887136057509	0.15484364345687096	-0.18406887136057509	-0.15484364345687096	-0.029225227903704132	-0.18406887136057509	-0.15484364345687096	0
q5	31	R47	6	T02	1	shared	0.17857695078927247	0.15275494114740493	-0.17857695078927247	-0.15275494114740493	-0.025822009641867538	-0.17857695078927247	-0.15275494114740493	0
q5	32	R47	6	T03	2	shared	0.20822675305418961	0.16793489229841829	-0.20822675305418961	-0.16793489229841829	-0.040291860755771319	-0.20822675305418961	-0.16793489229841829	0
q5	33	R47	6	T04	3	shared	0.1939502778004997	0.22160598563612757	-0.1939502778004997	-0.22160598563612757	0.027655707835627874	-0.1939502778004997	-0.22160598563612757	0
q5	34	R47	6	T05	4	shared	0.2082417319904008	0.17056667968300246	-0.2082417319904008	-0.17056667968300246	-0.037675052307398343	-0.2082417319904008	-0.17056667968300246	0
q5	35	R48	7	T01	0	shared	0.15598530193561516	0.12231588779508572	-0.15598530193561516	-0.12231588779508572	-0.033669414140529444	-0.15598530193561516	-0.12231588779508572	0
q5	36	R48	7	T02	1	shared	0.14544667410581569	0.11234538136497743	-0.14544667410581569	-0.11234538136497743	-0.033101292740838256	-0.14544667410581569	-0.11234538136497743	0
q5	37	R48	7	T03	2	shared	0.18422518636001384	0.15194965442099218	-0.18422518636001384	-0.15194965442099218	-0.032275531939021662	-0.18422518636001384	-0.15194965442099218	0
q5	38	R48	7	T04	3	shared	0.13199368830799163	0.10361177912666129	-0.13199368830799163	-0.10361177912666129	-0.028381909181330336	-0.13199368830799163	-0.10361177912666129	0
q5	39	R48	7	T05	4	shared	0.20917084915855513	0.15707114072224812	-0.20917084915855513	-0.15707114072224812	-0.052099708436307013	-0.20917084915855513	-0.15707114072224812	0
q5	0	R41	0	T01	0	split	0.22305451194862175	0.34602723407931557	-0.22305451194862175	-0.34602723407931557	0.12297272213069382	-0.22305451194862175	-0.34602723407931557	0
q5	1	R41	0	T02	1	split	0.21800037375483727	0.33435209225272783	-0.21800037375483727	-0.33435209225272783	0.11635171849789055	-0.21800037375483727	-0.33435209225272783	0
q5	2	R41	0	T03	2	split	0.29137652274996728	0.43418595458133835	-0.29137652274996728	-0.43418595458133835	0.14280943183137107	-0.29137652274996728	-0.43418595458133835	0
q5	3	R41	0	T04	3	split	0.20252213510635017	0.31236705861331554	-0.20252213510635017	-0.31236705861331554	0.10984492350696537	-0.20252213510635017	-0.31236705861331554	0
q5	4	R41	0	T05	4	split	0.30720702431487718	0.45454228899190569	-0.30720702431487718	-0.45454228899190569	0.14733526467702851	-0.30720702431487718	-0.45454228899190569	0
q5	5	R42	1	T01	0	split	0.20060716559219122	0.2904052778675173	-0.20060716559219122	-0.2904052778675173	0.089798112275326081	-0.20060716559219122	-0.2904052778675173	0
q5	6	R42	1	T02	1	split	0.22450595556104522	0.32111937764547549	-0.22450595556104522	-0.32111937764547549	0.096613422084430273	-0.22450595556104522	-0.32111937764547549	0
q5	7	R42	1	T03	2	split	0.25093736024463265	0.38763088085270947	-0.25093736024463265	-0.38763088085270947	0.13669352060807682	-0.25093736024463265	-0.38763088085270947	0
q5	8	R42	1	T04	3	split	0.20412942643439014	0.3327746599737868	-0.20412942643439014	-0.3327746599737868	0.12864523353939666	-0.20412942643439014	-0.3327746599737868	0
q5	9	R42	1	T05	4	split	0.29905638444018312	0.43314748624381483	-0.29905638444018312	-0.43314748624381483	0.13409110180363171	-0.29905638444018312	-0.43314748624381483	0
q5	10	R43	2	T01	0	split	0.2071336350459162	0.29937408650815528	-0.2071336350459162	-0.29937408650815528	0.092240451462239081	-0.2071336350459162	-0.29937408650815528	0
q5	11	R43	2	T02	1	split	0.19703576586884877	0.2978627541371287	-0.19703576586884877	-0.2978627541371287	0.10082698826827993	-0.19703576586884877	-0.2978627541371287	0
q5	12	R43	2	T03	2	split	0.24414495235102773	0.36470919498974297	-0.24414495235102773	-0.36470919498974297	0.12056424263871524	-0.24414495235102773	-0.36470919498974297	0
q5	13	R43	2	T04	3	split	0.16654529388633615	0.29753856494480713	-0.16654529388633615	-0.29753856494480713	0.13099327105847097	-0.16654529388633615	-0.29753856494480713	0
q5	14	R43	2	T05	4	split	0.27766559295049958	0.42654947570077351	-0.27766559295049958	-0.42654947570077351	0.14888388275027392	-0.27766559295049958	-0.42654947570077351	0
q5	15	R44	3	T01	0	split	0.19955099387459657	0.31166617983684464	-0.19955099387459657	-0.31166617983684464	0.11211518596224807	-0.19955099387459657	-0.31166617983684464	0
q5	16	R44	3	T02	1	split	0.18632061290479035	0.28929912107810718	-0.18632061290479035	-0.28929912107810718	0.10297850817331683	-0.18632061290479035	-0.28929912107810718	0
q5	17	R44	3	T03	2	split	0.2468874815109407	0.35825846292022134	-0.2468874815109407	-0.35825846292022134	0.11137098140928064	-0.2468874815109407	-0.35825846292022134	0
q5	18	R44	3	T04	3	split	0.22312897085170214	0.3221570557722363	-0.22312897085170214	-0.3221570557722363	0.099028084920534165	-0.22312897085170214	-0.3221570557722363	0
q5	19	R44	3	T05	4	split	0.28140699934035024	0.40091019537727962	-0.28140699934035024	-0.40091019537727962	0.11950319603692938	-0.28140699934035024	-0.40091019537727962	0
q5	20	R45	4	T01	0	split	0.19705953292341544	0.30493867516833939	-0.19705953292341544	-0.30493867516833939	0.10787914224492395	-0.19705953292341544	-0.30493867516833939	0
q5	21	R45	4	T02	1	split	0.20904570733111597	0.30887250816639816	-0.20904570733111597	-0.30887250816639816	0.099826800835282198	-0.20904570733111597	-0.30887250816639816	0
q5	22	R45	4	T03	2	split	0.23540703000483548	0.34719907612169315	-0.23540703000483548	-0.34719907612169315	0.11179204611685767	-0.23540703000483548	-0.34719907612169315	0
q5	23	R45	4	T04	3	split	0.23910916609304925	0.3720885728964311	-0.23910916609304925	-0.3720885728964311	0.13297940680338186	-0.23910916609304925	-0.3720885728964311	0
q5	24	R45	4	T05	4	split	0.28825704194813506	0.42398587073317895	-0.28825704194813506	-0.42398587073317895	0.13572882878504389	-0.28825704194813506	-0.42398587073317895	0
q5	25	R46	5	T01	0	split	0.20610583079159622	0.31145638447000695	-0.20610583079159622	-0.31145638447000695	0.10535055367841073	-0.20610583079159622	-0.31145638447000695	0
q5	26	R46	5	T02	1	split	0.20566031016049938	0.30266857663440805	-0.20566031016049938	-0.30266857663440805	0.097008266473908672	-0.20566031016049938	-0.30266857663440805	0
q5	27	R46	5	T03	2	split	0.28012390566503376	0.42739416162680421	-0.28012390566503376	-0.42739416162680421	0.14727025596177046	-0.28012390566503376	-0.42739416162680421	0
q5	28	R46	5	T04	3	split	0.21166651567936587	0.33044241461758878	-0.21166651567936587	-0.33044241461758878	0.11877589893822291	-0.21166651567936587	-0.33044241461758878	0
q5	29	R46	5	T05	4	split	0.30554452272414634	0.44956700635213942	-0.30554452272414634	-0.44956700635213942	0.14402248362799308	-0.30554452272414634	-0.44956700635213942	0
q5	30	R47	6	T01	0	split	0.2679201362837863	0.40363426382733281	-0.2679201362837863	-0.40363426382733281	0.1357141275435465	-0.2679201362837863	-0.40363426382733281	0
q5	31	R47	6	T02	1	split	0.2451471054208833	0.36035096696194513	-0.2451471054208833	-0.36035096696194513	0.11520386154106182	-0.2451471054208833	-0.36035096696194513	0
q5	32	R47	6	T03	2	split	0.30759244491837895	0.46134828971779951	-0.30759244491837895	-0.46134828971779951	0.15375584479942056	-0.30759244491837895	-0.46134828971779951	0
q5	33	R47	6	T04	3	split	0.28778514754486029	0.44606970608740382	-0.28778514754486029	-0.44606970608740382	0.15828455854254353	-0.28778514754486029	-0.44606970608740382	0
q5	34	R47	6	T05	4	split	0.31808192039380567	0.47508781717293497	-0.31808192039380567	-0.47508781717293497	0.15700589677912929	-0.31808192039380567	-0.47508781717293497	0
q5	35	R48	7	T01	0	split	0.23377153875061663	0.34395857845312822	-0.23377153875061663	-0.34395857845312822	0.11018703970251159	-0.23377153875061663	-0.34395857845312822	0
q5	36	R48	7	T02	1	split	0.21673863466560192	0.32447485928213898	-0.21673863466560192	-0.32447485928213898	0.10773622461653706	-0.21673863466560192	-0.32447485928213898	0
q5	37	R48	7	T03	2	split	0.26990316127728176	0.39409993998872556	-0.26990316127728176	-0.39409993998872556	0.1241967787114438	-0.26990316127728176	-0.39409993998872556	0
q5	38	R48	7	T04	3	split	0.20348756779992747	0.34593142942105681	-0.20348756779992747	-0.34593142942105681	0.14244386162112935	-0.20348756779992747	-0.34593142942105681	0
q5	39	R48	7	T05	4	split	0.31568281033494328	0.44664575169469017	-0.31568281033494328	-0.44664575169469017	0.1309629413597469	-0.31568281033494328	-0.44664575169469017	0
q5	0	R41	0	T01	0	rotation	0.22339547712525212	0.34328066445376243	-0.22339547712525212	-0.34328066445376243	0.11988518732851031	-0.22339547712525212	-0.34328066445376243	0
q5	1	R41	0	T02	1	rotation	0.21800791471642031	0.33088158869929124	-0.21800791471642031	-0.33088158869929124	0.11287367398287093	-0.21800791471642031	-0.33088158869929124	0
q5	2	R41	0	T03	2	rotation	0.28605307163778509	0.43854397967243131	-0.28605307163778509	-0.43854397967243131	0.15249090803464621	-0.28605307163778509	-0.43854397967243131	0
q5	3	R41	0	T04	3	rotation	0.22596332382469977	0.37255982843028396	-0.22596332382469977	-0.37255982843028396	0.14659650460558418	-0.22596332382469977	-0.37255982843028396	0
q5	4	R41	0	T05	4	rotation	0.30256866729628479	0.44589720610232925	-0.30256866729628479	-0.44589720610232925	0.14332853880604446	-0.30256866729628479	-0.44589720610232925	0
q5	5	R42	1	T01	0	rotation	0.20849964917705341	0.31006049659739759	-0.20849964917705341	-0.31006049659739759	0.10156084742034419	-0.20849964917705341	-0.31006049659739759	0
q5	6	R42	1	T02	1	rotation	0.21005389726813165	0.31698152640312399	-0.21005389726813165	-0.31698152640312399	0.10692762913499235	-0.21005389726813165	-0.31698152640312399	0
q5	7	R42	1	T03	2	rotation	0.24370320310573934	0.37389894446426347	-0.24370320310573934	-0.37389894446426347	0.13019574135852413	-0.24370320310573934	-0.37389894446426347	0
q5	8	R42	1	T04	3	rotation	0.18854384710287944	0.31334602945279216	-0.18854384710287944	-0.31334602945279216	0.12480218234991272	-0.18854384710287944	-0.31334602945279216	0
q5	9	R42	1	T05	4	rotation	0.28901449413125396	0.41916012273747799	-0.28901449413125396	-0.41916012273747799	0.13014562860622403	-0.28901449413125396	-0.41916012273747799	0
q5	10	R43	2	T01	0	rotation	0.20007638466027222	0.29483913478389329	-0.20007638466027222	-0.29483913478389329	0.094762750123621065	-0.20007638466027222	-0.29483913478389329	0
q5	11	R43	2	T02	1	rotation	0.19864222612070168	0.30030019754405163	-0.19864222612070168	-0.30030019754405163	0.10165797142334995	-0.19864222612070168	-0.30030019754405163	0
q5	12	R43	2	T03	2	rotation	0.23821667846982697	0.35130224990481645	-0.23821667846982697	-0.35130224990481645	0.11308557143498948	-0.23821667846982697	-0.35130224990481645	0
q5	13	R43	2	T04	3	rotation	0.19336675247152588	0.3297151541652073	-0.19336675247152588	-0.3297151541652073	0.13634840169368143	-0.19336675247152588	-0.3297151541652073	0
q5	14	R43	2	T05	4	rotation	0.27184955240388242	0.41924713985643125	-0.27184955240388242	-0.41924713985643125	0.14739758745254883	-0.27184955240388242	-0.41924713985643125	0
q5	15	R44	3	T01	0	rotation	0.21526703927946786	0.32615419880373153	-0.21526703927946786	-0.32615419880373153	0.11088715952426367	-0.21526703927946786	-0.32615419880373153	0
q5	16	R44	3	T02	1	rotation	0.19159421493648218	0.29609982196448809	-0.19159421493648218	-0.29609982196448809	0.1045056070280059	-0.19159421493648218	-0.29609982196448809	0
q5	17	R44	3	T03	2	rotation	0.24492949763921731	0.36345322590654988	-0.24492949763921731	-0.36345322590654988	0.11852372826733257	-0.24492949763921731	-0.36345322590654988	0
q5	18	R44	3	T04	3	rotation	0.21481388691270886	0.33831792462045879	-0.21481388691270886	-0.33831792462045879	0.12350403770774993	-0.21481388691270886	-0.33831792462045879	0
q5	19	R44	3	T05	4	rotation	0.27314904249044969	0.40695827761487746	-0.27314904249044969	-0.40695827761487746	0.13380923512442777	-0.27314904249044969	-0.40695827761487746	0
q5	20	R45	4	T01	0	rotation	0.19134934409477636	0.28915924628858852	-0.19134934409477636	-0.28915924628858852	0.097809902193812165	-0.19134934409477636	-0.28915924628858852	0
q5	21	R45	4	T02	1	rotation	0.20155467655404177	0.30000937690262336	-0.20155467655404177	-0.30000937690262336	0.098454700348581586	-0.20155467655404177	-0.30000937690262336	0
q5	22	R45	4	T03	2	rotation	0.23656975179775008	0.3567499423227356	-0.23656975179775008	-0.3567499423227356	0.12018019052498552	-0.23656975179775008	-0.3567499423227356	0
q5	23	R45	4	T04	3	rotation	0.24372385152711548	0.36883684306621917	-0.24372385152711548	-0.36883684306621917	0.12511299153910369	-0.24372385152711548	-0.36883684306621917	0
q5	24	R45	4	T05	4	rotation	0.26837010519087051	0.40344306357422904	-0.26837010519087051	-0.40344306357422904	0.13507295838335853	-0.26837010519087051	-0.40344306357422904	0
q5	25	R46	5	T01	0	rotation	0.21569266948895063	0.33396340399035646	-0.21569266948895063	-0.33396340399035646	0.11827073450140582	-0.21569266948895063	-0.33396340399035646	0
q5	26	R46	5	T02	1	rotation	0.21155859755324424	0.31481351429585808	-0.21155859755324424	-0.31481351429585808	0.10325491674261383	-0.21155859755324424	-0.31481351429585808	0
q5	27	R46	5	T03	2	rotation	0.26693927045036009	0.40676520739834027	-0.26693927045036009	-0.40676520739834027	0.13982593694798018	-0.26693927045036009	-0.40676520739834027	0
q5	28	R46	5	T04	3	rotation	0.20683138164018086	0.33800203228970727	-0.20683138164018086	-0.33800203228970727	0.1311706506495264	-0.20683138164018086	-0.33800203228970727	0
q5	29	R46	5	T05	4	rotation	0.29378742327001112	0.43483142603750519	-0.29378742327001112	-0.43483142603750519	0.14104400276749407	-0.29378742327001112	-0.43483142603750519	0
q5	30	R47	6	T01	0	rotation	0.26247950669101855	0.39197785506897737	-0.26247950669101855	-0.39197785506897737	0.12949834837795882	-0.26247950669101855	-0.39197785506897737	0
q5	31	R47	6	T02	1	rotation	0.25783819139395442	0.39235061435177848	-0.25783819139395442	-0.39235061435177848	0.13451242295782406	-0.25783819139395442	-0.39235061435177848	0
q5	32	R47	6	T03	2	rotation	0.30004632847224744	0.44500635156469331	-0.30004632847224744	-0.44500635156469331	0.14496002309244588	-0.30004632847224744	-0.44500635156469331	0
q5	33	R47	6	T04	3	rotation	0.27579219864125776	0.46759111423482014	-0.27579219864125776	-0.46759111423482014	0.19179891559356238	-0.27579219864125776	-0.46759111423482014	0
q5	34	R47	6	T05	4	rotation	0.30676814888929965	0.46696774277371067	-0.30676814888929965	-0.46696774277371067	0.16019959388441102	-0.30676814888929965	-0.46696774277371067	0
q5	35	R48	7	T01	0	rotation	0.23047179731365386	0.34702667959389211	-0.23047179731365386	-0.34702667959389211	0.11655488228023825	-0.23047179731365386	-0.34702667959389211	0
q5	36	R48	7	T02	1	rotation	0.21651282224447588	0.32994916450959255	-0.21651282224447588	-0.32994916450959255	0.11343634226511667	-0.21651282224447588	-0.32994916450959255	0
q5	37	R48	7	T03	2	rotation	0.26901441760658806	0.40759503526824642	-0.26901441760658806	-0.40759503526824642	0.13858061766165836	-0.26901441760658806	-0.40759503526824642	0
q5	38	R48	7	T04	3	rotation	0.20355451659897669	0.31865891188423029	-0.20355451659897669	-0.31865891188423029	0.1151043952852536	-0.20355451659897669	-0.31865891188423029	0
q5	39	R48	7	T05	4	rotation	0.3031112215900989	0.44119828794136101	-0.3031112215900989	-0.44119828794136101	0.13808706635126211	-0.3031112215900989	-0.44119828794136101	0
