task_index	task	depth	allocation	model	view	Cobs	Cpred	Cmodel	standardized_MSE	raw_RMSE	perturbation_centred_Pearson	centroid_accuracy
0	BAK1+KLF1	8	0	selected_CPA	roles	0	0	0	0.022750751097408102	0.068007337962856	0.7786846847376435	0.9814814814814815
0	BAK1+KLF1	8	0	selected_CPA	roles	0	0	1	0.020927507226978635	0.06480357300410965	0.8122675324100517	1.0
0	BAK1+KLF1	8	0	selected_CPA	roles	0	0	2	0.019364769609588675	0.0627655007656229	0.8358963917413637	0.9814814814814815
0	BAK1+KLF1	8	0	selected_CPA	roles	0	1	0	0.05504849336160856	0.10437745207151448	0.4622202612057502	0.9444444444444444
0	BAK1+KLF1	8	0	selected_CPA	roles	0	1	1	0.0483289488706522	0.0970319843770744	0.5050710984141954	0.9629629629629629
0	BAK1+KLF1	8	0	selected_CPA	roles	0	1	2	0.04937944376262283	0.09853133106774356	0.5117475906400089	0.9629629629629629
0	BAK1+KLF1	8	0	selected_CPA	roles	0	2	0	0.056983888717430375	0.10592950152550568	0.4290344605040811	0.9629629629629629
0	BAK1+KLF1	8	0	selected_CPA	roles	0	2	1	0.052670423052295204	0.10107559050363717	0.45812143019493895	0.9814814814814815
0	BAK1+KLF1	8	0	selected_CPA	roles	0	2	2	0.05027394808559444	0.09920147878926704	0.4844100854337816	0.9814814814814815
0	BAK1+KLF1	8	0	selected_CPA	roles	1	0	0	0.047899582606396755	0.09623399815511989	0.506867758120428	1.0
0	BAK1+KLF1	8	0	selected_CPA	roles	1	0	1	0.05097263935649417	0.0994456586499271	0.4921089436387268	1.0
0	BAK1+KLF1	8	0	selected_CPA	roles	1	0	2	0.04679666922974362	0.09526925967493514	0.529213125161517	1.0
0	BAK1+KLF1	8	0	selected_CPA	roles	1	1	0	0.022750751097408102	0.068007337962856	0.7786846847376435	0.9814814814814815
0	BAK1+KLF1	8	0	selected_CPA	roles	1	1	1	0.020927507226978635	0.06480357300410965	0.8122675324100517	1.0
0	BAK1+KLF1	8	0	selected_CPA	roles	1	1	2	0.019364769609588675	0.0627655007656229	0.8358963917413637	0.9814814814814815
0	BAK1+KLF1	8	0	selected_CPA	roles	1	2	0	0.05199208272710933	0.10058431745038564	0.4581552156709573	0.9814814814814815
0	BAK1+KLF1	8	0	selected_CPA	roles	1	2	1	0.05257491768250104	0.10082842944958599	0.4605298937078089	1.0
0	BAK1+KLF1	8	0	selected_CPA	roles	1	2	2	0.047565210206439695	0.0961135702490577	0.5024227852695206	1.0
0	BAK1+KLF1	8	0	selected_CPA	roles	2	0	0	0.04679271493841658	0.09455595244673114	0.5385074268203305	0.9814814814814815
0	BAK1+KLF1	8	0	selected_CPA	roles	2	0	1	0.04745969286269282	0.09536573050892731	0.5359515177018493	1.0
0	BAK1+KLF1	8	0	selected_CPA	roles	2	0	2	0.04673069259461365	0.09460430318808857	0.553967186656262	1.0
0	BAK1+KLF1	8	0	selected_CPA	roles	2	1	0	0.04894981970330734	0.09731723314320034	0.5236081861738561	0.9814814814814815
0	BAK1+KLF1	8	0	selected_CPA	roles	2	1	1	0.04472049700705669	0.09257692322035514	0.5529554436116583	0.9814814814814815
0	BAK1+KLF1	8	0	selected_CPA	roles	2	1	2	0.04660472924833812	0.09475785211114698	0.5542628866706492	0.9814814814814815
0	BAK1+KLF1	8	0	selected_CPA	roles	2	2	0	0.022750751097408102	0.068007337962856	0.7786846847376435	0.9814814814814815
0	BAK1+KLF1	8	0	selected_CPA	roles	2	2	1	0.020927507226978635	0.06480357300410965	0.8122675324100517	1.0
0	BAK1+KLF1	8	0	selected_CPA	roles	2	2	2	0.019364769609588675	0.0627655007656229	0.8358963917413637	0.9814814814814815
0	BAK1+KLF1	8	0	selected_CPA	direct_state	unused	unused	0	0.022750751097408102	0.068007337962856	0.7786846847376435	0.9814814814814815
0	BAK1+KLF1	8	0	selected_CPA	direct_state	unused	unused	1	0.020927507226978635	0.06480357300410965	0.8122675324100517	1.0
0	BAK1+KLF1	8	0	selected_CPA	direct_state	unused	unused	2	0.019364769609588675	0.0627655007656229	0.8358963917413637	0.9814814814814815
0	BAK1+KLF1	8	0	original_CPA_fixed	roles	0	0	0	0.02060770208667321	0.06794371769685714	0.795187953542578	0.9259259259259259
0	BAK1+KLF1	8	0	original_CPA_fixed	roles	0	0	1	0.02060770208667321	0.06794371769685714	0.795187953542578	0.9259259259259259
0	BAK1+KLF1	8	0	original_CPA_fixed	roles	0	0	2	0.02060770208667321	0.06794371769685714	0.795187953542578	0.9259259259259259
0	BAK1+KLF1	8	0	original_CPA_fixed	roles	0	1	0	0.05221650220557062	0.10290423697477617	0.461647552765726	0.8888888888888888
0	BAK1+KLF1	8	0	original_CPA_fixed	roles	0	1	1	0.05221650220557062	0.10290423697477617	0.461647552765726	0.8888888888888888
0	BAK1+KLF1	8	0	original_CPA_fixed	roles	0	1	2	0.05221650220557062	0.10290423697477617	0.461647552765726	0.8888888888888888
0	BAK1+KLF1	8	0	original_CPA_fixed	roles	0	2	0	0.05250354825581452	0.10320951548958048	0.43420140540576635	0.8888888888888888
0	BAK1+KLF1	8	0	original_CPA_fixed	roles	0	2	1	0.05250354825581452	0.10320951548958048	0.43420140540576635	0.8888888888888888
0	BAK1+KLF1	8	0	original_CPA_fixed	roles	0	2	2	0.05250354825581452	0.10320951548958048	0.43420140540576635	0.8888888888888888
0	BAK1+KLF1	8	0	original_CPA_fixed	roles	1	0	0	0.046445475740964894	0.09771926335094958	0.49036137560474186	0.9259259259259259
0	BAK1+KLF1	8	0	original_CPA_fixed	roles	1	0	1	0.046445475740964894	0.09771926335094958	0.49036137560474186	0.9259259259259259
0	BAK1+KLF1	8	0	original_CPA_fixed	roles	1	0	2	0.046445475740964894	0.09771926335094958	0.49036137560474186	0.9259259259259259
0	BAK1+KLF1	8	0	original_CPA_fixed	roles	1	1	0	0.02060770208667321	0.06794371769685714	0.795187953542578	0.9259259259259259
0	BAK1+KLF1	8	0	original_CPA_fixed	roles	1	1	1	0.02060770208667321	0.06794371769685714	0.795187953542578	0.9259259259259259
0	BAK1+KLF1	8	0	original_CPA_fixed	roles	1	1	2	0.02060770208667321	0.06794371769685714	0.795187953542578	0.9259259259259259
0	BAK1+KLF1	8	0	original_CPA_fixed	roles	1	2	0	0.048200684410796515	0.09922233106699474	0.4574037847963005	0.9259259259259259
0	BAK1+KLF1	8	0	original_CPA_fixed	roles	1	2	1	0.048200684410796515	0.09922233106699474	0.4574037847963005	0.9259259259259259
0	BAK1+KLF1	8	0	original_CPA_fixed	roles	1	2	2	0.048200684410796515	0.09922233106699474	0.4574037847963005	0.9259259259259259
0	BAK1+KLF1	8	0	original_CPA_fixed	roles	2	0	0	0.046986957378562656	0.09742887079458966	0.5148079817792806	0.9444444444444444
0	BAK1+KLF1	8	0	original_CPA_fixed	roles	2	0	1	0.046986957378562656	0.09742887079458966	0.5148079817792806	0.9444444444444444
0	BAK1+KLF1	8	0	original_CPA_fixed	roles	2	0	2	0.046986957378562656	0.09742887079458966	0.5148079817792806	0.9444444444444444
0	BAK1+KLF1	8	0	original_CPA_fixed	roles	2	1	0	0.04845511999815038	0.09861784481822679	0.5090202270532687	0.9444444444444444
0	BAK1+KLF1	8	0	original_CPA_fixed	roles	2	1	1	0.04845511999815038	0.09861784481822679	0.5090202270532687	0.9444444444444444
0	BAK1+KLF1	8	0	original_CPA_fixed	roles	2	1	2	0.04845511999815038	0.09861784481822679	0.5090202270532687	0.9444444444444444
0	BAK1+KLF1	8	0	original_CPA_fixed	roles	2	2	0	0.02060770208667321	0.06794371769685714	0.795187953542578	0.9259259259259259
0	BAK1+KLF1	8	0	original_CPA_fixed	roles	2	2	1	0.02060770208667321	0.06794371769685714	0.795187953542578	0.9259259259259259
0	BAK1+KLF1	8	0	original_CPA_fixed	roles	2	2	2	0.02060770208667321	0.06794371769685714	0.795187953542578	0.9259259259259259
0	BAK1+KLF1	8	0	original_CPA_fixed	direct_state	unused	unused	0	0.02060770208667321	0.06794371769685714	0.795187953542578	0.9259259259259259
0	BAK1+KLF1	8	0	original_CPA_fixed	direct_state	unused	unused	1	0.02060770208667321	0.06794371769685714	0.795187953542578	0.9259259259259259
0	BAK1+KLF1	8	0	original_CPA_fixed	direct_state	unused	unused	2	0.02060770208667321	0.06794371769685714	0.795187953542578	0.9259259259259259
0	BAK1+KLF1	8	0	additive	roles	0	0	0	0.0058304618726721545	0.03365381649945048	0.9526325484441007	1.0
0	BAK1+KLF1	8	0	additive	roles	0	0	1	0.0058304618726721545	0.03365381649945048	0.9526325484441007	1.0
0	BAK1+KLF1	8	0	additive	roles	0	0	2	0.0058304618726721545	0.03365381649945048	0.9526325484441007	1.0
0	BAK1+KLF1	8	0	additive	roles	0	1	0	0.03328573976837147	0.07947182301105038	0.7925065015489716	1.0
0	BAK1+KLF1	8	0	additive	roles	0	1	1	0.03328573976837147	0.07947182301105038	0.7925065015489716	1.0
0	BAK1+KLF1	8	0	additive	roles	0	1	2	0.03328573976837147	0.07947182301105038	0.7925065015489716	1.0
0	BAK1+KLF1	8	0	additive	roles	0	2	0	0.03478382890790127	0.0808250226291359	0.7757259090460642	1.0
0	BAK1+KLF1	8	0	additive	roles	0	2	1	0.03478382890790127	0.0808250226291359	0.7757259090460642	1.0
0	BAK1+KLF1	8	0	additive	roles	0	2	2	0.03478382890790127	0.0808250226291359	0.7757259090460642	1.0
0	BAK1+KLF1	8	0	additive	roles	1	0	0	0.035821757750161935	0.08279509010521305	0.7856521494801963	1.0
0	BAK1+KLF1	8	0	additive	roles	1	0	1	0.035821757750161935	0.08279509010521305	0.7856521494801963	1.0
0	BAK1+KLF1	8	0	additive	roles	1	0	2	0.035821757750161935	0.08279509010521305	0.7856521494801963	1.0
0	BAK1+KLF1	8	0	additive	roles	1	1	0	0.0058304618726721545	0.03365381649945048	0.9526325484441007	1.0
0	BAK1+KLF1	8	0	additive	roles	1	1	1	0.0058304618726721545	0.03365381649945048	0.9526325484441007	1.0
0	BAK1+KLF1	8	0	additive	roles	1	1	2	0.0058304618726721545	0.03365381649945048	0.9526325484441007	1.0
0	BAK1+KLF1	8	0	additive	roles	1	2	0	0.03463448728608136	0.0807173655599855	0.779178991619787	1.0
0	BAK1+KLF1	8	0	additive	roles	1	2	1	0.03463448728608136	0.0807173655599855	0.779178991619787	1.0
0	BAK1+KLF1	8	0	additive	roles	1	2	2	0.03463448728608136	0.0807173655599855	0.779178991619787	1.0
0	BAK1+KLF1	8	0	additive	roles	2	0	0	0.03515219629847379	0.08151297964078728	0.8014206756753373	1.0
0	BAK1+KLF1	8	0	additive	roles	2	0	1	0.03515219629847379	0.08151297964078728	0.8014206756753373	1.0
0	BAK1+KLF1	8	0	additive	roles	2	0	2	0.03515219629847379	0.08151297964078728	0.8014206756753373	1.0
0	BAK1+KLF1	8	0	additive	roles	2	1	0	0.0324668366948634	0.07802383210938035	0.8115012653529593	1.0
0	BAK1+KLF1	8	0	additive	roles	2	1	1	0.0324668366948634	0.07802383210938035	0.8115012653529593	1.0
0	BAK1+KLF1	8	0	additive	roles	2	1	2	0.0324668366948634	0.07802383210938035	0.8115012653529593	1.0
0	BAK1+KLF1	8	0	additive	roles	2	2	0	0.0058304618726721545	0.03365381649945048	0.9526325484441007	1.0
0	BAK1+KLF1	8	0	additive	roles	2	2	1	0.0058304618726721545	0.03365381649945048	0.9526325484441007	1.0
0	BAK1+KLF1	8	0	additive	roles	2	2	2	0.0058304618726721545	0.03365381649945048	0.9526325484441007	1.0
0	BAK1+KLF1	8	0	additive	direct_state	unused	unused	0	0.0058304618726721545	0.03365381649945048	0.9526325484441007	1.0
0	BAK1+KLF1	8	0	additive	direct_state	unused	unused	1	0.0058304618726721545	0.03365381649945048	0.9526325484441007	1.0
0	BAK1+KLF1	8	0	additive	direct_state	unused	unused	2	0.0058304618726721545	0.03365381649945048	0.9526325484441007	1.0
0	BAK1+KLF1	8	0	compositional_ridge	roles	0	0	0	0.006043151830994505	0.034773074839558445	0.9435300266021269	1.0
0	BAK1+KLF1	8	0	compositional_ridge	roles	0	0	1	0.006043151830994505	0.034773074839558445	0.9435300266021269	1.0
0	BAK1+KLF1	8	0	compositional_ridge	roles	0	0	2	0.006043151830994505	0.034773074839558445	0.9435300266021269	1.0
0	BAK1+KLF1	8	0	compositional_ridge	roles	0	1	0	0.03362030961430236	0.08001136859393466	0.7194009923057239	1.0
0	BAK1+KLF1	8	0	compositional_ridge	roles	0	1	1	0.03362030961430236	0.08001136859393466	0.7194009923057239	1.0
0	BAK1+KLF1	8	0	compositional_ridge	roles	0	1	2	0.03362030961430236	0.08001136859393466	0.7194009923057239	1.0
0	BAK1+KLF1	8	0	compositional_ridge	roles	0	2	0	0.035597559703938145	0.08204092446412659	0.6957574287151702	1.0
0	BAK1+KLF1	8	0	compositional_ridge	roles	0	2	1	0.035597559703938145	0.08204092446412659	0.6957574287151702	1.0
0	BAK1+KLF1	8	0	compositional_ridge	roles	0	2	2	0.035597559703938145	0.08204092446412659	0.6957574287151702	1.0
0	BAK1+KLF1	8	0	compositional_ridge	roles	1	0	0	0.03591256782087575	0.08319947855361405	0.7074298651771499	1.0
0	BAK1+KLF1	8	0	compositional_ridge	roles	1	0	1	0.03591256782087575	0.08319947855361405	0.7074298651771499	1.0
0	BAK1+KLF1	8	0	compositional_ridge	roles	1	0	2	0.03591256782087575	0.08319947855361405	0.7074298651771499	1.0
0	BAK1+KLF1	8	0	compositional_ridge	roles	1	1	0	0.006043151830994505	0.034773074839558445	0.9435300266021269	1.0
0	BAK1+KLF1	8	0	compositional_ridge	roles	1	1	1	0.006043151830994505	0.034773074839558445	0.9435300266021269	1.0
0	BAK1+KLF1	8	0	compositional_ridge	roles	1	1	2	0.006043151830994505	0.034773074839558445	0.9435300266021269	1.0
0	BAK1+KLF1	8	0	compositional_ridge	roles	1	2	0	0.035326338194509706	0.08187710928041252	0.6982191377303714	1.0
0	BAK1+KLF1	8	0	compositional_ridge	roles	1	2	1	0.035326338194509706	0.08187710928041252	0.6982191377303714	1.0
0	BAK1+KLF1	8	0	compositional_ridge	roles	1	2	2	0.035326338194509706	0.08187710928041252	0.6982191377303714	1.0
0	BAK1+KLF1	8	0	compositional_ridge	roles	2	0	0	0.03476384541908162	0.08123737799577795	0.7294315796806805	1.0
0	BAK1+KLF1	8	0	compositional_ridge	roles	2	0	1	0.03476384541908162	0.08123737799577795	0.7294315796806805	1.0
0	BAK1+KLF1	8	0	compositional_ridge	roles	2	0	2	0.03476384541908162	0.08123737799577795	0.7294315796806805	1.0
0	BAK1+KLF1	8	0	compositional_ridge	roles	2	1	0	0.032200365703079784	0.07779669140457188	0.7437526568035542	1.0
0	BAK1+KLF1	8	0	compositional_ridge	roles	2	1	1	0.032200365703079784	0.07779669140457188	0.7437526568035542	1.0
0	BAK1+KLF1	8	0	compositional_ridge	roles	2	1	2	0.032200365703079784	0.07779669140457188	0.7437526568035542	1.0
0	BAK1+KLF1	8	0	compositional_ridge	roles	2	2	0	0.006043151830994505	0.034773074839558445	0.9435300266021269	1.0
0	BAK1+KLF1	8	0	compositional_ridge	roles	2	2	1	0.006043151830994505	0.034773074839558445	0.9435300266021269	1.0
0	BAK1+KLF1	8	0	compositional_ridge	roles	2	2	2	0.006043151830994505	0.034773074839558445	0.9435300266021269	1.0
0	BAK1+KLF1	8	0	compositional_ridge	direct_state	unused	unused	0	0.006043151830994505	0.034773074839558445	0.9435300266021269	1.0
0	BAK1+KLF1	8	0	compositional_ridge	direct_state	unused	unused	1	0.006043151830994505	0.034773074839558445	0.9435300266021269	1.0
0	BAK1+KLF1	8	0	compositional_ridge	direct_state	unused	unused	2	0.006043151830994505	0.034773074839558445	0.9435300266021269	1.0
0	BAK1+KLF1	8	0	NC_native_effect	roles	0	0	0	0.048480067556482605	0.10425713090052309	0.3632316096737327	0.8518518518518519
0	BAK1+KLF1	8	0	NC_native_effect	roles	0	0	1	0.048480067556482605	0.10425713090052309	0.3632316096737327	0.8518518518518519
0	BAK1+KLF1	8	0	NC_native_effect	roles	0	0	2	0.048480067556482605	0.10425713090052309	0.3632316096737327	0.8518518518518519
0	BAK1+KLF1	8	0	NC_native_effect	roles	0	1	0	0.048480067556482605	0.10425713090052309	0.3632316096737327	0.8518518518518519
0	BAK1+KLF1	8	0	NC_native_effect	roles	0	1	1	0.048480067556482605	0.10425713090052309	0.3632316096737327	0.8518518518518519
0	BAK1+KLF1	8	0	NC_native_effect	roles	0	1	2	0.048480067556482605	0.10425713090052309	0.3632316096737327	0.8518518518518519
0	BAK1+KLF1	8	0	NC_native_effect	roles	0	2	0	0.048480067556482605	0.10425713090052309	0.3632316096737327	0.8518518518518519
0	BAK1+KLF1	8	0	NC_native_effect	roles	0	2	1	0.048480067556482605	0.10425713090052309	0.3632316096737327	0.8518518518518519
0	BAK1+KLF1	8	0	NC_native_effect	roles	0	2	2	0.048480067556482605	0.10425713090052309	0.3632316096737327	0.8518518518518519
0	BAK1+KLF1	8	0	NC_native_effect	roles	1	0	0	0.04440606868117484	0.10062236302462987	0.3871430058013498	0.8703703703703703
0	BAK1+KLF1	8	0	NC_native_effect	roles	1	0	1	0.04440606868117484	0.10062236302462987	0.3871430058013498	0.8703703703703703
0	BAK1+KLF1	8	0	NC_native_effect	roles	1	0	2	0.04440606868117484	0.10062236302462987	0.3871430058013498	0.8703703703703703
0	BAK1+KLF1	8	0	NC_native_effect	roles	1	1	0	0.04440606868117484	0.10062236302462987	0.3871430058013498	0.8703703703703703
0	BAK1+KLF1	8	0	NC_native_effect	roles	1	1	1	0.04440606868117484	0.10062236302462987	0.3871430058013498	0.8703703703703703
0	BAK1+KLF1	8	0	NC_native_effect	roles	1	1	2	0.04440606868117484	0.10062236302462987	0.3871430058013498	0.8703703703703703
0	BAK1+KLF1	8	0	NC_native_effect	roles	1	2	0	0.04440606868117484	0.10062236302462987	0.3871430058013498	0.8703703703703703
0	BAK1+KLF1	8	0	NC_native_effect	roles	1	2	1	0.04440606868117484	0.10062236302462987	0.3871430058013498	0.8703703703703703
0	BAK1+KLF1	8	0	NC_native_effect	roles	1	2	2	0.04440606868117484	0.10062236302462987	0.3871430058013498	0.8703703703703703
0	BAK1+KLF1	8	0	NC_native_effect	roles	2	0	0	0.04581810362010997	0.10129840584224202	0.411010632437976	0.8703703703703703
0	BAK1+KLF1	8	0	NC_native_effect	roles	2	0	1	0.04581810362010997	0.10129840584224202	0.411010632437976	0.8703703703703703
0	BAK1+KLF1	8	0	NC_native_effect	roles	2	0	2	0.04581810362010997	0.10129840584224202	0.411010632437976	0.8703703703703703
0	BAK1+KLF1	8	0	NC_native_effect	roles	2	1	0	0.04581810362010997	0.10129840584224202	0.411010632437976	0.8703703703703703
0	BAK1+KLF1	8	0	NC_native_effect	roles	2	1	1	0.04581810362010997	0.10129840584224202	0.411010632437976	0.8703703703703703
0	BAK1+KLF1	8	0	NC_native_effect	roles	2	1	2	0.04581810362010997	0.10129840584224202	0.411010632437976	0.8703703703703703
0	BAK1+KLF1	8	0	NC_native_effect	roles	2	2	0	0.04581810362010997	0.10129840584224202	0.411010632437976	0.8703703703703703
0	BAK1+KLF1	8	0	NC_native_effect	roles	2	2	1	0.04581810362010997	0.10129840584224202	0.411010632437976	0.8703703703703703
0	BAK1+KLF1	8	0	NC_native_effect	roles	2	2	2	0.04581810362010997	0.10129840584224202	0.411010632437976	0.8703703703703703
0	BAK1+KLF1	8	0	NC_native_effect	direct_state	unused	unused	0	0.03251206408928043	0.08857144230455566	0.5032039779519699	0.8518518518518519
0	BAK1+KLF1	8	0	NC_native_effect	direct_state	unused	unused	1	0.03251206408928043	0.08857144230455566	0.5032039779519699	0.8518518518518519
0	BAK1+KLF1	8	0	NC_native_effect	direct_state	unused	unused	2	0.03251206408928043	0.08857144230455566	0.5032039779519699	0.8518518518518519
0	BAK1+KLF1	8	0	native_effect_ridge	roles	0	0	0	0.02072344139812813	0.06272643745941175	0.8324870638142225	1.0
0	BAK1+KLF1	8	0	native_effect_ridge	roles	0	0	1	0.02072344139812813	0.06272643745941175	0.8324870638142225	1.0
0	BAK1+KLF1	8	0	native_effect_ridge	roles	0	0	2	0.02072344139812813	0.06272643745941175	0.8324870638142225	1.0
0	BAK1+KLF1	8	0	native_effect_ridge	roles	0	1	0	0.02072344139812813	0.06272643745941175	0.8324870638142225	1.0
0	BAK1+KLF1	8	0	native_effect_ridge	roles	0	1	1	0.02072344139812813	0.06272643745941175	0.8324870638142225	1.0
0	BAK1+KLF1	8	0	native_effect_ridge	roles	0	1	2	0.02072344139812813	0.06272643745941175	0.8324870638142225	1.0
0	BAK1+KLF1	8	0	native_effect_ridge	roles	0	2	0	0.02072344139812813	0.06272643745941175	0.8324870638142225	1.0
0	BAK1+KLF1	8	0	native_effect_ridge	roles	0	2	1	0.02072344139812813	0.06272643745941175	0.8324870638142225	1.0
0	BAK1+KLF1	8	0	native_effect_ridge	roles	0	2	2	0.02072344139812813	0.06272643745941175	0.8324870638142225	1.0
0	BAK1+KLF1	8	0	native_effect_ridge	roles	1	0	0	0.021849009082214974	0.06437113543407519	0.8283938627792964	1.0
0	BAK1+KLF1	8	0	native_effect_ridge	roles	1	0	1	0.021849009082214974	0.06437113543407519	0.8283938627792964	1.0
0	BAK1+KLF1	8	0	native_effect_ridge	roles	1	0	2	0.021849009082214974	0.06437113543407519	0.8283938627792964	1.0
0	BAK1+KLF1	8	0	native_effect_ridge	roles	1	1	0	0.021849009082214974	0.06437113543407519	0.8283938627792964	1.0
0	BAK1+KLF1	8	0	native_effect_ridge	roles	1	1	1	0.021849009082214974	0.06437113543407519	0.8283938627792964	1.0
0	BAK1+KLF1	8	0	native_effect_ridge	roles	1	1	2	0.021849009082214974	0.06437113543407519	0.8283938627792964	1.0
0	BAK1+KLF1	8	0	native_effect_ridge	roles	1	2	0	0.021849009082214974	0.06437113543407519	0.8283938627792964	1.0
0	BAK1+KLF1	8	0	native_effect_ridge	roles	1	2	1	0.021849009082214974	0.06437113543407519	0.8283938627792964	1.0
0	BAK1+KLF1	8	0	native_effect_ridge	roles	1	2	2	0.021849009082214974	0.06437113543407519	0.8283938627792964	1.0
0	BAK1+KLF1	8	0	native_effect_ridge	roles	2	0	0	0.02086654072164592	0.06262862409075651	0.843680788626662	1.0
0	BAK1+KLF1	8	0	native_effect_ridge	roles	2	0	1	0.02086654072164592	0.06262862409075651	0.843680788626662	1.0
0	BAK1+KLF1	8	0	native_effect_ridge	roles	2	0	2	0.02086654072164592	0.06262862409075651	0.843680788626662	1.0
0	BAK1+KLF1	8	0	native_effect_ridge	roles	2	1	0	0.02086654072164592	0.06262862409075651	0.843680788626662	1.0
0	BAK1+KLF1	8	0	native_effect_ridge	roles	2	1	1	0.02086654072164592	0.06262862409075651	0.843680788626662	1.0
0	BAK1+KLF1	8	0	native_effect_ridge	roles	2	1	2	0.02086654072164592	0.06262862409075651	0.843680788626662	1.0
0	BAK1+KLF1	8	0	native_effect_ridge	roles	2	2	0	0.02086654072164592	0.06262862409075651	0.843680788626662	1.0
0	BAK1+KLF1	8	0	native_effect_ridge	roles	2	2	1	0.02086654072164592	0.06262862409075651	0.843680788626662	1.0
0	BAK1+KLF1	8	0	native_effect_ridge	roles	2	2	2	0.02086654072164592	0.06262862409075651	0.843680788626662	1.0
0	BAK1+KLF1	8	0	native_effect_ridge	direct_state	unused	unused	0	0.006532478581377718	0.03542818799733687	0.9377512466057497	1.0
0	BAK1+KLF1	8	0	native_effect_ridge	direct_state	unused	unused	1	0.006532478581377718	0.03542818799733687	0.9377512466057497	1.0
0	BAK1+KLF1	8	0	native_effect_ridge	direct_state	unused	unused	2	0.006532478581377718	0.03542818799733687	0.9377512466057497	1.0
0	BAK1+KLF1	8	29	selected_CPA	roles	0	0	0	0.020685545279243527	0.0642368823098848	0.8118544443155827	1.0
0	BAK1+KLF1	8	29	selected_CPA	roles	0	0	1	0.0265338701837615	0.07345418351497968	0.7417303793894363	0.9444444444444444
0	BAK1+KLF1	8	29	selected_CPA	roles	0	0	2	0.028331250979021044	0.0754796662610091	0.7338154406954809	0.9074074074074074
0	BAK1+KLF1	8	29	selected_CPA	roles	0	1	0	0.05065442788252243	0.09893778273490068	0.5276426365418745	1.0
0	BAK1+KLF1	8	29	selected_CPA	roles	0	1	1	0.048846058789331445	0.0968881994441317	0.5058426363474225	1.0
0	BAK1+KLF1	8	29	selected_CPA	roles	0	1	2	0.05177413127972913	0.0997896058394606	0.49204889133287505	0.9814814814814815
0	BAK1+KLF1	8	29	selected_CPA	roles	0	2	0	0.05142369955440111	0.09959140229909932	0.5234320928389765	1.0
0	BAK1+KLF1	8	29	selected_CPA	roles	0	2	1	0.051081876364997225	0.09940648398108426	0.4889006593277886	1.0
0	BAK1+KLF1	8	29	selected_CPA	roles	0	2	2	0.04924597865941187	0.09721164098094351	0.5019304980239139	1.0
0	BAK1+KLF1	8	29	selected_CPA	roles	1	0	0	0.05631118043468497	0.10481959641696471	0.423264611209199	0.9444444444444444
0	BAK1+KLF1	8	29	selected_CPA	roles	1	0	1	0.0698161993369119	0.11801181935681095	0.32447213672827935	0.8148148148148148
0	BAK1+KLF1	8	29	selected_CPA	roles	1	0	2	0.0704828884370333	0.11815021435392116	0.3284886050520103	0.8148148148148148
0	BAK1+KLF1	8	29	selected_CPA	roles	1	1	0	0.020685545279243527	0.0642368823098848	0.8118544443155827	1.0
0	BAK1+KLF1	8	29	selected_CPA	roles	1	1	1	0.0265338701837615	0.07345418351497968	0.7417303793894363	0.9444444444444444
0	BAK1+KLF1	8	29	selected_CPA	roles	1	1	2	0.028331250979021044	0.0754796662610091	0.7338154406954809	0.9074074074074074
0	BAK1+KLF1	8	29	selected_CPA	roles	1	2	0	0.05302109217741946	0.10117833681492515	0.475407711128938	1.0
0	BAK1+KLF1	8	29	selected_CPA	roles	1	2	1	0.060335962985724544	0.10895301360745303	0.40150756583900776	0.9629629629629629
0	BAK1+KLF1	8	29	selected_CPA	roles	1	2	2	0.05736937358500105	0.10568932755876576	0.42079471853225486	0.9444444444444444
0	BAK1+KLF1	8	29	selected_CPA	roles	2	0	0	0.05568906736163086	0.10391058666898284	0.43503422485182514	0.9074074074074074
0	BAK1+KLF1	8	29	selected_CPA	roles	2	0	1	0.06772754036007068	0.11563947608938882	0.3421662641519649	0.8148148148148148
0	BAK1+KLF1	8	29	selected_CPA	roles	2	0	2	0.07315819965617515	0.12003066371366959	0.3279916604066703	0.7962962962962963
0	BAK1+KLF1	8	29	selected_CPA	roles	2	1	0	0.05162970743248668	0.09958692439325877	0.4913088415307254	0.9814814814814815
0	BAK1+KLF1	8	29	selected_CPA	roles	2	1	1	0.05601148643321755	0.10402947769989945	0.43822453459870253	0.9444444444444444
0	BAK1+KLF1	8	29	selected_CPA	roles	2	1	2	0.06257283742446013	0.1101180427127074	0.4113171035771368	0.8703703703703703
0	BAK1+KLF1	8	29	selected_CPA	roles	2	2	0	0.020685545279243527	0.0642368823098848	0.8118544443155827	1.0
0	BAK1+KLF1	8	29	selected_CPA	roles	2	2	1	0.0265338701837615	0.07345418351497968	0.7417303793894363	0.9444444444444444
0	BAK1+KLF1	8	29	selected_CPA	roles	2	2	2	0.028331250979021044	0.0754796662610091	0.7338154406954809	0.9074074074074074
0	BAK1+KLF1	8	29	selected_CPA	direct_state	unused	unused	0	0.020685545279243527	0.0642368823098848	0.8118544443155827	1.0
0	BAK1+KLF1	8	29	selected_CPA	direct_state	unused	unused	1	0.0265338701837615	0.07345418351497968	0.7417303793894363	0.9444444444444444
0	BAK1+KLF1	8	29	selected_CPA	direct_state	unused	unused	2	0.028331250979021044	0.0754796662610091	0.7338154406954809	0.9074074074074074
0	BAK1+KLF1	8	29	original_CPA_fixed	roles	0	0	0	0.02060770208667321	0.06794371769685714	0.795187953542578	0.9259259259259259
0	BAK1+KLF1	8	29	original_CPA_fixed	roles	0	0	1	0.02060770208667321	0.06794371769685714	0.795187953542578	0.9259259259259259
0	BAK1+KLF1	8	29	original_CPA_fixed	roles	0	0	2	0.02060770208667321	0.06794371769685714	0.795187953542578	0.9259259259259259
0	BAK1+KLF1	8	29	original_CPA_fixed	roles	0	1	0	0.0473939984505308	0.09722612392927098	0.525349478879222	0.9814814814814815
0	BAK1+KLF1	8	29	original_CPA_fixed	roles	0	1	1	0.0473939984505308	0.09722612392927098	0.525349478879222	0.9814814814814815
0	BAK1+KLF1	8	29	original_CPA_fixed	roles	0	1	2	0.0473939984505308	0.09722612392927098	0.525349478879222	0.9814814814814815
0	BAK1+KLF1	8	29	original_CPA_fixed	roles	0	2	0	0.04785580128504091	0.09843870977258817	0.5165413981917037	0.9629629629629629
0	BAK1+KLF1	8	29	original_CPA_fixed	roles	0	2	1	0.04785580128504091	0.09843870977258817	0.5165413981917037	0.9629629629629629
0	BAK1+KLF1	8	29	original_CPA_fixed	roles	0	2	2	0.04785580128504091	0.09843870977258817	0.5165413981917037	0.9629629629629629
0	BAK1+KLF1	8	29	original_CPA_fixed	roles	1	0	0	0.059415923481535966	0.11091824431695749	0.3848461361426413	0.8333333333333334
0	BAK1+KLF1	8	29	original_CPA_fixed	roles	1	0	1	0.059415923481535966	0.11091824431695749	0.3848461361426413	0.8333333333333334
0	BAK1+KLF1	8	29	original_CPA_fixed	roles	1	0	2	0.059415923481535966	0.11091824431695749	0.3848461361426413	0.8333333333333334
0	BAK1+KLF1	8	29	original_CPA_fixed	roles	1	1	0	0.02060770208667321	0.06794371769685714	0.795187953542578	0.9259259259259259
0	BAK1+KLF1	8	29	original_CPA_fixed	roles	1	1	1	0.02060770208667321	0.06794371769685714	0.795187953542578	0.9259259259259259
0	BAK1+KLF1	8	29	original_CPA_fixed	roles	1	1	2	0.02060770208667321	0.06794371769685714	0.795187953542578	0.9259259259259259
0	BAK1+KLF1	8	29	original_CPA_fixed	roles	1	2	0	0.05263578014748059	0.10408902638698242	0.4504761022787571	0.9259259259259259
0	BAK1+KLF1	8	29	original_CPA_fixed	roles	1	2	1	0.05263578014748059	0.10408902638698242	0.4504761022787571	0.9259259259259259
0	BAK1+KLF1	8	29	original_CPA_fixed	roles	1	2	2	0.05263578014748059	0.10408902638698242	0.4504761022787571	0.9259259259259259
0	BAK1+KLF1	8	29	original_CPA_fixed	roles	2	0	0	0.05910127924585042	0.10957016611858289	0.39942868300424406	0.8148148148148148
0	BAK1+KLF1	8	29	original_CPA_fixed	roles	2	0	1	0.05910127924585042	0.10957016611858289	0.39942868300424406	0.8148148148148148
0	BAK1+KLF1	8	29	original_CPA_fixed	roles	2	0	2	0.05910127924585042	0.10957016611858289	0.39942868300424406	0.8148148148148148
0	BAK1+KLF1	8	29	original_CPA_fixed	roles	2	1	0	0.05185933307728493	0.1014890604336527	0.4748850624305134	0.9259259259259259
0	BAK1+KLF1	8	29	original_CPA_fixed	roles	2	1	1	0.05185933307728493	0.1014890604336527	0.4748850624305134	0.9259259259259259
0	BAK1+KLF1	8	29	original_CPA_fixed	roles	2	1	2	0.05185933307728493	0.1014890604336527	0.4748850624305134	0.9259259259259259
0	BAK1+KLF1	8	29	original_CPA_fixed	roles	2	2	0	0.02060770208667321	0.06794371769685714	0.795187953542578	0.9259259259259259
0	BAK1+KLF1	8	29	original_CPA_fixed	roles	2	2	1	0.02060770208667321	0.06794371769685714	0.795187953542578	0.9259259259259259
0	BAK1+KLF1	8	29	original_CPA_fixed	roles	2	2	2	0.02060770208667321	0.06794371769685714	0.795187953542578	0.9259259259259259
0	BAK1+KLF1	8	29	original_CPA_fixed	direct_state	unused	unused	0	0.02060770208667321	0.06794371769685714	0.795187953542578	0.9259259259259259
0	BAK1+KLF1	8	29	original_CPA_fixed	direct_state	unused	unused	1	0.02060770208667321	0.06794371769685714	0.795187953542578	0.9259259259259259
0	BAK1+KLF1	8	29	original_CPA_fixed	direct_state	unused	unused	2	0.02060770208667321	0.06794371769685714	0.795187953542578	0.9259259259259259
0	BAK1+KLF1	8	29	additive	roles	0	0	0	0.0058304618726721545	0.03365381649945048	0.9526325484441007	1.0
0	BAK1+KLF1	8	29	additive	roles	0	0	1	0.0058304618726721545	0.03365381649945048	0.9526325484441007	1.0
0	BAK1+KLF1	8	29	additive	roles	0	0	2	0.0058304618726721545	0.03365381649945048	0.9526325484441007	1.0
0	BAK1+KLF1	8	29	additive	roles	0	1	0	0.038319495528752044	0.08582164591254005	0.8011128882071037	1.0
0	BAK1+KLF1	8	29	additive	roles	0	1	1	0.038319495528752044	0.08582164591254005	0.8011128882071037	1.0
0	BAK1+KLF1	8	29	additive	roles	0	1	2	0.038319495528752044	0.08582164591254005	0.8011128882071037	1.0
0	BAK1+KLF1	8	29	additive	roles	0	2	0	0.0403299749826329	0.08758727632858802	0.7966389282793471	1.0
0	BAK1+KLF1	8	29	additive	roles	0	2	1	0.0403299749826329	0.08758727632858802	0.7966389282793471	1.0
0	BAK1+KLF1	8	29	additive	roles	0	2	2	0.0403299749826329	0.08758727632858802	0.7966389282793471	1.0
0	BAK1+KLF1	8	29	additive	roles	1	0	0	0.03893594597531261	0.08615615108943624	0.7446925026719062	1.0
0	BAK1+KLF1	8	29	additive	roles	1	0	1	0.03893594597531261	0.08615615108943624	0.7446925026719062	1.0
0	BAK1+KLF1	8	29	additive	roles	1	0	2	0.03893594597531261	0.08615615108943624	0.7446925026719062	1.0
0	BAK1+KLF1	8	29	additive	roles	1	1	0	0.0058304618726721545	0.03365381649945048	0.9526325484441007	1.0
0	BAK1+KLF1	8	29	additive	roles	1	1	1	0.0058304618726721545	0.03365381649945048	0.9526325484441007	1.0
0	BAK1+KLF1	8	29	additive	roles	1	1	2	0.0058304618726721545	0.03365381649945048	0.9526325484441007	1.0
0	BAK1+KLF1	8	29	additive	roles	1	2	0	0.03940721655285027	0.08613751601270805	0.7704182978401565	1.0
0	BAK1+KLF1	8	29	additive	roles	1	2	1	0.03940721655285027	0.08613751601270805	0.7704182978401565	1.0
0	BAK1+KLF1	8	29	additive	roles	1	2	2	0.03940721655285027	0.08613751601270805	0.7704182978401565	1.0
0	BAK1+KLF1	8	29	additive	roles	2	0	0	0.037072625120256324	0.08400435162122374	0.7556299619767236	1.0
0	BAK1+KLF1	8	29	additive	roles	2	0	1	0.037072625120256324	0.08400435162122374	0.7556299619767236	1.0
0	BAK1+KLF1	8	29	additive	roles	2	0	2	0.037072625120256324	0.08400435162122374	0.7556299619767236	1.0
0	BAK1+KLF1	8	29	additive	roles	2	1	0	0.03553341624391313	0.08214222007027162	0.7855785882746528	1.0
0	BAK1+KLF1	8	29	additive	roles	2	1	1	0.03553341624391313	0.08214222007027162	0.7855785882746528	1.0
0	BAK1+KLF1	8	29	additive	roles	2	1	2	0.03553341624391313	0.08214222007027162	0.7855785882746528	1.0
0	BAK1+KLF1	8	29	additive	roles	2	2	0	0.0058304618726721545	0.03365381649945048	0.9526325484441007	1.0
0	BAK1+KLF1	8	29	additive	roles	2	2	1	0.0058304618726721545	0.03365381649945048	0.9526325484441007	1.0
0	BAK1+KLF1	8	29	additive	roles	2	2	2	0.0058304618726721545	0.03365381649945048	0.9526325484441007	1.0
0	BAK1+KLF1	8	29	additive	direct_state	unused	unused	0	0.0058304618726721545	0.03365381649945048	0.9526325484441007	1.0
0	BAK1+KLF1	8	29	additive	direct_state	unused	unused	1	0.0058304618726721545	0.03365381649945048	0.9526325484441007	1.0
0	BAK1+KLF1	8	29	additive	direct_state	unused	unused	2	0.0058304618726721545	0.03365381649945048	0.9526325484441007	1.0
0	BAK1+KLF1	8	29	compositional_ridge	roles	0	0	0	0.006043151830994505	0.034773074839558445	0.9435300266021269	1.0
0	BAK1+KLF1	8	29	compositional_ridge	roles	0	0	1	0.006043151830994505	0.034773074839558445	0.9435300266021269	1.0
0	BAK1+KLF1	8	29	compositional_ridge	roles	0	0	2	0.006043151830994505	0.034773074839558445	0.9435300266021269	1.0
0	BAK1+KLF1	8	29	compositional_ridge	roles	0	1	0	0.03688666685248371	0.08384963198552811	0.7304864122110981	1.0
0	BAK1+KLF1	8	29	compositional_ridge	roles	0	1	1	0.03688666685248371	0.08384963198552811	0.7304864122110981	1.0
0	BAK1+KLF1	8	29	compositional_ridge	roles	0	1	2	0.03688666685248371	0.08384963198552811	0.7304864122110981	1.0
0	BAK1+KLF1	8	29	compositional_ridge	roles	0	2	0	0.038112362397123054	0.08526715398050667	0.7252536836280855	1.0
0	BAK1+KLF1	8	29	compositional_ridge	roles	0	2	1	0.038112362397123054	0.08526715398050667	0.7252536836280855	1.0
0	BAK1+KLF1	8	29	compositional_ridge	roles	0	2	2	0.038112362397123054	0.08526715398050667	0.7252536836280855	1.0
0	BAK1+KLF1	8	29	compositional_ridge	roles	1	0	0	0.04079415456822565	0.08894184184742501	0.6559194008553028	1.0
0	BAK1+KLF1	8	29	compositional_ridge	roles	1	0	1	0.04079415456822565	0.08894184184742501	0.6559194008553028	1.0
0	BAK1+KLF1	8	29	compositional_ridge	roles	1	0	2	0.04079415456822565	0.08894184184742501	0.6559194008553028	1.0
0	BAK1+KLF1	8	29	compositional_ridge	roles	1	1	0	0.006043151830994505	0.034773074839558445	0.9435300266021269	1.0
0	BAK1+KLF1	8	29	compositional_ridge	roles	1	1	1	0.006043151830994505	0.034773074839558445	0.9435300266021269	1.0
0	BAK1+KLF1	8	29	compositional_ridge	roles	1	1	2	0.006043151830994505	0.034773074839558445	0.9435300266021269	1.0
0	BAK1+KLF1	8	29	compositional_ridge	roles	1	2	0	0.0388351226019311	0.08619634406378433	0.6907522917884709	1.0
0	BAK1+KLF1	8	29	compositional_ridge	roles	1	2	1	0.0388351226019311	0.08619634406378433	0.6907522917884709	1.0
0	BAK1+KLF1	8	29	compositional_ridge	roles	1	2	2	0.0388351226019311	0.08619634406378433	0.6907522917884709	1.0
0	BAK1+KLF1	8	29	compositional_ridge	roles	2	0	0	0.039715617622410875	0.08724075455694369	0.668971558432465	1.0
0	BAK1+KLF1	8	29	compositional_ridge	roles	2	0	1	0.039715617622410875	0.08724075455694369	0.668971558432465	1.0
0	BAK1+KLF1	8	29	compositional_ridge	roles	2	0	2	0.039715617622410875	0.08724075455694369	0.668971558432465	1.0
0	BAK1+KLF1	8	29	compositional_ridge	roles	2	1	0	0.03653089011147699	0.08300831880352642	0.7088016232671837	1.0
0	BAK1+KLF1	8	29	compositional_ridge	roles	2	1	1	0.03653089011147699	0.08300831880352642	0.7088016232671837	1.0
0	BAK1+KLF1	8	29	compositional_ridge	roles	2	1	2	0.03653089011147699	0.08300831880352642	0.7088016232671837	1.0
0	BAK1+KLF1	8	29	compositional_ridge	roles	2	2	0	0.006043151830994505	0.034773074839558445	0.9435300266021269	1.0
0	BAK1+KLF1	8	29	compositional_ridge	roles	2	2	1	0.006043151830994505	0.034773074839558445	0.9435300266021269	1.0
0	BAK1+KLF1	8	29	compositional_ridge	roles	2	2	2	0.006043151830994505	0.034773074839558445	0.9435300266021269	1.0
0	BAK1+KLF1	8	29	compositional_ridge	direct_state	unused	unused	0	0.006043151830994505	0.034773074839558445	0.9435300266021269	1.0
0	BAK1+KLF1	8	29	compositional_ridge	direct_state	unused	unused	1	0.006043151830994505	0.034773074839558445	0.9435300266021269	1.0
0	BAK1+KLF1	8	29	compositional_ridge	direct_state	unused	unused	2	0.006043151830994505	0.034773074839558445	0.9435300266021269	1.0
0	BAK1+KLF1	8	29	NC_native_effect	roles	0	0	0	0.04611556616520181	0.10078050047487759	0.39147127650189434	0.8888888888888888
0	BAK1+KLF1	8	29	NC_native_effect	roles	0	0	1	0.04611556616520181	0.10078050047487759	0.39147127650189434	0.8888888888888888
0	BAK1+KLF1	8	29	NC_native_effect	roles	0	0	2	0.04611556616520181	0.10078050047487759	0.39147127650189434	0.8888888888888888
0	BAK1+KLF1	8	29	NC_native_effect	roles	0	1	0	0.04611556616520181	0.10078050047487759	0.39147127650189434	0.8888888888888888
0	BAK1+KLF1	8	29	NC_native_effect	roles	0	1	1	0.04611556616520181	0.10078050047487759	0.39147127650189434	0.8888888888888888
0	BAK1+KLF1	8	29	NC_native_effect	roles	0	1	2	0.04611556616520181	0.10078050047487759	0.39147127650189434	0.8888888888888888
0	BAK1+KLF1	8	29	NC_native_effect	roles	0	2	0	0.04611556616520181	0.10078050047487759	0.39147127650189434	0.8888888888888888
0	BAK1+KLF1	8	29	NC_native_effect	roles	0	2	1	0.04611556616520181	0.10078050047487759	0.39147127650189434	0.8888888888888888
0	BAK1+KLF1	8	29	NC_native_effect	roles	0	2	2	0.04611556616520181	0.10078050047487759	0.39147127650189434	0.8888888888888888
0	BAK1+KLF1	8	29	NC_native_effect	roles	1	0	0	0.051554256042661256	0.10741222473484911	0.3026741618091222	0.8333333333333334
0	BAK1+KLF1	8	29	NC_native_effect	roles	1	0	1	0.051554256042661256	0.10741222473484911	0.3026741618091222	0.8333333333333334
0	BAK1+KLF1	8	29	NC_native_effect	roles	1	0	2	0.051554256042661256	0.10741222473484911	0.3026741618091222	0.8333333333333334
0	BAK1+KLF1	8	29	NC_native_effect	roles	1	1	0	0.051554256042661256	0.10741222473484911	0.3026741618091222	0.8333333333333334
0	BAK1+KLF1	8	29	NC_native_effect	roles	1	1	1	0.051554256042661256	0.10741222473484911	0.3026741618091222	0.8333333333333334
0	BAK1+KLF1	8	29	NC_native_effect	roles	1	1	2	0.051554256042661256	0.10741222473484911	0.3026741618091222	0.8333333333333334
0	BAK1+KLF1	8	29	NC_native_effect	roles	1	2	0	0.051554256042661256	0.10741222473484911	0.3026741618091222	0.8333333333333334
0	BAK1+KLF1	8	29	NC_native_effect	roles	1	2	1	0.051554256042661256	0.10741222473484911	0.3026741618091222	0.8333333333333334
0	BAK1+KLF1	8	29	NC_native_effect	roles	1	2	2	0.051554256042661256	0.10741222473484911	0.3026741618091222	0.8333333333333334
0	BAK1+KLF1	8	29	NC_native_effect	roles	2	0	0	0.050572619272828315	0.10501924226634417	0.32564284758423195	0.8333333333333334
0	BAK1+KLF1	8	29	NC_native_effect	roles	2	0	1	0.050572619272828315	0.10501924226634417	0.32564284758423195	0.8333333333333334
0	BAK1+KLF1	8	29	NC_native_effect	roles	2	0	2	0.050572619272828315	0.10501924226634417	0.32564284758423195	0.8333333333333334
0	BAK1+KLF1	8	29	NC_native_effect	roles	2	1	0	0.050572619272828315	0.10501924226634417	0.32564284758423195	0.8333333333333334
0	BAK1+KLF1	8	29	NC_native_effect	roles	2	1	1	0.050572619272828315	0.10501924226634417	0.32564284758423195	0.8333333333333334
0	BAK1+KLF1	8	29	NC_native_effect	roles	2	1	2	0.050572619272828315	0.10501924226634417	0.32564284758423195	0.8333333333333334
0	BAK1+KLF1	8	29	NC_native_effect	roles	2	2	0	0.050572619272828315	0.10501924226634417	0.32564284758423195	0.8333333333333334
0	BAK1+KLF1	8	29	NC_native_effect	roles	2	2	1	0.050572619272828315	0.10501924226634417	0.32564284758423195	0.8333333333333334
0	BAK1+KLF1	8	29	NC_native_effect	roles	2	2	2	0.050572619272828315	0.10501924226634417	0.32564284758423195	0.8333333333333334
0	BAK1+KLF1	8	29	NC_native_effect	direct_state	unused	unused	0	0.03251206408928043	0.08857144230455566	0.5032039779519699	0.8518518518518519
0	BAK1+KLF1	8	29	NC_native_effect	direct_state	unused	unused	1	0.03251206408928043	0.08857144230455566	0.5032039779519699	0.8518518518518519
0	BAK1+KLF1	8	29	NC_native_effect	direct_state	unused	unused	2	0.03251206408928043	0.08857144230455566	0.5032039779519699	0.8518518518518519
0	BAK1+KLF1	8	29	native_effect_ridge	roles	0	0	0	0.022371342660622892	0.0648662264378703	0.8312534269570045	1.0
0	BAK1+KLF1	8	29	native_effect_ridge	roles	0	0	1	0.022371342660622892	0.0648662264378703	0.8312534269570045	1.0
0	BAK1+KLF1	8	29	native_effect_ridge	roles	0	0	2	0.022371342660622892	0.0648662264378703	0.8312534269570045	1.0
0	BAK1+KLF1	8	29	native_effect_ridge	roles	0	1	0	0.022371342660622892	0.0648662264378703	0.8312534269570045	1.0
0	BAK1+KLF1	8	29	native_effect_ridge	roles	0	1	1	0.022371342660622892	0.0648662264378703	0.8312534269570045	1.0
0	BAK1+KLF1	8	29	native_effect_ridge	roles	0	1	2	0.022371342660622892	0.0648662264378703	0.8312534269570045	1.0
0	BAK1+KLF1	8	29	native_effect_ridge	roles	0	2	0	0.022371342660622892	0.0648662264378703	0.8312534269570045	1.0
0	BAK1+KLF1	8	29	native_effect_ridge	roles	0	2	1	0.022371342660622892	0.0648662264378703	0.8312534269570045	1.0
0	BAK1+KLF1	8	29	native_effect_ridge	roles	0	2	2	0.022371342660622892	0.0648662264378703	0.8312534269570045	1.0
0	BAK1+KLF1	8	29	native_effect_ridge	roles	1	0	0	0.02270645800011788	0.06565482543361331	0.8051526396497806	1.0
0	BAK1+KLF1	8	29	native_effect_ridge	roles	1	0	1	0.02270645800011788	0.06565482543361331	0.8051526396497806	1.0
0	BAK1+KLF1	8	29	native_effect_ridge	roles	1	0	2	0.02270645800011788	0.06565482543361331	0.8051526396497806	1.0
0	BAK1+KLF1	8	29	native_effect_ridge	roles	1	1	0	0.02270645800011788	0.06565482543361331	0.8051526396497806	1.0
0	BAK1+KLF1	8	29	native_effect_ridge	roles	1	1	1	0.02270645800011788	0.06565482543361331	0.8051526396497806	1.0
0	BAK1+KLF1	8	29	native_effect_ridge	roles	1	1	2	0.02270645800011788	0.06565482543361331	0.8051526396497806	1.0
0	BAK1+KLF1	8	29	native_effect_ridge	roles	1	2	0	0.02270645800011788	0.06565482543361331	0.8051526396497806	1.0
0	BAK1+KLF1	8	29	native_effect_ridge	roles	1	2	1	0.02270645800011788	0.06565482543361331	0.8051526396497806	1.0
0	BAK1+KLF1	8	29	native_effect_ridge	roles	1	2	2	0.02270645800011788	0.06565482543361331	0.8051526396497806	1.0
0	BAK1+KLF1	8	29	native_effect_ridge	roles	2	0	0	0.021354369613250733	0.06331988106352404	0.8170437398099806	1.0
0	BAK1+KLF1	8	29	native_effect_ridge	roles	2	0	1	0.021354369613250733	0.06331988106352404	0.8170437398099806	1.0
0	BAK1+KLF1	8	29	native_effect_ridge	roles	2	0	2	0.021354369613250733	0.06331988106352404	0.8170437398099806	1.0
0	BAK1+KLF1	8	29	native_effect_ridge	roles	2	1	0	0.021354369613250733	0.06331988106352404	0.8170437398099806	1.0
0	BAK1+KLF1	8	29	native_effect_ridge	roles	2	1	1	0.021354369613250733	0.06331988106352404	0.8170437398099806	1.0
0	BAK1+KLF1	8	29	native_effect_ridge	roles	2	1	2	0.021354369613250733	0.06331988106352404	0.8170437398099806	1.0
0	BAK1+KLF1	8	29	native_effect_ridge	roles	2	2	0	0.021354369613250733	0.06331988106352404	0.8170437398099806	1.0
0	BAK1+KLF1	8	29	native_effect_ridge	roles	2	2	1	0.021354369613250733	0.06331988106352404	0.8170437398099806	1.0
0	BAK1+KLF1	8	29	native_effect_ridge	roles	2	2	2	0.021354369613250733	0.06331988106352404	0.8170437398099806	1.0
0	BAK1+KLF1	8	29	native_effect_ridge	direct_state	unused	unused	0	0.006532478581377718	0.03542818799733687	0.9377512466057497	1.0
0	BAK1+KLF1	8	29	native_effect_ridge	direct_state	unused	unused	1	0.006532478581377718	0.03542818799733687	0.9377512466057497	1.0
0	BAK1+KLF1	8	29	native_effect_ridge	direct_state	unused	unused	2	0.006532478581377718	0.03542818799733687	0.9377512466057497	1.0
0	BAK1+KLF1	16	0	selected_CPA	roles	0	0	0	0.020089837558159712	0.06345542626913533	0.8237541327516462	0.9814814814814815
0	BAK1+KLF1	16	0	selected_CPA	roles	0	0	1	0.020803696898119704	0.06461780074573317	0.8364279023954304	0.9814814814814815
0	BAK1+KLF1	16	0	selected_CPA	roles	0	0	2	0.018839903002256225	0.06187149862371107	0.8280840963589621	1.0
0	BAK1+KLF1	16	0	selected_CPA	roles	0	1	0	0.035846337538441075	0.08367664305616342	0.6154919760200105	0.9814814814814815
0	BAK1+KLF1	16	0	selected_CPA	roles	0	1	1	0.03391563491753098	0.08108811910146708	0.6262939236496756	0.9814814814814815
0	BAK1+KLF1	16	0	selected_CPA	roles	0	1	2	0.033583743866502175	0.08105838399515648	0.6320922111935301	0.9814814814814815
0	BAK1+KLF1	16	0	selected_CPA	roles	0	2	0	0.03783334211382359	0.0858928267693123	0.593696171028441	0.9814814814814815
0	BAK1+KLF1	16	0	selected_CPA	roles	0	2	1	0.03729328516095752	0.08509368911567457	0.5902952275669433	0.9814814814814815
0	BAK1+KLF1	16	0	selected_CPA	roles	0	2	2	0.03456632868580411	0.08210088825226813	0.6192814756434535	0.9814814814814815
0	BAK1+KLF1	16	0	selected_CPA	roles	1	0	0	0.0330244813551333	0.08039788677598392	0.6279388497876477	0.9814814814814815
0	BAK1+KLF1	16	0	selected_CPA	roles	1	0	1	0.036382902655963376	0.08478240284524852	0.5794117481584056	0.9814814814814815
0	BAK1+KLF1	16	0	selected_CPA	roles	1	0	2	0.03278720591526523	0.08061092738071365	0.6212113799783155	1.0
0	BAK1+KLF1	16	0	selected_CPA	roles	1	1	0	0.020089837558159712	0.06345542626913533	0.8237541327516462	0.9814814814814815
0	BAK1+KLF1	16	0	selected_CPA	roles	1	1	1	0.020803696898119704	0.06461780074573317	0.8364279023954304	0.9814814814814815
0	BAK1+KLF1	16	0	selected_CPA	roles	1	1	2	0.018839903002256225	0.06187149862371107	0.8280840963589621	1.0
0	BAK1+KLF1	16	0	selected_CPA	roles	1	2	0	0.036298049457224195	0.08421140191126414	0.5998842579857645	0.9814814814814815
0	BAK1+KLF1	16	0	selected_CPA	roles	1	2	1	0.03840255446522822	0.0867772149397808	0.5670712426010953	0.9814814814814815
0	BAK1+KLF1	16	0	selected_CPA	roles	1	2	2	0.03404369514524014	0.08177621029026315	0.6154003600891788	0.9814814814814815
0	BAK1+KLF1	16	0	selected_CPA	roles	2	0	0	0.03172186067821332	0.07867784012992211	0.6441898375629455	1.0
0	BAK1+KLF1	16	0	selected_CPA	roles	2	0	1	0.03368963631099936	0.08139153758870024	0.6130682622547834	1.0
0	BAK1+KLF1	16	0	selected_CPA	roles	2	0	2	0.03248900499442583	0.08018857028288802	0.6303466670501058	1.0
0	BAK1+KLF1	16	0	selected_CPA	roles	2	1	0	0.03300842420492171	0.08026297679535443	0.6386212586204989	1.0
0	BAK1+KLF1	16	0	selected_CPA	roles	2	1	1	0.03233163787683767	0.07937983826918744	0.636780330482726	1.0
0	BAK1+KLF1	16	0	selected_CPA	roles	2	1	2	0.032762909405098795	0.08030777997409183	0.6372802601952743	1.0
0	BAK1+KLF1	16	0	selected_CPA	roles	2	2	0	0.020089837558159712	0.06345542626913533	0.8237541327516462	0.9814814814814815
0	BAK1+KLF1	16	0	selected_CPA	roles	2	2	1	0.020803696898119704	0.06461780074573317	0.8364279023954304	0.9814814814814815
0	BAK1+KLF1	16	0	selected_CPA	roles	2	2	2	0.018839903002256225	0.06187149862371107	0.8280840963589621	1.0
0	BAK1+KLF1	16	0	selected_CPA	direct_state	unused	unused	0	0.020089837558159712	0.06345542626913533	0.8237541327516462	0.9814814814814815
0	BAK1+KLF1	16	0	selected_CPA	direct_state	unused	unused	1	0.020803696898119704	0.06461780074573317	0.8364279023954304	0.9814814814814815
0	BAK1+KLF1	16	0	selected_CPA	direct_state	unused	unused	2	0.018839903002256225	0.06187149862371107	0.8280840963589621	1.0
0	BAK1+KLF1	16	0	original_CPA_fixed	roles	0	0	0	0.02060770208667321	0.06794371769685714	0.795187953542578	0.9259259259259259
0	BAK1+KLF1	16	0	original_CPA_fixed	roles	0	0	1	0.02060770208667321	0.06794371769685714	0.795187953542578	0.9259259259259259
0	BAK1+KLF1	16	0	original_CPA_fixed	roles	0	0	2	0.02060770208667321	0.06794371769685714	0.795187953542578	0.9259259259259259
0	BAK1+KLF1	16	0	original_CPA_fixed	roles	0	1	0	0.03501054630147771	0.08478931710343504	0.5930609739473671	0.9444444444444444
0	BAK1+KLF1	16	0	original_CPA_fixed	roles	0	1	1	0.03501054630147771	0.08478931710343504	0.5930609739473671	0.9444444444444444
0	BAK1+KLF1	16	0	original_CPA_fixed	roles	0	1	2	0.03501054630147771	0.08478931710343504	0.5930609739473671	0.9444444444444444
0	BAK1+KLF1	16	0	original_CPA_fixed	roles	0	2	0	0.036323129926970066	0.08607282030459988	0.5797228473742295	0.9444444444444444
0	BAK1+KLF1	16	0	original_CPA_fixed	roles	0	2	1	0.036323129926970066	0.08607282030459988	0.5797228473742295	0.9444444444444444
0	BAK1+KLF1	16	0	original_CPA_fixed	roles	0	2	2	0.036323129926970066	0.08607282030459988	0.5797228473742295	0.9444444444444444
0	BAK1+KLF1	16	0	original_CPA_fixed	roles	1	0	0	0.03489600164912366	0.08634748287744548	0.5626577418761661	0.9074074074074074
0	BAK1+KLF1	16	0	original_CPA_fixed	roles	1	0	1	0.03489600164912366	0.08634748287744548	0.5626577418761661	0.9074074074074074
0	BAK1+KLF1	16	0	original_CPA_fixed	roles	1	0	2	0.03489600164912366	0.08634748287744548	0.5626577418761661	0.9074074074074074
0	BAK1+KLF1	16	0	original_CPA_fixed	roles	1	1	0	0.02060770208667321	0.06794371769685714	0.795187953542578	0.9259259259259259
0	BAK1+KLF1	16	0	original_CPA_fixed	roles	1	1	1	0.02060770208667321	0.06794371769685714	0.795187953542578	0.9259259259259259
0	BAK1+KLF1	16	0	original_CPA_fixed	roles	1	1	2	0.02060770208667321	0.06794371769685714	0.795187953542578	0.9259259259259259
0	BAK1+KLF1	16	0	original_CPA_fixed	roles	1	2	0	0.036141493035847544	0.08674573687726433	0.5657833807430177	0.9074074074074074
0	BAK1+KLF1	16	0	original_CPA_fixed	roles	1	2	1	0.036141493035847544	0.08674573687726433	0.5657833807430177	0.9074074074074074
0	BAK1+KLF1	16	0	original_CPA_fixed	roles	1	2	2	0.036141493035847544	0.08674573687726433	0.5657833807430177	0.9074074074074074
0	BAK1+KLF1	16	0	original_CPA_fixed	roles	2	0	0	0.03426780192209384	0.08566659282176349	0.5743644973117605	0.9259259259259259
0	BAK1+KLF1	16	0	original_CPA_fixed	roles	2	0	1	0.03426780192209384	0.08566659282176349	0.5743644973117605	0.9259259259259259
0	BAK1+KLF1	16	0	original_CPA_fixed	roles	2	0	2	0.03426780192209384	0.08566659282176349	0.5743644973117605	0.9259259259259259
0	BAK1+KLF1	16	0	original_CPA_fixed	roles	2	1	0	0.03420070968332536	0.08478442128408721	0.5905509791572331	0.9259259259259259
0	BAK1+KLF1	16	0	original_CPA_fixed	roles	2	1	1	0.03420070968332536	0.08478442128408721	0.5905509791572331	0.9259259259259259
0	BAK1+KLF1	16	0	original_CPA_fixed	roles	2	1	2	0.03420070968332536	0.08478442128408721	0.5905509791572331	0.9259259259259259
0	BAK1+KLF1	16	0	original_CPA_fixed	roles	2	2	0	0.02060770208667321	0.06794371769685714	0.795187953542578	0.9259259259259259
0	BAK1+KLF1	16	0	original_CPA_fixed	roles	2	2	1	0.02060770208667321	0.06794371769685714	0.795187953542578	0.9259259259259259
0	BAK1+KLF1	16	0	original_CPA_fixed	roles	2	2	2	0.02060770208667321	0.06794371769685714	0.795187953542578	0.9259259259259259
0	BAK1+KLF1	16	0	original_CPA_fixed	direct_state	unused	unused	0	0.02060770208667321	0.06794371769685714	0.795187953542578	0.9259259259259259
0	BAK1+KLF1	16	0	original_CPA_fixed	direct_state	unused	unused	1	0.02060770208667321	0.06794371769685714	0.795187953542578	0.9259259259259259
0	BAK1+KLF1	16	0	original_CPA_fixed	direct_state	unused	unused	2	0.02060770208667321	0.06794371769685714	0.795187953542578	0.9259259259259259
0	BAK1+KLF1	16	0	additive	roles	0	0	0	0.0058304618726721545	0.03365381649945048	0.9526325484441007	1.0
0	BAK1+KLF1	16	0	additive	roles	0	0	1	0.0058304618726721545	0.03365381649945048	0.9526325484441007	1.0
0	BAK1+KLF1	16	0	additive	roles	0	0	2	0.0058304618726721545	0.03365381649945048	0.9526325484441007	1.0
0	BAK1+KLF1	16	0	additive	roles	0	1	0	0.02009762930928754	0.06189731419888087	0.8667108010231723	1.0
0	BAK1+KLF1	16	0	additive	roles	0	1	1	0.02009762930928754	0.06189731419888087	0.8667108010231723	1.0
0	BAK1+KLF1	16	0	additive	roles	0	1	2	0.02009762930928754	0.06189731419888087	0.8667108010231723	1.0
0	BAK1+KLF1	16	0	additive	roles	0	2	0	0.02024148364466133	0.062091732875389195	0.8555987926440483	1.0
0	BAK1+KLF1	16	0	additive	roles	0	2	1	0.02024148364466133	0.062091732875389195	0.8555987926440483	1.0
0	BAK1+KLF1	16	0	additive	roles	0	2	2	0.02024148364466133	0.062091732875389195	0.8555987926440483	1.0
0	BAK1+KLF1	16	0	additive	roles	1	0	0	0.02025443821331172	0.06201854376006872	0.8528174325061606	1.0
0	BAK1+KLF1	16	0	additive	roles	1	0	1	0.02025443821331172	0.06201854376006872	0.8528174325061606	1.0
0	BAK1+KLF1	16	0	additive	roles	1	0	2	0.02025443821331172	0.06201854376006872	0.8528174325061606	1.0
0	BAK1+KLF1	16	0	additive	roles	1	1	0	0.0058304618726721545	0.03365381649945048	0.9526325484441007	1.0
0	BAK1+KLF1	16	0	additive	roles	1	1	1	0.0058304618726721545	0.03365381649945048	0.9526325484441007	1.0
0	BAK1+KLF1	16	0	additive	roles	1	1	2	0.0058304618726721545	0.03365381649945048	0.9526325484441007	1.0
0	BAK1+KLF1	16	0	additive	roles	1	2	0	0.02019552353172792	0.062014975151173574	0.8492393950558798	1.0
0	BAK1+KLF1	16	0	additive	roles	1	2	1	0.02019552353172792	0.062014975151173574	0.8492393950558798	1.0
0	BAK1+KLF1	16	0	additive	roles	1	2	2	0.02019552353172792	0.062014975151173574	0.8492393950558798	1.0
0	BAK1+KLF1	16	0	additive	roles	2	0	0	0.020794967776400462	0.06264481950190304	0.8622529613497776	1.0
0	BAK1+KLF1	16	0	additive	roles	2	0	1	0.020794967776400462	0.06264481950190304	0.8622529613497776	1.0
0	BAK1+KLF1	16	0	additive	roles	2	0	2	0.020794967776400462	0.06264481950190304	0.8622529613497776	1.0
0	BAK1+KLF1	16	0	additive	roles	2	1	0	0.02059219875944287	0.06244857882188688	0.8697815505749819	1.0
0	BAK1+KLF1	16	0	additive	roles	2	1	1	0.02059219875944287	0.06244857882188688	0.8697815505749819	1.0
0	BAK1+KLF1	16	0	additive	roles	2	1	2	0.02059219875944287	0.06244857882188688	0.8697815505749819	1.0
0	BAK1+KLF1	16	0	additive	roles	2	2	0	0.0058304618726721545	0.03365381649945048	0.9526325484441007	1.0
0	BAK1+KLF1	16	0	additive	roles	2	2	1	0.0058304618726721545	0.03365381649945048	0.9526325484441007	1.0
0	BAK1+KLF1	16	0	additive	roles	2	2	2	0.0058304618726721545	0.03365381649945048	0.9526325484441007	1.0
0	BAK1+KLF1	16	0	additive	direct_state	unused	unused	0	0.0058304618726721545	0.03365381649945048	0.9526325484441007	1.0
0	BAK1+KLF1	16	0	additive	direct_state	unused	unused	1	0.0058304618726721545	0.03365381649945048	0.9526325484441007	1.0
0	BAK1+KLF1	16	0	additive	direct_state	unused	unused	2	0.0058304618726721545	0.03365381649945048	0.9526325484441007	1.0
0	BAK1+KLF1	16	0	compositional_ridge	roles	0	0	0	0.006043151830994505	0.034773074839558445	0.9435300266021269	1.0
0	BAK1+KLF1	16	0	compositional_ridge	roles	0	0	1	0.006043151830994505	0.034773074839558445	0.9435300266021269	1.0
0	BAK1+KLF1	16	0	compositional_ridge	roles	0	0	2	0.006043151830994505	0.034773074839558445	0.9435300266021269	1.0
0	BAK1+KLF1	16	0	compositional_ridge	roles	0	1	0	0.019816633565739004	0.06112088666179984	0.8176905318762896	1.0
0	BAK1+KLF1	16	0	compositional_ridge	roles	0	1	1	0.019816633565739004	0.06112088666179984	0.8176905318762896	1.0
0	BAK1+KLF1	16	0	compositional_ridge	roles	0	1	2	0.019816633565739004	0.06112088666179984	0.8176905318762896	1.0
0	BAK1+KLF1	16	0	compositional_ridge	roles	0	2	0	0.020866260804559455	0.06263963908428279	0.8048331503249275	1.0
0	BAK1+KLF1	16	0	compositional_ridge	roles	0	2	1	0.020866260804559455	0.06263963908428279	0.8048331503249275	1.0
0	BAK1+KLF1	16	0	compositional_ridge	roles	0	2	2	0.020866260804559455	0.06263963908428279	0.8048331503249275	1.0
0	BAK1+KLF1	16	0	compositional_ridge	roles	1	0	0	0.020960813873504958	0.06399210284455147	0.7924691737371446	1.0
0	BAK1+KLF1	16	0	compositional_ridge	roles	1	0	1	0.020960813873504958	0.06399210284455147	0.7924691737371446	1.0
0	BAK1+KLF1	16	0	compositional_ridge	roles	1	0	2	0.020960813873504958	0.06399210284455147	0.7924691737371446	1.0
0	BAK1+KLF1	16	0	compositional_ridge	roles	1	1	0	0.006043151830994505	0.034773074839558445	0.9435300266021269	1.0
0	BAK1+KLF1	16	0	compositional_ridge	roles	1	1	1	0.006043151830994505	0.034773074839558445	0.9435300266021269	1.0
0	BAK1+KLF1	16	0	compositional_ridge	roles	1	1	2	0.006043151830994505	0.034773074839558445	0.9435300266021269	1.0
0	BAK1+KLF1	16	0	compositional_ridge	roles	1	2	0	0.021313986393496936	0.06392417636286322	0.7929703689630018	1.0
0	BAK1+KLF1	16	0	compositional_ridge	roles	1	2	1	0.021313986393496936	0.06392417636286322	0.7929703689630018	1.0
0	BAK1+KLF1	16	0	compositional_ridge	roles	1	2	2	0.021313986393496936	0.06392417636286322	0.7929703689630018	1.0
0	BAK1+KLF1	16	0	compositional_ridge	roles	2	0	0	0.020595570533147034	0.06331829952646538	0.803519677553	1.0
0	BAK1+KLF1	16	0	compositional_ridge	roles	2	0	1	0.020595570533147034	0.06331829952646538	0.803519677553	1.0
0	BAK1+KLF1	16	0	compositional_ridge	roles	2	0	2	0.020595570533147034	0.06331829952646538	0.803519677553	1.0
0	BAK1+KLF1	16	0	compositional_ridge	roles	2	1	0	0.019899115814318556	0.06174590313406509	0.8168207619071305	1.0
0	BAK1+KLF1	16	0	compositional_ridge	roles	2	1	1	0.019899115814318556	0.06174590313406509	0.8168207619071305	1.0
0	BAK1+KLF1	16	0	compositional_ridge	roles	2	1	2	0.019899115814318556	0.06174590313406509	0.8168207619071305	1.0
0	BAK1+KLF1	16	0	compositional_ridge	roles	2	2	0	0.006043151830994505	0.034773074839558445	0.9435300266021269	1.0
0	BAK1+KLF1	16	0	compositional_ridge	roles	2	2	1	0.006043151830994505	0.034773074839558445	0.9435300266021269	1.0
0	BAK1+KLF1	16	0	compositional_ridge	roles	2	2	2	0.006043151830994505	0.034773074839558445	0.9435300266021269	1.0
0	BAK1+KLF1	16	0	compositional_ridge	direct_state	unused	unused	0	0.006043151830994505	0.034773074839558445	0.9435300266021269	1.0
0	BAK1+KLF1	16	0	compositional_ridge	direct_state	unused	unused	1	0.006043151830994505	0.034773074839558445	0.9435300266021269	1.0
0	BAK1+KLF1	16	0	compositional_ridge	direct_state	unused	unused	2	0.006043151830994505	0.034773074839558445	0.9435300266021269	1.0
0	BAK1+KLF1	16	0	NC_native_effect	roles	0	0	0	0.038831404549220974	0.0938298541358744	0.4574008654494936	0.8703703703703703
0	BAK1+KLF1	16	0	NC_native_effect	roles	0	0	1	0.038831404549220974	0.0938298541358744	0.4574008654494936	0.8703703703703703
0	BAK1+KLF1	16	0	NC_native_effect	roles	0	0	2	0.038831404549220974	0.0938298541358744	0.4574008654494936	0.8703703703703703
0	BAK1+KLF1	16	0	NC_native_effect	roles	0	1	0	0.038831404549220974	0.0938298541358744	0.4574008654494936	0.8703703703703703
0	BAK1+KLF1	16	0	NC_native_effect	roles	0	1	1	0.038831404549220974	0.0938298541358744	0.4574008654494936	0.8703703703703703
0	BAK1+KLF1	16	0	NC_native_effect	roles	0	1	2	0.038831404549220974	0.0938298541358744	0.4574008654494936	0.8703703703703703
0	BAK1+KLF1	16	0	NC_native_effect	roles	0	2	0	0.038831404549220974	0.0938298541358744	0.4574008654494936	0.8703703703703703
0	BAK1+KLF1	16	0	NC_native_effect	roles	0	2	1	0.038831404549220974	0.0938298541358744	0.4574008654494936	0.8703703703703703
0	BAK1+KLF1	16	0	NC_native_effect	roles	0	2	2	0.038831404549220974	0.0938298541358744	0.4574008654494936	0.8703703703703703
0	BAK1+KLF1	16	0	NC_native_effect	roles	1	0	0	0.03771917327616012	0.09382012490349907	0.44384017530020126	0.8703703703703703
0	BAK1+KLF1	16	0	NC_native_effect	roles	1	0	1	0.03771917327616012	0.09382012490349907	0.44384017530020126	0.8703703703703703
0	BAK1+KLF1	16	0	NC_native_effect	roles	1	0	2	0.03771917327616012	0.09382012490349907	0.44384017530020126	0.8703703703703703
0	BAK1+KLF1	16	0	NC_native_effect	roles	1	1	0	0.03771917327616012	0.09382012490349907	0.44384017530020126	0.8703703703703703
0	BAK1+KLF1	16	0	NC_native_effect	roles	1	1	1	0.03771917327616012	0.09382012490349907	0.44384017530020126	0.8703703703703703
0	BAK1+KLF1	16	0	NC_native_effect	roles	1	1	2	0.03771917327616012	0.09382012490349907	0.44384017530020126	0.8703703703703703
0	BAK1+KLF1	16	0	NC_native_effect	roles	1	2	0	0.03771917327616012	0.09382012490349907	0.44384017530020126	0.8703703703703703
0	BAK1+KLF1	16	0	NC_native_effect	roles	1	2	1	0.03771917327616012	0.09382012490349907	0.44384017530020126	0.8703703703703703
0	BAK1+KLF1	16	0	NC_native_effect	roles	1	2	2	0.03771917327616012	0.09382012490349907	0.44384017530020126	0.8703703703703703
0	BAK1+KLF1	16	0	NC_native_effect	roles	2	0	0	0.03808817886323405	0.09445125453167322	0.45274942735642976	0.8888888888888888
0	BAK1+KLF1	16	0	NC_native_effect	roles	2	0	1	0.03808817886323405	0.09445125453167322	0.45274942735642976	0.8888888888888888
0	BAK1+KLF1	16	0	NC_native_effect	roles	2	0	2	0.03808817886323405	0.09445125453167322	0.45274942735642976	0.8888888888888888
0	BAK1+KLF1	16	0	NC_native_effect	roles	2	1	0	0.03808817886323405	0.09445125453167322	0.45274942735642976	0.8888888888888888
0	BAK1+KLF1	16	0	NC_native_effect	roles	2	1	1	0.03808817886323405	0.09445125453167322	0.45274942735642976	0.8888888888888888
0	BAK1+KLF1	16	0	NC_native_effect	roles	2	1	2	0.03808817886323405	0.09445125453167322	0.45274942735642976	0.8888888888888888
0	BAK1+KLF1	16	0	NC_native_effect	roles	2	2	0	0.03808817886323405	0.09445125453167322	0.45274942735642976	0.8888888888888888
0	BAK1+KLF1	16	0	NC_native_effect	roles	2	2	1	0.03808817886323405	0.09445125453167322	0.45274942735642976	0.8888888888888888
0	BAK1+KLF1	16	0	NC_native_effect	roles	2	2	2	0.03808817886323405	0.09445125453167322	0.45274942735642976	0.8888888888888888
0	BAK1+KLF1	16	0	NC_native_effect	direct_state	unused	unused	0	0.03251206408928043	0.08857144230455566	0.5032039779519699	0.8518518518518519
0	BAK1+KLF1	16	0	NC_native_effect	direct_state	unused	unused	1	0.03251206408928043	0.08857144230455566	0.5032039779519699	0.8518518518518519
0	BAK1+KLF1	16	0	NC_native_effect	direct_state	unused	unused	2	0.03251206408928043	0.08857144230455566	0.5032039779519699	0.8518518518518519
0	BAK1+KLF1	16	0	native_effect_ridge	roles	0	0	0	0.0145746223594372	0.05231126020196356	0.8805969499910214	1.0
0	BAK1+KLF1	16	0	native_effect_ridge	roles	0	0	1	0.0145746223594372	0.05231126020196356	0.8805969499910214	1.0
0	BAK1+KLF1	16	0	native_effect_ridge	roles	0	0	2	0.0145746223594372	0.05231126020196356	0.8805969499910214	1.0
0	BAK1+KLF1	16	0	native_effect_ridge	roles	0	1	0	0.0145746223594372	0.05231126020196356	0.8805969499910214	1.0
0	BAK1+KLF1	16	0	native_effect_ridge	roles	0	1	1	0.0145746223594372	0.05231126020196356	0.8805969499910214	1.0
0	BAK1+KLF1	16	0	native_effect_ridge	roles	0	1	2	0.0145746223594372	0.05231126020196356	0.8805969499910214	1.0
0	BAK1+KLF1	16	0	native_effect_ridge	roles	0	2	0	0.0145746223594372	0.05231126020196356	0.8805969499910214	1.0
0	BAK1+KLF1	16	0	native_effect_ridge	roles	0	2	1	0.0145746223594372	0.05231126020196356	0.8805969499910214	1.0
0	BAK1+KLF1	16	0	native_effect_ridge	roles	0	2	2	0.0145746223594372	0.05231126020196356	0.8805969499910214	1.0
0	BAK1+KLF1	16	0	native_effect_ridge	roles	1	0	0	0.014170349984165486	0.05184068055633216	0.8775319797136002	1.0
0	BAK1+KLF1	16	0	native_effect_ridge	roles	1	0	1	0.014170349984165486	0.05184068055633216	0.8775319797136002	1.0
0	BAK1+KLF1	16	0	native_effect_ridge	roles	1	0	2	0.014170349984165486	0.05184068055633216	0.8775319797136002	1.0
0	BAK1+KLF1	16	0	native_effect_ridge	roles	1	1	0	0.014170349984165486	0.05184068055633216	0.8775319797136002	1.0
0	BAK1+KLF1	16	0	native_effect_ridge	roles	1	1	1	0.014170349984165486	0.05184068055633216	0.8775319797136002	1.0
0	BAK1+KLF1	16	0	native_effect_ridge	roles	1	1	2	0.014170349984165486	0.05184068055633216	0.8775319797136002	1.0
0	BAK1+KLF1	16	0	native_effect_ridge	roles	1	2	0	0.014170349984165486	0.05184068055633216	0.8775319797136002	1.0
0	BAK1+KLF1	16	0	native_effect_ridge	roles	1	2	1	0.014170349984165486	0.05184068055633216	0.8775319797136002	1.0
0	BAK1+KLF1	16	0	native_effect_ridge	roles	1	2	2	0.014170349984165486	0.05184068055633216	0.8775319797136002	1.0
0	BAK1+KLF1	16	0	native_effect_ridge	roles	2	0	0	0.014790327678382358	0.05302127540499272	0.8823672796111125	1.0
0	BAK1+KLF1	16	0	native_effect_ridge	roles	2	0	1	0.014790327678382358	0.05302127540499272	0.8823672796111125	1.0
0	BAK1+KLF1	16	0	native_effect_ridge	roles	2	0	2	0.014790327678382358	0.05302127540499272	0.8823672796111125	1.0
0	BAK1+KLF1	16	0	native_effect_ridge	roles	2	1	0	0.014790327678382358	0.05302127540499272	0.8823672796111125	1.0
0	BAK1+KLF1	16	0	native_effect_ridge	roles	2	1	1	0.014790327678382358	0.05302127540499272	0.8823672796111125	1.0
0	BAK1+KLF1	16	0	native_effect_ridge	roles	2	1	2	0.014790327678382358	0.05302127540499272	0.8823672796111125	1.0
0	BAK1+KLF1	16	0	native_effect_ridge	roles	2	2	0	0.014790327678382358	0.05302127540499272	0.8823672796111125	1.0
0	BAK1+KLF1	16	0	native_effect_ridge	roles	2	2	1	0.014790327678382358	0.05302127540499272	0.8823672796111125	1.0
0	BAK1+KLF1	16	0	native_effect_ridge	roles	2	2	2	0.014790327678382358	0.05302127540499272	0.8823672796111125	1.0
0	BAK1+KLF1	16	0	native_effect_ridge	direct_state	unused	unused	0	0.006532478581377718	0.03542818799733687	0.9377512466057497	1.0
0	BAK1+KLF1	16	0	native_effect_ridge	direct_state	unused	unused	1	0.006532478581377718	0.03542818799733687	0.9377512466057497	1.0
0	BAK1+KLF1	16	0	native_effect_ridge	direct_state	unused	unused	2	0.006532478581377718	0.03542818799733687	0.9377512466057497	1.0
0	BAK1+KLF1	16	29	selected_CPA	roles	0	0	0	0.02081136194902145	0.06478231597972417	0.8257437146045065	1.0
0	BAK1+KLF1	16	29	selected_CPA	roles	0	0	1	0.025393011987624434	0.07211837343041146	0.7631869102521215	0.9444444444444444
0	BAK1+KLF1	16	29	selected_CPA	roles	0	0	2	0.022474347988642555	0.06710325692484292	0.7962176526833427	0.9814814814814815
0	BAK1+KLF1	16	29	selected_CPA	roles	0	1	0	0.03366634722843884	0.0807849732156273	0.6259770237700025	1.0
0	BAK1+KLF1	16	29	selected_CPA	roles	0	1	1	0.03489109013272727	0.0825021662486441	0.6046349568066537	1.0
0	BAK1+KLF1	16	29	selected_CPA	roles	0	1	2	0.03326882294508641	0.08002156628433227	0.6394505632448751	1.0
0	BAK1+KLF1	16	29	selected_CPA	roles	0	2	0	0.03753128837107446	0.08580637849502605	0.5684045592485364	1.0
0	BAK1+KLF1	16	29	selected_CPA	roles	0	2	1	0.04006372405816249	0.08917259788688017	0.5289644372595184	0.9444444444444444
0	BAK1+KLF1	16	29	selected_CPA	roles	0	2	2	0.036480734617341526	0.0842501453869945	0.5904216168285852	0.9814814814814815
0	BAK1+KLF1	16	29	selected_CPA	roles	1	0	0	0.03883223992444595	0.08797615396818109	0.5463206733432032	0.9444444444444444
0	BAK1+KLF1	16	29	selected_CPA	roles	1	0	1	0.04677079709736349	0.09730380657439217	0.45585778731852783	0.8703703703703703
0	BAK1+KLF1	16	29	selected_CPA	roles	1	0	2	0.04255573628704059	0.09205846917222908	0.5243975917006671	0.9444444444444444
0	BAK1+KLF1	16	29	selected_CPA	roles	1	1	0	0.02081136194902145	0.06478231597972417	0.8257437146045065	1.0
0	BAK1+KLF1	16	29	selected_CPA	roles	1	1	1	0.025393011987624434	0.07211837343041146	0.7631869102521215	0.9444444444444444
0	BAK1+KLF1	16	29	selected_CPA	roles	1	1	2	0.022474347988642555	0.06710325692484292	0.7962176526833427	0.9814814814814815
0	BAK1+KLF1	16	29	selected_CPA	roles	1	2	0	0.04008017050920934	0.08926154533816287	0.5261748410796225	0.9259259259259259
0	BAK1+KLF1	16	29	selected_CPA	roles	1	2	1	0.04596951333061193	0.09633564700515913	0.45294300631557965	0.8518518518518519
0	BAK1+KLF1	16	29	selected_CPA	roles	1	2	2	0.041090127078449945	0.09017668954076458	0.5302847467687143	0.9444444444444444
0	BAK1+KLF1	16	29	selected_CPA	roles	2	0	0	0.03558851027214513	0.08323359241316225	0.6038112516377676	0.9814814814814815
0	BAK1+KLF1	16	29	selected_CPA	roles	2	0	1	0.042219374662263054	0.09136430335552156	0.5287934008722383	0.9444444444444444
0	BAK1+KLF1	16	29	selected_CPA	roles	2	0	2	0.039965036105120276	0.08834407592561987	0.5740082136562699	0.9814814814814815
0	BAK1+KLF1	16	29	selected_CPA	roles	2	1	0	0.03297149971427289	0.0794929432222897	0.6414439597189112	1.0
0	BAK1+KLF1	16	29	selected_CPA	roles	2	1	1	0.03624545697007628	0.08375450590564879	0.601238705211227	0.9814814814814815
0	BAK1+KLF1	16	29	selected_CPA	roles	2	1	2	0.0352875152242745	0.08226246661884719	0.6290355644161815	0.9814814814814815
0	BAK1+KLF1	16	29	selected_CPA	roles	2	2	0	0.02081136194902145	0.06478231597972417	0.8257437146045065	1.0
0	BAK1+KLF1	16	29	selected_CPA	roles	2	2	1	0.025393011987624434	0.07211837343041146	0.7631869102521215	0.9444444444444444
0	BAK1+KLF1	16	29	selected_CPA	roles	2	2	2	0.022474347988642555	0.06710325692484292	0.7962176526833427	0.9814814814814815
0	BAK1+KLF1	16	29	selected_CPA	direct_state	unused	unused	0	0.02081136194902145	0.06478231597972417	0.8257437146045065	1.0
0	BAK1+KLF1	16	29	selected_CPA	direct_state	unused	unused	1	0.025393011987624434	0.07211837343041146	0.7631869102521215	0.9444444444444444
0	BAK1+KLF1	16	29	selected_CPA	direct_state	unused	unused	2	0.022474347988642555	0.06710325692484292	0.7962176526833427	0.9814814814814815
0	BAK1+KLF1	16	29	original_CPA_fixed	roles	0	0	0	0.02060770208667321	0.06794371769685714	0.795187953542578	0.9259259259259259
0	BAK1+KLF1	16	29	original_CPA_fixed	roles	0	0	1	0.02060770208667321	0.06794371769685714	0.795187953542578	0.9259259259259259
0	BAK1+KLF1	16	29	original_CPA_fixed	roles	0	0	2	0.02060770208667321	0.06794371769685714	0.795187953542578	0.9259259259259259
0	BAK1+KLF1	16	29	original_CPA_fixed	roles	0	1	0	0.03252560373729767	0.08193320721635686	0.616816419927707	0.9629629629629629
0	BAK1+KLF1	16	29	original_CPA_fixed	roles	0	1	1	0.03252560373729767	0.08193320721635686	0.616816419927707	0.9629629629629629
0	BAK1+KLF1	16	29	original_CPA_fixed	roles	0	1	2	0.03252560373729767	0.08193320721635686	0.616816419927707	0.9629629629629629
0	BAK1+KLF1	16	29	original_CPA_fixed	roles	0	2	0	0.03639465772990249	0.08773491787786587	0.5522971274378466	0.9259259259259259
0	BAK1+KLF1	16	29	original_CPA_fixed	roles	0	2	1	0.03639465772990249	0.08773491787786587	0.5522971274378466	0.9259259259259259
0	BAK1+KLF1	16	29	original_CPA_fixed	roles	0	2	2	0.03639465772990249	0.08773491787786587	0.5522971274378466	0.9259259259259259
0	BAK1+KLF1	16	29	original_CPA_fixed	roles	1	0	0	0.03956566369089066	0.09160876454396182	0.5163200712350057	0.8518518518518519
0	BAK1+KLF1	16	29	original_CPA_fixed	roles	1	0	1	0.03956566369089066	0.09160876454396182	0.5163200712350057	0.8518518518518519
0	BAK1+KLF1	16	29	original_CPA_fixed	roles	1	0	2	0.03956566369089066	0.09160876454396182	0.5163200712350057	0.8518518518518519
0	BAK1+KLF1	16	29	original_CPA_fixed	roles	1	1	0	0.02060770208667321	0.06794371769685714	0.795187953542578	0.9259259259259259
0	BAK1+KLF1	16	29	original_CPA_fixed	roles	1	1	1	0.02060770208667321	0.06794371769685714	0.795187953542578	0.9259259259259259
0	BAK1+KLF1	16	29	original_CPA_fixed	roles	1	1	2	0.02060770208667321	0.06794371769685714	0.795187953542578	0.9259259259259259
0	BAK1+KLF1	16	29	original_CPA_fixed	roles	1	2	0	0.0398806234968303	0.0923854234402032	0.5000400108773814	0.8888888888888888
0	BAK1+KLF1	16	29	original_CPA_fixed	roles	1	2	1	0.0398806234968303	0.0923854234402032	0.5000400108773814	0.8888888888888888
0	BAK1+KLF1	16	29	original_CPA_fixed	roles	1	2	2	0.0398806234968303	0.0923854234402032	0.5000400108773814	0.8888888888888888
0	BAK1+KLF1	16	29	original_CPA_fixed	roles	2	0	0	0.036317821188620626	0.08621107993142764	0.5810285166508468	0.9444444444444444
0	BAK1+KLF1	16	29	original_CPA_fixed	roles	2	0	1	0.036317821188620626	0.08621107993142764	0.5810285166508468	0.9444444444444444
0	BAK1+KLF1	16	29	original_CPA_fixed	roles	2	0	2	0.036317821188620626	0.08621107993142764	0.5810285166508468	0.9444444444444444
0	BAK1+KLF1	16	29	original_CPA_fixed	roles	2	1	0	0.032763727001955456	0.08118426975480049	0.6292477896674906	0.9629629629629629
0	BAK1+KLF1	16	29	original_CPA_fixed	roles	2	1	1	0.032763727001955456	0.08118426975480049	0.6292477896674906	0.9629629629629629
0	BAK1+KLF1	16	29	original_CPA_fixed	roles	2	1	2	0.032763727001955456	0.08118426975480049	0.6292477896674906	0.9629629629629629
0	BAK1+KLF1	16	29	original_CPA_fixed	roles	2	2	0	0.02060770208667321	0.06794371769685714	0.795187953542578	0.9259259259259259
0	BAK1+KLF1	16	29	original_CPA_fixed	roles	2	2	1	0.02060770208667321	0.06794371769685714	0.795187953542578	0.9259259259259259
0	BAK1+KLF1	16	29	original_CPA_fixed	roles	2	2	2	0.02060770208667321	0.06794371769685714	0.795187953542578	0.9259259259259259
0	BAK1+KLF1	16	29	original_CPA_fixed	direct_state	unused	unused	0	0.02060770208667321	0.06794371769685714	0.795187953542578	0.9259259259259259
0	BAK1+KLF1	16	29	original_CPA_fixed	direct_state	unused	unused	1	0.02060770208667321	0.06794371769685714	0.795187953542578	0.9259259259259259
0	BAK1+KLF1	16	29	original_CPA_fixed	direct_state	unused	unused	2	0.02060770208667321	0.06794371769685714	0.795187953542578	0.9259259259259259
0	BAK1+KLF1	16	29	additive	roles	0	0	0	0.0058304618726721545	0.03365381649945048	0.9526325484441007	1.0
0	BAK1+KLF1	16	29	additive	roles	0	0	1	0.0058304618726721545	0.03365381649945048	0.9526325484441007	1.0
0	BAK1+KLF1	16	29	additive	roles	0	0	2	0.0058304618726721545	0.03365381649945048	0.9526325484441007	1.0
0	BAK1+KLF1	16	29	additive	roles	0	1	0	0.020845031170183	0.06326488753929614	0.8705384077283481	1.0
0	BAK1+KLF1	16	29	additive	roles	0	1	1	0.020845031170183	0.06326488753929614	0.8705384077283481	1.0
0	BAK1+KLF1	16	29	additive	roles	0	1	2	0.020845031170183	0.06326488753929614	0.8705384077283481	1.0
0	BAK1+KLF1	16	29	additive	roles	0	2	0	0.021313040316981877	0.06308822112984709	0.8544195494573562	1.0
0	BAK1+KLF1	16	29	additive	roles	0	2	1	0.021313040316981877	0.06308822112984709	0.8544195494573562	1.0
0	BAK1+KLF1	16	29	additive	roles	0	2	2	0.021313040316981877	0.06308822112984709	0.8544195494573562	1.0
0	BAK1+KLF1	16	29	additive	roles	1	0	0	0.0216917558300032	0.06430576468472059	0.8369659265259133	1.0
0	BAK1+KLF1	16	29	additive	roles	1	0	1	0.0216917558300032	0.06430576468472059	0.8369659265259133	1.0
0	BAK1+KLF1	16	29	additive	roles	1	0	2	0.0216917558300032	0.06430576468472059	0.8369659265259133	1.0
0	BAK1+KLF1	16	29	additive	roles	1	1	0	0.0058304618726721545	0.03365381649945048	0.9526325484441007	1.0
0	BAK1+KLF1	16	29	additive	roles	1	1	1	0.0058304618726721545	0.03365381649945048	0.9526325484441007	1.0
0	BAK1+KLF1	16	29	additive	roles	1	1	2	0.0058304618726721545	0.03365381649945048	0.9526325484441007	1.0
0	BAK1+KLF1	16	29	additive	roles	1	2	0	0.021702338437023305	0.06359724313541755	0.8376560884430003	1.0
0	BAK1+KLF1	16	29	additive	roles	1	2	1	0.021702338437023305	0.06359724313541755	0.8376560884430003	1.0
0	BAK1+KLF1	16	29	additive	roles	1	2	2	0.021702338437023305	0.06359724313541755	0.8376560884430003	1.0
0	BAK1+KLF1	16	29	additive	roles	2	0	0	0.021844958173539118	0.06466918627652063	0.8515851332492776	1.0
0	BAK1+KLF1	16	29	additive	roles	2	0	1	0.021844958173539118	0.06466918627652063	0.8515851332492776	1.0
0	BAK1+KLF1	16	29	additive	roles	2	0	2	0.021844958173539118	0.06466918627652063	0.8515851332492776	1.0
0	BAK1+KLF1	16	29	additive	roles	2	1	0	0.02138753163376034	0.06413894266697405	0.8684388863555148	1.0
0	BAK1+KLF1	16	29	additive	roles	2	1	1	0.02138753163376034	0.06413894266697405	0.8684388863555148	1.0
0	BAK1+KLF1	16	29	additive	roles	2	1	2	0.02138753163376034	0.06413894266697405	0.8684388863555148	1.0
0	BAK1+KLF1	16	29	additive	roles	2	2	0	0.0058304618726721545	0.03365381649945048	0.9526325484441007	1.0
0	BAK1+KLF1	16	29	additive	roles	2	2	1	0.0058304618726721545	0.03365381649945048	0.9526325484441007	1.0
0	BAK1+KLF1	16	29	additive	roles	2	2	2	0.0058304618726721545	0.03365381649945048	0.9526325484441007	1.0
0	BAK1+KLF1	16	29	additive	direct_state	unused	unused	0	0.0058304618726721545	0.03365381649945048	0.9526325484441007	1.0
0	BAK1+KLF1	16	29	additive	direct_state	unused	unused	1	0.0058304618726721545	0.03365381649945048	0.9526325484441007	1.0
0	BAK1+KLF1	16	29	additive	direct_state	unused	unused	2	0.0058304618726721545	0.03365381649945048	0.9526325484441007	1.0
0	BAK1+KLF1	16	29	compositional_ridge	roles	0	0	0	0.006043151830994505	0.034773074839558445	0.9435300266021269	1.0
0	BAK1+KLF1	16	29	compositional_ridge	roles	0	0	1	0.006043151830994505	0.034773074839558445	0.9435300266021269	1.0
0	BAK1+KLF1	16	29	compositional_ridge	roles	0	0	2	0.006043151830994505	0.034773074839558445	0.9435300266021269	1.0
0	BAK1+KLF1	16	29	compositional_ridge	roles	0	1	0	0.020062478518138097	0.061904069831284124	0.8190488907458123	1.0
0	BAK1+KLF1	16	29	compositional_ridge	roles	0	1	1	0.020062478518138097	0.061904069831284124	0.8190488907458123	1.0
0	BAK1+KLF1	16	29	compositional_ridge	roles	0	1	2	0.020062478518138097	0.061904069831284124	0.8190488907458123	1.0
0	BAK1+KLF1	16	29	compositional_ridge	roles	0	2	0	0.02163379298659841	0.06447993146651237	0.7931404396712767	1.0
0	BAK1+KLF1	16	29	compositional_ridge	roles	0	2	1	0.02163379298659841	0.06447993146651237	0.7931404396712767	1.0
0	BAK1+KLF1	16	29	compositional_ridge	roles	0	2	2	0.02163379298659841	0.06447993146651237	0.7931404396712767	1.0
0	BAK1+KLF1	16	29	compositional_ridge	roles	1	0	0	0.022899688398692802	0.06677378409980701	0.7746904741004123	1.0
0	BAK1+KLF1	16	29	compositional_ridge	roles	1	0	1	0.022899688398692802	0.06677378409980701	0.7746904741004123	1.0
0	BAK1+KLF1	16	29	compositional_ridge	roles	1	0	2	0.022899688398692802	0.06677378409980701	0.7746904741004123	1.0
0	BAK1+KLF1	16	29	compositional_ridge	roles	1	1	0	0.006043151830994505	0.034773074839558445	0.9435300266021269	1.0
0	BAK1+KLF1	16	29	compositional_ridge	roles	1	1	1	0.006043151830994505	0.034773074839558445	0.9435300266021269	1.0
0	BAK1+KLF1	16	29	compositional_ridge	roles	1	1	2	0.006043151830994505	0.034773074839558445	0.9435300266021269	1.0
0	BAK1+KLF1	16	29	compositional_ridge	roles	1	2	0	0.023018333717007088	0.06685107892566279	0.7705605940560825	1.0
0	BAK1+KLF1	16	29	compositional_ridge	roles	1	2	1	0.023018333717007088	0.06685107892566279	0.7705605940560825	1.0
0	BAK1+KLF1	16	29	compositional_ridge	roles	1	2	2	0.023018333717007088	0.06685107892566279	0.7705605940560825	1.0
0	BAK1+KLF1	16	29	compositional_ridge	roles	2	0	0	0.02194958542056729	0.06448054338098722	0.7986536475116293	1.0
0	BAK1+KLF1	16	29	compositional_ridge	roles	2	0	1	0.02194958542056729	0.06448054338098722	0.7986536475116293	1.0
0	BAK1+KLF1	16	29	compositional_ridge	roles	2	0	2	0.02194958542056729	0.06448054338098722	0.7986536475116293	1.0
0	BAK1+KLF1	16	29	compositional_ridge	roles	2	1	0	0.02049691627042126	0.06198807373176955	0.820563447130006	1.0
0	BAK1+KLF1	16	29	compositional_ridge	roles	2	1	1	0.02049691627042126	0.06198807373176955	0.820563447130006	1.0
0	BAK1+KLF1	16	29	compositional_ridge	roles	2	1	2	0.02049691627042126	0.06198807373176955	0.820563447130006	1.0
0	BAK1+KLF1	16	29	compositional_ridge	roles	2	2	0	0.006043151830994505	0.034773074839558445	0.9435300266021269	1.0
0	BAK1+KLF1	16	29	compositional_ridge	roles	2	2	1	0.006043151830994505	0.034773074839558445	0.9435300266021269	1.0
0	BAK1+KLF1	16	29	compositional_ridge	roles	2	2	2	0.006043151830994505	0.034773074839558445	0.9435300266021269	1.0
0	BAK1+KLF1	16	29	compositional_ridge	direct_state	unused	unused	0	0.006043151830994505	0.034773074839558445	0.9435300266021269	1.0
0	BAK1+KLF1	16	29	compositional_ridge	direct_state	unused	unused	1	0.006043151830994505	0.034773074839558445	0.9435300266021269	1.0
0	BAK1+KLF1	16	29	compositional_ridge	direct_state	unused	unused	2	0.006043151830994505	0.034773074839558445	0.9435300266021269	1.0
0	BAK1+KLF1	16	29	NC_native_effect	roles	0	0	0	0.039809854316900824	0.09570788142902872	0.42243121218566904	0.8703703703703703
0	BAK1+KLF1	16	29	NC_native_effect	roles	0	0	1	0.039809854316900824	0.09570788142902872	0.42243121218566904	0.8703703703703703
0	BAK1+KLF1	16	29	NC_native_effect	roles	0	0	2	0.039809854316900824	0.09570788142902872	0.42243121218566904	0.8703703703703703
0	BAK1+KLF1	16	29	NC_native_effect	roles	0	1	0	0.039809854316900824	0.09570788142902872	0.42243121218566904	0.8703703703703703
0	BAK1+KLF1	16	29	NC_native_effect	roles	0	1	1	0.039809854316900824	0.09570788142902872	0.42243121218566904	0.8703703703703703
0	BAK1+KLF1	16	29	NC_native_effect	roles	0	1	2	0.039809854316900824	0.09570788142902872	0.42243121218566904	0.8703703703703703
0	BAK1+KLF1	16	29	NC_native_effect	roles	0	2	0	0.039809854316900824	0.09570788142902872	0.42243121218566904	0.8703703703703703
0	BAK1+KLF1	16	29	NC_native_effect	roles	0	2	1	0.039809854316900824	0.09570788142902872	0.42243121218566904	0.8703703703703703
0	BAK1+KLF1	16	29	NC_native_effect	roles	0	2	2	0.039809854316900824	0.09570788142902872	0.42243121218566904	0.8703703703703703
0	BAK1+KLF1	16	29	NC_native_effect	roles	1	0	0	0.042649007065541714	0.09968265380331805	0.36183370374071805	0.8148148148148148
0	BAK1+KLF1	16	29	NC_native_effect	roles	1	0	1	0.042649007065541714	0.09968265380331805	0.36183370374071805	0.8148148148148148
0	BAK1+KLF1	16	29	NC_native_effect	roles	1	0	2	0.042649007065541714	0.09968265380331805	0.36183370374071805	0.8148148148148148
0	BAK1+KLF1	16	29	NC_native_effect	roles	1	1	0	0.042649007065541714	0.09968265380331805	0.36183370374071805	0.8148148148148148
0	BAK1+KLF1	16	29	NC_native_effect	roles	1	1	1	0.042649007065541714	0.09968265380331805	0.36183370374071805	0.8148148148148148
0	BAK1+KLF1	16	29	NC_native_effect	roles	1	1	2	0.042649007065541714	0.09968265380331805	0.36183370374071805	0.8148148148148148
0	BAK1+KLF1	16	29	NC_native_effect	roles	1	2	0	0.042649007065541714	0.09968265380331805	0.36183370374071805	0.8148148148148148
0	BAK1+KLF1	16	29	NC_native_effect	roles	1	2	1	0.042649007065541714	0.09968265380331805	0.36183370374071805	0.8148148148148148
0	BAK1+KLF1	16	29	NC_native_effect	roles	1	2	2	0.042649007065541714	0.09968265380331805	0.36183370374071805	0.8148148148148148
0	BAK1+KLF1	16	29	NC_native_effect	roles	2	0	0	0.038692783828050976	0.09343902872843747	0.4523920977404338	0.8703703703703703
0	BAK1+KLF1	16	29	NC_native_effect	roles	2	0	1	0.038692783828050976	0.09343902872843747	0.4523920977404338	0.8703703703703703
0	BAK1+KLF1	16	29	NC_native_effect	roles	2	0	2	0.038692783828050976	0.09343902872843747	0.4523920977404338	0.8703703703703703
0	BAK1+KLF1	16	29	NC_native_effect	roles	2	1	0	0.038692783828050976	0.09343902872843747	0.4523920977404338	0.8703703703703703
0	BAK1+KLF1	16	29	NC_native_effect	roles	2	1	1	0.038692783828050976	0.09343902872843747	0.4523920977404338	0.8703703703703703
0	BAK1+KLF1	16	29	NC_native_effect	roles	2	1	2	0.038692783828050976	0.09343902872843747	0.4523920977404338	0.8703703703703703
0	BAK1+KLF1	16	29	NC_native_effect	roles	2	2	0	0.038692783828050976	0.09343902872843747	0.4523920977404338	0.8703703703703703
0	BAK1+KLF1	16	29	NC_native_effect	roles	2	2	1	0.038692783828050976	0.09343902872843747	0.4523920977404338	0.8703703703703703
0	BAK1+KLF1	16	29	NC_native_effect	roles	2	2	2	0.038692783828050976	0.09343902872843747	0.4523920977404338	0.8703703703703703
0	BAK1+KLF1	16	29	NC_native_effect	direct_state	unused	unused	0	0.03251206408928043	0.08857144230455566	0.5032039779519699	0.8518518518518519
0	BAK1+KLF1	16	29	NC_native_effect	direct_state	unused	unused	1	0.03251206408928043	0.08857144230455566	0.5032039779519699	0.8518518518518519
0	BAK1+KLF1	16	29	NC_native_effect	direct_state	unused	unused	2	0.03251206408928043	0.08857144230455566	0.5032039779519699	0.8518518518518519
0	BAK1+KLF1	16	29	native_effect_ridge	roles	0	0	0	0.014107821183866108	0.05146061666617271	0.8796342598479491	1.0
0	BAK1+KLF1	16	29	native_effect_ridge	roles	0	0	1	0.014107821183866108	0.05146061666617271	0.8796342598479491	1.0
0	BAK1+KLF1	16	29	native_effect_ridge	roles	0	0	2	0.014107821183866108	0.05146061666617271	0.8796342598479491	1.0
0	BAK1+KLF1	16	29	native_effect_ridge	roles	0	1	0	0.014107821183866108	0.05146061666617271	0.8796342598479491	1.0
0	BAK1+KLF1	16	29	native_effect_ridge	roles	0	1	1	0.014107821183866108	0.05146061666617271	0.8796342598479491	1.0
0	BAK1+KLF1	16	29	native_effect_ridge	roles	0	1	2	0.014107821183866108	0.05146061666617271	0.8796342598479491	1.0
0	BAK1+KLF1	16	29	native_effect_ridge	roles	0	2	0	0.014107821183866108	0.05146061666617271	0.8796342598479491	1.0
0	BAK1+KLF1	16	29	native_effect_ridge	roles	0	2	1	0.014107821183866108	0.05146061666617271	0.8796342598479491	1.0
0	BAK1+KLF1	16	29	native_effect_ridge	roles	0	2	2	0.014107821183866108	0.05146061666617271	0.8796342598479491	1.0
0	BAK1+KLF1	16	29	native_effect_ridge	roles	1	0	0	0.014575801948165905	0.05277603709386153	0.8641727646109116	1.0
0	BAK1+KLF1	16	29	native_effect_ridge	roles	1	0	1	0.014575801948165905	0.05277603709386153	0.8641727646109116	1.0
0	BAK1+KLF1	16	29	native_effect_ridge	roles	1	0	2	0.014575801948165905	0.05277603709386153	0.8641727646109116	1.0
0	BAK1+KLF1	16	29	native_effect_ridge	roles	1	1	0	0.014575801948165905	0.05277603709386153	0.8641727646109116	1.0
0	BAK1+KLF1	16	29	native_effect_ridge	roles	1	1	1	0.014575801948165905	0.05277603709386153	0.8641727646109116	1.0
0	BAK1+KLF1	16	29	native_effect_ridge	roles	1	1	2	0.014575801948165905	0.05277603709386153	0.8641727646109116	1.0
0	BAK1+KLF1	16	29	native_effect_ridge	roles	1	2	0	0.014575801948165905	0.05277603709386153	0.8641727646109116	1.0
0	BAK1+KLF1	16	29	native_effect_ridge	roles	1	2	1	0.014575801948165905	0.05277603709386153	0.8641727646109116	1.0
0	BAK1+KLF1	16	29	native_effect_ridge	roles	1	2	2	0.014575801948165905	0.05277603709386153	0.8641727646109116	1.0
0	BAK1+KLF1	16	29	native_effect_ridge	roles	2	0	0	0.014239497447950566	0.05173194336945869	0.8790792251920194	1.0
0	BAK1+KLF1	16	29	native_effect_ridge	roles	2	0	1	0.014239497447950566	0.05173194336945869	0.8790792251920194	1.0
0	BAK1+KLF1	16	29	native_effect_ridge	roles	2	0	2	0.014239497447950566	0.05173194336945869	0.8790792251920194	1.0
0	BAK1+KLF1	16	29	native_effect_ridge	roles	2	1	0	0.014239497447950566	0.05173194336945869	0.8790792251920194	1.0
0	BAK1+KLF1	16	29	native_effect_ridge	roles	2	1	1	0.014239497447950566	0.05173194336945869	0.8790792251920194	1.0
0	BAK1+KLF1	16	29	native_effect_ridge	roles	2	1	2	0.014239497447950566	0.05173194336945869	0.8790792251920194	1.0
0	BAK1+KLF1	16	29	native_effect_ridge	roles	2	2	0	0.014239497447950566	0.05173194336945869	0.8790792251920194	1.0
0	BAK1+KLF1	16	29	native_effect_ridge	roles	2	2	1	0.014239497447950566	0.05173194336945869	0.8790792251920194	1.0
0	BAK1+KLF1	16	29	native_effect_ridge	roles	2	2	2	0.014239497447950566	0.05173194336945869	0.8790792251920194	1.0
0	BAK1+KLF1	16	29	native_effect_ridge	direct_state	unused	unused	0	0.006532478581377718	0.03542818799733687	0.9377512466057497	1.0
0	BAK1+KLF1	16	29	native_effect_ridge	direct_state	unused	unused	1	0.006532478581377718	0.03542818799733687	0.9377512466057497	1.0
0	BAK1+KLF1	16	29	native_effect_ridge	direct_state	unused	unused	2	0.006532478581377718	0.03542818799733687	0.9377512466057497	1.0
0	BAK1+KLF1	32	0	selected_CPA	roles	0	0	0	0.0209046734447564	0.06470223714488982	0.835936142757728	0.9814814814814815
0	BAK1+KLF1	32	0	selected_CPA	roles	0	0	1	0.02092148639490157	0.06490222133014316	0.837776194254087	0.9814814814814815
0	BAK1+KLF1	32	0	selected_CPA	roles	0	0	2	0.020390635178589914	0.0642622930069141	0.8207871633048899	0.9814814814814815
0	BAK1+KLF1	32	0	selected_CPA	roles	0	1	0	0.02876346421549185	0.07499260851525685	0.6908814032725547	0.9814814814814815
0	BAK1+KLF1	32	0	selected_CPA	roles	0	1	1	0.027964230280073152	0.07406724473511256	0.7005412104877019	0.9814814814814815
0	BAK1+KLF1	32	0	selected_CPA	roles	0	1	2	0.027716682289990524	0.07385602128504479	0.6947450738080818	0.9814814814814815
0	BAK1+KLF1	32	0	selected_CPA	roles	0	2	0	0.030061554458436845	0.07669048259133757	0.6794402932908221	0.9814814814814815
0	BAK1+KLF1	32	0	selected_CPA	roles	0	2	1	0.029609090028761408	0.07623829337322004	0.6834865566831833	0.9814814814814815
0	BAK1+KLF1	32	0	selected_CPA	roles	0	2	2	0.028392451438400825	0.0746977371140357	0.6922925496504102	0.9814814814814815
0	BAK1+KLF1	32	0	selected_CPA	roles	1	0	0	0.027150398712186437	0.07344376869775653	0.7042073725591991	0.9814814814814815
0	BAK1+KLF1	32	0	selected_CPA	roles	1	0	1	0.027983258547895472	0.07472455710051239	0.6876617104863526	0.9814814814814815
0	BAK1+KLF1	32	0	selected_CPA	roles	1	0	2	0.027169104105354794	0.07382203081940371	0.6906174903440088	0.9814814814814815
0	BAK1+KLF1	32	0	selected_CPA	roles	1	1	0	0.0209046734447564	0.06470223714488982	0.835936142757728	0.9814814814814815
0	BAK1+KLF1	32	0	selected_CPA	roles	1	1	1	0.02092148639490157	0.06490222133014316	0.837776194254087	0.9814814814814815
0	BAK1+KLF1	32	0	selected_CPA	roles	1	1	2	0.020390635178589914	0.0642622930069141	0.8207871633048899	0.9814814814814815
0	BAK1+KLF1	32	0	selected_CPA	roles	1	2	0	0.029112320275191977	0.07576464771126377	0.6874942973230663	0.9814814814814815
0	BAK1+KLF1	32	0	selected_CPA	roles	1	2	1	0.029475902731080396	0.07638705734930276	0.6784987452462815	0.9814814814814815
0	BAK1+KLF1	32	0	selected_CPA	roles	1	2	2	0.027975960914490797	0.0745053415232475	0.6919703896423341	0.9814814814814815
0	BAK1+KLF1	32	0	selected_CPA	roles	2	0	0	0.026506689810564966	0.07258305787625574	0.706120715946991	1.0
0	BAK1+KLF1	32	0	selected_CPA	roles	2	0	1	0.02699278014053074	0.07341178868795961	0.6958954915077058	1.0
0	BAK1+KLF1	32	0	selected_CPA	roles	2	0	2	0.02714771629826801	0.0738681535081824	0.685500265483028	1.0
0	BAK1+KLF1	32	0	selected_CPA	roles	2	1	0	0.0271705211306255	0.07319191338379233	0.7012802227998521	1.0
0	BAK1+KLF1	32	0	selected_CPA	roles	2	1	1	0.026840564575027415	0.0728985128872562	0.703787850761827	1.0
0	BAK1+KLF1	32	0	selected_CPA	roles	2	1	2	0.027278803958993708	0.0737076504441877	0.6892220781723707	1.0
0	BAK1+KLF1	32	0	selected_CPA	roles	2	2	0	0.0209046734447564	0.06470223714488982	0.835936142757728	0.9814814814814815
0	BAK1+KLF1	32	0	selected_CPA	roles	2	2	1	0.02092148639490157	0.06490222133014316	0.837776194254087	0.9814814814814815
0	BAK1+KLF1	32	0	selected_CPA	roles	2	2	2	0.020390635178589914	0.0642622930069141	0.8207871633048899	0.9814814814814815
0	BAK1+KLF1	32	0	selected_CPA	direct_state	unused	unused	0	0.0209046734447564	0.06470223714488982	0.835936142757728	0.9814814814814815
0	BAK1+KLF1	32	0	selected_CPA	direct_state	unused	unused	1	0.02092148639490157	0.06490222133014316	0.837776194254087	0.9814814814814815
0	BAK1+KLF1	32	0	selected_CPA	direct_state	unused	unused	2	0.020390635178589914	0.0642622930069141	0.8207871633048899	0.9814814814814815
0	BAK1+KLF1	32	0	original_CPA_fixed	roles	0	0	0	0.02060770208667321	0.06794371769685714	0.795187953542578	0.9259259259259259
0	BAK1+KLF1	32	0	original_CPA_fixed	roles	0	0	1	0.02060770208667321	0.06794371769685714	0.795187953542578	0.9259259259259259
0	BAK1+KLF1	32	0	original_CPA_fixed	roles	0	0	2	0.02060770208667321	0.06794371769685714	0.795187953542578	0.9259259259259259
0	BAK1+KLF1	32	0	original_CPA_fixed	roles	0	1	0	0.028626886603038307	0.07770402805811565	0.6594010099626492	0.9259259259259259
0	BAK1+KLF1	32	0	original_CPA_fixed	roles	0	1	1	0.028626886603038307	0.07770402805811565	0.6594010099626492	0.9259259259259259
0	BAK1+KLF1	32	0	original_CPA_fixed	roles	0	1	2	0.028626886603038307	0.07770402805811565	0.6594010099626492	0.9259259259259259
0	BAK1+KLF1	32	0	original_CPA_fixed	roles	0	2	0	0.02916069765787432	0.0780143034300867	0.6631730437758545	0.9444444444444444
0	BAK1+KLF1	32	0	original_CPA_fixed	roles	0	2	1	0.02916069765787432	0.0780143034300867	0.6631730437758545	0.9444444444444444
0	BAK1+KLF1	32	0	original_CPA_fixed	roles	0	2	2	0.02916069765787432	0.0780143034300867	0.6631730437758545	0.9444444444444444
0	BAK1+KLF1	32	0	original_CPA_fixed	roles	1	0	0	0.02669303360847361	0.07641924549371726	0.6685177291482161	0.9259259259259259
0	BAK1+KLF1	32	0	original_CPA_fixed	roles	1	0	1	0.02669303360847361	0.07641924549371726	0.6685177291482161	0.9259259259259259
0	BAK1+KLF1	32	0	original_CPA_fixed	roles	1	0	2	0.02669303360847361	0.07641924549371726	0.6685177291482161	0.9259259259259259
0	BAK1+KLF1	32	0	original_CPA_fixed	roles	1	1	0	0.02060770208667321	0.06794371769685714	0.795187953542578	0.9259259259259259
0	BAK1+KLF1	32	0	original_CPA_fixed	roles	1	1	1	0.02060770208667321	0.06794371769685714	0.795187953542578	0.9259259259259259
0	BAK1+KLF1	32	0	original_CPA_fixed	roles	1	1	2	0.02060770208667321	0.06794371769685714	0.795187953542578	0.9259259259259259
0	BAK1+KLF1	32	0	original_CPA_fixed	roles	1	2	0	0.028051069728999803	0.07720769327459602	0.6701633690922383	0.9444444444444444
0	BAK1+KLF1	32	0	original_CPA_fixed	roles	1	2	1	0.028051069728999803	0.07720769327459602	0.6701633690922383	0.9444444444444444
0	BAK1+KLF1	32	0	original_CPA_fixed	roles	1	2	2	0.028051069728999803	0.07720769327459602	0.6701633690922383	0.9444444444444444
0	BAK1+KLF1	32	0	original_CPA_fixed	roles	2	0	0	0.026813603894961117	0.07696387098445491	0.6565647635216899	0.9259259259259259
0	BAK1+KLF1	32	0	original_CPA_fixed	roles	2	0	1	0.026813603894961117	0.07696387098445491	0.6565647635216899	0.9259259259259259
0	BAK1+KLF1	32	0	original_CPA_fixed	roles	2	0	2	0.026813603894961117	0.07696387098445491	0.6565647635216899	0.9259259259259259
0	BAK1+KLF1	32	0	original_CPA_fixed	roles	2	1	0	0.027637828960651305	0.0774354485532413	0.6543874770334179	0.9259259259259259
0	BAK1+KLF1	32	0	original_CPA_fixed	roles	2	1	1	0.027637828960651305	0.0774354485532413	0.6543874770334179	0.9259259259259259
0	BAK1+KLF1	32	0	original_CPA_fixed	roles	2	1	2	0.027637828960651305	0.0774354485532413	0.6543874770334179	0.9259259259259259
0	BAK1+KLF1	32	0	original_CPA_fixed	roles	2	2	0	0.02060770208667321	0.06794371769685714	0.795187953542578	0.9259259259259259
0	BAK1+KLF1	32	0	original_CPA_fixed	roles	2	2	1	0.02060770208667321	0.06794371769685714	0.795187953542578	0.9259259259259259
0	BAK1+KLF1	32	0	original_CPA_fixed	roles	2	2	2	0.02060770208667321	0.06794371769685714	0.795187953542578	0.9259259259259259
0	BAK1+KLF1	32	0	original_CPA_fixed	direct_state	unused	unused	0	0.02060770208667321	0.06794371769685714	0.795187953542578	0.9259259259259259
0	BAK1+KLF1	32	0	original_CPA_fixed	direct_state	unused	unused	1	0.02060770208667321	0.06794371769685714	0.795187953542578	0.9259259259259259
0	BAK1+KLF1	32	0	original_CPA_fixed	direct_state	unused	unused	2	0.02060770208667321	0.06794371769685714	0.795187953542578	0.9259259259259259
0	BAK1+KLF1	32	0	additive	roles	0	0	0	0.0058304618726721545	0.03365381649945048	0.9526325484441007	1.0
0	BAK1+KLF1	32	0	additive	roles	0	0	1	0.0058304618726721545	0.03365381649945048	0.9526325484441007	1.0
0	BAK1+KLF1	32	0	additive	roles	0	0	2	0.0058304618726721545	0.03365381649945048	0.9526325484441007	1.0
0	BAK1+KLF1	32	0	additive	roles	0	1	0	0.012369220413719507	0.04873896012853825	0.9075292976295155	1.0
0	BAK1+KLF1	32	0	additive	roles	0	1	1	0.012369220413719507	0.04873896012853825	0.9075292976295155	1.0
0	BAK1+KLF1	32	0	additive	roles	0	1	2	0.012369220413719507	0.04873896012853825	0.9075292976295155	1.0
0	BAK1+KLF1	32	0	additive	roles	0	2	0	0.012571126101884269	0.04928380175266165	0.9021265220362118	1.0
0	BAK1+KLF1	32	0	additive	roles	0	2	1	0.012571126101884269	0.04928380175266165	0.9021265220362118	1.0
0	BAK1+KLF1	32	0	additive	roles	0	2	2	0.012571126101884269	0.04928380175266165	0.9021265220362118	1.0
0	BAK1+KLF1	32	0	additive	roles	1	0	0	0.013396219369790291	0.05034671791578024	0.8998775473463814	1.0
0	BAK1+KLF1	32	0	additive	roles	1	0	1	0.013396219369790291	0.05034671791578024	0.8998775473463814	1.0
0	BAK1+KLF1	32	0	additive	roles	1	0	2	0.013396219369790291	0.05034671791578024	0.8998775473463814	1.0
0	BAK1+KLF1	32	0	additive	roles	1	1	0	0.0058304618726721545	0.03365381649945048	0.9526325484441007	1.0
0	BAK1+KLF1	32	0	additive	roles	1	1	1	0.0058304618726721545	0.03365381649945048	0.9526325484441007	1.0
0	BAK1+KLF1	32	0	additive	roles	1	1	2	0.0058304618726721545	0.03365381649945048	0.9526325484441007	1.0
0	BAK1+KLF1	32	0	additive	roles	1	2	0	0.012941924148327493	0.04982318545468336	0.8989443688466197	1.0
0	BAK1+KLF1	32	0	additive	roles	1	2	1	0.012941924148327493	0.04982318545468336	0.8989443688466197	1.0
0	BAK1+KLF1	32	0	additive	roles	1	2	2	0.012941924148327493	0.04982318545468336	0.8989443688466197	1.0
0	BAK1+KLF1	32	0	additive	roles	2	0	0	0.013848695022949055	0.0511198302267793	0.9016862214522439	1.0
0	BAK1+KLF1	32	0	additive	roles	2	0	1	0.013848695022949055	0.0511198302267793	0.9016862214522439	1.0
0	BAK1+KLF1	32	0	additive	roles	2	0	2	0.013848695022949055	0.0511198302267793	0.9016862214522439	1.0
0	BAK1+KLF1	32	0	additive	roles	2	1	0	0.013192494113321497	0.05007382515437529	0.9061372011810088	1.0
0	BAK1+KLF1	32	0	additive	roles	2	1	1	0.013192494113321497	0.05007382515437529	0.9061372011810088	1.0
0	BAK1+KLF1	32	0	additive	roles	2	1	2	0.013192494113321497	0.05007382515437529	0.9061372011810088	1.0
0	BAK1+KLF1	32	0	additive	roles	2	2	0	0.0058304618726721545	0.03365381649945048	0.9526325484441007	1.0
0	BAK1+KLF1	32	0	additive	roles	2	2	1	0.0058304618726721545	0.03365381649945048	0.9526325484441007	1.0
0	BAK1+KLF1	32	0	additive	roles	2	2	2	0.0058304618726721545	0.03365381649945048	0.9526325484441007	1.0
0	BAK1+KLF1	32	0	additive	direct_state	unused	unused	0	0.0058304618726721545	0.03365381649945048	0.9526325484441007	1.0
0	BAK1+KLF1	32	0	additive	direct_state	unused	unused	1	0.0058304618726721545	0.03365381649945048	0.9526325484441007	1.0
0	BAK1+KLF1	32	0	additive	direct_state	unused	unused	2	0.0058304618726721545	0.03365381649945048	0.9526325484441007	1.0
0	BAK1+KLF1	32	0	compositional_ridge	roles	0	0	0	0.006043151830994505	0.034773074839558445	0.9435300266021269	1.0
0	BAK1+KLF1	32	0	compositional_ridge	roles	0	0	1	0.006043151830994505	0.034773074839558445	0.9435300266021269	1.0
0	BAK1+KLF1	32	0	compositional_ridge	roles	0	0	2	0.006043151830994505	0.034773074839558445	0.9435300266021269	1.0
0	BAK1+KLF1	32	0	compositional_ridge	roles	0	1	0	0.012853217212266	0.049593239561998174	0.8723667103125825	1.0
0	BAK1+KLF1	32	0	compositional_ridge	roles	0	1	1	0.012853217212266	0.049593239561998174	0.8723667103125825	1.0
0	BAK1+KLF1	32	0	compositional_ridge	roles	0	1	2	0.012853217212266	0.049593239561998174	0.8723667103125825	1.0
0	BAK1+KLF1	32	0	compositional_ridge	roles	0	2	0	0.013247502356867981	0.05016116820793841	0.8699841387489458	1.0
0	BAK1+KLF1	32	0	compositional_ridge	roles	0	2	1	0.013247502356867981	0.05016116820793841	0.8699841387489458	1.0
0	BAK1+KLF1	32	0	compositional_ridge	roles	0	2	2	0.013247502356867981	0.05016116820793841	0.8699841387489458	1.0
0	BAK1+KLF1	32	0	compositional_ridge	roles	1	0	0	0.013337602487888503	0.05102904630390755	0.8631742522660248	1.0
0	BAK1+KLF1	32	0	compositional_ridge	roles	1	0	1	0.013337602487888503	0.05102904630390755	0.8631742522660248	1.0
0	BAK1+KLF1	32	0	compositional_ridge	roles	1	0	2	0.013337602487888503	0.05102904630390755	0.8631742522660248	1.0
0	BAK1+KLF1	32	0	compositional_ridge	roles	1	1	0	0.006043151830994505	0.034773074839558445	0.9435300266021269	1.0
0	BAK1+KLF1	32	0	compositional_ridge	roles	1	1	1	0.006043151830994505	0.034773074839558445	0.9435300266021269	1.0
0	BAK1+KLF1	32	0	compositional_ridge	roles	1	1	2	0.006043151830994505	0.034773074839558445	0.9435300266021269	1.0
0	BAK1+KLF1	32	0	compositional_ridge	roles	1	2	0	0.013346993563087066	0.05061801737146125	0.8663794017754423	1.0
0	BAK1+KLF1	32	0	compositional_ridge	roles	1	2	1	0.013346993563087066	0.05061801737146125	0.8663794017754423	1.0
0	BAK1+KLF1	32	0	compositional_ridge	roles	1	2	2	0.013346993563087066	0.05061801737146125	0.8663794017754423	1.0
0	BAK1+KLF1	32	0	compositional_ridge	roles	2	0	0	0.01359769868461004	0.05176062305713678	0.8605491810646746	1.0
0	BAK1+KLF1	32	0	compositional_ridge	roles	2	0	1	0.01359769868461004	0.05176062305713678	0.8605491810646746	1.0
0	BAK1+KLF1	32	0	compositional_ridge	roles	2	0	2	0.01359769868461004	0.05176062305713678	0.8605491810646746	1.0
0	BAK1+KLF1	32	0	compositional_ridge	roles	2	1	0	0.013212804615206623	0.05080087429821323	0.8660692400456038	1.0
0	BAK1+KLF1	32	0	compositional_ridge	roles	2	1	1	0.013212804615206623	0.05080087429821323	0.8660692400456038	1.0
0	BAK1+KLF1	32	0	compositional_ridge	roles	2	1	2	0.013212804615206623	0.05080087429821323	0.8660692400456038	1.0
0	BAK1+KLF1	32	0	compositional_ridge	roles	2	2	0	0.006043151830994505	0.034773074839558445	0.9435300266021269	1.0
0	BAK1+KLF1	32	0	compositional_ridge	roles	2	2	1	0.006043151830994505	0.034773074839558445	0.9435300266021269	1.0
0	BAK1+KLF1	32	0	compositional_ridge	roles	2	2	2	0.006043151830994505	0.034773074839558445	0.9435300266021269	1.0
0	BAK1+KLF1	32	0	compositional_ridge	direct_state	unused	unused	0	0.006043151830994505	0.034773074839558445	0.9435300266021269	1.0
0	BAK1+KLF1	32	0	compositional_ridge	direct_state	unused	unused	1	0.006043151830994505	0.034773074839558445	0.9435300266021269	1.0
0	BAK1+KLF1	32	0	compositional_ridge	direct_state	unused	unused	2	0.006043151830994505	0.034773074839558445	0.9435300266021269	1.0
0	BAK1+KLF1	32	0	NC_native_effect	roles	0	0	0	0.03598352414839602	0.09120783984276183	0.4764778840937886	0.8518518518518519
0	BAK1+KLF1	32	0	NC_native_effect	roles	0	0	1	0.03598352414839602	0.09120783984276183	0.4764778840937886	0.8518518518518519
0	BAK1+KLF1	32	0	NC_native_effect	roles	0	0	2	0.03598352414839602	0.09120783984276183	0.4764778840937886	0.8518518518518519
0	BAK1+KLF1	32	0	NC_native_effect	roles	0	1	0	0.03598352414839602	0.09120783984276183	0.4764778840937886	0.8518518518518519
0	BAK1+KLF1	32	0	NC_native_effect	roles	0	1	1	0.03598352414839602	0.09120783984276183	0.4764778840937886	0.8518518518518519
0	BAK1+KLF1	32	0	NC_native_effect	roles	0	1	2	0.03598352414839602	0.09120783984276183	0.4764778840937886	0.8518518518518519
0	BAK1+KLF1	32	0	NC_native_effect	roles	0	2	0	0.03598352414839602	0.09120783984276183	0.4764778840937886	0.8518518518518519
0	BAK1+KLF1	32	0	NC_native_effect	roles	0	2	1	0.03598352414839602	0.09120783984276183	0.4764778840937886	0.8518518518518519
0	BAK1+KLF1	32	0	NC_native_effect	roles	0	2	2	0.03598352414839602	0.09120783984276183	0.4764778840937886	0.8518518518518519
0	BAK1+KLF1	32	0	NC_native_effect	roles	1	0	0	0.035096360025752615	0.09096936893654767	0.47367331907673627	0.8518518518518519
0	BAK1+KLF1	32	0	NC_native_effect	roles	1	0	1	0.035096360025752615	0.09096936893654767	0.47367331907673627	0.8518518518518519
0	BAK1+KLF1	32	0	NC_native_effect	roles	1	0	2	0.035096360025752615	0.09096936893654767	0.47367331907673627	0.8518518518518519
0	BAK1+KLF1	32	0	NC_native_effect	roles	1	1	0	0.035096360025752615	0.09096936893654767	0.47367331907673627	0.8518518518518519
0	BAK1+KLF1	32	0	NC_native_effect	roles	1	1	1	0.035096360025752615	0.09096936893654767	0.47367331907673627	0.8518518518518519
0	BAK1+KLF1	32	0	NC_native_effect	roles	1	1	2	0.035096360025752615	0.09096936893654767	0.47367331907673627	0.8518518518518519
0	BAK1+KLF1	32	0	NC_native_effect	roles	1	2	0	0.035096360025752615	0.09096936893654767	0.47367331907673627	0.8518518518518519
0	BAK1+KLF1	32	0	NC_native_effect	roles	1	2	1	0.035096360025752615	0.09096936893654767	0.47367331907673627	0.8518518518518519
0	BAK1+KLF1	32	0	NC_native_effect	roles	1	2	2	0.035096360025752615	0.09096936893654767	0.47367331907673627	0.8518518518518519
0	BAK1+KLF1	32	0	NC_native_effect	roles	2	0	0	0.0355094888305546	0.09199947621098005	0.46491896047448666	0.8703703703703703
0	BAK1+KLF1	32	0	NC_native_effect	roles	2	0	1	0.0355094888305546	0.09199947621098005	0.46491896047448666	0.8703703703703703
0	BAK1+KLF1	32	0	NC_native_effect	roles	2	0	2	0.0355094888305546	0.09199947621098005	0.46491896047448666	0.8703703703703703
0	BAK1+KLF1	32	0	NC_native_effect	roles	2	1	0	0.0355094888305546	0.09199947621098005	0.46491896047448666	0.8703703703703703
0	BAK1+KLF1	32	0	NC_native_effect	roles	2	1	1	0.0355094888305546	0.09199947621098005	0.46491896047448666	0.8703703703703703
0	BAK1+KLF1	32	0	NC_native_effect	roles	2	1	2	0.0355094888305546	0.09199947621098005	0.46491896047448666	0.8703703703703703
0	BAK1+KLF1	32	0	NC_native_effect	roles	2	2	0	0.0355094888305546	0.09199947621098005	0.46491896047448666	0.8703703703703703
0	BAK1+KLF1	32	0	NC_native_effect	roles	2	2	1	0.0355094888305546	0.09199947621098005	0.46491896047448666	0.8703703703703703
0	BAK1+KLF1	32	0	NC_native_effect	roles	2	2	2	0.0355094888305546	0.09199947621098005	0.46491896047448666	0.8703703703703703
0	BAK1+KLF1	32	0	NC_native_effect	direct_state	unused	unused	0	0.03251206408928043	0.08857144230455566	0.5032039779519699	0.8518518518518519
0	BAK1+KLF1	32	0	NC_native_effect	direct_state	unused	unused	1	0.03251206408928043	0.08857144230455566	0.5032039779519699	0.8518518518518519
0	BAK1+KLF1	32	0	NC_native_effect	direct_state	unused	unused	2	0.03251206408928043	0.08857144230455566	0.5032039779519699	0.8518518518518519
0	BAK1+KLF1	32	0	native_effect_ridge	roles	0	0	0	0.009996802904920808	0.04341924027261181	0.9099022603557638	1.0
0	BAK1+KLF1	32	0	native_effect_ridge	roles	0	0	1	0.009996802904920808	0.04341924027261181	0.9099022603557638	1.0
0	BAK1+KLF1	32	0	native_effect_ridge	roles	0	0	2	0.009996802904920808	0.04341924027261181	0.9099022603557638	1.0
0	BAK1+KLF1	32	0	native_effect_ridge	roles	0	1	0	0.009996802904920808	0.04341924027261181	0.9099022603557638	1.0
0	BAK1+KLF1	32	0	native_effect_ridge	roles	0	1	1	0.009996802904920808	0.04341924027261181	0.9099022603557638	1.0
0	BAK1+KLF1	32	0	native_effect_ridge	roles	0	1	2	0.009996802904920808	0.04341924027261181	0.9099022603557638	1.0
0	BAK1+KLF1	32	0	native_effect_ridge	roles	0	2	0	0.009996802904920808	0.04341924027261181	0.9099022603557638	1.0
0	BAK1+KLF1	32	0	native_effect_ridge	roles	0	2	1	0.009996802904920808	0.04341924027261181	0.9099022603557638	1.0
0	BAK1+KLF1	32	0	native_effect_ridge	roles	0	2	2	0.009996802904920808	0.04341924027261181	0.9099022603557638	1.0
0	BAK1+KLF1	32	0	native_effect_ridge	roles	1	0	0	0.010279757903746488	0.04421111730833796	0.9062612058251681	1.0
0	BAK1+KLF1	32	0	native_effect_ridge	roles	1	0	1	0.010279757903746488	0.04421111730833796	0.9062612058251681	1.0
0	BAK1+KLF1	32	0	native_effect_ridge	roles	1	0	2	0.010279757903746488	0.04421111730833796	0.9062612058251681	1.0
0	BAK1+KLF1	32	0	native_effect_ridge	roles	1	1	0	0.010279757903746488	0.04421111730833796	0.9062612058251681	1.0
0	BAK1+KLF1	32	0	native_effect_ridge	roles	1	1	1	0.010279757903746488	0.04421111730833796	0.9062612058251681	1.0
0	BAK1+KLF1	32	0	native_effect_ridge	roles	1	1	2	0.010279757903746488	0.04421111730833796	0.9062612058251681	1.0
0	BAK1+KLF1	32	0	native_effect_ridge	roles	1	2	0	0.010279757903746488	0.04421111730833796	0.9062612058251681	1.0
0	BAK1+KLF1	32	0	native_effect_ridge	roles	1	2	1	0.010279757903746488	0.04421111730833796	0.9062612058251681	1.0
0	BAK1+KLF1	32	0	native_effect_ridge	roles	1	2	2	0.010279757903746488	0.04421111730833796	0.9062612058251681	1.0
0	BAK1+KLF1	32	0	native_effect_ridge	roles	2	0	0	0.010754175933522627	0.045305914292825704	0.9051422763118924	1.0
0	BAK1+KLF1	32	0	native_effect_ridge	roles	2	0	1	0.010754175933522627	0.045305914292825704	0.9051422763118924	1.0
0	BAK1+KLF1	32	0	native_effect_ridge	roles	2	0	2	0.010754175933522627	0.045305914292825704	0.9051422763118924	1.0
0	BAK1+KLF1	32	0	native_effect_ridge	roles	2	1	0	0.010754175933522627	0.045305914292825704	0.9051422763118924	1.0
0	BAK1+KLF1	32	0	native_effect_ridge	roles	2	1	1	0.010754175933522627	0.045305914292825704	0.9051422763118924	1.0
0	BAK1+KLF1	32	0	native_effect_ridge	roles	2	1	2	0.010754175933522627	0.045305914292825704	0.9051422763118924	1.0
0	BAK1+KLF1	32	0	native_effect_ridge	roles	2	2	0	0.010754175933522627	0.045305914292825704	0.9051422763118924	1.0
0	BAK1+KLF1	32	0	native_effect_ridge	roles	2	2	1	0.010754175933522627	0.045305914292825704	0.9051422763118924	1.0
0	BAK1+KLF1	32	0	native_effect_ridge	roles	2	2	2	0.010754175933522627	0.045305914292825704	0.9051422763118924	1.0
0	BAK1+KLF1	32	0	native_effect_ridge	direct_state	unused	unused	0	0.006532478581377718	0.03542818799733687	0.9377512466057497	1.0
0	BAK1+KLF1	32	0	native_effect_ridge	direct_state	unused	unused	1	0.006532478581377718	0.03542818799733687	0.9377512466057497	1.0
0	BAK1+KLF1	32	0	native_effect_ridge	direct_state	unused	unused	2	0.006532478581377718	0.03542818799733687	0.9377512466057497	1.0
0	BAK1+KLF1	32	29	selected_CPA	roles	0	0	0	0.020581859606750543	0.06447256015694872	0.8329183095334759	1.0
0	BAK1+KLF1	32	29	selected_CPA	roles	0	0	1	0.022363889138975687	0.06772387902485194	0.8105395287989134	0.9629629629629629
0	BAK1+KLF1	32	29	selected_CPA	roles	0	0	2	0.020758808747851316	0.0645784480535986	0.8174201276632425	0.9814814814814815
0	BAK1+KLF1	32	29	selected_CPA	roles	0	1	0	0.02788583796582453	0.07404505232094967	0.6856366683187826	1.0
0	BAK1+KLF1	32	29	selected_CPA	roles	0	1	1	0.02737205449563483	0.07363582193616533	0.6975413606686461	1.0
0	BAK1+KLF1	32	29	selected_CPA	roles	0	1	2	0.02727021699937434	0.07296355824928677	0.7008382775754002	1.0
0	BAK1+KLF1	32	29	selected_CPA	roles	0	2	0	0.028285898593729243	0.07492077767056719	0.6781920388312463	1.0
0	BAK1+KLF1	32	29	selected_CPA	roles	0	2	1	0.0291838641631649	0.07654749297592883	0.6671338387854061	0.9444444444444444
0	BAK1+KLF1	32	29	selected_CPA	roles	0	2	2	0.02758974956997404	0.07373989098397231	0.6945588758299135	1.0
0	BAK1+KLF1	32	29	selected_CPA	roles	1	0	0	0.02893424477583951	0.07621061477243016	0.6710363320220363	0.9629629629629629
0	BAK1+KLF1	32	29	selected_CPA	roles	1	0	1	0.03301208731047949	0.08202511114867263	0.607084433476068	0.9444444444444444
0	BAK1+KLF1	32	29	selected_CPA	roles	1	0	2	0.02990376402449124	0.07742335968198996	0.660875384548921	0.9814814814814815
0	BAK1+KLF1	32	29	selected_CPA	roles	1	1	0	0.020581859606750543	0.06447256015694872	0.8329183095334759	1.0
0	BAK1+KLF1	32	29	selected_CPA	roles	1	1	1	0.022363889138975687	0.06772387902485194	0.8105395287989134	0.9629629629629629
0	BAK1+KLF1	32	29	selected_CPA	roles	1	1	2	0.020758808747851316	0.0645784480535986	0.8174201276632425	0.9814814814814815
0	BAK1+KLF1	32	29	selected_CPA	roles	1	2	0	0.029146122875716066	0.07644746968509068	0.6661723776985213	0.9444444444444444
0	BAK1+KLF1	32	29	selected_CPA	roles	1	2	1	0.03233990144756657	0.08112249782501223	0.6135700210755117	0.9444444444444444
0	BAK1+KLF1	32	29	selected_CPA	roles	1	2	2	0.02924254395951182	0.0764285162583541	0.6690650184636453	0.9814814814814815
0	BAK1+KLF1	32	29	selected_CPA	roles	2	0	0	0.02744466995404526	0.07373130927080648	0.6961384815749134	0.9814814814814815
0	BAK1+KLF1	32	29	selected_CPA	roles	2	0	1	0.030110763449059896	0.0777787616680339	0.6573888754707927	0.9629629629629629
0	BAK1+KLF1	32	29	selected_CPA	roles	2	0	2	0.028494717260002005	0.07509452210954988	0.6859659502921236	0.9814814814814815
0	BAK1+KLF1	32	29	selected_CPA	roles	2	1	0	0.02725648742601711	0.07308905958143147	0.6982061412038705	1.0
0	BAK1+KLF1	32	29	selected_CPA	roles	2	1	1	0.027626767918616898	0.07392558523504976	0.696104623062909	0.9814814814814815
0	BAK1+KLF1	32	29	selected_CPA	roles	2	1	2	0.02751396462442289	0.07329555262045119	0.7009409871244154	1.0
0	BAK1+KLF1	32	29	selected_CPA	roles	2	2	0	0.020581859606750543	0.06447256015694872	0.8329183095334759	1.0
0	BAK1+KLF1	32	29	selected_CPA	roles	2	2	1	0.022363889138975687	0.06772387902485194	0.8105395287989134	0.9629629629629629
0	BAK1+KLF1	32	29	selected_CPA	roles	2	2	2	0.020758808747851316	0.0645784480535986	0.8174201276632425	0.9814814814814815
0	BAK1+KLF1	32	29	selected_CPA	direct_state	unused	unused	0	0.020581859606750543	0.06447256015694872	0.8329183095334759	1.0
0	BAK1+KLF1	32	29	selected_CPA	direct_state	unused	unused	1	0.022363889138975687	0.06772387902485194	0.8105395287989134	0.9629629629629629
0	BAK1+KLF1	32	29	selected_CPA	direct_state	unused	unused	2	0.020758808747851316	0.0645784480535986	0.8174201276632425	0.9814814814814815
0	BAK1+KLF1	32	29	original_CPA_fixed	roles	0	0	0	0.02060770208667321	0.06794371769685714	0.795187953542578	0.9259259259259259
0	BAK1+KLF1	32	29	original_CPA_fixed	roles	0	0	1	0.02060770208667321	0.06794371769685714	0.795187953542578	0.9259259259259259
0	BAK1+KLF1	32	29	original_CPA_fixed	roles	0	0	2	0.02060770208667321	0.06794371769685714	0.795187953542578	0.9259259259259259
0	BAK1+KLF1	32	29	original_CPA_fixed	roles	0	1	0	0.026138295361719042	0.07447685136480837	0.6878409544774516	0.9444444444444444
0	BAK1+KLF1	32	29	original_CPA_fixed	roles	0	1	1	0.026138295361719042	0.07447685136480837	0.6878409544774516	0.9444444444444444
0	BAK1+KLF1	32	29	original_CPA_fixed	roles	0	1	2	0.026138295361719042	0.07447685136480837	0.6878409544774516	0.9444444444444444
0	BAK1+KLF1	32	29	original_CPA_fixed	roles	0	2	0	0.027713459915286492	0.07739111026504016	0.6564008002641581	0.9259259259259259
0	BAK1+KLF1	32	29	original_CPA_fixed	roles	0	2	1	0.027713459915286492	0.07739111026504016	0.6564008002641581	0.9259259259259259
0	BAK1+KLF1	32	29	original_CPA_fixed	roles	0	2	2	0.027713459915286492	0.07739111026504016	0.6564008002641581	0.9259259259259259
0	BAK1+KLF1	32	29	original_CPA_fixed	roles	1	0	0	0.03073347233979034	0.08162843689882748	0.614716524499624	0.9074074074074074
0	BAK1+KLF1	32	29	original_CPA_fixed	roles	1	0	1	0.03073347233979034	0.08162843689882748	0.614716524499624	0.9074074074074074
0	BAK1+KLF1	32	29	original_CPA_fixed	roles	1	0	2	0.03073347233979034	0.08162843689882748	0.614716524499624	0.9074074074074074
0	BAK1+KLF1	32	29	original_CPA_fixed	roles	1	1	0	0.02060770208667321	0.06794371769685714	0.795187953542578	0.9259259259259259
0	BAK1+KLF1	32	29	original_CPA_fixed	roles	1	1	1	0.02060770208667321	0.06794371769685714	0.795187953542578	0.9259259259259259
0	BAK1+KLF1	32	29	original_CPA_fixed	roles	1	1	2	0.02060770208667321	0.06794371769685714	0.795187953542578	0.9259259259259259
0	BAK1+KLF1	32	29	original_CPA_fixed	roles	1	2	0	0.030347069281301473	0.08133869182511586	0.61306355018738	0.9074074074074074
0	BAK1+KLF1	32	29	original_CPA_fixed	roles	1	2	1	0.030347069281301473	0.08133869182511586	0.61306355018738	0.9074074074074074
0	BAK1+KLF1	32	29	original_CPA_fixed	roles	1	2	2	0.030347069281301473	0.08133869182511586	0.61306355018738	0.9074074074074074
0	BAK1+KLF1	32	29	original_CPA_fixed	roles	2	0	0	0.02806879359233335	0.07732606590310903	0.6643373338478642	0.9259259259259259
0	BAK1+KLF1	32	29	original_CPA_fixed	roles	2	0	1	0.02806879359233335	0.07732606590310903	0.6643373338478642	0.9259259259259259
0	BAK1+KLF1	32	29	original_CPA_fixed	roles	2	0	2	0.02806879359233335	0.07732606590310903	0.6643373338478642	0.9259259259259259
0	BAK1+KLF1	32	29	original_CPA_fixed	roles	2	1	0	0.026107225980277027	0.07409128819562677	0.6950315226054177	0.9444444444444444
0	BAK1+KLF1	32	29	original_CPA_fixed	roles	2	1	1	0.026107225980277027	0.07409128819562677	0.6950315226054177	0.9444444444444444
0	BAK1+KLF1	32	29	original_CPA_fixed	roles	2	1	2	0.026107225980277027	0.07409128819562677	0.6950315226054177	0.9444444444444444
0	BAK1+KLF1	32	29	original_CPA_fixed	roles	2	2	0	0.02060770208667321	0.06794371769685714	0.795187953542578	0.9259259259259259
0	BAK1+KLF1	32	29	original_CPA_fixed	roles	2	2	1	0.02060770208667321	0.06794371769685714	0.795187953542578	0.9259259259259259
0	BAK1+KLF1	32	29	original_CPA_fixed	roles	2	2	2	0.02060770208667321	0.06794371769685714	0.795187953542578	0.9259259259259259
0	BAK1+KLF1	32	29	original_CPA_fixed	direct_state	unused	unused	0	0.02060770208667321	0.06794371769685714	0.795187953542578	0.9259259259259259
0	BAK1+KLF1	32	29	original_CPA_fixed	direct_state	unused	unused	1	0.02060770208667321	0.06794371769685714	0.795187953542578	0.9259259259259259
0	BAK1+KLF1	32	29	original_CPA_fixed	direct_state	unused	unused	2	0.02060770208667321	0.06794371769685714	0.795187953542578	0.9259259259259259
0	BAK1+KLF1	32	29	additive	roles	0	0	0	0.0058304618726721545	0.03365381649945048	0.9526325484441007	1.0
0	BAK1+KLF1	32	29	additive	roles	0	0	1	0.0058304618726721545	0.03365381649945048	0.9526325484441007	1.0
0	BAK1+KLF1	32	29	additive	roles	0	0	2	0.0058304618726721545	0.03365381649945048	0.9526325484441007	1.0
0	BAK1+KLF1	32	29	additive	roles	0	1	0	0.013942756003552608	0.051938025756992155	0.9015265600063398	1.0
0	BAK1+KLF1	32	29	additive	roles	0	1	1	0.013942756003552608	0.051938025756992155	0.9015265600063398	1.0
0	BAK1+KLF1	32	29	additive	roles	0	1	2	0.013942756003552608	0.051938025756992155	0.9015265600063398	1.0
0	BAK1+KLF1	32	29	additive	roles	0	2	0	0.012959773170203292	0.04951387483558099	0.9016629605175328	1.0
0	BAK1+KLF1	32	29	additive	roles	0	2	1	0.012959773170203292	0.04951387483558099	0.9016629605175328	1.0
0	BAK1+KLF1	32	29	additive	roles	0	2	2	0.012959773170203292	0.04951387483558099	0.9016629605175328	1.0
0	BAK1+KLF1	32	29	additive	roles	1	0	0	0.013374531269954653	0.050447058994995686	0.8951010891454552	1.0
0	BAK1+KLF1	32	29	additive	roles	1	0	1	0.013374531269954653	0.050447058994995686	0.8951010891454552	1.0
0	BAK1+KLF1	32	29	additive	roles	1	0	2	0.013374531269954653	0.050447058994995686	0.8951010891454552	1.0
0	BAK1+KLF1	32	29	additive	roles	1	1	0	0.0058304618726721545	0.03365381649945048	0.9526325484441007	1.0
0	BAK1+KLF1	32	29	additive	roles	1	1	1	0.0058304618726721545	0.03365381649945048	0.9526325484441007	1.0
0	BAK1+KLF1	32	29	additive	roles	1	1	2	0.0058304618726721545	0.03365381649945048	0.9526325484441007	1.0
0	BAK1+KLF1	32	29	additive	roles	1	2	0	0.013011681680383648	0.049433754674204064	0.8964833851304763	1.0
0	BAK1+KLF1	32	29	additive	roles	1	2	1	0.013011681680383648	0.049433754674204064	0.8964833851304763	1.0
0	BAK1+KLF1	32	29	additive	roles	1	2	2	0.013011681680383648	0.049433754674204064	0.8964833851304763	1.0
0	BAK1+KLF1	32	29	additive	roles	2	0	0	0.013267999909414439	0.05049298759125787	0.9028359005928621	1.0
0	BAK1+KLF1	32	29	additive	roles	2	0	1	0.013267999909414439	0.05049298759125787	0.9028359005928621	1.0
0	BAK1+KLF1	32	29	additive	roles	2	0	2	0.013267999909414439	0.05049298759125787	0.9028359005928621	1.0
0	BAK1+KLF1	32	29	additive	roles	2	1	0	0.013888133153192747	0.05190632768879088	0.9040177573841311	1.0
0	BAK1+KLF1	32	29	additive	roles	2	1	1	0.013888133153192747	0.05190632768879088	0.9040177573841311	1.0
0	BAK1+KLF1	32	29	additive	roles	2	1	2	0.013888133153192747	0.05190632768879088	0.9040177573841311	1.0
0	BAK1+KLF1	32	29	additive	roles	2	2	0	0.0058304618726721545	0.03365381649945048	0.9526325484441007	1.0
0	BAK1+KLF1	32	29	additive	roles	2	2	1	0.0058304618726721545	0.03365381649945048	0.9526325484441007	1.0
0	BAK1+KLF1	32	29	additive	roles	2	2	2	0.0058304618726721545	0.03365381649945048	0.9526325484441007	1.0
0	BAK1+KLF1	32	29	additive	direct_state	unused	unused	0	0.0058304618726721545	0.03365381649945048	0.9526325484441007	1.0
0	BAK1+KLF1	32	29	additive	direct_state	unused	unused	1	0.0058304618726721545	0.03365381649945048	0.9526325484441007	1.0
0	BAK1+KLF1	32	29	additive	direct_state	unused	unused	2	0.0058304618726721545	0.03365381649945048	0.9526325484441007	1.0
0	BAK1+KLF1	32	29	compositional_ridge	roles	0	0	0	0.006043151830994505	0.034773074839558445	0.9435300266021269	1.0
0	BAK1+KLF1	32	29	compositional_ridge	roles	0	0	1	0.006043151830994505	0.034773074839558445	0.9435300266021269	1.0
0	BAK1+KLF1	32	29	compositional_ridge	roles	0	0	2	0.006043151830994505	0.034773074839558445	0.9435300266021269	1.0
0	BAK1+KLF1	32	29	compositional_ridge	roles	0	1	0	0.013537325015063863	0.05106752901223498	0.8657442017403777	1.0
0	BAK1+KLF1	32	29	compositional_ridge	roles	0	1	1	0.013537325015063863	0.05106752901223498	0.8657442017403777	1.0
0	BAK1+KLF1	32	29	compositional_ridge	roles	0	1	2	0.013537325015063863	0.05106752901223498	0.8657442017403777	1.0
0	BAK1+KLF1	32	29	compositional_ridge	roles	0	2	0	0.013582813877377937	0.051290668669433104	0.8613525767538418	1.0
0	BAK1+KLF1	32	29	compositional_ridge	roles	0	2	1	0.013582813877377937	0.051290668669433104	0.8613525767538418	1.0
0	BAK1+KLF1	32	29	compositional_ridge	roles	0	2	2	0.013582813877377937	0.051290668669433104	0.8613525767538418	1.0
0	BAK1+KLF1	32	29	compositional_ridge	roles	1	0	0	0.014205342175088103	0.052799114566446946	0.8537729571628407	1.0
0	BAK1+KLF1	32	29	compositional_ridge	roles	1	0	1	0.014205342175088103	0.052799114566446946	0.8537729571628407	1.0
0	BAK1+KLF1	32	29	compositional_ridge	roles	1	0	2	0.014205342175088103	0.052799114566446946	0.8537729571628407	1.0
0	BAK1+KLF1	32	29	compositional_ridge	roles	1	1	0	0.006043151830994505	0.034773074839558445	0.9435300266021269	1.0
0	BAK1+KLF1	32	29	compositional_ridge	roles	1	1	1	0.006043151830994505	0.034773074839558445	0.9435300266021269	1.0
0	BAK1+KLF1	32	29	compositional_ridge	roles	1	1	2	0.006043151830994505	0.034773074839558445	0.9435300266021269	1.0
0	BAK1+KLF1	32	29	compositional_ridge	roles	1	2	0	0.014252843334369387	0.05281153625346213	0.8522022488481316	1.0
0	BAK1+KLF1	32	29	compositional_ridge	roles	1	2	1	0.014252843334369387	0.05281153625346213	0.8522022488481316	1.0
0	BAK1+KLF1	32	29	compositional_ridge	roles	1	2	2	0.014252843334369387	0.05281153625346213	0.8522022488481316	1.0
0	BAK1+KLF1	32	29	compositional_ridge	roles	2	0	0	0.013070339118884495	0.05023552171725333	0.8697217024440993	1.0
0	BAK1+KLF1	32	29	compositional_ridge	roles	2	0	1	0.013070339118884495	0.05023552171725333	0.8697217024440993	1.0
0	BAK1+KLF1	32	29	compositional_ridge	roles	2	0	2	0.013070339118884495	0.05023552171725333	0.8697217024440993	1.0
0	BAK1+KLF1	32	29	compositional_ridge	roles	2	1	0	0.013072351415851708	0.05002078899330238	0.8724247543534357	1.0
0	BAK1+KLF1	32	29	compositional_ridge	roles	2	1	1	0.013072351415851708	0.05002078899330238	0.8724247543534357	1.0
0	BAK1+KLF1	32	29	compositional_ridge	roles	2	1	2	0.013072351415851708	0.05002078899330238	0.8724247543534357	1.0
0	BAK1+KLF1	32	29	compositional_ridge	roles	2	2	0	0.006043151830994505	0.034773074839558445	0.9435300266021269	1.0
0	BAK1+KLF1	32	29	compositional_ridge	roles	2	2	1	0.006043151830994505	0.034773074839558445	0.9435300266021269	1.0
0	BAK1+KLF1	32	29	compositional_ridge	roles	2	2	2	0.006043151830994505	0.034773074839558445	0.9435300266021269	1.0
0	BAK1+KLF1	32	29	compositional_ridge	direct_state	unused	unused	0	0.006043151830994505	0.034773074839558445	0.9435300266021269	1.0
0	BAK1+KLF1	32	29	compositional_ridge	direct_state	unused	unused	1	0.006043151830994505	0.034773074839558445	0.9435300266021269	1.0
0	BAK1+KLF1	32	29	compositional_ridge	direct_state	unused	unused	2	0.006043151830994505	0.034773074839558445	0.9435300266021269	1.0
0	BAK1+KLF1	32	29	NC_native_effect	roles	0	0	0	0.03531751048024102	0.09143959139541552	0.4632130861295774	0.8703703703703703
0	BAK1+KLF1	32	29	NC_native_effect	roles	0	0	1	0.03531751048024102	0.09143959139541552	0.4632130861295774	0.8703703703703703
0	BAK1+KLF1	32	29	NC_native_effect	roles	0	0	2	0.03531751048024102	0.09143959139541552	0.4632130861295774	0.8703703703703703
0	BAK1+KLF1	32	29	NC_native_effect	roles	0	1	0	0.03531751048024102	0.09143959139541552	0.4632130861295774	0.8703703703703703
0	BAK1+KLF1	32	29	NC_native_effect	roles	0	1	1	0.03531751048024102	0.09143959139541552	0.4632130861295774	0.8703703703703703
0	BAK1+KLF1	32	29	NC_native_effect	roles	0	1	2	0.03531751048024102	0.09143959139541552	0.4632130861295774	0.8703703703703703
0	BAK1+KLF1	32	29	NC_native_effect	roles	0	2	0	0.03531751048024102	0.09143959139541552	0.4632130861295774	0.8703703703703703
0	BAK1+KLF1	32	29	NC_native_effect	roles	0	2	1	0.03531751048024102	0.09143959139541552	0.4632130861295774	0.8703703703703703
0	BAK1+KLF1	32	29	NC_native_effect	roles	0	2	2	0.03531751048024102	0.09143959139541552	0.4632130861295774	0.8703703703703703
0	BAK1+KLF1	32	29	NC_native_effect	roles	1	0	0	0.037189657380142266	0.09411948483503282	0.4254208827262408	0.8518518518518519
0	BAK1+KLF1	32	29	NC_native_effect	roles	1	0	1	0.037189657380142266	0.09411948483503282	0.4254208827262408	0.8518518518518519
0	BAK1+KLF1	32	29	NC_native_effect	roles	1	0	2	0.037189657380142266	0.09411948483503282	0.4254208827262408	0.8518518518518519
0	BAK1+KLF1	32	29	NC_native_effect	roles	1	1	0	0.037189657380142266	0.09411948483503282	0.4254208827262408	0.8518518518518519
0	BAK1+KLF1	32	29	NC_native_effect	roles	1	1	1	0.037189657380142266	0.09411948483503282	0.4254208827262408	0.8518518518518519
0	BAK1+KLF1	32	29	NC_native_effect	roles	1	1	2	0.037189657380142266	0.09411948483503282	0.4254208827262408	0.8518518518518519
0	BAK1+KLF1	32	29	NC_native_effect	roles	1	2	0	0.037189657380142266	0.09411948483503282	0.4254208827262408	0.8518518518518519
0	BAK1+KLF1	32	29	NC_native_effect	roles	1	2	1	0.037189657380142266	0.09411948483503282	0.4254208827262408	0.8518518518518519
0	BAK1+KLF1	32	29	NC_native_effect	roles	1	2	2	0.037189657380142266	0.09411948483503282	0.4254208827262408	0.8518518518518519
0	BAK1+KLF1	32	29	NC_native_effect	roles	2	0	0	0.03482654046494163	0.09052686361957435	0.48131167022277216	0.8703703703703703
0	BAK1+KLF1	32	29	NC_native_effect	roles	2	0	1	0.03482654046494163	0.09052686361957435	0.48131167022277216	0.8703703703703703
0	BAK1+KLF1	32	29	NC_native_effect	roles	2	0	2	0.03482654046494163	0.09052686361957435	0.48131167022277216	0.8703703703703703
0	BAK1+KLF1	32	29	NC_native_effect	roles	2	1	0	0.03482654046494163	0.09052686361957435	0.48131167022277216	0.8703703703703703
0	BAK1+KLF1	32	29	NC_native_effect	roles	2	1	1	0.03482654046494163	0.09052686361957435	0.48131167022277216	0.8703703703703703
0	BAK1+KLF1	32	29	NC_native_effect	roles	2	1	2	0.03482654046494163	0.09052686361957435	0.48131167022277216	0.8703703703703703
0	BAK1+KLF1	32	29	NC_native_effect	roles	2	2	0	0.03482654046494163	0.09052686361957435	0.48131167022277216	0.8703703703703703
0	BAK1+KLF1	32	29	NC_native_effect	roles	2	2	1	0.03482654046494163	0.09052686361957435	0.48131167022277216	0.8703703703703703
0	BAK1+KLF1	32	29	NC_native_effect	roles	2	2	2	0.03482654046494163	0.09052686361957435	0.48131167022277216	0.8703703703703703
0	BAK1+KLF1	32	29	NC_native_effect	direct_state	unused	unused	0	0.03251206408928043	0.08857144230455566	0.5032039779519699	0.8518518518518519
0	BAK1+KLF1	32	29	NC_native_effect	direct_state	unused	unused	1	0.03251206408928043	0.08857144230455566	0.5032039779519699	0.8518518518518519
0	BAK1+KLF1	32	29	NC_native_effect	direct_state	unused	unused	2	0.03251206408928043	0.08857144230455566	0.5032039779519699	0.8518518518518519
0	BAK1+KLF1	32	29	native_effect_ridge	roles	0	0	0	0.010791344254357987	0.045287592195048465	0.9035205689695639	1.0
0	BAK1+KLF1	32	29	native_effect_ridge	roles	0	0	1	0.010791344254357987	0.045287592195048465	0.9035205689695639	1.0
0	BAK1+KLF1	32	29	native_effect_ridge	roles	0	0	2	0.010791344254357987	0.045287592195048465	0.9035205689695639	1.0
0	BAK1+KLF1	32	29	native_effect_ridge	roles	0	1	0	0.010791344254357987	0.045287592195048465	0.9035205689695639	1.0
0	BAK1+KLF1	32	29	native_effect_ridge	roles	0	1	1	0.010791344254357987	0.045287592195048465	0.9035205689695639	1.0
0	BAK1+KLF1	32	29	native_effect_ridge	roles	0	1	2	0.010791344254357987	0.045287592195048465	0.9035205689695639	1.0
0	BAK1+KLF1	32	29	native_effect_ridge	roles	0	2	0	0.010791344254357987	0.045287592195048465	0.9035205689695639	1.0
0	BAK1+KLF1	32	29	native_effect_ridge	roles	0	2	1	0.010791344254357987	0.045287592195048465	0.9035205689695639	1.0
0	BAK1+KLF1	32	29	native_effect_ridge	roles	0	2	2	0.010791344254357987	0.045287592195048465	0.9035205689695639	1.0
0	BAK1+KLF1	32	29	native_effect_ridge	roles	1	0	0	0.010683018325472929	0.04519851337158641	0.8999917175794124	1.0
0	BAK1+KLF1	32	29	native_effect_ridge	roles	1	0	1	0.010683018325472929	0.04519851337158641	0.8999917175794124	1.0
0	BAK1+KLF1	32	29	native_effect_ridge	roles	1	0	2	0.010683018325472929	0.04519851337158641	0.8999917175794124	1.0
0	BAK1+KLF1	32	29	native_effect_ridge	roles	1	1	0	0.010683018325472929	0.04519851337158641	0.8999917175794124	1.0
0	BAK1+KLF1	32	29	native_effect_ridge	roles	1	1	1	0.010683018325472929	0.04519851337158641	0.8999917175794124	1.0
0	BAK1+KLF1	32	29	native_effect_ridge	roles	1	1	2	0.010683018325472929	0.04519851337158641	0.8999917175794124	1.0
0	BAK1+KLF1	32	29	native_effect_ridge	roles	1	2	0	0.010683018325472929	0.04519851337158641	0.8999917175794124	1.0
0	BAK1+KLF1	32	29	native_effect_ridge	roles	1	2	1	0.010683018325472929	0.04519851337158641	0.8999917175794124	1.0
0	BAK1+KLF1	32	29	native_effect_ridge	roles	1	2	2	0.010683018325472929	0.04519851337158641	0.8999917175794124	1.0
0	BAK1+KLF1	32	29	native_effect_ridge	roles	2	0	0	0.010483074831557847	0.04473603657833338	0.9067804431775389	1.0
0	BAK1+KLF1	32	29	native_effect_ridge	roles	2	0	1	0.010483074831557847	0.04473603657833338	0.9067804431775389	1.0
0	BAK1+KLF1	32	29	native_effect_ridge	roles	2	0	2	0.010483074831557847	0.04473603657833338	0.9067804431775389	1.0
0	BAK1+KLF1	32	29	native_effect_ridge	roles	2	1	0	0.010483074831557847	0.04473603657833338	0.9067804431775389	1.0
0	BAK1+KLF1	32	29	native_effect_ridge	roles	2	1	1	0.010483074831557847	0.04473603657833338	0.9067804431775389	1.0
0	BAK1+KLF1	32	29	native_effect_ridge	roles	2	1	2	0.010483074831557847	0.04473603657833338	0.9067804431775389	1.0
0	BAK1+KLF1	32	29	native_effect_ridge	roles	2	2	0	0.010483074831557847	0.04473603657833338	0.9067804431775389	1.0
0	BAK1+KLF1	32	29	native_effect_ridge	roles	2	2	1	0.010483074831557847	0.04473603657833338	0.9067804431775389	1.0
0	BAK1+KLF1	32	29	native_effect_ridge	roles	2	2	2	0.010483074831557847	0.04473603657833338	0.9067804431775389	1.0
0	BAK1+KLF1	32	29	native_effect_ridge	direct_state	unused	unused	0	0.006532478581377718	0.03542818799733687	0.9377512466057497	1.0
0	BAK1+KLF1	32	29	native_effect_ridge	direct_state	unused	unused	1	0.006532478581377718	0.03542818799733687	0.9377512466057497	1.0
0	BAK1+KLF1	32	29	native_effect_ridge	direct_state	unused	unused	2	0.006532478581377718	0.03542818799733687	0.9377512466057497	1.0
0	BAK1+KLF1	64	0	selected_CPA	roles	0	0	0	0.021207029657622962	0.06531477358536186	0.8254024957963603	0.9814814814814815
0	BAK1+KLF1	64	0	selected_CPA	roles	0	0	1	0.02022585731750384	0.06364068884653545	0.8454931417075467	0.9814814814814815
0	BAK1+KLF1	64	0	selected_CPA	roles	0	0	2	0.020999102331216744	0.06511073174258562	0.816775231552936	0.9814814814814815
0	BAK1+KLF1	64	0	selected_CPA	roles	0	1	0	0.026101661158610807	0.07207954563480483	0.7257400632317362	0.9629629629629629
0	BAK1+KLF1	64	0	selected_CPA	roles	0	1	1	0.02455996555955627	0.06978168060199368	0.7542454488311051	0.9814814814814815
0	BAK1+KLF1	64	0	selected_CPA	roles	0	1	2	0.02568400717496516	0.07162581929825568	0.7235107260565491	0.9814814814814815
0	BAK1+KLF1	64	0	selected_CPA	roles	0	2	0	0.02571921005827488	0.07127928368737393	0.7411530448071352	0.9814814814814815
0	BAK1+KLF1	64	0	selected_CPA	roles	0	2	1	0.02453284120895879	0.06948185094331451	0.7623332247389293	0.9814814814814815
0	BAK1+KLF1	64	0	selected_CPA	roles	0	2	2	0.025051742942830833	0.0704388107076647	0.74296554562729	0.9814814814814815
0	BAK1+KLF1	64	0	selected_CPA	roles	1	0	0	0.023416063853878632	0.06825753843083371	0.7723340781532861	0.9814814814814815
0	BAK1+KLF1	64	0	selected_CPA	roles	1	0	1	0.022995414772694935	0.06747817988525555	0.7786583153798904	0.9814814814814815
0	BAK1+KLF1	64	0	selected_CPA	roles	1	0	2	0.02341786318471185	0.06834522617203047	0.7618298441112933	0.9814814814814815
0	BAK1+KLF1	64	0	selected_CPA	roles	1	1	0	0.021207029657622962	0.06531477358536186	0.8254024957963603	0.9814814814814815
0	BAK1+KLF1	64	0	selected_CPA	roles	1	1	1	0.02022585731750384	0.06364068884653545	0.8454931417075467	0.9814814814814815
0	BAK1+KLF1	64	0	selected_CPA	roles	1	1	2	0.020999102331216744	0.06511073174258562	0.816775231552936	0.9814814814814815
0	BAK1+KLF1	64	0	selected_CPA	roles	1	2	0	0.024293731663913447	0.06929065741912391	0.7654364008348836	0.9814814814814815
0	BAK1+KLF1	64	0	selected_CPA	roles	1	2	1	0.02366788607353277	0.06825160886553477	0.775601735629404	0.9814814814814815
0	BAK1+KLF1	64	0	selected_CPA	roles	1	2	2	0.023835991205708826	0.06870717302306124	0.7633558081899179	0.9814814814814815
0	BAK1+KLF1	64	0	selected_CPA	roles	2	0	0	0.024166655421416022	0.06961318949704887	0.750166743663519	0.9814814814814815
0	BAK1+KLF1	64	0	selected_CPA	roles	2	0	1	0.023390679590493874	0.06831720194165673	0.7641987195524108	1.0
0	BAK1+KLF1	64	0	selected_CPA	roles	2	0	2	0.02441826788404764	0.07008481904180584	0.7360699683544485	1.0
0	BAK1+KLF1	64	0	selected_CPA	roles	2	1	0	0.025426774331786754	0.0714340564494588	0.7281234385159416	0.9814814814814815
0	BAK1+KLF1	64	0	selected_CPA	roles	2	1	1	0.0240902752419292	0.06938279880758508	0.7531015446649857	0.9814814814814815
0	BAK1+KLF1	64	0	selected_CPA	roles	2	1	2	0.025468660137178946	0.07162485239547588	0.7182575880140435	1.0
0	BAK1+KLF1	64	0	selected_CPA	roles	2	2	0	0.021207029657622962	0.06531477358536186	0.8254024957963603	0.9814814814814815
0	BAK1+KLF1	64	0	selected_CPA	roles	2	2	1	0.02022585731750384	0.06364068884653545	0.8454931417075467	0.9814814814814815
0	BAK1+KLF1	64	0	selected_CPA	roles	2	2	2	0.020999102331216744	0.06511073174258562	0.816775231552936	0.9814814814814815
0	BAK1+KLF1	64	0	selected_CPA	direct_state	unused	unused	0	0.021207029657622962	0.06531477358536186	0.8254024957963603	0.9814814814814815
0	BAK1+KLF1	64	0	selected_CPA	direct_state	unused	unused	1	0.02022585731750384	0.06364068884653545	0.8454931417075467	0.9814814814814815
0	BAK1+KLF1	64	0	selected_CPA	direct_state	unused	unused	2	0.020999102331216744	0.06511073174258562	0.816775231552936	0.9814814814814815
0	BAK1+KLF1	64	0	original_CPA_fixed	roles	0	0	0	0.02060770208667321	0.06794371769685714	0.795187953542578	0.9259259259259259
0	BAK1+KLF1	64	0	original_CPA_fixed	roles	0	0	1	0.02060770208667321	0.06794371769685714	0.795187953542578	0.9259259259259259
0	BAK1+KLF1	64	0	original_CPA_fixed	roles	0	0	2	0.02060770208667321	0.06794371769685714	0.795187953542578	0.9259259259259259
0	BAK1+KLF1	64	0	original_CPA_fixed	roles	0	1	0	0.025758329468436876	0.07495105822389796	0.6910653754120112	0.9074074074074074
0	BAK1+KLF1	64	0	original_CPA_fixed	roles	0	1	1	0.025758329468436876	0.07495105822389796	0.6910653754120112	0.9074074074074074
0	BAK1+KLF1	64	0	original_CPA_fixed	roles	0	1	2	0.025758329468436876	0.07495105822389796	0.6910653754120112	0.9074074074074074
0	BAK1+KLF1	64	0	original_CPA_fixed	roles	0	2	0	0.025219837191815853	0.07337261399838417	0.7176209941460187	0.9259259259259259
0	BAK1+KLF1	64	0	original_CPA_fixed	roles	0	2	1	0.025219837191815853	0.07337261399838417	0.7176209941460187	0.9259259259259259
0	BAK1+KLF1	64	0	original_CPA_fixed	roles	0	2	2	0.025219837191815853	0.07337261399838417	0.7176209941460187	0.9259259259259259
0	BAK1+KLF1	64	0	original_CPA_fixed	roles	1	0	0	0.022560740402153074	0.07026769936891895	0.7514548541887176	0.9444444444444444
0	BAK1+KLF1	64	0	original_CPA_fixed	roles	1	0	1	0.022560740402153074	0.07026769936891895	0.7514548541887176	0.9444444444444444
0	BAK1+KLF1	64	0	original_CPA_fixed	roles	1	0	2	0.022560740402153074	0.07026769936891895	0.7514548541887176	0.9444444444444444
0	BAK1+KLF1	64	0	original_CPA_fixed	roles	1	1	0	0.02060770208667321	0.06794371769685714	0.795187953542578	0.9259259259259259
0	BAK1+KLF1	64	0	original_CPA_fixed	roles	1	1	1	0.02060770208667321	0.06794371769685714	0.795187953542578	0.9259259259259259
0	BAK1+KLF1	64	0	original_CPA_fixed	roles	1	1	2	0.02060770208667321	0.06794371769685714	0.795187953542578	0.9259259259259259
0	BAK1+KLF1	64	0	original_CPA_fixed	roles	1	2	0	0.023538362916678608	0.07093749575186625	0.7494371407218233	0.9444444444444444
0	BAK1+KLF1	64	0	original_CPA_fixed	roles	1	2	1	0.023538362916678608	0.07093749575186625	0.7494371407218233	0.9444444444444444
0	BAK1+KLF1	64	0	original_CPA_fixed	roles	1	2	2	0.023538362916678608	0.07093749575186625	0.7494371407218233	0.9444444444444444
0	BAK1+KLF1	64	0	original_CPA_fixed	roles	2	0	0	0.023467373145975558	0.07241443365730033	0.7172450766955537	0.9259259259259259
0	BAK1+KLF1	64	0	original_CPA_fixed	roles	2	0	1	0.023467373145975558	0.07241443365730033	0.7172450766955537	0.9259259259259259
0	BAK1+KLF1	64	0	original_CPA_fixed	roles	2	0	2	0.023467373145975558	0.07241443365730033	0.7172450766955537	0.9259259259259259
0	BAK1+KLF1	64	0	original_CPA_fixed	roles	2	1	0	0.024983487937122108	0.07464951155084056	0.6890109153820688	0.9259259259259259
0	BAK1+KLF1	64	0	original_CPA_fixed	roles	2	1	1	0.024983487937122108	0.07464951155084056	0.6890109153820688	0.9259259259259259
0	BAK1+KLF1	64	0	original_CPA_fixed	roles	2	1	2	0.024983487937122108	0.07464951155084056	0.6890109153820688	0.9259259259259259
0	BAK1+KLF1	64	0	original_CPA_fixed	roles	2	2	0	0.02060770208667321	0.06794371769685714	0.795187953542578	0.9259259259259259
0	BAK1+KLF1	64	0	original_CPA_fixed	roles	2	2	1	0.02060770208667321	0.06794371769685714	0.795187953542578	0.9259259259259259
0	BAK1+KLF1	64	0	original_CPA_fixed	roles	2	2	2	0.02060770208667321	0.06794371769685714	0.795187953542578	0.9259259259259259
0	BAK1+KLF1	64	0	original_CPA_fixed	direct_state	unused	unused	0	0.02060770208667321	0.06794371769685714	0.795187953542578	0.9259259259259259
0	BAK1+KLF1	64	0	original_CPA_fixed	direct_state	unused	unused	1	0.02060770208667321	0.06794371769685714	0.795187953542578	0.9259259259259259
0	BAK1+KLF1	64	0	original_CPA_fixed	direct_state	unused	unused	2	0.02060770208667321	0.06794371769685714	0.795187953542578	0.9259259259259259
0	BAK1+KLF1	64	0	additive	roles	0	0	0	0.0058304618726721545	0.03365381649945048	0.9526325484441007	1.0
0	BAK1+KLF1	64	0	additive	roles	0	0	1	0.0058304618726721545	0.03365381649945048	0.9526325484441007	1.0
0	BAK1+KLF1	64	0	additive	roles	0	0	2	0.0058304618726721545	0.03365381649945048	0.9526325484441007	1.0
0	BAK1+KLF1	64	0	additive	roles	0	1	0	0.008946543278144073	0.04137534201747987	0.928860074220068	1.0
0	BAK1+KLF1	64	0	additive	roles	0	1	1	0.008946543278144073	0.04137534201747987	0.928860074220068	1.0
0	BAK1+KLF1	64	0	additive	roles	0	1	2	0.008946543278144073	0.04137534201747987	0.928860074220068	1.0
0	BAK1+KLF1	64	0	additive	roles	0	2	0	0.00941807178787247	0.042620082636255906	0.9258917606724945	1.0
0	BAK1+KLF1	64	0	additive	roles	0	2	1	0.00941807178787247	0.042620082636255906	0.9258917606724945	1.0
0	BAK1+KLF1	64	0	additive	roles	0	2	2	0.00941807178787247	0.042620082636255906	0.9258917606724945	1.0
0	BAK1+KLF1	64	0	additive	roles	1	0	0	0.009818046164443758	0.04330996372010045	0.9256424969096048	1.0
0	BAK1+KLF1	64	0	additive	roles	1	0	1	0.009818046164443758	0.04330996372010045	0.9256424969096048	1.0
0	BAK1+KLF1	64	0	additive	roles	1	0	2	0.009818046164443758	0.04330996372010045	0.9256424969096048	1.0
0	BAK1+KLF1	64	0	additive	roles	1	1	0	0.0058304618726721545	0.03365381649945048	0.9526325484441007	1.0
0	BAK1+KLF1	64	0	additive	roles	1	1	1	0.0058304618726721545	0.03365381649945048	0.9526325484441007	1.0
0	BAK1+KLF1	64	0	additive	roles	1	1	2	0.0058304618726721545	0.03365381649945048	0.9526325484441007	1.0
0	BAK1+KLF1	64	0	additive	roles	1	2	0	0.00977114348902696	0.04343998221498966	0.9247953601219165	1.0
0	BAK1+KLF1	64	0	additive	roles	1	2	1	0.00977114348902696	0.04343998221498966	0.9247953601219165	1.0
0	BAK1+KLF1	64	0	additive	roles	1	2	2	0.00977114348902696	0.04343998221498966	0.9247953601219165	1.0
0	BAK1+KLF1	64	0	additive	roles	2	0	0	0.009714658121916825	0.04293460636781344	0.9261433730220856	1.0
0	BAK1+KLF1	64	0	additive	roles	2	0	1	0.009714658121916825	0.04293460636781344	0.9261433730220856	1.0
0	BAK1+KLF1	64	0	additive	roles	2	0	2	0.009714658121916825	0.04293460636781344	0.9261433730220856	1.0
0	BAK1+KLF1	64	0	additive	roles	2	1	0	0.009196226936771634	0.041834280255592306	0.9282320027687581	1.0
0	BAK1+KLF1	64	0	additive	roles	2	1	1	0.009196226936771634	0.041834280255592306	0.9282320027687581	1.0
0	BAK1+KLF1	64	0	additive	roles	2	1	2	0.009196226936771634	0.041834280255592306	0.9282320027687581	1.0
0	BAK1+KLF1	64	0	additive	roles	2	2	0	0.0058304618726721545	0.03365381649945048	0.9526325484441007	1.0
0	BAK1+KLF1	64	0	additive	roles	2	2	1	0.0058304618726721545	0.03365381649945048	0.9526325484441007	1.0
0	BAK1+KLF1	64	0	additive	roles	2	2	2	0.0058304618726721545	0.03365381649945048	0.9526325484441007	1.0
0	BAK1+KLF1	64	0	additive	direct_state	unused	unused	0	0.0058304618726721545	0.03365381649945048	0.9526325484441007	1.0
0	BAK1+KLF1	64	0	additive	direct_state	unused	unused	1	0.0058304618726721545	0.03365381649945048	0.9526325484441007	1.0
0	BAK1+KLF1	64	0	additive	direct_state	unused	unused	2	0.0058304618726721545	0.03365381649945048	0.9526325484441007	1.0
0	BAK1+KLF1	64	0	compositional_ridge	roles	0	0	0	0.006043151830994505	0.034773074839558445	0.9435300266021269	1.0
0	BAK1+KLF1	64	0	compositional_ridge	roles	0	0	1	0.006043151830994505	0.034773074839558445	0.9435300266021269	1.0
0	BAK1+KLF1	64	0	compositional_ridge	roles	0	0	2	0.006043151830994505	0.034773074839558445	0.9435300266021269	1.0
0	BAK1+KLF1	64	0	compositional_ridge	roles	0	1	0	0.00955733219175033	0.04331728659574003	0.9031741458163772	1.0
0	BAK1+KLF1	64	0	compositional_ridge	roles	0	1	1	0.00955733219175033	0.04331728659574003	0.9031741458163772	1.0
0	BAK1+KLF1	64	0	compositional_ridge	roles	0	1	2	0.00955733219175033	0.04331728659574003	0.9031741458163772	1.0
0	BAK1+KLF1	64	0	compositional_ridge	roles	0	2	0	0.00979788286845571	0.043293612090083915	0.9041305674389399	1.0
0	BAK1+KLF1	64	0	compositional_ridge	roles	0	2	1	0.00979788286845571	0.043293612090083915	0.9041305674389399	1.0
0	BAK1+KLF1	64	0	compositional_ridge	roles	0	2	2	0.00979788286845571	0.043293612090083915	0.9041305674389399	1.0
0	BAK1+KLF1	64	0	compositional_ridge	roles	1	0	0	0.009632637167482201	0.04317938517533649	0.9034313403043812	1.0
0	BAK1+KLF1	64	0	compositional_ridge	roles	1	0	1	0.009632637167482201	0.04317938517533649	0.9034313403043812	1.0
0	BAK1+KLF1	64	0	compositional_ridge	roles	1	0	2	0.009632637167482201	0.04317938517533649	0.9034313403043812	1.0
0	BAK1+KLF1	64	0	compositional_ridge	roles	1	1	0	0.006043151830994505	0.034773074839558445	0.9435300266021269	1.0
0	BAK1+KLF1	64	0	compositional_ridge	roles	1	1	1	0.006043151830994505	0.034773074839558445	0.9435300266021269	1.0
0	BAK1+KLF1	64	0	compositional_ridge	roles	1	1	2	0.006043151830994505	0.034773074839558445	0.9435300266021269	1.0
0	BAK1+KLF1	64	0	compositional_ridge	roles	1	2	0	0.009752855614326292	0.043093113563408246	0.9049361709115881	1.0
0	BAK1+KLF1	64	0	compositional_ridge	roles	1	2	1	0.009752855614326292	0.043093113563408246	0.9049361709115881	1.0
0	BAK1+KLF1	64	0	compositional_ridge	roles	1	2	2	0.009752855614326292	0.043093113563408246	0.9049361709115881	1.0
0	BAK1+KLF1	64	0	compositional_ridge	roles	2	0	0	0.009760226957978287	0.04403055481948193	0.8987844238285507	1.0
0	BAK1+KLF1	64	0	compositional_ridge	roles	2	0	1	0.009760226957978287	0.04403055481948193	0.8987844238285507	1.0
0	BAK1+KLF1	64	0	compositional_ridge	roles	2	0	2	0.009760226957978287	0.04403055481948193	0.8987844238285507	1.0
0	BAK1+KLF1	64	0	compositional_ridge	roles	2	1	0	0.009639894728117002	0.04396927746041495	0.8992691387002401	1.0
0	BAK1+KLF1	64	0	compositional_ridge	roles	2	1	1	0.009639894728117002	0.04396927746041495	0.8992691387002401	1.0
0	BAK1+KLF1	64	0	compositional_ridge	roles	2	1	2	0.009639894728117002	0.04396927746041495	0.8992691387002401	1.0
0	BAK1+KLF1	64	0	compositional_ridge	roles	2	2	0	0.006043151830994505	0.034773074839558445	0.9435300266021269	1.0
0	BAK1+KLF1	64	0	compositional_ridge	roles	2	2	1	0.006043151830994505	0.034773074839558445	0.9435300266021269	1.0
0	BAK1+KLF1	64	0	compositional_ridge	roles	2	2	2	0.006043151830994505	0.034773074839558445	0.9435300266021269	1.0
0	BAK1+KLF1	64	0	compositional_ridge	direct_state	unused	unused	0	0.006043151830994505	0.034773074839558445	0.9435300266021269	1.0
0	BAK1+KLF1	64	0	compositional_ridge	direct_state	unused	unused	1	0.006043151830994505	0.034773074839558445	0.9435300266021269	1.0
0	BAK1+KLF1	64	0	compositional_ridge	direct_state	unused	unused	2	0.006043151830994505	0.034773074839558445	0.9435300266021269	1.0
0	BAK1+KLF1	64	0	NC_native_effect	roles	0	0	0	0.03404805563352237	0.0895198934858552	0.49332377777500036	0.8518518518518519
0	BAK1+KLF1	64	0	NC_native_effect	roles	0	0	1	0.03404805563352237	0.0895198934858552	0.49332377777500036	0.8518518518518519
0	BAK1+KLF1	64	0	NC_native_effect	roles	0	0	2	0.03404805563352237	0.0895198934858552	0.49332377777500036	0.8518518518518519
0	BAK1+KLF1	64	0	NC_native_effect	roles	0	1	0	0.03404805563352237	0.0895198934858552	0.49332377777500036	0.8518518518518519
0	BAK1+KLF1	64	0	NC_native_effect	roles	0	1	1	0.03404805563352237	0.0895198934858552	0.49332377777500036	0.8518518518518519
0	BAK1+KLF1	64	0	NC_native_effect	roles	0	1	2	0.03404805563352237	0.0895198934858552	0.49332377777500036	0.8518518518518519
0	BAK1+KLF1	64	0	NC_native_effect	roles	0	2	0	0.03404805563352237	0.0895198934858552	0.49332377777500036	0.8518518518518519
0	BAK1+KLF1	64	0	NC_native_effect	roles	0	2	1	0.03404805563352237	0.0895198934858552	0.49332377777500036	0.8518518518518519
0	BAK1+KLF1	64	0	NC_native_effect	roles	0	2	2	0.03404805563352237	0.0895198934858552	0.49332377777500036	0.8518518518518519
0	BAK1+KLF1	64	0	NC_native_effect	roles	1	0	0	0.03265866961162574	0.08772000059643807	0.5189491842992737	0.8703703703703703
0	BAK1+KLF1	64	0	NC_native_effect	roles	1	0	1	0.03265866961162574	0.08772000059643807	0.5189491842992737	0.8703703703703703
0	BAK1+KLF1	64	0	NC_native_effect	roles	1	0	2	0.03265866961162574	0.08772000059643807	0.5189491842992737	0.8703703703703703
0	BAK1+KLF1	64	0	NC_native_effect	roles	1	1	0	0.03265866961162574	0.08772000059643807	0.5189491842992737	0.8703703703703703
0	BAK1+KLF1	64	0	NC_native_effect	roles	1	1	1	0.03265866961162574	0.08772000059643807	0.5189491842992737	0.8703703703703703
0	BAK1+KLF1	64	0	NC_native_effect	roles	1	1	2	0.03265866961162574	0.08772000059643807	0.5189491842992737	0.8703703703703703
0	BAK1+KLF1	64	0	NC_native_effect	roles	1	2	0	0.03265866961162574	0.08772000059643807	0.5189491842992737	0.8703703703703703
0	BAK1+KLF1	64	0	NC_native_effect	roles	1	2	1	0.03265866961162574	0.08772000059643807	0.5189491842992737	0.8703703703703703
0	BAK1+KLF1	64	0	NC_native_effect	roles	1	2	2	0.03265866961162574	0.08772000059643807	0.5189491842992737	0.8703703703703703
0	BAK1+KLF1	64	0	NC_native_effect	roles	2	0	0	0.033838043375101434	0.09014829867782076	0.4806762400767893	0.8703703703703703
0	BAK1+KLF1	64	0	NC_native_effect	roles	2	0	1	0.033838043375101434	0.09014829867782076	0.4806762400767893	0.8703703703703703
0	BAK1+KLF1	64	0	NC_native_effect	roles	2	0	2	0.033838043375101434	0.09014829867782076	0.4806762400767893	0.8703703703703703
0	BAK1+KLF1	64	0	NC_native_effect	roles	2	1	0	0.033838043375101434	0.09014829867782076	0.4806762400767893	0.8703703703703703
0	BAK1+KLF1	64	0	NC_native_effect	roles	2	1	1	0.033838043375101434	0.09014829867782076	0.4806762400767893	0.8703703703703703
0	BAK1+KLF1	64	0	NC_native_effect	roles	2	1	2	0.033838043375101434	0.09014829867782076	0.4806762400767893	0.8703703703703703
0	BAK1+KLF1	64	0	NC_native_effect	roles	2	2	0	0.033838043375101434	0.09014829867782076	0.4806762400767893	0.8703703703703703
0	BAK1+KLF1	64	0	NC_native_effect	roles	2	2	1	0.033838043375101434	0.09014829867782076	0.4806762400767893	0.8703703703703703
0	BAK1+KLF1	64	0	NC_native_effect	roles	2	2	2	0.033838043375101434	0.09014829867782076	0.4806762400767893	0.8703703703703703
0	BAK1+KLF1	64	0	NC_native_effect	direct_state	unused	unused	0	0.03251206408928043	0.08857144230455566	0.5032039779519699	0.8518518518518519
0	BAK1+KLF1	64	0	NC_native_effect	direct_state	unused	unused	1	0.03251206408928043	0.08857144230455566	0.5032039779519699	0.8518518518518519
0	BAK1+KLF1	64	0	NC_native_effect	direct_state	unused	unused	2	0.03251206408928043	0.08857144230455566	0.5032039779519699	0.8518518518518519
0	BAK1+KLF1	64	0	native_effect_ridge	roles	0	0	0	0.008387962508142536	0.039866689373320295	0.922634438485931	1.0
0	BAK1+KLF1	64	0	native_effect_ridge	roles	0	0	1	0.008387962508142536	0.039866689373320295	0.922634438485931	1.0
0	BAK1+KLF1	64	0	native_effect_ridge	roles	0	0	2	0.008387962508142536	0.039866689373320295	0.922634438485931	1.0
0	BAK1+KLF1	64	0	native_effect_ridge	roles	0	1	0	0.008387962508142536	0.039866689373320295	0.922634438485931	1.0
0	BAK1+KLF1	64	0	native_effect_ridge	roles	0	1	1	0.008387962508142536	0.039866689373320295	0.922634438485931	1.0
0	BAK1+KLF1	64	0	native_effect_ridge	roles	0	1	2	0.008387962508142536	0.039866689373320295	0.922634438485931	1.0
0	BAK1+KLF1	64	0	native_effect_ridge	roles	0	2	0	0.008387962508142536	0.039866689373320295	0.922634438485931	1.0
0	BAK1+KLF1	64	0	native_effect_ridge	roles	0	2	1	0.008387962508142536	0.039866689373320295	0.922634438485931	1.0
0	BAK1+KLF1	64	0	native_effect_ridge	roles	0	2	2	0.008387962508142536	0.039866689373320295	0.922634438485931	1.0
0	BAK1+KLF1	64	0	native_effect_ridge	roles	1	0	0	0.008944585026801144	0.04109564429633113	0.9191694172626996	1.0
0	BAK1+KLF1	64	0	native_effect_ridge	roles	1	0	1	0.008944585026801144	0.04109564429633113	0.9191694172626996	1.0
0	BAK1+KLF1	64	0	native_effect_ridge	roles	1	0	2	0.008944585026801144	0.04109564429633113	0.9191694172626996	1.0
0	BAK1+KLF1	64	0	native_effect_ridge	roles	1	1	0	0.008944585026801144	0.04109564429633113	0.9191694172626996	1.0
0	BAK1+KLF1	64	0	native_effect_ridge	roles	1	1	1	0.008944585026801144	0.04109564429633113	0.9191694172626996	1.0
0	BAK1+KLF1	64	0	native_effect_ridge	roles	1	1	2	0.008944585026801144	0.04109564429633113	0.9191694172626996	1.0
0	BAK1+KLF1	64	0	native_effect_ridge	roles	1	2	0	0.008944585026801144	0.04109564429633113	0.9191694172626996	1.0
0	BAK1+KLF1	64	0	native_effect_ridge	roles	1	2	1	0.008944585026801144	0.04109564429633113	0.9191694172626996	1.0
0	BAK1+KLF1	64	0	native_effect_ridge	roles	1	2	2	0.008944585026801144	0.04109564429633113	0.9191694172626996	1.0
0	BAK1+KLF1	64	0	native_effect_ridge	roles	2	0	0	0.008836802476216323	0.04110814135226413	0.91882393674507	1.0
0	BAK1+KLF1	64	0	native_effect_ridge	roles	2	0	1	0.008836802476216323	0.04110814135226413	0.91882393674507	1.0
0	BAK1+KLF1	64	0	native_effect_ridge	roles	2	0	2	0.008836802476216323	0.04110814135226413	0.91882393674507	1.0
0	BAK1+KLF1	64	0	native_effect_ridge	roles	2	1	0	0.008836802476216323	0.04110814135226413	0.91882393674507	1.0
0	BAK1+KLF1	64	0	native_effect_ridge	roles	2	1	1	0.008836802476216323	0.04110814135226413	0.91882393674507	1.0
0	BAK1+KLF1	64	0	native_effect_ridge	roles	2	1	2	0.008836802476216323	0.04110814135226413	0.91882393674507	1.0
0	BAK1+KLF1	64	0	native_effect_ridge	roles	2	2	0	0.008836802476216323	0.04110814135226413	0.91882393674507	1.0
0	BAK1+KLF1	64	0	native_effect_ridge	roles	2	2	1	0.008836802476216323	0.04110814135226413	0.91882393674507	1.0
0	BAK1+KLF1	64	0	native_effect_ridge	roles	2	2	2	0.008836802476216323	0.04110814135226413	0.91882393674507	1.0
0	BAK1+KLF1	64	0	native_effect_ridge	direct_state	unused	unused	0	0.006532478581377718	0.03542818799733687	0.9377512466057497	1.0
0	BAK1+KLF1	64	0	native_effect_ridge	direct_state	unused	unused	1	0.006532478581377718	0.03542818799733687	0.9377512466057497	1.0
0	BAK1+KLF1	64	0	native_effect_ridge	direct_state	unused	unused	2	0.006532478581377718	0.03542818799733687	0.9377512466057497	1.0
0	BAK1+KLF1	64	29	selected_CPA	roles	0	0	0	0.020790153058041994	0.0647449913728609	0.8295102199351522	0.9814814814814815
0	BAK1+KLF1	64	29	selected_CPA	roles	0	0	1	0.023000473808225643	0.0683388398871417	0.8119608175856462	0.9629629629629629
0	BAK1+KLF1	64	29	selected_CPA	roles	0	0	2	0.022429529412322274	0.06722206088745572	0.8072755706432124	0.9814814814814815
0	BAK1+KLF1	64	29	selected_CPA	roles	0	1	0	0.023232150936392314	0.06795282677960268	0.7553009171630249	1.0
0	BAK1+KLF1	64	29	selected_CPA	roles	0	1	1	0.024352962512626676	0.06975224299017768	0.7533526377011599	0.9814814814814815
0	BAK1+KLF1	64	29	selected_CPA	roles	0	1	2	0.024454729960649395	0.06963294174846893	0.7437773182951045	1.0
0	BAK1+KLF1	64	29	selected_CPA	roles	0	2	0	0.02336161915729882	0.0683538249889931	0.7578499218476265	1.0
0	BAK1+KLF1	64	29	selected_CPA	roles	0	2	1	0.025133050693620717	0.07111509432544828	0.7434283242557381	0.9629629629629629
0	BAK1+KLF1	64	29	selected_CPA	roles	0	2	2	0.024520797499897072	0.06996409255864226	0.7476563675970906	0.9814814814814815
0	BAK1+KLF1	64	29	selected_CPA	roles	1	0	0	0.02614764420068431	0.07238308729395962	0.733158035948039	0.9629629629629629
0	BAK1+KLF1	64	29	selected_CPA	roles	1	0	1	0.029447474124817245	0.07712385396153375	0.688780536205527	0.9444444444444444
0	BAK1+KLF1	64	29	selected_CPA	roles	1	0	2	0.028203817884987773	0.07524582740038106	0.7058692541299094	0.9629629629629629
0	BAK1+KLF1	64	29	selected_CPA	roles	1	1	0	0.020790153058041994	0.0647449913728609	0.8295102199351522	0.9814814814814815
0	BAK1+KLF1	64	29	selected_CPA	roles	1	1	1	0.023000473808225643	0.0683388398871417	0.8119608175856462	0.9629629629629629
0	BAK1+KLF1	64	29	selected_CPA	roles	1	1	2	0.022429529412322274	0.06722206088745572	0.8072755706432124	0.9814814814814815
0	BAK1+KLF1	64	29	selected_CPA	roles	1	2	0	0.024840281642349284	0.07060834992141077	0.7465725703034369	0.9814814814814815
0	BAK1+KLF1	64	29	selected_CPA	roles	1	2	1	0.027701222352620465	0.07484079584920479	0.7100826190020241	0.9444444444444444
0	BAK1+KLF1	64	29	selected_CPA	roles	1	2	2	0.02641625731497073	0.07282856299852923	0.7283377313240605	0.9629629629629629
0	BAK1+KLF1	64	29	selected_CPA	roles	2	0	0	0.025490048543379877	0.0712707241989595	0.7394443594270043	0.9814814814814815
0	BAK1+KLF1	64	29	selected_CPA	roles	2	0	1	0.028139258507425272	0.07517294151521378	0.708965150573962	0.9629629629629629
0	BAK1+KLF1	64	29	selected_CPA	roles	2	0	2	0.02760962290934217	0.07423321625179477	0.7114431472407421	0.9629629629629629
0	BAK1+KLF1	64	29	selected_CPA	roles	2	1	0	0.024053217764138345	0.0690730421870671	0.7498405686843085	1.0
0	BAK1+KLF1	64	29	selected_CPA	roles	2	1	1	0.025612918554234455	0.0714985718092012	0.7404030598959411	0.9814814814814815
0	BAK1+KLF1	64	29	selected_CPA	roles	2	1	2	0.025755994800077446	0.07145913357535158	0.7298136179564036	0.9814814814814815
0	BAK1+KLF1	64	29	selected_CPA	roles	2	2	0	0.020790153058041994	0.0647449913728609	0.8295102199351522	0.9814814814814815
0	BAK1+KLF1	64	29	selected_CPA	roles	2	2	1	0.023000473808225643	0.0683388398871417	0.8119608175856462	0.9629629629629629
0	BAK1+KLF1	64	29	selected_CPA	roles	2	2	2	0.022429529412322274	0.06722206088745572	0.8072755706432124	0.9814814814814815
0	BAK1+KLF1	64	29	selected_CPA	direct_state	unused	unused	0	0.020790153058041994	0.0647449913728609	0.8295102199351522	0.9814814814814815
0	BAK1+KLF1	64	29	selected_CPA	direct_state	unused	unused	1	0.023000473808225643	0.0683388398871417	0.8119608175856462	0.9629629629629629
0	BAK1+KLF1	64	29	selected_CPA	direct_state	unused	unused	2	0.022429529412322274	0.06722206088745572	0.8072755706432124	0.9814814814814815
0	BAK1+KLF1	64	29	original_CPA_fixed	roles	0	0	0	0.02060770208667321	0.06794371769685714	0.795187953542578	0.9259259259259259
0	BAK1+KLF1	64	29	original_CPA_fixed	roles	0	0	1	0.02060770208667321	0.06794371769685714	0.795187953542578	0.9259259259259259
0	BAK1+KLF1	64	29	original_CPA_fixed	roles	0	0	2	0.02060770208667321	0.06794371769685714	0.795187953542578	0.9259259259259259
0	BAK1+KLF1	64	29	original_CPA_fixed	roles	0	1	0	0.022783808117998634	0.07078659987075589	0.7282013381584094	0.9444444444444444
0	BAK1+KLF1	64	29	original_CPA_fixed	roles	0	1	1	0.022783808117998634	0.07078659987075589	0.7282013381584094	0.9444444444444444
0	BAK1+KLF1	64	29	original_CPA_fixed	roles	0	1	2	0.022783808117998634	0.07078659987075589	0.7282013381584094	0.9444444444444444
0	BAK1+KLF1	64	29	original_CPA_fixed	roles	0	2	0	0.02342496862530194	0.07200486513377644	0.71887629785012	0.9259259259259259
0	BAK1+KLF1	64	29	original_CPA_fixed	roles	0	2	1	0.02342496862530194	0.07200486513377644	0.71887629785012	0.9259259259259259
0	BAK1+KLF1	64	29	original_CPA_fixed	roles	0	2	2	0.02342496862530194	0.07200486513377644	0.71887629785012	0.9259259259259259
0	BAK1+KLF1	64	29	original_CPA_fixed	roles	1	0	0	0.02623108507634042	0.07546538945422553	0.7008691111576348	0.9074074074074074
0	BAK1+KLF1	64	29	original_CPA_fixed	roles	1	0	1	0.02623108507634042	0.07546538945422553	0.7008691111576348	0.9074074074074074
0	BAK1+KLF1	64	29	original_CPA_fixed	roles	1	0	2	0.02623108507634042	0.07546538945422553	0.7008691111576348	0.9074074074074074
0	BAK1+KLF1	64	29	original_CPA_fixed	roles	1	1	0	0.02060770208667321	0.06794371769685714	0.795187953542578	0.9259259259259259
0	BAK1+KLF1	64	29	original_CPA_fixed	roles	1	1	1	0.02060770208667321	0.06794371769685714	0.795187953542578	0.9259259259259259
0	BAK1+KLF1	64	29	original_CPA_fixed	roles	1	1	2	0.02060770208667321	0.06794371769685714	0.795187953542578	0.9259259259259259
0	BAK1+KLF1	64	29	original_CPA_fixed	roles	1	2	0	0.025169522957377295	0.07435908218641754	0.7044096331941434	0.9074074074074074
0	BAK1+KLF1	64	29	original_CPA_fixed	roles	1	2	1	0.025169522957377295	0.07435908218641754	0.7044096331941434	0.9074074074074074
0	BAK1+KLF1	64	29	original_CPA_fixed	roles	1	2	2	0.025169522957377295	0.07435908218641754	0.7044096331941434	0.9074074074074074
0	BAK1+KLF1	64	29	original_CPA_fixed	roles	2	0	0	0.025061797132639188	0.07359300679231336	0.7192947899839965	0.9074074074074074
0	BAK1+KLF1	64	29	original_CPA_fixed	roles	2	0	1	0.025061797132639188	0.07359300679231336	0.7192947899839965	0.9074074074074074
0	BAK1+KLF1	64	29	original_CPA_fixed	roles	2	0	2	0.025061797132639188	0.07359300679231336	0.7192947899839965	0.9074074074074074
0	BAK1+KLF1	64	29	original_CPA_fixed	roles	2	1	0	0.023359074506372757	0.0712476025224085	0.7317257139956577	0.9259259259259259
0	BAK1+KLF1	64	29	original_CPA_fixed	roles	2	1	1	0.023359074506372757	0.0712476025224085	0.7317257139956577	0.9259259259259259
0	BAK1+KLF1	64	29	original_CPA_fixed	roles	2	1	2	0.023359074506372757	0.0712476025224085	0.7317257139956577	0.9259259259259259
0	BAK1+KLF1	64	29	original_CPA_fixed	roles	2	2	0	0.02060770208667321	0.06794371769685714	0.795187953542578	0.9259259259259259
0	BAK1+KLF1	64	29	original_CPA_fixed	roles	2	2	1	0.02060770208667321	0.06794371769685714	0.795187953542578	0.9259259259259259
0	BAK1+KLF1	64	29	original_CPA_fixed	roles	2	2	2	0.02060770208667321	0.06794371769685714	0.795187953542578	0.9259259259259259
0	BAK1+KLF1	64	29	original_CPA_fixed	direct_state	unused	unused	0	0.02060770208667321	0.06794371769685714	0.795187953542578	0.9259259259259259
0	BAK1+KLF1	64	29	original_CPA_fixed	direct_state	unused	unused	1	0.02060770208667321	0.06794371769685714	0.795187953542578	0.9259259259259259
0	BAK1+KLF1	64	29	original_CPA_fixed	direct_state	unused	unused	2	0.02060770208667321	0.06794371769685714	0.795187953542578	0.9259259259259259
0	BAK1+KLF1	64	29	additive	roles	0	0	0	0.0058304618726721545	0.03365381649945048	0.9526325484441007	1.0
0	BAK1+KLF1	64	29	additive	roles	0	0	1	0.0058304618726721545	0.03365381649945048	0.9526325484441007	1.0
0	BAK1+KLF1	64	29	additive	roles	0	0	2	0.0058304618726721545	0.03365381649945048	0.9526325484441007	1.0
0	BAK1+KLF1	64	29	additive	roles	0	1	0	0.010388259617816377	0.04467374732027075	0.9254155877071815	1.0
0	BAK1+KLF1	64	29	additive	roles	0	1	1	0.010388259617816377	0.04467374732027075	0.9254155877071815	1.0
0	BAK1+KLF1	64	29	additive	roles	0	1	2	0.010388259617816377	0.04467374732027075	0.9254155877071815	1.0
0	BAK1+KLF1	64	29	additive	roles	0	2	0	0.00971753313689838	0.043017387817398556	0.9276609520427271	1.0
0	BAK1+KLF1	64	29	additive	roles	0	2	1	0.00971753313689838	0.043017387817398556	0.9276609520427271	1.0
0	BAK1+KLF1	64	29	additive	roles	0	2	2	0.00971753313689838	0.043017387817398556	0.9276609520427271	1.0
0	BAK1+KLF1	64	29	additive	roles	1	0	0	0.00907215314852056	0.04174308575227724	0.9248819448750873	1.0
0	BAK1+KLF1	64	29	additive	roles	1	0	1	0.00907215314852056	0.04174308575227724	0.9248819448750873	1.0
0	BAK1+KLF1	64	29	additive	roles	1	0	2	0.00907215314852056	0.04174308575227724	0.9248819448750873	1.0
0	BAK1+KLF1	64	29	additive	roles	1	1	0	0.0058304618726721545	0.03365381649945048	0.9526325484441007	1.0
0	BAK1+KLF1	64	29	additive	roles	1	1	1	0.0058304618726721545	0.03365381649945048	0.9526325484441007	1.0
0	BAK1+KLF1	64	29	additive	roles	1	1	2	0.0058304618726721545	0.03365381649945048	0.9526325484441007	1.0
0	BAK1+KLF1	64	29	additive	roles	1	2	0	0.009080395755154935	0.04154873966128338	0.9272681751466846	1.0
0	BAK1+KLF1	64	29	additive	roles	1	2	1	0.009080395755154935	0.04154873966128338	0.9272681751466846	1.0
0	BAK1+KLF1	64	29	additive	roles	1	2	2	0.009080395755154935	0.04154873966128338	0.9272681751466846	1.0
0	BAK1+KLF1	64	29	additive	roles	2	0	0	0.00921475219304063	0.04222080977493541	0.9255408734253237	1.0
0	BAK1+KLF1	64	29	additive	roles	2	0	1	0.00921475219304063	0.04222080977493541	0.9255408734253237	1.0
0	BAK1+KLF1	64	29	additive	roles	2	0	2	0.00921475219304063	0.04222080977493541	0.9255408734253237	1.0
0	BAK1+KLF1	64	29	additive	roles	2	1	0	0.009893721280593003	0.04372250430125591	0.9255631829804735	1.0
0	BAK1+KLF1	64	29	additive	roles	2	1	1	0.009893721280593003	0.04372250430125591	0.9255631829804735	1.0
0	BAK1+KLF1	64	29	additive	roles	2	1	2	0.009893721280593003	0.04372250430125591	0.9255631829804735	1.0
0	BAK1+KLF1	64	29	additive	roles	2	2	0	0.0058304618726721545	0.03365381649945048	0.9526325484441007	1.0
0	BAK1+KLF1	64	29	additive	roles	2	2	1	0.0058304618726721545	0.03365381649945048	0.9526325484441007	1.0
0	BAK1+KLF1	64	29	additive	roles	2	2	2	0.0058304618726721545	0.03365381649945048	0.9526325484441007	1.0
0	BAK1+KLF1	64	29	additive	direct_state	unused	unused	0	0.0058304618726721545	0.03365381649945048	0.9526325484441007	1.0
0	BAK1+KLF1	64	29	additive	direct_state	unused	unused	1	0.0058304618726721545	0.03365381649945048	0.9526325484441007	1.0
0	BAK1+KLF1	64	29	additive	direct_state	unused	unused	2	0.0058304618726721545	0.03365381649945048	0.9526325484441007	1.0
0	BAK1+KLF1	64	29	compositional_ridge	roles	0	0	0	0.006043151830994505	0.034773074839558445	0.9435300266021269	1.0
0	BAK1+KLF1	64	29	compositional_ridge	roles	0	0	1	0.006043151830994505	0.034773074839558445	0.9435300266021269	1.0
0	BAK1+KLF1	64	29	compositional_ridge	roles	0	0	2	0.006043151830994505	0.034773074839558445	0.9435300266021269	1.0
0	BAK1+KLF1	64	29	compositional_ridge	roles	0	1	0	0.009696607063808184	0.04365269932950989	0.9005774957998792	1.0
0	BAK1+KLF1	64	29	compositional_ridge	roles	0	1	1	0.009696607063808184	0.04365269932950989	0.9005774957998792	1.0
0	BAK1+KLF1	64	29	compositional_ridge	roles	0	1	2	0.009696607063808184	0.04365269932950989	0.9005774957998792	1.0
0	BAK1+KLF1	64	29	compositional_ridge	roles	0	2	0	0.009527428119264198	0.043271759248507846	0.9023501860106159	1.0
0	BAK1+KLF1	64	29	compositional_ridge	roles	0	2	1	0.009527428119264198	0.043271759248507846	0.9023501860106159	1.0
0	BAK1+KLF1	64	29	compositional_ridge	roles	0	2	2	0.009527428119264198	0.043271759248507846	0.9023501860106159	1.0
0	BAK1+KLF1	64	29	compositional_ridge	roles	1	0	0	0.010189185619173455	0.04456282628651903	0.8996749882693447	1.0
0	BAK1+KLF1	64	29	compositional_ridge	roles	1	0	1	0.010189185619173455	0.04456282628651903	0.8996749882693447	1.0
0	BAK1+KLF1	64	29	compositional_ridge	roles	1	0	2	0.010189185619173455	0.04456282628651903	0.8996749882693447	1.0
0	BAK1+KLF1	64	29	compositional_ridge	roles	1	1	0	0.006043151830994505	0.034773074839558445	0.9435300266021269	1.0
0	BAK1+KLF1	64	29	compositional_ridge	roles	1	1	1	0.006043151830994505	0.034773074839558445	0.9435300266021269	1.0
0	BAK1+KLF1	64	29	compositional_ridge	roles	1	1	2	0.006043151830994505	0.034773074839558445	0.9435300266021269	1.0
0	BAK1+KLF1	64	29	compositional_ridge	roles	1	2	0	0.009794633249851298	0.04376094344242488	0.9016565469879534	1.0
0	BAK1+KLF1	64	29	compositional_ridge	roles	1	2	1	0.009794633249851298	0.04376094344242488	0.9016565469879534	1.0
0	BAK1+KLF1	64	29	compositional_ridge	roles	1	2	2	0.009794633249851298	0.04376094344242488	0.9016565469879534	1.0
0	BAK1+KLF1	64	29	compositional_ridge	roles	2	0	0	0.009830237127319513	0.043747251592078595	0.9024119952975227	1.0
0	BAK1+KLF1	64	29	compositional_ridge	roles	2	0	1	0.009830237127319513	0.043747251592078595	0.9024119952975227	1.0
0	BAK1+KLF1	64	29	compositional_ridge	roles	2	0	2	0.009830237127319513	0.043747251592078595	0.9024119952975227	1.0
0	BAK1+KLF1	64	29	compositional_ridge	roles	2	1	0	0.009604863702541341	0.04331408219599061	0.9023859713614348	1.0
0	BAK1+KLF1	64	29	compositional_ridge	roles	2	1	1	0.009604863702541341	0.04331408219599061	0.9023859713614348	1.0
0	BAK1+KLF1	64	29	compositional_ridge	roles	2	1	2	0.009604863702541341	0.04331408219599061	0.9023859713614348	1.0
0	BAK1+KLF1	64	29	compositional_ridge	roles	2	2	0	0.006043151830994505	0.034773074839558445	0.9435300266021269	1.0
0	BAK1+KLF1	64	29	compositional_ridge	roles	2	2	1	0.006043151830994505	0.034773074839558445	0.9435300266021269	1.0
0	BAK1+KLF1	64	29	compositional_ridge	roles	2	2	2	0.006043151830994505	0.034773074839558445	0.9435300266021269	1.0
0	BAK1+KLF1	64	29	compositional_ridge	direct_state	unused	unused	0	0.006043151830994505	0.034773074839558445	0.9435300266021269	1.0
0	BAK1+KLF1	64	29	compositional_ridge	direct_state	unused	unused	1	0.006043151830994505	0.034773074839558445	0.9435300266021269	1.0
0	BAK1+KLF1	64	29	compositional_ridge	direct_state	unused	unused	2	0.006043151830994505	0.034773074839558445	0.9435300266021269	1.0
0	BAK1+KLF1	64	29	NC_native_effect	roles	0	0	0	0.033982589887620394	0.09020256356252872	0.4790373227046304	0.8703703703703703
0	BAK1+KLF1	64	29	NC_native_effect	roles	0	0	1	0.033982589887620394	0.09020256356252872	0.4790373227046304	0.8703703703703703
0	BAK1+KLF1	64	29	NC_native_effect	roles	0	0	2	0.033982589887620394	0.09020256356252872	0.4790373227046304	0.8703703703703703
0	BAK1+KLF1	64	29	NC_native_effect	roles	0	1	0	0.033982589887620394	0.09020256356252872	0.4790373227046304	0.8703703703703703
0	BAK1+KLF1	64	29	NC_native_effect	roles	0	1	1	0.033982589887620394	0.09020256356252872	0.4790373227046304	0.8703703703703703
0	BAK1+KLF1	64	29	NC_native_effect	roles	0	1	2	0.033982589887620394	0.09020256356252872	0.4790373227046304	0.8703703703703703
0	BAK1+KLF1	64	29	NC_native_effect	roles	0	2	0	0.033982589887620394	0.09020256356252872	0.4790373227046304	0.8703703703703703
0	BAK1+KLF1	64	29	NC_native_effect	roles	0	2	1	0.033982589887620394	0.09020256356252872	0.4790373227046304	0.8703703703703703
0	BAK1+KLF1	64	29	NC_native_effect	roles	0	2	2	0.033982589887620394	0.09020256356252872	0.4790373227046304	0.8703703703703703
0	BAK1+KLF1	64	29	NC_native_effect	roles	1	0	0	0.03509011672973658	0.09128494252776391	0.466867178223909	0.8518518518518519
0	BAK1+KLF1	64	29	NC_native_effect	roles	1	0	1	0.03509011672973658	0.09128494252776391	0.466867178223909	0.8518518518518519
0	BAK1+KLF1	64	29	NC_native_effect	roles	1	0	2	0.03509011672973658	0.09128494252776391	0.466867178223909	0.8518518518518519
0	BAK1+KLF1	64	29	NC_native_effect	roles	1	1	0	0.03509011672973658	0.09128494252776391	0.466867178223909	0.8518518518518519
0	BAK1+KLF1	64	29	NC_native_effect	roles	1	1	1	0.03509011672973658	0.09128494252776391	0.466867178223909	0.8518518518518519
0	BAK1+KLF1	64	29	NC_native_effect	roles	1	1	2	0.03509011672973658	0.09128494252776391	0.466867178223909	0.8518518518518519
0	BAK1+KLF1	64	29	NC_native_effect	roles	1	2	0	0.03509011672973658	0.09128494252776391	0.466867178223909	0.8518518518518519
0	BAK1+KLF1	64	29	NC_native_effect	roles	1	2	1	0.03509011672973658	0.09128494252776391	0.466867178223909	0.8518518518518519
0	BAK1+KLF1	64	29	NC_native_effect	roles	1	2	2	0.03509011672973658	0.09128494252776391	0.466867178223909	0.8518518518518519
0	BAK1+KLF1	64	29	NC_native_effect	roles	2	0	0	0.03416816148099913	0.08999527257989708	0.4848403103470964	0.8518518518518519
0	BAK1+KLF1	64	29	NC_native_effect	roles	2	0	1	0.03416816148099913	0.08999527257989708	0.4848403103470964	0.8518518518518519
0	BAK1+KLF1	64	29	NC_native_effect	roles	2	0	2	0.03416816148099913	0.08999527257989708	0.4848403103470964	0.8518518518518519
0	BAK1+KLF1	64	29	NC_native_effect	roles	2	1	0	0.03416816148099913	0.08999527257989708	0.4848403103470964	0.8518518518518519
0	BAK1+KLF1	64	29	NC_native_effect	roles	2	1	1	0.03416816148099913	0.08999527257989708	0.4848403103470964	0.8518518518518519
0	BAK1+KLF1	64	29	NC_native_effect	roles	2	1	2	0.03416816148099913	0.08999527257989708	0.4848403103470964	0.8518518518518519
0	BAK1+KLF1	64	29	NC_native_effect	roles	2	2	0	0.03416816148099913	0.08999527257989708	0.4848403103470964	0.8518518518518519
0	BAK1+KLF1	64	29	NC_native_effect	roles	2	2	1	0.03416816148099913	0.08999527257989708	0.4848403103470964	0.8518518518518519
0	BAK1+KLF1	64	29	NC_native_effect	roles	2	2	2	0.03416816148099913	0.08999527257989708	0.4848403103470964	0.8518518518518519
0	BAK1+KLF1	64	29	NC_native_effect	direct_state	unused	unused	0	0.03251206408928043	0.08857144230455566	0.5032039779519699	0.8518518518518519
0	BAK1+KLF1	64	29	NC_native_effect	direct_state	unused	unused	1	0.03251206408928043	0.08857144230455566	0.5032039779519699	0.8518518518518519
0	BAK1+KLF1	64	29	NC_native_effect	direct_state	unused	unused	2	0.03251206408928043	0.08857144230455566	0.5032039779519699	0.8518518518518519
0	BAK1+KLF1	64	29	native_effect_ridge	roles	0	0	0	0.008753646306932962	0.04082370024284765	0.9193731858101843	1.0
0	BAK1+KLF1	64	29	native_effect_ridge	roles	0	0	1	0.008753646306932962	0.04082370024284765	0.9193731858101843	1.0
0	BAK1+KLF1	64	29	native_effect_ridge	roles	0	0	2	0.008753646306932962	0.04082370024284765	0.9193731858101843	1.0
0	BAK1+KLF1	64	29	native_effect_ridge	roles	0	1	0	0.008753646306932962	0.04082370024284765	0.9193731858101843	1.0
0	BAK1+KLF1	64	29	native_effect_ridge	roles	0	1	1	0.008753646306932962	0.04082370024284765	0.9193731858101843	1.0
0	BAK1+KLF1	64	29	native_effect_ridge	roles	0	1	2	0.008753646306932962	0.04082370024284765	0.9193731858101843	1.0
0	BAK1+KLF1	64	29	native_effect_ridge	roles	0	2	0	0.008753646306932962	0.04082370024284765	0.9193731858101843	1.0
0	BAK1+KLF1	64	29	native_effect_ridge	roles	0	2	1	0.008753646306932962	0.04082370024284765	0.9193731858101843	1.0
0	BAK1+KLF1	64	29	native_effect_ridge	roles	0	2	2	0.008753646306932962	0.04082370024284765	0.9193731858101843	1.0
0	BAK1+KLF1	64	29	native_effect_ridge	roles	1	0	0	0.00830282053480067	0.0397310893761717	0.920608109512451	1.0
0	BAK1+KLF1	64	29	native_effect_ridge	roles	1	0	1	0.00830282053480067	0.0397310893761717	0.920608109512451	1.0
0	BAK1+KLF1	64	29	native_effect_ridge	roles	1	0	2	0.00830282053480067	0.0397310893761717	0.920608109512451	1.0
0	BAK1+KLF1	64	29	native_effect_ridge	roles	1	1	0	0.00830282053480067	0.0397310893761717	0.920608109512451	1.0
0	BAK1+KLF1	64	29	native_effect_ridge	roles	1	1	1	0.00830282053480067	0.0397310893761717	0.920608109512451	1.0
0	BAK1+KLF1	64	29	native_effect_ridge	roles	1	1	2	0.00830282053480067	0.0397310893761717	0.920608109512451	1.0
0	BAK1+KLF1	64	29	native_effect_ridge	roles	1	2	0	0.00830282053480067	0.0397310893761717	0.920608109512451	1.0
0	BAK1+KLF1	64	29	native_effect_ridge	roles	1	2	1	0.00830282053480067	0.0397310893761717	0.920608109512451	1.0
0	BAK1+KLF1	64	29	native_effect_ridge	roles	1	2	2	0.00830282053480067	0.0397310893761717	0.920608109512451	1.0
0	BAK1+KLF1	64	29	native_effect_ridge	roles	2	0	0	0.008506072353137493	0.040365944929086704	0.9194669100894647	1.0
0	BAK1+KLF1	64	29	native_effect_ridge	roles	2	0	1	0.008506072353137493	0.040365944929086704	0.9194669100894647	1.0
0	BAK1+KLF1	64	29	native_effect_ridge	roles	2	0	2	0.008506072353137493	0.040365944929086704	0.9194669100894647	1.0
0	BAK1+KLF1	64	29	native_effect_ridge	roles	2	1	0	0.008506072353137493	0.040365944929086704	0.9194669100894647	1.0
0	BAK1+KLF1	64	29	native_effect_ridge	roles	2	1	1	0.008506072353137493	0.040365944929086704	0.9194669100894647	1.0
0	BAK1+KLF1	64	29	native_effect_ridge	roles	2	1	2	0.008506072353137493	0.040365944929086704	0.9194669100894647	1.0
0	BAK1+KLF1	64	29	native_effect_ridge	roles	2	2	0	0.008506072353137493	0.040365944929086704	0.9194669100894647	1.0
0	BAK1+KLF1	64	29	native_effect_ridge	roles	2	2	1	0.008506072353137493	0.040365944929086704	0.9194669100894647	1.0
0	BAK1+KLF1	64	29	native_effect_ridge	roles	2	2	2	0.008506072353137493	0.040365944929086704	0.9194669100894647	1.0
0	BAK1+KLF1	64	29	native_effect_ridge	direct_state	unused	unused	0	0.006532478581377718	0.03542818799733687	0.9377512466057497	1.0
0	BAK1+KLF1	64	29	native_effect_ridge	direct_state	unused	unused	1	0.006532478581377718	0.03542818799733687	0.9377512466057497	1.0
0	BAK1+KLF1	64	29	native_effect_ridge	direct_state	unused	unused	2	0.006532478581377718	0.03542818799733687	0.9377512466057497	1.0
0	BAK1+KLF1	128	0	selected_CPA	roles	0	0	0	0.022253145794318144	0.0670467069512308	0.8231430616216338	0.9629629629629629
0	BAK1+KLF1	128	0	selected_CPA	roles	0	0	1	0.021002913925132625	0.06492949418750864	0.8317988901772616	0.9814814814814815
0	BAK1+KLF1	128	0	selected_CPA	roles	0	0	2	0.02107091100359868	0.06518664740798313	0.8224471735320295	0.9814814814814815
0	BAK1+KLF1	128	0	selected_CPA	roles	0	1	0	0.025589576163739133	0.07176572504026786	0.7595161328255097	0.9444444444444444
0	BAK1+KLF1	128	0	selected_CPA	roles	0	1	1	0.02400958128531746	0.06929569502597213	0.7781343863491298	0.9629629629629629
0	BAK1+KLF1	128	0	selected_CPA	roles	0	1	2	0.024172627676103297	0.06968629699962497	0.7672646465673704	0.9629629629629629
0	BAK1+KLF1	128	0	selected_CPA	roles	0	2	0	0.025867358730993745	0.07196067647823835	0.7628081411342058	0.9444444444444444
0	BAK1+KLF1	128	0	selected_CPA	roles	0	2	1	0.02437681088757243	0.06966212908772498	0.7780499676076673	0.9629629629629629
0	BAK1+KLF1	128	0	selected_CPA	roles	0	2	2	0.02432010648817371	0.06971613706562882	0.7724273517237213	0.9629629629629629
0	BAK1+KLF1	128	0	selected_CPA	roles	1	0	0	0.022614636106619016	0.06733111045779072	0.7940271830982089	0.9814814814814815
0	BAK1+KLF1	128	0	selected_CPA	roles	1	0	1	0.021694167246669636	0.06574998845463778	0.7977706168098152	0.9814814814814815
0	BAK1+KLF1	128	0	selected_CPA	roles	1	0	2	0.02166711501281592	0.06584598629447046	0.7929648211721584	0.9814814814814815
0	BAK1+KLF1	128	0	selected_CPA	roles	1	1	0	0.022253145794318144	0.0670467069512308	0.8231430616216338	0.9629629629629629
0	BAK1+KLF1	128	0	selected_CPA	roles	1	1	1	0.021002913925132625	0.06492949418750864	0.8317988901772616	0.9814814814814815
0	BAK1+KLF1	128	0	selected_CPA	roles	1	1	2	0.02107091100359868	0.06518664740798313	0.8224471735320295	0.9814814814814815
0	BAK1+KLF1	128	0	selected_CPA	roles	1	2	0	0.024299051637135943	0.06969630711706858	0.7808221202944887	0.9629629629629629
0	BAK1+KLF1	128	0	selected_CPA	roles	1	2	1	0.023138266802950773	0.06783106028546365	0.788373002034894	0.9814814814814815
0	BAK1+KLF1	128	0	selected_CPA	roles	1	2	2	0.022986513091232275	0.06773295669191241	0.7857875810649825	0.9814814814814815
0	BAK1+KLF1	128	0	selected_CPA	roles	2	0	0	0.022468014338054062	0.0672799830423563	0.7893651698355616	0.9814814814814815
0	BAK1+KLF1	128	0	selected_CPA	roles	2	0	1	0.02145809844310432	0.06552312151625238	0.7965703705506154	1.0
0	BAK1+KLF1	128	0	selected_CPA	roles	2	0	2	0.02165079699943516	0.06597477915543852	0.7869281754481121	1.0
0	BAK1+KLF1	128	0	selected_CPA	roles	2	1	0	0.02387464730131637	0.06944546954126614	0.7728279819515362	0.9629629629629629
0	BAK1+KLF1	128	0	selected_CPA	roles	2	1	1	0.022534968397130484	0.06723356550857956	0.7872060738864056	0.9814814814814815
0	BAK1+KLF1	128	0	selected_CPA	roles	2	1	2	0.02282271626578111	0.06782751077484839	0.7745492721878292	0.9814814814814815
0	BAK1+KLF1	128	0	selected_CPA	roles	2	2	0	0.022253145794318144	0.0670467069512308	0.8231430616216338	0.9629629629629629
0	BAK1+KLF1	128	0	selected_CPA	roles	2	2	1	0.021002913925132625	0.06492949418750864	0.8317988901772616	0.9814814814814815
0	BAK1+KLF1	128	0	selected_CPA	roles	2	2	2	0.02107091100359868	0.06518664740798313	0.8224471735320295	0.9814814814814815
0	BAK1+KLF1	128	0	selected_CPA	direct_state	unused	unused	0	0.022253145794318144	0.0670467069512308	0.8231430616216338	0.9629629629629629
0	BAK1+KLF1	128	0	selected_CPA	direct_state	unused	unused	1	0.021002913925132625	0.06492949418750864	0.8317988901772616	0.9814814814814815
0	BAK1+KLF1	128	0	selected_CPA	direct_state	unused	unused	2	0.02107091100359868	0.06518664740798313	0.8224471735320295	0.9814814814814815
0	BAK1+KLF1	128	0	original_CPA_fixed	roles	0	0	0	0.02060770208667321	0.06794371769685714	0.795187953542578	0.9259259259259259
0	BAK1+KLF1	128	0	original_CPA_fixed	roles	0	0	1	0.02060770208667321	0.06794371769685714	0.795187953542578	0.9259259259259259
0	BAK1+KLF1	128	0	original_CPA_fixed	roles	0	0	2	0.02060770208667321	0.06794371769685714	0.795187953542578	0.9259259259259259
0	BAK1+KLF1	128	0	original_CPA_fixed	roles	0	1	0	0.02403428530403635	0.07290102720730908	0.7306960371157689	0.9074074074074074
0	BAK1+KLF1	128	0	original_CPA_fixed	roles	0	1	1	0.02403428530403635	0.07290102720730908	0.7306960371157689	0.9074074074074074
0	BAK1+KLF1	128	0	original_CPA_fixed	roles	0	1	2	0.02403428530403635	0.07290102720730908	0.7306960371157689	0.9074074074074074
0	BAK1+KLF1	128	0	original_CPA_fixed	roles	0	2	0	0.024163662192701735	0.07253056751702192	0.7421919138747449	0.9074074074074074
0	BAK1+KLF1	128	0	original_CPA_fixed	roles	0	2	1	0.024163662192701735	0.07253056751702192	0.7421919138747449	0.9074074074074074
0	BAK1+KLF1	128	0	original_CPA_fixed	roles	0	2	2	0.024163662192701735	0.07253056751702192	0.7421919138747449	0.9074074074074074
0	BAK1+KLF1	128	0	original_CPA_fixed	roles	1	0	0	0.020879039551031927	0.06790739047471725	0.77659315861085	0.9444444444444444
0	BAK1+KLF1	128	0	original_CPA_fixed	roles	1	0	1	0.020879039551031927	0.06790739047471725	0.77659315861085	0.9444444444444444
0	BAK1+KLF1	128	0	original_CPA_fixed	roles	1	0	2	0.020879039551031927	0.06790739047471725	0.77659315861085	0.9444444444444444
0	BAK1+KLF1	128	0	original_CPA_fixed	roles	1	1	0	0.02060770208667321	0.06794371769685714	0.795187953542578	0.9259259259259259
0	BAK1+KLF1	128	0	original_CPA_fixed	roles	1	1	1	0.02060770208667321	0.06794371769685714	0.795187953542578	0.9259259259259259
0	BAK1+KLF1	128	0	original_CPA_fixed	roles	1	1	2	0.02060770208667321	0.06794371769685714	0.795187953542578	0.9259259259259259
0	BAK1+KLF1	128	0	original_CPA_fixed	roles	1	2	0	0.022505202250901774	0.06997690243953955	0.766146534541218	0.9444444444444444
0	BAK1+KLF1	128	0	original_CPA_fixed	roles	1	2	1	0.022505202250901774	0.06997690243953955	0.766146534541218	0.9444444444444444
0	BAK1+KLF1	128	0	original_CPA_fixed	roles	1	2	2	0.022505202250901774	0.06997690243953955	0.766146534541218	0.9444444444444444
0	BAK1+KLF1	128	0	original_CPA_fixed	roles	2	0	0	0.020880823461056196	0.06845748736242192	0.763948520915189	0.9259259259259259
0	BAK1+KLF1	128	0	original_CPA_fixed	roles	2	0	1	0.020880823461056196	0.06845748736242192	0.763948520915189	0.9259259259259259
0	BAK1+KLF1	128	0	original_CPA_fixed	roles	2	0	2	0.020880823461056196	0.06845748736242192	0.763948520915189	0.9259259259259259
0	BAK1+KLF1	128	0	original_CPA_fixed	roles	2	1	0	0.022377609272260665	0.07089187057387344	0.741944088360239	0.9259259259259259
0	BAK1+KLF1	128	0	original_CPA_fixed	roles	2	1	1	0.022377609272260665	0.07089187057387344	0.741944088360239	0.9259259259259259
0	BAK1+KLF1	128	0	original_CPA_fixed	roles	2	1	2	0.022377609272260665	0.07089187057387344	0.741944088360239	0.9259259259259259
0	BAK1+KLF1	128	0	original_CPA_fixed	roles	2	2	0	0.02060770208667321	0.06794371769685714	0.795187953542578	0.9259259259259259
0	BAK1+KLF1	128	0	original_CPA_fixed	roles	2	2	1	0.02060770208667321	0.06794371769685714	0.795187953542578	0.9259259259259259
0	BAK1+KLF1	128	0	original_CPA_fixed	roles	2	2	2	0.02060770208667321	0.06794371769685714	0.795187953542578	0.9259259259259259
0	BAK1+KLF1	128	0	original_CPA_fixed	direct_state	unused	unused	0	0.02060770208667321	0.06794371769685714	0.795187953542578	0.9259259259259259
0	BAK1+KLF1	128	0	original_CPA_fixed	direct_state	unused	unused	1	0.02060770208667321	0.06794371769685714	0.795187953542578	0.9259259259259259
0	BAK1+KLF1	128	0	original_CPA_fixed	direct_state	unused	unused	2	0.02060770208667321	0.06794371769685714	0.795187953542578	0.9259259259259259
0	BAK1+KLF1	128	0	additive	roles	0	0	0	0.0058304618726721545	0.03365381649945048	0.9526325484441007	1.0
0	BAK1+KLF1	128	0	additive	roles	0	0	1	0.0058304618726721545	0.03365381649945048	0.9526325484441007	1.0
0	BAK1+KLF1	128	0	additive	roles	0	0	2	0.0058304618726721545	0.03365381649945048	0.9526325484441007	1.0
0	BAK1+KLF1	128	0	additive	roles	0	1	0	0.007116816143031896	0.036852372951954086	0.941160408844587	1.0
0	BAK1+KLF1	128	0	additive	roles	0	1	1	0.007116816143031896	0.036852372951954086	0.941160408844587	1.0
0	BAK1+KLF1	128	0	additive	roles	0	1	2	0.007116816143031896	0.036852372951954086	0.941160408844587	1.0
0	BAK1+KLF1	128	0	additive	roles	0	2	0	0.007237687104957323	0.03729492198349433	0.9393430014962029	1.0
0	BAK1+KLF1	128	0	additive	roles	0	2	1	0.007237687104957323	0.03729492198349433	0.9393430014962029	1.0
0	BAK1+KLF1	128	0	additive	roles	0	2	2	0.007237687104957323	0.03729492198349433	0.9393430014962029	1.0
0	BAK1+KLF1	128	0	additive	roles	1	0	0	0.008242028284034263	0.04000421525031528	0.9375765328836386	1.0
0	BAK1+KLF1	128	0	additive	roles	1	0	1	0.008242028284034263	0.04000421525031528	0.9375765328836386	1.0
0	BAK1+KLF1	128	0	additive	roles	1	0	2	0.008242028284034263	0.04000421525031528	0.9375765328836386	1.0
0	BAK1+KLF1	128	0	additive	roles	1	1	0	0.0058304618726721545	0.03365381649945048	0.9526325484441007	1.0
0	BAK1+KLF1	128	0	additive	roles	1	1	1	0.0058304618726721545	0.03365381649945048	0.9526325484441007	1.0
0	BAK1+KLF1	128	0	additive	roles	1	1	2	0.0058304618726721545	0.03365381649945048	0.9526325484441007	1.0
0	BAK1+KLF1	128	0	additive	roles	1	2	0	0.007719456110160761	0.038725803060051085	0.9375660637884355	1.0
0	BAK1+KLF1	128	0	additive	roles	1	2	1	0.007719456110160761	0.038725803060051085	0.9375660637884355	1.0
0	BAK1+KLF1	128	0	additive	roles	1	2	2	0.007719456110160761	0.038725803060051085	0.9375660637884355	1.0
0	BAK1+KLF1	128	0	additive	roles	2	0	0	0.00825231812079849	0.03985800767197781	0.9389003571780601	1.0
0	BAK1+KLF1	128	0	additive	roles	2	0	1	0.00825231812079849	0.03985800767197781	0.9389003571780601	1.0
0	BAK1+KLF1	128	0	additive	roles	2	0	2	0.00825231812079849	0.03985800767197781	0.9389003571780601	1.0
0	BAK1+KLF1	128	0	additive	roles	2	1	0	0.007608874984999559	0.03814705161433497	0.9406903348815092	1.0
0	BAK1+KLF1	128	0	additive	roles	2	1	1	0.007608874984999559	0.03814705161433497	0.9406903348815092	1.0
0	BAK1+KLF1	128	0	additive	roles	2	1	2	0.007608874984999559	0.03814705161433497	0.9406903348815092	1.0
0	BAK1+KLF1	128	0	additive	roles	2	2	0	0.0058304618726721545	0.03365381649945048	0.9526325484441007	1.0
0	BAK1+KLF1	128	0	additive	roles	2	2	1	0.0058304618726721545	0.03365381649945048	0.9526325484441007	1.0
0	BAK1+KLF1	128	0	additive	roles	2	2	2	0.0058304618726721545	0.03365381649945048	0.9526325484441007	1.0
0	BAK1+KLF1	128	0	additive	direct_state	unused	unused	0	0.0058304618726721545	0.03365381649945048	0.9526325484441007	1.0
0	BAK1+KLF1	128	0	additive	direct_state	unused	unused	1	0.0058304618726721545	0.03365381649945048	0.9526325484441007	1.0
0	BAK1+KLF1	128	0	additive	direct_state	unused	unused	2	0.0058304618726721545	0.03365381649945048	0.9526325484441007	1.0
0	BAK1+KLF1	128	0	compositional_ridge	roles	0	0	0	0.006043151830994505	0.034773074839558445	0.9435300266021269	1.0
0	BAK1+KLF1	128	0	compositional_ridge	roles	0	0	1	0.006043151830994505	0.034773074839558445	0.9435300266021269	1.0
0	BAK1+KLF1	128	0	compositional_ridge	roles	0	0	2	0.006043151830994505	0.034773074839558445	0.9435300266021269	1.0
0	BAK1+KLF1	128	0	compositional_ridge	roles	0	1	0	0.007982895934978994	0.03981704132875771	0.9224441921803895	1.0
0	BAK1+KLF1	128	0	compositional_ridge	roles	0	1	1	0.007982895934978994	0.03981704132875771	0.9224441921803895	1.0
0	BAK1+KLF1	128	0	compositional_ridge	roles	0	1	2	0.007982895934978994	0.03981704132875771	0.9224441921803895	1.0
0	BAK1+KLF1	128	0	compositional_ridge	roles	0	2	0	0.008043730065654495	0.03960781571073399	0.9244809854751785	1.0
0	BAK1+KLF1	128	0	compositional_ridge	roles	0	2	1	0.008043730065654495	0.03960781571073399	0.9244809854751785	1.0
0	BAK1+KLF1	128	0	compositional_ridge	roles	0	2	2	0.008043730065654495	0.03960781571073399	0.9244809854751785	1.0
0	BAK1+KLF1	128	0	compositional_ridge	roles	1	0	0	0.007801328408731866	0.03906677088582023	0.9219701395098981	1.0
0	BAK1+KLF1	128	0	compositional_ridge	roles	1	0	1	0.007801328408731866	0.03906677088582023	0.9219701395098981	1.0
0	BAK1+KLF1	128	0	compositional_ridge	roles	1	0	2	0.007801328408731866	0.03906677088582023	0.9219701395098981	1.0
0	BAK1+KLF1	128	0	compositional_ridge	roles	1	1	0	0.006043151830994505	0.034773074839558445	0.9435300266021269	1.0
0	BAK1+KLF1	128	0	compositional_ridge	roles	1	1	1	0.006043151830994505	0.034773074839558445	0.9435300266021269	1.0
0	BAK1+KLF1	128	0	compositional_ridge	roles	1	1	2	0.006043151830994505	0.034773074839558445	0.9435300266021269	1.0
0	BAK1+KLF1	128	0	compositional_ridge	roles	1	2	0	0.007872109237233188	0.03907484693634981	0.9241731188017568	1.0
0	BAK1+KLF1	128	0	compositional_ridge	roles	1	2	1	0.007872109237233188	0.03907484693634981	0.9241731188017568	1.0
0	BAK1+KLF1	128	0	compositional_ridge	roles	1	2	2	0.007872109237233188	0.03907484693634981	0.9241731188017568	1.0
0	BAK1+KLF1	128	0	compositional_ridge	roles	2	0	0	0.00787165507674602	0.039547030907472684	0.9195561442145266	1.0
0	BAK1+KLF1	128	0	compositional_ridge	roles	2	0	1	0.00787165507674602	0.039547030907472684	0.9195561442145266	1.0
0	BAK1+KLF1	128	0	compositional_ridge	roles	2	0	2	0.00787165507674602	0.039547030907472684	0.9195561442145266	1.0
0	BAK1+KLF1	128	0	compositional_ridge	roles	2	1	0	0.007881601774571836	0.03976451237034258	0.919706079573822	1.0
0	BAK1+KLF1	128	0	compositional_ridge	roles	2	1	1	0.007881601774571836	0.03976451237034258	0.919706079573822	1.0
0	BAK1+KLF1	128	0	compositional_ridge	roles	2	1	2	0.007881601774571836	0.03976451237034258	0.919706079573822	1.0
0	BAK1+KLF1	128	0	compositional_ridge	roles	2	2	0	0.006043151830994505	0.034773074839558445	0.9435300266021269	1.0
0	BAK1+KLF1	128	0	compositional_ridge	roles	2	2	1	0.006043151830994505	0.034773074839558445	0.9435300266021269	1.0
0	BAK1+KLF1	128	0	compositional_ridge	roles	2	2	2	0.006043151830994505	0.034773074839558445	0.9435300266021269	1.0
0	BAK1+KLF1	128	0	compositional_ridge	direct_state	unused	unused	0	0.006043151830994505	0.034773074839558445	0.9435300266021269	1.0
0	BAK1+KLF1	128	0	compositional_ridge	direct_state	unused	unused	1	0.006043151830994505	0.034773074839558445	0.9435300266021269	1.0
0	BAK1+KLF1	128	0	compositional_ridge	direct_state	unused	unused	2	0.006043151830994505	0.034773074839558445	0.9435300266021269	1.0
0	BAK1+KLF1	128	0	NC_native_effect	roles	0	0	0	0.034042323252234274	0.09001121824197636	0.4862432803288579	0.8518518518518519
0	BAK1+KLF1	128	0	NC_native_effect	roles	0	0	1	0.034042323252234274	0.09001121824197636	0.4862432803288579	0.8518518518518519
0	BAK1+KLF1	128	0	NC_native_effect	roles	0	0	2	0.034042323252234274	0.09001121824197636	0.4862432803288579	0.8518518518518519
0	BAK1+KLF1	128	0	NC_native_effect	roles	0	1	0	0.034042323252234274	0.09001121824197636	0.4862432803288579	0.8518518518518519
0	BAK1+KLF1	128	0	NC_native_effect	roles	0	1	1	0.034042323252234274	0.09001121824197636	0.4862432803288579	0.8518518518518519
0	BAK1+KLF1	128	0	NC_native_effect	roles	0	1	2	0.034042323252234274	0.09001121824197636	0.4862432803288579	0.8518518518518519
0	BAK1+KLF1	128	0	NC_native_effect	roles	0	2	0	0.034042323252234274	0.09001121824197636	0.4862432803288579	0.8518518518518519
0	BAK1+KLF1	128	0	NC_native_effect	roles	0	2	1	0.034042323252234274	0.09001121824197636	0.4862432803288579	0.8518518518518519
0	BAK1+KLF1	128	0	NC_native_effect	roles	0	2	2	0.034042323252234274	0.09001121824197636	0.4862432803288579	0.8518518518518519
0	BAK1+KLF1	128	0	NC_native_effect	roles	1	0	0	0.03252402358316057	0.0879667407698303	0.5121810402975729	0.8703703703703703
0	BAK1+KLF1	128	0	NC_native_effect	roles	1	0	1	0.03252402358316057	0.0879667407698303	0.5121810402975729	0.8703703703703703
0	BAK1+KLF1	128	0	NC_native_effect	roles	1	0	2	0.03252402358316057	0.0879667407698303	0.5121810402975729	0.8703703703703703
0	BAK1+KLF1	128	0	NC_native_effect	roles	1	1	0	0.03252402358316057	0.0879667407698303	0.5121810402975729	0.8703703703703703
0	BAK1+KLF1	128	0	NC_native_effect	roles	1	1	1	0.03252402358316057	0.0879667407698303	0.5121810402975729	0.8703703703703703
0	BAK1+KLF1	128	0	NC_native_effect	roles	1	1	2	0.03252402358316057	0.0879667407698303	0.5121810402975729	0.8703703703703703
0	BAK1+KLF1	128	0	NC_native_effect	roles	1	2	0	0.03252402358316057	0.0879667407698303	0.5121810402975729	0.8703703703703703
0	BAK1+KLF1	128	0	NC_native_effect	roles	1	2	1	0.03252402358316057	0.0879667407698303	0.5121810402975729	0.8703703703703703
0	BAK1+KLF1	128	0	NC_native_effect	roles	1	2	2	0.03252402358316057	0.0879667407698303	0.5121810402975729	0.8703703703703703
0	BAK1+KLF1	128	0	NC_native_effect	roles	2	0	0	0.03270556167553102	0.08886544336784018	0.49853251538021687	0.8703703703703703
0	BAK1+KLF1	128	0	NC_native_effect	roles	2	0	1	0.03270556167553102	0.08886544336784018	0.49853251538021687	0.8703703703703703
0	BAK1+KLF1	128	0	NC_native_effect	roles	2	0	2	0.03270556167553102	0.08886544336784018	0.49853251538021687	0.8703703703703703
0	BAK1+KLF1	128	0	NC_native_effect	roles	2	1	0	0.03270556167553102	0.08886544336784018	0.49853251538021687	0.8703703703703703
0	BAK1+KLF1	128	0	NC_native_effect	roles	2	1	1	0.03270556167553102	0.08886544336784018	0.49853251538021687	0.8703703703703703
0	BAK1+KLF1	128	0	NC_native_effect	roles	2	1	2	0.03270556167553102	0.08886544336784018	0.49853251538021687	0.8703703703703703
0	BAK1+KLF1	128	0	NC_native_effect	roles	2	2	0	0.03270556167553102	0.08886544336784018	0.49853251538021687	0.8703703703703703
0	BAK1+KLF1	128	0	NC_native_effect	roles	2	2	1	0.03270556167553102	0.08886544336784018	0.49853251538021687	0.8703703703703703
0	BAK1+KLF1	128	0	NC_native_effect	roles	2	2	2	0.03270556167553102	0.08886544336784018	0.49853251538021687	0.8703703703703703
0	BAK1+KLF1	128	0	NC_native_effect	direct_state	unused	unused	0	0.03251206408928043	0.08857144230455566	0.5032039779519699	0.8518518518518519
0	BAK1+KLF1	128	0	NC_native_effect	direct_state	unused	unused	1	0.03251206408928043	0.08857144230455566	0.5032039779519699	0.8518518518518519
0	BAK1+KLF1	128	0	NC_native_effect	direct_state	unused	unused	2	0.03251206408928043	0.08857144230455566	0.5032039779519699	0.8518518518518519
0	BAK1+KLF1	128	0	native_effect_ridge	roles	0	0	0	0.007411834937127022	0.03754535563307493	0.9292760278312711	1.0
0	BAK1+KLF1	128	0	native_effect_ridge	roles	0	0	1	0.007411834937127022	0.03754535563307493	0.9292760278312711	1.0
0	BAK1+KLF1	128	0	native_effect_ridge	roles	0	0	2	0.007411834937127022	0.03754535563307493	0.9292760278312711	1.0
0	BAK1+KLF1	128	0	native_effect_ridge	roles	0	1	0	0.007411834937127022	0.03754535563307493	0.9292760278312711	1.0
0	BAK1+KLF1	128	0	native_effect_ridge	roles	0	1	1	0.007411834937127022	0.03754535563307493	0.9292760278312711	1.0
0	BAK1+KLF1	128	0	native_effect_ridge	roles	0	1	2	0.007411834937127022	0.03754535563307493	0.9292760278312711	1.0
0	BAK1+KLF1	128	0	native_effect_ridge	roles	0	2	0	0.007411834937127022	0.03754535563307493	0.9292760278312711	1.0
0	BAK1+KLF1	128	0	native_effect_ridge	roles	0	2	1	0.007411834937127022	0.03754535563307493	0.9292760278312711	1.0
0	BAK1+KLF1	128	0	native_effect_ridge	roles	0	2	2	0.007411834937127022	0.03754535563307493	0.9292760278312711	1.0
0	BAK1+KLF1	128	0	native_effect_ridge	roles	1	0	0	0.007885049362348228	0.03873288522232596	0.9266118650422455	1.0
0	BAK1+KLF1	128	0	native_effect_ridge	roles	1	0	1	0.007885049362348228	0.03873288522232596	0.9266118650422455	1.0
0	BAK1+KLF1	128	0	native_effect_ridge	roles	1	0	2	0.007885049362348228	0.03873288522232596	0.9266118650422455	1.0
0	BAK1+KLF1	128	0	native_effect_ridge	roles	1	1	0	0.007885049362348228	0.03873288522232596	0.9266118650422455	1.0
0	BAK1+KLF1	128	0	native_effect_ridge	roles	1	1	1	0.007885049362348228	0.03873288522232596	0.9266118650422455	1.0
0	BAK1+KLF1	128	0	native_effect_ridge	roles	1	1	2	0.007885049362348228	0.03873288522232596	0.9266118650422455	1.0
0	BAK1+KLF1	128	0	native_effect_ridge	roles	1	2	0	0.007885049362348228	0.03873288522232596	0.9266118650422455	1.0
0	BAK1+KLF1	128	0	native_effect_ridge	roles	1	2	1	0.007885049362348228	0.03873288522232596	0.9266118650422455	1.0
0	BAK1+KLF1	128	0	native_effect_ridge	roles	1	2	2	0.007885049362348228	0.03873288522232596	0.9266118650422455	1.0
0	BAK1+KLF1	128	0	native_effect_ridge	roles	2	0	0	0.007972431240830233	0.03910086493770276	0.9258484168849664	1.0
0	BAK1+KLF1	128	0	native_effect_ridge	roles	2	0	1	0.007972431240830233	0.03910086493770276	0.9258484168849664	1.0
0	BAK1+KLF1	128	0	native_effect_ridge	roles	2	0	2	0.007972431240830233	0.03910086493770276	0.9258484168849664	1.0
0	BAK1+KLF1	128	0	native_effect_ridge	roles	2	1	0	0.007972431240830233	0.03910086493770276	0.9258484168849664	1.0
0	BAK1+KLF1	128	0	native_effect_ridge	roles	2	1	1	0.007972431240830233	0.03910086493770276	0.9258484168849664	1.0
0	BAK1+KLF1	128	0	native_effect_ridge	roles	2	1	2	0.007972431240830233	0.03910086493770276	0.9258484168849664	1.0
0	BAK1+KLF1	128	0	native_effect_ridge	roles	2	2	0	0.007972431240830233	0.03910086493770276	0.9258484168849664	1.0
0	BAK1+KLF1	128	0	native_effect_ridge	roles	2	2	1	0.007972431240830233	0.03910086493770276	0.9258484168849664	1.0
0	BAK1+KLF1	128	0	native_effect_ridge	roles	2	2	2	0.007972431240830233	0.03910086493770276	0.9258484168849664	1.0
0	BAK1+KLF1	128	0	native_effect_ridge	direct_state	unused	unused	0	0.006532478581377718	0.03542818799733687	0.9377512466057497	1.0
0	BAK1+KLF1	128	0	native_effect_ridge	direct_state	unused	unused	1	0.006532478581377718	0.03542818799733687	0.9377512466057497	1.0
0	BAK1+KLF1	128	0	native_effect_ridge	direct_state	unused	unused	2	0.006532478581377718	0.03542818799733687	0.9377512466057497	1.0
0	BAK1+KLF1	128	29	selected_CPA	roles	0	0	0	0.0200467119931137	0.06353630870792108	0.8326788400027474	1.0
0	BAK1+KLF1	128	29	selected_CPA	roles	0	0	1	0.02197901109985314	0.06675978480404385	0.8222149128757035	0.9629629629629629
0	BAK1+KLF1	128	29	selected_CPA	roles	0	0	2	0.021899359697937406	0.06642892502273022	0.8184771699312502	0.9814814814814815
0	BAK1+KLF1	128	29	selected_CPA	roles	0	1	0	0.020815697168014544	0.06447756158239407	0.7917182994270903	1.0
0	BAK1+KLF1	128	29	selected_CPA	roles	0	1	1	0.021815001381167914	0.06617071384560713	0.7950964666969031	1.0
0	BAK1+KLF1	128	29	selected_CPA	roles	0	1	2	0.022165986853130676	0.06651846039619645	0.7841580367231394	1.0
0	BAK1+KLF1	128	29	selected_CPA	roles	0	2	0	0.020434653057077957	0.06403082915571817	0.8001145492831507	1.0
0	BAK1+KLF1	128	29	selected_CPA	roles	0	2	1	0.021841804236595663	0.06640581447384787	0.794939324661827	0.9814814814814815
0	BAK1+KLF1	128	29	selected_CPA	roles	0	2	2	0.02186909273736947	0.06624617359164174	0.7911248925747868	1.0
0	BAK1+KLF1	128	29	selected_CPA	roles	1	0	0	0.023469015531823047	0.06866959983836979	0.7818680776441234	0.9814814814814815
0	BAK1+KLF1	128	29	selected_CPA	roles	1	0	1	0.026334309532148544	0.073036423820201	0.745756453555564	0.9444444444444444
0	BAK1+KLF1	128	29	selected_CPA	roles	1	0	2	0.025824021256354333	0.07211132662063174	0.7551223036371456	0.9629629629629629
0	BAK1+KLF1	128	29	selected_CPA	roles	1	1	0	0.0200467119931137	0.06353630870792108	0.8326788400027474	1.0
0	BAK1+KLF1	128	29	selected_CPA	roles	1	1	1	0.02197901109985314	0.06675978480404385	0.8222149128757035	0.9629629629629629
0	BAK1+KLF1	128	29	selected_CPA	roles	1	1	2	0.021899359697937406	0.06642892502273022	0.8184771699312502	0.9814814814814815
0	BAK1+KLF1	128	29	selected_CPA	roles	1	2	0	0.021661660740640024	0.06603399596550091	0.7965258718977178	0.9814814814814815
0	BAK1+KLF1	128	29	selected_CPA	roles	1	2	1	0.0240018068137438	0.06977874071926432	0.7716952965925774	0.9629629629629629
0	BAK1+KLF1	128	29	selected_CPA	roles	1	2	2	0.023598458440639115	0.06897598847363684	0.7782076941703204	0.9814814814814815
0	BAK1+KLF1	128	29	selected_CPA	roles	2	0	0	0.02343975475812271	0.06845420887048423	0.7816574827634376	0.9814814814814815
0	BAK1+KLF1	128	29	selected_CPA	roles	2	0	1	0.025897201792083876	0.07222330845527324	0.7565690529103721	0.9629629629629629
0	BAK1+KLF1	128	29	selected_CPA	roles	2	0	2	0.02571061048747862	0.07175827053248461	0.7574968058775053	0.9629629629629629
0	BAK1+KLF1	128	29	selected_CPA	roles	2	1	0	0.022013444077876275	0.0662447149479601	0.7870221702424112	1.0
0	BAK1+KLF1	128	29	selected_CPA	roles	2	1	1	0.023537896218251374	0.06870073442875231	0.7822964647999165	0.9814814814814815
0	BAK1+KLF1	128	29	selected_CPA	roles	2	1	2	0.02378194178752461	0.06886975393224173	0.7728988050454001	0.9814814814814815
0	BAK1+KLF1	128	29	selected_CPA	roles	2	2	0	0.0200467119931137	0.06353630870792108	0.8326788400027474	1.0
0	BAK1+KLF1	128	29	selected_CPA	roles	2	2	1	0.02197901109985314	0.06675978480404385	0.8222149128757035	0.9629629629629629
0	BAK1+KLF1	128	29	selected_CPA	roles	2	2	2	0.021899359697937406	0.06642892502273022	0.8184771699312502	0.9814814814814815
0	BAK1+KLF1	128	29	selected_CPA	direct_state	unused	unused	0	0.0200467119931137	0.06353630870792108	0.8326788400027474	1.0
0	BAK1+KLF1	128	29	selected_CPA	direct_state	unused	unused	1	0.02197901109985314	0.06675978480404385	0.8222149128757035	0.9629629629629629
0	BAK1+KLF1	128	29	selected_CPA	direct_state	unused	unused	2	0.021899359697937406	0.06642892502273022	0.8184771699312502	0.9814814814814815
0	BAK1+KLF1	128	29	original_CPA_fixed	roles	0	0	0	0.02060770208667321	0.06794371769685714	0.795187953542578	0.9259259259259259
0	BAK1+KLF1	128	29	original_CPA_fixed	roles	0	0	1	0.02060770208667321	0.06794371769685714	0.795187953542578	0.9259259259259259
0	BAK1+KLF1	128	29	original_CPA_fixed	roles	0	0	2	0.02060770208667321	0.06794371769685714	0.795187953542578	0.9259259259259259
0	BAK1+KLF1	128	29	original_CPA_fixed	roles	0	1	0	0.02069209903348228	0.06795457784545766	0.7657576111920534	0.9444444444444444
0	BAK1+KLF1	128	29	original_CPA_fixed	roles	0	1	1	0.02069209903348228	0.06795457784545766	0.7657576111920534	0.9444444444444444
0	BAK1+KLF1	128	29	original_CPA_fixed	roles	0	1	2	0.02069209903348228	0.06795457784545766	0.7657576111920534	0.9444444444444444
0	BAK1+KLF1	128	29	original_CPA_fixed	roles	0	2	0	0.020819357282448048	0.06830516515231434	0.7632675274872405	0.9444444444444444
0	BAK1+KLF1	128	29	original_CPA_fixed	roles	0	2	1	0.020819357282448048	0.06830516515231434	0.7632675274872405	0.9444444444444444
0	BAK1+KLF1	128	29	original_CPA_fixed	roles	0	2	2	0.020819357282448048	0.06830516515231434	0.7632675274872405	0.9444444444444444
0	BAK1+KLF1	128	29	original_CPA_fixed	roles	1	0	0	0.02471459385347434	0.07358000910507437	0.7314573054540847	0.9074074074074074
0	BAK1+KLF1	128	29	original_CPA_fixed	roles	1	0	1	0.02471459385347434	0.07358000910507437	0.7314573054540847	0.9074074074074074
0	BAK1+KLF1	128	29	original_CPA_fixed	roles	1	0	2	0.02471459385347434	0.07358000910507437	0.7314573054540847	0.9074074074074074
0	BAK1+KLF1	128	29	original_CPA_fixed	roles	1	1	0	0.02060770208667321	0.06794371769685714	0.795187953542578	0.9259259259259259
0	BAK1+KLF1	128	29	original_CPA_fixed	roles	1	1	1	0.02060770208667321	0.06794371769685714	0.795187953542578	0.9259259259259259
0	BAK1+KLF1	128	29	original_CPA_fixed	roles	1	1	2	0.02060770208667321	0.06794371769685714	0.795187953542578	0.9259259259259259
0	BAK1+KLF1	128	29	original_CPA_fixed	roles	1	2	0	0.022730953194101896	0.0710292522485418	0.7471053529193027	0.9259259259259259
0	BAK1+KLF1	128	29	original_CPA_fixed	roles	1	2	1	0.022730953194101896	0.0710292522485418	0.7471053529193027	0.9259259259259259
0	BAK1+KLF1	128	29	original_CPA_fixed	roles	1	2	2	0.022730953194101896	0.0710292522485418	0.7471053529193027	0.9259259259259259
0	BAK1+KLF1	128	29	original_CPA_fixed	roles	2	0	0	0.024177030719871654	0.07265881026036451	0.7439487218925305	0.9074074074074074
0	BAK1+KLF1	128	29	original_CPA_fixed	roles	2	0	1	0.024177030719871654	0.07265881026036451	0.7439487218925305	0.9074074074074074
0	BAK1+KLF1	128	29	original_CPA_fixed	roles	2	0	2	0.024177030719871654	0.07265881026036451	0.7439487218925305	0.9074074074074074
0	BAK1+KLF1	128	29	original_CPA_fixed	roles	2	1	0	0.022066131811533437	0.06973283808368362	0.7614907485223565	0.9259259259259259
0	BAK1+KLF1	128	29	original_CPA_fixed	roles	2	1	1	0.022066131811533437	0.06973283808368362	0.7614907485223565	0.9259259259259259
0	BAK1+KLF1	128	29	original_CPA_fixed	roles	2	1	2	0.022066131811533437	0.06973283808368362	0.7614907485223565	0.9259259259259259
0	BAK1+KLF1	128	29	original_CPA_fixed	roles	2	2	0	0.02060770208667321	0.06794371769685714	0.795187953542578	0.9259259259259259
0	BAK1+KLF1	128	29	original_CPA_fixed	roles	2	2	1	0.02060770208667321	0.06794371769685714	0.795187953542578	0.9259259259259259
0	BAK1+KLF1	128	29	original_CPA_fixed	roles	2	2	2	0.02060770208667321	0.06794371769685714	0.795187953542578	0.9259259259259259
0	BAK1+KLF1	128	29	original_CPA_fixed	direct_state	unused	unused	0	0.02060770208667321	0.06794371769685714	0.795187953542578	0.9259259259259259
0	BAK1+KLF1	128	29	original_CPA_fixed	direct_state	unused	unused	1	0.02060770208667321	0.06794371769685714	0.795187953542578	0.9259259259259259
0	BAK1+KLF1	128	29	original_CPA_fixed	direct_state	unused	unused	2	0.02060770208667321	0.06794371769685714	0.795187953542578	0.9259259259259259
0	BAK1+KLF1	128	29	additive	roles	0	0	0	0.0058304618726721545	0.03365381649945048	0.9526325484441007	1.0
0	BAK1+KLF1	128	29	additive	roles	0	0	1	0.0058304618726721545	0.03365381649945048	0.9526325484441007	1.0
0	BAK1+KLF1	128	29	additive	roles	0	0	2	0.0058304618726721545	0.03365381649945048	0.9526325484441007	1.0
0	BAK1+KLF1	128	29	additive	roles	0	1	0	0.008680890157916447	0.04098594634013333	0.937175371258298	1.0
0	BAK1+KLF1	128	29	additive	roles	0	1	1	0.008680890157916447	0.04098594634013333	0.937175371258298	1.0
0	BAK1+KLF1	128	29	additive	roles	0	1	2	0.008680890157916447	0.04098594634013333	0.937175371258298	1.0
0	BAK1+KLF1	128	29	additive	roles	0	2	0	0.00828884648797691	0.039936439577397474	0.9394865747089595	1.0
0	BAK1+KLF1	128	29	additive	roles	0	2	1	0.00828884648797691	0.039936439577397474	0.9394865747089595	1.0
0	BAK1+KLF1	128	29	additive	roles	0	2	2	0.00828884648797691	0.039936439577397474	0.9394865747089595	1.0
0	BAK1+KLF1	128	29	additive	roles	1	0	0	0.007171322301038056	0.037208275607421556	0.9384521093915198	1.0
0	BAK1+KLF1	128	29	additive	roles	1	0	1	0.007171322301038056	0.037208275607421556	0.9384521093915198	1.0
0	BAK1+KLF1	128	29	additive	roles	1	0	2	0.007171322301038056	0.037208275607421556	0.9384521093915198	1.0
0	BAK1+KLF1	128	29	additive	roles	1	1	0	0.0058304618726721545	0.03365381649945048	0.9526325484441007	1.0
0	BAK1+KLF1	128	29	additive	roles	1	1	1	0.0058304618726721545	0.03365381649945048	0.9526325484441007	1.0
0	BAK1+KLF1	128	29	additive	roles	1	1	2	0.0058304618726721545	0.03365381649945048	0.9526325484441007	1.0
0	BAK1+KLF1	128	29	additive	roles	1	2	0	0.007434411061195531	0.037797959440791375	0.9403185094147135	1.0
0	BAK1+KLF1	128	29	additive	roles	1	2	1	0.007434411061195531	0.037797959440791375	0.9403185094147135	1.0
0	BAK1+KLF1	128	29	additive	roles	1	2	2	0.007434411061195531	0.037797959440791375	0.9403185094147135	1.0
0	BAK1+KLF1	128	29	additive	roles	2	0	0	0.007153061086340672	0.037181181662696086	0.9391003433241132	1.0
0	BAK1+KLF1	128	29	additive	roles	2	0	1	0.007153061086340672	0.037181181662696086	0.9391003433241132	1.0
0	BAK1+KLF1	128	29	additive	roles	2	0	2	0.007153061086340672	0.037181181662696086	0.9391003433241132	1.0
0	BAK1+KLF1	128	29	additive	roles	2	1	0	0.007808193516437685	0.038879285298490815	0.9384844021808992	1.0
0	BAK1+KLF1	128	29	additive	roles	2	1	1	0.007808193516437685	0.038879285298490815	0.9384844021808992	1.0
0	BAK1+KLF1	128	29	additive	roles	2	1	2	0.007808193516437685	0.038879285298490815	0.9384844021808992	1.0
0	BAK1+KLF1	128	29	additive	roles	2	2	0	0.0058304618726721545	0.03365381649945048	0.9526325484441007	1.0
0	BAK1+KLF1	128	29	additive	roles	2	2	1	0.0058304618726721545	0.03365381649945048	0.9526325484441007	1.0
0	BAK1+KLF1	128	29	additive	roles	2	2	2	0.0058304618726721545	0.03365381649945048	0.9526325484441007	1.0
0	BAK1+KLF1	128	29	additive	direct_state	unused	unused	0	0.0058304618726721545	0.03365381649945048	0.9526325484441007	1.0
0	BAK1+KLF1	128	29	additive	direct_state	unused	unused	1	0.0058304618726721545	0.03365381649945048	0.9526325484441007	1.0
0	BAK1+KLF1	128	29	additive	direct_state	unused	unused	2	0.0058304618726721545	0.03365381649945048	0.9526325484441007	1.0
0	BAK1+KLF1	128	29	compositional_ridge	roles	0	0	0	0.006043151830994505	0.034773074839558445	0.9435300266021269	1.0
0	BAK1+KLF1	128	29	compositional_ridge	roles	0	0	1	0.006043151830994505	0.034773074839558445	0.9435300266021269	1.0
0	BAK1+KLF1	128	29	compositional_ridge	roles	0	0	2	0.006043151830994505	0.034773074839558445	0.9435300266021269	1.0
0	BAK1+KLF1	128	29	compositional_ridge	roles	0	1	0	0.008024958782366316	0.039892407189374195	0.9177339221129439	1.0
0	BAK1+KLF1	128	29	compositional_ridge	roles	0	1	1	0.008024958782366316	0.039892407189374195	0.9177339221129439	1.0
0	BAK1+KLF1	128	29	compositional_ridge	roles	0	1	2	0.008024958782366316	0.039892407189374195	0.9177339221129439	1.0
0	BAK1+KLF1	128	29	compositional_ridge	roles	0	2	0	0.007671115818401263	0.03896647473975621	0.9219947552529815	1.0
0	BAK1+KLF1	128	29	compositional_ridge	roles	0	2	1	0.007671115818401263	0.03896647473975621	0.9219947552529815	1.0
0	BAK1+KLF1	128	29	compositional_ridge	roles	0	2	2	0.007671115818401263	0.03896647473975621	0.9219947552529815	1.0
0	BAK1+KLF1	128	29	compositional_ridge	roles	1	0	0	0.00825263359323289	0.04032460982265039	0.9221913633170976	1.0
0	BAK1+KLF1	128	29	compositional_ridge	roles	1	0	1	0.00825263359323289	0.04032460982265039	0.9221913633170976	1.0
0	BAK1+KLF1	128	29	compositional_ridge	roles	1	0	2	0.00825263359323289	0.04032460982265039	0.9221913633170976	1.0
0	BAK1+KLF1	128	29	compositional_ridge	roles	1	1	0	0.006043151830994505	0.034773074839558445	0.9435300266021269	1.0
0	BAK1+KLF1	128	29	compositional_ridge	roles	1	1	1	0.006043151830994505	0.034773074839558445	0.9435300266021269	1.0
0	BAK1+KLF1	128	29	compositional_ridge	roles	1	1	2	0.006043151830994505	0.034773074839558445	0.9435300266021269	1.0
0	BAK1+KLF1	128	29	compositional_ridge	roles	1	2	0	0.007685301725492367	0.03895104235145641	0.9245530387316304	1.0
0	BAK1+KLF1	128	29	compositional_ridge	roles	1	2	1	0.007685301725492367	0.03895104235145641	0.9245530387316304	1.0
0	BAK1+KLF1	128	29	compositional_ridge	roles	1	2	2	0.007685301725492367	0.03895104235145641	0.9245530387316304	1.0
0	BAK1+KLF1	128	29	compositional_ridge	roles	2	0	0	0.008196171672561021	0.04015156360525906	0.9224217271581393	1.0
0	BAK1+KLF1	128	29	compositional_ridge	roles	2	0	1	0.008196171672561021	0.04015156360525906	0.9224217271581393	1.0
0	BAK1+KLF1	128	29	compositional_ridge	roles	2	0	2	0.008196171672561021	0.04015156360525906	0.9224217271581393	1.0
0	BAK1+KLF1	128	29	compositional_ridge	roles	2	1	0	0.00798268276878555	0.03970233747000166	0.920161385906386	1.0
0	BAK1+KLF1	128	29	compositional_ridge	roles	2	1	1	0.00798268276878555	0.03970233747000166	0.920161385906386	1.0
0	BAK1+KLF1	128	29	compositional_ridge	roles	2	1	2	0.00798268276878555	0.03970233747000166	0.920161385906386	1.0
0	BAK1+KLF1	128	29	compositional_ridge	roles	2	2	0	0.006043151830994505	0.034773074839558445	0.9435300266021269	1.0
0	BAK1+KLF1	128	29	compositional_ridge	roles	2	2	1	0.006043151830994505	0.034773074839558445	0.9435300266021269	1.0
0	BAK1+KLF1	128	29	compositional_ridge	roles	2	2	2	0.006043151830994505	0.034773074839558445	0.9435300266021269	1.0
0	BAK1+KLF1	128	29	compositional_ridge	direct_state	unused	unused	0	0.006043151830994505	0.034773074839558445	0.9435300266021269	1.0
0	BAK1+KLF1	128	29	compositional_ridge	direct_state	unused	unused	1	0.006043151830994505	0.034773074839558445	0.9435300266021269	1.0
0	BAK1+KLF1	128	29	compositional_ridge	direct_state	unused	unused	2	0.006043151830994505	0.034773074839558445	0.9435300266021269	1.0
0	BAK1+KLF1	128	29	NC_native_effect	roles	0	0	0	0.032279554545221634	0.08838910480628331	0.5039337201106731	0.8703703703703703
0	BAK1+KLF1	128	29	NC_native_effect	roles	0	0	1	0.032279554545221634	0.08838910480628331	0.5039337201106731	0.8703703703703703
0	BAK1+KLF1	128	29	NC_native_effect	roles	0	0	2	0.032279554545221634	0.08838910480628331	0.5039337201106731	0.8703703703703703
0	BAK1+KLF1	128	29	NC_native_effect	roles	0	1	0	0.032279554545221634	0.08838910480628331	0.5039337201106731	0.8703703703703703
0	BAK1+KLF1	128	29	NC_native_effect	roles	0	1	1	0.032279554545221634	0.08838910480628331	0.5039337201106731	0.8703703703703703
0	BAK1+KLF1	128	29	NC_native_effect	roles	0	1	2	0.032279554545221634	0.08838910480628331	0.5039337201106731	0.8703703703703703
0	BAK1+KLF1	128	29	NC_native_effect	roles	0	2	0	0.032279554545221634	0.08838910480628331	0.5039337201106731	0.8703703703703703
0	BAK1+KLF1	128	29	NC_native_effect	roles	0	2	1	0.032279554545221634	0.08838910480628331	0.5039337201106731	0.8703703703703703
0	BAK1+KLF1	128	29	NC_native_effect	roles	0	2	2	0.032279554545221634	0.08838910480628331	0.5039337201106731	0.8703703703703703
0	BAK1+KLF1	128	29	NC_native_effect	roles	1	0	0	0.03367132107511774	0.08981361706170801	0.48621116391407293	0.8518518518518519
0	BAK1+KLF1	128	29	NC_native_effect	roles	1	0	1	0.03367132107511774	0.08981361706170801	0.48621116391407293	0.8518518518518519
0	BAK1+KLF1	128	29	NC_native_effect	roles	1	0	2	0.03367132107511774	0.08981361706170801	0.48621116391407293	0.8518518518518519
0	BAK1+KLF1	128	29	NC_native_effect	roles	1	1	0	0.03367132107511774	0.08981361706170801	0.48621116391407293	0.8518518518518519
0	BAK1+KLF1	128	29	NC_native_effect	roles	1	1	1	0.03367132107511774	0.08981361706170801	0.48621116391407293	0.8518518518518519
0	BAK1+KLF1	128	29	NC_native_effect	roles	1	1	2	0.03367132107511774	0.08981361706170801	0.48621116391407293	0.8518518518518519
0	BAK1+KLF1	128	29	NC_native_effect	roles	1	2	0	0.03367132107511774	0.08981361706170801	0.48621116391407293	0.8518518518518519
0	BAK1+KLF1	128	29	NC_native_effect	roles	1	2	1	0.03367132107511774	0.08981361706170801	0.48621116391407293	0.8518518518518519
0	BAK1+KLF1	128	29	NC_native_effect	roles	1	2	2	0.03367132107511774	0.08981361706170801	0.48621116391407293	0.8518518518518519
0	BAK1+KLF1	128	29	NC_native_effect	roles	2	0	0	0.03356842170910844	0.08951922261877449	0.4909599563508059	0.8518518518518519
0	BAK1+KLF1	128	29	NC_native_effect	roles	2	0	1	0.03356842170910844	0.08951922261877449	0.4909599563508059	0.8518518518518519
0	BAK1+KLF1	128	29	NC_native_effect	roles	2	0	2	0.03356842170910844	0.08951922261877449	0.4909599563508059	0.8518518518518519
0	BAK1+KLF1	128	29	NC_native_effect	roles	2	1	0	0.03356842170910844	0.08951922261877449	0.4909599563508059	0.8518518518518519
0	BAK1+KLF1	128	29	NC_native_effect	roles	2	1	1	0.03356842170910844	0.08951922261877449	0.4909599563508059	0.8518518518518519
0	BAK1+KLF1	128	29	NC_native_effect	roles	2	1	2	0.03356842170910844	0.08951922261877449	0.4909599563508059	0.8518518518518519
0	BAK1+KLF1	128	29	NC_native_effect	roles	2	2	0	0.03356842170910844	0.08951922261877449	0.4909599563508059	0.8518518518518519
0	BAK1+KLF1	128	29	NC_native_effect	roles	2	2	1	0.03356842170910844	0.08951922261877449	0.4909599563508059	0.8518518518518519
0	BAK1+KLF1	128	29	NC_native_effect	roles	2	2	2	0.03356842170910844	0.08951922261877449	0.4909599563508059	0.8518518518518519
0	BAK1+KLF1	128	29	NC_native_effect	direct_state	unused	unused	0	0.03251206408928043	0.08857144230455566	0.5032039779519699	0.8518518518518519
0	BAK1+KLF1	128	29	NC_native_effect	direct_state	unused	unused	1	0.03251206408928043	0.08857144230455566	0.5032039779519699	0.8518518518518519
0	BAK1+KLF1	128	29	NC_native_effect	direct_state	unused	unused	2	0.03251206408928043	0.08857144230455566	0.5032039779519699	0.8518518518518519
0	BAK1+KLF1	128	29	native_effect_ridge	roles	0	0	0	0.008324845905754828	0.03997193850634988	0.9242291218021007	1.0
0	BAK1+KLF1	128	29	native_effect_ridge	roles	0	0	1	0.008324845905754828	0.03997193850634988	0.9242291218021007	1.0
0	BAK1+KLF1	128	29	native_effect_ridge	roles	0	0	2	0.008324845905754828	0.03997193850634988	0.9242291218021007	1.0
0	BAK1+KLF1	128	29	native_effect_ridge	roles	0	1	0	0.008324845905754828	0.03997193850634988	0.9242291218021007	1.0
0	BAK1+KLF1	128	29	native_effect_ridge	roles	0	1	1	0.008324845905754828	0.03997193850634988	0.9242291218021007	1.0
0	BAK1+KLF1	128	29	native_effect_ridge	roles	0	1	2	0.008324845905754828	0.03997193850634988	0.9242291218021007	1.0
0	BAK1+KLF1	128	29	native_effect_ridge	roles	0	2	0	0.008324845905754828	0.03997193850634988	0.9242291218021007	1.0
0	BAK1+KLF1	128	29	native_effect_ridge	roles	0	2	1	0.008324845905754828	0.03997193850634988	0.9242291218021007	1.0
0	BAK1+KLF1	128	29	native_effect_ridge	roles	0	2	2	0.008324845905754828	0.03997193850634988	0.9242291218021007	1.0
0	BAK1+KLF1	128	29	native_effect_ridge	roles	1	0	0	0.007563081382972139	0.037976954453622126	0.9279046369361579	1.0
0	BAK1+KLF1	128	29	native_effect_ridge	roles	1	0	1	0.007563081382972139	0.037976954453622126	0.9279046369361579	1.0
0	BAK1+KLF1	128	29	native_effect_ridge	roles	1	0	2	0.007563081382972139	0.037976954453622126	0.9279046369361579	1.0
0	BAK1+KLF1	128	29	native_effect_ridge	roles	1	1	0	0.007563081382972139	0.037976954453622126	0.9279046369361579	1.0
0	BAK1+KLF1	128	29	native_effect_ridge	roles	1	1	1	0.007563081382972139	0.037976954453622126	0.9279046369361579	1.0
0	BAK1+KLF1	128	29	native_effect_ridge	roles	1	1	2	0.007563081382972139	0.037976954453622126	0.9279046369361579	1.0
0	BAK1+KLF1	128	29	native_effect_ridge	roles	1	2	0	0.007563081382972139	0.037976954453622126	0.9279046369361579	1.0
0	BAK1+KLF1	128	29	native_effect_ridge	roles	1	2	1	0.007563081382972139	0.037976954453622126	0.9279046369361579	1.0
0	BAK1+KLF1	128	29	native_effect_ridge	roles	1	2	2	0.007563081382972139	0.037976954453622126	0.9279046369361579	1.0
0	BAK1+KLF1	128	29	native_effect_ridge	roles	2	0	0	0.007868625638058686	0.038812266113297814	0.9252566843132088	1.0
0	BAK1+KLF1	128	29	native_effect_ridge	roles	2	0	1	0.007868625638058686	0.038812266113297814	0.9252566843132088	1.0
0	BAK1+KLF1	128	29	native_effect_ridge	roles	2	0	2	0.007868625638058686	0.038812266113297814	0.9252566843132088	1.0
0	BAK1+KLF1	128	29	native_effect_ridge	roles	2	1	0	0.007868625638058686	0.038812266113297814	0.9252566843132088	1.0
0	BAK1+KLF1	128	29	native_effect_ridge	roles	2	1	1	0.007868625638058686	0.038812266113297814	0.9252566843132088	1.0
0	BAK1+KLF1	128	29	native_effect_ridge	roles	2	1	2	0.007868625638058686	0.038812266113297814	0.9252566843132088	1.0
0	BAK1+KLF1	128	29	native_effect_ridge	roles	2	2	0	0.007868625638058686	0.038812266113297814	0.9252566843132088	1.0
0	BAK1+KLF1	128	29	native_effect_ridge	roles	2	2	1	0.007868625638058686	0.038812266113297814	0.9252566843132088	1.0
0	BAK1+KLF1	128	29	native_effect_ridge	roles	2	2	2	0.007868625638058686	0.038812266113297814	0.9252566843132088	1.0
0	BAK1+KLF1	128	29	native_effect_ridge	direct_state	unused	unused	0	0.006532478581377718	0.03542818799733687	0.9377512466057497	1.0
0	BAK1+KLF1	128	29	native_effect_ridge	direct_state	unused	unused	1	0.006532478581377718	0.03542818799733687	0.9377512466057497	1.0
0	BAK1+KLF1	128	29	native_effect_ridge	direct_state	unused	unused	2	0.006532478581377718	0.03542818799733687	0.9377512466057497	1.0
0	BAK1+KLF1	135	0	selected_CPA	roles	0	0	0	0.0223277000555506	0.06716771755762346	0.8230564164875718	0.9629629629629629
0	BAK1+KLF1	135	0	selected_CPA	roles	0	0	1	0.021003489561410595	0.06494515255471604	0.8301627321588332	0.9814814814814815
0	BAK1+KLF1	135	0	selected_CPA	roles	0	0	2	0.020879976263388264	0.06489537690386546	0.8229098626611423	0.9814814814814815
0	BAK1+KLF1	135	0	selected_CPA	roles	0	1	0	0.025539565948066403	0.07167932510195676	0.763984925653967	0.9444444444444444
0	BAK1+KLF1	135	0	selected_CPA	roles	0	1	1	0.023925900333950614	0.06916322907997054	0.7803961169072922	0.9629629629629629
0	BAK1+KLF1	135	0	selected_CPA	roles	0	1	2	0.02385432795818248	0.06921005515278023	0.7718700457901252	0.9629629629629629
0	BAK1+KLF1	135	0	selected_CPA	roles	0	2	0	0.026193354530785425	0.07244522446081479	0.7627851324874698	0.9444444444444444
0	BAK1+KLF1	135	0	selected_CPA	roles	0	2	1	0.0246204358807302	0.07004977136333403	0.7766183364874844	0.9629629629629629
0	BAK1+KLF1	135	0	selected_CPA	roles	0	2	2	0.024313220563815453	0.06973556171101256	0.7734960764584627	0.9629629629629629
0	BAK1+KLF1	135	0	selected_CPA	roles	1	0	0	0.02267897201983605	0.06746479574020738	0.7924409010824492	0.9814814814814815
0	BAK1+KLF1	135	0	selected_CPA	roles	1	0	1	0.02164421664567184	0.06571615609179185	0.7966425339888098	0.9814814814814815
0	BAK1+KLF1	135	0	selected_CPA	roles	1	0	2	0.021468762425395298	0.06556834526108757	0.793154060622835	0.9814814814814815
0	BAK1+KLF1	135	0	selected_CPA	roles	1	1	0	0.0223277000555506	0.06716771755762346	0.8230564164875718	0.9629629629629629
0	BAK1+KLF1	135	0	selected_CPA	roles	1	1	1	0.021003489561410595	0.06494515255471604	0.8301627321588332	0.9814814814814815
0	BAK1+KLF1	135	0	selected_CPA	roles	1	1	2	0.020879976263388264	0.06489537690386546	0.8229098626611423	0.9814814814814815
0	BAK1+KLF1	135	0	selected_CPA	roles	1	2	0	0.02462111500920215	0.070225398443873	0.7786271943225073	0.9629629629629629
0	BAK1+KLF1	135	0	selected_CPA	roles	1	2	1	0.02333765147912271	0.06819831710706974	0.7860658088541935	0.9814814814814815
0	BAK1+KLF1	135	0	selected_CPA	roles	1	2	2	0.022978495239953767	0.06778013116679937	0.7853978504740773	0.9814814814814815
0	BAK1+KLF1	135	0	selected_CPA	roles	2	0	0	0.022225813236644177	0.0669192648391899	0.7914937355801881	0.9814814814814815
0	BAK1+KLF1	135	0	selected_CPA	roles	2	0	1	0.021150310898419396	0.06505589291255194	0.7983536209686771	1.0
0	BAK1+KLF1	135	0	selected_CPA	roles	2	0	2	0.021210499619289478	0.06529368506856684	0.7900005846988656	1.0
0	BAK1+KLF1	135	0	selected_CPA	roles	2	1	0	0.023514167643291253	0.06890508710425253	0.7787705653323322	0.9629629629629629
0	BAK1+KLF1	135	0	selected_CPA	roles	2	1	1	0.02214921018509068	0.06664269109300903	0.7914449565158821	0.9814814814814815
0	BAK1+KLF1	135	0	selected_CPA	roles	2	1	2	0.022261339828214963	0.06697153692162792	0.7805059811018277	1.0
0	BAK1+KLF1	135	0	selected_CPA	roles	2	2	0	0.0223277000555506	0.06716771755762346	0.8230564164875718	0.9629629629629629
0	BAK1+KLF1	135	0	selected_CPA	roles	2	2	1	0.021003489561410595	0.06494515255471604	0.8301627321588332	0.9814814814814815
0	BAK1+KLF1	135	0	selected_CPA	roles	2	2	2	0.020879976263388264	0.06489537690386546	0.8229098626611423	0.9814814814814815
0	BAK1+KLF1	135	0	selected_CPA	direct_state	unused	unused	0	0.0223277000555506	0.06716771755762346	0.8230564164875718	0.9629629629629629
0	BAK1+KLF1	135	0	selected_CPA	direct_state	unused	unused	1	0.021003489561410595	0.06494515255471604	0.8301627321588332	0.9814814814814815
0	BAK1+KLF1	135	0	selected_CPA	direct_state	unused	unused	2	0.020879976263388264	0.06489537690386546	0.8229098626611423	0.9814814814814815
0	BAK1+KLF1	135	0	original_CPA_fixed	roles	0	0	0	0.02060770208667321	0.06794371769685714	0.795187953542578	0.9259259259259259
0	BAK1+KLF1	135	0	original_CPA_fixed	roles	0	0	1	0.02060770208667321	0.06794371769685714	0.795187953542578	0.9259259259259259
0	BAK1+KLF1	135	0	original_CPA_fixed	roles	0	0	2	0.02060770208667321	0.06794371769685714	0.795187953542578	0.9259259259259259
0	BAK1+KLF1	135	0	original_CPA_fixed	roles	0	1	0	0.023911097910495113	0.07267374727166011	0.735261057749539	0.9074074074074074
0	BAK1+KLF1	135	0	original_CPA_fixed	roles	0	1	1	0.023911097910495113	0.07267374727166011	0.735261057749539	0.9074074074074074
0	BAK1+KLF1	135	0	original_CPA_fixed	roles	0	1	2	0.023911097910495113	0.07267374727166011	0.735261057749539	0.9074074074074074
0	BAK1+KLF1	135	0	original_CPA_fixed	roles	0	2	0	0.024273811904817442	0.07271637151553668	0.7448930231554194	0.9074074074074074
0	BAK1+KLF1	135	0	original_CPA_fixed	roles	0	2	1	0.024273811904817442	0.07271637151553668	0.7448930231554194	0.9074074074074074
0	BAK1+KLF1	135	0	original_CPA_fixed	roles	0	2	2	0.024273811904817442	0.07271637151553668	0.7448930231554194	0.9074074074074074
0	BAK1+KLF1	135	0	original_CPA_fixed	roles	1	0	0	0.020867444119652575	0.06795324682437083	0.7751070104407358	0.9444444444444444
0	BAK1+KLF1	135	0	original_CPA_fixed	roles	1	0	1	0.020867444119652575	0.06795324682437083	0.7751070104407358	0.9444444444444444
0	BAK1+KLF1	135	0	original_CPA_fixed	roles	1	0	2	0.020867444119652575	0.06795324682437083	0.7751070104407358	0.9444444444444444
0	BAK1+KLF1	135	0	original_CPA_fixed	roles	1	1	0	0.02060770208667321	0.06794371769685714	0.795187953542578	0.9259259259259259
0	BAK1+KLF1	135	0	original_CPA_fixed	roles	1	1	1	0.02060770208667321	0.06794371769685714	0.795187953542578	0.9259259259259259
0	BAK1+KLF1	135	0	original_CPA_fixed	roles	1	1	2	0.02060770208667321	0.06794371769685714	0.795187953542578	0.9259259259259259
0	BAK1+KLF1	135	0	original_CPA_fixed	roles	1	2	0	0.022610042451928075	0.07023008844466067	0.7665583223718206	0.9259259259259259
0	BAK1+KLF1	135	0	original_CPA_fixed	roles	1	2	1	0.022610042451928075	0.07023008844466067	0.7665583223718206	0.9259259259259259
0	BAK1+KLF1	135	0	original_CPA_fixed	roles	1	2	2	0.022610042451928075	0.07023008844466067	0.7665583223718206	0.9259259259259259
0	BAK1+KLF1	135	0	original_CPA_fixed	roles	2	0	0	0.020705359924857385	0.06818006198698413	0.7640965525848401	0.9259259259259259
0	BAK1+KLF1	135	0	original_CPA_fixed	roles	2	0	1	0.020705359924857385	0.06818006198698413	0.7640965525848401	0.9259259259259259
0	BAK1+KLF1	135	0	original_CPA_fixed	roles	2	0	2	0.020705359924857385	0.06818006198698413	0.7640965525848401	0.9259259259259259
0	BAK1+KLF1	135	0	original_CPA_fixed	roles	2	1	0	0.022085244262810555	0.07040557703505856	0.7457489968362508	0.9259259259259259
0	BAK1+KLF1	135	0	original_CPA_fixed	roles	2	1	1	0.022085244262810555	0.07040557703505856	0.7457489968362508	0.9259259259259259
0	BAK1+KLF1	135	0	original_CPA_fixed	roles	2	1	2	0.022085244262810555	0.07040557703505856	0.7457489968362508	0.9259259259259259
0	BAK1+KLF1	135	0	original_CPA_fixed	roles	2	2	0	0.02060770208667321	0.06794371769685714	0.795187953542578	0.9259259259259259
0	BAK1+KLF1	135	0	original_CPA_fixed	roles	2	2	1	0.02060770208667321	0.06794371769685714	0.795187953542578	0.9259259259259259
0	BAK1+KLF1	135	0	original_CPA_fixed	roles	2	2	2	0.02060770208667321	0.06794371769685714	0.795187953542578	0.9259259259259259
0	BAK1+KLF1	135	0	original_CPA_fixed	direct_state	unused	unused	0	0.02060770208667321	0.06794371769685714	0.795187953542578	0.9259259259259259
0	BAK1+KLF1	135	0	original_CPA_fixed	direct_state	unused	unused	1	0.02060770208667321	0.06794371769685714	0.795187953542578	0.9259259259259259
0	BAK1+KLF1	135	0	original_CPA_fixed	direct_state	unused	unused	2	0.02060770208667321	0.06794371769685714	0.795187953542578	0.9259259259259259
0	BAK1+KLF1	135	0	additive	roles	0	0	0	0.0058304618726721545	0.03365381649945048	0.9526325484441007	1.0
0	BAK1+KLF1	135	0	additive	roles	0	0	1	0.0058304618726721545	0.03365381649945048	0.9526325484441007	1.0
0	BAK1+KLF1	135	0	additive	roles	0	0	2	0.0058304618726721545	0.03365381649945048	0.9526325484441007	1.0
0	BAK1+KLF1	135	0	additive	roles	0	1	0	0.007017380635362795	0.036619858219230216	0.941767658901905	1.0
0	BAK1+KLF1	135	0	additive	roles	0	1	1	0.007017380635362795	0.036619858219230216	0.941767658901905	1.0
0	BAK1+KLF1	135	0	additive	roles	0	1	2	0.007017380635362795	0.036619858219230216	0.941767658901905	1.0
0	BAK1+KLF1	135	0	additive	roles	0	2	0	0.007085717140174616	0.03691135056243819	0.9400595181417474	1.0
0	BAK1+KLF1	135	0	additive	roles	0	2	1	0.007085717140174616	0.03691135056243819	0.9400595181417474	1.0
0	BAK1+KLF1	135	0	additive	roles	0	2	2	0.007085717140174616	0.03691135056243819	0.9400595181417474	1.0
0	BAK1+KLF1	135	0	additive	roles	1	0	0	0.008206680966782773	0.03988188136860401	0.9380746817709267	1.0
0	BAK1+KLF1	135	0	additive	roles	1	0	1	0.008206680966782773	0.03988188136860401	0.9380746817709267	1.0
0	BAK1+KLF1	135	0	additive	roles	1	0	2	0.008206680966782773	0.03988188136860401	0.9380746817709267	1.0
0	BAK1+KLF1	135	0	additive	roles	1	1	0	0.0058304618726721545	0.03365381649945048	0.9526325484441007	1.0
0	BAK1+KLF1	135	0	additive	roles	1	1	1	0.0058304618726721545	0.03365381649945048	0.9526325484441007	1.0
0	BAK1+KLF1	135	0	additive	roles	1	1	2	0.0058304618726721545	0.03365381649945048	0.9526325484441007	1.0
0	BAK1+KLF1	135	0	additive	roles	1	2	0	0.007538424748416507	0.03825875787214715	0.9384430488987908	1.0
0	BAK1+KLF1	135	0	additive	roles	1	2	1	0.007538424748416507	0.03825875787214715	0.9384430488987908	1.0
0	BAK1+KLF1	135	0	additive	roles	1	2	2	0.007538424748416507	0.03825875787214715	0.9384430488987908	1.0
0	BAK1+KLF1	135	0	additive	roles	2	0	0	0.008338974261498095	0.040077486443242494	0.9391740169590855	1.0
0	BAK1+KLF1	135	0	additive	roles	2	0	1	0.008338974261498095	0.040077486443242494	0.9391740169590855	1.0
0	BAK1+KLF1	135	0	additive	roles	2	0	2	0.008338974261498095	0.040077486443242494	0.9391740169590855	1.0
0	BAK1+KLF1	135	0	additive	roles	2	1	0	0.007602381538320007	0.038182970388404576	0.9412260423154006	1.0
0	BAK1+KLF1	135	0	additive	roles	2	1	1	0.007602381538320007	0.038182970388404576	0.9412260423154006	1.0
0	BAK1+KLF1	135	0	additive	roles	2	1	2	0.007602381538320007	0.038182970388404576	0.9412260423154006	1.0
0	BAK1+KLF1	135	0	additive	roles	2	2	0	0.0058304618726721545	0.03365381649945048	0.9526325484441007	1.0
0	BAK1+KLF1	135	0	additive	roles	2	2	1	0.0058304618726721545	0.03365381649945048	0.9526325484441007	1.0
0	BAK1+KLF1	135	0	additive	roles	2	2	2	0.0058304618726721545	0.03365381649945048	0.9526325484441007	1.0
0	BAK1+KLF1	135	0	additive	direct_state	unused	unused	0	0.0058304618726721545	0.03365381649945048	0.9526325484441007	1.0
0	BAK1+KLF1	135	0	additive	direct_state	unused	unused	1	0.0058304618726721545	0.03365381649945048	0.9526325484441007	1.0
0	BAK1+KLF1	135	0	additive	direct_state	unused	unused	2	0.0058304618726721545	0.03365381649945048	0.9526325484441007	1.0
0	BAK1+KLF1	135	0	compositional_ridge	roles	0	0	0	0.006043151830994505	0.034773074839558445	0.9435300266021269	1.0
0	BAK1+KLF1	135	0	compositional_ridge	roles	0	0	1	0.006043151830994505	0.034773074839558445	0.9435300266021269	1.0
0	BAK1+KLF1	135	0	compositional_ridge	roles	0	0	2	0.006043151830994505	0.034773074839558445	0.9435300266021269	1.0
0	BAK1+KLF1	135	0	compositional_ridge	roles	0	1	0	0.00791610392244383	0.03962459470833684	0.923571863536263	1.0
0	BAK1+KLF1	135	0	compositional_ridge	roles	0	1	1	0.00791610392244383	0.03962459470833684	0.923571863536263	1.0
0	BAK1+KLF1	135	0	compositional_ridge	roles	0	1	2	0.00791610392244383	0.03962459470833684	0.923571863536263	1.0
0	BAK1+KLF1	135	0	compositional_ridge	roles	0	2	0	0.008003940718553143	0.03953948880139589	0.9259274952302279	1.0
0	BAK1+KLF1	135	0	compositional_ridge	roles	0	2	1	0.008003940718553143	0.03953948880139589	0.9259274952302279	1.0
0	BAK1+KLF1	135	0	compositional_ridge	roles	0	2	2	0.008003940718553143	0.03953948880139589	0.9259274952302279	1.0
0	BAK1+KLF1	135	0	compositional_ridge	roles	1	0	0	0.0077333375963464365	0.0389184366249939	0.9226018725346933	1.0
0	BAK1+KLF1	135	0	compositional_ridge	roles	1	0	1	0.0077333375963464365	0.0389184366249939	0.9226018725346933	1.0
0	BAK1+KLF1	135	0	compositional_ridge	roles	1	0	2	0.0077333375963464365	0.0389184366249939	0.9226018725346933	1.0
0	BAK1+KLF1	135	0	compositional_ridge	roles	1	1	0	0.006043151830994505	0.034773074839558445	0.9435300266021269	1.0
0	BAK1+KLF1	135	0	compositional_ridge	roles	1	1	1	0.006043151830994505	0.034773074839558445	0.9435300266021269	1.0
0	BAK1+KLF1	135	0	compositional_ridge	roles	1	1	2	0.006043151830994505	0.034773074839558445	0.9435300266021269	1.0
0	BAK1+KLF1	135	0	compositional_ridge	roles	1	2	0	0.007770614998036348	0.038886357598359636	0.9257064234195977	1.0
0	BAK1+KLF1	135	0	compositional_ridge	roles	1	2	1	0.007770614998036348	0.038886357598359636	0.9257064234195977	1.0
0	BAK1+KLF1	135	0	compositional_ridge	roles	1	2	2	0.007770614998036348	0.038886357598359636	0.9257064234195977	1.0
0	BAK1+KLF1	135	0	compositional_ridge	roles	2	0	0	0.007846130599764268	0.0394772881909773	0.9197591267866798	1.0
0	BAK1+KLF1	135	0	compositional_ridge	roles	2	0	1	0.007846130599764268	0.0394772881909773	0.9197591267866798	1.0
0	BAK1+KLF1	135	0	compositional_ridge	roles	2	0	2	0.007846130599764268	0.0394772881909773	0.9197591267866798	1.0
0	BAK1+KLF1	135	0	compositional_ridge	roles	2	1	0	0.0077955712053448655	0.0395309715536003	0.9204714155254471	1.0
0	BAK1+KLF1	135	0	compositional_ridge	roles	2	1	1	0.0077955712053448655	0.0395309715536003	0.9204714155254471	1.0
0	BAK1+KLF1	135	0	compositional_ridge	roles	2	1	2	0.0077955712053448655	0.0395309715536003	0.9204714155254471	1.0
0	BAK1+KLF1	135	0	compositional_ridge	roles	2	2	0	0.006043151830994505	0.034773074839558445	0.9435300266021269	1.0
0	BAK1+KLF1	135	0	compositional_ridge	roles	2	2	1	0.006043151830994505	0.034773074839558445	0.9435300266021269	1.0
0	BAK1+KLF1	135	0	compositional_ridge	roles	2	2	2	0.006043151830994505	0.034773074839558445	0.9435300266021269	1.0
0	BAK1+KLF1	135	0	compositional_ridge	direct_state	unused	unused	0	0.006043151830994505	0.034773074839558445	0.9435300266021269	1.0
0	BAK1+KLF1	135	0	compositional_ridge	direct_state	unused	unused	1	0.006043151830994505	0.034773074839558445	0.9435300266021269	1.0
0	BAK1+KLF1	135	0	compositional_ridge	direct_state	unused	unused	2	0.006043151830994505	0.034773074839558445	0.9435300266021269	1.0
0	BAK1+KLF1	135	0	NC_native_effect	roles	0	0	0	0.034034605497435665	0.08999914195458279	0.48679034047102665	0.8518518518518519
0	BAK1+KLF1	135	0	NC_native_effect	roles	0	0	1	0.034034605497435665	0.08999914195458279	0.48679034047102665	0.8518518518518519
0	BAK1+KLF1	135	0	NC_native_effect	roles	0	0	2	0.034034605497435665	0.08999914195458279	0.48679034047102665	0.8518518518518519
0	BAK1+KLF1	135	0	NC_native_effect	roles	0	1	0	0.034034605497435665	0.08999914195458279	0.48679034047102665	0.8518518518518519
0	BAK1+KLF1	135	0	NC_native_effect	roles	0	1	1	0.034034605497435665	0.08999914195458279	0.48679034047102665	0.8518518518518519
0	BAK1+KLF1	135	0	NC_native_effect	roles	0	1	2	0.034034605497435665	0.08999914195458279	0.48679034047102665	0.8518518518518519
0	BAK1+KLF1	135	0	NC_native_effect	roles	0	2	0	0.034034605497435665	0.08999914195458279	0.48679034047102665	0.8518518518518519
0	BAK1+KLF1	135	0	NC_native_effect	roles	0	2	1	0.034034605497435665	0.08999914195458279	0.48679034047102665	0.8518518518518519
0	BAK1+KLF1	135	0	NC_native_effect	roles	0	2	2	0.034034605497435665	0.08999914195458279	0.48679034047102665	0.8518518518518519
0	BAK1+KLF1	135	0	NC_native_effect	roles	1	0	0	0.03252591215195196	0.08804096512347562	0.5110967068626776	0.8703703703703703
0	BAK1+KLF1	135	0	NC_native_effect	roles	1	0	1	0.03252591215195196	0.08804096512347562	0.5110967068626776	0.8703703703703703
0	BAK1+KLF1	135	0	NC_native_effect	roles	1	0	2	0.03252591215195196	0.08804096512347562	0.5110967068626776	0.8703703703703703
0	BAK1+KLF1	135	0	NC_native_effect	roles	1	1	0	0.03252591215195196	0.08804096512347562	0.5110967068626776	0.8703703703703703
0	BAK1+KLF1	135	0	NC_native_effect	roles	1	1	1	0.03252591215195196	0.08804096512347562	0.5110967068626776	0.8703703703703703
0	BAK1+KLF1	135	0	NC_native_effect	roles	1	1	2	0.03252591215195196	0.08804096512347562	0.5110967068626776	0.8703703703703703
0	BAK1+KLF1	135	0	NC_native_effect	roles	1	2	0	0.03252591215195196	0.08804096512347562	0.5110967068626776	0.8703703703703703
0	BAK1+KLF1	135	0	NC_native_effect	roles	1	2	1	0.03252591215195196	0.08804096512347562	0.5110967068626776	0.8703703703703703
0	BAK1+KLF1	135	0	NC_native_effect	roles	1	2	2	0.03252591215195196	0.08804096512347562	0.5110967068626776	0.8703703703703703
0	BAK1+KLF1	135	0	NC_native_effect	roles	2	0	0	0.03251684791608141	0.08862566731700534	0.5006223457521379	0.8703703703703703
0	BAK1+KLF1	135	0	NC_native_effect	roles	2	0	1	0.03251684791608141	0.08862566731700534	0.5006223457521379	0.8703703703703703
0	BAK1+KLF1	135	0	NC_native_effect	roles	2	0	2	0.03251684791608141	0.08862566731700534	0.5006223457521379	0.8703703703703703
0	BAK1+KLF1	135	0	NC_native_effect	roles	2	1	0	0.03251684791608141	0.08862566731700534	0.5006223457521379	0.8703703703703703
0	BAK1+KLF1	135	0	NC_native_effect	roles	2	1	1	0.03251684791608141	0.08862566731700534	0.5006223457521379	0.8703703703703703
0	BAK1+KLF1	135	0	NC_native_effect	roles	2	1	2	0.03251684791608141	0.08862566731700534	0.5006223457521379	0.8703703703703703
0	BAK1+KLF1	135	0	NC_native_effect	roles	2	2	0	0.03251684791608141	0.08862566731700534	0.5006223457521379	0.8703703703703703
0	BAK1+KLF1	135	0	NC_native_effect	roles	2	2	1	0.03251684791608141	0.08862566731700534	0.5006223457521379	0.8703703703703703
0	BAK1+KLF1	135	0	NC_native_effect	roles	2	2	2	0.03251684791608141	0.08862566731700534	0.5006223457521379	0.8703703703703703
0	BAK1+KLF1	135	0	NC_native_effect	direct_state	unused	unused	0	0.03251206408928043	0.08857144230455566	0.5032039779519699	0.8518518518518519
0	BAK1+KLF1	135	0	NC_native_effect	direct_state	unused	unused	1	0.03251206408928043	0.08857144230455566	0.5032039779519699	0.8518518518518519
0	BAK1+KLF1	135	0	NC_native_effect	direct_state	unused	unused	2	0.03251206408928043	0.08857144230455566	0.5032039779519699	0.8518518518518519
0	BAK1+KLF1	135	0	native_effect_ridge	roles	0	0	0	0.007400446645618502	0.03751848885414635	0.929339066940276	1.0
0	BAK1+KLF1	135	0	native_effect_ridge	roles	0	0	1	0.007400446645618502	0.03751848885414635	0.929339066940276	1.0
0	BAK1+KLF1	135	0	native_effect_ridge	roles	0	0	2	0.007400446645618502	0.03751848885414635	0.929339066940276	1.0
0	BAK1+KLF1	135	0	native_effect_ridge	roles	0	1	0	0.007400446645618502	0.03751848885414635	0.929339066940276	1.0
0	BAK1+KLF1	135	0	native_effect_ridge	roles	0	1	1	0.007400446645618502	0.03751848885414635	0.929339066940276	1.0
0	BAK1+KLF1	135	0	native_effect_ridge	roles	0	1	2	0.007400446645618502	0.03751848885414635	0.929339066940276	1.0
0	BAK1+KLF1	135	0	native_effect_ridge	roles	0	2	0	0.007400446645618502	0.03751848885414635	0.929339066940276	1.0
0	BAK1+KLF1	135	0	native_effect_ridge	roles	0	2	1	0.007400446645618502	0.03751848885414635	0.929339066940276	1.0
0	BAK1+KLF1	135	0	native_effect_ridge	roles	0	2	2	0.007400446645618502	0.03751848885414635	0.929339066940276	1.0
0	BAK1+KLF1	135	0	native_effect_ridge	roles	1	0	0	0.0078684951882339	0.038693605951417236	0.9267599440901619	1.0
0	BAK1+KLF1	135	0	native_effect_ridge	roles	1	0	1	0.0078684951882339	0.038693605951417236	0.9267599440901619	1.0
0	BAK1+KLF1	135	0	native_effect_ridge	roles	1	0	2	0.0078684951882339	0.038693605951417236	0.9267599440901619	1.0
0	BAK1+KLF1	135	0	native_effect_ridge	roles	1	1	0	0.0078684951882339	0.038693605951417236	0.9267599440901619	1.0
0	BAK1+KLF1	135	0	native_effect_ridge	roles	1	1	1	0.0078684951882339	0.038693605951417236	0.9267599440901619	1.0
0	BAK1+KLF1	135	0	native_effect_ridge	roles	1	1	2	0.0078684951882339	0.038693605951417236	0.9267599440901619	1.0
0	BAK1+KLF1	135	0	native_effect_ridge	roles	1	2	0	0.0078684951882339	0.038693605951417236	0.9267599440901619	1.0
0	BAK1+KLF1	135	0	native_effect_ridge	roles	1	2	1	0.0078684951882339	0.038693605951417236	0.9267599440901619	1.0
0	BAK1+KLF1	135	0	native_effect_ridge	roles	1	2	2	0.0078684951882339	0.038693605951417236	0.9267599440901619	1.0
0	BAK1+KLF1	135	0	native_effect_ridge	roles	2	0	0	0.008073817422545608	0.039356752224302086	0.9254489396752004	1.0
0	BAK1+KLF1	135	0	native_effect_ridge	roles	2	0	1	0.008073817422545608	0.039356752224302086	0.9254489396752004	1.0
0	BAK1+KLF1	135	0	native_effect_ridge	roles	2	0	2	0.008073817422545608	0.039356752224302086	0.9254489396752004	1.0
0	BAK1+KLF1	135	0	native_effect_ridge	roles	2	1	0	0.008073817422545608	0.039356752224302086	0.9254489396752004	1.0
0	BAK1+KLF1	135	0	native_effect_ridge	roles	2	1	1	0.008073817422545608	0.039356752224302086	0.9254489396752004	1.0
0	BAK1+KLF1	135	0	native_effect_ridge	roles	2	1	2	0.008073817422545608	0.039356752224302086	0.9254489396752004	1.0
0	BAK1+KLF1	135	0	native_effect_ridge	roles	2	2	0	0.008073817422545608	0.039356752224302086	0.9254489396752004	1.0
0	BAK1+KLF1	135	0	native_effect_ridge	roles	2	2	1	0.008073817422545608	0.039356752224302086	0.9254489396752004	1.0
0	BAK1+KLF1	135	0	native_effect_ridge	roles	2	2	2	0.008073817422545608	0.039356752224302086	0.9254489396752004	1.0
0	BAK1+KLF1	135	0	native_effect_ridge	direct_state	unused	unused	0	0.006532478581377718	0.03542818799733687	0.9377512466057497	1.0
0	BAK1+KLF1	135	0	native_effect_ridge	direct_state	unused	unused	1	0.006532478581377718	0.03542818799733687	0.9377512466057497	1.0
0	BAK1+KLF1	135	0	native_effect_ridge	direct_state	unused	unused	2	0.006532478581377718	0.03542818799733687	0.9377512466057497	1.0
0	BAK1+KLF1	135	29	selected_CPA	roles	0	0	0	0.020186361284900853	0.06373724241465455	0.8313467390837525	1.0
0	BAK1+KLF1	135	29	selected_CPA	roles	0	0	1	0.021609646815305673	0.0661694494361349	0.8267724267402019	0.9814814814814815
0	BAK1+KLF1	135	29	selected_CPA	roles	0	0	2	0.02232551824648221	0.0670744971105035	0.8156192010208804	0.9629629629629629
0	BAK1+KLF1	135	29	selected_CPA	roles	0	1	0	0.02111890341271259	0.06491590554661272	0.7898431035627866	1.0
0	BAK1+KLF1	135	29	selected_CPA	roles	0	1	1	0.021725683363435215	0.06599383157866559	0.7977912389495152	1.0
0	BAK1+KLF1	135	29	selected_CPA	roles	0	1	2	0.022716351895437036	0.06732721876530992	0.7813150037175921	1.0
0	BAK1+KLF1	135	29	selected_CPA	roles	0	2	0	0.020239234510436886	0.06367735492263676	0.8016142847341279	1.0
0	BAK1+KLF1	135	29	selected_CPA	roles	0	2	1	0.021074648691294853	0.06516126094677199	0.8037455791915156	1.0
0	BAK1+KLF1	135	29	selected_CPA	roles	0	2	2	0.021800429318656753	0.06610598533208663	0.793181725435914	1.0
0	BAK1+KLF1	135	29	selected_CPA	roles	1	0	0	0.023118949338377846	0.06817958998091579	0.7869697686578833	0.9814814814814815
0	BAK1+KLF1	135	29	selected_CPA	roles	1	0	1	0.02535874044846486	0.07168867004333954	0.7600930892666704	0.9629629629629629
0	BAK1+KLF1	135	29	selected_CPA	roles	1	0	2	0.025799814778816117	0.07212961306034885	0.7575998678586495	0.9629629629629629
0	BAK1+KLF1	135	29	selected_CPA	roles	1	1	0	0.020186361284900853	0.06373724241465455	0.8313467390837525	1.0
0	BAK1+KLF1	135	29	selected_CPA	roles	1	1	1	0.021609646815305673	0.0661694494361349	0.8267724267402019	0.9814814814814815
0	BAK1+KLF1	135	29	selected_CPA	roles	1	1	2	0.02232551824648221	0.0670744971105035	0.8156192010208804	0.9629629629629629
0	BAK1+KLF1	135	29	selected_CPA	roles	1	2	0	0.021012943903332554	0.06500921542262901	0.8035396903459635	1.0
0	BAK1+KLF1	135	29	selected_CPA	roles	1	2	1	0.022664863663872707	0.06776600506637445	0.7889511587545034	0.9814814814814815
0	BAK1+KLF1	135	29	selected_CPA	roles	1	2	2	0.023115847190409326	0.06825735385228271	0.7853987655447241	0.9814814814814815
0	BAK1+KLF1	135	29	selected_CPA	roles	2	0	0	0.023914124625072097	0.06918136128732517	0.7782419617392577	0.9629629629629629
0	BAK1+KLF1	135	29	selected_CPA	roles	2	0	1	0.025925281505023774	0.07229658558639614	0.7583737521292452	0.9444444444444444
0	BAK1+KLF1	135	29	selected_CPA	roles	2	0	2	0.026631243740014944	0.07310245663990932	0.7492719693109758	0.9444444444444444
0	BAK1+KLF1	135	29	selected_CPA	roles	2	1	0	0.022687788092302506	0.0672537851162349	0.7826230365831701	1.0
0	BAK1+KLF1	135	29	selected_CPA	roles	2	1	1	0.023882439392571994	0.06920229906429515	0.7812097939946244	0.9629629629629629
0	BAK1+KLF1	135	29	selected_CPA	roles	2	1	2	0.02486319872838844	0.0704507454283896	0.7648815798932441	0.9629629629629629
0	BAK1+KLF1	135	29	selected_CPA	roles	2	2	0	0.020186361284900853	0.06373724241465455	0.8313467390837525	1.0
0	BAK1+KLF1	135	29	selected_CPA	roles	2	2	1	0.021609646815305673	0.0661694494361349	0.8267724267402019	0.9814814814814815
0	BAK1+KLF1	135	29	selected_CPA	roles	2	2	2	0.02232551824648221	0.0670744971105035	0.8156192010208804	0.9629629629629629
0	BAK1+KLF1	135	29	selected_CPA	direct_state	unused	unused	0	0.020186361284900853	0.06373724241465455	0.8313467390837525	1.0
0	BAK1+KLF1	135	29	selected_CPA	direct_state	unused	unused	1	0.021609646815305673	0.0661694494361349	0.8267724267402019	0.9814814814814815
0	BAK1+KLF1	135	29	selected_CPA	direct_state	unused	unused	2	0.02232551824648221	0.0670744971105035	0.8156192010208804	0.9629629629629629
0	BAK1+KLF1	135	29	original_CPA_fixed	roles	0	0	0	0.02060770208667321	0.06794371769685714	0.795187953542578	0.9259259259259259
0	BAK1+KLF1	135	29	original_CPA_fixed	roles	0	0	1	0.02060770208667321	0.06794371769685714	0.795187953542578	0.9259259259259259
0	BAK1+KLF1	135	29	original_CPA_fixed	roles	0	0	2	0.02060770208667321	0.06794371769685714	0.795187953542578	0.9259259259259259
0	BAK1+KLF1	135	29	original_CPA_fixed	roles	0	1	0	0.02070747867212994	0.06787412313545876	0.7700904059212336	0.9444444444444444
0	BAK1+KLF1	135	29	original_CPA_fixed	roles	0	1	1	0.02070747867212994	0.06787412313545876	0.7700904059212336	0.9444444444444444
0	BAK1+KLF1	135	29	original_CPA_fixed	roles	0	1	2	0.02070747867212994	0.06787412313545876	0.7700904059212336	0.9444444444444444
0	BAK1+KLF1	135	29	original_CPA_fixed	roles	0	2	0	0.020448460840596486	0.06766343811615162	0.7676524046704395	0.9444444444444444
0	BAK1+KLF1	135	29	original_CPA_fixed	roles	0	2	1	0.020448460840596486	0.06766343811615162	0.7676524046704395	0.9444444444444444
0	BAK1+KLF1	135	29	original_CPA_fixed	roles	0	2	2	0.020448460840596486	0.06766343811615162	0.7676524046704395	0.9444444444444444
0	BAK1+KLF1	135	29	original_CPA_fixed	roles	1	0	0	0.024373055682505213	0.0732356477351479	0.7331949275204919	0.9074074074074074
0	BAK1+KLF1	135	29	original_CPA_fixed	roles	1	0	1	0.024373055682505213	0.0732356477351479	0.7331949275204919	0.9074074074074074
0	BAK1+KLF1	135	29	original_CPA_fixed	roles	1	0	2	0.024373055682505213	0.0732356477351479	0.7331949275204919	0.9074074074074074
0	BAK1+KLF1	135	29	original_CPA_fixed	roles	1	1	0	0.02060770208667321	0.06794371769685714	0.795187953542578	0.9259259259259259
0	BAK1+KLF1	135	29	original_CPA_fixed	roles	1	1	1	0.02060770208667321	0.06794371769685714	0.795187953542578	0.9259259259259259
0	BAK1+KLF1	135	29	original_CPA_fixed	roles	1	1	2	0.02060770208667321	0.06794371769685714	0.795187953542578	0.9259259259259259
0	BAK1+KLF1	135	29	original_CPA_fixed	roles	1	2	0	0.022054935775847155	0.07007727394095546	0.7525765951524784	0.9259259259259259
0	BAK1+KLF1	135	29	original_CPA_fixed	roles	1	2	1	0.022054935775847155	0.07007727394095546	0.7525765951524784	0.9259259259259259
0	BAK1+KLF1	135	29	original_CPA_fixed	roles	1	2	2	0.022054935775847155	0.07007727394095546	0.7525765951524784	0.9259259259259259
0	BAK1+KLF1	135	29	original_CPA_fixed	roles	2	0	0	0.024547579898457222	0.07328267755414061	0.7405037952754318	0.9074074074074074
0	BAK1+KLF1	135	29	original_CPA_fixed	roles	2	0	1	0.024547579898457222	0.07328267755414061	0.7405037952754318	0.9074074074074074
0	BAK1+KLF1	135	29	original_CPA_fixed	roles	2	0	2	0.024547579898457222	0.07328267755414061	0.7405037952754318	0.9074074074074074
0	BAK1+KLF1	135	29	original_CPA_fixed	roles	2	1	0	0.022488477823332624	0.07032972904129749	0.7624280990502522	0.9259259259259259
0	BAK1+KLF1	135	29	original_CPA_fixed	roles	2	1	1	0.022488477823332624	0.07032972904129749	0.7624280990502522	0.9259259259259259
0	BAK1+KLF1	135	29	original_CPA_fixed	roles	2	1	2	0.022488477823332624	0.07032972904129749	0.7624280990502522	0.9259259259259259
0	BAK1+KLF1	135	29	original_CPA_fixed	roles	2	2	0	0.02060770208667321	0.06794371769685714	0.795187953542578	0.9259259259259259
0	BAK1+KLF1	135	29	original_CPA_fixed	roles	2	2	1	0.02060770208667321	0.06794371769685714	0.795187953542578	0.9259259259259259
0	BAK1+KLF1	135	29	original_CPA_fixed	roles	2	2	2	0.02060770208667321	0.06794371769685714	0.795187953542578	0.9259259259259259
0	BAK1+KLF1	135	29	original_CPA_fixed	direct_state	unused	unused	0	0.02060770208667321	0.06794371769685714	0.795187953542578	0.9259259259259259
0	BAK1+KLF1	135	29	original_CPA_fixed	direct_state	unused	unused	1	0.02060770208667321	0.06794371769685714	0.795187953542578	0.9259259259259259
0	BAK1+KLF1	135	29	original_CPA_fixed	direct_state	unused	unused	2	0.02060770208667321	0.06794371769685714	0.795187953542578	0.9259259259259259
0	BAK1+KLF1	135	29	additive	roles	0	0	0	0.0058304618726721545	0.03365381649945048	0.9526325484441007	1.0
0	BAK1+KLF1	135	29	additive	roles	0	0	1	0.0058304618726721545	0.03365381649945048	0.9526325484441007	1.0
0	BAK1+KLF1	135	29	additive	roles	0	0	2	0.0058304618726721545	0.03365381649945048	0.9526325484441007	1.0
0	BAK1+KLF1	135	29	additive	roles	0	1	0	0.008445609623076101	0.04045449393085827	0.9378181729343206	1.0
0	BAK1+KLF1	135	29	additive	roles	0	1	1	0.008445609623076101	0.04045449393085827	0.9378181729343206	1.0
0	BAK1+KLF1	135	29	additive	roles	0	1	2	0.008445609623076101	0.04045449393085827	0.9378181729343206	1.0
0	BAK1+KLF1	135	29	additive	roles	0	2	0	0.008381381391644706	0.04023625282823997	0.9398716693510697	1.0
0	BAK1+KLF1	135	29	additive	roles	0	2	1	0.008381381391644706	0.04023625282823997	0.9398716693510697	1.0
0	BAK1+KLF1	135	29	additive	roles	0	2	2	0.008381381391644706	0.04023625282823997	0.9398716693510697	1.0
0	BAK1+KLF1	135	29	additive	roles	1	0	0	0.007080444303556937	0.036962843402654814	0.9398195514996786	1.0
0	BAK1+KLF1	135	29	additive	roles	1	0	1	0.007080444303556937	0.036962843402654814	0.9398195514996786	1.0
0	BAK1+KLF1	135	29	additive	roles	1	0	2	0.007080444303556937	0.036962843402654814	0.9398195514996786	1.0
0	BAK1+KLF1	135	29	additive	roles	1	1	0	0.0058304618726721545	0.03365381649945048	0.9526325484441007	1.0
0	BAK1+KLF1	135	29	additive	roles	1	1	1	0.0058304618726721545	0.03365381649945048	0.9526325484441007	1.0
0	BAK1+KLF1	135	29	additive	roles	1	1	2	0.0058304618726721545	0.03365381649945048	0.9526325484441007	1.0
0	BAK1+KLF1	135	29	additive	roles	1	2	0	0.0074724851619481615	0.03792097849040191	0.941730997535467	1.0
0	BAK1+KLF1	135	29	additive	roles	1	2	1	0.0074724851619481615	0.03792097849040191	0.941730997535467	1.0
0	BAK1+KLF1	135	29	additive	roles	1	2	2	0.0074724851619481615	0.03792097849040191	0.941730997535467	1.0
0	BAK1+KLF1	135	29	additive	roles	2	0	0	0.007060178919406884	0.036907950722863375	0.9392744813008559	1.0
0	BAK1+KLF1	135	29	additive	roles	2	0	1	0.007060178919406884	0.036907950722863375	0.9392744813008559	1.0
0	BAK1+KLF1	135	29	additive	roles	2	0	2	0.007060178919406884	0.036907950722863375	0.9392744813008559	1.0
0	BAK1+KLF1	135	29	additive	roles	2	1	0	0.007516448009229501	0.03809928715035824	0.939068830858369	1.0
0	BAK1+KLF1	135	29	additive	roles	2	1	1	0.007516448009229501	0.03809928715035824	0.939068830858369	1.0
0	BAK1+KLF1	135	29	additive	roles	2	1	2	0.007516448009229501	0.03809928715035824	0.939068830858369	1.0
0	BAK1+KLF1	135	29	additive	roles	2	2	0	0.0058304618726721545	0.03365381649945048	0.9526325484441007	1.0
0	BAK1+KLF1	135	29	additive	roles	2	2	1	0.0058304618726721545	0.03365381649945048	0.9526325484441007	1.0
0	BAK1+KLF1	135	29	additive	roles	2	2	2	0.0058304618726721545	0.03365381649945048	0.9526325484441007	1.0
0	BAK1+KLF1	135	29	additive	direct_state	unused	unused	0	0.0058304618726721545	0.03365381649945048	0.9526325484441007	1.0
0	BAK1+KLF1	135	29	additive	direct_state	unused	unused	1	0.0058304618726721545	0.03365381649945048	0.9526325484441007	1.0
0	BAK1+KLF1	135	29	additive	direct_state	unused	unused	2	0.0058304618726721545	0.03365381649945048	0.9526325484441007	1.0
0	BAK1+KLF1	135	29	compositional_ridge	roles	0	0	0	0.006043151830994505	0.034773074839558445	0.9435300266021269	1.0
0	BAK1+KLF1	135	29	compositional_ridge	roles	0	0	1	0.006043151830994505	0.034773074839558445	0.9435300266021269	1.0
0	BAK1+KLF1	135	29	compositional_ridge	roles	0	0	2	0.006043151830994505	0.034773074839558445	0.9435300266021269	1.0
0	BAK1+KLF1	135	29	compositional_ridge	roles	0	1	0	0.007901553900962715	0.039537768089424725	0.9194548031461437	1.0
0	BAK1+KLF1	135	29	compositional_ridge	roles	0	1	1	0.007901553900962715	0.039537768089424725	0.9194548031461437	1.0
0	BAK1+KLF1	135	29	compositional_ridge	roles	0	1	2	0.007901553900962715	0.039537768089424725	0.9194548031461437	1.0
0	BAK1+KLF1	135	29	compositional_ridge	roles	0	2	0	0.007615317450106863	0.03881476537207246	0.9225174315469833	1.0
0	BAK1+KLF1	135	29	compositional_ridge	roles	0	2	1	0.007615317450106863	0.03881476537207246	0.9225174315469833	1.0
0	BAK1+KLF1	135	29	compositional_ridge	roles	0	2	2	0.007615317450106863	0.03881476537207246	0.9225174315469833	1.0
0	BAK1+KLF1	135	29	compositional_ridge	roles	1	0	0	0.008049879942315026	0.039909366115682604	0.92350966395952	1.0
0	BAK1+KLF1	135	29	compositional_ridge	roles	1	0	1	0.008049879942315026	0.039909366115682604	0.92350966395952	1.0
0	BAK1+KLF1	135	29	compositional_ridge	roles	1	0	2	0.008049879942315026	0.039909366115682604	0.92350966395952	1.0
0	BAK1+KLF1	135	29	compositional_ridge	roles	1	1	0	0.006043151830994505	0.034773074839558445	0.9435300266021269	1.0
0	BAK1+KLF1	135	29	compositional_ridge	roles	1	1	1	0.006043151830994505	0.034773074839558445	0.9435300266021269	1.0
0	BAK1+KLF1	135	29	compositional_ridge	roles	1	1	2	0.006043151830994505	0.034773074839558445	0.9435300266021269	1.0
0	BAK1+KLF1	135	29	compositional_ridge	roles	1	2	0	0.007463166900846053	0.03841287442288164	0.9258640654772277	1.0
0	BAK1+KLF1	135	29	compositional_ridge	roles	1	2	1	0.007463166900846053	0.03841287442288164	0.9258640654772277	1.0
0	BAK1+KLF1	135	29	compositional_ridge	roles	1	2	2	0.007463166900846053	0.03841287442288164	0.9258640654772277	1.0
0	BAK1+KLF1	135	29	compositional_ridge	roles	2	0	0	0.00825162277758943	0.040345279711113916	0.9228157217454623	1.0
0	BAK1+KLF1	135	29	compositional_ridge	roles	2	0	1	0.00825162277758943	0.040345279711113916	0.9228157217454623	1.0
0	BAK1+KLF1	135	29	compositional_ridge	roles	2	0	2	0.00825162277758943	0.040345279711113916	0.9228157217454623	1.0
0	BAK1+KLF1	135	29	compositional_ridge	roles	2	1	0	0.00795114618697631	0.039587650943755145	0.921968997566151	1.0
0	BAK1+KLF1	135	29	compositional_ridge	roles	2	1	1	0.00795114618697631	0.039587650943755145	0.921968997566151	1.0
0	BAK1+KLF1	135	29	compositional_ridge	roles	2	1	2	0.00795114618697631	0.039587650943755145	0.921968997566151	1.0
0	BAK1+KLF1	135	29	compositional_ridge	roles	2	2	0	0.006043151830994505	0.034773074839558445	0.9435300266021269	1.0
0	BAK1+KLF1	135	29	compositional_ridge	roles	2	2	1	0.006043151830994505	0.034773074839558445	0.9435300266021269	1.0
0	BAK1+KLF1	135	29	compositional_ridge	roles	2	2	2	0.006043151830994505	0.034773074839558445	0.9435300266021269	1.0
0	BAK1+KLF1	135	29	compositional_ridge	direct_state	unused	unused	0	0.006043151830994505	0.034773074839558445	0.9435300266021269	1.0
0	BAK1+KLF1	135	29	compositional_ridge	direct_state	unused	unused	1	0.006043151830994505	0.034773074839558445	0.9435300266021269	1.0
0	BAK1+KLF1	135	29	compositional_ridge	direct_state	unused	unused	2	0.006043151830994505	0.034773074839558445	0.9435300266021269	1.0
0	BAK1+KLF1	135	29	NC_native_effect	roles	0	0	0	0.03210722939131427	0.08807038116139165	0.507685778725861	0.8703703703703703
0	BAK1+KLF1	135	29	NC_native_effect	roles	0	0	1	0.03210722939131427	0.08807038116139165	0.507685778725861	0.8703703703703703
0	BAK1+KLF1	135	29	NC_native_effect	roles	0	0	2	0.03210722939131427	0.08807038116139165	0.507685778725861	0.8703703703703703
0	BAK1+KLF1	135	29	NC_native_effect	roles	0	1	0	0.03210722939131427	0.08807038116139165	0.507685778725861	0.8703703703703703
0	BAK1+KLF1	135	29	NC_native_effect	roles	0	1	1	0.03210722939131427	0.08807038116139165	0.507685778725861	0.8703703703703703
0	BAK1+KLF1	135	29	NC_native_effect	roles	0	1	2	0.03210722939131427	0.08807038116139165	0.507685778725861	0.8703703703703703
0	BAK1+KLF1	135	29	NC_native_effect	roles	0	2	0	0.03210722939131427	0.08807038116139165	0.507685778725861	0.8703703703703703
0	BAK1+KLF1	135	29	NC_native_effect	roles	0	2	1	0.03210722939131427	0.08807038116139165	0.507685778725861	0.8703703703703703
0	BAK1+KLF1	135	29	NC_native_effect	roles	0	2	2	0.03210722939131427	0.08807038116139165	0.507685778725861	0.8703703703703703
0	BAK1+KLF1	135	29	NC_native_effect	roles	1	0	0	0.033367895762328834	0.08948819339672003	0.4908369174209347	0.8518518518518519
0	BAK1+KLF1	135	29	NC_native_effect	roles	1	0	1	0.033367895762328834	0.08948819339672003	0.4908369174209347	0.8518518518518519
0	BAK1+KLF1	135	29	NC_native_effect	roles	1	0	2	0.033367895762328834	0.08948819339672003	0.4908369174209347	0.8518518518518519
0	BAK1+KLF1	135	29	NC_native_effect	roles	1	1	0	0.033367895762328834	0.08948819339672003	0.4908369174209347	0.8518518518518519
0	BAK1+KLF1	135	29	NC_native_effect	roles	1	1	1	0.033367895762328834	0.08948819339672003	0.4908369174209347	0.8518518518518519
0	BAK1+KLF1	135	29	NC_native_effect	roles	1	1	2	0.033367895762328834	0.08948819339672003	0.4908369174209347	0.8518518518518519
0	BAK1+KLF1	135	29	NC_native_effect	roles	1	2	0	0.033367895762328834	0.08948819339672003	0.4908369174209347	0.8518518518518519
0	BAK1+KLF1	135	29	NC_native_effect	roles	1	2	1	0.033367895762328834	0.08948819339672003	0.4908369174209347	0.8518518518518519
0	BAK1+KLF1	135	29	NC_native_effect	roles	1	2	2	0.033367895762328834	0.08948819339672003	0.4908369174209347	0.8518518518518519
0	BAK1+KLF1	135	29	NC_native_effect	roles	2	0	0	0.033849339387608014	0.08982472378473334	0.48781369524170093	0.8518518518518519
0	BAK1+KLF1	135	29	NC_native_effect	roles	2	0	1	0.033849339387608014	0.08982472378473334	0.48781369524170093	0.8518518518518519
0	BAK1+KLF1	135	29	NC_native_effect	roles	2	0	2	0.033849339387608014	0.08982472378473334	0.48781369524170093	0.8518518518518519
0	BAK1+KLF1	135	29	NC_native_effect	roles	2	1	0	0.033849339387608014	0.08982472378473334	0.48781369524170093	0.8518518518518519
0	BAK1+KLF1	135	29	NC_native_effect	roles	2	1	1	0.033849339387608014	0.08982472378473334	0.48781369524170093	0.8518518518518519
0	BAK1+KLF1	135	29	NC_native_effect	roles	2	1	2	0.033849339387608014	0.08982472378473334	0.48781369524170093	0.8518518518518519
0	BAK1+KLF1	135	29	NC_native_effect	roles	2	2	0	0.033849339387608014	0.08982472378473334	0.48781369524170093	0.8518518518518519
0	BAK1+KLF1	135	29	NC_native_effect	roles	2	2	1	0.033849339387608014	0.08982472378473334	0.48781369524170093	0.8518518518518519
0	BAK1+KLF1	135	29	NC_native_effect	roles	2	2	2	0.033849339387608014	0.08982472378473334	0.48781369524170093	0.8518518518518519
0	BAK1+KLF1	135	29	NC_native_effect	direct_state	unused	unused	0	0.03251206408928043	0.08857144230455566	0.5032039779519699	0.8518518518518519
0	BAK1+KLF1	135	29	NC_native_effect	direct_state	unused	unused	1	0.03251206408928043	0.08857144230455566	0.5032039779519699	0.8518518518518519
0	BAK1+KLF1	135	29	NC_native_effect	direct_state	unused	unused	2	0.03251206408928043	0.08857144230455566	0.5032039779519699	0.8518518518518519
0	BAK1+KLF1	135	29	native_effect_ridge	roles	0	0	0	0.008263382201248903	0.03982545979710964	0.9247448944638716	1.0
0	BAK1+KLF1	135	29	native_effect_ridge	roles	0	0	1	0.008263382201248903	0.03982545979710964	0.9247448944638716	1.0
0	BAK1+KLF1	135	29	native_effect_ridge	roles	0	0	2	0.008263382201248903	0.03982545979710964	0.9247448944638716	1.0
0	BAK1+KLF1	135	29	native_effect_ridge	roles	0	1	0	0.008263382201248903	0.03982545979710964	0.9247448944638716	1.0
0	BAK1+KLF1	135	29	native_effect_ridge	roles	0	1	1	0.008263382201248903	0.03982545979710964	0.9247448944638716	1.0
0	BAK1+KLF1	135	29	native_effect_ridge	roles	0	1	2	0.008263382201248903	0.03982545979710964	0.9247448944638716	1.0
0	BAK1+KLF1	135	29	native_effect_ridge	roles	0	2	0	0.008263382201248903	0.03982545979710964	0.9247448944638716	1.0
0	BAK1+KLF1	135	29	native_effect_ridge	roles	0	2	1	0.008263382201248903	0.03982545979710964	0.9247448944638716	1.0
0	BAK1+KLF1	135	29	native_effect_ridge	roles	0	2	2	0.008263382201248903	0.03982545979710964	0.9247448944638716	1.0
0	BAK1+KLF1	135	29	native_effect_ridge	roles	1	0	0	0.007498421577693453	0.03782458859195596	0.9288274865703955	1.0
0	BAK1+KLF1	135	29	native_effect_ridge	roles	1	0	1	0.007498421577693453	0.03782458859195596	0.9288274865703955	1.0
0	BAK1+KLF1	135	29	native_effect_ridge	roles	1	0	2	0.007498421577693453	0.03782458859195596	0.9288274865703955	1.0
0	BAK1+KLF1	135	29	native_effect_ridge	roles	1	1	0	0.007498421577693453	0.03782458859195596	0.9288274865703955	1.0
0	BAK1+KLF1	135	29	native_effect_ridge	roles	1	1	1	0.007498421577693453	0.03782458859195596	0.9288274865703955	1.0
0	BAK1+KLF1	135	29	native_effect_ridge	roles	1	1	2	0.007498421577693453	0.03782458859195596	0.9288274865703955	1.0
0	BAK1+KLF1	135	29	native_effect_ridge	roles	1	2	0	0.007498421577693453	0.03782458859195596	0.9288274865703955	1.0
0	BAK1+KLF1	135	29	native_effect_ridge	roles	1	2	1	0.007498421577693453	0.03782458859195596	0.9288274865703955	1.0
0	BAK1+KLF1	135	29	native_effect_ridge	roles	1	2	2	0.007498421577693453	0.03782458859195596	0.9288274865703955	1.0
0	BAK1+KLF1	135	29	native_effect_ridge	roles	2	0	0	0.00774999045646247	0.03848118952592381	0.9259418622596008	1.0
0	BAK1+KLF1	135	29	native_effect_ridge	roles	2	0	1	0.00774999045646247	0.03848118952592381	0.9259418622596008	1.0
0	BAK1+KLF1	135	29	native_effect_ridge	roles	2	0	2	0.00774999045646247	0.03848118952592381	0.9259418622596008	1.0
0	BAK1+KLF1	135	29	native_effect_ridge	roles	2	1	0	0.00774999045646247	0.03848118952592381	0.9259418622596008	1.0
0	BAK1+KLF1	135	29	native_effect_ridge	roles	2	1	1	0.00774999045646247	0.03848118952592381	0.9259418622596008	1.0
0	BAK1+KLF1	135	29	native_effect_ridge	roles	2	1	2	0.00774999045646247	0.03848118952592381	0.9259418622596008	1.0
0	BAK1+KLF1	135	29	native_effect_ridge	roles	2	2	0	0.00774999045646247	0.03848118952592381	0.9259418622596008	1.0
0	BAK1+KLF1	135	29	native_effect_ridge	roles	2	2	1	0.00774999045646247	0.03848118952592381	0.9259418622596008	1.0
0	BAK1+KLF1	135	29	native_effect_ridge	roles	2	2	2	0.00774999045646247	0.03848118952592381	0.9259418622596008	1.0
0	BAK1+KLF1	135	29	native_effect_ridge	direct_state	unused	unused	0	0.006532478581377718	0.03542818799733687	0.9377512466057497	1.0
0	BAK1+KLF1	135	29	native_effect_ridge	direct_state	unused	unused	1	0.006532478581377718	0.03542818799733687	0.9377512466057497	1.0
0	BAK1+KLF1	135	29	native_effect_ridge	direct_state	unused	unused	2	0.006532478581377718	0.03542818799733687	0.9377512466057497	1.0
27	FOSB+PTPN12	8	0	selected_CPA	roles	0	0	0	0.017185138761427552	0.05883115576187523	0.49372370763169315	0.9814814814814815
27	FOSB+PTPN12	8	0	selected_CPA	roles	0	0	1	0.02043581415086397	0.0641075743479988	0.3711614106412973	0.9629629629629629
27	FOSB+PTPN12	8	0	selected_CPA	roles	0	0	2	0.017343227350399712	0.05918225048691924	0.4793260011895905	0.9814814814814815
27	FOSB+PTPN12	8	0	selected_CPA	roles	0	1	0	0.04451341841564802	0.09294702347090612	0.353304496808656	1.0
27	FOSB+PTPN12	8	0	selected_CPA	roles	0	1	1	0.0427150330774829	0.09056963684773181	0.2998977356482057	0.9814814814814815
27	FOSB+PTPN12	8	0	selected_CPA	roles	0	1	2	0.04233407169958599	0.09038962943428265	0.3519317264577708	1.0
27	FOSB+PTPN12	8	0	selected_CPA	roles	0	2	0	0.0474161095284144	0.09576628495863808	0.2842006219992677	1.0
27	FOSB+PTPN12	8	0	selected_CPA	roles	0	2	1	0.04812088620874361	0.09606914095524184	0.21596841111188358	0.9814814814814815
27	FOSB+PTPN12	8	0	selected_CPA	roles	0	2	2	0.04428142794892477	0.09232538218233531	0.2837159932845513	1.0
27	FOSB+PTPN12	8	0	selected_CPA	roles	1	0	0	0.047303432880396186	0.09585770429510385	0.17792796648768597	0.9629629629629629
27	FOSB+PTPN12	8	0	selected_CPA	roles	1	0	1	0.05560316899743414	0.10451000874132134	0.0844715498336317	0.9074074074074074
27	FOSB+PTPN12	8	0	selected_CPA	roles	1	0	2	0.04979895677440254	0.09869362342319114	0.1572580679625992	0.9444444444444444
27	FOSB+PTPN12	8	0	selected_CPA	roles	1	1	0	0.017185138761427552	0.05883115576187523	0.49372370763169315	0.9814814814814815
27	FOSB+PTPN12	8	0	selected_CPA	roles	1	1	1	0.02043581415086397	0.0641075743479988	0.3711614106412973	0.9629629629629629
27	FOSB+PTPN12	8	0	selected_CPA	roles	1	1	2	0.017343227350399712	0.05918225048691924	0.4793260011895905	0.9814814814814815
27	FOSB+PTPN12	8	0	selected_CPA	roles	1	2	0	0.04739376614807335	0.09570233622342224	0.19933297330318694	0.9814814814814815
27	FOSB+PTPN12	8	0	selected_CPA	roles	1	2	1	0.053147603556004085	0.10149877793154623	0.11060593555067395	0.9444444444444444
27	FOSB+PTPN12	8	0	selected_CPA	roles	1	2	2	0.04659651987361791	0.0949843669569305	0.1873896321828078	0.9629629629629629
27	FOSB+PTPN12	8	0	selected_CPA	roles	2	0	0	0.045229269455471455	0.09307480778781843	0.25549523677103714	0.9629629629629629
27	FOSB+PTPN12	8	0	selected_CPA	roles	2	0	1	0.051025843554015085	0.09950966654879628	0.16657766146893604	0.9259259259259259
27	FOSB+PTPN12	8	0	selected_CPA	roles	2	0	2	0.048680128212905405	0.09691745329527077	0.23096672548722483	0.9629629629629629
27	FOSB+PTPN12	8	0	selected_CPA	roles	2	1	0	0.04241691161038223	0.09000625182705273	0.3474909085802641	1.0
27	FOSB+PTPN12	8	0	selected_CPA	roles	2	1	1	0.04316442498132433	0.09085930335409131	0.27984111758157976	0.9629629629629629
27	FOSB+PTPN12	8	0	selected_CPA	roles	2	1	2	0.043530335062781984	0.09121896913035037	0.33124537286954386	0.9814814814814815
27	FOSB+PTPN12	8	0	selected_CPA	roles	2	2	0	0.017185138761427552	0.05883115576187523	0.49372370763169315	0.9814814814814815
27	FOSB+PTPN12	8	0	selected_CPA	roles	2	2	1	0.02043581415086397	0.0641075743479988	0.3711614106412973	0.9629629629629629
27	FOSB+PTPN12	8	0	selected_CPA	roles	2	2	2	0.017343227350399712	0.05918225048691924	0.4793260011895905	0.9814814814814815
27	FOSB+PTPN12	8	0	selected_CPA	direct_state	unused	unused	0	0.017185138761427552	0.05883115576187523	0.49372370763169315	0.9814814814814815
27	FOSB+PTPN12	8	0	selected_CPA	direct_state	unused	unused	1	0.02043581415086397	0.0641075743479988	0.3711614106412973	0.9629629629629629
27	FOSB+PTPN12	8	0	selected_CPA	direct_state	unused	unused	2	0.017343227350399712	0.05918225048691924	0.4793260011895905	0.9814814814814815
27	FOSB+PTPN12	8	0	original_CPA_fixed	roles	0	0	0	0.022328072726708434	0.06959900360414599	0.36063172183485703	0.9074074074074074
27	FOSB+PTPN12	8	0	original_CPA_fixed	roles	0	0	1	0.022328072726708434	0.06959900360414599	0.36063172183485703	0.9074074074074074
27	FOSB+PTPN12	8	0	original_CPA_fixed	roles	0	0	2	0.022328072726708434	0.06959900360414599	0.36063172183485703	0.9074074074074074
27	FOSB+PTPN12	8	0	original_CPA_fixed	roles	0	1	0	0.048098129413241625	0.09756870853691506	0.2988337623929659	0.9444444444444444
27	FOSB+PTPN12	8	0	original_CPA_fixed	roles	0	1	1	0.048098129413241625	0.09756870853691506	0.2988337623929659	0.9444444444444444
27	FOSB+PTPN12	8	0	original_CPA_fixed	roles	0	1	2	0.048098129413241625	0.09756870853691506	0.2988337623929659	0.9444444444444444
27	FOSB+PTPN12	8	0	original_CPA_fixed	roles	0	2	0	0.049677546471498545	0.09946920012704837	0.23087063277879144	0.9259259259259259
27	FOSB+PTPN12	8	0	original_CPA_fixed	roles	0	2	1	0.049677546471498545	0.09946920012704837	0.23087063277879144	0.9259259259259259
27	FOSB+PTPN12	8	0	original_CPA_fixed	roles	0	2	2	0.049677546471498545	0.09946920012704837	0.23087063277879144	0.9259259259259259
27	FOSB+PTPN12	8	0	original_CPA_fixed	roles	1	0	0	0.054004589813364354	0.10523321048077487	0.10805165941170419	0.9074074074074074
27	FOSB+PTPN12	8	0	original_CPA_fixed	roles	1	0	1	0.054004589813364354	0.10523321048077487	0.10805165941170419	0.9074074074074074
27	FOSB+PTPN12	8	0	original_CPA_fixed	roles	1	0	2	0.054004589813364354	0.10523321048077487	0.10805165941170419	0.9074074074074074
27	FOSB+PTPN12	8	0	original_CPA_fixed	roles	1	1	0	0.022328072726708434	0.06959900360414599	0.36063172183485703	0.9074074074074074
27	FOSB+PTPN12	8	0	original_CPA_fixed	roles	1	1	1	0.022328072726708434	0.06959900360414599	0.36063172183485703	0.9074074074074074
27	FOSB+PTPN12	8	0	original_CPA_fixed	roles	1	1	2	0.022328072726708434	0.06959900360414599	0.36063172183485703	0.9074074074074074
27	FOSB+PTPN12	8	0	original_CPA_fixed	roles	1	2	0	0.05121342605884477	0.10190333801553449	0.135302520193518	0.9074074074074074
27	FOSB+PTPN12	8	0	original_CPA_fixed	roles	1	2	1	0.05121342605884477	0.10190333801553449	0.135302520193518	0.9074074074074074
27	FOSB+PTPN12	8	0	original_CPA_fixed	roles	1	2	2	0.05121342605884477	0.10190333801553449	0.135302520193518	0.9074074074074074
27	FOSB+PTPN12	8	0	original_CPA_fixed	roles	2	0	0	0.05325370044294908	0.10346889500921239	0.18180985593784574	0.9074074074074074
27	FOSB+PTPN12	8	0	original_CPA_fixed	roles	2	0	1	0.05325370044294908	0.10346889500921239	0.18180985593784574	0.9074074074074074
27	FOSB+PTPN12	8	0	original_CPA_fixed	roles	2	0	2	0.05325370044294908	0.10346889500921239	0.18180985593784574	0.9074074074074074
27	FOSB+PTPN12	8	0	original_CPA_fixed	roles	2	1	0	0.04888311963017257	0.09819167508852933	0.2789772601664042	0.9074074074074074
27	FOSB+PTPN12	8	0	original_CPA_fixed	roles	2	1	1	0.04888311963017257	0.09819167508852933	0.2789772601664042	0.9074074074074074
27	FOSB+PTPN12	8	0	original_CPA_fixed	roles	2	1	2	0.04888311963017257	0.09819167508852933	0.2789772601664042	0.9074074074074074
27	FOSB+PTPN12	8	0	original_CPA_fixed	roles	2	2	0	0.022328072726708434	0.06959900360414599	0.36063172183485703	0.9074074074074074
27	FOSB+PTPN12	8	0	original_CPA_fixed	roles	2	2	1	0.022328072726708434	0.06959900360414599	0.36063172183485703	0.9074074074074074
27	FOSB+PTPN12	8	0	original_CPA_fixed	roles	2	2	2	0.022328072726708434	0.06959900360414599	0.36063172183485703	0.9074074074074074
27	FOSB+PTPN12	8	0	original_CPA_fixed	direct_state	unused	unused	0	0.022328072726708434	0.06959900360414599	0.36063172183485703	0.9074074074074074
27	FOSB+PTPN12	8	0	original_CPA_fixed	direct_state	unused	unused	1	0.022328072726708434	0.06959900360414599	0.36063172183485703	0.9074074074074074
27	FOSB+PTPN12	8	0	original_CPA_fixed	direct_state	unused	unused	2	0.022328072726708434	0.06959900360414599	0.36063172183485703	0.9074074074074074
27	FOSB+PTPN12	8	0	additive	roles	0	0	0	0.019831315268877964	0.06271253099720164	0.553566026306862	0.9814814814814815
27	FOSB+PTPN12	8	0	additive	roles	0	0	1	0.019831315268877964	0.06271253099720164	0.553566026306862	0.9814814814814815
27	FOSB+PTPN12	8	0	additive	roles	0	0	2	0.019831315268877964	0.06271253099720164	0.553566026306862	0.9814814814814815
27	FOSB+PTPN12	8	0	additive	roles	0	1	0	0.04534489957872413	0.09379096276299416	0.4656793165420324	1.0
27	FOSB+PTPN12	8	0	additive	roles	0	1	1	0.04534489957872413	0.09379096276299416	0.4656793165420324	1.0
27	FOSB+PTPN12	8	0	additive	roles	0	1	2	0.04534489957872413	0.09379096276299416	0.4656793165420324	1.0
27	FOSB+PTPN12	8	0	additive	roles	0	2	0	0.04735240249135751	0.09545830510678502	0.40491436465424047	1.0
27	FOSB+PTPN12	8	0	additive	roles	0	2	1	0.04735240249135751	0.09545830510678502	0.40491436465424047	1.0
27	FOSB+PTPN12	8	0	additive	roles	0	2	2	0.04735240249135751	0.09545830510678502	0.40491436465424047	1.0
27	FOSB+PTPN12	8	0	additive	roles	1	0	0	0.0517643047322209	0.09987300566425988	0.3004862184271446	0.9629629629629629
27	FOSB+PTPN12	8	0	additive	roles	1	0	1	0.0517643047322209	0.09987300566425988	0.3004862184271446	0.9629629629629629
27	FOSB+PTPN12	8	0	additive	roles	1	0	2	0.0517643047322209	0.09987300566425988	0.3004862184271446	0.9629629629629629
27	FOSB+PTPN12	8	0	additive	roles	1	1	0	0.019831315268877964	0.06271253099720164	0.553566026306862	0.9814814814814815
27	FOSB+PTPN12	8	0	additive	roles	1	1	1	0.019831315268877964	0.06271253099720164	0.553566026306862	0.9814814814814815
27	FOSB+PTPN12	8	0	additive	roles	1	1	2	0.019831315268877964	0.06271253099720164	0.553566026306862	0.9814814814814815
27	FOSB+PTPN12	8	0	additive	roles	1	2	0	0.049144754455390745	0.09702682603069478	0.32602926330837745	0.9814814814814815
27	FOSB+PTPN12	8	0	additive	roles	1	2	1	0.049144754455390745	0.09702682603069478	0.32602926330837745	0.9814814814814815
27	FOSB+PTPN12	8	0	additive	roles	1	2	2	0.049144754455390745	0.09702682603069478	0.32602926330837745	0.9814814814814815
27	FOSB+PTPN12	8	0	additive	roles	2	0	0	0.05058532950742918	0.09831239228730147	0.36347533415748406	0.9629629629629629
27	FOSB+PTPN12	8	0	additive	roles	2	0	1	0.05058532950742918	0.09831239228730147	0.36347533415748406	0.9629629629629629
27	FOSB+PTPN12	8	0	additive	roles	2	0	2	0.05058532950742918	0.09831239228730147	0.36347533415748406	0.9629629629629629
27	FOSB+PTPN12	8	0	additive	roles	2	1	0	0.04595827631796565	0.09375164461799577	0.45101832755413007	0.9814814814814815
27	FOSB+PTPN12	8	0	additive	roles	2	1	1	0.04595827631796565	0.09375164461799577	0.45101832755413007	0.9814814814814815
27	FOSB+PTPN12	8	0	additive	roles	2	1	2	0.04595827631796565	0.09375164461799577	0.45101832755413007	0.9814814814814815
27	FOSB+PTPN12	8	0	additive	roles	2	2	0	0.019831315268877964	0.06271253099720164	0.553566026306862	0.9814814814814815
27	FOSB+PTPN12	8	0	additive	roles	2	2	1	0.019831315268877964	0.06271253099720164	0.553566026306862	0.9814814814814815
27	FOSB+PTPN12	8	0	additive	roles	2	2	2	0.019831315268877964	0.06271253099720164	0.553566026306862	0.9814814814814815
27	FOSB+PTPN12	8	0	additive	direct_state	unused	unused	0	0.019831315268877964	0.06271253099720164	0.553566026306862	0.9814814814814815
27	FOSB+PTPN12	8	0	additive	direct_state	unused	unused	1	0.019831315268877964	0.06271253099720164	0.553566026306862	0.9814814814814815
27	FOSB+PTPN12	8	0	additive	direct_state	unused	unused	2	0.019831315268877964	0.06271253099720164	0.553566026306862	0.9814814814814815
27	FOSB+PTPN12	8	0	compositional_ridge	roles	0	0	0	0.021845647426113647	0.06538312559515273	0.3703874427467108	0.9629629629629629
27	FOSB+PTPN12	8	0	compositional_ridge	roles	0	0	1	0.021845647426113647	0.06538312559515273	0.3703874427467108	0.9629629629629629
27	FOSB+PTPN12	8	0	compositional_ridge	roles	0	0	2	0.021845647426113647	0.06538312559515273	0.3703874427467108	0.9629629629629629
27	FOSB+PTPN12	8	0	compositional_ridge	roles	0	1	0	0.047274104261423394	0.09499821684935777	0.31138851878376406	0.9629629629629629
27	FOSB+PTPN12	8	0	compositional_ridge	roles	0	1	1	0.047274104261423394	0.09499821684935777	0.31138851878376406	0.9629629629629629
27	FOSB+PTPN12	8	0	compositional_ridge	roles	0	1	2	0.047274104261423394	0.09499821684935777	0.31138851878376406	0.9629629629629629
27	FOSB+PTPN12	8	0	compositional_ridge	roles	0	2	0	0.050341573816949446	0.09786250779715482	0.23424924386572837	0.9444444444444444
27	FOSB+PTPN12	8	0	compositional_ridge	roles	0	2	1	0.050341573816949446	0.09786250779715482	0.23424924386572837	0.9444444444444444
27	FOSB+PTPN12	8	0	compositional_ridge	roles	0	2	2	0.050341573816949446	0.09786250779715482	0.23424924386572837	0.9444444444444444
27	FOSB+PTPN12	8	0	compositional_ridge	roles	1	0	0	0.053863764363993	0.102131698746756	0.1125832998935403	0.9259259259259259
27	FOSB+PTPN12	8	0	compositional_ridge	roles	1	0	1	0.053863764363993	0.102131698746756	0.1125832998935403	0.9259259259259259
27	FOSB+PTPN12	8	0	compositional_ridge	roles	1	0	2	0.053863764363993	0.102131698746756	0.1125832998935403	0.9259259259259259
27	FOSB+PTPN12	8	0	compositional_ridge	roles	1	1	0	0.021845647426113647	0.06538312559515273	0.3703874427467108	0.9629629629629629
27	FOSB+PTPN12	8	0	compositional_ridge	roles	1	1	1	0.021845647426113647	0.06538312559515273	0.3703874427467108	0.9629629629629629
27	FOSB+PTPN12	8	0	compositional_ridge	roles	1	1	2	0.021845647426113647	0.06538312559515273	0.3703874427467108	0.9629629629629629
27	FOSB+PTPN12	8	0	compositional_ridge	roles	1	2	0	0.052219053255519114	0.09996580639422228	0.13717072064011634	0.9629629629629629
27	FOSB+PTPN12	8	0	compositional_ridge	roles	1	2	1	0.052219053255519114	0.09996580639422228	0.13717072064011634	0.9629629629629629
27	FOSB+PTPN12	8	0	compositional_ridge	roles	1	2	2	0.052219053255519114	0.09996580639422228	0.13717072064011634	0.9629629629629629
27	FOSB+PTPN12	8	0	compositional_ridge	roles	2	0	0	0.0516248224963086	0.09942196535875365	0.19098883216206616	0.9444444444444444
27	FOSB+PTPN12	8	0	compositional_ridge	roles	2	0	1	0.0516248224963086	0.09942196535875365	0.19098883216206616	0.9444444444444444
27	FOSB+PTPN12	8	0	compositional_ridge	roles	2	0	2	0.0516248224963086	0.09942196535875365	0.19098883216206616	0.9444444444444444
27	FOSB+PTPN12	8	0	compositional_ridge	roles	2	1	0	0.04691264183230865	0.09431116862363459	0.2953400447791303	0.9814814814814815
27	FOSB+PTPN12	8	0	compositional_ridge	roles	2	1	1	0.04691264183230865	0.09431116862363459	0.2953400447791303	0.9814814814814815
27	FOSB+PTPN12	8	0	compositional_ridge	roles	2	1	2	0.04691264183230865	0.09431116862363459	0.2953400447791303	0.9814814814814815
27	FOSB+PTPN12	8	0	compositional_ridge	roles	2	2	0	0.021845647426113647	0.06538312559515273	0.3703874427467108	0.9629629629629629
27	FOSB+PTPN12	8	0	compositional_ridge	roles	2	2	1	0.021845647426113647	0.06538312559515273	0.3703874427467108	0.9629629629629629
27	FOSB+PTPN12	8	0	compositional_ridge	roles	2	2	2	0.021845647426113647	0.06538312559515273	0.3703874427467108	0.9629629629629629
27	FOSB+PTPN12	8	0	compositional_ridge	direct_state	unused	unused	0	0.021845647426113647	0.06538312559515273	0.3703874427467108	0.9629629629629629
27	FOSB+PTPN12	8	0	compositional_ridge	direct_state	unused	unused	1	0.021845647426113647	0.06538312559515273	0.3703874427467108	0.9629629629629629
27	FOSB+PTPN12	8	0	compositional_ridge	direct_state	unused	unused	2	0.021845647426113647	0.06538312559515273	0.3703874427467108	0.9629629629629629
27	FOSB+PTPN12	8	0	NC_native_effect	roles	0	0	0	0.04060032588301853	0.09247409538358764	0.23364935173224177	0.9074074074074074
27	FOSB+PTPN12	8	0	NC_native_effect	roles	0	0	1	0.04060032588301853	0.09247409538358764	0.23364935173224177	0.9074074074074074
27	FOSB+PTPN12	8	0	NC_native_effect	roles	0	0	2	0.04060032588301853	0.09247409538358764	0.23364935173224177	0.9074074074074074
27	FOSB+PTPN12	8	0	NC_native_effect	roles	0	1	0	0.04060032588301853	0.09247409538358764	0.23364935173224177	0.9074074074074074
27	FOSB+PTPN12	8	0	NC_native_effect	roles	0	1	1	0.04060032588301853	0.09247409538358764	0.23364935173224177	0.9074074074074074
27	FOSB+PTPN12	8	0	NC_native_effect	roles	0	1	2	0.04060032588301853	0.09247409538358764	0.23364935173224177	0.9074074074074074
27	FOSB+PTPN12	8	0	NC_native_effect	roles	0	2	0	0.04060032588301853	0.09247409538358764	0.23364935173224177	0.9074074074074074
27	FOSB+PTPN12	8	0	NC_native_effect	roles	0	2	1	0.04060032588301853	0.09247409538358764	0.23364935173224177	0.9074074074074074
27	FOSB+PTPN12	8	0	NC_native_effect	roles	0	2	2	0.04060032588301853	0.09247409538358764	0.23364935173224177	0.9074074074074074
27	FOSB+PTPN12	8	0	NC_native_effect	roles	1	0	0	0.04352943873215863	0.0966599437688165	0.1235676983549824	0.9074074074074074
27	FOSB+PTPN12	8	0	NC_native_effect	roles	1	0	1	0.04352943873215863	0.0966599437688165	0.1235676983549824	0.9074074074074074
27	FOSB+PTPN12	8	0	NC_native_effect	roles	1	0	2	0.04352943873215863	0.0966599437688165	0.1235676983549824	0.9074074074074074
27	FOSB+PTPN12	8	0	NC_native_effect	roles	1	1	0	0.04352943873215863	0.0966599437688165	0.1235676983549824	0.9074074074074074
27	FOSB+PTPN12	8	0	NC_native_effect	roles	1	1	1	0.04352943873215863	0.0966599437688165	0.1235676983549824	0.9074074074074074
27	FOSB+PTPN12	8	0	NC_native_effect	roles	1	1	2	0.04352943873215863	0.0966599437688165	0.1235676983549824	0.9074074074074074
27	FOSB+PTPN12	8	0	NC_native_effect	roles	1	2	0	0.04352943873215863	0.0966599437688165	0.1235676983549824	0.9074074074074074
27	FOSB+PTPN12	8	0	NC_native_effect	roles	1	2	1	0.04352943873215863	0.0966599437688165	0.1235676983549824	0.9074074074074074
27	FOSB+PTPN12	8	0	NC_native_effect	roles	1	2	2	0.04352943873215863	0.0966599437688165	0.1235676983549824	0.9074074074074074
27	FOSB+PTPN12	8	0	NC_native_effect	roles	2	0	0	0.04343471042980538	0.09555579372782426	0.2028532582439521	0.9074074074074074
27	FOSB+PTPN12	8	0	NC_native_effect	roles	2	0	1	0.04343471042980538	0.09555579372782426	0.2028532582439521	0.9074074074074074
27	FOSB+PTPN12	8	0	NC_native_effect	roles	2	0	2	0.04343471042980538	0.09555579372782426	0.2028532582439521	0.9074074074074074
27	FOSB+PTPN12	8	0	NC_native_effect	roles	2	1	0	0.04343471042980538	0.09555579372782426	0.2028532582439521	0.9074074074074074
27	FOSB+PTPN12	8	0	NC_native_effect	roles	2	1	1	0.04343471042980538	0.09555579372782426	0.2028532582439521	0.9074074074074074
27	FOSB+PTPN12	8	0	NC_native_effect	roles	2	1	2	0.04343471042980538	0.09555579372782426	0.2028532582439521	0.9074074074074074
27	FOSB+PTPN12	8	0	NC_native_effect	roles	2	2	0	0.04343471042980538	0.09555579372782426	0.2028532582439521	0.9074074074074074
27	FOSB+PTPN12	8	0	NC_native_effect	roles	2	2	1	0.04343471042980538	0.09555579372782426	0.2028532582439521	0.9074074074074074
27	FOSB+PTPN12	8	0	NC_native_effect	roles	2	2	2	0.04343471042980538	0.09555579372782426	0.2028532582439521	0.9074074074074074
27	FOSB+PTPN12	8	0	NC_native_effect	direct_state	unused	unused	0	0.028053762494902167	0.07936720784784336	0.19995267431308056	0.9074074074074074
27	FOSB+PTPN12	8	0	NC_native_effect	direct_state	unused	unused	1	0.028053762494902167	0.07936720784784336	0.19995267431308056	0.9074074074074074
27	FOSB+PTPN12	8	0	NC_native_effect	direct_state	unused	unused	2	0.028053762494902167	0.07936720784784336	0.19995267431308056	0.9074074074074074
27	FOSB+PTPN12	8	0	native_effect_ridge	roles	0	0	0	0.05200903731591132	0.10010442270642395	0.26807261942981053	0.9444444444444444
27	FOSB+PTPN12	8	0	native_effect_ridge	roles	0	0	1	0.05200903731591132	0.10010442270642395	0.26807261942981053	0.9444444444444444
27	FOSB+PTPN12	8	0	native_effect_ridge	roles	0	0	2	0.05200903731591132	0.10010442270642395	0.26807261942981053	0.9444444444444444
27	FOSB+PTPN12	8	0	native_effect_ridge	roles	0	1	0	0.05200903731591132	0.10010442270642395	0.26807261942981053	0.9444444444444444
27	FOSB+PTPN12	8	0	native_effect_ridge	roles	0	1	1	0.05200903731591132	0.10010442270642395	0.26807261942981053	0.9444444444444444
27	FOSB+PTPN12	8	0	native_effect_ridge	roles	0	1	2	0.05200903731591132	0.10010442270642395	0.26807261942981053	0.9444444444444444
27	FOSB+PTPN12	8	0	native_effect_ridge	roles	0	2	0	0.05200903731591132	0.10010442270642395	0.26807261942981053	0.9444444444444444
27	FOSB+PTPN12	8	0	native_effect_ridge	roles	0	2	1	0.05200903731591132	0.10010442270642395	0.26807261942981053	0.9444444444444444
27	FOSB+PTPN12	8	0	native_effect_ridge	roles	0	2	2	0.05200903731591132	0.10010442270642395	0.26807261942981053	0.9444444444444444
27	FOSB+PTPN12	8	0	native_effect_ridge	roles	1	0	0	0.055596226031121326	0.10354535623825539	0.167971569358836	0.9074074074074074
27	FOSB+PTPN12	8	0	native_effect_ridge	roles	1	0	1	0.055596226031121326	0.10354535623825539	0.167971569358836	0.9074074074074074
27	FOSB+PTPN12	8	0	native_effect_ridge	roles	1	0	2	0.055596226031121326	0.10354535623825539	0.167971569358836	0.9074074074074074
27	FOSB+PTPN12	8	0	native_effect_ridge	roles	1	1	0	0.055596226031121326	0.10354535623825539	0.167971569358836	0.9074074074074074
27	FOSB+PTPN12	8	0	native_effect_ridge	roles	1	1	1	0.055596226031121326	0.10354535623825539	0.167971569358836	0.9074074074074074
27	FOSB+PTPN12	8	0	native_effect_ridge	roles	1	1	2	0.055596226031121326	0.10354535623825539	0.167971569358836	0.9074074074074074
27	FOSB+PTPN12	8	0	native_effect_ridge	roles	1	2	0	0.055596226031121326	0.10354535623825539	0.167971569358836	0.9074074074074074
27	FOSB+PTPN12	8	0	native_effect_ridge	roles	1	2	1	0.055596226031121326	0.10354535623825539	0.167971569358836	0.9074074074074074
27	FOSB+PTPN12	8	0	native_effect_ridge	roles	1	2	2	0.055596226031121326	0.10354535623825539	0.167971569358836	0.9074074074074074
27	FOSB+PTPN12	8	0	native_effect_ridge	roles	2	0	0	0.05280079737426409	0.10065967615193666	0.2472052979424493	0.9444444444444444
27	FOSB+PTPN12	8	0	native_effect_ridge	roles	2	0	1	0.05280079737426409	0.10065967615193666	0.2472052979424493	0.9444444444444444
27	FOSB+PTPN12	8	0	native_effect_ridge	roles	2	0	2	0.05280079737426409	0.10065967615193666	0.2472052979424493	0.9444444444444444
27	FOSB+PTPN12	8	0	native_effect_ridge	roles	2	1	0	0.05280079737426409	0.10065967615193666	0.2472052979424493	0.9444444444444444
27	FOSB+PTPN12	8	0	native_effect_ridge	roles	2	1	1	0.05280079737426409	0.10065967615193666	0.2472052979424493	0.9444444444444444
27	FOSB+PTPN12	8	0	native_effect_ridge	roles	2	1	2	0.05280079737426409	0.10065967615193666	0.2472052979424493	0.9444444444444444
27	FOSB+PTPN12	8	0	native_effect_ridge	roles	2	2	0	0.05280079737426409	0.10065967615193666	0.2472052979424493	0.9444444444444444
27	FOSB+PTPN12	8	0	native_effect_ridge	roles	2	2	1	0.05280079737426409	0.10065967615193666	0.2472052979424493	0.9444444444444444
27	FOSB+PTPN12	8	0	native_effect_ridge	roles	2	2	2	0.05280079737426409	0.10065967615193666	0.2472052979424493	0.9444444444444444
27	FOSB+PTPN12	8	0	native_effect_ridge	direct_state	unused	unused	0	0.04304311247628295	0.09177465054341008	0.22467770457224637	0.9444444444444444
27	FOSB+PTPN12	8	0	native_effect_ridge	direct_state	unused	unused	1	0.04304311247628295	0.09177465054341008	0.22467770457224637	0.9444444444444444
27	FOSB+PTPN12	8	0	native_effect_ridge	direct_state	unused	unused	2	0.04304311247628295	0.09177465054341008	0.22467770457224637	0.9444444444444444
27	FOSB+PTPN12	8	29	selected_CPA	roles	0	0	0	0.02145063694869477	0.06570264338485363	0.38102815658144457	0.9629629629629629
27	FOSB+PTPN12	8	29	selected_CPA	roles	0	0	1	0.01638515258400455	0.05767089145564521	0.42707289072865595	0.9814814814814815
27	FOSB+PTPN12	8	29	selected_CPA	roles	0	0	2	0.015217865443536375	0.05470088950132237	0.4657416774663635	1.0
27	FOSB+PTPN12	8	29	selected_CPA	roles	0	1	0	0.06304948792858536	0.1112765649266989	0.18576543588784142	0.9259259259259259
27	FOSB+PTPN12	8	29	selected_CPA	roles	0	1	1	0.05014749258607092	0.09838314130340699	0.2067461278566743	0.9629629629629629
27	FOSB+PTPN12	8	29	selected_CPA	roles	0	1	2	0.05019097303911868	0.09814356431942427	0.2226490928767023	0.9629629629629629
27	FOSB+PTPN12	8	29	selected_CPA	roles	0	2	0	0.0650748538654147	0.11322707620132606	0.17752939199045603	0.9259259259259259
27	FOSB+PTPN12	8	29	selected_CPA	roles	0	2	1	0.05363948518401414	0.10239815359676845	0.19179876076771024	0.9444444444444444
27	FOSB+PTPN12	8	29	selected_CPA	roles	0	2	2	0.04894964208961274	0.09717048115381094	0.22090981548017938	0.9629629629629629
27	FOSB+PTPN12	8	29	selected_CPA	roles	1	0	0	0.045446303727524534	0.09367112330571499	0.19571145910982785	0.9629629629629629
27	FOSB+PTPN12	8	29	selected_CPA	roles	1	0	1	0.04821733034065853	0.09744587983889967	0.18093838222605915	0.9814814814814815
27	FOSB+PTPN12	8	29	selected_CPA	roles	1	0	2	0.045839275606674404	0.09420877854465891	0.20698730991297493	0.9814814814814815
27	FOSB+PTPN12	8	29	selected_CPA	roles	1	1	0	0.02145063694869477	0.06570264338485363	0.38102815658144457	0.9629629629629629
27	FOSB+PTPN12	8	29	selected_CPA	roles	1	1	1	0.01638515258400455	0.05767089145564521	0.42707289072865595	0.9814814814814815
27	FOSB+PTPN12	8	29	selected_CPA	roles	1	1	2	0.015217865443536375	0.05470088950132237	0.4657416774663635	1.0
27	FOSB+PTPN12	8	29	selected_CPA	roles	1	2	0	0.055042278111821365	0.1036129840478988	0.18191721359118945	0.9259259259259259
27	FOSB+PTPN12	8	29	selected_CPA	roles	1	2	1	0.05144342040824503	0.10056334978971146	0.18022491046160988	0.9814814814814815
27	FOSB+PTPN12	8	29	selected_CPA	roles	1	2	2	0.0455428097203277	0.09371791042760107	0.21405895476939923	1.0
27	FOSB+PTPN12	8	29	selected_CPA	roles	2	0	0	0.043568096389519764	0.09097476159033814	0.20918440449307818	0.9814814814814815
27	FOSB+PTPN12	8	29	selected_CPA	roles	2	0	1	0.04487249634153987	0.09289555919717317	0.19886018227213048	0.9814814814814815
27	FOSB+PTPN12	8	29	selected_CPA	roles	2	0	2	0.04722776515500492	0.09489665722676376	0.21267472645166335	0.9814814814814815
27	FOSB+PTPN12	8	29	selected_CPA	roles	2	1	0	0.05113870483698726	0.09899435077396827	0.20291698191328705	0.9629629629629629
27	FOSB+PTPN12	8	29	selected_CPA	roles	2	1	1	0.044606593811183155	0.09187346393058694	0.21383933307258227	1.0
27	FOSB+PTPN12	8	29	selected_CPA	roles	2	1	2	0.04817263021816415	0.09541061336408546	0.22149925431417752	1.0
27	FOSB+PTPN12	8	29	selected_CPA	roles	2	2	0	0.02145063694869477	0.06570264338485363	0.38102815658144457	0.9629629629629629
27	FOSB+PTPN12	8	29	selected_CPA	roles	2	2	1	0.01638515258400455	0.05767089145564521	0.42707289072865595	0.9814814814814815
27	FOSB+PTPN12	8	29	selected_CPA	roles	2	2	2	0.015217865443536375	0.05470088950132237	0.4657416774663635	1.0
27	FOSB+PTPN12	8	29	selected_CPA	direct_state	unused	unused	0	0.02145063694869477	0.06570264338485363	0.38102815658144457	0.9629629629629629
27	FOSB+PTPN12	8	29	selected_CPA	direct_state	unused	unused	1	0.01638515258400455	0.05767089145564521	0.42707289072865595	0.9814814814814815
27	FOSB+PTPN12	8	29	selected_CPA	direct_state	unused	unused	2	0.015217865443536375	0.05470088950132237	0.4657416774663635	1.0
27	FOSB+PTPN12	8	29	original_CPA_fixed	roles	0	0	0	0.022328072726708434	0.06959900360414599	0.36063172183485703	0.9074074074074074
27	FOSB+PTPN12	8	29	original_CPA_fixed	roles	0	0	1	0.022328072726708434	0.06959900360414599	0.36063172183485703	0.9074074074074074
27	FOSB+PTPN12	8	29	original_CPA_fixed	roles	0	0	2	0.022328072726708434	0.06959900360414599	0.36063172183485703	0.9074074074074074
27	FOSB+PTPN12	8	29	original_CPA_fixed	roles	0	1	0	0.06130718570047949	0.11042925689660035	0.20137465767000548	0.9074074074074074
27	FOSB+PTPN12	8	29	original_CPA_fixed	roles	0	1	1	0.06130718570047949	0.11042925689660035	0.20137465767000548	0.9074074074074074
27	FOSB+PTPN12	8	29	original_CPA_fixed	roles	0	1	2	0.06130718570047949	0.11042925689660035	0.20137465767000548	0.9074074074074074
27	FOSB+PTPN12	8	29	original_CPA_fixed	roles	0	2	0	0.0647226543913806	0.11439272197016902	0.18860525146571616	0.8888888888888888
27	FOSB+PTPN12	8	29	original_CPA_fixed	roles	0	2	1	0.0647226543913806	0.11439272197016902	0.18860525146571616	0.8888888888888888
27	FOSB+PTPN12	8	29	original_CPA_fixed	roles	0	2	2	0.0647226543913806	0.11439272197016902	0.18860525146571616	0.8888888888888888
27	FOSB+PTPN12	8	29	original_CPA_fixed	roles	1	0	0	0.04894347751165772	0.10008246786710594	0.19427760517357065	0.9259259259259259
27	FOSB+PTPN12	8	29	original_CPA_fixed	roles	1	0	1	0.04894347751165772	0.10008246786710594	0.19427760517357065	0.9259259259259259
27	FOSB+PTPN12	8	29	original_CPA_fixed	roles	1	0	2	0.04894347751165772	0.10008246786710594	0.19427760517357065	0.9259259259259259
27	FOSB+PTPN12	8	29	original_CPA_fixed	roles	1	1	0	0.022328072726708434	0.06959900360414599	0.36063172183485703	0.9074074074074074
27	FOSB+PTPN12	8	29	original_CPA_fixed	roles	1	1	1	0.022328072726708434	0.06959900360414599	0.36063172183485703	0.9074074074074074
27	FOSB+PTPN12	8	29	original_CPA_fixed	roles	1	1	2	0.022328072726708434	0.06959900360414599	0.36063172183485703	0.9074074074074074
27	FOSB+PTPN12	8	29	original_CPA_fixed	roles	1	2	0	0.057309816643906795	0.1082405265879503	0.18552203870451425	0.9074074074074074
27	FOSB+PTPN12	8	29	original_CPA_fixed	roles	1	2	1	0.057309816643906795	0.1082405265879503	0.18552203870451425	0.9074074074074074
27	FOSB+PTPN12	8	29	original_CPA_fixed	roles	1	2	2	0.057309816643906795	0.1082405265879503	0.18552203870451425	0.9074074074074074
27	FOSB+PTPN12	8	29	original_CPA_fixed	roles	2	0	0	0.04567516741958119	0.09521266250683638	0.21219032428544307	0.9444444444444444
27	FOSB+PTPN12	8	29	original_CPA_fixed	roles	2	0	1	0.04567516741958119	0.09521266250683638	0.21219032428544307	0.9444444444444444
27	FOSB+PTPN12	8	29	original_CPA_fixed	roles	2	0	2	0.04567516741958119	0.09521266250683638	0.21219032428544307	0.9444444444444444
27	FOSB+PTPN12	8	29	original_CPA_fixed	roles	2	1	0	0.05062603786092916	0.0993674406548653	0.21621215335255095	0.9259259259259259
27	FOSB+PTPN12	8	29	original_CPA_fixed	roles	2	1	1	0.05062603786092916	0.0993674406548653	0.21621215335255095	0.9259259259259259
27	FOSB+PTPN12	8	29	original_CPA_fixed	roles	2	1	2	0.05062603786092916	0.0993674406548653	0.21621215335255095	0.9259259259259259
27	FOSB+PTPN12	8	29	original_CPA_fixed	roles	2	2	0	0.022328072726708434	0.06959900360414599	0.36063172183485703	0.9074074074074074
27	FOSB+PTPN12	8	29	original_CPA_fixed	roles	2	2	1	0.022328072726708434	0.06959900360414599	0.36063172183485703	0.9074074074074074
27	FOSB+PTPN12	8	29	original_CPA_fixed	roles	2	2	2	0.022328072726708434	0.06959900360414599	0.36063172183485703	0.9074074074074074
27	FOSB+PTPN12	8	29	original_CPA_fixed	direct_state	unused	unused	0	0.022328072726708434	0.06959900360414599	0.36063172183485703	0.9074074074074074
27	FOSB+PTPN12	8	29	original_CPA_fixed	direct_state	unused	unused	1	0.022328072726708434	0.06959900360414599	0.36063172183485703	0.9074074074074074
27	FOSB+PTPN12	8	29	original_CPA_fixed	direct_state	unused	unused	2	0.022328072726708434	0.06959900360414599	0.36063172183485703	0.9074074074074074
27	FOSB+PTPN12	8	29	additive	roles	0	0	0	0.019831315268877964	0.06271253099720164	0.553566026306862	0.9814814814814815
27	FOSB+PTPN12	8	29	additive	roles	0	0	1	0.019831315268877964	0.06271253099720164	0.553566026306862	0.9814814814814815
27	FOSB+PTPN12	8	29	additive	roles	0	0	2	0.019831315268877964	0.06271253099720164	0.553566026306862	0.9814814814814815
27	FOSB+PTPN12	8	29	additive	roles	0	1	0	0.04653019787054035	0.09416870794762414	0.3979176641924758	1.0
27	FOSB+PTPN12	8	29	additive	roles	0	1	1	0.04653019787054035	0.09416870794762414	0.3979176641924758	1.0
27	FOSB+PTPN12	8	29	additive	roles	0	1	2	0.04653019787054035	0.09416870794762414	0.3979176641924758	1.0
27	FOSB+PTPN12	8	29	additive	roles	0	2	0	0.0451366197540315	0.09278543449531905	0.3970647996220651	1.0
27	FOSB+PTPN12	8	29	additive	roles	0	2	1	0.0451366197540315	0.09278543449531905	0.3970647996220651	1.0
27	FOSB+PTPN12	8	29	additive	roles	0	2	2	0.0451366197540315	0.09278543449531905	0.3970647996220651	1.0
27	FOSB+PTPN12	8	29	additive	roles	1	0	0	0.058726950425935925	0.10733618252644735	0.3492776095669323	0.9814814814814815
27	FOSB+PTPN12	8	29	additive	roles	1	0	1	0.058726950425935925	0.10733618252644735	0.3492776095669323	0.9814814814814815
27	FOSB+PTPN12	8	29	additive	roles	1	0	2	0.058726950425935925	0.10733618252644735	0.3492776095669323	0.9814814814814815
27	FOSB+PTPN12	8	29	additive	roles	1	1	0	0.019831315268877964	0.06271253099720164	0.553566026306862	0.9814814814814815
27	FOSB+PTPN12	8	29	additive	roles	1	1	1	0.019831315268877964	0.06271253099720164	0.553566026306862	0.9814814814814815
27	FOSB+PTPN12	8	29	additive	roles	1	1	2	0.019831315268877964	0.06271253099720164	0.553566026306862	0.9814814814814815
27	FOSB+PTPN12	8	29	additive	roles	1	2	0	0.050004012378666376	0.09826071989545468	0.37195238278995385	0.9814814814814815
27	FOSB+PTPN12	8	29	additive	roles	1	2	1	0.050004012378666376	0.09826071989545468	0.37195238278995385	0.9814814814814815
27	FOSB+PTPN12	8	29	additive	roles	1	2	2	0.050004012378666376	0.09826071989545468	0.37195238278995385	0.9814814814814815
27	FOSB+PTPN12	8	29	additive	roles	2	0	0	0.060267687141269344	0.1082575150724885	0.35507833827636	0.9629629629629629
27	FOSB+PTPN12	8	29	additive	roles	2	0	1	0.060267687141269344	0.1082575150724885	0.35507833827636	0.9629629629629629
27	FOSB+PTPN12	8	29	additive	roles	2	0	2	0.060267687141269344	0.1082575150724885	0.35507833827636	0.9629629629629629
27	FOSB+PTPN12	8	29	additive	roles	2	1	0	0.052938327210508646	0.10056048561304808	0.3793612514764209	0.9814814814814815
27	FOSB+PTPN12	8	29	additive	roles	2	1	1	0.052938327210508646	0.10056048561304808	0.3793612514764209	0.9814814814814815
27	FOSB+PTPN12	8	29	additive	roles	2	1	2	0.052938327210508646	0.10056048561304808	0.3793612514764209	0.9814814814814815
27	FOSB+PTPN12	8	29	additive	roles	2	2	0	0.019831315268877964	0.06271253099720164	0.553566026306862	0.9814814814814815
27	FOSB+PTPN12	8	29	additive	roles	2	2	1	0.019831315268877964	0.06271253099720164	0.553566026306862	0.9814814814814815
27	FOSB+PTPN12	8	29	additive	roles	2	2	2	0.019831315268877964	0.06271253099720164	0.553566026306862	0.9814814814814815
27	FOSB+PTPN12	8	29	additive	direct_state	unused	unused	0	0.019831315268877964	0.06271253099720164	0.553566026306862	0.9814814814814815
27	FOSB+PTPN12	8	29	additive	direct_state	unused	unused	1	0.019831315268877964	0.06271253099720164	0.553566026306862	0.9814814814814815
27	FOSB+PTPN12	8	29	additive	direct_state	unused	unused	2	0.019831315268877964	0.06271253099720164	0.553566026306862	0.9814814814814815
27	FOSB+PTPN12	8	29	compositional_ridge	roles	0	0	0	0.021845647426113647	0.06538312559515273	0.3703874427467108	0.9629629629629629
27	FOSB+PTPN12	8	29	compositional_ridge	roles	0	0	1	0.021845647426113647	0.06538312559515273	0.3703874427467108	0.9629629629629629
27	FOSB+PTPN12	8	29	compositional_ridge	roles	0	0	2	0.021845647426113647	0.06538312559515273	0.3703874427467108	0.9629629629629629
27	FOSB+PTPN12	8	29	compositional_ridge	roles	0	1	0	0.04672141282515066	0.09464585938333538	0.22576540993385935	1.0
27	FOSB+PTPN12	8	29	compositional_ridge	roles	0	1	1	0.04672141282515066	0.09464585938333538	0.22576540993385935	1.0
27	FOSB+PTPN12	8	29	compositional_ridge	roles	0	1	2	0.04672141282515066	0.09464585938333538	0.22576540993385935	1.0
27	FOSB+PTPN12	8	29	compositional_ridge	roles	0	2	0	0.04640910479726382	0.09419981524066595	0.21793996294121182	1.0
27	FOSB+PTPN12	8	29	compositional_ridge	roles	0	2	1	0.04640910479726382	0.09419981524066595	0.21793996294121182	1.0
27	FOSB+PTPN12	8	29	compositional_ridge	roles	0	2	2	0.04640910479726382	0.09419981524066595	0.21793996294121182	1.0
27	FOSB+PTPN12	8	29	compositional_ridge	roles	1	0	0	0.06256439978579699	0.11006882426236203	0.1855462784060154	0.9259259259259259
27	FOSB+PTPN12	8	29	compositional_ridge	roles	1	0	1	0.06256439978579699	0.11006882426236203	0.1855462784060154	0.9259259259259259
27	FOSB+PTPN12	8	29	compositional_ridge	roles	1	0	2	0.06256439978579699	0.11006882426236203	0.1855462784060154	0.9259259259259259
27	FOSB+PTPN12	8	29	compositional_ridge	roles	1	1	0	0.021845647426113647	0.06538312559515273	0.3703874427467108	0.9629629629629629
27	FOSB+PTPN12	8	29	compositional_ridge	roles	1	1	1	0.021845647426113647	0.06538312559515273	0.3703874427467108	0.9629629629629629
27	FOSB+PTPN12	8	29	compositional_ridge	roles	1	1	2	0.021845647426113647	0.06538312559515273	0.3703874427467108	0.9629629629629629
27	FOSB+PTPN12	8	29	compositional_ridge	roles	1	2	0	0.05309961462452407	0.10085452809812182	0.19757296230381555	0.9814814814814815
27	FOSB+PTPN12	8	29	compositional_ridge	roles	1	2	1	0.05309961462452407	0.10085452809812182	0.19757296230381555	0.9814814814814815
27	FOSB+PTPN12	8	29	compositional_ridge	roles	1	2	2	0.05309961462452407	0.10085452809812182	0.19757296230381555	0.9814814814814815
27	FOSB+PTPN12	8	29	compositional_ridge	roles	2	0	0	0.0630238664125084	0.11017896518761053	0.19537906229191843	0.9259259259259259
27	FOSB+PTPN12	8	29	compositional_ridge	roles	2	0	1	0.0630238664125084	0.11017896518761053	0.19537906229191843	0.9259259259259259
27	FOSB+PTPN12	8	29	compositional_ridge	roles	2	0	2	0.0630238664125084	0.11017896518761053	0.19537906229191843	0.9259259259259259
27	FOSB+PTPN12	8	29	compositional_ridge	roles	2	1	0	0.05387138927912232	0.10139096429289589	0.21586915208870047	0.9444444444444444
27	FOSB+PTPN12	8	29	compositional_ridge	roles	2	1	1	0.05387138927912232	0.10139096429289589	0.21586915208870047	0.9444444444444444
27	FOSB+PTPN12	8	29	compositional_ridge	roles	2	1	2	0.05387138927912232	0.10139096429289589	0.21586915208870047	0.9444444444444444
27	FOSB+PTPN12	8	29	compositional_ridge	roles	2	2	0	0.021845647426113647	0.06538312559515273	0.3703874427467108	0.9629629629629629
27	FOSB+PTPN12	8	29	compositional_ridge	roles	2	2	1	0.021845647426113647	0.06538312559515273	0.3703874427467108	0.9629629629629629
27	FOSB+PTPN12	8	29	compositional_ridge	roles	2	2	2	0.021845647426113647	0.06538312559515273	0.3703874427467108	0.9629629629629629
27	FOSB+PTPN12	8	29	compositional_ridge	direct_state	unused	unused	0	0.021845647426113647	0.06538312559515273	0.3703874427467108	0.9629629629629629
27	FOSB+PTPN12	8	29	compositional_ridge	direct_state	unused	unused	1	0.021845647426113647	0.06538312559515273	0.3703874427467108	0.9629629629629629
27	FOSB+PTPN12	8	29	compositional_ridge	direct_state	unused	unused	2	0.021845647426113647	0.06538312559515273	0.3703874427467108	0.9629629629629629
27	FOSB+PTPN12	8	29	NC_native_effect	roles	0	0	0	0.046651387583428114	0.09849353477376896	0.15162644536384667	0.9074074074074074
27	FOSB+PTPN12	8	29	NC_native_effect	roles	0	0	1	0.046651387583428114	0.09849353477376896	0.15162644536384667	0.9074074074074074
27	FOSB+PTPN12	8	29	NC_native_effect	roles	0	0	2	0.046651387583428114	0.09849353477376896	0.15162644536384667	0.9074074074074074
27	FOSB+PTPN12	8	29	NC_native_effect	roles	0	1	0	0.046651387583428114	0.09849353477376896	0.15162644536384667	0.9074074074074074
27	FOSB+PTPN12	8	29	NC_native_effect	roles	0	1	1	0.046651387583428114	0.09849353477376896	0.15162644536384667	0.9074074074074074
27	FOSB+PTPN12	8	29	NC_native_effect	roles	0	1	2	0.046651387583428114	0.09849353477376896	0.15162644536384667	0.9074074074074074
27	FOSB+PTPN12	8	29	NC_native_effect	roles	0	2	0	0.046651387583428114	0.09849353477376896	0.15162644536384667	0.9074074074074074
27	FOSB+PTPN12	8	29	NC_native_effect	roles	0	2	1	0.046651387583428114	0.09849353477376896	0.15162644536384667	0.9074074074074074
27	FOSB+PTPN12	8	29	NC_native_effect	roles	0	2	2	0.046651387583428114	0.09849353477376896	0.15162644536384667	0.9074074074074074
27	FOSB+PTPN12	8	29	NC_native_effect	roles	1	0	0	0.03936373302145325	0.09193604770292281	0.14814507172446686	0.9074074074074074
27	FOSB+PTPN12	8	29	NC_native_effect	roles	1	0	1	0.03936373302145325	0.09193604770292281	0.14814507172446686	0.9074074074074074
27	FOSB+PTPN12	8	29	NC_native_effect	roles	1	0	2	0.03936373302145325	0.09193604770292281	0.14814507172446686	0.9074074074074074
27	FOSB+PTPN12	8	29	NC_native_effect	roles	1	1	0	0.03936373302145325	0.09193604770292281	0.14814507172446686	0.9074074074074074
27	FOSB+PTPN12	8	29	NC_native_effect	roles	1	1	1	0.03936373302145325	0.09193604770292281	0.14814507172446686	0.9074074074074074
27	FOSB+PTPN12	8	29	NC_native_effect	roles	1	1	2	0.03936373302145325	0.09193604770292281	0.14814507172446686	0.9074074074074074
27	FOSB+PTPN12	8	29	NC_native_effect	roles	1	2	0	0.03936373302145325	0.09193604770292281	0.14814507172446686	0.9074074074074074
27	FOSB+PTPN12	8	29	NC_native_effect	roles	1	2	1	0.03936373302145325	0.09193604770292281	0.14814507172446686	0.9074074074074074
27	FOSB+PTPN12	8	29	NC_native_effect	roles	1	2	2	0.03936373302145325	0.09193604770292281	0.14814507172446686	0.9074074074074074
27	FOSB+PTPN12	8	29	NC_native_effect	roles	2	0	0	0.03629884035968731	0.08672547327639708	0.16845540364686915	0.9074074074074074
27	FOSB+PTPN12	8	29	NC_native_effect	roles	2	0	1	0.03629884035968731	0.08672547327639708	0.16845540364686915	0.9074074074074074
27	FOSB+PTPN12	8	29	NC_native_effect	roles	2	0	2	0.03629884035968731	0.08672547327639708	0.16845540364686915	0.9074074074074074
27	FOSB+PTPN12	8	29	NC_native_effect	roles	2	1	0	0.03629884035968731	0.08672547327639708	0.16845540364686915	0.9074074074074074
27	FOSB+PTPN12	8	29	NC_native_effect	roles	2	1	1	0.03629884035968731	0.08672547327639708	0.16845540364686915	0.9074074074074074
27	FOSB+PTPN12	8	29	NC_native_effect	roles	2	1	2	0.03629884035968731	0.08672547327639708	0.16845540364686915	0.9074074074074074
27	FOSB+PTPN12	8	29	NC_native_effect	roles	2	2	0	0.03629884035968731	0.08672547327639708	0.16845540364686915	0.9074074074074074
27	FOSB+PTPN12	8	29	NC_native_effect	roles	2	2	1	0.03629884035968731	0.08672547327639708	0.16845540364686915	0.9074074074074074
27	FOSB+PTPN12	8	29	NC_native_effect	roles	2	2	2	0.03629884035968731	0.08672547327639708	0.16845540364686915	0.9074074074074074
27	FOSB+PTPN12	8	29	NC_native_effect	direct_state	unused	unused	0	0.028053762494902167	0.07936720784784336	0.19995267431308056	0.9074074074074074
27	FOSB+PTPN12	8	29	NC_native_effect	direct_state	unused	unused	1	0.028053762494902167	0.07936720784784336	0.19995267431308056	0.9074074074074074
27	FOSB+PTPN12	8	29	NC_native_effect	direct_state	unused	unused	2	0.028053762494902167	0.07936720784784336	0.19995267431308056	0.9074074074074074
27	FOSB+PTPN12	8	29	native_effect_ridge	roles	0	0	0	0.05368467099354009	0.10168101260300458	0.1941559670371751	0.9444444444444444
27	FOSB+PTPN12	8	29	native_effect_ridge	roles	0	0	1	0.05368467099354009	0.10168101260300458	0.1941559670371751	0.9444444444444444
27	FOSB+PTPN12	8	29	native_effect_ridge	roles	0	0	2	0.05368467099354009	0.10168101260300458	0.1941559670371751	0.9444444444444444
27	FOSB+PTPN12	8	29	native_effect_ridge	roles	0	1	0	0.05368467099354009	0.10168101260300458	0.1941559670371751	0.9444444444444444
27	FOSB+PTPN12	8	29	native_effect_ridge	roles	0	1	1	0.05368467099354009	0.10168101260300458	0.1941559670371751	0.9444444444444444
27	FOSB+PTPN12	8	29	native_effect_ridge	roles	0	1	2	0.05368467099354009	0.10168101260300458	0.1941559670371751	0.9444444444444444
27	FOSB+PTPN12	8	29	native_effect_ridge	roles	0	2	0	0.05368467099354009	0.10168101260300458	0.1941559670371751	0.9444444444444444
27	FOSB+PTPN12	8	29	native_effect_ridge	roles	0	2	1	0.05368467099354009	0.10168101260300458	0.1941559670371751	0.9444444444444444
27	FOSB+PTPN12	8	29	native_effect_ridge	roles	0	2	2	0.05368467099354009	0.10168101260300458	0.1941559670371751	0.9444444444444444
27	FOSB+PTPN12	8	29	native_effect_ridge	roles	1	0	0	0.06654086620161001	0.1136649002216475	0.1683253087338355	0.9074074074074074
27	FOSB+PTPN12	8	29	native_effect_ridge	roles	1	0	1	0.06654086620161001	0.1136649002216475	0.1683253087338355	0.9074074074074074
27	FOSB+PTPN12	8	29	native_effect_ridge	roles	1	0	2	0.06654086620161001	0.1136649002216475	0.1683253087338355	0.9074074074074074
27	FOSB+PTPN12	8	29	native_effect_ridge	roles	1	1	0	0.06654086620161001	0.1136649002216475	0.1683253087338355	0.9074074074074074
27	FOSB+PTPN12	8	29	native_effect_ridge	roles	1	1	1	0.06654086620161001	0.1136649002216475	0.1683253087338355	0.9074074074074074
27	FOSB+PTPN12	8	29	native_effect_ridge	roles	1	1	2	0.06654086620161001	0.1136649002216475	0.1683253087338355	0.9074074074074074
27	FOSB+PTPN12	8	29	native_effect_ridge	roles	1	2	0	0.06654086620161001	0.1136649002216475	0.1683253087338355	0.9074074074074074
27	FOSB+PTPN12	8	29	native_effect_ridge	roles	1	2	1	0.06654086620161001	0.1136649002216475	0.1683253087338355	0.9074074074074074
27	FOSB+PTPN12	8	29	native_effect_ridge	roles	1	2	2	0.06654086620161001	0.1136649002216475	0.1683253087338355	0.9074074074074074
27	FOSB+PTPN12	8	29	native_effect_ridge	roles	2	0	0	0.06760981469977477	0.11460022081379011	0.17661416186067672	0.8518518518518519
27	FOSB+PTPN12	8	29	native_effect_ridge	roles	2	0	1	0.06760981469977477	0.11460022081379011	0.17661416186067672	0.8518518518518519
27	FOSB+PTPN12	8	29	native_effect_ridge	roles	2	0	2	0.06760981469977477	0.11460022081379011	0.17661416186067672	0.8518518518518519
27	FOSB+PTPN12	8	29	native_effect_ridge	roles	2	1	0	0.06760981469977477	0.11460022081379011	0.17661416186067672	0.8518518518518519
27	FOSB+PTPN12	8	29	native_effect_ridge	roles	2	1	1	0.06760981469977477	0.11460022081379011	0.17661416186067672	0.8518518518518519
27	FOSB+PTPN12	8	29	native_effect_ridge	roles	2	1	2	0.06760981469977477	0.11460022081379011	0.17661416186067672	0.8518518518518519
27	FOSB+PTPN12	8	29	native_effect_ridge	roles	2	2	0	0.06760981469977477	0.11460022081379011	0.17661416186067672	0.8518518518518519
27	FOSB+PTPN12	8	29	native_effect_ridge	roles	2	2	1	0.06760981469977477	0.11460022081379011	0.17661416186067672	0.8518518518518519
27	FOSB+PTPN12	8	29	native_effect_ridge	roles	2	2	2	0.06760981469977477	0.11460022081379011	0.17661416186067672	0.8518518518518519
27	FOSB+PTPN12	8	29	native_effect_ridge	direct_state	unused	unused	0	0.04304311247628295	0.09177465054341008	0.22467770457224637	0.9444444444444444
27	FOSB+PTPN12	8	29	native_effect_ridge	direct_state	unused	unused	1	0.04304311247628295	0.09177465054341008	0.22467770457224637	0.9444444444444444
27	FOSB+PTPN12	8	29	native_effect_ridge	direct_state	unused	unused	2	0.04304311247628295	0.09177465054341008	0.22467770457224637	0.9444444444444444
27	FOSB+PTPN12	16	0	selected_CPA	roles	0	0	0	0.018425789253027212	0.06063835089521033	0.4539444136947447	0.9814814814814815
27	FOSB+PTPN12	16	0	selected_CPA	roles	0	0	1	0.018498694180370194	0.0608521216075622	0.38953454956265254	0.9629629629629629
27	FOSB+PTPN12	16	0	selected_CPA	roles	0	0	2	0.019873500809926347	0.06327556107165845	0.44263270697539686	0.9629629629629629
27	FOSB+PTPN12	16	0	selected_CPA	roles	0	1	0	0.03470700056912292	0.0822730370673497	0.3483410807805688	0.9814814814814815
27	FOSB+PTPN12	16	0	selected_CPA	roles	0	1	1	0.03212750777703411	0.07885451752503382	0.3044191271026016	0.9814814814814815
27	FOSB+PTPN12	16	0	selected_CPA	roles	0	1	2	0.03515323030577849	0.08285117375203842	0.3500664155740135	0.9814814814814815
27	FOSB+PTPN12	16	0	selected_CPA	roles	0	2	0	0.032986325197598226	0.07979088833272846	0.3025961277013724	1.0
27	FOSB+PTPN12	16	0	selected_CPA	roles	0	2	1	0.03180902816236192	0.07815792941125975	0.24299682984720875	0.9814814814814815
27	FOSB+PTPN12	16	0	selected_CPA	roles	0	2	2	0.032422064567912384	0.07908765474896841	0.30915926766837737	0.9814814814814815
27	FOSB+PTPN12	16	0	selected_CPA	roles	1	0	0	0.03083572171418646	0.07744407734289938	0.2566955092148451	0.9629629629629629
27	FOSB+PTPN12	16	0	selected_CPA	roles	1	0	1	0.03356102436096122	0.08124250746606962	0.16383113997655097	0.9444444444444444
27	FOSB+PTPN12	16	0	selected_CPA	roles	1	0	2	0.03328491509132915	0.08096724529692897	0.24369211745752398	0.9629629629629629
27	FOSB+PTPN12	16	0	selected_CPA	roles	1	1	0	0.018425789253027212	0.06063835089521033	0.4539444136947447	0.9814814814814815
27	FOSB+PTPN12	16	0	selected_CPA	roles	1	1	1	0.018498694180370194	0.0608521216075622	0.38953454956265254	0.9629629629629629
27	FOSB+PTPN12	16	0	selected_CPA	roles	1	1	2	0.019873500809926347	0.06327556107165845	0.44263270697539686	0.9629629629629629
27	FOSB+PTPN12	16	0	selected_CPA	roles	1	2	0	0.030926321205184498	0.07722638683454887	0.25447194288443337	1.0
27	FOSB+PTPN12	16	0	selected_CPA	roles	1	2	1	0.03240142188937997	0.07926398735541516	0.17006799066376754	0.9629629629629629
27	FOSB+PTPN12	16	0	selected_CPA	roles	1	2	2	0.03136354239574222	0.07799685097568379	0.25359487717841916	0.9814814814814815
27	FOSB+PTPN12	16	0	selected_CPA	roles	2	0	0	0.033240780984173685	0.08063517414622912	0.3070967855146648	0.9629629629629629
27	FOSB+PTPN12	16	0	selected_CPA	roles	2	0	1	0.03456388787409595	0.08253421987494002	0.22992248293303447	0.9259259259259259
27	FOSB+PTPN12	16	0	selected_CPA	roles	2	0	2	0.036700464727657804	0.08524866037722624	0.2896815863071176	0.9259259259259259
27	FOSB+PTPN12	16	0	selected_CPA	roles	2	1	0	0.03505205584669641	0.08288925011712105	0.3505102719976866	0.9814814814814815
27	FOSB+PTPN12	16	0	selected_CPA	roles	2	1	1	0.033722765017186886	0.08126318432550121	0.2975115862355227	0.9629629629629629
27	FOSB+PTPN12	16	0	selected_CPA	roles	2	1	2	0.03751025776993697	0.08605003140998879	0.3404143824064623	0.9629629629629629
27	FOSB+PTPN12	16	0	selected_CPA	roles	2	2	0	0.018425789253027212	0.06063835089521033	0.4539444136947447	0.9814814814814815
27	FOSB+PTPN12	16	0	selected_CPA	roles	2	2	1	0.018498694180370194	0.0608521216075622	0.38953454956265254	0.9629629629629629
27	FOSB+PTPN12	16	0	selected_CPA	roles	2	2	2	0.019873500809926347	0.06327556107165845	0.44263270697539686	0.9629629629629629
27	FOSB+PTPN12	16	0	selected_CPA	direct_state	unused	unused	0	0.018425789253027212	0.06063835089521033	0.4539444136947447	0.9814814814814815
27	FOSB+PTPN12	16	0	selected_CPA	direct_state	unused	unused	1	0.018498694180370194	0.0608521216075622	0.38953454956265254	0.9629629629629629
27	FOSB+PTPN12	16	0	selected_CPA	direct_state	unused	unused	2	0.019873500809926347	0.06327556107165845	0.44263270697539686	0.9629629629629629
27	FOSB+PTPN12	16	0	original_CPA_fixed	roles	0	0	0	0.022328072726708434	0.06959900360414599	0.36063172183485703	0.9074074074074074
27	FOSB+PTPN12	16	0	original_CPA_fixed	roles	0	0	1	0.022328072726708434	0.06959900360414599	0.36063172183485703	0.9074074074074074
27	FOSB+PTPN12	16	0	original_CPA_fixed	roles	0	0	2	0.022328072726708434	0.06959900360414599	0.36063172183485703	0.9074074074074074
27	FOSB+PTPN12	16	0	original_CPA_fixed	roles	0	1	0	0.03709932477254699	0.08659568107735169	0.3110171892241412	0.9074074074074074
27	FOSB+PTPN12	16	0	original_CPA_fixed	roles	0	1	1	0.03709932477254699	0.08659568107735169	0.3110171892241412	0.9074074074074074
27	FOSB+PTPN12	16	0	original_CPA_fixed	roles	0	1	2	0.03709932477254699	0.08659568107735169	0.3110171892241412	0.9074074074074074
27	FOSB+PTPN12	16	0	original_CPA_fixed	roles	0	2	0	0.034499835299212835	0.08310535948343643	0.2656650399069314	0.9259259259259259
27	FOSB+PTPN12	16	0	original_CPA_fixed	roles	0	2	1	0.034499835299212835	0.08310535948343643	0.2656650399069314	0.9259259259259259
27	FOSB+PTPN12	16	0	original_CPA_fixed	roles	0	2	2	0.034499835299212835	0.08310535948343643	0.2656650399069314	0.9259259259259259
27	FOSB+PTPN12	16	0	original_CPA_fixed	roles	1	0	0	0.03624796445812483	0.0871874369925313	0.19066344279140748	0.9074074074074074
27	FOSB+PTPN12	16	0	original_CPA_fixed	roles	1	0	1	0.03624796445812483	0.0871874369925313	0.19066344279140748	0.9074074074074074
27	FOSB+PTPN12	16	0	original_CPA_fixed	roles	1	0	2	0.03624796445812483	0.0871874369925313	0.19066344279140748	0.9074074074074074
27	FOSB+PTPN12	16	0	original_CPA_fixed	roles	1	1	0	0.022328072726708434	0.06959900360414599	0.36063172183485703	0.9074074074074074
27	FOSB+PTPN12	16	0	original_CPA_fixed	roles	1	1	1	0.022328072726708434	0.06959900360414599	0.36063172183485703	0.9074074074074074
27	FOSB+PTPN12	16	0	original_CPA_fixed	roles	1	1	2	0.022328072726708434	0.06959900360414599	0.36063172183485703	0.9074074074074074
27	FOSB+PTPN12	16	0	original_CPA_fixed	roles	1	2	0	0.03394979057705625	0.0833119564522344	0.20221328212883485	0.9074074074074074
27	FOSB+PTPN12	16	0	original_CPA_fixed	roles	1	2	1	0.03394979057705625	0.0833119564522344	0.20221328212883485	0.9074074074074074
27	FOSB+PTPN12	16	0	original_CPA_fixed	roles	1	2	2	0.03394979057705625	0.0833119564522344	0.20221328212883485	0.9074074074074074
27	FOSB+PTPN12	16	0	original_CPA_fixed	roles	2	0	0	0.03953183782992153	0.09108314774120395	0.241172932206176	0.9074074074074074
27	FOSB+PTPN12	16	0	original_CPA_fixed	roles	2	0	1	0.03953183782992153	0.09108314774120395	0.241172932206176	0.9074074074074074
27	FOSB+PTPN12	16	0	original_CPA_fixed	roles	2	0	2	0.03953183782992153	0.09108314774120395	0.241172932206176	0.9074074074074074
27	FOSB+PTPN12	16	0	original_CPA_fixed	roles	2	1	0	0.039833153422187094	0.09070658149989765	0.29826899183256333	0.9074074074074074
27	FOSB+PTPN12	16	0	original_CPA_fixed	roles	2	1	1	0.039833153422187094	0.09070658149989765	0.29826899183256333	0.9074074074074074
27	FOSB+PTPN12	16	0	original_CPA_fixed	roles	2	1	2	0.039833153422187094	0.09070658149989765	0.29826899183256333	0.9074074074074074
27	FOSB+PTPN12	16	0	original_CPA_fixed	roles	2	2	0	0.022328072726708434	0.06959900360414599	0.36063172183485703	0.9074074074074074
27	FOSB+PTPN12	16	0	original_CPA_fixed	roles	2	2	1	0.022328072726708434	0.06959900360414599	0.36063172183485703	0.9074074074074074
27	FOSB+PTPN12	16	0	original_CPA_fixed	roles	2	2	2	0.022328072726708434	0.06959900360414599	0.36063172183485703	0.9074074074074074
27	FOSB+PTPN12	16	0	original_CPA_fixed	direct_state	unused	unused	0	0.022328072726708434	0.06959900360414599	0.36063172183485703	0.9074074074074074
27	FOSB+PTPN12	16	0	original_CPA_fixed	direct_state	unused	unused	1	0.022328072726708434	0.06959900360414599	0.36063172183485703	0.9074074074074074
27	FOSB+PTPN12	16	0	original_CPA_fixed	direct_state	unused	unused	2	0.022328072726708434	0.06959900360414599	0.36063172183485703	0.9074074074074074
27	FOSB+PTPN12	16	0	additive	roles	0	0	0	0.019831315268877964	0.06271253099720164	0.553566026306862	0.9814814814814815
27	FOSB+PTPN12	16	0	additive	roles	0	0	1	0.019831315268877964	0.06271253099720164	0.553566026306862	0.9814814814814815
27	FOSB+PTPN12	16	0	additive	roles	0	0	2	0.019831315268877964	0.06271253099720164	0.553566026306862	0.9814814814814815
27	FOSB+PTPN12	16	0	additive	roles	0	1	0	0.031207961177727346	0.07771147935552968	0.5071710095292754	1.0
27	FOSB+PTPN12	16	0	additive	roles	0	1	1	0.031207961177727346	0.07771147935552968	0.5071710095292754	1.0
27	FOSB+PTPN12	16	0	additive	roles	0	1	2	0.031207961177727346	0.07771147935552968	0.5071710095292754	1.0
27	FOSB+PTPN12	16	0	additive	roles	0	2	0	0.03396003868709465	0.08105261751823581	0.4553817018081965	0.9814814814814815
27	FOSB+PTPN12	16	0	additive	roles	0	2	1	0.03396003868709465	0.08105261751823581	0.4553817018081965	0.9814814814814815
27	FOSB+PTPN12	16	0	additive	roles	0	2	2	0.03396003868709465	0.08105261751823581	0.4553817018081965	0.9814814814814815
27	FOSB+PTPN12	16	0	additive	roles	1	0	0	0.03714581313728353	0.0850827104041838	0.3866794628847225	0.9814814814814815
27	FOSB+PTPN12	16	0	additive	roles	1	0	1	0.03714581313728353	0.0850827104041838	0.3866794628847225	0.9814814814814815
27	FOSB+PTPN12	16	0	additive	roles	1	0	2	0.03714581313728353	0.0850827104041838	0.3866794628847225	0.9814814814814815
27	FOSB+PTPN12	16	0	additive	roles	1	1	0	0.019831315268877964	0.06271253099720164	0.553566026306862	0.9814814814814815
27	FOSB+PTPN12	16	0	additive	roles	1	1	1	0.019831315268877964	0.06271253099720164	0.553566026306862	0.9814814814814815
27	FOSB+PTPN12	16	0	additive	roles	1	1	2	0.019831315268877964	0.06271253099720164	0.553566026306862	0.9814814814814815
27	FOSB+PTPN12	16	0	additive	roles	1	2	0	0.036804600101927244	0.08457237325862252	0.39494667364413544	0.9629629629629629
27	FOSB+PTPN12	16	0	additive	roles	1	2	1	0.036804600101927244	0.08457237325862252	0.39494667364413544	0.9629629629629629
27	FOSB+PTPN12	16	0	additive	roles	1	2	2	0.036804600101927244	0.08457237325862252	0.39494667364413544	0.9629629629629629
27	FOSB+PTPN12	16	0	additive	roles	2	0	0	0.03507811952637877	0.08252753633503096	0.43721274740805677	0.9814814814814815
27	FOSB+PTPN12	16	0	additive	roles	2	0	1	0.03507811952637877	0.08252753633503096	0.43721274740805677	0.9814814814814815
27	FOSB+PTPN12	16	0	additive	roles	2	0	2	0.03507811952637877	0.08252753633503096	0.43721274740805677	0.9814814814814815
27	FOSB+PTPN12	16	0	additive	roles	2	1	0	0.03198482898165517	0.07870044586576944	0.4971792279624443	1.0
27	FOSB+PTPN12	16	0	additive	roles	2	1	1	0.03198482898165517	0.07870044586576944	0.4971792279624443	1.0
27	FOSB+PTPN12	16	0	additive	roles	2	1	2	0.03198482898165517	0.07870044586576944	0.4971792279624443	1.0
27	FOSB+PTPN12	16	0	additive	roles	2	2	0	0.019831315268877964	0.06271253099720164	0.553566026306862	0.9814814814814815
27	FOSB+PTPN12	16	0	additive	roles	2	2	1	0.019831315268877964	0.06271253099720164	0.553566026306862	0.9814814814814815
27	FOSB+PTPN12	16	0	additive	roles	2	2	2	0.019831315268877964	0.06271253099720164	0.553566026306862	0.9814814814814815
27	FOSB+PTPN12	16	0	additive	direct_state	unused	unused	0	0.019831315268877964	0.06271253099720164	0.553566026306862	0.9814814814814815
27	FOSB+PTPN12	16	0	additive	direct_state	unused	unused	1	0.019831315268877964	0.06271253099720164	0.553566026306862	0.9814814814814815
27	FOSB+PTPN12	16	0	additive	direct_state	unused	unused	2	0.019831315268877964	0.06271253099720164	0.553566026306862	0.9814814814814815
27	FOSB+PTPN12	16	0	compositional_ridge	roles	0	0	0	0.021845647426113647	0.06538312559515273	0.3703874427467108	0.9629629629629629
27	FOSB+PTPN12	16	0	compositional_ridge	roles	0	0	1	0.021845647426113647	0.06538312559515273	0.3703874427467108	0.9629629629629629
27	FOSB+PTPN12	16	0	compositional_ridge	roles	0	0	2	0.021845647426113647	0.06538312559515273	0.3703874427467108	0.9629629629629629
27	FOSB+PTPN12	16	0	compositional_ridge	roles	0	1	0	0.0329036060648984	0.0792117935337756	0.3369720567501026	0.9814814814814815
27	FOSB+PTPN12	16	0	compositional_ridge	roles	0	1	1	0.0329036060648984	0.0792117935337756	0.3369720567501026	0.9814814814814815
27	FOSB+PTPN12	16	0	compositional_ridge	roles	0	1	2	0.0329036060648984	0.0792117935337756	0.3369720567501026	0.9814814814814815
27	FOSB+PTPN12	16	0	compositional_ridge	roles	0	2	0	0.03821771255002193	0.08557722341428019	0.2626310867438652	0.9444444444444444
27	FOSB+PTPN12	16	0	compositional_ridge	roles	0	2	1	0.03821771255002193	0.08557722341428019	0.2626310867438652	0.9444444444444444
27	FOSB+PTPN12	16	0	compositional_ridge	roles	0	2	2	0.03821771255002193	0.08557722341428019	0.2626310867438652	0.9444444444444444
27	FOSB+PTPN12	16	0	compositional_ridge	roles	1	0	0	0.03947883256458385	0.08768019465958493	0.18716427682624395	0.9259259259259259
27	FOSB+PTPN12	16	0	compositional_ridge	roles	1	0	1	0.03947883256458385	0.08768019465958493	0.18716427682624395	0.9259259259259259
27	FOSB+PTPN12	16	0	compositional_ridge	roles	1	0	2	0.03947883256458385	0.08768019465958493	0.18716427682624395	0.9259259259259259
27	FOSB+PTPN12	16	0	compositional_ridge	roles	1	1	0	0.021845647426113647	0.06538312559515273	0.3703874427467108	0.9629629629629629
27	FOSB+PTPN12	16	0	compositional_ridge	roles	1	1	1	0.021845647426113647	0.06538312559515273	0.3703874427467108	0.9629629629629629
27	FOSB+PTPN12	16	0	compositional_ridge	roles	1	1	2	0.021845647426113647	0.06538312559515273	0.3703874427467108	0.9629629629629629
27	FOSB+PTPN12	16	0	compositional_ridge	roles	1	2	0	0.041380961234919154	0.08951579769314426	0.18957069774907728	0.9259259259259259
27	FOSB+PTPN12	16	0	compositional_ridge	roles	1	2	1	0.041380961234919154	0.08951579769314426	0.18957069774907728	0.9259259259259259
27	FOSB+PTPN12	16	0	compositional_ridge	roles	1	2	2	0.041380961234919154	0.08951579769314426	0.18957069774907728	0.9259259259259259
27	FOSB+PTPN12	16	0	compositional_ridge	roles	2	0	0	0.03484910997792284	0.08210385514592318	0.2587707382556854	0.9444444444444444
27	FOSB+PTPN12	16	0	compositional_ridge	roles	2	0	1	0.03484910997792284	0.08210385514592318	0.2587707382556854	0.9444444444444444
27	FOSB+PTPN12	16	0	compositional_ridge	roles	2	0	2	0.03484910997792284	0.08210385514592318	0.2587707382556854	0.9444444444444444
27	FOSB+PTPN12	16	0	compositional_ridge	roles	2	1	0	0.03143713216313462	0.07757159015038835	0.33544619915982127	0.9814814814814815
27	FOSB+PTPN12	16	0	compositional_ridge	roles	2	1	1	0.03143713216313462	0.07757159015038835	0.33544619915982127	0.9814814814814815
27	FOSB+PTPN12	16	0	compositional_ridge	roles	2	1	2	0.03143713216313462	0.07757159015038835	0.33544619915982127	0.9814814814814815
27	FOSB+PTPN12	16	0	compositional_ridge	roles	2	2	0	0.021845647426113647	0.06538312559515273	0.3703874427467108	0.9629629629629629
27	FOSB+PTPN12	16	0	compositional_ridge	roles	2	2	1	0.021845647426113647	0.06538312559515273	0.3703874427467108	0.9629629629629629
27	FOSB+PTPN12	16	0	compositional_ridge	roles	2	2	2	0.021845647426113647	0.06538312559515273	0.3703874427467108	0.9629629629629629
27	FOSB+PTPN12	16	0	compositional_ridge	direct_state	unused	unused	0	0.021845647426113647	0.06538312559515273	0.3703874427467108	0.9629629629629629
27	FOSB+PTPN12	16	0	compositional_ridge	direct_state	unused	unused	1	0.021845647426113647	0.06538312559515273	0.3703874427467108	0.9629629629629629
27	FOSB+PTPN12	16	0	compositional_ridge	direct_state	unused	unused	2	0.021845647426113647	0.06538312559515273	0.3703874427467108	0.9629629629629629
27	FOSB+PTPN12	16	0	NC_native_effect	roles	0	0	0	0.03591907769720635	0.08712488946033262	0.21326299968640508	0.9074074074074074
27	FOSB+PTPN12	16	0	NC_native_effect	roles	0	0	1	0.03591907769720635	0.08712488946033262	0.21326299968640508	0.9074074074074074
27	FOSB+PTPN12	16	0	NC_native_effect	roles	0	0	2	0.03591907769720635	0.08712488946033262	0.21326299968640508	0.9074074074074074
27	FOSB+PTPN12	16	0	NC_native_effect	roles	0	1	0	0.03591907769720635	0.08712488946033262	0.21326299968640508	0.9074074074074074
27	FOSB+PTPN12	16	0	NC_native_effect	roles	0	1	1	0.03591907769720635	0.08712488946033262	0.21326299968640508	0.9074074074074074
27	FOSB+PTPN12	16	0	NC_native_effect	roles	0	1	2	0.03591907769720635	0.08712488946033262	0.21326299968640508	0.9074074074074074
27	FOSB+PTPN12	16	0	NC_native_effect	roles	0	2	0	0.03591907769720635	0.08712488946033262	0.21326299968640508	0.9074074074074074
27	FOSB+PTPN12	16	0	NC_native_effect	roles	0	2	1	0.03591907769720635	0.08712488946033262	0.21326299968640508	0.9074074074074074
27	FOSB+PTPN12	16	0	NC_native_effect	roles	0	2	2	0.03591907769720635	0.08712488946033262	0.21326299968640508	0.9074074074074074
27	FOSB+PTPN12	16	0	NC_native_effect	roles	1	0	0	0.03509858722541624	0.08722381283076505	0.14593606926491218	0.9074074074074074
27	FOSB+PTPN12	16	0	NC_native_effect	roles	1	0	1	0.03509858722541624	0.08722381283076505	0.14593606926491218	0.9074074074074074
27	FOSB+PTPN12	16	0	NC_native_effect	roles	1	0	2	0.03509858722541624	0.08722381283076505	0.14593606926491218	0.9074074074074074
27	FOSB+PTPN12	16	0	NC_native_effect	roles	1	1	0	0.03509858722541624	0.08722381283076505	0.14593606926491218	0.9074074074074074
27	FOSB+PTPN12	16	0	NC_native_effect	roles	1	1	1	0.03509858722541624	0.08722381283076505	0.14593606926491218	0.9074074074074074
27	FOSB+PTPN12	16	0	NC_native_effect	roles	1	1	2	0.03509858722541624	0.08722381283076505	0.14593606926491218	0.9074074074074074
27	FOSB+PTPN12	16	0	NC_native_effect	roles	1	2	0	0.03509858722541624	0.08722381283076505	0.14593606926491218	0.9074074074074074
27	FOSB+PTPN12	16	0	NC_native_effect	roles	1	2	1	0.03509858722541624	0.08722381283076505	0.14593606926491218	0.9074074074074074
27	FOSB+PTPN12	16	0	NC_native_effect	roles	1	2	2	0.03509858722541624	0.08722381283076505	0.14593606926491218	0.9074074074074074
27	FOSB+PTPN12	16	0	NC_native_effect	roles	2	0	0	0.0391664597562541	0.09213972234020158	0.1987560971013112	0.9074074074074074
27	FOSB+PTPN12	16	0	NC_native_effect	roles	2	0	1	0.0391664597562541	0.09213972234020158	0.1987560971013112	0.9074074074074074
27	FOSB+PTPN12	16	0	NC_native_effect	roles	2	0	2	0.0391664597562541	0.09213972234020158	0.1987560971013112	0.9074074074074074
27	FOSB+PTPN12	16	0	NC_native_effect	roles	2	1	0	0.0391664597562541	0.09213972234020158	0.1987560971013112	0.9074074074074074
27	FOSB+PTPN12	16	0	NC_native_effect	roles	2	1	1	0.0391664597562541	0.09213972234020158	0.1987560971013112	0.9074074074074074
27	FOSB+PTPN12	16	0	NC_native_effect	roles	2	1	2	0.0391664597562541	0.09213972234020158	0.1987560971013112	0.9074074074074074
27	FOSB+PTPN12	16	0	NC_native_effect	roles	2	2	0	0.0391664597562541	0.09213972234020158	0.1987560971013112	0.9074074074074074
27	FOSB+PTPN12	16	0	NC_native_effect	roles	2	2	1	0.0391664597562541	0.09213972234020158	0.1987560971013112	0.9074074074074074
27	FOSB+PTPN12	16	0	NC_native_effect	roles	2	2	2	0.0391664597562541	0.09213972234020158	0.1987560971013112	0.9074074074074074
27	FOSB+PTPN12	16	0	NC_native_effect	direct_state	unused	unused	0	0.028053762494902167	0.07936720784784336	0.19995267431308056	0.9074074074074074
27	FOSB+PTPN12	16	0	NC_native_effect	direct_state	unused	unused	1	0.028053762494902167	0.07936720784784336	0.19995267431308056	0.9074074074074074
27	FOSB+PTPN12	16	0	NC_native_effect	direct_state	unused	unused	2	0.028053762494902167	0.07936720784784336	0.19995267431308056	0.9074074074074074
27	FOSB+PTPN12	16	0	native_effect_ridge	roles	0	0	0	0.046900289737457614	0.09518226165797022	0.24891402869291415	0.9444444444444444
27	FOSB+PTPN12	16	0	native_effect_ridge	roles	0	0	1	0.046900289737457614	0.09518226165797022	0.24891402869291415	0.9444444444444444
27	FOSB+PTPN12	16	0	native_effect_ridge	roles	0	0	2	0.046900289737457614	0.09518226165797022	0.24891402869291415	0.9444444444444444
27	FOSB+PTPN12	16	0	native_effect_ridge	roles	0	1	0	0.046900289737457614	0.09518226165797022	0.24891402869291415	0.9444444444444444
27	FOSB+PTPN12	16	0	native_effect_ridge	roles	0	1	1	0.046900289737457614	0.09518226165797022	0.24891402869291415	0.9444444444444444
27	FOSB+PTPN12	16	0	native_effect_ridge	roles	0	1	2	0.046900289737457614	0.09518226165797022	0.24891402869291415	0.9444444444444444
27	FOSB+PTPN12	16	0	native_effect_ridge	roles	0	2	0	0.046900289737457614	0.09518226165797022	0.24891402869291415	0.9444444444444444
27	FOSB+PTPN12	16	0	native_effect_ridge	roles	0	2	1	0.046900289737457614	0.09518226165797022	0.24891402869291415	0.9444444444444444
27	FOSB+PTPN12	16	0	native_effect_ridge	roles	0	2	2	0.046900289737457614	0.09518226165797022	0.24891402869291415	0.9444444444444444
27	FOSB+PTPN12	16	0	native_effect_ridge	roles	1	0	0	0.05101556629017878	0.09956761846667087	0.181591295547036	0.9259259259259259
27	FOSB+PTPN12	16	0	native_effect_ridge	roles	1	0	1	0.05101556629017878	0.09956761846667087	0.181591295547036	0.9259259259259259
27	FOSB+PTPN12	16	0	native_effect_ridge	roles	1	0	2	0.05101556629017878	0.09956761846667087	0.181591295547036	0.9259259259259259
27	FOSB+PTPN12	16	0	native_effect_ridge	roles	1	1	0	0.05101556629017878	0.09956761846667087	0.181591295547036	0.9259259259259259
27	FOSB+PTPN12	16	0	native_effect_ridge	roles	1	1	1	0.05101556629017878	0.09956761846667087	0.181591295547036	0.9259259259259259
27	FOSB+PTPN12	16	0	native_effect_ridge	roles	1	1	2	0.05101556629017878	0.09956761846667087	0.181591295547036	0.9259259259259259
27	FOSB+PTPN12	16	0	native_effect_ridge	roles	1	2	0	0.05101556629017878	0.09956761846667087	0.181591295547036	0.9259259259259259
27	FOSB+PTPN12	16	0	native_effect_ridge	roles	1	2	1	0.05101556629017878	0.09956761846667087	0.181591295547036	0.9259259259259259
27	FOSB+PTPN12	16	0	native_effect_ridge	roles	1	2	2	0.05101556629017878	0.09956761846667087	0.181591295547036	0.9259259259259259
27	FOSB+PTPN12	16	0	native_effect_ridge	roles	2	0	0	0.044335996311528104	0.09257811247069314	0.24872789233141743	0.9444444444444444
27	FOSB+PTPN12	16	0	native_effect_ridge	roles	2	0	1	0.044335996311528104	0.09257811247069314	0.24872789233141743	0.9444444444444444
27	FOSB+PTPN12	16	0	native_effect_ridge	roles	2	0	2	0.044335996311528104	0.09257811247069314	0.24872789233141743	0.9444444444444444
27	FOSB+PTPN12	16	0	native_effect_ridge	roles	2	1	0	0.044335996311528104	0.09257811247069314	0.24872789233141743	0.9444444444444444
27	FOSB+PTPN12	16	0	native_effect_ridge	roles	2	1	1	0.044335996311528104	0.09257811247069314	0.24872789233141743	0.9444444444444444
27	FOSB+PTPN12	16	0	native_effect_ridge	roles	2	1	2	0.044335996311528104	0.09257811247069314	0.24872789233141743	0.9444444444444444
27	FOSB+PTPN12	16	0	native_effect_ridge	roles	2	2	0	0.044335996311528104	0.09257811247069314	0.24872789233141743	0.9444444444444444
27	FOSB+PTPN12	16	0	native_effect_ridge	roles	2	2	1	0.044335996311528104	0.09257811247069314	0.24872789233141743	0.9444444444444444
27	FOSB+PTPN12	16	0	native_effect_ridge	roles	2	2	2	0.044335996311528104	0.09257811247069314	0.24872789233141743	0.9444444444444444
27	FOSB+PTPN12	16	0	native_effect_ridge	direct_state	unused	unused	0	0.04304311247628295	0.09177465054341008	0.22467770457224637	0.9444444444444444
27	FOSB+PTPN12	16	0	native_effect_ridge	direct_state	unused	unused	1	0.04304311247628295	0.09177465054341008	0.22467770457224637	0.9444444444444444
27	FOSB+PTPN12	16	0	native_effect_ridge	direct_state	unused	unused	2	0.04304311247628295	0.09177465054341008	0.22467770457224637	0.9444444444444444
27	FOSB+PTPN12	16	29	selected_CPA	roles	0	0	0	0.018613775153078514	0.061253604976271206	0.425498956825456	0.9629629629629629
27	FOSB+PTPN12	16	29	selected_CPA	roles	0	0	1	0.016071735754623322	0.05695435240031019	0.4431282289968015	0.9814814814814815
27	FOSB+PTPN12	16	29	selected_CPA	roles	0	0	2	0.017374153791291234	0.058875490034339284	0.461619866414735	0.9814814814814815
27	FOSB+PTPN12	16	29	selected_CPA	roles	0	1	0	0.03808105294402547	0.08655624013341319	0.2654280424295334	0.9629629629629629
27	FOSB+PTPN12	16	29	selected_CPA	roles	0	1	1	0.032101120649336894	0.07900873636548603	0.28211255233716664	0.9814814814814815
27	FOSB+PTPN12	16	29	selected_CPA	roles	0	1	2	0.034766352732668655	0.08229732032716285	0.30982003058218116	0.9814814814814815
27	FOSB+PTPN12	16	29	selected_CPA	roles	0	2	0	0.03607676267486257	0.08413001950780441	0.24991821838920433	0.9629629629629629
27	FOSB+PTPN12	16	29	selected_CPA	roles	0	2	1	0.03147010932631208	0.07843637874421663	0.2579932341777806	0.9814814814814815
27	FOSB+PTPN12	16	29	selected_CPA	roles	0	2	2	0.03211905045778033	0.07887735275497225	0.30148799821846	0.9814814814814815
27	FOSB+PTPN12	16	29	selected_CPA	roles	1	0	0	0.030022360616973442	0.0767107826595071	0.2643839934190171	0.9629629629629629
27	FOSB+PTPN12	16	29	selected_CPA	roles	1	0	1	0.03091821411475164	0.0782159493306553	0.24215982190476656	0.9814814814814815
27	FOSB+PTPN12	16	29	selected_CPA	roles	1	0	2	0.0308578181047557	0.07766798798491299	0.28916686529351177	1.0
27	FOSB+PTPN12	16	29	selected_CPA	roles	1	1	0	0.018613775153078514	0.061253604976271206	0.425498956825456	0.9629629629629629
27	FOSB+PTPN12	16	29	selected_CPA	roles	1	1	1	0.016071735754623322	0.05695435240031019	0.4431282289968015	0.9814814814814815
27	FOSB+PTPN12	16	29	selected_CPA	roles	1	1	2	0.017374153791291234	0.058875490034339284	0.461619866414735	0.9814814814814815
27	FOSB+PTPN12	16	29	selected_CPA	roles	1	2	0	0.03201335230146787	0.07919743631215324	0.24851363033415427	0.9444444444444444
27	FOSB+PTPN12	16	29	selected_CPA	roles	1	2	1	0.030844591849150782	0.07802586536048206	0.2375072963513562	0.9629629629629629
27	FOSB+PTPN12	16	29	selected_CPA	roles	1	2	2	0.03013071893395518	0.0764817853535225	0.2909061486038729	1.0
27	FOSB+PTPN12	16	29	selected_CPA	roles	2	0	0	0.03264786237647115	0.07951865587290219	0.27739601183073576	0.9814814814814815
27	FOSB+PTPN12	16	29	selected_CPA	roles	2	0	1	0.03217043692811126	0.0789455481532029	0.26441402165582606	0.9814814814814815
27	FOSB+PTPN12	16	29	selected_CPA	roles	2	0	2	0.03412633186997882	0.08129008823327281	0.296689466473288	1.0
27	FOSB+PTPN12	16	29	selected_CPA	roles	2	1	0	0.03664314433012848	0.08440988625549742	0.27747874535410094	0.9629629629629629
27	FOSB+PTPN12	16	29	selected_CPA	roles	2	1	1	0.032727825985535204	0.07932726782343376	0.28377219760118	0.9814814814814815
27	FOSB+PTPN12	16	29	selected_CPA	roles	2	1	2	0.03604653497406662	0.083525072484915	0.30677254935683673	0.9814814814814815
27	FOSB+PTPN12	16	29	selected_CPA	roles	2	2	0	0.018613775153078514	0.061253604976271206	0.425498956825456	0.9629629629629629
27	FOSB+PTPN12	16	29	selected_CPA	roles	2	2	1	0.016071735754623322	0.05695435240031019	0.4431282289968015	0.9814814814814815
27	FOSB+PTPN12	16	29	selected_CPA	roles	2	2	2	0.017374153791291234	0.058875490034339284	0.461619866414735	0.9814814814814815
27	FOSB+PTPN12	16	29	selected_CPA	direct_state	unused	unused	0	0.018613775153078514	0.061253604976271206	0.425498956825456	0.9629629629629629
27	FOSB+PTPN12	16	29	selected_CPA	direct_state	unused	unused	1	0.016071735754623322	0.05695435240031019	0.4431282289968015	0.9814814814814815
27	FOSB+PTPN12	16	29	selected_CPA	direct_state	unused	unused	2	0.017374153791291234	0.058875490034339284	0.461619866414735	0.9814814814814815
27	FOSB+PTPN12	16	29	original_CPA_fixed	roles	0	0	0	0.022328072726708434	0.06959900360414599	0.36063172183485703	0.9074074074074074
27	FOSB+PTPN12	16	29	original_CPA_fixed	roles	0	0	1	0.022328072726708434	0.06959900360414599	0.36063172183485703	0.9074074074074074
27	FOSB+PTPN12	16	29	original_CPA_fixed	roles	0	0	2	0.022328072726708434	0.06959900360414599	0.36063172183485703	0.9074074074074074
27	FOSB+PTPN12	16	29	original_CPA_fixed	roles	0	1	0	0.04132841192695186	0.09199078826607797	0.2555384290094048	0.9074074074074074
27	FOSB+PTPN12	16	29	original_CPA_fixed	roles	0	1	1	0.04132841192695186	0.09199078826607797	0.2555384290094048	0.9074074074074074
27	FOSB+PTPN12	16	29	original_CPA_fixed	roles	0	1	2	0.04132841192695186	0.09199078826607797	0.2555384290094048	0.9074074074074074
27	FOSB+PTPN12	16	29	original_CPA_fixed	roles	0	2	0	0.0397668236524293	0.09093131188498028	0.23471793926587511	0.9074074074074074
27	FOSB+PTPN12	16	29	original_CPA_fixed	roles	0	2	1	0.0397668236524293	0.09093131188498028	0.23471793926587511	0.9074074074074074
27	FOSB+PTPN12	16	29	original_CPA_fixed	roles	0	2	2	0.0397668236524293	0.09093131188498028	0.23471793926587511	0.9074074074074074
27	FOSB+PTPN12	16	29	original_CPA_fixed	roles	1	0	0	0.034203596781306904	0.08425114905242859	0.24214127443705702	0.9074074074074074
27	FOSB+PTPN12	16	29	original_CPA_fixed	roles	1	0	1	0.034203596781306904	0.08425114905242859	0.24214127443705702	0.9074074074074074
27	FOSB+PTPN12	16	29	original_CPA_fixed	roles	1	0	2	0.034203596781306904	0.08425114905242859	0.24214127443705702	0.9074074074074074
27	FOSB+PTPN12	16	29	original_CPA_fixed	roles	1	1	0	0.022328072726708434	0.06959900360414599	0.36063172183485703	0.9074074074074074
27	FOSB+PTPN12	16	29	original_CPA_fixed	roles	1	1	1	0.022328072726708434	0.06959900360414599	0.36063172183485703	0.9074074074074074
27	FOSB+PTPN12	16	29	original_CPA_fixed	roles	1	1	2	0.022328072726708434	0.06959900360414599	0.36063172183485703	0.9074074074074074
27	FOSB+PTPN12	16	29	original_CPA_fixed	roles	1	2	0	0.03617035186973815	0.08708944814084614	0.22720905441548117	0.9074074074074074
27	FOSB+PTPN12	16	29	original_CPA_fixed	roles	1	2	1	0.03617035186973815	0.08708944814084614	0.22720905441548117	0.9074074074074074
27	FOSB+PTPN12	16	29	original_CPA_fixed	roles	1	2	2	0.03617035186973815	0.08708944814084614	0.22720905441548117	0.9074074074074074
27	FOSB+PTPN12	16	29	original_CPA_fixed	roles	2	0	0	0.036386396546164254	0.08553717141275326	0.2622653441584682	0.9074074074074074
27	FOSB+PTPN12	16	29	original_CPA_fixed	roles	2	0	1	0.036386396546164254	0.08553717141275326	0.2622653441584682	0.9074074074074074
27	FOSB+PTPN12	16	29	original_CPA_fixed	roles	2	0	2	0.036386396546164254	0.08553717141275326	0.2622653441584682	0.9074074074074074
27	FOSB+PTPN12	16	29	original_CPA_fixed	roles	2	1	0	0.039914739909118056	0.08942441053095151	0.26825080529021283	0.9074074074074074
27	FOSB+PTPN12	16	29	original_CPA_fixed	roles	2	1	1	0.039914739909118056	0.08942441053095151	0.26825080529021283	0.9074074074074074
27	FOSB+PTPN12	16	29	original_CPA_fixed	roles	2	1	2	0.039914739909118056	0.08942441053095151	0.26825080529021283	0.9074074074074074
27	FOSB+PTPN12	16	29	original_CPA_fixed	roles	2	2	0	0.022328072726708434	0.06959900360414599	0.36063172183485703	0.9074074074074074
27	FOSB+PTPN12	16	29	original_CPA_fixed	roles	2	2	1	0.022328072726708434	0.06959900360414599	0.36063172183485703	0.9074074074074074
27	FOSB+PTPN12	16	29	original_CPA_fixed	roles	2	2	2	0.022328072726708434	0.06959900360414599	0.36063172183485703	0.9074074074074074
27	FOSB+PTPN12	16	29	original_CPA_fixed	direct_state	unused	unused	0	0.022328072726708434	0.06959900360414599	0.36063172183485703	0.9074074074074074
27	FOSB+PTPN12	16	29	original_CPA_fixed	direct_state	unused	unused	1	0.022328072726708434	0.06959900360414599	0.36063172183485703	0.9074074074074074
27	FOSB+PTPN12	16	29	original_CPA_fixed	direct_state	unused	unused	2	0.022328072726708434	0.06959900360414599	0.36063172183485703	0.9074074074074074
27	FOSB+PTPN12	16	29	additive	roles	0	0	0	0.019831315268877964	0.06271253099720164	0.553566026306862	0.9814814814814815
27	FOSB+PTPN12	16	29	additive	roles	0	0	1	0.019831315268877964	0.06271253099720164	0.553566026306862	0.9814814814814815
27	FOSB+PTPN12	16	29	additive	roles	0	0	2	0.019831315268877964	0.06271253099720164	0.553566026306862	0.9814814814814815
27	FOSB+PTPN12	16	29	additive	roles	0	1	0	0.031235194267705525	0.0776564848070899	0.4731499143755719	1.0
27	FOSB+PTPN12	16	29	additive	roles	0	1	1	0.031235194267705525	0.0776564848070899	0.4731499143755719	1.0
27	FOSB+PTPN12	16	29	additive	roles	0	1	2	0.031235194267705525	0.0776564848070899	0.4731499143755719	1.0
27	FOSB+PTPN12	16	29	additive	roles	0	2	0	0.03367553369171029	0.08081470705256315	0.44273876792271927	0.9814814814814815
27	FOSB+PTPN12	16	29	additive	roles	0	2	1	0.03367553369171029	0.08081470705256315	0.44273876792271927	0.9814814814814815
27	FOSB+PTPN12	16	29	additive	roles	0	2	2	0.03367553369171029	0.08081470705256315	0.44273876792271927	0.9814814814814815
27	FOSB+PTPN12	16	29	additive	roles	1	0	0	0.03930329952489229	0.08779357660242144	0.41208855096102265	0.9814814814814815
27	FOSB+PTPN12	16	29	additive	roles	1	0	1	0.03930329952489229	0.08779357660242144	0.41208855096102265	0.9814814814814815
27	FOSB+PTPN12	16	29	additive	roles	1	0	2	0.03930329952489229	0.08779357660242144	0.41208855096102265	0.9814814814814815
27	FOSB+PTPN12	16	29	additive	roles	1	1	0	0.019831315268877964	0.06271253099720164	0.553566026306862	0.9814814814814815
27	FOSB+PTPN12	16	29	additive	roles	1	1	1	0.019831315268877964	0.06271253099720164	0.553566026306862	0.9814814814814815
27	FOSB+PTPN12	16	29	additive	roles	1	1	2	0.019831315268877964	0.06271253099720164	0.553566026306862	0.9814814814814815
27	FOSB+PTPN12	16	29	additive	roles	1	2	0	0.037675522110435	0.08583531386877327	0.41259782758110924	0.9814814814814815
27	FOSB+PTPN12	16	29	additive	roles	1	2	1	0.037675522110435	0.08583531386877327	0.41259782758110924	0.9814814814814815
27	FOSB+PTPN12	16	29	additive	roles	1	2	2	0.037675522110435	0.08583531386877327	0.41259782758110924	0.9814814814814815
27	FOSB+PTPN12	16	29	additive	roles	2	0	0	0.03748417159122233	0.08503984231639186	0.43834371717428916	0.9814814814814815
27	FOSB+PTPN12	16	29	additive	roles	2	0	1	0.03748417159122233	0.08503984231639186	0.43834371717428916	0.9814814814814815
27	FOSB+PTPN12	16	29	additive	roles	2	0	2	0.03748417159122233	0.08503984231639186	0.43834371717428916	0.9814814814814815
27	FOSB+PTPN12	16	29	additive	roles	2	1	0	0.033416054752760264	0.07994545985923501	0.46888552284809804	1.0
27	FOSB+PTPN12	16	29	additive	roles	2	1	1	0.033416054752760264	0.07994545985923501	0.46888552284809804	1.0
27	FOSB+PTPN12	16	29	additive	roles	2	1	2	0.033416054752760264	0.07994545985923501	0.46888552284809804	1.0
27	FOSB+PTPN12	16	29	additive	roles	2	2	0	0.019831315268877964	0.06271253099720164	0.553566026306862	0.9814814814814815
27	FOSB+PTPN12	16	29	additive	roles	2	2	1	0.019831315268877964	0.06271253099720164	0.553566026306862	0.9814814814814815
27	FOSB+PTPN12	16	29	additive	roles	2	2	2	0.019831315268877964	0.06271253099720164	0.553566026306862	0.9814814814814815
27	FOSB+PTPN12	16	29	additive	direct_state	unused	unused	0	0.019831315268877964	0.06271253099720164	0.553566026306862	0.9814814814814815
27	FOSB+PTPN12	16	29	additive	direct_state	unused	unused	1	0.019831315268877964	0.06271253099720164	0.553566026306862	0.9814814814814815
27	FOSB+PTPN12	16	29	additive	direct_state	unused	unused	2	0.019831315268877964	0.06271253099720164	0.553566026306862	0.9814814814814815
27	FOSB+PTPN12	16	29	compositional_ridge	roles	0	0	0	0.021845647426113647	0.06538312559515273	0.3703874427467108	0.9629629629629629
27	FOSB+PTPN12	16	29	compositional_ridge	roles	0	0	1	0.021845647426113647	0.06538312559515273	0.3703874427467108	0.9629629629629629
27	FOSB+PTPN12	16	29	compositional_ridge	roles	0	0	2	0.021845647426113647	0.06538312559515273	0.3703874427467108	0.9629629629629629
27	FOSB+PTPN12	16	29	compositional_ridge	roles	0	1	0	0.03278237343846517	0.07956553745925095	0.2866898542523533	0.9814814814814815
27	FOSB+PTPN12	16	29	compositional_ridge	roles	0	1	1	0.03278237343846517	0.07956553745925095	0.2866898542523533	0.9814814814814815
27	FOSB+PTPN12	16	29	compositional_ridge	roles	0	1	2	0.03278237343846517	0.07956553745925095	0.2866898542523533	0.9814814814814815
27	FOSB+PTPN12	16	29	compositional_ridge	roles	0	2	0	0.035918550892731924	0.0832413269019182	0.2518588191644137	0.9629629629629629
27	FOSB+PTPN12	16	29	compositional_ridge	roles	0	2	1	0.035918550892731924	0.0832413269019182	0.2518588191644137	0.9629629629629629
27	FOSB+PTPN12	16	29	compositional_ridge	roles	0	2	2	0.035918550892731924	0.0832413269019182	0.2518588191644137	0.9629629629629629
27	FOSB+PTPN12	16	29	compositional_ridge	roles	1	0	0	0.04178478466860401	0.08995415560769077	0.22947227842134835	0.9444444444444444
27	FOSB+PTPN12	16	29	compositional_ridge	roles	1	0	1	0.04178478466860401	0.08995415560769077	0.22947227842134835	0.9444444444444444
27	FOSB+PTPN12	16	29	compositional_ridge	roles	1	0	2	0.04178478466860401	0.08995415560769077	0.22947227842134835	0.9444444444444444
27	FOSB+PTPN12	16	29	compositional_ridge	roles	1	1	0	0.021845647426113647	0.06538312559515273	0.3703874427467108	0.9629629629629629
27	FOSB+PTPN12	16	29	compositional_ridge	roles	1	1	1	0.021845647426113647	0.06538312559515273	0.3703874427467108	0.9629629629629629
27	FOSB+PTPN12	16	29	compositional_ridge	roles	1	1	2	0.021845647426113647	0.06538312559515273	0.3703874427467108	0.9629629629629629
27	FOSB+PTPN12	16	29	compositional_ridge	roles	1	2	0	0.040385692297932665	0.08836146889500024	0.22424979965322245	0.9444444444444444
27	FOSB+PTPN12	16	29	compositional_ridge	roles	1	2	1	0.040385692297932665	0.08836146889500024	0.22424979965322245	0.9444444444444444
27	FOSB+PTPN12	16	29	compositional_ridge	roles	1	2	2	0.040385692297932665	0.08836146889500024	0.22424979965322245	0.9444444444444444
27	FOSB+PTPN12	16	29	compositional_ridge	roles	2	0	0	0.03926981870467207	0.08670557242662932	0.2598704902026652	0.9444444444444444
27	FOSB+PTPN12	16	29	compositional_ridge	roles	2	0	1	0.03926981870467207	0.08670557242662932	0.2598704902026652	0.9444444444444444
27	FOSB+PTPN12	16	29	compositional_ridge	roles	2	0	2	0.03926981870467207	0.08670557242662932	0.2598704902026652	0.9444444444444444
27	FOSB+PTPN12	16	29	compositional_ridge	roles	2	1	0	0.03473454887973397	0.08145803588846448	0.2890378373616475	0.9629629629629629
27	FOSB+PTPN12	16	29	compositional_ridge	roles	2	1	1	0.03473454887973397	0.08145803588846448	0.2890378373616475	0.9629629629629629
27	FOSB+PTPN12	16	29	compositional_ridge	roles	2	1	2	0.03473454887973397	0.08145803588846448	0.2890378373616475	0.9629629629629629
27	FOSB+PTPN12	16	29	compositional_ridge	roles	2	2	0	0.021845647426113647	0.06538312559515273	0.3703874427467108	0.9629629629629629
27	FOSB+PTPN12	16	29	compositional_ridge	roles	2	2	1	0.021845647426113647	0.06538312559515273	0.3703874427467108	0.9629629629629629
27	FOSB+PTPN12	16	29	compositional_ridge	roles	2	2	2	0.021845647426113647	0.06538312559515273	0.3703874427467108	0.9629629629629629
27	FOSB+PTPN12	16	29	compositional_ridge	direct_state	unused	unused	0	0.021845647426113647	0.06538312559515273	0.3703874427467108	0.9629629629629629
27	FOSB+PTPN12	16	29	compositional_ridge	direct_state	unused	unused	1	0.021845647426113647	0.06538312559515273	0.3703874427467108	0.9629629629629629
27	FOSB+PTPN12	16	29	compositional_ridge	direct_state	unused	unused	2	0.021845647426113647	0.06538312559515273	0.3703874427467108	0.9629629629629629
27	FOSB+PTPN12	16	29	NC_native_effect	roles	0	0	0	0.03628140978539126	0.08854671371625732	0.1817473244506319	0.9074074074074074
27	FOSB+PTPN12	16	29	NC_native_effect	roles	0	0	1	0.03628140978539126	0.08854671371625732	0.1817473244506319	0.9074074074074074
27	FOSB+PTPN12	16	29	NC_native_effect	roles	0	0	2	0.03628140978539126	0.08854671371625732	0.1817473244506319	0.9074074074074074
27	FOSB+PTPN12	16	29	NC_native_effect	roles	0	1	0	0.03628140978539126	0.08854671371625732	0.1817473244506319	0.9074074074074074
27	FOSB+PTPN12	16	29	NC_native_effect	roles	0	1	1	0.03628140978539126	0.08854671371625732	0.1817473244506319	0.9074074074074074
27	FOSB+PTPN12	16	29	NC_native_effect	roles	0	1	2	0.03628140978539126	0.08854671371625732	0.1817473244506319	0.9074074074074074
27	FOSB+PTPN12	16	29	NC_native_effect	roles	0	2	0	0.03628140978539126	0.08854671371625732	0.1817473244506319	0.9074074074074074
27	FOSB+PTPN12	16	29	NC_native_effect	roles	0	2	1	0.03628140978539126	0.08854671371625732	0.1817473244506319	0.9074074074074074
27	FOSB+PTPN12	16	29	NC_native_effect	roles	0	2	2	0.03628140978539126	0.08854671371625732	0.1817473244506319	0.9074074074074074
27	FOSB+PTPN12	16	29	NC_native_effect	roles	1	0	0	0.03230999078280762	0.08437048936764265	0.1723979514564027	0.9074074074074074
27	FOSB+PTPN12	16	29	NC_native_effect	roles	1	0	1	0.03230999078280762	0.08437048936764265	0.1723979514564027	0.9074074074074074
27	FOSB+PTPN12	16	29	NC_native_effect	roles	1	0	2	0.03230999078280762	0.08437048936764265	0.1723979514564027	0.9074074074074074
27	FOSB+PTPN12	16	29	NC_native_effect	roles	1	1	0	0.03230999078280762	0.08437048936764265	0.1723979514564027	0.9074074074074074
27	FOSB+PTPN12	16	29	NC_native_effect	roles	1	1	1	0.03230999078280762	0.08437048936764265	0.1723979514564027	0.9074074074074074
27	FOSB+PTPN12	16	29	NC_native_effect	roles	1	1	2	0.03230999078280762	0.08437048936764265	0.1723979514564027	0.9074074074074074
27	FOSB+PTPN12	16	29	NC_native_effect	roles	1	2	0	0.03230999078280762	0.08437048936764265	0.1723979514564027	0.9074074074074074
27	FOSB+PTPN12	16	29	NC_native_effect	roles	1	2	1	0.03230999078280762	0.08437048936764265	0.1723979514564027	0.9074074074074074
27	FOSB+PTPN12	16	29	NC_native_effect	roles	1	2	2	0.03230999078280762	0.08437048936764265	0.1723979514564027	0.9074074074074074
27	FOSB+PTPN12	16	29	NC_native_effect	roles	2	0	0	0.034050535212009576	0.08496728810213924	0.19906913241061228	0.9074074074074074
27	FOSB+PTPN12	16	29	NC_native_effect	roles	2	0	1	0.034050535212009576	0.08496728810213924	0.19906913241061228	0.9074074074074074
27	FOSB+PTPN12	16	29	NC_native_effect	roles	2	0	2	0.034050535212009576	0.08496728810213924	0.19906913241061228	0.9074074074074074
27	FOSB+PTPN12	16	29	NC_native_effect	roles	2	1	0	0.034050535212009576	0.08496728810213924	0.19906913241061228	0.9074074074074074
27	FOSB+PTPN12	16	29	NC_native_effect	roles	2	1	1	0.034050535212009576	0.08496728810213924	0.19906913241061228	0.9074074074074074
27	FOSB+PTPN12	16	29	NC_native_effect	roles	2	1	2	0.034050535212009576	0.08496728810213924	0.19906913241061228	0.9074074074074074
27	FOSB+PTPN12	16	29	NC_native_effect	roles	2	2	0	0.034050535212009576	0.08496728810213924	0.19906913241061228	0.9074074074074074
27	FOSB+PTPN12	16	29	NC_native_effect	roles	2	2	1	0.034050535212009576	0.08496728810213924	0.19906913241061228	0.9074074074074074
27	FOSB+PTPN12	16	29	NC_native_effect	roles	2	2	2	0.034050535212009576	0.08496728810213924	0.19906913241061228	0.9074074074074074
27	FOSB+PTPN12	16	29	NC_native_effect	direct_state	unused	unused	0	0.028053762494902167	0.07936720784784336	0.19995267431308056	0.9074074074074074
27	FOSB+PTPN12	16	29	NC_native_effect	direct_state	unused	unused	1	0.028053762494902167	0.07936720784784336	0.19995267431308056	0.9074074074074074
27	FOSB+PTPN12	16	29	NC_native_effect	direct_state	unused	unused	2	0.028053762494902167	0.07936720784784336	0.19995267431308056	0.9074074074074074
27	FOSB+PTPN12	16	29	native_effect_ridge	roles	0	0	0	0.04895200594135326	0.09747241100354138	0.21464224983084296	0.9444444444444444
27	FOSB+PTPN12	16	29	native_effect_ridge	roles	0	0	1	0.04895200594135326	0.09747241100354138	0.21464224983084296	0.9444444444444444
27	FOSB+PTPN12	16	29	native_effect_ridge	roles	0	0	2	0.04895200594135326	0.09747241100354138	0.21464224983084296	0.9444444444444444
27	FOSB+PTPN12	16	29	native_effect_ridge	roles	0	1	0	0.04895200594135326	0.09747241100354138	0.21464224983084296	0.9444444444444444
27	FOSB+PTPN12	16	29	native_effect_ridge	roles	0	1	1	0.04895200594135326	0.09747241100354138	0.21464224983084296	0.9444444444444444
27	FOSB+PTPN12	16	29	native_effect_ridge	roles	0	1	2	0.04895200594135326	0.09747241100354138	0.21464224983084296	0.9444444444444444
27	FOSB+PTPN12	16	29	native_effect_ridge	roles	0	2	0	0.04895200594135326	0.09747241100354138	0.21464224983084296	0.9444444444444444
27	FOSB+PTPN12	16	29	native_effect_ridge	roles	0	2	1	0.04895200594135326	0.09747241100354138	0.21464224983084296	0.9444444444444444
27	FOSB+PTPN12	16	29	native_effect_ridge	roles	0	2	2	0.04895200594135326	0.09747241100354138	0.21464224983084296	0.9444444444444444
27	FOSB+PTPN12	16	29	native_effect_ridge	roles	1	0	0	0.05642469011950726	0.10493626080083195	0.18700557494962258	0.9074074074074074
27	FOSB+PTPN12	16	29	native_effect_ridge	roles	1	0	1	0.05642469011950726	0.10493626080083195	0.18700557494962258	0.9074074074074074
27	FOSB+PTPN12	16	29	native_effect_ridge	roles	1	0	2	0.05642469011950726	0.10493626080083195	0.18700557494962258	0.9074074074074074
27	FOSB+PTPN12	16	29	native_effect_ridge	roles	1	1	0	0.05642469011950726	0.10493626080083195	0.18700557494962258	0.9074074074074074
27	FOSB+PTPN12	16	29	native_effect_ridge	roles	1	1	1	0.05642469011950726	0.10493626080083195	0.18700557494962258	0.9074074074074074
27	FOSB+PTPN12	16	29	native_effect_ridge	roles	1	1	2	0.05642469011950726	0.10493626080083195	0.18700557494962258	0.9074074074074074
27	FOSB+PTPN12	16	29	native_effect_ridge	roles	1	2	0	0.05642469011950726	0.10493626080083195	0.18700557494962258	0.9074074074074074
27	FOSB+PTPN12	16	29	native_effect_ridge	roles	1	2	1	0.05642469011950726	0.10493626080083195	0.18700557494962258	0.9074074074074074
27	FOSB+PTPN12	16	29	native_effect_ridge	roles	1	2	2	0.05642469011950726	0.10493626080083195	0.18700557494962258	0.9074074074074074
27	FOSB+PTPN12	16	29	native_effect_ridge	roles	2	0	0	0.051346163010878826	0.09981818433600126	0.2179021406199366	0.9444444444444444
27	FOSB+PTPN12	16	29	native_effect_ridge	roles	2	0	1	0.051346163010878826	0.09981818433600126	0.2179021406199366	0.9444444444444444
27	FOSB+PTPN12	16	29	native_effect_ridge	roles	2	0	2	0.051346163010878826	0.09981818433600126	0.2179021406199366	0.9444444444444444
27	FOSB+PTPN12	16	29	native_effect_ridge	roles	2	1	0	0.051346163010878826	0.09981818433600126	0.2179021406199366	0.9444444444444444
27	FOSB+PTPN12	16	29	native_effect_ridge	roles	2	1	1	0.051346163010878826	0.09981818433600126	0.2179021406199366	0.9444444444444444
27	FOSB+PTPN12	16	29	native_effect_ridge	roles	2	1	2	0.051346163010878826	0.09981818433600126	0.2179021406199366	0.9444444444444444
27	FOSB+PTPN12	16	29	native_effect_ridge	roles	2	2	0	0.051346163010878826	0.09981818433600126	0.2179021406199366	0.9444444444444444
27	FOSB+PTPN12	16	29	native_effect_ridge	roles	2	2	1	0.051346163010878826	0.09981818433600126	0.2179021406199366	0.9444444444444444
27	FOSB+PTPN12	16	29	native_effect_ridge	roles	2	2	2	0.051346163010878826	0.09981818433600126	0.2179021406199366	0.9444444444444444
27	FOSB+PTPN12	16	29	native_effect_ridge	direct_state	unused	unused	0	0.04304311247628295	0.09177465054341008	0.22467770457224637	0.9444444444444444
27	FOSB+PTPN12	16	29	native_effect_ridge	direct_state	unused	unused	1	0.04304311247628295	0.09177465054341008	0.22467770457224637	0.9444444444444444
27	FOSB+PTPN12	16	29	native_effect_ridge	direct_state	unused	unused	2	0.04304311247628295	0.09177465054341008	0.22467770457224637	0.9444444444444444
27	FOSB+PTPN12	32	0	selected_CPA	roles	0	0	0	0.016488225652587566	0.057306534351829516	0.47575959959084135	0.9814814814814815
27	FOSB+PTPN12	32	0	selected_CPA	roles	0	0	1	0.016955576643935502	0.05820286193922138	0.450860516581312	0.9814814814814815
27	FOSB+PTPN12	32	0	selected_CPA	roles	0	0	2	0.018195172274174182	0.06042640821679863	0.4535383976802355	0.9814814814814815
27	FOSB+PTPN12	32	0	selected_CPA	roles	0	1	0	0.023462476738877244	0.0676998957556596	0.3774395844927268	0.9814814814814815
27	FOSB+PTPN12	32	0	selected_CPA	roles	0	1	1	0.023112157673776473	0.06725350973124404	0.36304812357336697	0.9814814814814815
27	FOSB+PTPN12	32	0	selected_CPA	roles	0	1	2	0.02462313040759418	0.0695325742798612	0.37558161756052605	0.9814814814814815
27	FOSB+PTPN12	32	0	selected_CPA	roles	0	2	0	0.022567083034132757	0.06625319041517957	0.36361307555067907	1.0
27	FOSB+PTPN12	32	0	selected_CPA	roles	0	2	1	0.022541034690437393	0.06628098937009615	0.34446637384074447	1.0
27	FOSB+PTPN12	32	0	selected_CPA	roles	0	2	2	0.023092146701488937	0.06711309612210505	0.3687342634701415	0.9814814814814815
27	FOSB+PTPN12	32	0	selected_CPA	roles	1	0	0	0.023618490604463374	0.06804352564978296	0.342731061621686	0.9814814814814815
27	FOSB+PTPN12	32	0	selected_CPA	roles	1	0	1	0.024903511652260023	0.06998022016260459	0.30797890605217043	0.9814814814814815
27	FOSB+PTPN12	32	0	selected_CPA	roles	1	0	2	0.02587173017891967	0.07150553994850314	0.3292943929165798	0.9629629629629629
27	FOSB+PTPN12	32	0	selected_CPA	roles	1	1	0	0.016488225652587566	0.057306534351829516	0.47575959959084135	0.9814814814814815
27	FOSB+PTPN12	32	0	selected_CPA	roles	1	1	1	0.016955576643935502	0.05820286193922138	0.450860516581312	0.9814814814814815
27	FOSB+PTPN12	32	0	selected_CPA	roles	1	1	2	0.018195172274174182	0.06042640821679863	0.4535383976802355	0.9814814814814815
27	FOSB+PTPN12	32	0	selected_CPA	roles	1	2	0	0.022502388535333658	0.06623150154849995	0.347118396993593	1.0
27	FOSB+PTPN12	32	0	selected_CPA	roles	1	2	1	0.023294010248087003	0.06748386237992753	0.3172098102038813	0.9814814814814815
27	FOSB+PTPN12	32	0	selected_CPA	roles	1	2	2	0.023573745155559513	0.06794926900403238	0.34586936051903877	0.9814814814814815
27	FOSB+PTPN12	32	0	selected_CPA	roles	2	0	0	0.025168265650531384	0.07039576653675854	0.3514491646292084	0.9629629629629629
27	FOSB+PTPN12	32	0	selected_CPA	roles	2	0	1	0.026129015976922625	0.07182581814087716	0.3221892750641721	0.9629629629629629
27	FOSB+PTPN12	32	0	selected_CPA	roles	2	0	2	0.028057095226348444	0.07466930679016974	0.33381532990504115	0.9629629629629629
27	FOSB+PTPN12	32	0	selected_CPA	roles	2	1	0	0.024947557286146154	0.07004316530505478	0.3696100194087618	0.9814814814814815
27	FOSB+PTPN12	32	0	selected_CPA	roles	2	1	1	0.025090637556088684	0.0703253413685599	0.3496414652128	0.9629629629629629
27	FOSB+PTPN12	32	0	selected_CPA	roles	2	1	2	0.027290093909093528	0.07355390884425769	0.3568888562821053	0.9629629629629629
27	FOSB+PTPN12	32	0	selected_CPA	roles	2	2	0	0.016488225652587566	0.057306534351829516	0.47575959959084135	0.9814814814814815
27	FOSB+PTPN12	32	0	selected_CPA	roles	2	2	1	0.016955576643935502	0.05820286193922138	0.450860516581312	0.9814814814814815
27	FOSB+PTPN12	32	0	selected_CPA	roles	2	2	2	0.018195172274174182	0.06042640821679863	0.4535383976802355	0.9814814814814815
27	FOSB+PTPN12	32	0	selected_CPA	direct_state	unused	unused	0	0.016488225652587566	0.057306534351829516	0.47575959959084135	0.9814814814814815
27	FOSB+PTPN12	32	0	selected_CPA	direct_state	unused	unused	1	0.016955576643935502	0.05820286193922138	0.450860516581312	0.9814814814814815
27	FOSB+PTPN12	32	0	selected_CPA	direct_state	unused	unused	2	0.018195172274174182	0.06042640821679863	0.4535383976802355	0.9814814814814815
27	FOSB+PTPN12	32	0	original_CPA_fixed	roles	0	0	0	0.022328072726708434	0.06959900360414599	0.36063172183485703	0.9074074074074074
27	FOSB+PTPN12	32	0	original_CPA_fixed	roles	0	0	1	0.022328072726708434	0.06959900360414599	0.36063172183485703	0.9074074074074074
27	FOSB+PTPN12	32	0	original_CPA_fixed	roles	0	0	2	0.022328072726708434	0.06959900360414599	0.36063172183485703	0.9074074074074074
27	FOSB+PTPN12	32	0	original_CPA_fixed	roles	0	1	0	0.02932427373379489	0.07818925776216533	0.3129686975979597	0.9074074074074074
27	FOSB+PTPN12	32	0	original_CPA_fixed	roles	0	1	1	0.02932427373379489	0.07818925776216533	0.3129686975979597	0.9074074074074074
27	FOSB+PTPN12	32	0	original_CPA_fixed	roles	0	1	2	0.02932427373379489	0.07818925776216533	0.3129686975979597	0.9074074074074074
27	FOSB+PTPN12	32	0	original_CPA_fixed	roles	0	2	0	0.027548635356569342	0.0754674509165147	0.303881752029256	0.9074074074074074
27	FOSB+PTPN12	32	0	original_CPA_fixed	roles	0	2	1	0.027548635356569342	0.0754674509165147	0.303881752029256	0.9074074074074074
27	FOSB+PTPN12	32	0	original_CPA_fixed	roles	0	2	2	0.027548635356569342	0.0754674509165147	0.303881752029256	0.9074074074074074
27	FOSB+PTPN12	32	0	original_CPA_fixed	roles	1	0	0	0.02943638775778748	0.07886445387705757	0.2752580651758361	0.9074074074074074
27	FOSB+PTPN12	32	0	original_CPA_fixed	roles	1	0	1	0.02943638775778748	0.07886445387705757	0.2752580651758361	0.9074074074074074
27	FOSB+PTPN12	32	0	original_CPA_fixed	roles	1	0	2	0.02943638775778748	0.07886445387705757	0.2752580651758361	0.9074074074074074
27	FOSB+PTPN12	32	0	original_CPA_fixed	roles	1	1	0	0.022328072726708434	0.06959900360414599	0.36063172183485703	0.9074074074074074
27	FOSB+PTPN12	32	0	original_CPA_fixed	roles	1	1	1	0.022328072726708434	0.06959900360414599	0.36063172183485703	0.9074074074074074
27	FOSB+PTPN12	32	0	original_CPA_fixed	roles	1	1	2	0.022328072726708434	0.06959900360414599	0.36063172183485703	0.9074074074074074
27	FOSB+PTPN12	32	0	original_CPA_fixed	roles	1	2	0	0.02746199093697347	0.07564496668131213	0.28531197348391824	0.9074074074074074
27	FOSB+PTPN12	32	0	original_CPA_fixed	roles	1	2	1	0.02746199093697347	0.07564496668131213	0.28531197348391824	0.9074074074074074
27	FOSB+PTPN12	32	0	original_CPA_fixed	roles	1	2	2	0.02746199093697347	0.07564496668131213	0.28531197348391824	0.9074074074074074
27	FOSB+PTPN12	32	0	original_CPA_fixed	roles	2	0	0	0.031866407476336546	0.08227805226909739	0.28237091891280613	0.9074074074074074
27	FOSB+PTPN12	32	0	original_CPA_fixed	roles	2	0	1	0.031866407476336546	0.08227805226909739	0.28237091891280613	0.9074074074074074
27	FOSB+PTPN12	32	0	original_CPA_fixed	roles	2	0	2	0.031866407476336546	0.08227805226909739	0.28237091891280613	0.9074074074074074
27	FOSB+PTPN12	32	0	original_CPA_fixed	roles	2	1	0	0.03166764903274808	0.08179523620387913	0.3013195881086301	0.9074074074074074
27	FOSB+PTPN12	32	0	original_CPA_fixed	roles	2	1	1	0.03166764903274808	0.08179523620387913	0.3013195881086301	0.9074074074074074
27	FOSB+PTPN12	32	0	original_CPA_fixed	roles	2	1	2	0.03166764903274808	0.08179523620387913	0.3013195881086301	0.9074074074074074
27	FOSB+PTPN12	32	0	original_CPA_fixed	roles	2	2	0	0.022328072726708434	0.06959900360414599	0.36063172183485703	0.9074074074074074
27	FOSB+PTPN12	32	0	original_CPA_fixed	roles	2	2	1	0.022328072726708434	0.06959900360414599	0.36063172183485703	0.9074074074074074
27	FOSB+PTPN12	32	0	original_CPA_fixed	roles	2	2	2	0.022328072726708434	0.06959900360414599	0.36063172183485703	0.9074074074074074
27	FOSB+PTPN12	32	0	original_CPA_fixed	direct_state	unused	unused	0	0.022328072726708434	0.06959900360414599	0.36063172183485703	0.9074074074074074
27	FOSB+PTPN12	32	0	original_CPA_fixed	direct_state	unused	unused	1	0.022328072726708434	0.06959900360414599	0.36063172183485703	0.9074074074074074
27	FOSB+PTPN12	32	0	original_CPA_fixed	direct_state	unused	unused	2	0.022328072726708434	0.06959900360414599	0.36063172183485703	0.9074074074074074
27	FOSB+PTPN12	32	0	additive	roles	0	0	0	0.019831315268877964	0.06271253099720164	0.553566026306862	0.9814814814814815
27	FOSB+PTPN12	32	0	additive	roles	0	0	1	0.019831315268877964	0.06271253099720164	0.553566026306862	0.9814814814814815
27	FOSB+PTPN12	32	0	additive	roles	0	0	2	0.019831315268877964	0.06271253099720164	0.553566026306862	0.9814814814814815
27	FOSB+PTPN12	32	0	additive	roles	0	1	0	0.026374639499548564	0.07188778119455366	0.511119091376727	0.9814814814814815
27	FOSB+PTPN12	32	0	additive	roles	0	1	1	0.026374639499548564	0.07188778119455366	0.511119091376727	0.9814814814814815
27	FOSB+PTPN12	32	0	additive	roles	0	1	2	0.026374639499548564	0.07188778119455366	0.511119091376727	0.9814814814814815
27	FOSB+PTPN12	32	0	additive	roles	0	2	0	0.026741300439569186	0.07238206965077684	0.497262315292393	0.9814814814814815
27	FOSB+PTPN12	32	0	additive	roles	0	2	1	0.026741300439569186	0.07238206965077684	0.497262315292393	0.9814814814814815
27	FOSB+PTPN12	32	0	additive	roles	0	2	2	0.026741300439569186	0.07238206965077684	0.497262315292393	0.9814814814814815
27	FOSB+PTPN12	32	0	additive	roles	1	0	0	0.02739250707637286	0.07309575577568747	0.4747127060257505	0.9814814814814815
27	FOSB+PTPN12	32	0	additive	roles	1	0	1	0.02739250707637286	0.07309575577568747	0.4747127060257505	0.9814814814814815
27	FOSB+PTPN12	32	0	additive	roles	1	0	2	0.02739250707637286	0.07309575577568747	0.4747127060257505	0.9814814814814815
27	FOSB+PTPN12	32	0	additive	roles	1	1	0	0.019831315268877964	0.06271253099720164	0.553566026306862	0.9814814814814815
27	FOSB+PTPN12	32	0	additive	roles	1	1	1	0.019831315268877964	0.06271253099720164	0.553566026306862	0.9814814814814815
27	FOSB+PTPN12	32	0	additive	roles	1	1	2	0.019831315268877964	0.06271253099720164	0.553566026306862	0.9814814814814815
27	FOSB+PTPN12	32	0	additive	roles	1	2	0	0.02710753279638917	0.07280478026213345	0.4795851490663595	0.9814814814814815
27	FOSB+PTPN12	32	0	additive	roles	1	2	1	0.02710753279638917	0.07280478026213345	0.4795851490663595	0.9814814814814815
27	FOSB+PTPN12	32	0	additive	roles	1	2	2	0.02710753279638917	0.07280478026213345	0.4795851490663595	0.9814814814814815
27	FOSB+PTPN12	32	0	additive	roles	2	0	0	0.02768022747767576	0.07350871042858163	0.4848586945864992	0.9814814814814815
27	FOSB+PTPN12	32	0	additive	roles	2	0	1	0.02768022747767576	0.07350871042858163	0.4848586945864992	0.9814814814814815
27	FOSB+PTPN12	32	0	additive	roles	2	0	2	0.02768022747767576	0.07350871042858163	0.4848586945864992	0.9814814814814815
27	FOSB+PTPN12	32	0	additive	roles	2	1	0	0.02702859225767144	0.07273077824152417	0.5034747945307394	0.9814814814814815
27	FOSB+PTPN12	32	0	additive	roles	2	1	1	0.02702859225767144	0.07273077824152417	0.5034747945307394	0.9814814814814815
27	FOSB+PTPN12	32	0	additive	roles	2	1	2	0.02702859225767144	0.07273077824152417	0.5034747945307394	0.9814814814814815
27	FOSB+PTPN12	32	0	additive	roles	2	2	0	0.019831315268877964	0.06271253099720164	0.553566026306862	0.9814814814814815
27	FOSB+PTPN12	32	0	additive	roles	2	2	1	0.019831315268877964	0.06271253099720164	0.553566026306862	0.9814814814814815
27	FOSB+PTPN12	32	0	additive	roles	2	2	2	0.019831315268877964	0.06271253099720164	0.553566026306862	0.9814814814814815
27	FOSB+PTPN12	32	0	additive	direct_state	unused	unused	0	0.019831315268877964	0.06271253099720164	0.553566026306862	0.9814814814814815
27	FOSB+PTPN12	32	0	additive	direct_state	unused	unused	1	0.019831315268877964	0.06271253099720164	0.553566026306862	0.9814814814814815
27	FOSB+PTPN12	32	0	additive	direct_state	unused	unused	2	0.019831315268877964	0.06271253099720164	0.553566026306862	0.9814814814814815
27	FOSB+PTPN12	32	0	compositional_ridge	roles	0	0	0	0.021845647426113647	0.06538312559515273	0.3703874427467108	0.9629629629629629
27	FOSB+PTPN12	32	0	compositional_ridge	roles	0	0	1	0.021845647426113647	0.06538312559515273	0.3703874427467108	0.9629629629629629
27	FOSB+PTPN12	32	0	compositional_ridge	roles	0	0	2	0.021845647426113647	0.06538312559515273	0.3703874427467108	0.9629629629629629
27	FOSB+PTPN12	32	0	compositional_ridge	roles	0	1	0	0.028475466983952338	0.07431606843525881	0.3275055098834714	0.9629629629629629
27	FOSB+PTPN12	32	0	compositional_ridge	roles	0	1	1	0.028475466983952338	0.07431606843525881	0.3275055098834714	0.9629629629629629
27	FOSB+PTPN12	32	0	compositional_ridge	roles	0	1	2	0.028475466983952338	0.07431606843525881	0.3275055098834714	0.9629629629629629
27	FOSB+PTPN12	32	0	compositional_ridge	roles	0	2	0	0.030178693283620966	0.07656115857980449	0.3002027301191966	0.9444444444444444
27	FOSB+PTPN12	32	0	compositional_ridge	roles	0	2	1	0.030178693283620966	0.07656115857980449	0.3002027301191966	0.9444444444444444
27	FOSB+PTPN12	32	0	compositional_ridge	roles	0	2	2	0.030178693283620966	0.07656115857980449	0.3002027301191966	0.9444444444444444
27	FOSB+PTPN12	32	0	compositional_ridge	roles	1	0	0	0.029320343906440453	0.07531366215271955	0.27857373615275793	0.9629629629629629
27	FOSB+PTPN12	32	0	compositional_ridge	roles	1	0	1	0.029320343906440453	0.07531366215271955	0.27857373615275793	0.9629629629629629
27	FOSB+PTPN12	32	0	compositional_ridge	roles	1	0	2	0.029320343906440453	0.07531366215271955	0.27857373615275793	0.9629629629629629
27	FOSB+PTPN12	32	0	compositional_ridge	roles	1	1	0	0.021845647426113647	0.06538312559515273	0.3703874427467108	0.9629629629629629
27	FOSB+PTPN12	32	0	compositional_ridge	roles	1	1	1	0.021845647426113647	0.06538312559515273	0.3703874427467108	0.9629629629629629
27	FOSB+PTPN12	32	0	compositional_ridge	roles	1	1	2	0.021845647426113647	0.06538312559515273	0.3703874427467108	0.9629629629629629
27	FOSB+PTPN12	32	0	compositional_ridge	roles	1	2	0	0.030458430313272864	0.07687684730195488	0.27641228767738785	0.9444444444444444
27	FOSB+PTPN12	32	0	compositional_ridge	roles	1	2	1	0.030458430313272864	0.07687684730195488	0.27641228767738785	0.9444444444444444
27	FOSB+PTPN12	32	0	compositional_ridge	roles	1	2	2	0.030458430313272864	0.07687684730195488	0.27641228767738785	0.9444444444444444
27	FOSB+PTPN12	32	0	compositional_ridge	roles	2	0	0	0.02827149894809534	0.07392744179094857	0.30218159730974115	0.9629629629629629
27	FOSB+PTPN12	32	0	compositional_ridge	roles	2	0	1	0.02827149894809534	0.07392744179094857	0.30218159730974115	0.9629629629629629
27	FOSB+PTPN12	32	0	compositional_ridge	roles	2	0	2	0.02827149894809534	0.07392744179094857	0.30218159730974115	0.9629629629629629
27	FOSB+PTPN12	32	0	compositional_ridge	roles	2	1	0	0.02770635905525912	0.07324230757274305	0.32716031685127683	0.9814814814814815
27	FOSB+PTPN12	32	0	compositional_ridge	roles	2	1	1	0.02770635905525912	0.07324230757274305	0.32716031685127683	0.9814814814814815
27	FOSB+PTPN12	32	0	compositional_ridge	roles	2	1	2	0.02770635905525912	0.07324230757274305	0.32716031685127683	0.9814814814814815
27	FOSB+PTPN12	32	0	compositional_ridge	roles	2	2	0	0.021845647426113647	0.06538312559515273	0.3703874427467108	0.9629629629629629
27	FOSB+PTPN12	32	0	compositional_ridge	roles	2	2	1	0.021845647426113647	0.06538312559515273	0.3703874427467108	0.9629629629629629
27	FOSB+PTPN12	32	0	compositional_ridge	roles	2	2	2	0.021845647426113647	0.06538312559515273	0.3703874427467108	0.9629629629629629
27	FOSB+PTPN12	32	0	compositional_ridge	direct_state	unused	unused	0	0.021845647426113647	0.06538312559515273	0.3703874427467108	0.9629629629629629
27	FOSB+PTPN12	32	0	compositional_ridge	direct_state	unused	unused	1	0.021845647426113647	0.06538312559515273	0.3703874427467108	0.9629629629629629
27	FOSB+PTPN12	32	0	compositional_ridge	direct_state	unused	unused	2	0.021845647426113647	0.06538312559515273	0.3703874427467108	0.9629629629629629
27	FOSB+PTPN12	32	0	NC_native_effect	roles	0	0	0	0.030137317608920546	0.08106200639234747	0.21439851171665864	0.9074074074074074
27	FOSB+PTPN12	32	0	NC_native_effect	roles	0	0	1	0.030137317608920546	0.08106200639234747	0.21439851171665864	0.9074074074074074
27	FOSB+PTPN12	32	0	NC_native_effect	roles	0	0	2	0.030137317608920546	0.08106200639234747	0.21439851171665864	0.9074074074074074
27	FOSB+PTPN12	32	0	NC_native_effect	roles	0	1	0	0.030137317608920546	0.08106200639234747	0.21439851171665864	0.9074074074074074
27	FOSB+PTPN12	32	0	NC_native_effect	roles	0	1	1	0.030137317608920546	0.08106200639234747	0.21439851171665864	0.9074074074074074
27	FOSB+PTPN12	32	0	NC_native_effect	roles	0	1	2	0.030137317608920546	0.08106200639234747	0.21439851171665864	0.9074074074074074
27	FOSB+PTPN12	32	0	NC_native_effect	roles	0	2	0	0.030137317608920546	0.08106200639234747	0.21439851171665864	0.9074074074074074
27	FOSB+PTPN12	32	0	NC_native_effect	roles	0	2	1	0.030137317608920546	0.08106200639234747	0.21439851171665864	0.9074074074074074
27	FOSB+PTPN12	32	0	NC_native_effect	roles	0	2	2	0.030137317608920546	0.08106200639234747	0.21439851171665864	0.9074074074074074
27	FOSB+PTPN12	32	0	NC_native_effect	roles	1	0	0	0.030400481657383453	0.0817151112758156	0.19113356324424394	0.9074074074074074
27	FOSB+PTPN12	32	0	NC_native_effect	roles	1	0	1	0.030400481657383453	0.0817151112758156	0.19113356324424394	0.9074074074074074
27	FOSB+PTPN12	32	0	NC_native_effect	roles	1	0	2	0.030400481657383453	0.0817151112758156	0.19113356324424394	0.9074074074074074
27	FOSB+PTPN12	32	0	NC_native_effect	roles	1	1	0	0.030400481657383453	0.0817151112758156	0.19113356324424394	0.9074074074074074
27	FOSB+PTPN12	32	0	NC_native_effect	roles	1	1	1	0.030400481657383453	0.0817151112758156	0.19113356324424394	0.9074074074074074
27	FOSB+PTPN12	32	0	NC_native_effect	roles	1	1	2	0.030400481657383453	0.0817151112758156	0.19113356324424394	0.9074074074074074
27	FOSB+PTPN12	32	0	NC_native_effect	roles	1	2	0	0.030400481657383453	0.0817151112758156	0.19113356324424394	0.9074074074074074
27	FOSB+PTPN12	32	0	NC_native_effect	roles	1	2	1	0.030400481657383453	0.0817151112758156	0.19113356324424394	0.9074074074074074
27	FOSB+PTPN12	32	0	NC_native_effect	roles	1	2	2	0.030400481657383453	0.0817151112758156	0.19113356324424394	0.9074074074074074
27	FOSB+PTPN12	32	0	NC_native_effect	roles	2	0	0	0.03296864173007109	0.08529670611853764	0.20271880436411202	0.9074074074074074
27	FOSB+PTPN12	32	0	NC_native_effect	roles	2	0	1	0.03296864173007109	0.08529670611853764	0.20271880436411202	0.9074074074074074
27	FOSB+PTPN12	32	0	NC_native_effect	roles	2	0	2	0.03296864173007109	0.08529670611853764	0.20271880436411202	0.9074074074074074
27	FOSB+PTPN12	32	0	NC_native_effect	roles	2	1	0	0.03296864173007109	0.08529670611853764	0.20271880436411202	0.9074074074074074
27	FOSB+PTPN12	32	0	NC_native_effect	roles	2	1	1	0.03296864173007109	0.08529670611853764	0.20271880436411202	0.9074074074074074
27	FOSB+PTPN12	32	0	NC_native_effect	roles	2	1	2	0.03296864173007109	0.08529670611853764	0.20271880436411202	0.9074074074074074
27	FOSB+PTPN12	32	0	NC_native_effect	roles	2	2	0	0.03296864173007109	0.08529670611853764	0.20271880436411202	0.9074074074074074
27	FOSB+PTPN12	32	0	NC_native_effect	roles	2	2	1	0.03296864173007109	0.08529670611853764	0.20271880436411202	0.9074074074074074
27	FOSB+PTPN12	32	0	NC_native_effect	roles	2	2	2	0.03296864173007109	0.08529670611853764	0.20271880436411202	0.9074074074074074
27	FOSB+PTPN12	32	0	NC_native_effect	direct_state	unused	unused	0	0.028053762494902167	0.07936720784784336	0.19995267431308056	0.9074074074074074
27	FOSB+PTPN12	32	0	NC_native_effect	direct_state	unused	unused	1	0.028053762494902167	0.07936720784784336	0.19995267431308056	0.9074074074074074
27	FOSB+PTPN12	32	0	NC_native_effect	direct_state	unused	unused	2	0.028053762494902167	0.07936720784784336	0.19995267431308056	0.9074074074074074
27	FOSB+PTPN12	32	0	native_effect_ridge	roles	0	0	0	0.04614365010502733	0.09484846669746977	0.23614941238093864	0.9444444444444444
27	FOSB+PTPN12	32	0	native_effect_ridge	roles	0	0	1	0.04614365010502733	0.09484846669746977	0.23614941238093864	0.9444444444444444
27	FOSB+PTPN12	32	0	native_effect_ridge	roles	0	0	2	0.04614365010502733	0.09484846669746977	0.23614941238093864	0.9444444444444444
27	FOSB+PTPN12	32	0	native_effect_ridge	roles	0	1	0	0.04614365010502733	0.09484846669746977	0.23614941238093864	0.9444444444444444
27	FOSB+PTPN12	32	0	native_effect_ridge	roles	0	1	1	0.04614365010502733	0.09484846669746977	0.23614941238093864	0.9444444444444444
27	FOSB+PTPN12	32	0	native_effect_ridge	roles	0	1	2	0.04614365010502733	0.09484846669746977	0.23614941238093864	0.9444444444444444
27	FOSB+PTPN12	32	0	native_effect_ridge	roles	0	2	0	0.04614365010502733	0.09484846669746977	0.23614941238093864	0.9444444444444444
27	FOSB+PTPN12	32	0	native_effect_ridge	roles	0	2	1	0.04614365010502733	0.09484846669746977	0.23614941238093864	0.9444444444444444
27	FOSB+PTPN12	32	0	native_effect_ridge	roles	0	2	2	0.04614365010502733	0.09484846669746977	0.23614941238093864	0.9444444444444444
27	FOSB+PTPN12	32	0	native_effect_ridge	roles	1	0	0	0.0466553686785183	0.09529725874989108	0.21538710287873636	0.9444444444444444
27	FOSB+PTPN12	32	0	native_effect_ridge	roles	1	0	1	0.0466553686785183	0.09529725874989108	0.21538710287873636	0.9444444444444444
27	FOSB+PTPN12	32	0	native_effect_ridge	roles	1	0	2	0.0466553686785183	0.09529725874989108	0.21538710287873636	0.9444444444444444
27	FOSB+PTPN12	32	0	native_effect_ridge	roles	1	1	0	0.0466553686785183	0.09529725874989108	0.21538710287873636	0.9444444444444444
27	FOSB+PTPN12	32	0	native_effect_ridge	roles	1	1	1	0.0466553686785183	0.09529725874989108	0.21538710287873636	0.9444444444444444
27	FOSB+PTPN12	32	0	native_effect_ridge	roles	1	1	2	0.0466553686785183	0.09529725874989108	0.21538710287873636	0.9444444444444444
27	FOSB+PTPN12	32	0	native_effect_ridge	roles	1	2	0	0.0466553686785183	0.09529725874989108	0.21538710287873636	0.9444444444444444
27	FOSB+PTPN12	32	0	native_effect_ridge	roles	1	2	1	0.0466553686785183	0.09529725874989108	0.21538710287873636	0.9444444444444444
27	FOSB+PTPN12	32	0	native_effect_ridge	roles	1	2	2	0.0466553686785183	0.09529725874989108	0.21538710287873636	0.9444444444444444
27	FOSB+PTPN12	32	0	native_effect_ridge	roles	2	0	0	0.0445709366948732	0.0930342120247872	0.2375768400633599	0.9444444444444444
27	FOSB+PTPN12	32	0	native_effect_ridge	roles	2	0	1	0.0445709366948732	0.0930342120247872	0.2375768400633599	0.9444444444444444
27	FOSB+PTPN12	32	0	native_effect_ridge	roles	2	0	2	0.0445709366948732	0.0930342120247872	0.2375768400633599	0.9444444444444444
27	FOSB+PTPN12	32	0	native_effect_ridge	roles	2	1	0	0.0445709366948732	0.0930342120247872	0.2375768400633599	0.9444444444444444
27	FOSB+PTPN12	32	0	native_effect_ridge	roles	2	1	1	0.0445709366948732	0.0930342120247872	0.2375768400633599	0.9444444444444444
27	FOSB+PTPN12	32	0	native_effect_ridge	roles	2	1	2	0.0445709366948732	0.0930342120247872	0.2375768400633599	0.9444444444444444
27	FOSB+PTPN12	32	0	native_effect_ridge	roles	2	2	0	0.0445709366948732	0.0930342120247872	0.2375768400633599	0.9444444444444444
27	FOSB+PTPN12	32	0	native_effect_ridge	roles	2	2	1	0.0445709366948732	0.0930342120247872	0.2375768400633599	0.9444444444444444
27	FOSB+PTPN12	32	0	native_effect_ridge	roles	2	2	2	0.0445709366948732	0.0930342120247872	0.2375768400633599	0.9444444444444444
27	FOSB+PTPN12	32	0	native_effect_ridge	direct_state	unused	unused	0	0.04304311247628295	0.09177465054341008	0.22467770457224637	0.9444444444444444
27	FOSB+PTPN12	32	0	native_effect_ridge	direct_state	unused	unused	1	0.04304311247628295	0.09177465054341008	0.22467770457224637	0.9444444444444444
27	FOSB+PTPN12	32	0	native_effect_ridge	direct_state	unused	unused	2	0.04304311247628295	0.09177465054341008	0.22467770457224637	0.9444444444444444
27	FOSB+PTPN12	32	29	selected_CPA	roles	0	0	0	0.019311541369108648	0.06237128416850972	0.3869104645957299	0.9629629629629629
27	FOSB+PTPN12	32	29	selected_CPA	roles	0	0	1	0.016618759579377772	0.057668168202508654	0.46002848275148134	0.9814814814814815
27	FOSB+PTPN12	32	29	selected_CPA	roles	0	0	2	0.018237216942634773	0.060576032481082044	0.4417967506294546	0.9814814814814815
27	FOSB+PTPN12	32	29	selected_CPA	roles	0	1	0	0.030241521067983654	0.07781890233635985	0.24188911057919987	0.9629629629629629
27	FOSB+PTPN12	32	29	selected_CPA	roles	0	1	1	0.0252061318621928	0.07064122298115487	0.3069397762436132	0.9629629629629629
27	FOSB+PTPN12	32	29	selected_CPA	roles	0	1	2	0.028290101325560472	0.0751201190425963	0.303539610001993	0.9629629629629629
27	FOSB+PTPN12	32	29	selected_CPA	roles	0	2	0	0.027188339489385663	0.0733300674782138	0.2605943637691036	0.9629629629629629
27	FOSB+PTPN12	32	29	selected_CPA	roles	0	2	1	0.02360111698869452	0.06802657110904335	0.3197759200873981	0.9629629629629629
27	FOSB+PTPN12	32	29	selected_CPA	roles	0	2	2	0.025218821518638062	0.07045412215822082	0.3276794034864686	0.9629629629629629
27	FOSB+PTPN12	32	29	selected_CPA	roles	1	0	0	0.0240379251983966	0.0685702425811901	0.33185178444366975	0.9444444444444444
27	FOSB+PTPN12	32	29	selected_CPA	roles	1	0	1	0.0236877508247257	0.06810549474318209	0.3525298432739421	0.9814814814814815
27	FOSB+PTPN12	32	29	selected_CPA	roles	1	0	2	0.023840696087872027	0.0683606954919679	0.37509780994801506	0.9814814814814815
27	FOSB+PTPN12	32	29	selected_CPA	roles	1	1	0	0.019311541369108648	0.06237128416850972	0.3869104645957299	0.9629629629629629
27	FOSB+PTPN12	32	29	selected_CPA	roles	1	1	1	0.016618759579377772	0.057668168202508654	0.46002848275148134	0.9814814814814815
27	FOSB+PTPN12	32	29	selected_CPA	roles	1	1	2	0.018237216942634773	0.060576032481082044	0.4417967506294546	0.9814814814814815
27	FOSB+PTPN12	32	29	selected_CPA	roles	1	2	0	0.02442256243157147	0.06905610602157913	0.306882494142113	0.9629629629629629
27	FOSB+PTPN12	32	29	selected_CPA	roles	1	2	1	0.023177947346940307	0.0672316969213512	0.33949524577279966	0.9814814814814815
27	FOSB+PTPN12	32	29	selected_CPA	roles	1	2	2	0.023330139776773173	0.06743336125221606	0.3638249271195921	0.9814814814814815
27	FOSB+PTPN12	32	29	selected_CPA	roles	2	0	0	0.026001592583105058	0.07168725304031201	0.3159021684498698	0.9629629629629629
27	FOSB+PTPN12	32	29	selected_CPA	roles	2	0	1	0.024203251504334437	0.06899005535567472	0.352767709262295	0.9629629629629629
27	FOSB+PTPN12	32	29	selected_CPA	roles	2	0	2	0.025822461700904895	0.07149220209491274	0.3593360880473756	0.9814814814814815
27	FOSB+PTPN12	32	29	selected_CPA	roles	2	1	0	0.029439411394877914	0.07670992519982382	0.27042719559285233	0.9629629629629629
27	FOSB+PTPN12	32	29	selected_CPA	roles	2	1	1	0.025298462900047326	0.07073852134522883	0.3271497907608291	0.9814814814814815
27	FOSB+PTPN12	32	29	selected_CPA	roles	2	1	2	0.02838318519672845	0.07526258989627249	0.32282919145974864	0.9814814814814815
27	FOSB+PTPN12	32	29	selected_CPA	roles	2	2	0	0.019311541369108648	0.06237128416850972	0.3869104645957299	0.9629629629629629
27	FOSB+PTPN12	32	29	selected_CPA	roles	2	2	1	0.016618759579377772	0.057668168202508654	0.46002848275148134	0.9814814814814815
27	FOSB+PTPN12	32	29	selected_CPA	roles	2	2	2	0.018237216942634773	0.060576032481082044	0.4417967506294546	0.9814814814814815
27	FOSB+PTPN12	32	29	selected_CPA	direct_state	unused	unused	0	0.019311541369108648	0.06237128416850972	0.3869104645957299	0.9629629629629629
27	FOSB+PTPN12	32	29	selected_CPA	direct_state	unused	unused	1	0.016618759579377772	0.057668168202508654	0.46002848275148134	0.9814814814814815
27	FOSB+PTPN12	32	29	selected_CPA	direct_state	unused	unused	2	0.018237216942634773	0.060576032481082044	0.4417967506294546	0.9814814814814815
27	FOSB+PTPN12	32	29	original_CPA_fixed	roles	0	0	0	0.022328072726708434	0.06959900360414599	0.36063172183485703	0.9074074074074074
27	FOSB+PTPN12	32	29	original_CPA_fixed	roles	0	0	1	0.022328072726708434	0.06959900360414599	0.36063172183485703	0.9074074074074074
27	FOSB+PTPN12	32	29	original_CPA_fixed	roles	0	0	2	0.022328072726708434	0.06959900360414599	0.36063172183485703	0.9074074074074074
27	FOSB+PTPN12	32	29	original_CPA_fixed	roles	0	1	0	0.032106284084727404	0.08218127343546407	0.26090251767053463	0.9074074074074074
27	FOSB+PTPN12	32	29	original_CPA_fixed	roles	0	1	1	0.032106284084727404	0.08218127343546407	0.26090251767053463	0.9074074074074074
27	FOSB+PTPN12	32	29	original_CPA_fixed	roles	0	1	2	0.032106284084727404	0.08218127343546407	0.26090251767053463	0.9074074074074074
27	FOSB+PTPN12	32	29	original_CPA_fixed	roles	0	2	0	0.029975809800406403	0.07953169949692238	0.26795420635330297	0.9074074074074074
27	FOSB+PTPN12	32	29	original_CPA_fixed	roles	0	2	1	0.029975809800406403	0.07953169949692238	0.26795420635330297	0.9074074074074074
27	FOSB+PTPN12	32	29	original_CPA_fixed	roles	0	2	2	0.029975809800406403	0.07953169949692238	0.26795420635330297	0.9074074074074074
27	FOSB+PTPN12	32	29	original_CPA_fixed	roles	1	0	0	0.028206224896852424	0.07688684186989687	0.31721449862288564	0.9074074074074074
27	FOSB+PTPN12	32	29	original_CPA_fixed	roles	1	0	1	0.028206224896852424	0.07688684186989687	0.31721449862288564	0.9074074074074074
27	FOSB+PTPN12	32	29	original_CPA_fixed	roles	1	0	2	0.028206224896852424	0.07688684186989687	0.31721449862288564	0.9074074074074074
27	FOSB+PTPN12	32	29	original_CPA_fixed	roles	1	1	0	0.022328072726708434	0.06959900360414599	0.36063172183485703	0.9074074074074074
27	FOSB+PTPN12	32	29	original_CPA_fixed	roles	1	1	1	0.022328072726708434	0.06959900360414599	0.36063172183485703	0.9074074074074074
27	FOSB+PTPN12	32	29	original_CPA_fixed	roles	1	1	2	0.022328072726708434	0.06959900360414599	0.36063172183485703	0.9074074074074074
27	FOSB+PTPN12	32	29	original_CPA_fixed	roles	1	2	0	0.028361801083448247	0.07728261304197269	0.2948537515685603	0.9074074074074074
27	FOSB+PTPN12	32	29	original_CPA_fixed	roles	1	2	1	0.028361801083448247	0.07728261304197269	0.2948537515685603	0.9074074074074074
27	FOSB+PTPN12	32	29	original_CPA_fixed	roles	1	2	2	0.028361801083448247	0.07728261304197269	0.2948537515685603	0.9074074074074074
27	FOSB+PTPN12	32	29	original_CPA_fixed	roles	2	0	0	0.029247184987283896	0.07809454684981673	0.31671360207313787	0.9074074074074074
27	FOSB+PTPN12	32	29	original_CPA_fixed	roles	2	0	1	0.029247184987283896	0.07809454684981673	0.31671360207313787	0.9074074074074074
27	FOSB+PTPN12	32	29	original_CPA_fixed	roles	2	0	2	0.029247184987283896	0.07809454684981673	0.31671360207313787	0.9074074074074074
27	FOSB+PTPN12	32	29	original_CPA_fixed	roles	2	1	0	0.03153323545820071	0.08116800202144146	0.286625232991243	0.9074074074074074
27	FOSB+PTPN12	32	29	original_CPA_fixed	roles	2	1	1	0.03153323545820071	0.08116800202144146	0.286625232991243	0.9074074074074074
27	FOSB+PTPN12	32	29	original_CPA_fixed	roles	2	1	2	0.03153323545820071	0.08116800202144146	0.286625232991243	0.9074074074074074
27	FOSB+PTPN12	32	29	original_CPA_fixed	roles	2	2	0	0.022328072726708434	0.06959900360414599	0.36063172183485703	0.9074074074074074
27	FOSB+PTPN12	32	29	original_CPA_fixed	roles	2	2	1	0.022328072726708434	0.06959900360414599	0.36063172183485703	0.9074074074074074
27	FOSB+PTPN12	32	29	original_CPA_fixed	roles	2	2	2	0.022328072726708434	0.06959900360414599	0.36063172183485703	0.9074074074074074
27	FOSB+PTPN12	32	29	original_CPA_fixed	direct_state	unused	unused	0	0.022328072726708434	0.06959900360414599	0.36063172183485703	0.9074074074074074
27	FOSB+PTPN12	32	29	original_CPA_fixed	direct_state	unused	unused	1	0.022328072726708434	0.06959900360414599	0.36063172183485703	0.9074074074074074
27	FOSB+PTPN12	32	29	original_CPA_fixed	direct_state	unused	unused	2	0.022328072726708434	0.06959900360414599	0.36063172183485703	0.9074074074074074
27	FOSB+PTPN12	32	29	additive	roles	0	0	0	0.019831315268877964	0.06271253099720164	0.553566026306862	0.9814814814814815
27	FOSB+PTPN12	32	29	additive	roles	0	0	1	0.019831315268877964	0.06271253099720164	0.553566026306862	0.9814814814814815
27	FOSB+PTPN12	32	29	additive	roles	0	0	2	0.019831315268877964	0.06271253099720164	0.553566026306862	0.9814814814814815
27	FOSB+PTPN12	32	29	additive	roles	0	1	0	0.0252476528823154	0.06998389279279144	0.4930747923239496	1.0
27	FOSB+PTPN12	32	29	additive	roles	0	1	1	0.0252476528823154	0.06998389279279144	0.4930747923239496	1.0
27	FOSB+PTPN12	32	29	additive	roles	0	1	2	0.0252476528823154	0.06998389279279144	0.4930747923239496	1.0
27	FOSB+PTPN12	32	29	additive	roles	0	2	0	0.02660535960637538	0.07211704963279647	0.47726794859499505	0.9814814814814815
27	FOSB+PTPN12	32	29	additive	roles	0	2	1	0.02660535960637538	0.07211704963279647	0.47726794859499505	0.9814814814814815
27	FOSB+PTPN12	32	29	additive	roles	0	2	2	0.02660535960637538	0.07211704963279647	0.47726794859499505	0.9814814814814815
27	FOSB+PTPN12	32	29	additive	roles	1	0	0	0.030071341183603485	0.07710566379027038	0.48231577772551776	0.9814814814814815
27	FOSB+PTPN12	32	29	additive	roles	1	0	1	0.030071341183603485	0.07710566379027038	0.48231577772551776	0.9814814814814815
27	FOSB+PTPN12	32	29	additive	roles	1	0	2	0.030071341183603485	0.07710566379027038	0.48231577772551776	0.9814814814814815
27	FOSB+PTPN12	32	29	additive	roles	1	1	0	0.019831315268877964	0.06271253099720164	0.553566026306862	0.9814814814814815
27	FOSB+PTPN12	32	29	additive	roles	1	1	1	0.019831315268877964	0.06271253099720164	0.553566026306862	0.9814814814814815
27	FOSB+PTPN12	32	29	additive	roles	1	1	2	0.019831315268877964	0.06271253099720164	0.553566026306862	0.9814814814814815
27	FOSB+PTPN12	32	29	additive	roles	1	2	0	0.02935322463399875	0.07611200034089491	0.4699481972662703	0.9814814814814815
27	FOSB+PTPN12	32	29	additive	roles	1	2	1	0.02935322463399875	0.07611200034089491	0.4699481972662703	0.9814814814814815
27	FOSB+PTPN12	32	29	additive	roles	1	2	2	0.02935322463399875	0.07611200034089491	0.4699481972662703	0.9814814814814815
27	FOSB+PTPN12	32	29	additive	roles	2	0	0	0.02762412026565397	0.0734905511448775	0.5049388844770807	0.9814814814814815
27	FOSB+PTPN12	32	29	additive	roles	2	0	1	0.02762412026565397	0.0734905511448775	0.5049388844770807	0.9814814814814815
27	FOSB+PTPN12	32	29	additive	roles	2	0	2	0.02762412026565397	0.0734905511448775	0.5049388844770807	0.9814814814814815
27	FOSB+PTPN12	32	29	additive	roles	2	1	0	0.025548296991989267	0.07032418302138835	0.5087704183939855	1.0
27	FOSB+PTPN12	32	29	additive	roles	2	1	1	0.025548296991989267	0.07032418302138835	0.5087704183939855	1.0
27	FOSB+PTPN12	32	29	additive	roles	2	1	2	0.025548296991989267	0.07032418302138835	0.5087704183939855	1.0
27	FOSB+PTPN12	32	29	additive	roles	2	2	0	0.019831315268877964	0.06271253099720164	0.553566026306862	0.9814814814814815
27	FOSB+PTPN12	32	29	additive	roles	2	2	1	0.019831315268877964	0.06271253099720164	0.553566026306862	0.9814814814814815
27	FOSB+PTPN12	32	29	additive	roles	2	2	2	0.019831315268877964	0.06271253099720164	0.553566026306862	0.9814814814814815
27	FOSB+PTPN12	32	29	additive	direct_state	unused	unused	0	0.019831315268877964	0.06271253099720164	0.553566026306862	0.9814814814814815
27	FOSB+PTPN12	32	29	additive	direct_state	unused	unused	1	0.019831315268877964	0.06271253099720164	0.553566026306862	0.9814814814814815
27	FOSB+PTPN12	32	29	additive	direct_state	unused	unused	2	0.019831315268877964	0.06271253099720164	0.553566026306862	0.9814814814814815
27	FOSB+PTPN12	32	29	compositional_ridge	roles	0	0	0	0.021845647426113647	0.06538312559515273	0.3703874427467108	0.9629629629629629
27	FOSB+PTPN12	32	29	compositional_ridge	roles	0	0	1	0.021845647426113647	0.06538312559515273	0.3703874427467108	0.9629629629629629
27	FOSB+PTPN12	32	29	compositional_ridge	roles	0	0	2	0.021845647426113647	0.06538312559515273	0.3703874427467108	0.9629629629629629
27	FOSB+PTPN12	32	29	compositional_ridge	roles	0	1	0	0.028888754368213865	0.07472911656065585	0.28236249032513006	0.9629629629629629
27	FOSB+PTPN12	32	29	compositional_ridge	roles	0	1	1	0.028888754368213865	0.07472911656065585	0.28236249032513006	0.9629629629629629
27	FOSB+PTPN12	32	29	compositional_ridge	roles	0	1	2	0.028888754368213865	0.07472911656065585	0.28236249032513006	0.9629629629629629
27	FOSB+PTPN12	32	29	compositional_ridge	roles	0	2	0	0.029355962278960725	0.0754519774135836	0.273621717577647	0.9629629629629629
27	FOSB+PTPN12	32	29	compositional_ridge	roles	0	2	1	0.029355962278960725	0.0754519774135836	0.273621717577647	0.9629629629629629
27	FOSB+PTPN12	32	29	compositional_ridge	roles	0	2	2	0.029355962278960725	0.0754519774135836	0.273621717577647	0.9629629629629629
27	FOSB+PTPN12	32	29	compositional_ridge	roles	1	0	0	0.03045890401217639	0.07708936965670514	0.311417439168673	0.9629629629629629
27	FOSB+PTPN12	32	29	compositional_ridge	roles	1	0	1	0.03045890401217639	0.07708936965670514	0.311417439168673	0.9629629629629629
27	FOSB+PTPN12	32	29	compositional_ridge	roles	1	0	2	0.03045890401217639	0.07708936965670514	0.311417439168673	0.9629629629629629
27	FOSB+PTPN12	32	29	compositional_ridge	roles	1	1	0	0.021845647426113647	0.06538312559515273	0.3703874427467108	0.9629629629629629
27	FOSB+PTPN12	32	29	compositional_ridge	roles	1	1	1	0.021845647426113647	0.06538312559515273	0.3703874427467108	0.9629629629629629
27	FOSB+PTPN12	32	29	compositional_ridge	roles	1	1	2	0.021845647426113647	0.06538312559515273	0.3703874427467108	0.9629629629629629
27	FOSB+PTPN12	32	29	compositional_ridge	roles	1	2	0	0.030477057977921315	0.0770750582275905	0.28633953805718926	0.9629629629629629
27	FOSB+PTPN12	32	29	compositional_ridge	roles	1	2	1	0.030477057977921315	0.0770750582275905	0.28633953805718926	0.9629629629629629
27	FOSB+PTPN12	32	29	compositional_ridge	roles	1	2	2	0.030477057977921315	0.0770750582275905	0.28633953805718926	0.9629629629629629
27	FOSB+PTPN12	32	29	compositional_ridge	roles	2	0	0	0.02890218190753999	0.07478577536356922	0.3287277517387465	0.9629629629629629
27	FOSB+PTPN12	32	29	compositional_ridge	roles	2	0	1	0.02890218190753999	0.07478577536356922	0.3287277517387465	0.9629629629629629
27	FOSB+PTPN12	32	29	compositional_ridge	roles	2	0	2	0.02890218190753999	0.07478577536356922	0.3287277517387465	0.9629629629629629
27	FOSB+PTPN12	32	29	compositional_ridge	roles	2	1	0	0.02845312796253806	0.07404151436704093	0.3121396098979494	0.9814814814814815
27	FOSB+PTPN12	32	29	compositional_ridge	roles	2	1	1	0.02845312796253806	0.07404151436704093	0.3121396098979494	0.9814814814814815
27	FOSB+PTPN12	32	29	compositional_ridge	roles	2	1	2	0.02845312796253806	0.07404151436704093	0.3121396098979494	0.9814814814814815
27	FOSB+PTPN12	32	29	compositional_ridge	roles	2	2	0	0.021845647426113647	0.06538312559515273	0.3703874427467108	0.9629629629629629
27	FOSB+PTPN12	32	29	compositional_ridge	roles	2	2	1	0.021845647426113647	0.06538312559515273	0.3703874427467108	0.9629629629629629
27	FOSB+PTPN12	32	29	compositional_ridge	roles	2	2	2	0.021845647426113647	0.06538312559515273	0.3703874427467108	0.9629629629629629
27	FOSB+PTPN12	32	29	compositional_ridge	direct_state	unused	unused	0	0.021845647426113647	0.06538312559515273	0.3703874427467108	0.9629629629629629
27	FOSB+PTPN12	32	29	compositional_ridge	direct_state	unused	unused	1	0.021845647426113647	0.06538312559515273	0.3703874427467108	0.9629629629629629
27	FOSB+PTPN12	32	29	compositional_ridge	direct_state	unused	unused	2	0.021845647426113647	0.06538312559515273	0.3703874427467108	0.9629629629629629
27	FOSB+PTPN12	32	29	NC_native_effect	roles	0	0	0	0.032904660927961356	0.08511339631134134	0.166284768751452	0.9074074074074074
27	FOSB+PTPN12	32	29	NC_native_effect	roles	0	0	1	0.032904660927961356	0.08511339631134134	0.166284768751452	0.9074074074074074
27	FOSB+PTPN12	32	29	NC_native_effect	roles	0	0	2	0.032904660927961356	0.08511339631134134	0.166284768751452	0.9074074074074074
27	FOSB+PTPN12	32	29	NC_native_effect	roles	0	1	0	0.032904660927961356	0.08511339631134134	0.166284768751452	0.9074074074074074
27	FOSB+PTPN12	32	29	NC_native_effect	roles	0	1	1	0.032904660927961356	0.08511339631134134	0.166284768751452	0.9074074074074074
27	FOSB+PTPN12	32	29	NC_native_effect	roles	0	1	2	0.032904660927961356	0.08511339631134134	0.166284768751452	0.9074074074074074
27	FOSB+PTPN12	32	29	NC_native_effect	roles	0	2	0	0.032904660927961356	0.08511339631134134	0.166284768751452	0.9074074074074074
27	FOSB+PTPN12	32	29	NC_native_effect	roles	0	2	1	0.032904660927961356	0.08511339631134134	0.166284768751452	0.9074074074074074
27	FOSB+PTPN12	32	29	NC_native_effect	roles	0	2	2	0.032904660927961356	0.08511339631134134	0.166284768751452	0.9074074074074074
27	FOSB+PTPN12	32	29	NC_native_effect	roles	1	0	0	0.030896088333923453	0.08262212551438727	0.1937023663427577	0.9074074074074074
27	FOSB+PTPN12	32	29	NC_native_effect	roles	1	0	1	0.030896088333923453	0.08262212551438727	0.1937023663427577	0.9074074074074074
27	FOSB+PTPN12	32	29	NC_native_effect	roles	1	0	2	0.030896088333923453	0.08262212551438727	0.1937023663427577	0.9074074074074074
27	FOSB+PTPN12	32	29	NC_native_effect	roles	1	1	0	0.030896088333923453	0.08262212551438727	0.1937023663427577	0.9074074074074074
27	FOSB+PTPN12	32	29	NC_native_effect	roles	1	1	1	0.030896088333923453	0.08262212551438727	0.1937023663427577	0.9074074074074074
27	FOSB+PTPN12	32	29	NC_native_effect	roles	1	1	2	0.030896088333923453	0.08262212551438727	0.1937023663427577	0.9074074074074074
27	FOSB+PTPN12	32	29	NC_native_effect	roles	1	2	0	0.030896088333923453	0.08262212551438727	0.1937023663427577	0.9074074074074074
27	FOSB+PTPN12	32	29	NC_native_effect	roles	1	2	1	0.030896088333923453	0.08262212551438727	0.1937023663427577	0.9074074074074074
27	FOSB+PTPN12	32	29	NC_native_effect	roles	1	2	2	0.030896088333923453	0.08262212551438727	0.1937023663427577	0.9074074074074074
27	FOSB+PTPN12	32	29	NC_native_effect	roles	2	0	0	0.031925533319721394	0.08367530073912138	0.19658988495810872	0.9074074074074074
27	FOSB+PTPN12	32	29	NC_native_effect	roles	2	0	1	0.031925533319721394	0.08367530073912138	0.19658988495810872	0.9074074074074074
27	FOSB+PTPN12	32	29	NC_native_effect	roles	2	0	2	0.031925533319721394	0.08367530073912138	0.19658988495810872	0.9074074074074074
27	FOSB+PTPN12	32	29	NC_native_effect	roles	2	1	0	0.031925533319721394	0.08367530073912138	0.19658988495810872	0.9074074074074074
27	FOSB+PTPN12	32	29	NC_native_effect	roles	2	1	1	0.031925533319721394	0.08367530073912138	0.19658988495810872	0.9074074074074074
27	FOSB+PTPN12	32	29	NC_native_effect	roles	2	1	2	0.031925533319721394	0.08367530073912138	0.19658988495810872	0.9074074074074074
27	FOSB+PTPN12	32	29	NC_native_effect	roles	2	2	0	0.031925533319721394	0.08367530073912138	0.19658988495810872	0.9074074074074074
27	FOSB+PTPN12	32	29	NC_native_effect	roles	2	2	1	0.031925533319721394	0.08367530073912138	0.19658988495810872	0.9074074074074074
27	FOSB+PTPN12	32	29	NC_native_effect	roles	2	2	2	0.031925533319721394	0.08367530073912138	0.19658988495810872	0.9074074074074074
27	FOSB+PTPN12	32	29	NC_native_effect	direct_state	unused	unused	0	0.028053762494902167	0.07936720784784336	0.19995267431308056	0.9074074074074074
27	FOSB+PTPN12	32	29	NC_native_effect	direct_state	unused	unused	1	0.028053762494902167	0.07936720784784336	0.19995267431308056	0.9074074074074074
27	FOSB+PTPN12	32	29	NC_native_effect	direct_state	unused	unused	2	0.028053762494902167	0.07936720784784336	0.19995267431308056	0.9074074074074074
27	FOSB+PTPN12	32	29	native_effect_ridge	roles	0	0	0	0.046188654170975126	0.09477708589003213	0.20068005127341051	0.9444444444444444
27	FOSB+PTPN12	32	29	native_effect_ridge	roles	0	0	1	0.046188654170975126	0.09477708589003213	0.20068005127341051	0.9444444444444444
27	FOSB+PTPN12	32	29	native_effect_ridge	roles	0	0	2	0.046188654170975126	0.09477708589003213	0.20068005127341051	0.9444444444444444
27	FOSB+PTPN12	32	29	native_effect_ridge	roles	0	1	0	0.046188654170975126	0.09477708589003213	0.20068005127341051	0.9444444444444444
27	FOSB+PTPN12	32	29	native_effect_ridge	roles	0	1	1	0.046188654170975126	0.09477708589003213	0.20068005127341051	0.9444444444444444
27	FOSB+PTPN12	32	29	native_effect_ridge	roles	0	1	2	0.046188654170975126	0.09477708589003213	0.20068005127341051	0.9444444444444444
27	FOSB+PTPN12	32	29	native_effect_ridge	roles	0	2	0	0.046188654170975126	0.09477708589003213	0.20068005127341051	0.9444444444444444
27	FOSB+PTPN12	32	29	native_effect_ridge	roles	0	2	1	0.046188654170975126	0.09477708589003213	0.20068005127341051	0.9444444444444444
27	FOSB+PTPN12	32	29	native_effect_ridge	roles	0	2	2	0.046188654170975126	0.09477708589003213	0.20068005127341051	0.9444444444444444
27	FOSB+PTPN12	32	29	native_effect_ridge	roles	1	0	0	0.04832967688099647	0.09730150931820492	0.21143643872684367	0.9444444444444444
27	FOSB+PTPN12	32	29	native_effect_ridge	roles	1	0	1	0.04832967688099647	0.09730150931820492	0.21143643872684367	0.9444444444444444
27	FOSB+PTPN12	32	29	native_effect_ridge	roles	1	0	2	0.04832967688099647	0.09730150931820492	0.21143643872684367	0.9444444444444444
27	FOSB+PTPN12	32	29	native_effect_ridge	roles	1	1	0	0.04832967688099647	0.09730150931820492	0.21143643872684367	0.9444444444444444
27	FOSB+PTPN12	32	29	native_effect_ridge	roles	1	1	1	0.04832967688099647	0.09730150931820492	0.21143643872684367	0.9444444444444444
27	FOSB+PTPN12	32	29	native_effect_ridge	roles	1	1	2	0.04832967688099647	0.09730150931820492	0.21143643872684367	0.9444444444444444
27	FOSB+PTPN12	32	29	native_effect_ridge	roles	1	2	0	0.04832967688099647	0.09730150931820492	0.21143643872684367	0.9444444444444444
27	FOSB+PTPN12	32	29	native_effect_ridge	roles	1	2	1	0.04832967688099647	0.09730150931820492	0.21143643872684367	0.9444444444444444
27	FOSB+PTPN12	32	29	native_effect_ridge	roles	1	2	2	0.04832967688099647	0.09730150931820492	0.21143643872684367	0.9444444444444444
27	FOSB+PTPN12	32	29	native_effect_ridge	roles	2	0	0	0.04587644520686943	0.0944834805677544	0.22452167358154065	0.9444444444444444
27	FOSB+PTPN12	32	29	native_effect_ridge	roles	2	0	1	0.04587644520686943	0.0944834805677544	0.22452167358154065	0.9444444444444444
27	FOSB+PTPN12	32	29	native_effect_ridge	roles	2	0	2	0.04587644520686943	0.0944834805677544	0.22452167358154065	0.9444444444444444
27	FOSB+PTPN12	32	29	native_effect_ridge	roles	2	1	0	0.04587644520686943	0.0944834805677544	0.22452167358154065	0.9444444444444444
27	FOSB+PTPN12	32	29	native_effect_ridge	roles	2	1	1	0.04587644520686943	0.0944834805677544	0.22452167358154065	0.9444444444444444
27	FOSB+PTPN12	32	29	native_effect_ridge	roles	2	1	2	0.04587644520686943	0.0944834805677544	0.22452167358154065	0.9444444444444444
27	FOSB+PTPN12	32	29	native_effect_ridge	roles	2	2	0	0.04587644520686943	0.0944834805677544	0.22452167358154065	0.9444444444444444
27	FOSB+PTPN12	32	29	native_effect_ridge	roles	2	2	1	0.04587644520686943	0.0944834805677544	0.22452167358154065	0.9444444444444444
27	FOSB+PTPN12	32	29	native_effect_ridge	roles	2	2	2	0.04587644520686943	0.0944834805677544	0.22452167358154065	0.9444444444444444
27	FOSB+PTPN12	32	29	native_effect_ridge	direct_state	unused	unused	0	0.04304311247628295	0.09177465054341008	0.22467770457224637	0.9444444444444444
27	FOSB+PTPN12	32	29	native_effect_ridge	direct_state	unused	unused	1	0.04304311247628295	0.09177465054341008	0.22467770457224637	0.9444444444444444
27	FOSB+PTPN12	32	29	native_effect_ridge	direct_state	unused	unused	2	0.04304311247628295	0.09177465054341008	0.22467770457224637	0.9444444444444444
27	FOSB+PTPN12	64	0	selected_CPA	roles	0	0	0	0.016757036015489574	0.05788835406066713	0.46509185062737307	0.9814814814814815
27	FOSB+PTPN12	64	0	selected_CPA	roles	0	0	1	0.017378923269147008	0.05894205323924409	0.4376072841132668	0.9814814814814815
27	FOSB+PTPN12	64	0	selected_CPA	roles	0	0	2	0.018276900050679272	0.06053724774514068	0.4365615014317215	0.9814814814814815
27	FOSB+PTPN12	64	0	selected_CPA	roles	0	1	0	0.02038385646625595	0.06344397261539167	0.4056445630681525	0.9814814814814815
27	FOSB+PTPN12	64	0	selected_CPA	roles	0	1	1	0.020450335440560522	0.06355222008431731	0.38971953251747155	0.9814814814814815
27	FOSB+PTPN12	64	0	selected_CPA	roles	0	1	2	0.021683709770324383	0.06556409120311932	0.3873764352986626	0.9814814814814815
27	FOSB+PTPN12	64	0	selected_CPA	roles	0	2	0	0.019840041184211756	0.06255938028895777	0.3993187461667263	0.9814814814814815
27	FOSB+PTPN12	64	0	selected_CPA	roles	0	2	1	0.020242579136608624	0.06321859315782039	0.3774240197865045	0.9814814814814815
27	FOSB+PTPN12	64	0	selected_CPA	roles	0	2	2	0.020887290726000866	0.06427713279063757	0.38411230629364945	0.9814814814814815
27	FOSB+PTPN12	64	0	selected_CPA	roles	1	0	0	0.020233881261966725	0.06324158888758429	0.3893559603906309	0.9814814814814815
27	FOSB+PTPN12	64	0	selected_CPA	roles	1	0	1	0.02141117679497702	0.06505351456310987	0.35535798191690204	0.9814814814814815
27	FOSB+PTPN12	64	0	selected_CPA	roles	1	0	2	0.021973756028277683	0.06598014722903106	0.36425859232989705	0.9814814814814815
27	FOSB+PTPN12	64	0	selected_CPA	roles	1	1	0	0.016757036015489574	0.05788835406066713	0.46509185062737307	0.9814814814814815
27	FOSB+PTPN12	64	0	selected_CPA	roles	1	1	1	0.017378923269147008	0.05894205323924409	0.4376072841132668	0.9814814814814815
27	FOSB+PTPN12	64	0	selected_CPA	roles	1	1	2	0.018276900050679272	0.06053724774514068	0.4365615014317215	0.9814814814814815
27	FOSB+PTPN12	64	0	selected_CPA	roles	1	2	0	0.01968237384007179	0.06236585692324856	0.39206243690870846	0.9814814814814815
27	FOSB+PTPN12	64	0	selected_CPA	roles	1	2	1	0.02064032007182152	0.06388874436290387	0.3610254272319133	0.9814814814814815
27	FOSB+PTPN12	64	0	selected_CPA	roles	1	2	2	0.02094963411298216	0.0644015394385331	0.3733270967317539	0.9814814814814815
27	FOSB+PTPN12	64	0	selected_CPA	roles	2	0	0	0.02114583701121239	0.06467719959530463	0.390815978076543	0.9814814814814815
27	FOSB+PTPN12	64	0	selected_CPA	roles	2	0	1	0.021987073566130385	0.06592748969272798	0.3630029917677981	0.9629629629629629
27	FOSB+PTPN12	64	0	selected_CPA	roles	2	0	2	0.023138315539802667	0.06776916752661806	0.3636916690196862	0.9629629629629629
27	FOSB+PTPN12	64	0	selected_CPA	roles	2	1	0	0.021138144871361647	0.06468850973179001	0.39988877031776915	0.9814814814814815
27	FOSB+PTPN12	64	0	selected_CPA	roles	2	1	1	0.021423973146926786	0.0651040701740834	0.38075694273614824	0.9629629629629629
27	FOSB+PTPN12	64	0	selected_CPA	roles	2	1	2	0.02291061266883067	0.06748287765385257	0.37589671436151556	0.9629629629629629
27	FOSB+PTPN12	64	0	selected_CPA	roles	2	2	0	0.016757036015489574	0.05788835406066713	0.46509185062737307	0.9814814814814815
27	FOSB+PTPN12	64	0	selected_CPA	roles	2	2	1	0.017378923269147008	0.05894205323924409	0.4376072841132668	0.9814814814814815
27	FOSB+PTPN12	64	0	selected_CPA	roles	2	2	2	0.018276900050679272	0.06053724774514068	0.4365615014317215	0.9814814814814815
27	FOSB+PTPN12	64	0	selected_CPA	direct_state	unused	unused	0	0.016757036015489574	0.05788835406066713	0.46509185062737307	0.9814814814814815
27	FOSB+PTPN12	64	0	selected_CPA	direct_state	unused	unused	1	0.017378923269147008	0.05894205323924409	0.4376072841132668	0.9814814814814815
27	FOSB+PTPN12	64	0	selected_CPA	direct_state	unused	unused	2	0.018276900050679272	0.06053724774514068	0.4365615014317215	0.9814814814814815
27	FOSB+PTPN12	64	0	original_CPA_fixed	roles	0	0	0	0.022328072726708434	0.06959900360414599	0.36063172183485703	0.9074074074074074
27	FOSB+PTPN12	64	0	original_CPA_fixed	roles	0	0	1	0.022328072726708434	0.06959900360414599	0.36063172183485703	0.9074074074074074
27	FOSB+PTPN12	64	0	original_CPA_fixed	roles	0	0	2	0.022328072726708434	0.06959900360414599	0.36063172183485703	0.9074074074074074
27	FOSB+PTPN12	64	0	original_CPA_fixed	roles	0	1	0	0.02626788831211183	0.07484377382202537	0.3277628564347617	0.9074074074074074
27	FOSB+PTPN12	64	0	original_CPA_fixed	roles	0	1	1	0.02626788831211183	0.07484377382202537	0.3277628564347617	0.9074074074074074
27	FOSB+PTPN12	64	0	original_CPA_fixed	roles	0	1	2	0.02626788831211183	0.07484377382202537	0.3277628564347617	0.9074074074074074
27	FOSB+PTPN12	64	0	original_CPA_fixed	roles	0	2	0	0.02527048018921246	0.0729845251642946	0.3265197423631693	0.9074074074074074
27	FOSB+PTPN12	64	0	original_CPA_fixed	roles	0	2	1	0.02527048018921246	0.0729845251642946	0.3265197423631693	0.9074074074074074
27	FOSB+PTPN12	64	0	original_CPA_fixed	roles	0	2	2	0.02527048018921246	0.0729845251642946	0.3265197423631693	0.9074074074074074
27	FOSB+PTPN12	64	0	original_CPA_fixed	roles	1	0	0	0.025491922838548564	0.07354566798935099	0.31734410737067364	0.9074074074074074
27	FOSB+PTPN12	64	0	original_CPA_fixed	roles	1	0	1	0.025491922838548564	0.07354566798935099	0.31734410737067364	0.9074074074074074
27	FOSB+PTPN12	64	0	original_CPA_fixed	roles	1	0	2	0.025491922838548564	0.07354566798935099	0.31734410737067364	0.9074074074074074
27	FOSB+PTPN12	64	0	original_CPA_fixed	roles	1	1	0	0.022328072726708434	0.06959900360414599	0.36063172183485703	0.9074074074074074
27	FOSB+PTPN12	64	0	original_CPA_fixed	roles	1	1	1	0.022328072726708434	0.06959900360414599	0.36063172183485703	0.9074074074074074
27	FOSB+PTPN12	64	0	original_CPA_fixed	roles	1	1	2	0.022328072726708434	0.06959900360414599	0.36063172183485703	0.9074074074074074
27	FOSB+PTPN12	64	0	original_CPA_fixed	roles	1	2	0	0.024799817710435476	0.0722431443752767	0.3220202865555003	0.9074074074074074
27	FOSB+PTPN12	64	0	original_CPA_fixed	roles	1	2	1	0.024799817710435476	0.0722431443752767	0.3220202865555003	0.9074074074074074
27	FOSB+PTPN12	64	0	original_CPA_fixed	roles	1	2	2	0.024799817710435476	0.0722431443752767	0.3220202865555003	0.9074074074074074
27	FOSB+PTPN12	64	0	original_CPA_fixed	roles	2	0	0	0.026857471428649395	0.07586827288033714	0.31567306244443066	0.9074074074074074
27	FOSB+PTPN12	64	0	original_CPA_fixed	roles	2	0	1	0.026857471428649395	0.07586827288033714	0.31567306244443066	0.9074074074074074
27	FOSB+PTPN12	64	0	original_CPA_fixed	roles	2	0	2	0.026857471428649395	0.07586827288033714	0.31567306244443066	0.9074074074074074
27	FOSB+PTPN12	64	0	original_CPA_fixed	roles	2	1	0	0.02716277442343568	0.07642611481383485	0.321608781807347	0.9074074074074074
27	FOSB+PTPN12	64	0	original_CPA_fixed	roles	2	1	1	0.02716277442343568	0.07642611481383485	0.321608781807347	0.9074074074074074
27	FOSB+PTPN12	64	0	original_CPA_fixed	roles	2	1	2	0.02716277442343568	0.07642611481383485	0.321608781807347	0.9074074074074074
27	FOSB+PTPN12	64	0	original_CPA_fixed	roles	2	2	0	0.022328072726708434	0.06959900360414599	0.36063172183485703	0.9074074074074074
27	FOSB+PTPN12	64	0	original_CPA_fixed	roles	2	2	1	0.022328072726708434	0.06959900360414599	0.36063172183485703	0.9074074074074074
27	FOSB+PTPN12	64	0	original_CPA_fixed	roles	2	2	2	0.022328072726708434	0.06959900360414599	0.36063172183485703	0.9074074074074074
27	FOSB+PTPN12	64	0	original_CPA_fixed	direct_state	unused	unused	0	0.022328072726708434	0.06959900360414599	0.36063172183485703	0.9074074074074074
27	FOSB+PTPN12	64	0	original_CPA_fixed	direct_state	unused	unused	1	0.022328072726708434	0.06959900360414599	0.36063172183485703	0.9074074074074074
27	FOSB+PTPN12	64	0	original_CPA_fixed	direct_state	unused	unused	2	0.022328072726708434	0.06959900360414599	0.36063172183485703	0.9074074074074074
27	FOSB+PTPN12	64	0	additive	roles	0	0	0	0.019831315268877964	0.06271253099720164	0.553566026306862	0.9814814814814815
27	FOSB+PTPN12	64	0	additive	roles	0	0	1	0.019831315268877964	0.06271253099720164	0.553566026306862	0.9814814814814815
27	FOSB+PTPN12	64	0	additive	roles	0	0	2	0.019831315268877964	0.06271253099720164	0.553566026306862	0.9814814814814815
27	FOSB+PTPN12	64	0	additive	roles	0	1	0	0.02360796975845222	0.06821025804791134	0.5247821059151012	0.9814814814814815
27	FOSB+PTPN12	64	0	additive	roles	0	1	1	0.02360796975845222	0.06821025804791134	0.5247821059151012	0.9814814814814815
27	FOSB+PTPN12	64	0	additive	roles	0	1	2	0.02360796975845222	0.06821025804791134	0.5247821059151012	0.9814814814814815
27	FOSB+PTPN12	64	0	additive	roles	0	2	0	0.0232872055887732	0.06775458242495289	0.5244967224048035	0.9814814814814815
27	FOSB+PTPN12	64	0	additive	roles	0	2	1	0.0232872055887732	0.06775458242495289	0.5244967224048035	0.9814814814814815
27	FOSB+PTPN12	64	0	additive	roles	0	2	2	0.0232872055887732	0.06775458242495289	0.5244967224048035	0.9814814814814815
27	FOSB+PTPN12	64	0	additive	roles	1	0	0	0.02315832647654724	0.06734684060688952	0.5164774279295058	0.9814814814814815
27	FOSB+PTPN12	64	0	additive	roles	1	0	1	0.02315832647654724	0.06734684060688952	0.5164774279295058	0.9814814814814815
27	FOSB+PTPN12	64	0	additive	roles	1	0	2	0.02315832647654724	0.06734684060688952	0.5164774279295058	0.9814814814814815
27	FOSB+PTPN12	64	0	additive	roles	1	1	0	0.019831315268877964	0.06271253099720164	0.553566026306862	0.9814814814814815
27	FOSB+PTPN12	64	0	additive	roles	1	1	1	0.019831315268877964	0.06271253099720164	0.553566026306862	0.9814814814814815
27	FOSB+PTPN12	64	0	additive	roles	1	1	2	0.019831315268877964	0.06271253099720164	0.553566026306862	0.9814814814814815
27	FOSB+PTPN12	64	0	additive	roles	1	2	0	0.02297970420582535	0.06723693816418282	0.5209277272678134	0.9814814814814815
27	FOSB+PTPN12	64	0	additive	roles	1	2	1	0.02297970420582535	0.06723693816418282	0.5209277272678134	0.9814814814814815
27	FOSB+PTPN12	64	0	additive	roles	1	2	2	0.02297970420582535	0.06723693816418282	0.5209277272678134	0.9814814814814815
27	FOSB+PTPN12	64	0	additive	roles	2	0	0	0.023847231113427726	0.06833544312063262	0.5140085384936358	0.9814814814814815
27	FOSB+PTPN12	64	0	additive	roles	2	0	1	0.023847231113427726	0.06833544312063262	0.5140085384936358	0.9814814814814815
27	FOSB+PTPN12	64	0	additive	roles	2	0	2	0.023847231113427726	0.06833544312063262	0.5140085384936358	0.9814814814814815
27	FOSB+PTPN12	64	0	additive	roles	2	1	0	0.023989373012384865	0.06867967358571601	0.5187483547764242	0.9814814814814815
27	FOSB+PTPN12	64	0	additive	roles	2	1	1	0.023989373012384865	0.06867967358571601	0.5187483547764242	0.9814814814814815
27	FOSB+PTPN12	64	0	additive	roles	2	1	2	0.023989373012384865	0.06867967358571601	0.5187483547764242	0.9814814814814815
27	FOSB+PTPN12	64	0	additive	roles	2	2	0	0.019831315268877964	0.06271253099720164	0.553566026306862	0.9814814814814815
27	FOSB+PTPN12	64	0	additive	roles	2	2	1	0.019831315268877964	0.06271253099720164	0.553566026306862	0.9814814814814815
27	FOSB+PTPN12	64	0	additive	roles	2	2	2	0.019831315268877964	0.06271253099720164	0.553566026306862	0.9814814814814815
27	FOSB+PTPN12	64	0	additive	direct_state	unused	unused	0	0.019831315268877964	0.06271253099720164	0.553566026306862	0.9814814814814815
27	FOSB+PTPN12	64	0	additive	direct_state	unused	unused	1	0.019831315268877964	0.06271253099720164	0.553566026306862	0.9814814814814815
27	FOSB+PTPN12	64	0	additive	direct_state	unused	unused	2	0.019831315268877964	0.06271253099720164	0.553566026306862	0.9814814814814815
27	FOSB+PTPN12	64	0	compositional_ridge	roles	0	0	0	0.021845647426113647	0.06538312559515273	0.3703874427467108	0.9629629629629629
27	FOSB+PTPN12	64	0	compositional_ridge	roles	0	0	1	0.021845647426113647	0.06538312559515273	0.3703874427467108	0.9629629629629629
27	FOSB+PTPN12	64	0	compositional_ridge	roles	0	0	2	0.021845647426113647	0.06538312559515273	0.3703874427467108	0.9629629629629629
27	FOSB+PTPN12	64	0	compositional_ridge	roles	0	1	0	0.025520696209447614	0.07035397399662646	0.34087794925162995	0.9629629629629629
27	FOSB+PTPN12	64	0	compositional_ridge	roles	0	1	1	0.025520696209447614	0.07035397399662646	0.34087794925162995	0.9629629629629629
27	FOSB+PTPN12	64	0	compositional_ridge	roles	0	1	2	0.025520696209447614	0.07035397399662646	0.34087794925162995	0.9629629629629629
27	FOSB+PTPN12	64	0	compositional_ridge	roles	0	2	0	0.02605780622168833	0.0711741292853329	0.332501302306369	0.9629629629629629
27	FOSB+PTPN12	64	0	compositional_ridge	roles	0	2	1	0.02605780622168833	0.0711741292853329	0.332501302306369	0.9629629629629629
27	FOSB+PTPN12	64	0	compositional_ridge	roles	0	2	2	0.02605780622168833	0.0711741292853329	0.332501302306369	0.9629629629629629
27	FOSB+PTPN12	64	0	compositional_ridge	roles	1	0	0	0.0252742643400232	0.07016222432767881	0.3224587593494504	0.9629629629629629
27	FOSB+PTPN12	64	0	compositional_ridge	roles	1	0	1	0.0252742643400232	0.07016222432767881	0.3224587593494504	0.9629629629629629
27	FOSB+PTPN12	64	0	compositional_ridge	roles	1	0	2	0.0252742643400232	0.07016222432767881	0.3224587593494504	0.9629629629629629
27	FOSB+PTPN12	64	0	compositional_ridge	roles	1	1	0	0.021845647426113647	0.06538312559515273	0.3703874427467108	0.9629629629629629
27	FOSB+PTPN12	64	0	compositional_ridge	roles	1	1	1	0.021845647426113647	0.06538312559515273	0.3703874427467108	0.9629629629629629
27	FOSB+PTPN12	64	0	compositional_ridge	roles	1	1	2	0.021845647426113647	0.06538312559515273	0.3703874427467108	0.9629629629629629
27	FOSB+PTPN12	64	0	compositional_ridge	roles	1	2	0	0.025851910544980775	0.07099949512497178	0.3237799367399966	0.9444444444444444
27	FOSB+PTPN12	64	0	compositional_ridge	roles	1	2	1	0.025851910544980775	0.07099949512497178	0.3237799367399966	0.9444444444444444
27	FOSB+PTPN12	64	0	compositional_ridge	roles	1	2	2	0.025851910544980775	0.07099949512497178	0.3237799367399966	0.9444444444444444
27	FOSB+PTPN12	64	0	compositional_ridge	roles	2	0	0	0.02510529479498395	0.069848712826943	0.3279344900237674	0.9629629629629629
27	FOSB+PTPN12	64	0	compositional_ridge	roles	2	0	1	0.02510529479498395	0.069848712826943	0.3279344900237674	0.9629629629629629
27	FOSB+PTPN12	64	0	compositional_ridge	roles	2	0	2	0.02510529479498395	0.069848712826943	0.3279344900237674	0.9629629629629629
27	FOSB+PTPN12	64	0	compositional_ridge	roles	2	1	0	0.025145830987700804	0.06986385507948176	0.33763436263128926	0.9629629629629629
27	FOSB+PTPN12	64	0	compositional_ridge	roles	2	1	1	0.025145830987700804	0.06986385507948176	0.33763436263128926	0.9629629629629629
27	FOSB+PTPN12	64	0	compositional_ridge	roles	2	1	2	0.025145830987700804	0.06986385507948176	0.33763436263128926	0.9629629629629629
27	FOSB+PTPN12	64	0	compositional_ridge	roles	2	2	0	0.021845647426113647	0.06538312559515273	0.3703874427467108	0.9629629629629629
27	FOSB+PTPN12	64	0	compositional_ridge	roles	2	2	1	0.021845647426113647	0.06538312559515273	0.3703874427467108	0.9629629629629629
27	FOSB+PTPN12	64	0	compositional_ridge	roles	2	2	2	0.021845647426113647	0.06538312559515273	0.3703874427467108	0.9629629629629629
27	FOSB+PTPN12	64	0	compositional_ridge	direct_state	unused	unused	0	0.021845647426113647	0.06538312559515273	0.3703874427467108	0.9629629629629629
27	FOSB+PTPN12	64	0	compositional_ridge	direct_state	unused	unused	1	0.021845647426113647	0.06538312559515273	0.3703874427467108	0.9629629629629629
27	FOSB+PTPN12	64	0	compositional_ridge	direct_state	unused	unused	2	0.021845647426113647	0.06538312559515273	0.3703874427467108	0.9629629629629629
27	FOSB+PTPN12	64	0	NC_native_effect	roles	0	0	0	0.029207521561282937	0.08021642586826155	0.20472871732224474	0.9074074074074074
27	FOSB+PTPN12	64	0	NC_native_effect	roles	0	0	1	0.029207521561282937	0.08021642586826155	0.20472871732224474	0.9074074074074074
27	FOSB+PTPN12	64	0	NC_native_effect	roles	0	0	2	0.029207521561282937	0.08021642586826155	0.20472871732224474	0.9074074074074074
27	FOSB+PTPN12	64	0	NC_native_effect	roles	0	1	0	0.029207521561282937	0.08021642586826155	0.20472871732224474	0.9074074074074074
27	FOSB+PTPN12	64	0	NC_native_effect	roles	0	1	1	0.029207521561282937	0.08021642586826155	0.20472871732224474	0.9074074074074074
27	FOSB+PTPN12	64	0	NC_native_effect	roles	0	1	2	0.029207521561282937	0.08021642586826155	0.20472871732224474	0.9074074074074074
27	FOSB+PTPN12	64	0	NC_native_effect	roles	0	2	0	0.029207521561282937	0.08021642586826155	0.20472871732224474	0.9074074074074074
27	FOSB+PTPN12	64	0	NC_native_effect	roles	0	2	1	0.029207521561282937	0.08021642586826155	0.20472871732224474	0.9074074074074074
27	FOSB+PTPN12	64	0	NC_native_effect	roles	0	2	2	0.029207521561282937	0.08021642586826155	0.20472871732224474	0.9074074074074074
27	FOSB+PTPN12	64	0	NC_native_effect	roles	1	0	0	0.029180340374916677	0.08000486183447321	0.19416450973706326	0.9074074074074074
27	FOSB+PTPN12	64	0	NC_native_effect	roles	1	0	1	0.029180340374916677	0.08000486183447321	0.19416450973706326	0.9074074074074074
27	FOSB+PTPN12	64	0	NC_native_effect	roles	1	0	2	0.029180340374916677	0.08000486183447321	0.19416450973706326	0.9074074074074074
27	FOSB+PTPN12	64	0	NC_native_effect	roles	1	1	0	0.029180340374916677	0.08000486183447321	0.19416450973706326	0.9074074074074074
27	FOSB+PTPN12	64	0	NC_native_effect	roles	1	1	1	0.029180340374916677	0.08000486183447321	0.19416450973706326	0.9074074074074074
27	FOSB+PTPN12	64	0	NC_native_effect	roles	1	1	2	0.029180340374916677	0.08000486183447321	0.19416450973706326	0.9074074074074074
27	FOSB+PTPN12	64	0	NC_native_effect	roles	1	2	0	0.029180340374916677	0.08000486183447321	0.19416450973706326	0.9074074074074074
27	FOSB+PTPN12	64	0	NC_native_effect	roles	1	2	1	0.029180340374916677	0.08000486183447321	0.19416450973706326	0.9074074074074074
27	FOSB+PTPN12	64	0	NC_native_effect	roles	1	2	2	0.029180340374916677	0.08000486183447321	0.19416450973706326	0.9074074074074074
27	FOSB+PTPN12	64	0	NC_native_effect	roles	2	0	0	0.03050149347698441	0.08226942239265124	0.1973034911441163	0.9074074074074074
27	FOSB+PTPN12	64	0	NC_native_effect	roles	2	0	1	0.03050149347698441	0.08226942239265124	0.1973034911441163	0.9074074074074074
27	FOSB+PTPN12	64	0	NC_native_effect	roles	2	0	2	0.03050149347698441	0.08226942239265124	0.1973034911441163	0.9074074074074074
27	FOSB+PTPN12	64	0	NC_native_effect	roles	2	1	0	0.03050149347698441	0.08226942239265124	0.1973034911441163	0.9074074074074074
27	FOSB+PTPN12	64	0	NC_native_effect	roles	2	1	1	0.03050149347698441	0.08226942239265124	0.1973034911441163	0.9074074074074074
27	FOSB+PTPN12	64	0	NC_native_effect	roles	2	1	2	0.03050149347698441	0.08226942239265124	0.1973034911441163	0.9074074074074074
27	FOSB+PTPN12	64	0	NC_native_effect	roles	2	2	0	0.03050149347698441	0.08226942239265124	0.1973034911441163	0.9074074074074074
27	FOSB+PTPN12	64	0	NC_native_effect	roles	2	2	1	0.03050149347698441	0.08226942239265124	0.1973034911441163	0.9074074074074074
27	FOSB+PTPN12	64	0	NC_native_effect	roles	2	2	2	0.03050149347698441	0.08226942239265124	0.1973034911441163	0.9074074074074074
27	FOSB+PTPN12	64	0	NC_native_effect	direct_state	unused	unused	0	0.028053762494902167	0.07936720784784336	0.19995267431308056	0.9074074074074074
27	FOSB+PTPN12	64	0	NC_native_effect	direct_state	unused	unused	1	0.028053762494902167	0.07936720784784336	0.19995267431308056	0.9074074074074074
27	FOSB+PTPN12	64	0	NC_native_effect	direct_state	unused	unused	2	0.028053762494902167	0.07936720784784336	0.19995267431308056	0.9074074074074074
27	FOSB+PTPN12	64	0	native_effect_ridge	roles	0	0	0	0.04495248240369456	0.09365577246589682	0.22666738091924743	0.9444444444444444
27	FOSB+PTPN12	64	0	native_effect_ridge	roles	0	0	1	0.04495248240369456	0.09365577246589682	0.22666738091924743	0.9444444444444444
27	FOSB+PTPN12	64	0	native_effect_ridge	roles	0	0	2	0.04495248240369456	0.09365577246589682	0.22666738091924743	0.9444444444444444
27	FOSB+PTPN12	64	0	native_effect_ridge	roles	0	1	0	0.04495248240369456	0.09365577246589682	0.22666738091924743	0.9444444444444444
27	FOSB+PTPN12	64	0	native_effect_ridge	roles	0	1	1	0.04495248240369456	0.09365577246589682	0.22666738091924743	0.9444444444444444
27	FOSB+PTPN12	64	0	native_effect_ridge	roles	0	1	2	0.04495248240369456	0.09365577246589682	0.22666738091924743	0.9444444444444444
27	FOSB+PTPN12	64	0	native_effect_ridge	roles	0	2	0	0.04495248240369456	0.09365577246589682	0.22666738091924743	0.9444444444444444
27	FOSB+PTPN12	64	0	native_effect_ridge	roles	0	2	1	0.04495248240369456	0.09365577246589682	0.22666738091924743	0.9444444444444444
27	FOSB+PTPN12	64	0	native_effect_ridge	roles	0	2	2	0.04495248240369456	0.09365577246589682	0.22666738091924743	0.9444444444444444
27	FOSB+PTPN12	64	0	native_effect_ridge	roles	1	0	0	0.0450185198823186	0.09377801674954778	0.21722675579973505	0.9444444444444444
27	FOSB+PTPN12	64	0	native_effect_ridge	roles	1	0	1	0.0450185198823186	0.09377801674954778	0.21722675579973505	0.9444444444444444
27	FOSB+PTPN12	64	0	native_effect_ridge	roles	1	0	2	0.0450185198823186	0.09377801674954778	0.21722675579973505	0.9444444444444444
27	FOSB+PTPN12	64	0	native_effect_ridge	roles	1	1	0	0.0450185198823186	0.09377801674954778	0.21722675579973505	0.9444444444444444
27	FOSB+PTPN12	64	0	native_effect_ridge	roles	1	1	1	0.0450185198823186	0.09377801674954778	0.21722675579973505	0.9444444444444444
27	FOSB+PTPN12	64	0	native_effect_ridge	roles	1	1	2	0.0450185198823186	0.09377801674954778	0.21722675579973505	0.9444444444444444
27	FOSB+PTPN12	64	0	native_effect_ridge	roles	1	2	0	0.0450185198823186	0.09377801674954778	0.21722675579973505	0.9444444444444444
27	FOSB+PTPN12	64	0	native_effect_ridge	roles	1	2	1	0.0450185198823186	0.09377801674954778	0.21722675579973505	0.9444444444444444
27	FOSB+PTPN12	64	0	native_effect_ridge	roles	1	2	2	0.0450185198823186	0.09377801674954778	0.21722675579973505	0.9444444444444444
27	FOSB+PTPN12	64	0	native_effect_ridge	roles	2	0	0	0.04446866402675816	0.09305312378081161	0.22417679869039273	0.9444444444444444
27	FOSB+PTPN12	64	0	native_effect_ridge	roles	2	0	1	0.04446866402675816	0.09305312378081161	0.22417679869039273	0.9444444444444444
27	FOSB+PTPN12	64	0	native_effect_ridge	roles	2	0	2	0.04446866402675816	0.09305312378081161	0.22417679869039273	0.9444444444444444
27	FOSB+PTPN12	64	0	native_effect_ridge	roles	2	1	0	0.04446866402675816	0.09305312378081161	0.22417679869039273	0.9444444444444444
27	FOSB+PTPN12	64	0	native_effect_ridge	roles	2	1	1	0.04446866402675816	0.09305312378081161	0.22417679869039273	0.9444444444444444
27	FOSB+PTPN12	64	0	native_effect_ridge	roles	2	1	2	0.04446866402675816	0.09305312378081161	0.22417679869039273	0.9444444444444444
27	FOSB+PTPN12	64	0	native_effect_ridge	roles	2	2	0	0.04446866402675816	0.09305312378081161	0.22417679869039273	0.9444444444444444
27	FOSB+PTPN12	64	0	native_effect_ridge	roles	2	2	1	0.04446866402675816	0.09305312378081161	0.22417679869039273	0.9444444444444444
27	FOSB+PTPN12	64	0	native_effect_ridge	roles	2	2	2	0.04446866402675816	0.09305312378081161	0.22417679869039273	0.9444444444444444
27	FOSB+PTPN12	64	0	native_effect_ridge	direct_state	unused	unused	0	0.04304311247628295	0.09177465054341008	0.22467770457224637	0.9444444444444444
27	FOSB+PTPN12	64	0	native_effect_ridge	direct_state	unused	unused	1	0.04304311247628295	0.09177465054341008	0.22467770457224637	0.9444444444444444
27	FOSB+PTPN12	64	0	native_effect_ridge	direct_state	unused	unused	2	0.04304311247628295	0.09177465054341008	0.22467770457224637	0.9444444444444444
27	FOSB+PTPN12	64	29	selected_CPA	roles	0	0	0	0.018250404829563607	0.06054483115628993	0.4230905431215435	0.9629629629629629
27	FOSB+PTPN12	64	29	selected_CPA	roles	0	0	1	0.016109950630842085	0.05667875862471517	0.4587115520512734	0.9814814814814815
27	FOSB+PTPN12	64	29	selected_CPA	roles	0	0	2	0.017036970696833822	0.058517876153731864	0.4402597084292527	0.9814814814814815
27	FOSB+PTPN12	64	29	selected_CPA	roles	0	1	0	0.024492156763499858	0.07009886913666724	0.3307658536306445	0.9629629629629629
27	FOSB+PTPN12	64	29	selected_CPA	roles	0	1	1	0.021256769269094696	0.06503111701663328	0.3647565994427156	0.9629629629629629
27	FOSB+PTPN12	64	29	selected_CPA	roles	0	1	2	0.02282727463141827	0.06759783864182446	0.3499246544695619	0.9629629629629629
27	FOSB+PTPN12	64	29	selected_CPA	roles	0	2	0	0.023085077648313364	0.0678217745644677	0.35096433841837343	0.9629629629629629
27	FOSB+PTPN12	64	29	selected_CPA	roles	0	2	1	0.020502857052010517	0.06366173016037417	0.37844260830637305	0.9814814814814815
27	FOSB+PTPN12	64	29	selected_CPA	roles	0	2	2	0.0213824520910606	0.06521246852276531	0.37212349159958896	0.9814814814814815
27	FOSB+PTPN12	64	29	selected_CPA	roles	1	0	0	0.01980814191661998	0.06237444895987228	0.3851986445344284	0.9814814814814815
27	FOSB+PTPN12	64	29	selected_CPA	roles	1	0	1	0.018762621013582104	0.06057216651108327	0.39231374608538766	1.0
27	FOSB+PTPN12	64	29	selected_CPA	roles	1	0	2	0.019046155783242005	0.061255906228223106	0.39378164239591623	1.0
27	FOSB+PTPN12	64	29	selected_CPA	roles	1	1	0	0.018250404829563607	0.06054483115628993	0.4230905431215435	0.9629629629629629
27	FOSB+PTPN12	64	29	selected_CPA	roles	1	1	1	0.016109950630842085	0.05667875862471517	0.4587115520512734	0.9814814814814815
27	FOSB+PTPN12	64	29	selected_CPA	roles	1	1	2	0.017036970696833822	0.058517876153731864	0.4402597084292527	0.9814814814814815
27	FOSB+PTPN12	64	29	selected_CPA	roles	1	2	0	0.020763986077777886	0.06395767880436937	0.37854796394313556	0.9814814814814815
27	FOSB+PTPN12	64	29	selected_CPA	roles	1	2	1	0.019276698777158686	0.06144280131378544	0.39182693216058295	0.9814814814814815
27	FOSB+PTPN12	64	29	selected_CPA	roles	1	2	2	0.019512808519876926	0.0620202107284018	0.3947452601376437	0.9814814814814815
27	FOSB+PTPN12	64	29	selected_CPA	roles	2	0	0	0.020687093595408556	0.06402728915970296	0.36817508642634134	0.9814814814814815
27	FOSB+PTPN12	64	29	selected_CPA	roles	2	0	1	0.01898840579426836	0.061156203072064055	0.38590202340424645	1.0
27	FOSB+PTPN12	64	29	selected_CPA	roles	2	0	2	0.019962850887201747	0.06295991828918399	0.3762320642187857	0.9814814814814815
27	FOSB+PTPN12	64	29	selected_CPA	roles	2	1	0	0.02305001687175295	0.0679232279953	0.34048228013347726	0.9629629629629629
27	FOSB+PTPN12	64	29	selected_CPA	roles	2	1	1	0.020256395774929117	0.06342351255685236	0.37127889830563604	0.9814814814814815
27	FOSB+PTPN12	64	29	selected_CPA	roles	2	1	2	0.021874326164194345	0.06614358275863735	0.3542452292826584	0.9814814814814815
27	FOSB+PTPN12	64	29	selected_CPA	roles	2	2	0	0.018250404829563607	0.06054483115628993	0.4230905431215435	0.9629629629629629
27	FOSB+PTPN12	64	29	selected_CPA	roles	2	2	1	0.016109950630842085	0.05667875862471517	0.4587115520512734	0.9814814814814815
27	FOSB+PTPN12	64	29	selected_CPA	roles	2	2	2	0.017036970696833822	0.058517876153731864	0.4402597084292527	0.9814814814814815
27	FOSB+PTPN12	64	29	selected_CPA	direct_state	unused	unused	0	0.018250404829563607	0.06054483115628993	0.4230905431215435	0.9629629629629629
27	FOSB+PTPN12	64	29	selected_CPA	direct_state	unused	unused	1	0.016109950630842085	0.05667875862471517	0.4587115520512734	0.9814814814814815
27	FOSB+PTPN12	64	29	selected_CPA	direct_state	unused	unused	2	0.017036970696833822	0.058517876153731864	0.4402597084292527	0.9814814814814815
27	FOSB+PTPN12	64	29	original_CPA_fixed	roles	0	0	0	0.022328072726708434	0.06959900360414599	0.36063172183485703	0.9074074074074074
27	FOSB+PTPN12	64	29	original_CPA_fixed	roles	0	0	1	0.022328072726708434	0.06959900360414599	0.36063172183485703	0.9074074074074074
27	FOSB+PTPN12	64	29	original_CPA_fixed	roles	0	0	2	0.022328072726708434	0.06959900360414599	0.36063172183485703	0.9074074074074074
27	FOSB+PTPN12	64	29	original_CPA_fixed	roles	0	1	0	0.028944898860046146	0.078694929394746	0.29900265484037836	0.9074074074074074
27	FOSB+PTPN12	64	29	original_CPA_fixed	roles	0	1	1	0.028944898860046146	0.078694929394746	0.29900265484037836	0.9074074074074074
27	FOSB+PTPN12	64	29	original_CPA_fixed	roles	0	1	2	0.028944898860046146	0.078694929394746	0.29900265484037836	0.9074074074074074
27	FOSB+PTPN12	64	29	original_CPA_fixed	roles	0	2	0	0.027722255396984658	0.07699709635448837	0.31091635816511154	0.9074074074074074
27	FOSB+PTPN12	64	29	original_CPA_fixed	roles	0	2	1	0.027722255396984658	0.07699709635448837	0.31091635816511154	0.9074074074074074
27	FOSB+PTPN12	64	29	original_CPA_fixed	roles	0	2	2	0.027722255396984658	0.07699709635448837	0.31091635816511154	0.9074074074074074
27	FOSB+PTPN12	64	29	original_CPA_fixed	roles	1	0	0	0.023510735614363357	0.07048560754321263	0.34306061028864177	0.9074074074074074
27	FOSB+PTPN12	64	29	original_CPA_fixed	roles	1	0	1	0.023510735614363357	0.07048560754321263	0.34306061028864177	0.9074074074074074
27	FOSB+PTPN12	64	29	original_CPA_fixed	roles	1	0	2	0.023510735614363357	0.07048560754321263	0.34306061028864177	0.9074074074074074
27	FOSB+PTPN12	64	29	original_CPA_fixed	roles	1	1	0	0.022328072726708434	0.06959900360414599	0.36063172183485703	0.9074074074074074
27	FOSB+PTPN12	64	29	original_CPA_fixed	roles	1	1	1	0.022328072726708434	0.06959900360414599	0.36063172183485703	0.9074074074074074
27	FOSB+PTPN12	64	29	original_CPA_fixed	roles	1	1	2	0.022328072726708434	0.06959900360414599	0.36063172183485703	0.9074074074074074
27	FOSB+PTPN12	64	29	original_CPA_fixed	roles	1	2	0	0.025026089627047724	0.07292906611724558	0.33243327900860636	0.9074074074074074
27	FOSB+PTPN12	64	29	original_CPA_fixed	roles	1	2	1	0.025026089627047724	0.07292906611724558	0.33243327900860636	0.9074074074074074
27	FOSB+PTPN12	64	29	original_CPA_fixed	roles	1	2	2	0.025026089627047724	0.07292906611724558	0.33243327900860636	0.9074074074074074
27	FOSB+PTPN12	64	29	original_CPA_fixed	roles	2	0	0	0.024205251641026916	0.07160602950229729	0.3338210376438438	0.9074074074074074
27	FOSB+PTPN12	64	29	original_CPA_fixed	roles	2	0	1	0.024205251641026916	0.07160602950229729	0.3338210376438438	0.9074074074074074
27	FOSB+PTPN12	64	29	original_CPA_fixed	roles	2	0	2	0.024205251641026916	0.07160602950229729	0.3338210376438438	0.9074074074074074
27	FOSB+PTPN12	64	29	original_CPA_fixed	roles	2	1	0	0.026943249116772774	0.07577724157359747	0.31075542386042215	0.9074074074074074
27	FOSB+PTPN12	64	29	original_CPA_fixed	roles	2	1	1	0.026943249116772774	0.07577724157359747	0.31075542386042215	0.9074074074074074
27	FOSB+PTPN12	64	29	original_CPA_fixed	roles	2	1	2	0.026943249116772774	0.07577724157359747	0.31075542386042215	0.9074074074074074
27	FOSB+PTPN12	64	29	original_CPA_fixed	roles	2	2	0	0.022328072726708434	0.06959900360414599	0.36063172183485703	0.9074074074074074
27	FOSB+PTPN12	64	29	original_CPA_fixed	roles	2	2	1	0.022328072726708434	0.06959900360414599	0.36063172183485703	0.9074074074074074
27	FOSB+PTPN12	64	29	original_CPA_fixed	roles	2	2	2	0.022328072726708434	0.06959900360414599	0.36063172183485703	0.9074074074074074
27	FOSB+PTPN12	64	29	original_CPA_fixed	direct_state	unused	unused	0	0.022328072726708434	0.06959900360414599	0.36063172183485703	0.9074074074074074
27	FOSB+PTPN12	64	29	original_CPA_fixed	direct_state	unused	unused	1	0.022328072726708434	0.06959900360414599	0.36063172183485703	0.9074074074074074
27	FOSB+PTPN12	64	29	original_CPA_fixed	direct_state	unused	unused	2	0.022328072726708434	0.06959900360414599	0.36063172183485703	0.9074074074074074
27	FOSB+PTPN12	64	29	additive	roles	0	0	0	0.019831315268877964	0.06271253099720164	0.553566026306862	0.9814814814814815
27	FOSB+PTPN12	64	29	additive	roles	0	0	1	0.019831315268877964	0.06271253099720164	0.553566026306862	0.9814814814814815
27	FOSB+PTPN12	64	29	additive	roles	0	0	2	0.019831315268877964	0.06271253099720164	0.553566026306862	0.9814814814814815
27	FOSB+PTPN12	64	29	additive	roles	0	1	0	0.021260018162862167	0.06453906326777982	0.5346523048842607	1.0
27	FOSB+PTPN12	64	29	additive	roles	0	1	1	0.021260018162862167	0.06453906326777982	0.5346523048842607	1.0
27	FOSB+PTPN12	64	29	additive	roles	0	1	2	0.021260018162862167	0.06453906326777982	0.5346523048842607	1.0
27	FOSB+PTPN12	64	29	additive	roles	0	2	0	0.022201686205120478	0.06608161049789008	0.528742853539462	0.9814814814814815
27	FOSB+PTPN12	64	29	additive	roles	0	2	1	0.022201686205120478	0.06608161049789008	0.528742853539462	0.9814814814814815
27	FOSB+PTPN12	64	29	additive	roles	0	2	2	0.022201686205120478	0.06608161049789008	0.528742853539462	0.9814814814814815
27	FOSB+PTPN12	64	29	additive	roles	1	0	0	0.026202101395886395	0.07192706429757484	0.5031911326293423	0.9814814814814815
27	FOSB+PTPN12	64	29	additive	roles	1	0	1	0.026202101395886395	0.07192706429757484	0.5031911326293423	0.9814814814814815
27	FOSB+PTPN12	64	29	additive	roles	1	0	2	0.026202101395886395	0.07192706429757484	0.5031911326293423	0.9814814814814815
27	FOSB+PTPN12	64	29	additive	roles	1	1	0	0.019831315268877964	0.06271253099720164	0.553566026306862	0.9814814814814815
27	FOSB+PTPN12	64	29	additive	roles	1	1	1	0.019831315268877964	0.06271253099720164	0.553566026306862	0.9814814814814815
27	FOSB+PTPN12	64	29	additive	roles	1	1	2	0.019831315268877964	0.06271253099720164	0.553566026306862	0.9814814814814815
27	FOSB+PTPN12	64	29	additive	roles	1	2	0	0.024693643674537056	0.0698091437424403	0.5126153517402517	0.9814814814814815
27	FOSB+PTPN12	64	29	additive	roles	1	2	1	0.024693643674537056	0.0698091437424403	0.5126153517402517	0.9814814814814815
27	FOSB+PTPN12	64	29	additive	roles	1	2	2	0.024693643674537056	0.0698091437424403	0.5126153517402517	0.9814814814814815
27	FOSB+PTPN12	64	29	additive	roles	2	0	0	0.024732305917230156	0.06976300986111106	0.5115013611829817	0.9814814814814815
27	FOSB+PTPN12	64	29	additive	roles	2	0	1	0.024732305917230156	0.06976300986111106	0.5115013611829817	0.9814814814814815
27	FOSB+PTPN12	64	29	additive	roles	2	0	2	0.024732305917230156	0.06976300986111106	0.5115013611829817	0.9814814814814815
27	FOSB+PTPN12	64	29	additive	roles	2	1	0	0.022282180153622506	0.06606968259311026	0.527138839973544	0.9814814814814815
27	FOSB+PTPN12	64	29	additive	roles	2	1	1	0.022282180153622506	0.06606968259311026	0.527138839973544	0.9814814814814815
27	FOSB+PTPN12	64	29	additive	roles	2	1	2	0.022282180153622506	0.06606968259311026	0.527138839973544	0.9814814814814815
27	FOSB+PTPN12	64	29	additive	roles	2	2	0	0.019831315268877964	0.06271253099720164	0.553566026306862	0.9814814814814815
27	FOSB+PTPN12	64	29	additive	roles	2	2	1	0.019831315268877964	0.06271253099720164	0.553566026306862	0.9814814814814815
27	FOSB+PTPN12	64	29	additive	roles	2	2	2	0.019831315268877964	0.06271253099720164	0.553566026306862	0.9814814814814815
27	FOSB+PTPN12	64	29	additive	direct_state	unused	unused	0	0.019831315268877964	0.06271253099720164	0.553566026306862	0.9814814814814815
27	FOSB+PTPN12	64	29	additive	direct_state	unused	unused	1	0.019831315268877964	0.06271253099720164	0.553566026306862	0.9814814814814815
27	FOSB+PTPN12	64	29	additive	direct_state	unused	unused	2	0.019831315268877964	0.06271253099720164	0.553566026306862	0.9814814814814815
27	FOSB+PTPN12	64	29	compositional_ridge	roles	0	0	0	0.021845647426113647	0.06538312559515273	0.3703874427467108	0.9629629629629629
27	FOSB+PTPN12	64	29	compositional_ridge	roles	0	0	1	0.021845647426113647	0.06538312559515273	0.3703874427467108	0.9629629629629629
27	FOSB+PTPN12	64	29	compositional_ridge	roles	0	0	2	0.021845647426113647	0.06538312559515273	0.3703874427467108	0.9629629629629629
27	FOSB+PTPN12	64	29	compositional_ridge	roles	0	1	0	0.023583639832499274	0.06783512657653985	0.33602688532514063	0.9814814814814815
27	FOSB+PTPN12	64	29	compositional_ridge	roles	0	1	1	0.023583639832499274	0.06783512657653985	0.33602688532514063	0.9814814814814815
27	FOSB+PTPN12	64	29	compositional_ridge	roles	0	1	2	0.023583639832499274	0.06783512657653985	0.33602688532514063	0.9814814814814815
27	FOSB+PTPN12	64	29	compositional_ridge	roles	0	2	0	0.023966517621060966	0.06841041465699503	0.33886066708678675	0.9629629629629629
27	FOSB+PTPN12	64	29	compositional_ridge	roles	0	2	1	0.023966517621060966	0.06841041465699503	0.33886066708678675	0.9629629629629629
27	FOSB+PTPN12	64	29	compositional_ridge	roles	0	2	2	0.023966517621060966	0.06841041465699503	0.33886066708678675	0.9629629629629629
27	FOSB+PTPN12	64	29	compositional_ridge	roles	1	0	0	0.027907144040720644	0.07362996676169187	0.3226042421966336	0.9629629629629629
27	FOSB+PTPN12	64	29	compositional_ridge	roles	1	0	1	0.027907144040720644	0.07362996676169187	0.3226042421966336	0.9629629629629629
27	FOSB+PTPN12	64	29	compositional_ridge	roles	1	0	2	0.027907144040720644	0.07362996676169187	0.3226042421966336	0.9629629629629629
27	FOSB+PTPN12	64	29	compositional_ridge	roles	1	1	0	0.021845647426113647	0.06538312559515273	0.3703874427467108	0.9629629629629629
27	FOSB+PTPN12	64	29	compositional_ridge	roles	1	1	1	0.021845647426113647	0.06538312559515273	0.3703874427467108	0.9629629629629629
27	FOSB+PTPN12	64	29	compositional_ridge	roles	1	1	2	0.021845647426113647	0.06538312559515273	0.3703874427467108	0.9629629629629629
27	FOSB+PTPN12	64	29	compositional_ridge	roles	1	2	0	0.026149185578076117	0.07136035310971828	0.3313587419939385	0.9629629629629629
27	FOSB+PTPN12	64	29	compositional_ridge	roles	1	2	1	0.026149185578076117	0.07136035310971828	0.3313587419939385	0.9629629629629629
27	FOSB+PTPN12	64	29	compositional_ridge	roles	1	2	2	0.026149185578076117	0.07136035310971828	0.3313587419939385	0.9629629629629629
27	FOSB+PTPN12	64	29	compositional_ridge	roles	2	0	0	0.026996138815761028	0.07237302739534539	0.3236284393255985	0.9629629629629629
27	FOSB+PTPN12	64	29	compositional_ridge	roles	2	0	1	0.026996138815761028	0.07237302739534539	0.3236284393255985	0.9629629629629629
27	FOSB+PTPN12	64	29	compositional_ridge	roles	2	0	2	0.026996138815761028	0.07237302739534539	0.3236284393255985	0.9629629629629629
27	FOSB+PTPN12	64	29	compositional_ridge	roles	2	1	0	0.024855302564554805	0.06950109818626198	0.32992211890529094	0.9629629629629629
27	FOSB+PTPN12	64	29	compositional_ridge	roles	2	1	1	0.024855302564554805	0.06950109818626198	0.32992211890529094	0.9629629629629629
27	FOSB+PTPN12	64	29	compositional_ridge	roles	2	1	2	0.024855302564554805	0.06950109818626198	0.32992211890529094	0.9629629629629629
27	FOSB+PTPN12	64	29	compositional_ridge	roles	2	2	0	0.021845647426113647	0.06538312559515273	0.3703874427467108	0.9629629629629629
27	FOSB+PTPN12	64	29	compositional_ridge	roles	2	2	1	0.021845647426113647	0.06538312559515273	0.3703874427467108	0.9629629629629629
27	FOSB+PTPN12	64	29	compositional_ridge	roles	2	2	2	0.021845647426113647	0.06538312559515273	0.3703874427467108	0.9629629629629629
27	FOSB+PTPN12	64	29	compositional_ridge	direct_state	unused	unused	0	0.021845647426113647	0.06538312559515273	0.3703874427467108	0.9629629629629629
27	FOSB+PTPN12	64	29	compositional_ridge	direct_state	unused	unused	1	0.021845647426113647	0.06538312559515273	0.3703874427467108	0.9629629629629629
27	FOSB+PTPN12	64	29	compositional_ridge	direct_state	unused	unused	2	0.021845647426113647	0.06538312559515273	0.3703874427467108	0.9629629629629629
27	FOSB+PTPN12	64	29	NC_native_effect	roles	0	0	0	0.030357652266770792	0.08233160926335585	0.18363482404356168	0.9074074074074074
27	FOSB+PTPN12	64	29	NC_native_effect	roles	0	0	1	0.030357652266770792	0.08233160926335585	0.18363482404356168	0.9074074074074074
27	FOSB+PTPN12	64	29	NC_native_effect	roles	0	0	2	0.030357652266770792	0.08233160926335585	0.18363482404356168	0.9074074074074074
27	FOSB+PTPN12	64	29	NC_native_effect	roles	0	1	0	0.030357652266770792	0.08233160926335585	0.18363482404356168	0.9074074074074074
27	FOSB+PTPN12	64	29	NC_native_effect	roles	0	1	1	0.030357652266770792	0.08233160926335585	0.18363482404356168	0.9074074074074074
27	FOSB+PTPN12	64	29	NC_native_effect	roles	0	1	2	0.030357652266770792	0.08233160926335585	0.18363482404356168	0.9074074074074074
27	FOSB+PTPN12	64	29	NC_native_effect	roles	0	2	0	0.030357652266770792	0.08233160926335585	0.18363482404356168	0.9074074074074074
27	FOSB+PTPN12	64	29	NC_native_effect	roles	0	2	1	0.030357652266770792	0.08233160926335585	0.18363482404356168	0.9074074074074074
27	FOSB+PTPN12	64	29	NC_native_effect	roles	0	2	2	0.030357652266770792	0.08233160926335585	0.18363482404356168	0.9074074074074074
27	FOSB+PTPN12	64	29	NC_native_effect	roles	1	0	0	0.0272487187980213	0.07795470461456736	0.202001521346065	0.9074074074074074
27	FOSB+PTPN12	64	29	NC_native_effect	roles	1	0	1	0.0272487187980213	0.07795470461456736	0.202001521346065	0.9074074074074074
27	FOSB+PTPN12	64	29	NC_native_effect	roles	1	0	2	0.0272487187980213	0.07795470461456736	0.202001521346065	0.9074074074074074
27	FOSB+PTPN12	64	29	NC_native_effect	roles	1	1	0	0.0272487187980213	0.07795470461456736	0.202001521346065	0.9074074074074074
27	FOSB+PTPN12	64	29	NC_native_effect	roles	1	1	1	0.0272487187980213	0.07795470461456736	0.202001521346065	0.9074074074074074
27	FOSB+PTPN12	64	29	NC_native_effect	roles	1	1	2	0.0272487187980213	0.07795470461456736	0.202001521346065	0.9074074074074074
27	FOSB+PTPN12	64	29	NC_native_effect	roles	1	2	0	0.0272487187980213	0.07795470461456736	0.202001521346065	0.9074074074074074
27	FOSB+PTPN12	64	29	NC_native_effect	roles	1	2	1	0.0272487187980213	0.07795470461456736	0.202001521346065	0.9074074074074074
27	FOSB+PTPN12	64	29	NC_native_effect	roles	1	2	2	0.0272487187980213	0.07795470461456736	0.202001521346065	0.9074074074074074
27	FOSB+PTPN12	64	29	NC_native_effect	roles	2	0	0	0.02819003853628945	0.07931541003947684	0.1925029066485394	0.9074074074074074
27	FOSB+PTPN12	64	29	NC_native_effect	roles	2	0	1	0.02819003853628945	0.07931541003947684	0.1925029066485394	0.9074074074074074
27	FOSB+PTPN12	64	29	NC_native_effect	roles	2	0	2	0.02819003853628945	0.07931541003947684	0.1925029066485394	0.9074074074074074
27	FOSB+PTPN12	64	29	NC_native_effect	roles	2	1	0	0.02819003853628945	0.07931541003947684	0.1925029066485394	0.9074074074074074
27	FOSB+PTPN12	64	29	NC_native_effect	roles	2	1	1	0.02819003853628945	0.07931541003947684	0.1925029066485394	0.9074074074074074
27	FOSB+PTPN12	64	29	NC_native_effect	roles	2	1	2	0.02819003853628945	0.07931541003947684	0.1925029066485394	0.9074074074074074
27	FOSB+PTPN12	64	29	NC_native_effect	roles	2	2	0	0.02819003853628945	0.07931541003947684	0.1925029066485394	0.9074074074074074
27	FOSB+PTPN12	64	29	NC_native_effect	roles	2	2	1	0.02819003853628945	0.07931541003947684	0.1925029066485394	0.9074074074074074
27	FOSB+PTPN12	64	29	NC_native_effect	roles	2	2	2	0.02819003853628945	0.07931541003947684	0.1925029066485394	0.9074074074074074
27	FOSB+PTPN12	64	29	NC_native_effect	direct_state	unused	unused	0	0.028053762494902167	0.07936720784784336	0.19995267431308056	0.9074074074074074
27	FOSB+PTPN12	64	29	NC_native_effect	direct_state	unused	unused	1	0.028053762494902167	0.07936720784784336	0.19995267431308056	0.9074074074074074
27	FOSB+PTPN12	64	29	NC_native_effect	direct_state	unused	unused	2	0.028053762494902167	0.07936720784784336	0.19995267431308056	0.9074074074074074
27	FOSB+PTPN12	64	29	native_effect_ridge	roles	0	0	0	0.04478768443785857	0.09347108050413004	0.21286181183302041	0.9444444444444444
27	FOSB+PTPN12	64	29	native_effect_ridge	roles	0	0	1	0.04478768443785857	0.09347108050413004	0.21286181183302041	0.9444444444444444
27	FOSB+PTPN12	64	29	native_effect_ridge	roles	0	0	2	0.04478768443785857	0.09347108050413004	0.21286181183302041	0.9444444444444444
27	FOSB+PTPN12	64	29	native_effect_ridge	roles	0	1	0	0.04478768443785857	0.09347108050413004	0.21286181183302041	0.9444444444444444
27	FOSB+PTPN12	64	29	native_effect_ridge	roles	0	1	1	0.04478768443785857	0.09347108050413004	0.21286181183302041	0.9444444444444444
27	FOSB+PTPN12	64	29	native_effect_ridge	roles	0	1	2	0.04478768443785857	0.09347108050413004	0.21286181183302041	0.9444444444444444
27	FOSB+PTPN12	64	29	native_effect_ridge	roles	0	2	0	0.04478768443785857	0.09347108050413004	0.21286181183302041	0.9444444444444444
27	FOSB+PTPN12	64	29	native_effect_ridge	roles	0	2	1	0.04478768443785857	0.09347108050413004	0.21286181183302041	0.9444444444444444
27	FOSB+PTPN12	64	29	native_effect_ridge	roles	0	2	2	0.04478768443785857	0.09347108050413004	0.21286181183302041	0.9444444444444444
27	FOSB+PTPN12	64	29	native_effect_ridge	roles	1	0	0	0.04852486277939366	0.09739887369261047	0.2092558728127112	0.9259259259259259
27	FOSB+PTPN12	64	29	native_effect_ridge	roles	1	0	1	0.04852486277939366	0.09739887369261047	0.2092558728127112	0.9259259259259259
27	FOSB+PTPN12	64	29	native_effect_ridge	roles	1	0	2	0.04852486277939366	0.09739887369261047	0.2092558728127112	0.9259259259259259
27	FOSB+PTPN12	64	29	native_effect_ridge	roles	1	1	0	0.04852486277939366	0.09739887369261047	0.2092558728127112	0.9259259259259259
27	FOSB+PTPN12	64	29	native_effect_ridge	roles	1	1	1	0.04852486277939366	0.09739887369261047	0.2092558728127112	0.9259259259259259
27	FOSB+PTPN12	64	29	native_effect_ridge	roles	1	1	2	0.04852486277939366	0.09739887369261047	0.2092558728127112	0.9259259259259259
27	FOSB+PTPN12	64	29	native_effect_ridge	roles	1	2	0	0.04852486277939366	0.09739887369261047	0.2092558728127112	0.9259259259259259
27	FOSB+PTPN12	64	29	native_effect_ridge	roles	1	2	1	0.04852486277939366	0.09739887369261047	0.2092558728127112	0.9259259259259259
27	FOSB+PTPN12	64	29	native_effect_ridge	roles	1	2	2	0.04852486277939366	0.09739887369261047	0.2092558728127112	0.9259259259259259
27	FOSB+PTPN12	64	29	native_effect_ridge	roles	2	0	0	0.04713129246634774	0.09591257790332762	0.208424132383638	0.9444444444444444
27	FOSB+PTPN12	64	29	native_effect_ridge	roles	2	0	1	0.04713129246634774	0.09591257790332762	0.208424132383638	0.9444444444444444
27	FOSB+PTPN12	64	29	native_effect_ridge	roles	2	0	2	0.04713129246634774	0.09591257790332762	0.208424132383638	0.9444444444444444
27	FOSB+PTPN12	64	29	native_effect_ridge	roles	2	1	0	0.04713129246634774	0.09591257790332762	0.208424132383638	0.9444444444444444
27	FOSB+PTPN12	64	29	native_effect_ridge	roles	2	1	1	0.04713129246634774	0.09591257790332762	0.208424132383638	0.9444444444444444
27	FOSB+PTPN12	64	29	native_effect_ridge	roles	2	1	2	0.04713129246634774	0.09591257790332762	0.208424132383638	0.9444444444444444
27	FOSB+PTPN12	64	29	native_effect_ridge	roles	2	2	0	0.04713129246634774	0.09591257790332762	0.208424132383638	0.9444444444444444
27	FOSB+PTPN12	64	29	native_effect_ridge	roles	2	2	1	0.04713129246634774	0.09591257790332762	0.208424132383638	0.9444444444444444
27	FOSB+PTPN12	64	29	native_effect_ridge	roles	2	2	2	0.04713129246634774	0.09591257790332762	0.208424132383638	0.9444444444444444
27	FOSB+PTPN12	64	29	native_effect_ridge	direct_state	unused	unused	0	0.04304311247628295	0.09177465054341008	0.22467770457224637	0.9444444444444444
27	FOSB+PTPN12	64	29	native_effect_ridge	direct_state	unused	unused	1	0.04304311247628295	0.09177465054341008	0.22467770457224637	0.9444444444444444
27	FOSB+PTPN12	64	29	native_effect_ridge	direct_state	unused	unused	2	0.04304311247628295	0.09177465054341008	0.22467770457224637	0.9444444444444444
27	FOSB+PTPN12	128	0	selected_CPA	roles	0	0	0	0.01627898808043399	0.05708899463674328	0.45540582721058437	0.9814814814814815
27	FOSB+PTPN12	128	0	selected_CPA	roles	0	0	1	0.017303363766072458	0.05882151590009301	0.4444593744866157	0.9814814814814815
27	FOSB+PTPN12	128	0	selected_CPA	roles	0	0	2	0.01781305301902192	0.05980072922697043	0.43542148509297546	0.9814814814814815
27	FOSB+PTPN12	128	0	selected_CPA	roles	0	1	0	0.017626247533688324	0.059168091911063425	0.40802057554958027	0.9629629629629629
27	FOSB+PTPN12	128	0	selected_CPA	roles	0	1	1	0.018323389492172878	0.060276961139728975	0.4065949857097481	0.9814814814814815
27	FOSB+PTPN12	128	0	selected_CPA	roles	0	1	2	0.01892688753159585	0.06140315803588164	0.3970040565821088	0.9814814814814815
27	FOSB+PTPN12	128	0	selected_CPA	roles	0	2	0	0.017231632421929623	0.05839550561105863	0.4130927543254956	0.9814814814814815
27	FOSB+PTPN12	128	0	selected_CPA	roles	0	2	1	0.01801670300004385	0.059704073361711595	0.4086098150855023	0.9814814814814815
27	FOSB+PTPN12	128	0	selected_CPA	roles	0	2	2	0.01840433839753002	0.06045878320477953	0.4032945108172265	0.9814814814814815
27	FOSB+PTPN12	128	0	selected_CPA	roles	1	0	0	0.0186296493089015	0.06091567464042619	0.41900184030556437	0.9814814814814815
27	FOSB+PTPN12	128	0	selected_CPA	roles	1	0	1	0.019981258721693883	0.06308649079918377	0.4063644337740313	0.9814814814814815
27	FOSB+PTPN12	128	0	selected_CPA	roles	1	0	2	0.02039713918816984	0.06383715622896682	0.4021900998792664	0.9814814814814815
27	FOSB+PTPN12	128	0	selected_CPA	roles	1	1	0	0.01627898808043399	0.05708899463674328	0.45540582721058437	0.9814814814814815
27	FOSB+PTPN12	128	0	selected_CPA	roles	1	1	1	0.017303363766072458	0.05882151590009301	0.4444593744866157	0.9814814814814815
27	FOSB+PTPN12	128	0	selected_CPA	roles	1	1	2	0.01781305301902192	0.05980072922697043	0.43542148509297546	0.9814814814814815
27	FOSB+PTPN12	128	0	selected_CPA	roles	1	2	0	0.017652496244238466	0.059182936121076335	0.4189401454597164	0.9814814814814815
27	FOSB+PTPN12	128	0	selected_CPA	roles	1	2	1	0.0187648005495066	0.061037117466565406	0.4084869925186726	0.9814814814814815
27	FOSB+PTPN12	128	0	selected_CPA	roles	1	2	2	0.019058627160519273	0.06160631875061743	0.40589222248248535	0.9814814814814815
27	FOSB+PTPN12	128	0	selected_CPA	roles	2	0	0	0.01915542521934985	0.06182786421245704	0.4132941257295814	0.9814814814814815
27	FOSB+PTPN12	128	0	selected_CPA	roles	2	0	1	0.02041910601251257	0.06379481437363191	0.4037134924683223	0.9629629629629629
27	FOSB+PTPN12	128	0	selected_CPA	roles	2	0	2	0.021050849120925322	0.06489532507761508	0.3958888636664351	0.9629629629629629
27	FOSB+PTPN12	128	0	selected_CPA	roles	2	1	0	0.018572887266445518	0.06087210632885997	0.4081138141066625	0.9814814814814815
27	FOSB+PTPN12	128	0	selected_CPA	roles	2	1	1	0.019509334332454324	0.062322856132383045	0.4037701234635448	0.9814814814814815
27	FOSB+PTPN12	128	0	selected_CPA	roles	2	1	2	0.020234886227340577	0.06361322631110153	0.39328703131284515	0.9629629629629629
27	FOSB+PTPN12	128	0	selected_CPA	roles	2	2	0	0.01627898808043399	0.05708899463674328	0.45540582721058437	0.9814814814814815
27	FOSB+PTPN12	128	0	selected_CPA	roles	2	2	1	0.017303363766072458	0.05882151590009301	0.4444593744866157	0.9814814814814815
27	FOSB+PTPN12	128	0	selected_CPA	roles	2	2	2	0.01781305301902192	0.05980072922697043	0.43542148509297546	0.9814814814814815
27	FOSB+PTPN12	128	0	selected_CPA	direct_state	unused	unused	0	0.01627898808043399	0.05708899463674328	0.45540582721058437	0.9814814814814815
27	FOSB+PTPN12	128	0	selected_CPA	direct_state	unused	unused	1	0.017303363766072458	0.05882151590009301	0.4444593744866157	0.9814814814814815
27	FOSB+PTPN12	128	0	selected_CPA	direct_state	unused	unused	2	0.01781305301902192	0.05980072922697043	0.43542148509297546	0.9814814814814815
27	FOSB+PTPN12	128	0	original_CPA_fixed	roles	0	0	0	0.022328072726708434	0.06959900360414599	0.36063172183485703	0.9074074074074074
27	FOSB+PTPN12	128	0	original_CPA_fixed	roles	0	0	1	0.022328072726708434	0.06959900360414599	0.36063172183485703	0.9074074074074074
27	FOSB+PTPN12	128	0	original_CPA_fixed	roles	0	0	2	0.022328072726708434	0.06959900360414599	0.36063172183485703	0.9074074074074074
27	FOSB+PTPN12	128	0	original_CPA_fixed	roles	0	1	0	0.02354091082823377	0.07134097064134329	0.3298972666114265	0.9074074074074074
27	FOSB+PTPN12	128	0	original_CPA_fixed	roles	0	1	1	0.02354091082823377	0.07134097064134329	0.3298972666114265	0.9074074074074074
27	FOSB+PTPN12	128	0	original_CPA_fixed	roles	0	1	2	0.02354091082823377	0.07134097064134329	0.3298972666114265	0.9074074074074074
27	FOSB+PTPN12	128	0	original_CPA_fixed	roles	0	2	0	0.022811121707382028	0.06985629211161808	0.3377024520013654	0.9074074074074074
27	FOSB+PTPN12	128	0	original_CPA_fixed	roles	0	2	1	0.022811121707382028	0.06985629211161808	0.3377024520013654	0.9074074074074074
27	FOSB+PTPN12	128	0	original_CPA_fixed	roles	0	2	2	0.022811121707382028	0.06985629211161808	0.3377024520013654	0.9074074074074074
27	FOSB+PTPN12	128	0	original_CPA_fixed	roles	1	0	0	0.024813155306904953	0.07274465212891565	0.3486976950365445	0.9074074074074074
27	FOSB+PTPN12	128	0	original_CPA_fixed	roles	1	0	1	0.024813155306904953	0.07274465212891565	0.3486976950365445	0.9074074074074074
27	FOSB+PTPN12	128	0	original_CPA_fixed	roles	1	0	2	0.024813155306904953	0.07274465212891565	0.3486976950365445	0.9074074074074074
27	FOSB+PTPN12	128	0	original_CPA_fixed	roles	1	1	0	0.022328072726708434	0.06959900360414599	0.36063172183485703	0.9074074074074074
27	FOSB+PTPN12	128	0	original_CPA_fixed	roles	1	1	1	0.022328072726708434	0.06959900360414599	0.36063172183485703	0.9074074074074074
27	FOSB+PTPN12	128	0	original_CPA_fixed	roles	1	1	2	0.022328072726708434	0.06959900360414599	0.36063172183485703	0.9074074074074074
27	FOSB+PTPN12	128	0	original_CPA_fixed	roles	1	2	0	0.023366406881419877	0.07048888850256331	0.34760258174979514	0.9074074074074074
27	FOSB+PTPN12	128	0	original_CPA_fixed	roles	1	2	1	0.023366406881419877	0.07048888850256331	0.34760258174979514	0.9074074074074074
27	FOSB+PTPN12	128	0	original_CPA_fixed	roles	1	2	2	0.023366406881419877	0.07048888850256331	0.34760258174979514	0.9074074074074074
27	FOSB+PTPN12	128	0	original_CPA_fixed	roles	2	0	0	0.02567410522644635	0.07431389041877123	0.34058956205816304	0.9074074074074074
27	FOSB+PTPN12	128	0	original_CPA_fixed	roles	2	0	1	0.02567410522644635	0.07431389041877123	0.34058956205816304	0.9074074074074074
27	FOSB+PTPN12	128	0	original_CPA_fixed	roles	2	0	2	0.02567410522644635	0.07431389041877123	0.34058956205816304	0.9074074074074074
27	FOSB+PTPN12	128	0	original_CPA_fixed	roles	2	1	0	0.02495714592181301	0.07354648762931021	0.33164585840122673	0.9074074074074074
27	FOSB+PTPN12	128	0	original_CPA_fixed	roles	2	1	1	0.02495714592181301	0.07354648762931021	0.33164585840122673	0.9074074074074074
27	FOSB+PTPN12	128	0	original_CPA_fixed	roles	2	1	2	0.02495714592181301	0.07354648762931021	0.33164585840122673	0.9074074074074074
27	FOSB+PTPN12	128	0	original_CPA_fixed	roles	2	2	0	0.022328072726708434	0.06959900360414599	0.36063172183485703	0.9074074074074074
27	FOSB+PTPN12	128	0	original_CPA_fixed	roles	2	2	1	0.022328072726708434	0.06959900360414599	0.36063172183485703	0.9074074074074074
27	FOSB+PTPN12	128	0	original_CPA_fixed	roles	2	2	2	0.022328072726708434	0.06959900360414599	0.36063172183485703	0.9074074074074074
27	FOSB+PTPN12	128	0	original_CPA_fixed	direct_state	unused	unused	0	0.022328072726708434	0.06959900360414599	0.36063172183485703	0.9074074074074074
27	FOSB+PTPN12	128	0	original_CPA_fixed	direct_state	unused	unused	1	0.022328072726708434	0.06959900360414599	0.36063172183485703	0.9074074074074074
27	FOSB+PTPN12	128	0	original_CPA_fixed	direct_state	unused	unused	2	0.022328072726708434	0.06959900360414599	0.36063172183485703	0.9074074074074074
27	FOSB+PTPN12	128	0	additive	roles	0	0	0	0.019831315268877964	0.06271253099720164	0.553566026306862	0.9814814814814815
27	FOSB+PTPN12	128	0	additive	roles	0	0	1	0.019831315268877964	0.06271253099720164	0.553566026306862	0.9814814814814815
27	FOSB+PTPN12	128	0	additive	roles	0	0	2	0.019831315268877964	0.06271253099720164	0.553566026306862	0.9814814814814815
27	FOSB+PTPN12	128	0	additive	roles	0	1	0	0.022600021470647158	0.06696797561457764	0.5230832466008678	0.9814814814814815
27	FOSB+PTPN12	128	0	additive	roles	0	1	1	0.022600021470647158	0.06696797561457764	0.5230832466008678	0.9814814814814815
27	FOSB+PTPN12	128	0	additive	roles	0	1	2	0.022600021470647158	0.06696797561457764	0.5230832466008678	0.9814814814814815
27	FOSB+PTPN12	128	0	additive	roles	0	2	0	0.02248896966071632	0.06672397296318078	0.5249012209468988	0.9814814814814815
27	FOSB+PTPN12	128	0	additive	roles	0	2	1	0.02248896966071632	0.06672397296318078	0.5249012209468988	0.9814814814814815
27	FOSB+PTPN12	128	0	additive	roles	0	2	2	0.02248896966071632	0.06672397296318078	0.5249012209468988	0.9814814814814815
27	FOSB+PTPN12	128	0	additive	roles	1	0	0	0.02076052974883063	0.06383015925298473	0.5486925022243427	0.9814814814814815
27	FOSB+PTPN12	128	0	additive	roles	1	0	1	0.02076052974883063	0.06383015925298473	0.5486925022243427	0.9814814814814815
27	FOSB+PTPN12	128	0	additive	roles	1	0	2	0.02076052974883063	0.06383015925298473	0.5486925022243427	0.9814814814814815
27	FOSB+PTPN12	128	0	additive	roles	1	1	0	0.019831315268877964	0.06271253099720164	0.553566026306862	0.9814814814814815
27	FOSB+PTPN12	128	0	additive	roles	1	1	1	0.019831315268877964	0.06271253099720164	0.553566026306862	0.9814814814814815
27	FOSB+PTPN12	128	0	additive	roles	1	1	2	0.019831315268877964	0.06271253099720164	0.553566026306862	0.9814814814814815
27	FOSB+PTPN12	128	0	additive	roles	1	2	0	0.02148838673451031	0.06507330480507162	0.537931883074518	0.9814814814814815
27	FOSB+PTPN12	128	0	additive	roles	1	2	1	0.02148838673451031	0.06507330480507162	0.537931883074518	0.9814814814814815
27	FOSB+PTPN12	128	0	additive	roles	1	2	2	0.02148838673451031	0.06507330480507162	0.537931883074518	0.9814814814814815
27	FOSB+PTPN12	128	0	additive	roles	2	0	0	0.02100274235745112	0.06424988538149834	0.5460371879339493	0.9814814814814815
27	FOSB+PTPN12	128	0	additive	roles	2	0	1	0.02100274235745112	0.06424988538149834	0.5460371879339493	0.9814814814814815
27	FOSB+PTPN12	128	0	additive	roles	2	0	2	0.02100274235745112	0.06424988538149834	0.5460371879339493	0.9814814814814815
27	FOSB+PTPN12	128	0	additive	roles	2	1	0	0.02184165115306164	0.06573366511500349	0.5334780530613973	0.9814814814814815
27	FOSB+PTPN12	128	0	additive	roles	2	1	1	0.02184165115306164	0.06573366511500349	0.5334780530613973	0.9814814814814815
27	FOSB+PTPN12	128	0	additive	roles	2	1	2	0.02184165115306164	0.06573366511500349	0.5334780530613973	0.9814814814814815
27	FOSB+PTPN12	128	0	additive	roles	2	2	0	0.019831315268877964	0.06271253099720164	0.553566026306862	0.9814814814814815
27	FOSB+PTPN12	128	0	additive	roles	2	2	1	0.019831315268877964	0.06271253099720164	0.553566026306862	0.9814814814814815
27	FOSB+PTPN12	128	0	additive	roles	2	2	2	0.019831315268877964	0.06271253099720164	0.553566026306862	0.9814814814814815
27	FOSB+PTPN12	128	0	additive	direct_state	unused	unused	0	0.019831315268877964	0.06271253099720164	0.553566026306862	0.9814814814814815
27	FOSB+PTPN12	128	0	additive	direct_state	unused	unused	1	0.019831315268877964	0.06271253099720164	0.553566026306862	0.9814814814814815
27	FOSB+PTPN12	128	0	additive	direct_state	unused	unused	2	0.019831315268877964	0.06271253099720164	0.553566026306862	0.9814814814814815
27	FOSB+PTPN12	128	0	compositional_ridge	roles	0	0	0	0.021845647426113647	0.06538312559515273	0.3703874427467108	0.9629629629629629
27	FOSB+PTPN12	128	0	compositional_ridge	roles	0	0	1	0.021845647426113647	0.06538312559515273	0.3703874427467108	0.9629629629629629
27	FOSB+PTPN12	128	0	compositional_ridge	roles	0	0	2	0.021845647426113647	0.06538312559515273	0.3703874427467108	0.9629629629629629
27	FOSB+PTPN12	128	0	compositional_ridge	roles	0	1	0	0.024897287317660246	0.06976466034770391	0.3333637126053577	0.9629629629629629
27	FOSB+PTPN12	128	0	compositional_ridge	roles	0	1	1	0.024897287317660246	0.06976466034770391	0.3333637126053577	0.9629629629629629
27	FOSB+PTPN12	128	0	compositional_ridge	roles	0	1	2	0.024897287317660246	0.06976466034770391	0.3333637126053577	0.9629629629629629
27	FOSB+PTPN12	128	0	compositional_ridge	roles	0	2	0	0.025138517591783163	0.070107325263926	0.331933497922835	0.9629629629629629
27	FOSB+PTPN12	128	0	compositional_ridge	roles	0	2	1	0.025138517591783163	0.070107325263926	0.331933497922835	0.9629629629629629
27	FOSB+PTPN12	128	0	compositional_ridge	roles	0	2	2	0.025138517591783163	0.070107325263926	0.331933497922835	0.9629629629629629
27	FOSB+PTPN12	128	0	compositional_ridge	roles	1	0	0	0.0224919282162889	0.06615190316066989	0.36471915826531726	0.9629629629629629
27	FOSB+PTPN12	128	0	compositional_ridge	roles	1	0	1	0.0224919282162889	0.06615190316066989	0.36471915826531726	0.9629629629629629
27	FOSB+PTPN12	128	0	compositional_ridge	roles	1	0	2	0.0224919282162889	0.06615190316066989	0.36471915826531726	0.9629629629629629
27	FOSB+PTPN12	128	0	compositional_ridge	roles	1	1	0	0.021845647426113647	0.06538312559515273	0.3703874427467108	0.9629629629629629
27	FOSB+PTPN12	128	0	compositional_ridge	roles	1	1	1	0.021845647426113647	0.06538312559515273	0.3703874427467108	0.9629629629629629
27	FOSB+PTPN12	128	0	compositional_ridge	roles	1	1	2	0.021845647426113647	0.06538312559515273	0.3703874427467108	0.9629629629629629
27	FOSB+PTPN12	128	0	compositional_ridge	roles	1	2	0	0.023855000975799748	0.06824351235777003	0.3476547610785209	0.9629629629629629
27	FOSB+PTPN12	128	0	compositional_ridge	roles	1	2	1	0.023855000975799748	0.06824351235777003	0.3476547610785209	0.9629629629629629
27	FOSB+PTPN12	128	0	compositional_ridge	roles	1	2	2	0.023855000975799748	0.06824351235777003	0.3476547610785209	0.9629629629629629
27	FOSB+PTPN12	128	0	compositional_ridge	roles	2	0	0	0.022381858740855635	0.06594908961386893	0.365345978988334	0.9629629629629629
27	FOSB+PTPN12	128	0	compositional_ridge	roles	2	0	1	0.022381858740855635	0.06594908961386893	0.365345978988334	0.9629629629629629
27	FOSB+PTPN12	128	0	compositional_ridge	roles	2	0	2	0.022381858740855635	0.06594908961386893	0.365345978988334	0.9629629629629629
27	FOSB+PTPN12	128	0	compositional_ridge	roles	2	1	0	0.023503701226243564	0.06769383934903642	0.3497645922669898	0.9629629629629629
27	FOSB+PTPN12	128	0	compositional_ridge	roles	2	1	1	0.023503701226243564	0.06769383934903642	0.3497645922669898	0.9629629629629629
27	FOSB+PTPN12	128	0	compositional_ridge	roles	2	1	2	0.023503701226243564	0.06769383934903642	0.3497645922669898	0.9629629629629629
27	FOSB+PTPN12	128	0	compositional_ridge	roles	2	2	0	0.021845647426113647	0.06538312559515273	0.3703874427467108	0.9629629629629629
27	FOSB+PTPN12	128	0	compositional_ridge	roles	2	2	1	0.021845647426113647	0.06538312559515273	0.3703874427467108	0.9629629629629629
27	FOSB+PTPN12	128	0	compositional_ridge	roles	2	2	2	0.021845647426113647	0.06538312559515273	0.3703874427467108	0.9629629629629629
27	FOSB+PTPN12	128	0	compositional_ridge	direct_state	unused	unused	0	0.021845647426113647	0.06538312559515273	0.3703874427467108	0.9629629629629629
27	FOSB+PTPN12	128	0	compositional_ridge	direct_state	unused	unused	1	0.021845647426113647	0.06538312559515273	0.3703874427467108	0.9629629629629629
27	FOSB+PTPN12	128	0	compositional_ridge	direct_state	unused	unused	2	0.021845647426113647	0.06538312559515273	0.3703874427467108	0.9629629629629629
27	FOSB+PTPN12	128	0	NC_native_effect	roles	0	0	0	0.027433015165725334	0.07836617414496229	0.1939551951104097	0.9074074074074074
27	FOSB+PTPN12	128	0	NC_native_effect	roles	0	0	1	0.027433015165725334	0.07836617414496229	0.1939551951104097	0.9074074074074074
27	FOSB+PTPN12	128	0	NC_native_effect	roles	0	0	2	0.027433015165725334	0.07836617414496229	0.1939551951104097	0.9074074074074074
27	FOSB+PTPN12	128	0	NC_native_effect	roles	0	1	0	0.027433015165725334	0.07836617414496229	0.1939551951104097	0.9074074074074074
27	FOSB+PTPN12	128	0	NC_native_effect	roles	0	1	1	0.027433015165725334	0.07836617414496229	0.1939551951104097	0.9074074074074074
27	FOSB+PTPN12	128	0	NC_native_effect	roles	0	1	2	0.027433015165725334	0.07836617414496229	0.1939551951104097	0.9074074074074074
27	FOSB+PTPN12	128	0	NC_native_effect	roles	0	2	0	0.027433015165725334	0.07836617414496229	0.1939551951104097	0.9074074074074074
27	FOSB+PTPN12	128	0	NC_native_effect	roles	0	2	1	0.027433015165725334	0.07836617414496229	0.1939551951104097	0.9074074074074074
27	FOSB+PTPN12	128	0	NC_native_effect	roles	0	2	2	0.027433015165725334	0.07836617414496229	0.1939551951104097	0.9074074074074074
27	FOSB+PTPN12	128	0	NC_native_effect	roles	1	0	0	0.028110439776312546	0.07898208589436431	0.20397100480661992	0.9074074074074074
27	FOSB+PTPN12	128	0	NC_native_effect	roles	1	0	1	0.028110439776312546	0.07898208589436431	0.20397100480661992	0.9074074074074074
27	FOSB+PTPN12	128	0	NC_native_effect	roles	1	0	2	0.028110439776312546	0.07898208589436431	0.20397100480661992	0.9074074074074074
27	FOSB+PTPN12	128	0	NC_native_effect	roles	1	1	0	0.028110439776312546	0.07898208589436431	0.20397100480661992	0.9074074074074074
27	FOSB+PTPN12	128	0	NC_native_effect	roles	1	1	1	0.028110439776312546	0.07898208589436431	0.20397100480661992	0.9074074074074074
27	FOSB+PTPN12	128	0	NC_native_effect	roles	1	1	2	0.028110439776312546	0.07898208589436431	0.20397100480661992	0.9074074074074074
27	FOSB+PTPN12	128	0	NC_native_effect	roles	1	2	0	0.028110439776312546	0.07898208589436431	0.20397100480661992	0.9074074074074074
27	FOSB+PTPN12	128	0	NC_native_effect	roles	1	2	1	0.028110439776312546	0.07898208589436431	0.20397100480661992	0.9074074074074074
27	FOSB+PTPN12	128	0	NC_native_effect	roles	1	2	2	0.028110439776312546	0.07898208589436431	0.20397100480661992	0.9074074074074074
27	FOSB+PTPN12	128	0	NC_native_effect	roles	2	0	0	0.029149610765116026	0.08082412330489612	0.19834876657953276	0.9074074074074074
27	FOSB+PTPN12	128	0	NC_native_effect	roles	2	0	1	0.029149610765116026	0.08082412330489612	0.19834876657953276	0.9074074074074074
27	FOSB+PTPN12	128	0	NC_native_effect	roles	2	0	2	0.029149610765116026	0.08082412330489612	0.19834876657953276	0.9074074074074074
27	FOSB+PTPN12	128	0	NC_native_effect	roles	2	1	0	0.029149610765116026	0.08082412330489612	0.19834876657953276	0.9074074074074074
27	FOSB+PTPN12	128	0	NC_native_effect	roles	2	1	1	0.029149610765116026	0.08082412330489612	0.19834876657953276	0.9074074074074074
27	FOSB+PTPN12	128	0	NC_native_effect	roles	2	1	2	0.029149610765116026	0.08082412330489612	0.19834876657953276	0.9074074074074074
27	FOSB+PTPN12	128	0	NC_native_effect	roles	2	2	0	0.029149610765116026	0.08082412330489612	0.19834876657953276	0.9074074074074074
27	FOSB+PTPN12	128	0	NC_native_effect	roles	2	2	1	0.029149610765116026	0.08082412330489612	0.19834876657953276	0.9074074074074074
27	FOSB+PTPN12	128	0	NC_native_effect	roles	2	2	2	0.029149610765116026	0.08082412330489612	0.19834876657953276	0.9074074074074074
27	FOSB+PTPN12	128	0	NC_native_effect	direct_state	unused	unused	0	0.028053762494902167	0.07936720784784336	0.19995267431308056	0.9074074074074074
27	FOSB+PTPN12	128	0	NC_native_effect	direct_state	unused	unused	1	0.028053762494902167	0.07936720784784336	0.19995267431308056	0.9074074074074074
27	FOSB+PTPN12	128	0	NC_native_effect	direct_state	unused	unused	2	0.028053762494902167	0.07936720784784336	0.19995267431308056	0.9074074074074074
27	FOSB+PTPN12	128	0	native_effect_ridge	roles	0	0	0	0.0463353305111758	0.09521453754742122	0.2107943241814939	0.9259259259259259
27	FOSB+PTPN12	128	0	native_effect_ridge	roles	0	0	1	0.0463353305111758	0.09521453754742122	0.2107943241814939	0.9259259259259259
27	FOSB+PTPN12	128	0	native_effect_ridge	roles	0	0	2	0.0463353305111758	0.09521453754742122	0.2107943241814939	0.9259259259259259
27	FOSB+PTPN12	128	0	native_effect_ridge	roles	0	1	0	0.0463353305111758	0.09521453754742122	0.2107943241814939	0.9259259259259259
27	FOSB+PTPN12	128	0	native_effect_ridge	roles	0	1	1	0.0463353305111758	0.09521453754742122	0.2107943241814939	0.9259259259259259
27	FOSB+PTPN12	128	0	native_effect_ridge	roles	0	1	2	0.0463353305111758	0.09521453754742122	0.2107943241814939	0.9259259259259259
27	FOSB+PTPN12	128	0	native_effect_ridge	roles	0	2	0	0.0463353305111758	0.09521453754742122	0.2107943241814939	0.9259259259259259
27	FOSB+PTPN12	128	0	native_effect_ridge	roles	0	2	1	0.0463353305111758	0.09521453754742122	0.2107943241814939	0.9259259259259259
27	FOSB+PTPN12	128	0	native_effect_ridge	roles	0	2	2	0.0463353305111758	0.09521453754742122	0.2107943241814939	0.9259259259259259
27	FOSB+PTPN12	128	0	native_effect_ridge	roles	1	0	0	0.044565023161852284	0.09329850883753475	0.2210085885419194	0.9444444444444444
27	FOSB+PTPN12	128	0	native_effect_ridge	roles	1	0	1	0.044565023161852284	0.09329850883753475	0.2210085885419194	0.9444444444444444
27	FOSB+PTPN12	128	0	native_effect_ridge	roles	1	0	2	0.044565023161852284	0.09329850883753475	0.2210085885419194	0.9444444444444444
27	FOSB+PTPN12	128	0	native_effect_ridge	roles	1	1	0	0.044565023161852284	0.09329850883753475	0.2210085885419194	0.9444444444444444
27	FOSB+PTPN12	128	0	native_effect_ridge	roles	1	1	1	0.044565023161852284	0.09329850883753475	0.2210085885419194	0.9444444444444444
27	FOSB+PTPN12	128	0	native_effect_ridge	roles	1	1	2	0.044565023161852284	0.09329850883753475	0.2210085885419194	0.9444444444444444
27	FOSB+PTPN12	128	0	native_effect_ridge	roles	1	2	0	0.044565023161852284	0.09329850883753475	0.2210085885419194	0.9444444444444444
27	FOSB+PTPN12	128	0	native_effect_ridge	roles	1	2	1	0.044565023161852284	0.09329850883753475	0.2210085885419194	0.9444444444444444
27	FOSB+PTPN12	128	0	native_effect_ridge	roles	1	2	2	0.044565023161852284	0.09329850883753475	0.2210085885419194	0.9444444444444444
27	FOSB+PTPN12	128	0	native_effect_ridge	roles	2	0	0	0.044272964922229215	0.09292759346784565	0.222288427368914	0.9444444444444444
27	FOSB+PTPN12	128	0	native_effect_ridge	roles	2	0	1	0.044272964922229215	0.09292759346784565	0.222288427368914	0.9444444444444444
27	FOSB+PTPN12	128	0	native_effect_ridge	roles	2	0	2	0.044272964922229215	0.09292759346784565	0.222288427368914	0.9444444444444444
27	FOSB+PTPN12	128	0	native_effect_ridge	roles	2	1	0	0.044272964922229215	0.09292759346784565	0.222288427368914	0.9444444444444444
27	FOSB+PTPN12	128	0	native_effect_ridge	roles	2	1	1	0.044272964922229215	0.09292759346784565	0.222288427368914	0.9444444444444444
27	FOSB+PTPN12	128	0	native_effect_ridge	roles	2	1	2	0.044272964922229215	0.09292759346784565	0.222288427368914	0.9444444444444444
27	FOSB+PTPN12	128	0	native_effect_ridge	roles	2	2	0	0.044272964922229215	0.09292759346784565	0.222288427368914	0.9444444444444444
27	FOSB+PTPN12	128	0	native_effect_ridge	roles	2	2	1	0.044272964922229215	0.09292759346784565	0.222288427368914	0.9444444444444444
27	FOSB+PTPN12	128	0	native_effect_ridge	roles	2	2	2	0.044272964922229215	0.09292759346784565	0.222288427368914	0.9444444444444444
27	FOSB+PTPN12	128	0	native_effect_ridge	direct_state	unused	unused	0	0.04304311247628295	0.09177465054341008	0.22467770457224637	0.9444444444444444
27	FOSB+PTPN12	128	0	native_effect_ridge	direct_state	unused	unused	1	0.04304311247628295	0.09177465054341008	0.22467770457224637	0.9444444444444444
27	FOSB+PTPN12	128	0	native_effect_ridge	direct_state	unused	unused	2	0.04304311247628295	0.09177465054341008	0.22467770457224637	0.9444444444444444
27	FOSB+PTPN12	128	29	selected_CPA	roles	0	0	0	0.018877469088320817	0.06163318023982337	0.4176621711126081	0.9629629629629629
27	FOSB+PTPN12	128	29	selected_CPA	roles	0	0	1	0.016369686038407966	0.05720139718134917	0.46420895597946527	0.9814814814814815
27	FOSB+PTPN12	128	29	selected_CPA	roles	0	0	2	0.016948862819179292	0.05831792201193574	0.44571837428664013	0.9814814814814815
27	FOSB+PTPN12	128	29	selected_CPA	roles	0	1	0	0.02399062703717653	0.06956058968451512	0.3337395101643388	0.9629629629629629
27	FOSB+PTPN12	128	29	selected_CPA	roles	0	1	1	0.020549546070996103	0.06413435515098932	0.37799516995322835	0.9629629629629629
27	FOSB+PTPN12	128	29	selected_CPA	roles	0	1	2	0.02153912543519453	0.06578796096318867	0.35856177090502156	0.9629629629629629
27	FOSB+PTPN12	128	29	selected_CPA	roles	0	2	0	0.022924100492611323	0.06785548269122647	0.35881434412537216	0.9629629629629629
27	FOSB+PTPN12	128	29	selected_CPA	roles	0	2	1	0.01988948395069341	0.06298404868878693	0.3996085236774993	0.9629629629629629
27	FOSB+PTPN12	128	29	selected_CPA	roles	0	2	2	0.020560449800640427	0.06415605205401356	0.38444630814390496	0.9629629629629629
27	FOSB+PTPN12	128	29	selected_CPA	roles	1	0	0	0.017955599853075307	0.05964702018381469	0.4369911850941357	0.9814814814814815
27	FOSB+PTPN12	128	29	selected_CPA	roles	1	0	1	0.016381114719430025	0.056832464397388684	0.4607901310771465	1.0
27	FOSB+PTPN12	128	29	selected_CPA	roles	1	0	2	0.016549888916774252	0.05721056798357416	0.454149489661619	1.0
27	FOSB+PTPN12	128	29	selected_CPA	roles	1	1	0	0.018877469088320817	0.06163318023982337	0.4176621711126081	0.9629629629629629
27	FOSB+PTPN12	128	29	selected_CPA	roles	1	1	1	0.016369686038407966	0.05720139718134917	0.46420895597946527	0.9814814814814815
27	FOSB+PTPN12	128	29	selected_CPA	roles	1	1	2	0.016948862819179292	0.05831792201193574	0.44571837428664013	0.9814814814814815
27	FOSB+PTPN12	128	29	selected_CPA	roles	1	2	0	0.019806935402218534	0.06281221827528949	0.4105121716615497	0.9629629629629629
27	FOSB+PTPN12	128	29	selected_CPA	roles	1	2	1	0.017705616776568185	0.05921832218395677	0.4415225521192422	0.9814814814814815
27	FOSB+PTPN12	128	29	selected_CPA	roles	1	2	2	0.017966180043088104	0.05974912718558885	0.4330626494220966	0.9814814814814815
27	FOSB+PTPN12	128	29	selected_CPA	roles	2	0	0	0.018611821513003585	0.060869795692822304	0.4136663574267541	0.9814814814814815
27	FOSB+PTPN12	128	29	selected_CPA	roles	2	0	1	0.0166308719550958	0.05735163498769321	0.4466791341206255	1.0
27	FOSB+PTPN12	128	29	selected_CPA	roles	2	0	2	0.017118259666691435	0.05829375426595285	0.4323973825099363	0.9814814814814815
27	FOSB+PTPN12	128	29	selected_CPA	roles	2	1	0	0.02152968360671201	0.06578030770328061	0.3606645504973654	0.9629629629629629
27	FOSB+PTPN12	128	29	selected_CPA	roles	2	1	1	0.018615436132536658	0.06092877669841894	0.40423823271335463	0.9814814814814815
27	FOSB+PTPN12	128	29	selected_CPA	roles	2	1	2	0.01951322642755939	0.06250702112077129	0.3837793449819491	0.9814814814814815
27	FOSB+PTPN12	128	29	selected_CPA	roles	2	2	0	0.018877469088320817	0.06163318023982337	0.4176621711126081	0.9629629629629629
27	FOSB+PTPN12	128	29	selected_CPA	roles	2	2	1	0.016369686038407966	0.05720139718134917	0.46420895597946527	0.9814814814814815
27	FOSB+PTPN12	128	29	selected_CPA	roles	2	2	2	0.016948862819179292	0.05831792201193574	0.44571837428664013	0.9814814814814815
27	FOSB+PTPN12	128	29	selected_CPA	direct_state	unused	unused	0	0.018877469088320817	0.06163318023982337	0.4176621711126081	0.9629629629629629
27	FOSB+PTPN12	128	29	selected_CPA	direct_state	unused	unused	1	0.016369686038407966	0.05720139718134917	0.46420895597946527	0.9814814814814815
27	FOSB+PTPN12	128	29	selected_CPA	direct_state	unused	unused	2	0.016948862819179292	0.05831792201193574	0.44571837428664013	0.9814814814814815
27	FOSB+PTPN12	128	29	original_CPA_fixed	roles	0	0	0	0.022328072726708434	0.06959900360414599	0.36063172183485703	0.9074074074074074
27	FOSB+PTPN12	128	29	original_CPA_fixed	roles	0	0	1	0.022328072726708434	0.06959900360414599	0.36063172183485703	0.9074074074074074
27	FOSB+PTPN12	128	29	original_CPA_fixed	roles	0	0	2	0.022328072726708434	0.06959900360414599	0.36063172183485703	0.9074074074074074
27	FOSB+PTPN12	128	29	original_CPA_fixed	roles	0	1	0	0.02735439031246904	0.07675640866797585	0.30146067496165846	0.9074074074074074
27	FOSB+PTPN12	128	29	original_CPA_fixed	roles	0	1	1	0.02735439031246904	0.07675640866797585	0.30146067496165846	0.9074074074074074
27	FOSB+PTPN12	128	29	original_CPA_fixed	roles	0	1	2	0.02735439031246904	0.07675640866797585	0.30146067496165846	0.9074074074074074
27	FOSB+PTPN12	128	29	original_CPA_fixed	roles	0	2	0	0.026677270956324658	0.07572071168387036	0.3181583980132757	0.9074074074074074
27	FOSB+PTPN12	128	29	original_CPA_fixed	roles	0	2	1	0.026677270956324658	0.07572071168387036	0.3181583980132757	0.9074074074074074
27	FOSB+PTPN12	128	29	original_CPA_fixed	roles	0	2	2	0.026677270956324658	0.07572071168387036	0.3181583980132757	0.9074074074074074
27	FOSB+PTPN12	128	29	original_CPA_fixed	roles	1	0	0	0.021493043854558032	0.06779115853038134	0.3765331816064842	0.9074074074074074
27	FOSB+PTPN12	128	29	original_CPA_fixed	roles	1	0	1	0.021493043854558032	0.06779115853038134	0.3765331816064842	0.9074074074074074
27	FOSB+PTPN12	128	29	original_CPA_fixed	roles	1	0	2	0.021493043854558032	0.06779115853038134	0.3765331816064842	0.9074074074074074
27	FOSB+PTPN12	128	29	original_CPA_fixed	roles	1	1	0	0.022328072726708434	0.06959900360414599	0.36063172183485703	0.9074074074074074
27	FOSB+PTPN12	128	29	original_CPA_fixed	roles	1	1	1	0.022328072726708434	0.06959900360414599	0.36063172183485703	0.9074074074074074
27	FOSB+PTPN12	128	29	original_CPA_fixed	roles	1	1	2	0.022328072726708434	0.06959900360414599	0.36063172183485703	0.9074074074074074
27	FOSB+PTPN12	128	29	original_CPA_fixed	roles	1	2	0	0.023646946229026976	0.07118381960236908	0.35522571080257426	0.9074074074074074
27	FOSB+PTPN12	128	29	original_CPA_fixed	roles	1	2	1	0.023646946229026976	0.07118381960236908	0.35522571080257426	0.9074074074074074
27	FOSB+PTPN12	128	29	original_CPA_fixed	roles	1	2	2	0.023646946229026976	0.07118381960236908	0.35522571080257426	0.9074074074074074
27	FOSB+PTPN12	128	29	original_CPA_fixed	roles	2	0	0	0.021759858326065487	0.06831264285228751	0.3630108858748102	0.9074074074074074
27	FOSB+PTPN12	128	29	original_CPA_fixed	roles	2	0	1	0.021759858326065487	0.06831264285228751	0.3630108858748102	0.9074074074074074
27	FOSB+PTPN12	128	29	original_CPA_fixed	roles	2	0	2	0.021759858326065487	0.06831264285228751	0.3630108858748102	0.9074074074074074
27	FOSB+PTPN12	128	29	original_CPA_fixed	roles	2	1	0	0.024590880056678806	0.072773843277987	0.32408303692734514	0.9074074074074074
27	FOSB+PTPN12	128	29	original_CPA_fixed	roles	2	1	1	0.024590880056678806	0.072773843277987	0.32408303692734514	0.9074074074074074
27	FOSB+PTPN12	128	29	original_CPA_fixed	roles	2	1	2	0.024590880056678806	0.072773843277987	0.32408303692734514	0.9074074074074074
27	FOSB+PTPN12	128	29	original_CPA_fixed	roles	2	2	0	0.022328072726708434	0.06959900360414599	0.36063172183485703	0.9074074074074074
27	FOSB+PTPN12	128	29	original_CPA_fixed	roles	2	2	1	0.022328072726708434	0.06959900360414599	0.36063172183485703	0.9074074074074074
27	FOSB+PTPN12	128	29	original_CPA_fixed	roles	2	2	2	0.022328072726708434	0.06959900360414599	0.36063172183485703	0.9074074074074074
27	FOSB+PTPN12	128	29	original_CPA_fixed	direct_state	unused	unused	0	0.022328072726708434	0.06959900360414599	0.36063172183485703	0.9074074074074074
27	FOSB+PTPN12	128	29	original_CPA_fixed	direct_state	unused	unused	1	0.022328072726708434	0.06959900360414599	0.36063172183485703	0.9074074074074074
27	FOSB+PTPN12	128	29	original_CPA_fixed	direct_state	unused	unused	2	0.022328072726708434	0.06959900360414599	0.36063172183485703	0.9074074074074074
27	FOSB+PTPN12	128	29	additive	roles	0	0	0	0.019831315268877964	0.06271253099720164	0.553566026306862	0.9814814814814815
27	FOSB+PTPN12	128	29	additive	roles	0	0	1	0.019831315268877964	0.06271253099720164	0.553566026306862	0.9814814814814815
27	FOSB+PTPN12	128	29	additive	roles	0	0	2	0.019831315268877964	0.06271253099720164	0.553566026306862	0.9814814814814815
27	FOSB+PTPN12	128	29	additive	roles	0	1	0	0.02002384929085939	0.06280292996991296	0.5403256129198205	0.9814814814814815
27	FOSB+PTPN12	128	29	additive	roles	0	1	1	0.02002384929085939	0.06280292996991296	0.5403256129198205	0.9814814814814815
27	FOSB+PTPN12	128	29	additive	roles	0	1	2	0.02002384929085939	0.06280292996991296	0.5403256129198205	0.9814814814814815
27	FOSB+PTPN12	128	29	additive	roles	0	2	0	0.020411479374812722	0.0633803901564416	0.5430407311380315	0.9814814814814815
27	FOSB+PTPN12	128	29	additive	roles	0	2	1	0.020411479374812722	0.0633803901564416	0.5430407311380315	0.9814814814814815
27	FOSB+PTPN12	128	29	additive	roles	0	2	2	0.020411479374812722	0.0633803901564416	0.5430407311380315	0.9814814814814815
27	FOSB+PTPN12	128	29	additive	roles	1	0	0	0.023830069960506742	0.06870705870913789	0.528052189021583	0.9814814814814815
27	FOSB+PTPN12	128	29	additive	roles	1	0	1	0.023830069960506742	0.06870705870913789	0.528052189021583	0.9814814814814815
27	FOSB+PTPN12	128	29	additive	roles	1	0	2	0.023830069960506742	0.06870705870913789	0.528052189021583	0.9814814814814815
27	FOSB+PTPN12	128	29	additive	roles	1	1	0	0.019831315268877964	0.06271253099720164	0.553566026306862	0.9814814814814815
27	FOSB+PTPN12	128	29	additive	roles	1	1	1	0.019831315268877964	0.06271253099720164	0.553566026306862	0.9814814814814815
27	FOSB+PTPN12	128	29	additive	roles	1	1	2	0.019831315268877964	0.06271253099720164	0.553566026306862	0.9814814814814815
27	FOSB+PTPN12	128	29	additive	roles	1	2	0	0.02221493821129421	0.06623263811625005	0.5369359181141605	0.9814814814814815
27	FOSB+PTPN12	128	29	additive	roles	1	2	1	0.02221493821129421	0.06623263811625005	0.5369359181141605	0.9814814814814815
27	FOSB+PTPN12	128	29	additive	roles	1	2	2	0.02221493821129421	0.06623263811625005	0.5369359181141605	0.9814814814814815
27	FOSB+PTPN12	128	29	additive	roles	2	0	0	0.023032134991916486	0.06753406531346494	0.5287145963453915	0.9814814814814815
27	FOSB+PTPN12	128	29	additive	roles	2	0	1	0.023032134991916486	0.06753406531346494	0.5287145963453915	0.9814814814814815
27	FOSB+PTPN12	128	29	additive	roles	2	0	2	0.023032134991916486	0.06753406531346494	0.5287145963453915	0.9814814814814815
27	FOSB+PTPN12	128	29	additive	roles	2	1	0	0.02102937315875063	0.06445220376033388	0.5352290346178897	0.9814814814814815
27	FOSB+PTPN12	128	29	additive	roles	2	1	1	0.02102937315875063	0.06445220376033388	0.5352290346178897	0.9814814814814815
27	FOSB+PTPN12	128	29	additive	roles	2	1	2	0.02102937315875063	0.06445220376033388	0.5352290346178897	0.9814814814814815
27	FOSB+PTPN12	128	29	additive	roles	2	2	0	0.019831315268877964	0.06271253099720164	0.553566026306862	0.9814814814814815
27	FOSB+PTPN12	128	29	additive	roles	2	2	1	0.019831315268877964	0.06271253099720164	0.553566026306862	0.9814814814814815
27	FOSB+PTPN12	128	29	additive	roles	2	2	2	0.019831315268877964	0.06271253099720164	0.553566026306862	0.9814814814814815
27	FOSB+PTPN12	128	29	additive	direct_state	unused	unused	0	0.019831315268877964	0.06271253099720164	0.553566026306862	0.9814814814814815
27	FOSB+PTPN12	128	29	additive	direct_state	unused	unused	1	0.019831315268877964	0.06271253099720164	0.553566026306862	0.9814814814814815
27	FOSB+PTPN12	128	29	additive	direct_state	unused	unused	2	0.019831315268877964	0.06271253099720164	0.553566026306862	0.9814814814814815
27	FOSB+PTPN12	128	29	compositional_ridge	roles	0	0	0	0.021845647426113647	0.06538312559515273	0.3703874427467108	0.9629629629629629
27	FOSB+PTPN12	128	29	compositional_ridge	roles	0	0	1	0.021845647426113647	0.06538312559515273	0.3703874427467108	0.9629629629629629
27	FOSB+PTPN12	128	29	compositional_ridge	roles	0	0	2	0.021845647426113647	0.06538312559515273	0.3703874427467108	0.9629629629629629
27	FOSB+PTPN12	128	29	compositional_ridge	roles	0	1	0	0.022375961349451388	0.06615188751255359	0.34070136787038363	0.9814814814814815
27	FOSB+PTPN12	128	29	compositional_ridge	roles	0	1	1	0.022375961349451388	0.06615188751255359	0.34070136787038363	0.9814814814814815
27	FOSB+PTPN12	128	29	compositional_ridge	roles	0	1	2	0.022375961349451388	0.06615188751255359	0.34070136787038363	0.9814814814814815
27	FOSB+PTPN12	128	29	compositional_ridge	roles	0	2	0	0.022323451396037614	0.06593440311695564	0.3524207203289348	0.9814814814814815
27	FOSB+PTPN12	128	29	compositional_ridge	roles	0	2	1	0.022323451396037614	0.06593440311695564	0.3524207203289348	0.9814814814814815
27	FOSB+PTPN12	128	29	compositional_ridge	roles	0	2	2	0.022323451396037614	0.06593440311695564	0.3524207203289348	0.9814814814814815
27	FOSB+PTPN12	128	29	compositional_ridge	roles	1	0	0	0.025506622216386107	0.07051935085369299	0.3518530894635259	0.9629629629629629
27	FOSB+PTPN12	128	29	compositional_ridge	roles	1	0	1	0.025506622216386107	0.07051935085369299	0.3518530894635259	0.9629629629629629
27	FOSB+PTPN12	128	29	compositional_ridge	roles	1	0	2	0.025506622216386107	0.07051935085369299	0.3518530894635259	0.9629629629629629
27	FOSB+PTPN12	128	29	compositional_ridge	roles	1	1	0	0.021845647426113647	0.06538312559515273	0.3703874427467108	0.9629629629629629
27	FOSB+PTPN12	128	29	compositional_ridge	roles	1	1	1	0.021845647426113647	0.06538312559515273	0.3703874427467108	0.9629629629629629
27	FOSB+PTPN12	128	29	compositional_ridge	roles	1	1	2	0.021845647426113647	0.06538312559515273	0.3703874427467108	0.9629629629629629
27	FOSB+PTPN12	128	29	compositional_ridge	roles	1	2	0	0.023789130331162794	0.06802397643252985	0.3579632601649008	0.9629629629629629
27	FOSB+PTPN12	128	29	compositional_ridge	roles	1	2	1	0.023789130331162794	0.06802397643252985	0.3579632601649008	0.9629629629629629
27	FOSB+PTPN12	128	29	compositional_ridge	roles	1	2	2	0.023789130331162794	0.06802397643252985	0.3579632601649008	0.9629629629629629
27	FOSB+PTPN12	128	29	compositional_ridge	roles	2	0	0	0.02514882728516295	0.07010535968661727	0.34527463491237953	0.9629629629629629
27	FOSB+PTPN12	128	29	compositional_ridge	roles	2	0	1	0.02514882728516295	0.07010535968661727	0.34527463491237953	0.9629629629629629
27	FOSB+PTPN12	128	29	compositional_ridge	roles	2	0	2	0.02514882728516295	0.07010535968661727	0.34527463491237953	0.9629629629629629
27	FOSB+PTPN12	128	29	compositional_ridge	roles	2	1	0	0.023483845353353412	0.06780686313892895	0.3400172921101482	0.9629629629629629
27	FOSB+PTPN12	128	29	compositional_ridge	roles	2	1	1	0.023483845353353412	0.06780686313892895	0.3400172921101482	0.9629629629629629
27	FOSB+PTPN12	128	29	compositional_ridge	roles	2	1	2	0.023483845353353412	0.06780686313892895	0.3400172921101482	0.9629629629629629
27	FOSB+PTPN12	128	29	compositional_ridge	roles	2	2	0	0.021845647426113647	0.06538312559515273	0.3703874427467108	0.9629629629629629
27	FOSB+PTPN12	128	29	compositional_ridge	roles	2	2	1	0.021845647426113647	0.06538312559515273	0.3703874427467108	0.9629629629629629
27	FOSB+PTPN12	128	29	compositional_ridge	roles	2	2	2	0.021845647426113647	0.06538312559515273	0.3703874427467108	0.9629629629629629
27	FOSB+PTPN12	128	29	compositional_ridge	direct_state	unused	unused	0	0.021845647426113647	0.06538312559515273	0.3703874427467108	0.9629629629629629
27	FOSB+PTPN12	128	29	compositional_ridge	direct_state	unused	unused	1	0.021845647426113647	0.06538312559515273	0.3703874427467108	0.9629629629629629
27	FOSB+PTPN12	128	29	compositional_ridge	direct_state	unused	unused	2	0.021845647426113647	0.06538312559515273	0.3703874427467108	0.9629629629629629
27	FOSB+PTPN12	128	29	NC_native_effect	roles	0	0	0	0.030712347063161977	0.08284550796645997	0.1819104594810462	0.9074074074074074
27	FOSB+PTPN12	128	29	NC_native_effect	roles	0	0	1	0.030712347063161977	0.08284550796645997	0.1819104594810462	0.9074074074074074
27	FOSB+PTPN12	128	29	NC_native_effect	roles	0	0	2	0.030712347063161977	0.08284550796645997	0.1819104594810462	0.9074074074074074
27	FOSB+PTPN12	128	29	NC_native_effect	roles	0	1	0	0.030712347063161977	0.08284550796645997	0.1819104594810462	0.9074074074074074
27	FOSB+PTPN12	128	29	NC_native_effect	roles	0	1	1	0.030712347063161977	0.08284550796645997	0.1819104594810462	0.9074074074074074
27	FOSB+PTPN12	128	29	NC_native_effect	roles	0	1	2	0.030712347063161977	0.08284550796645997	0.1819104594810462	0.9074074074074074
27	FOSB+PTPN12	128	29	NC_native_effect	roles	0	2	0	0.030712347063161977	0.08284550796645997	0.1819104594810462	0.9074074074074074
27	FOSB+PTPN12	128	29	NC_native_effect	roles	0	2	1	0.030712347063161977	0.08284550796645997	0.1819104594810462	0.9074074074074074
27	FOSB+PTPN12	128	29	NC_native_effect	roles	0	2	2	0.030712347063161977	0.08284550796645997	0.1819104594810462	0.9074074074074074
27	FOSB+PTPN12	128	29	NC_native_effect	roles	1	0	0	0.027194583574355873	0.07798197376855288	0.21411872959191564	0.9074074074074074
27	FOSB+PTPN12	128	29	NC_native_effect	roles	1	0	1	0.027194583574355873	0.07798197376855288	0.21411872959191564	0.9074074074074074
27	FOSB+PTPN12	128	29	NC_native_effect	roles	1	0	2	0.027194583574355873	0.07798197376855288	0.21411872959191564	0.9074074074074074
27	FOSB+PTPN12	128	29	NC_native_effect	roles	1	1	0	0.027194583574355873	0.07798197376855288	0.21411872959191564	0.9074074074074074
27	FOSB+PTPN12	128	29	NC_native_effect	roles	1	1	1	0.027194583574355873	0.07798197376855288	0.21411872959191564	0.9074074074074074
27	FOSB+PTPN12	128	29	NC_native_effect	roles	1	1	2	0.027194583574355873	0.07798197376855288	0.21411872959191564	0.9074074074074074
27	FOSB+PTPN12	128	29	NC_native_effect	roles	1	2	0	0.027194583574355873	0.07798197376855288	0.21411872959191564	0.9074074074074074
27	FOSB+PTPN12	128	29	NC_native_effect	roles	1	2	1	0.027194583574355873	0.07798197376855288	0.21411872959191564	0.9074074074074074
27	FOSB+PTPN12	128	29	NC_native_effect	roles	1	2	2	0.027194583574355873	0.07798197376855288	0.21411872959191564	0.9074074074074074
27	FOSB+PTPN12	128	29	NC_native_effect	roles	2	0	0	0.027793566143800214	0.0789220044846734	0.19829527373297215	0.9074074074074074
27	FOSB+PTPN12	128	29	NC_native_effect	roles	2	0	1	0.027793566143800214	0.0789220044846734	0.19829527373297215	0.9074074074074074
27	FOSB+PTPN12	128	29	NC_native_effect	roles	2	0	2	0.027793566143800214	0.0789220044846734	0.19829527373297215	0.9074074074074074
27	FOSB+PTPN12	128	29	NC_native_effect	roles	2	1	0	0.027793566143800214	0.0789220044846734	0.19829527373297215	0.9074074074074074
27	FOSB+PTPN12	128	29	NC_native_effect	roles	2	1	1	0.027793566143800214	0.0789220044846734	0.19829527373297215	0.9074074074074074
27	FOSB+PTPN12	128	29	NC_native_effect	roles	2	1	2	0.027793566143800214	0.0789220044846734	0.19829527373297215	0.9074074074074074
27	FOSB+PTPN12	128	29	NC_native_effect	roles	2	2	0	0.027793566143800214	0.0789220044846734	0.19829527373297215	0.9074074074074074
27	FOSB+PTPN12	128	29	NC_native_effect	roles	2	2	1	0.027793566143800214	0.0789220044846734	0.19829527373297215	0.9074074074074074
27	FOSB+PTPN12	128	29	NC_native_effect	roles	2	2	2	0.027793566143800214	0.0789220044846734	0.19829527373297215	0.9074074074074074
27	FOSB+PTPN12	128	29	NC_native_effect	direct_state	unused	unused	0	0.028053762494902167	0.07936720784784336	0.19995267431308056	0.9074074074074074
27	FOSB+PTPN12	128	29	NC_native_effect	direct_state	unused	unused	1	0.028053762494902167	0.07936720784784336	0.19995267431308056	0.9074074074074074
27	FOSB+PTPN12	128	29	NC_native_effect	direct_state	unused	unused	2	0.028053762494902167	0.07936720784784336	0.19995267431308056	0.9074074074074074
27	FOSB+PTPN12	128	29	native_effect_ridge	roles	0	0	0	0.043004161622400554	0.0916050041046518	0.21696442613283265	0.9444444444444444
27	FOSB+PTPN12	128	29	native_effect_ridge	roles	0	0	1	0.043004161622400554	0.0916050041046518	0.21696442613283265	0.9444444444444444
27	FOSB+PTPN12	128	29	native_effect_ridge	roles	0	0	2	0.043004161622400554	0.0916050041046518	0.21696442613283265	0.9444444444444444
27	FOSB+PTPN12	128	29	native_effect_ridge	roles	0	1	0	0.043004161622400554	0.0916050041046518	0.21696442613283265	0.9444444444444444
27	FOSB+PTPN12	128	29	native_effect_ridge	roles	0	1	1	0.043004161622400554	0.0916050041046518	0.21696442613283265	0.9444444444444444
27	FOSB+PTPN12	128	29	native_effect_ridge	roles	0	1	2	0.043004161622400554	0.0916050041046518	0.21696442613283265	0.9444444444444444
27	FOSB+PTPN12	128	29	native_effect_ridge	roles	0	2	0	0.043004161622400554	0.0916050041046518	0.21696442613283265	0.9444444444444444
27	FOSB+PTPN12	128	29	native_effect_ridge	roles	0	2	1	0.043004161622400554	0.0916050041046518	0.21696442613283265	0.9444444444444444
27	FOSB+PTPN12	128	29	native_effect_ridge	roles	0	2	2	0.043004161622400554	0.0916050041046518	0.21696442613283265	0.9444444444444444
27	FOSB+PTPN12	128	29	native_effect_ridge	roles	1	0	0	0.045782592040563404	0.09457282586818774	0.22375899836912844	0.9444444444444444
27	FOSB+PTPN12	128	29	native_effect_ridge	roles	1	0	1	0.045782592040563404	0.09457282586818774	0.22375899836912844	0.9444444444444444
27	FOSB+PTPN12	128	29	native_effect_ridge	roles	1	0	2	0.045782592040563404	0.09457282586818774	0.22375899836912844	0.9444444444444444
27	FOSB+PTPN12	128	29	native_effect_ridge	roles	1	1	0	0.045782592040563404	0.09457282586818774	0.22375899836912844	0.9444444444444444
27	FOSB+PTPN12	128	29	native_effect_ridge	roles	1	1	1	0.045782592040563404	0.09457282586818774	0.22375899836912844	0.9444444444444444
27	FOSB+PTPN12	128	29	native_effect_ridge	roles	1	1	2	0.045782592040563404	0.09457282586818774	0.22375899836912844	0.9444444444444444
27	FOSB+PTPN12	128	29	native_effect_ridge	roles	1	2	0	0.045782592040563404	0.09457282586818774	0.22375899836912844	0.9444444444444444
27	FOSB+PTPN12	128	29	native_effect_ridge	roles	1	2	1	0.045782592040563404	0.09457282586818774	0.22375899836912844	0.9444444444444444
27	FOSB+PTPN12	128	29	native_effect_ridge	roles	1	2	2	0.045782592040563404	0.09457282586818774	0.22375899836912844	0.9444444444444444
27	FOSB+PTPN12	128	29	native_effect_ridge	roles	2	0	0	0.045311084965024305	0.09415623580032519	0.21633320278799995	0.9444444444444444
27	FOSB+PTPN12	128	29	native_effect_ridge	roles	2	0	1	0.045311084965024305	0.09415623580032519	0.21633320278799995	0.9444444444444444
27	FOSB+PTPN12	128	29	native_effect_ridge	roles	2	0	2	0.045311084965024305	0.09415623580032519	0.21633320278799995	0.9444444444444444
27	FOSB+PTPN12	128	29	native_effect_ridge	roles	2	1	0	0.045311084965024305	0.09415623580032519	0.21633320278799995	0.9444444444444444
27	FOSB+PTPN12	128	29	native_effect_ridge	roles	2	1	1	0.045311084965024305	0.09415623580032519	0.21633320278799995	0.9444444444444444
27	FOSB+PTPN12	128	29	native_effect_ridge	roles	2	1	2	0.045311084965024305	0.09415623580032519	0.21633320278799995	0.9444444444444444
27	FOSB+PTPN12	128	29	native_effect_ridge	roles	2	2	0	0.045311084965024305	0.09415623580032519	0.21633320278799995	0.9444444444444444
27	FOSB+PTPN12	128	29	native_effect_ridge	roles	2	2	1	0.045311084965024305	0.09415623580032519	0.21633320278799995	0.9444444444444444
27	FOSB+PTPN12	128	29	native_effect_ridge	roles	2	2	2	0.045311084965024305	0.09415623580032519	0.21633320278799995	0.9444444444444444
27	FOSB+PTPN12	128	29	native_effect_ridge	direct_state	unused	unused	0	0.04304311247628295	0.09177465054341008	0.22467770457224637	0.9444444444444444
27	FOSB+PTPN12	128	29	native_effect_ridge	direct_state	unused	unused	1	0.04304311247628295	0.09177465054341008	0.22467770457224637	0.9444444444444444
27	FOSB+PTPN12	128	29	native_effect_ridge	direct_state	unused	unused	2	0.04304311247628295	0.09177465054341008	0.22467770457224637	0.9444444444444444
27	FOSB+PTPN12	135	0	selected_CPA	roles	0	0	0	0.016303948473164284	0.057138590450048224	0.45198560058593057	0.9814814814814815
27	FOSB+PTPN12	135	0	selected_CPA	roles	0	0	1	0.01737221414161076	0.05895185929489943	0.443245459427551	0.9814814814814815
27	FOSB+PTPN12	135	0	selected_CPA	roles	0	0	2	0.018115653616261235	0.060321236616574986	0.4318996581321703	0.9814814814814815
27	FOSB+PTPN12	135	0	selected_CPA	roles	0	1	0	0.017475523784136197	0.0589176944087645	0.40639922673843953	0.9629629629629629
27	FOSB+PTPN12	135	0	selected_CPA	roles	0	1	1	0.01825692403748091	0.06017989863048948	0.4064488624078153	0.9814814814814815
27	FOSB+PTPN12	135	0	selected_CPA	roles	0	1	2	0.01905125460925196	0.061627499224693495	0.39487930100891944	0.9814814814814815
27	FOSB+PTPN12	135	0	selected_CPA	roles	0	2	0	0.016925235741940967	0.05788217975088305	0.4128069142363414	0.9814814814814815
27	FOSB+PTPN12	135	0	selected_CPA	roles	0	2	1	0.017748538753808704	0.05927465322105608	0.41027028517716563	0.9814814814814815
27	FOSB+PTPN12	135	0	selected_CPA	roles	0	2	2	0.01831046126834866	0.06033034802779692	0.4029925742461139	0.9814814814814815
27	FOSB+PTPN12	135	0	selected_CPA	roles	1	0	0	0.018695511018993624	0.06103082885174248	0.4170735552811775	0.9814814814814815
27	FOSB+PTPN12	135	0	selected_CPA	roles	1	0	1	0.020050642102541864	0.06320951650672395	0.4080604095584422	0.9814814814814815
27	FOSB+PTPN12	135	0	selected_CPA	roles	1	0	2	0.020743190480071762	0.064387687182835	0.401294939916441	0.9629629629629629
27	FOSB+PTPN12	135	0	selected_CPA	roles	1	1	0	0.016303948473164284	0.057138590450048224	0.45198560058593057	0.9814814814814815
27	FOSB+PTPN12	135	0	selected_CPA	roles	1	1	1	0.01737221414161076	0.05895185929489943	0.443245459427551	0.9814814814814815
27	FOSB+PTPN12	135	0	selected_CPA	roles	1	1	2	0.018115653616261235	0.060321236616574986	0.4318996581321703	0.9814814814814815
27	FOSB+PTPN12	135	0	selected_CPA	roles	1	2	0	0.01739328680190158	0.058767252288000775	0.41911156219775364	0.9814814814814815
27	FOSB+PTPN12	135	0	selected_CPA	roles	1	2	1	0.018503455228871084	0.060637491984912244	0.41164001581706233	0.9814814814814815
27	FOSB+PTPN12	135	0	selected_CPA	roles	1	2	2	0.01901448664629046	0.06156438275506824	0.40671485275523805	0.9814814814814815
27	FOSB+PTPN12	135	0	selected_CPA	roles	2	0	0	0.019446428860716004	0.06231199157880665	0.4097589808515029	0.9814814814814815
27	FOSB+PTPN12	135	0	selected_CPA	roles	2	0	1	0.02075965718574122	0.06434790520420153	0.4033394017605053	0.9629629629629629
27	FOSB+PTPN12	135	0	selected_CPA	roles	2	0	2	0.021684613620502207	0.0658866167802284	0.3930534579178851	0.9629629629629629
27	FOSB+PTPN12	135	0	selected_CPA	roles	2	1	0	0.018694492685819193	0.0610946818258279	0.40524892300986515	0.9814814814814815
27	FOSB+PTPN12	135	0	selected_CPA	roles	2	1	1	0.019720855595742635	0.06269171433351407	0.4029740049069886	0.9629629629629629
27	FOSB+PTPN12	135	0	selected_CPA	roles	2	1	2	0.020696703127624207	0.06437113484736075	0.3902655898075765	0.9629629629629629
27	FOSB+PTPN12	135	0	selected_CPA	roles	2	2	0	0.016303948473164284	0.057138590450048224	0.45198560058593057	0.9814814814814815
27	FOSB+PTPN12	135	0	selected_CPA	roles	2	2	1	0.01737221414161076	0.05895185929489943	0.443245459427551	0.9814814814814815
27	FOSB+PTPN12	135	0	selected_CPA	roles	2	2	2	0.018115653616261235	0.060321236616574986	0.4318996581321703	0.9814814814814815
27	FOSB+PTPN12	135	0	selected_CPA	direct_state	unused	unused	0	0.016303948473164284	0.057138590450048224	0.45198560058593057	0.9814814814814815
27	FOSB+PTPN12	135	0	selected_CPA	direct_state	unused	unused	1	0.01737221414161076	0.05895185929489943	0.443245459427551	0.9814814814814815
27	FOSB+PTPN12	135	0	selected_CPA	direct_state	unused	unused	2	0.018115653616261235	0.060321236616574986	0.4318996581321703	0.9814814814814815
27	FOSB+PTPN12	135	0	original_CPA_fixed	roles	0	0	0	0.022328072726708434	0.06959900360414599	0.36063172183485703	0.9074074074074074
27	FOSB+PTPN12	135	0	original_CPA_fixed	roles	0	0	1	0.022328072726708434	0.06959900360414599	0.36063172183485703	0.9074074074074074
27	FOSB+PTPN12	135	0	original_CPA_fixed	roles	0	0	2	0.022328072726708434	0.06959900360414599	0.36063172183485703	0.9074074074074074
27	FOSB+PTPN12	135	0	original_CPA_fixed	roles	0	1	0	0.02334261848531982	0.07103660129681391	0.3301647483622327	0.9074074074074074
27	FOSB+PTPN12	135	0	original_CPA_fixed	roles	0	1	1	0.02334261848531982	0.07103660129681391	0.3301647483622327	0.9074074074074074
27	FOSB+PTPN12	135	0	original_CPA_fixed	roles	0	1	2	0.02334261848531982	0.07103660129681391	0.3301647483622327	0.9074074074074074
27	FOSB+PTPN12	135	0	original_CPA_fixed	roles	0	2	0	0.022272116239583077	0.0690925727718894	0.34030468521572327	0.9074074074074074
27	FOSB+PTPN12	135	0	original_CPA_fixed	roles	0	2	1	0.022272116239583077	0.0690925727718894	0.34030468521572327	0.9074074074074074
27	FOSB+PTPN12	135	0	original_CPA_fixed	roles	0	2	2	0.022272116239583077	0.0690925727718894	0.34030468521572327	0.9074074074074074
27	FOSB+PTPN12	135	0	original_CPA_fixed	roles	1	0	0	0.024876664824898306	0.07285783162513079	0.3499598107292396	0.9074074074074074
27	FOSB+PTPN12	135	0	original_CPA_fixed	roles	1	0	1	0.024876664824898306	0.07285783162513079	0.3499598107292396	0.9074074074074074
27	FOSB+PTPN12	135	0	original_CPA_fixed	roles	1	0	2	0.024876664824898306	0.07285783162513079	0.3499598107292396	0.9074074074074074
27	FOSB+PTPN12	135	0	original_CPA_fixed	roles	1	1	0	0.022328072726708434	0.06959900360414599	0.36063172183485703	0.9074074074074074
27	FOSB+PTPN12	135	0	original_CPA_fixed	roles	1	1	1	0.022328072726708434	0.06959900360414599	0.36063172183485703	0.9074074074074074
27	FOSB+PTPN12	135	0	original_CPA_fixed	roles	1	1	2	0.022328072726708434	0.06959900360414599	0.36063172183485703	0.9074074074074074
27	FOSB+PTPN12	135	0	original_CPA_fixed	roles	1	2	0	0.02289719685190422	0.0698664840658271	0.3510880864694007	0.9074074074074074
27	FOSB+PTPN12	135	0	original_CPA_fixed	roles	1	2	1	0.02289719685190422	0.0698664840658271	0.3510880864694007	0.9074074074074074
27	FOSB+PTPN12	135	0	original_CPA_fixed	roles	1	2	2	0.02289719685190422	0.0698664840658271	0.3510880864694007	0.9074074074074074
27	FOSB+PTPN12	135	0	original_CPA_fixed	roles	2	0	0	0.0261477968701622	0.07495167098294167	0.33962941462874413	0.9074074074074074
27	FOSB+PTPN12	135	0	original_CPA_fixed	roles	2	0	1	0.0261477968701622	0.07495167098294167	0.33962941462874413	0.9074074074074074
27	FOSB+PTPN12	135	0	original_CPA_fixed	roles	2	0	2	0.0261477968701622	0.07495167098294167	0.33962941462874413	0.9074074074074074
27	FOSB+PTPN12	135	0	original_CPA_fixed	roles	2	1	0	0.025238831142904858	0.07391366626885297	0.33050602857408756	0.9074074074074074
27	FOSB+PTPN12	135	0	original_CPA_fixed	roles	2	1	1	0.025238831142904858	0.07391366626885297	0.33050602857408756	0.9074074074074074
27	FOSB+PTPN12	135	0	original_CPA_fixed	roles	2	1	2	0.025238831142904858	0.07391366626885297	0.33050602857408756	0.9074074074074074
27	FOSB+PTPN12	135	0	original_CPA_fixed	roles	2	2	0	0.022328072726708434	0.06959900360414599	0.36063172183485703	0.9074074074074074
27	FOSB+PTPN12	135	0	original_CPA_fixed	roles	2	2	1	0.022328072726708434	0.06959900360414599	0.36063172183485703	0.9074074074074074
27	FOSB+PTPN12	135	0	original_CPA_fixed	roles	2	2	2	0.022328072726708434	0.06959900360414599	0.36063172183485703	0.9074074074074074
27	FOSB+PTPN12	135	0	original_CPA_fixed	direct_state	unused	unused	0	0.022328072726708434	0.06959900360414599	0.36063172183485703	0.9074074074074074
27	FOSB+PTPN12	135	0	original_CPA_fixed	direct_state	unused	unused	1	0.022328072726708434	0.06959900360414599	0.36063172183485703	0.9074074074074074
27	FOSB+PTPN12	135	0	original_CPA_fixed	direct_state	unused	unused	2	0.022328072726708434	0.06959900360414599	0.36063172183485703	0.9074074074074074
27	FOSB+PTPN12	135	0	additive	roles	0	0	0	0.019831315268877964	0.06271253099720164	0.553566026306862	0.9814814814814815
27	FOSB+PTPN12	135	0	additive	roles	0	0	1	0.019831315268877964	0.06271253099720164	0.553566026306862	0.9814814814814815
27	FOSB+PTPN12	135	0	additive	roles	0	0	2	0.019831315268877964	0.06271253099720164	0.553566026306862	0.9814814814814815
27	FOSB+PTPN12	135	0	additive	roles	0	1	0	0.022599333973121718	0.06693083824617464	0.5224813268848265	0.9814814814814815
27	FOSB+PTPN12	135	0	additive	roles	0	1	1	0.022599333973121718	0.06693083824617464	0.5224813268848265	0.9814814814814815
27	FOSB+PTPN12	135	0	additive	roles	0	1	2	0.022599333973121718	0.06693083824617464	0.5224813268848265	0.9814814814814815
27	FOSB+PTPN12	135	0	additive	roles	0	2	0	0.02259651177935453	0.06686422059759384	0.5247302054936215	0.9814814814814815
27	FOSB+PTPN12	135	0	additive	roles	0	2	1	0.02259651177935453	0.06686422059759384	0.5247302054936215	0.9814814814814815
27	FOSB+PTPN12	135	0	additive	roles	0	2	2	0.02259651177935453	0.06686422059759384	0.5247302054936215	0.9814814814814815
27	FOSB+PTPN12	135	0	additive	roles	1	0	0	0.020626434421435472	0.06365850867993152	0.5506879667196476	0.9814814814814815
27	FOSB+PTPN12	135	0	additive	roles	1	0	1	0.020626434421435472	0.06365850867993152	0.5506879667196476	0.9814814814814815
27	FOSB+PTPN12	135	0	additive	roles	1	0	2	0.020626434421435472	0.06365850867993152	0.5506879667196476	0.9814814814814815
27	FOSB+PTPN12	135	0	additive	roles	1	1	0	0.019831315268877964	0.06271253099720164	0.553566026306862	0.9814814814814815
27	FOSB+PTPN12	135	0	additive	roles	1	1	1	0.019831315268877964	0.06271253099720164	0.553566026306862	0.9814814814814815
27	FOSB+PTPN12	135	0	additive	roles	1	1	2	0.019831315268877964	0.06271253099720164	0.553566026306862	0.9814814814814815
27	FOSB+PTPN12	135	0	additive	roles	1	2	0	0.02146811944604331	0.06506664150282607	0.5394083615242945	0.9814814814814815
27	FOSB+PTPN12	135	0	additive	roles	1	2	1	0.02146811944604331	0.06506664150282607	0.5394083615242945	0.9814814814814815
27	FOSB+PTPN12	135	0	additive	roles	1	2	2	0.02146811944604331	0.06506664150282607	0.5394083615242945	0.9814814814814815
27	FOSB+PTPN12	135	0	additive	roles	2	0	0	0.020829886414729798	0.06401869322331082	0.5473261403162623	0.9814814814814815
27	FOSB+PTPN12	135	0	additive	roles	2	0	1	0.020829886414729798	0.06401869322331082	0.5473261403162623	0.9814814814814815
27	FOSB+PTPN12	135	0	additive	roles	2	0	2	0.020829886414729798	0.06401869322331082	0.5473261403162623	0.9814814814814815
27	FOSB+PTPN12	135	0	additive	roles	2	1	0	0.02167439363310483	0.06548716136264159	0.5338166359929862	0.9814814814814815
27	FOSB+PTPN12	135	0	additive	roles	2	1	1	0.02167439363310483	0.06548716136264159	0.5338166359929862	0.9814814814814815
27	FOSB+PTPN12	135	0	additive	roles	2	1	2	0.02167439363310483	0.06548716136264159	0.5338166359929862	0.9814814814814815
27	FOSB+PTPN12	135	0	additive	roles	2	2	0	0.019831315268877964	0.06271253099720164	0.553566026306862	0.9814814814814815
27	FOSB+PTPN12	135	0	additive	roles	2	2	1	0.019831315268877964	0.06271253099720164	0.553566026306862	0.9814814814814815
27	FOSB+PTPN12	135	0	additive	roles	2	2	2	0.019831315268877964	0.06271253099720164	0.553566026306862	0.9814814814814815
27	FOSB+PTPN12	135	0	additive	direct_state	unused	unused	0	0.019831315268877964	0.06271253099720164	0.553566026306862	0.9814814814814815
27	FOSB+PTPN12	135	0	additive	direct_state	unused	unused	1	0.019831315268877964	0.06271253099720164	0.553566026306862	0.9814814814814815
27	FOSB+PTPN12	135	0	additive	direct_state	unused	unused	2	0.019831315268877964	0.06271253099720164	0.553566026306862	0.9814814814814815
27	FOSB+PTPN12	135	0	compositional_ridge	roles	0	0	0	0.021845647426113647	0.06538312559515273	0.3703874427467108	0.9629629629629629
27	FOSB+PTPN12	135	0	compositional_ridge	roles	0	0	1	0.021845647426113647	0.06538312559515273	0.3703874427467108	0.9629629629629629
27	FOSB+PTPN12	135	0	compositional_ridge	roles	0	0	2	0.021845647426113647	0.06538312559515273	0.3703874427467108	0.9629629629629629
27	FOSB+PTPN12	135	0	compositional_ridge	roles	0	1	0	0.024946256815296684	0.06980558164275354	0.3319840516906757	0.9629629629629629
27	FOSB+PTPN12	135	0	compositional_ridge	roles	0	1	1	0.024946256815296684	0.06980558164275354	0.3319840516906757	0.9629629629629629
27	FOSB+PTPN12	135	0	compositional_ridge	roles	0	1	2	0.024946256815296684	0.06980558164275354	0.3319840516906757	0.9629629629629629
27	FOSB+PTPN12	135	0	compositional_ridge	roles	0	2	0	0.02541333952386173	0.07047361146425461	0.33098327060594496	0.9444444444444444
27	FOSB+PTPN12	135	0	compositional_ridge	roles	0	2	1	0.02541333952386173	0.07047361146425461	0.33098327060594496	0.9444444444444444
27	FOSB+PTPN12	135	0	compositional_ridge	roles	0	2	2	0.02541333952386173	0.07047361146425461	0.33098327060594496	0.9444444444444444
27	FOSB+PTPN12	135	0	compositional_ridge	roles	1	0	0	0.022308175893731866	0.06590528616308755	0.36776879852972205	0.9629629629629629
27	FOSB+PTPN12	135	0	compositional_ridge	roles	1	0	1	0.022308175893731866	0.06590528616308755	0.36776879852972205	0.9629629629629629
27	FOSB+PTPN12	135	0	compositional_ridge	roles	1	0	2	0.022308175893731866	0.06590528616308755	0.36776879852972205	0.9629629629629629
27	FOSB+PTPN12	135	0	compositional_ridge	roles	1	1	0	0.021845647426113647	0.06538312559515273	0.3703874427467108	0.9629629629629629
27	FOSB+PTPN12	135	0	compositional_ridge	roles	1	1	1	0.021845647426113647	0.06538312559515273	0.3703874427467108	0.9629629629629629
27	FOSB+PTPN12	135	0	compositional_ridge	roles	1	1	2	0.021845647426113647	0.06538312559515273	0.3703874427467108	0.9629629629629629
27	FOSB+PTPN12	135	0	compositional_ridge	roles	1	2	0	0.02395235650561122	0.06839870760122094	0.3492635019523873	0.9629629629629629
27	FOSB+PTPN12	135	0	compositional_ridge	roles	1	2	1	0.02395235650561122	0.06839870760122094	0.3492635019523873	0.9629629629629629
27	FOSB+PTPN12	135	0	compositional_ridge	roles	1	2	2	0.02395235650561122	0.06839870760122094	0.3492635019523873	0.9629629629629629
27	FOSB+PTPN12	135	0	compositional_ridge	roles	2	0	0	0.02204172298469397	0.06547419569847678	0.36769900091382746	0.9629629629629629
27	FOSB+PTPN12	135	0	compositional_ridge	roles	2	0	1	0.02204172298469397	0.06547419569847678	0.36769900091382746	0.9629629629629629
27	FOSB+PTPN12	135	0	compositional_ridge	roles	2	0	2	0.02204172298469397	0.06547419569847678	0.36769900091382746	0.9629629629629629
27	FOSB+PTPN12	135	0	compositional_ridge	roles	2	1	0	0.02321882088800828	0.06729068342133036	0.3502752135383975	0.9629629629629629
27	FOSB+PTPN12	135	0	compositional_ridge	roles	2	1	1	0.02321882088800828	0.06729068342133036	0.3502752135383975	0.9629629629629629
27	FOSB+PTPN12	135	0	compositional_ridge	roles	2	1	2	0.02321882088800828	0.06729068342133036	0.3502752135383975	0.9629629629629629
27	FOSB+PTPN12	135	0	compositional_ridge	roles	2	2	0	0.021845647426113647	0.06538312559515273	0.3703874427467108	0.9629629629629629
27	FOSB+PTPN12	135	0	compositional_ridge	roles	2	2	1	0.021845647426113647	0.06538312559515273	0.3703874427467108	0.9629629629629629
27	FOSB+PTPN12	135	0	compositional_ridge	roles	2	2	2	0.021845647426113647	0.06538312559515273	0.3703874427467108	0.9629629629629629
27	FOSB+PTPN12	135	0	compositional_ridge	direct_state	unused	unused	0	0.021845647426113647	0.06538312559515273	0.3703874427467108	0.9629629629629629
27	FOSB+PTPN12	135	0	compositional_ridge	direct_state	unused	unused	1	0.021845647426113647	0.06538312559515273	0.3703874427467108	0.9629629629629629
27	FOSB+PTPN12	135	0	compositional_ridge	direct_state	unused	unused	2	0.021845647426113647	0.06538312559515273	0.3703874427467108	0.9629629629629629
27	FOSB+PTPN12	135	0	NC_native_effect	roles	0	0	0	0.027360058273095334	0.07826216857815804	0.19326777129182443	0.9074074074074074
27	FOSB+PTPN12	135	0	NC_native_effect	roles	0	0	1	0.027360058273095334	0.07826216857815804	0.19326777129182443	0.9074074074074074
27	FOSB+PTPN12	135	0	NC_native_effect	roles	0	0	2	0.027360058273095334	0.07826216857815804	0.19326777129182443	0.9074074074074074
27	FOSB+PTPN12	135	0	NC_native_effect	roles	0	1	0	0.027360058273095334	0.07826216857815804	0.19326777129182443	0.9074074074074074
27	FOSB+PTPN12	135	0	NC_native_effect	roles	0	1	1	0.027360058273095334	0.07826216857815804	0.19326777129182443	0.9074074074074074
27	FOSB+PTPN12	135	0	NC_native_effect	roles	0	1	2	0.027360058273095334	0.07826216857815804	0.19326777129182443	0.9074074074074074
27	FOSB+PTPN12	135	0	NC_native_effect	roles	0	2	0	0.027360058273095334	0.07826216857815804	0.19326777129182443	0.9074074074074074
27	FOSB+PTPN12	135	0	NC_native_effect	roles	0	2	1	0.027360058273095334	0.07826216857815804	0.19326777129182443	0.9074074074074074
27	FOSB+PTPN12	135	0	NC_native_effect	roles	0	2	2	0.027360058273095334	0.07826216857815804	0.19326777129182443	0.9074074074074074
27	FOSB+PTPN12	135	0	NC_native_effect	roles	1	0	0	0.028131863794366593	0.07903550833765828	0.2046995883201017	0.9074074074074074
27	FOSB+PTPN12	135	0	NC_native_effect	roles	1	0	1	0.028131863794366593	0.07903550833765828	0.2046995883201017	0.9074074074074074
27	FOSB+PTPN12	135	0	NC_native_effect	roles	1	0	2	0.028131863794366593	0.07903550833765828	0.2046995883201017	0.9074074074074074
27	FOSB+PTPN12	135	0	NC_native_effect	roles	1	1	0	0.028131863794366593	0.07903550833765828	0.2046995883201017	0.9074074074074074
27	FOSB+PTPN12	135	0	NC_native_effect	roles	1	1	1	0.028131863794366593	0.07903550833765828	0.2046995883201017	0.9074074074074074
27	FOSB+PTPN12	135	0	NC_native_effect	roles	1	1	2	0.028131863794366593	0.07903550833765828	0.2046995883201017	0.9074074074074074
27	FOSB+PTPN12	135	0	NC_native_effect	roles	1	2	0	0.028131863794366593	0.07903550833765828	0.2046995883201017	0.9074074074074074
27	FOSB+PTPN12	135	0	NC_native_effect	roles	1	2	1	0.028131863794366593	0.07903550833765828	0.2046995883201017	0.9074074074074074
27	FOSB+PTPN12	135	0	NC_native_effect	roles	1	2	2	0.028131863794366593	0.07903550833765828	0.2046995883201017	0.9074074074074074
27	FOSB+PTPN12	135	0	NC_native_effect	roles	2	0	0	0.029561937274737972	0.08132309895743867	0.19746023645648286	0.9074074074074074
27	FOSB+PTPN12	135	0	NC_native_effect	roles	2	0	1	0.029561937274737972	0.08132309895743867	0.19746023645648286	0.9074074074074074
27	FOSB+PTPN12	135	0	NC_native_effect	roles	2	0	2	0.029561937274737972	0.08132309895743867	0.19746023645648286	0.9074074074074074
27	FOSB+PTPN12	135	0	NC_native_effect	roles	2	1	0	0.029561937274737972	0.08132309895743867	0.19746023645648286	0.9074074074074074
27	FOSB+PTPN12	135	0	NC_native_effect	roles	2	1	1	0.029561937274737972	0.08132309895743867	0.19746023645648286	0.9074074074074074
27	FOSB+PTPN12	135	0	NC_native_effect	roles	2	1	2	0.029561937274737972	0.08132309895743867	0.19746023645648286	0.9074074074074074
27	FOSB+PTPN12	135	0	NC_native_effect	roles	2	2	0	0.029561937274737972	0.08132309895743867	0.19746023645648286	0.9074074074074074
27	FOSB+PTPN12	135	0	NC_native_effect	roles	2	2	1	0.029561937274737972	0.08132309895743867	0.19746023645648286	0.9074074074074074
27	FOSB+PTPN12	135	0	NC_native_effect	roles	2	2	2	0.029561937274737972	0.08132309895743867	0.19746023645648286	0.9074074074074074
27	FOSB+PTPN12	135	0	NC_native_effect	direct_state	unused	unused	0	0.028053762494902167	0.07936720784784336	0.19995267431308056	0.9074074074074074
27	FOSB+PTPN12	135	0	NC_native_effect	direct_state	unused	unused	1	0.028053762494902167	0.07936720784784336	0.19995267431308056	0.9074074074074074
27	FOSB+PTPN12	135	0	NC_native_effect	direct_state	unused	unused	2	0.028053762494902167	0.07936720784784336	0.19995267431308056	0.9074074074074074
27	FOSB+PTPN12	135	0	native_effect_ridge	roles	0	0	0	0.046419208554895	0.09528844787360566	0.21008995394806623	0.9259259259259259
27	FOSB+PTPN12	135	0	native_effect_ridge	roles	0	0	1	0.046419208554895	0.09528844787360566	0.21008995394806623	0.9259259259259259
27	FOSB+PTPN12	135	0	native_effect_ridge	roles	0	0	2	0.046419208554895	0.09528844787360566	0.21008995394806623	0.9259259259259259
27	FOSB+PTPN12	135	0	native_effect_ridge	roles	0	1	0	0.046419208554895	0.09528844787360566	0.21008995394806623	0.9259259259259259
27	FOSB+PTPN12	135	0	native_effect_ridge	roles	0	1	1	0.046419208554895	0.09528844787360566	0.21008995394806623	0.9259259259259259
27	FOSB+PTPN12	135	0	native_effect_ridge	roles	0	1	2	0.046419208554895	0.09528844787360566	0.21008995394806623	0.9259259259259259
27	FOSB+PTPN12	135	0	native_effect_ridge	roles	0	2	0	0.046419208554895	0.09528844787360566	0.21008995394806623	0.9259259259259259
27	FOSB+PTPN12	135	0	native_effect_ridge	roles	0	2	1	0.046419208554895	0.09528844787360566	0.21008995394806623	0.9259259259259259
27	FOSB+PTPN12	135	0	native_effect_ridge	roles	0	2	2	0.046419208554895	0.09528844787360566	0.21008995394806623	0.9259259259259259
27	FOSB+PTPN12	135	0	native_effect_ridge	roles	1	0	0	0.04445536561375016	0.0931913804130622	0.222078949888278	0.9444444444444444
27	FOSB+PTPN12	135	0	native_effect_ridge	roles	1	0	1	0.04445536561375016	0.0931913804130622	0.222078949888278	0.9444444444444444
27	FOSB+PTPN12	135	0	native_effect_ridge	roles	1	0	2	0.04445536561375016	0.0931913804130622	0.222078949888278	0.9444444444444444
27	FOSB+PTPN12	135	0	native_effect_ridge	roles	1	1	0	0.04445536561375016	0.0931913804130622	0.222078949888278	0.9444444444444444
27	FOSB+PTPN12	135	0	native_effect_ridge	roles	1	1	1	0.04445536561375016	0.0931913804130622	0.222078949888278	0.9444444444444444
27	FOSB+PTPN12	135	0	native_effect_ridge	roles	1	1	2	0.04445536561375016	0.0931913804130622	0.222078949888278	0.9444444444444444
27	FOSB+PTPN12	135	0	native_effect_ridge	roles	1	2	0	0.04445536561375016	0.0931913804130622	0.222078949888278	0.9444444444444444
27	FOSB+PTPN12	135	0	native_effect_ridge	roles	1	2	1	0.04445536561375016	0.0931913804130622	0.222078949888278	0.9444444444444444
27	FOSB+PTPN12	135	0	native_effect_ridge	roles	1	2	2	0.04445536561375016	0.0931913804130622	0.222078949888278	0.9444444444444444
27	FOSB+PTPN12	135	0	native_effect_ridge	roles	2	0	0	0.04385936572204774	0.0925057773120387	0.22276808184799676	0.9444444444444444
27	FOSB+PTPN12	135	0	native_effect_ridge	roles	2	0	1	0.04385936572204774	0.0925057773120387	0.22276808184799676	0.9444444444444444
27	FOSB+PTPN12	135	0	native_effect_ridge	roles	2	0	2	0.04385936572204774	0.0925057773120387	0.22276808184799676	0.9444444444444444
27	FOSB+PTPN12	135	0	native_effect_ridge	roles	2	1	0	0.04385936572204774	0.0925057773120387	0.22276808184799676	0.9444444444444444
27	FOSB+PTPN12	135	0	native_effect_ridge	roles	2	1	1	0.04385936572204774	0.0925057773120387	0.22276808184799676	0.9444444444444444
27	FOSB+PTPN12	135	0	native_effect_ridge	roles	2	1	2	0.04385936572204774	0.0925057773120387	0.22276808184799676	0.9444444444444444
27	FOSB+PTPN12	135	0	native_effect_ridge	roles	2	2	0	0.04385936572204774	0.0925057773120387	0.22276808184799676	0.9444444444444444
27	FOSB+PTPN12	135	0	native_effect_ridge	roles	2	2	1	0.04385936572204774	0.0925057773120387	0.22276808184799676	0.9444444444444444
27	FOSB+PTPN12	135	0	native_effect_ridge	roles	2	2	2	0.04385936572204774	0.0925057773120387	0.22276808184799676	0.9444444444444444
27	FOSB+PTPN12	135	0	native_effect_ridge	direct_state	unused	unused	0	0.04304311247628295	0.09177465054341008	0.22467770457224637	0.9444444444444444
27	FOSB+PTPN12	135	0	native_effect_ridge	direct_state	unused	unused	1	0.04304311247628295	0.09177465054341008	0.22467770457224637	0.9444444444444444
27	FOSB+PTPN12	135	0	native_effect_ridge	direct_state	unused	unused	2	0.04304311247628295	0.09177465054341008	0.22467770457224637	0.9444444444444444
27	FOSB+PTPN12	135	29	selected_CPA	roles	0	0	0	0.0189253661409145	0.06171392245474759	0.41343016713542147	0.9629629629629629
27	FOSB+PTPN12	135	29	selected_CPA	roles	0	0	1	0.01647075071327842	0.05739070720510023	0.46394749799481455	0.9814814814814815
27	FOSB+PTPN12	135	29	selected_CPA	roles	0	0	2	0.016629789055085272	0.05772823112660773	0.4503577153369846	0.9814814814814815
27	FOSB+PTPN12	135	29	selected_CPA	roles	0	1	0	0.023720951779950993	0.06915435156654942	0.3282835765649199	0.9629629629629629
27	FOSB+PTPN12	135	29	selected_CPA	roles	0	1	1	0.020448244960784658	0.063971639926297	0.37715165075828794	0.9629629629629629
27	FOSB+PTPN12	135	29	selected_CPA	roles	0	1	2	0.020864614539621715	0.06468800034295628	0.3617425428803731	0.9629629629629629
27	FOSB+PTPN12	135	29	selected_CPA	roles	0	2	0	0.0233861890897807	0.06860102605948748	0.3487372088083194	0.9629629629629629
27	FOSB+PTPN12	135	29	selected_CPA	roles	0	2	1	0.020341946694065093	0.06376540584302418	0.39467796372247976	0.9629629629629629
27	FOSB+PTPN12	135	29	selected_CPA	roles	0	2	2	0.020490434923046336	0.06406388345463569	0.3834325450440709	0.9629629629629629
27	FOSB+PTPN12	135	29	selected_CPA	roles	1	0	0	0.017994910683166738	0.05977082273622259	0.4372077392312821	0.9814814814814815
27	FOSB+PTPN12	135	29	selected_CPA	roles	1	0	1	0.016358386647060918	0.056856617678129176	0.4672690262265757	1.0
27	FOSB+PTPN12	135	29	selected_CPA	roles	1	0	2	0.01626009375183756	0.05672934947007089	0.46184378869040466	1.0
27	FOSB+PTPN12	135	29	selected_CPA	roles	1	1	0	0.0189253661409145	0.06171392245474759	0.41343016713542147	0.9629629629629629
27	FOSB+PTPN12	135	29	selected_CPA	roles	1	1	1	0.01647075071327842	0.05739070720510023	0.46394749799481455	0.9814814814814815
27	FOSB+PTPN12	135	29	selected_CPA	roles	1	1	2	0.016629789055085272	0.05772823112660773	0.4503577153369846	0.9814814814814815
27	FOSB+PTPN12	135	29	selected_CPA	roles	1	2	0	0.020296854971451606	0.06368214775594337	0.40386170891176393	0.9629629629629629
27	FOSB+PTPN12	135	29	selected_CPA	roles	1	2	1	0.018070703967266257	0.05991978657507024	0.4418221450281736	0.9814814814814815
27	FOSB+PTPN12	135	29	selected_CPA	roles	1	2	2	0.017961860959217292	0.05979317457837904	0.4357052206403133	0.9814814814814815
27	FOSB+PTPN12	135	29	selected_CPA	roles	2	0	0	0.018245179757755584	0.06022549137490459	0.4168933770270598	0.9814814814814815
27	FOSB+PTPN12	135	29	selected_CPA	roles	2	0	1	0.01638019129819903	0.05689774778442021	0.4534336047416762	1.0
27	FOSB+PTPN12	135	29	selected_CPA	roles	2	0	2	0.016549779752831492	0.05724430376017276	0.44166624489437717	1.0
27	FOSB+PTPN12	135	29	selected_CPA	roles	2	1	0	0.02088188673621075	0.06470083513965642	0.36225042523399276	0.9629629629629629
27	FOSB+PTPN12	135	29	selected_CPA	roles	2	1	1	0.018198806885123937	0.060178096387961004	0.4096649046297436	0.9814814814814815
27	FOSB+PTPN12	135	29	selected_CPA	roles	2	1	2	0.018625726576786603	0.060944820722774934	0.39287460629499904	0.9814814814814815
27	FOSB+PTPN12	135	29	selected_CPA	roles	2	2	0	0.0189253661409145	0.06171392245474759	0.41343016713542147	0.9629629629629629
27	FOSB+PTPN12	135	29	selected_CPA	roles	2	2	1	0.01647075071327842	0.05739070720510023	0.46394749799481455	0.9814814814814815
27	FOSB+PTPN12	135	29	selected_CPA	roles	2	2	2	0.016629789055085272	0.05772823112660773	0.4503577153369846	0.9814814814814815
27	FOSB+PTPN12	135	29	selected_CPA	direct_state	unused	unused	0	0.0189253661409145	0.06171392245474759	0.41343016713542147	0.9629629629629629
27	FOSB+PTPN12	135	29	selected_CPA	direct_state	unused	unused	1	0.01647075071327842	0.05739070720510023	0.46394749799481455	0.9814814814814815
27	FOSB+PTPN12	135	29	selected_CPA	direct_state	unused	unused	2	0.016629789055085272	0.05772823112660773	0.4503577153369846	0.9814814814814815
27	FOSB+PTPN12	135	29	original_CPA_fixed	roles	0	0	0	0.022328072726708434	0.06959900360414599	0.36063172183485703	0.9074074074074074
27	FOSB+PTPN12	135	29	original_CPA_fixed	roles	0	0	1	0.022328072726708434	0.06959900360414599	0.36063172183485703	0.9074074074074074
27	FOSB+PTPN12	135	29	original_CPA_fixed	roles	0	0	2	0.022328072726708434	0.06959900360414599	0.36063172183485703	0.9074074074074074
27	FOSB+PTPN12	135	29	original_CPA_fixed	roles	0	1	0	0.026844474001923288	0.07599602650117289	0.3017951152843609	0.9074074074074074
27	FOSB+PTPN12	135	29	original_CPA_fixed	roles	0	1	1	0.026844474001923288	0.07599602650117289	0.3017951152843609	0.9074074074074074
27	FOSB+PTPN12	135	29	original_CPA_fixed	roles	0	1	2	0.026844474001923288	0.07599602650117289	0.3017951152843609	0.9074074074074074
27	FOSB+PTPN12	135	29	original_CPA_fixed	roles	0	2	0	0.027193694986768383	0.0764114969918355	0.3131467098925741	0.9074074074074074
27	FOSB+PTPN12	135	29	original_CPA_fixed	roles	0	2	1	0.027193694986768383	0.0764114969918355	0.3131467098925741	0.9074074074074074
27	FOSB+PTPN12	135	29	original_CPA_fixed	roles	0	2	2	0.027193694986768383	0.0764114969918355	0.3131467098925741	0.9074074074074074
27	FOSB+PTPN12	135	29	original_CPA_fixed	roles	1	0	0	0.021676801632782315	0.06819314997172768	0.37772326300736203	0.9074074074074074
27	FOSB+PTPN12	135	29	original_CPA_fixed	roles	1	0	1	0.021676801632782315	0.06819314997172768	0.37772326300736203	0.9074074074074074
27	FOSB+PTPN12	135	29	original_CPA_fixed	roles	1	0	2	0.021676801632782315	0.06819314997172768	0.37772326300736203	0.9074074074074074
27	FOSB+PTPN12	135	29	original_CPA_fixed	roles	1	1	0	0.022328072726708434	0.06959900360414599	0.36063172183485703	0.9074074074074074
27	FOSB+PTPN12	135	29	original_CPA_fixed	roles	1	1	1	0.022328072726708434	0.06959900360414599	0.36063172183485703	0.9074074074074074
27	FOSB+PTPN12	135	29	original_CPA_fixed	roles	1	1	2	0.022328072726708434	0.06959900360414599	0.36063172183485703	0.9074074074074074
27	FOSB+PTPN12	135	29	original_CPA_fixed	roles	1	2	0	0.02438354523226093	0.07232132060112618	0.3511382196434629	0.9074074074074074
27	FOSB+PTPN12	135	29	original_CPA_fixed	roles	1	2	1	0.02438354523226093	0.07232132060112618	0.3511382196434629	0.9074074074074074
27	FOSB+PTPN12	135	29	original_CPA_fixed	roles	1	2	2	0.02438354523226093	0.07232132060112618	0.3511382196434629	0.9074074074074074
27	FOSB+PTPN12	135	29	original_CPA_fixed	roles	2	0	0	0.02124308703235577	0.06756715082870195	0.36930816664503624	0.9074074074074074
27	FOSB+PTPN12	135	29	original_CPA_fixed	roles	2	0	1	0.02124308703235577	0.06756715082870195	0.36930816664503624	0.9074074074074074
27	FOSB+PTPN12	135	29	original_CPA_fixed	roles	2	0	2	0.02124308703235577	0.06756715082870195	0.36930816664503624	0.9074074074074074
27	FOSB+PTPN12	135	29	original_CPA_fixed	roles	2	1	0	0.023600609646989294	0.07128861587214737	0.3308686289401306	0.9074074074074074
27	FOSB+PTPN12	135	29	original_CPA_fixed	roles	2	1	1	0.023600609646989294	0.07128861587214737	0.3308686289401306	0.9074074074074074
27	FOSB+PTPN12	135	29	original_CPA_fixed	roles	2	1	2	0.023600609646989294	0.07128861587214737	0.3308686289401306	0.9074074074074074
27	FOSB+PTPN12	135	29	original_CPA_fixed	roles	2	2	0	0.022328072726708434	0.06959900360414599	0.36063172183485703	0.9074074074074074
27	FOSB+PTPN12	135	29	original_CPA_fixed	roles	2	2	1	0.022328072726708434	0.06959900360414599	0.36063172183485703	0.9074074074074074
27	FOSB+PTPN12	135	29	original_CPA_fixed	roles	2	2	2	0.022328072726708434	0.06959900360414599	0.36063172183485703	0.9074074074074074
27	FOSB+PTPN12	135	29	original_CPA_fixed	direct_state	unused	unused	0	0.022328072726708434	0.06959900360414599	0.36063172183485703	0.9074074074074074
27	FOSB+PTPN12	135	29	original_CPA_fixed	direct_state	unused	unused	1	0.022328072726708434	0.06959900360414599	0.36063172183485703	0.9074074074074074
27	FOSB+PTPN12	135	29	original_CPA_fixed	direct_state	unused	unused	2	0.022328072726708434	0.06959900360414599	0.36063172183485703	0.9074074074074074
27	FOSB+PTPN12	135	29	additive	roles	0	0	0	0.019831315268877964	0.06271253099720164	0.553566026306862	0.9814814814814815
27	FOSB+PTPN12	135	29	additive	roles	0	0	1	0.019831315268877964	0.06271253099720164	0.553566026306862	0.9814814814814815
27	FOSB+PTPN12	135	29	additive	roles	0	0	2	0.019831315268877964	0.06271253099720164	0.553566026306862	0.9814814814814815
27	FOSB+PTPN12	135	29	additive	roles	0	1	0	0.020217028200620935	0.06309032506021152	0.5359291800797891	0.9814814814814815
27	FOSB+PTPN12	135	29	additive	roles	0	1	1	0.020217028200620935	0.06309032506021152	0.5359291800797891	0.9814814814814815
27	FOSB+PTPN12	135	29	additive	roles	0	1	2	0.020217028200620935	0.06309032506021152	0.5359291800797891	0.9814814814814815
27	FOSB+PTPN12	135	29	additive	roles	0	2	0	0.02030722102489526	0.0632546423776793	0.5411022505899257	1.0
27	FOSB+PTPN12	135	29	additive	roles	0	2	1	0.02030722102489526	0.0632546423776793	0.5411022505899257	1.0
27	FOSB+PTPN12	135	29	additive	roles	0	2	2	0.02030722102489526	0.0632546423776793	0.5411022505899257	1.0
27	FOSB+PTPN12	135	29	additive	roles	1	0	0	0.023310732518423735	0.06799259602045254	0.5347596417899056	0.9814814814814815
27	FOSB+PTPN12	135	29	additive	roles	1	0	1	0.023310732518423735	0.06799259602045254	0.5347596417899056	0.9814814814814815
27	FOSB+PTPN12	135	29	additive	roles	1	0	2	0.023310732518423735	0.06799259602045254	0.5347596417899056	0.9814814814814815
27	FOSB+PTPN12	135	29	additive	roles	1	1	0	0.019831315268877964	0.06271253099720164	0.553566026306862	0.9814814814814815
27	FOSB+PTPN12	135	29	additive	roles	1	1	1	0.019831315268877964	0.06271253099720164	0.553566026306862	0.9814814814814815
27	FOSB+PTPN12	135	29	additive	roles	1	1	2	0.019831315268877964	0.06271253099720164	0.553566026306862	0.9814814814814815
27	FOSB+PTPN12	135	29	additive	roles	1	2	0	0.021627759613859692	0.06539612750335118	0.5416439816118229	0.9814814814814815
27	FOSB+PTPN12	135	29	additive	roles	1	2	1	0.021627759613859692	0.06539612750335118	0.5416439816118229	0.9814814814814815
27	FOSB+PTPN12	135	29	additive	roles	1	2	2	0.021627759613859692	0.06539612750335118	0.5416439816118229	0.9814814814814815
27	FOSB+PTPN12	135	29	additive	roles	2	0	0	0.023136046078567955	0.06767988950998546	0.5310999234189084	0.9814814814814815
27	FOSB+PTPN12	135	29	additive	roles	2	0	1	0.023136046078567955	0.06767988950998546	0.5310999234189084	0.9814814814814815
27	FOSB+PTPN12	135	29	additive	roles	2	0	2	0.023136046078567955	0.06767988950998546	0.5310999234189084	0.9814814814814815
27	FOSB+PTPN12	135	29	additive	roles	2	1	0	0.02136288034972959	0.06491122519867419	0.5329744551051532	0.9814814814814815
27	FOSB+PTPN12	135	29	additive	roles	2	1	1	0.02136288034972959	0.06491122519867419	0.5329744551051532	0.9814814814814815
27	FOSB+PTPN12	135	29	additive	roles	2	1	2	0.02136288034972959	0.06491122519867419	0.5329744551051532	0.9814814814814815
27	FOSB+PTPN12	135	29	additive	roles	2	2	0	0.019831315268877964	0.06271253099720164	0.553566026306862	0.9814814814814815
27	FOSB+PTPN12	135	29	additive	roles	2	2	1	0.019831315268877964	0.06271253099720164	0.553566026306862	0.9814814814814815
27	FOSB+PTPN12	135	29	additive	roles	2	2	2	0.019831315268877964	0.06271253099720164	0.553566026306862	0.9814814814814815
27	FOSB+PTPN12	135	29	additive	direct_state	unused	unused	0	0.019831315268877964	0.06271253099720164	0.553566026306862	0.9814814814814815
27	FOSB+PTPN12	135	29	additive	direct_state	unused	unused	1	0.019831315268877964	0.06271253099720164	0.553566026306862	0.9814814814814815
27	FOSB+PTPN12	135	29	additive	direct_state	unused	unused	2	0.019831315268877964	0.06271253099720164	0.553566026306862	0.9814814814814815
27	FOSB+PTPN12	135	29	compositional_ridge	roles	0	0	0	0.021845647426113647	0.06538312559515273	0.3703874427467108	0.9629629629629629
27	FOSB+PTPN12	135	29	compositional_ridge	roles	0	0	1	0.021845647426113647	0.06538312559515273	0.3703874427467108	0.9629629629629629
27	FOSB+PTPN12	135	29	compositional_ridge	roles	0	0	2	0.021845647426113647	0.06538312559515273	0.3703874427467108	0.9629629629629629
27	FOSB+PTPN12	135	29	compositional_ridge	roles	0	1	0	0.022699027206347668	0.06660680539303211	0.33372447055630666	0.9629629629629629
27	FOSB+PTPN12	135	29	compositional_ridge	roles	0	1	1	0.022699027206347668	0.06660680539303211	0.33372447055630666	0.9629629629629629
27	FOSB+PTPN12	135	29	compositional_ridge	roles	0	1	2	0.022699027206347668	0.06660680539303211	0.33372447055630666	0.9629629629629629
27	FOSB+PTPN12	135	29	compositional_ridge	roles	0	2	0	0.022208644957532008	0.06580848257339579	0.3481872185853883	0.9814814814814815
27	FOSB+PTPN12	135	29	compositional_ridge	roles	0	2	1	0.022208644957532008	0.06580848257339579	0.3481872185853883	0.9814814814814815
27	FOSB+PTPN12	135	29	compositional_ridge	roles	0	2	2	0.022208644957532008	0.06580848257339579	0.3481872185853883	0.9814814814814815
27	FOSB+PTPN12	135	29	compositional_ridge	roles	1	0	0	0.024857397827168354	0.06964983016613496	0.3613888771167506	0.9629629629629629
27	FOSB+PTPN12	135	29	compositional_ridge	roles	1	0	1	0.024857397827168354	0.06964983016613496	0.3613888771167506	0.9629629629629629
27	FOSB+PTPN12	135	29	compositional_ridge	roles	1	0	2	0.024857397827168354	0.06964983016613496	0.3613888771167506	0.9629629629629629
27	FOSB+PTPN12	135	29	compositional_ridge	roles	1	1	0	0.021845647426113647	0.06538312559515273	0.3703874427467108	0.9629629629629629
27	FOSB+PTPN12	135	29	compositional_ridge	roles	1	1	1	0.021845647426113647	0.06538312559515273	0.3703874427467108	0.9629629629629629
27	FOSB+PTPN12	135	29	compositional_ridge	roles	1	1	2	0.021845647426113647	0.06538312559515273	0.3703874427467108	0.9629629629629629
27	FOSB+PTPN12	135	29	compositional_ridge	roles	1	2	0	0.023061516698005387	0.06702443023833804	0.3635242730676235	0.9629629629629629
27	FOSB+PTPN12	135	29	compositional_ridge	roles	1	2	1	0.023061516698005387	0.06702443023833804	0.3635242730676235	0.9629629629629629
27	FOSB+PTPN12	135	29	compositional_ridge	roles	1	2	2	0.023061516698005387	0.06702443023833804	0.3635242730676235	0.9629629629629629
27	FOSB+PTPN12	135	29	compositional_ridge	roles	2	0	0	0.025263286460402573	0.0702505799608237	0.349806259323183	0.9629629629629629
27	FOSB+PTPN12	135	29	compositional_ridge	roles	2	0	1	0.025263286460402573	0.0702505799608237	0.349806259323183	0.9629629629629629
27	FOSB+PTPN12	135	29	compositional_ridge	roles	2	0	2	0.025263286460402573	0.0702505799608237	0.349806259323183	0.9629629629629629
27	FOSB+PTPN12	135	29	compositional_ridge	roles	2	1	0	0.023957787580055265	0.06842535741584985	0.33752066652595814	0.9629629629629629
27	FOSB+PTPN12	135	29	compositional_ridge	roles	2	1	1	0.023957787580055265	0.06842535741584985	0.33752066652595814	0.9629629629629629
27	FOSB+PTPN12	135	29	compositional_ridge	roles	2	1	2	0.023957787580055265	0.06842535741584985	0.33752066652595814	0.9629629629629629
27	FOSB+PTPN12	135	29	compositional_ridge	roles	2	2	0	0.021845647426113647	0.06538312559515273	0.3703874427467108	0.9629629629629629
27	FOSB+PTPN12	135	29	compositional_ridge	roles	2	2	1	0.021845647426113647	0.06538312559515273	0.3703874427467108	0.9629629629629629
27	FOSB+PTPN12	135	29	compositional_ridge	roles	2	2	2	0.021845647426113647	0.06538312559515273	0.3703874427467108	0.9629629629629629
27	FOSB+PTPN12	135	29	compositional_ridge	direct_state	unused	unused	0	0.021845647426113647	0.06538312559515273	0.3703874427467108	0.9629629629629629
27	FOSB+PTPN12	135	29	compositional_ridge	direct_state	unused	unused	1	0.021845647426113647	0.06538312559515273	0.3703874427467108	0.9629629629629629
27	FOSB+PTPN12	135	29	compositional_ridge	direct_state	unused	unused	2	0.021845647426113647	0.06538312559515273	0.3703874427467108	0.9629629629629629
27	FOSB+PTPN12	135	29	NC_native_effect	roles	0	0	0	0.030616764677015015	0.0826810156905943	0.17922924004411955	0.9074074074074074
27	FOSB+PTPN12	135	29	NC_native_effect	roles	0	0	1	0.030616764677015015	0.0826810156905943	0.17922924004411955	0.9074074074074074
27	FOSB+PTPN12	135	29	NC_native_effect	roles	0	0	2	0.030616764677015015	0.0826810156905943	0.17922924004411955	0.9074074074074074
27	FOSB+PTPN12	135	29	NC_native_effect	roles	0	1	0	0.030616764677015015	0.0826810156905943	0.17922924004411955	0.9074074074074074
27	FOSB+PTPN12	135	29	NC_native_effect	roles	0	1	1	0.030616764677015015	0.0826810156905943	0.17922924004411955	0.9074074074074074
27	FOSB+PTPN12	135	29	NC_native_effect	roles	0	1	2	0.030616764677015015	0.0826810156905943	0.17922924004411955	0.9074074074074074
27	FOSB+PTPN12	135	29	NC_native_effect	roles	0	2	0	0.030616764677015015	0.0826810156905943	0.17922924004411955	0.9074074074074074
27	FOSB+PTPN12	135	29	NC_native_effect	roles	0	2	1	0.030616764677015015	0.0826810156905943	0.17922924004411955	0.9074074074074074
27	FOSB+PTPN12	135	29	NC_native_effect	roles	0	2	2	0.030616764677015015	0.0826810156905943	0.17922924004411955	0.9074074074074074
27	FOSB+PTPN12	135	29	NC_native_effect	roles	1	0	0	0.027460634154256893	0.07839234257304498	0.21388132505083315	0.9074074074074074
27	FOSB+PTPN12	135	29	NC_native_effect	roles	1	0	1	0.027460634154256893	0.07839234257304498	0.21388132505083315	0.9074074074074074
27	FOSB+PTPN12	135	29	NC_native_effect	roles	1	0	2	0.027460634154256893	0.07839234257304498	0.21388132505083315	0.9074074074074074
27	FOSB+PTPN12	135	29	NC_native_effect	roles	1	1	0	0.027460634154256893	0.07839234257304498	0.21388132505083315	0.9074074074074074
27	FOSB+PTPN12	135	29	NC_native_effect	roles	1	1	1	0.027460634154256893	0.07839234257304498	0.21388132505083315	0.9074074074074074
27	FOSB+PTPN12	135	29	NC_native_effect	roles	1	1	2	0.027460634154256893	0.07839234257304498	0.21388132505083315	0.9074074074074074
27	FOSB+PTPN12	135	29	NC_native_effect	roles	1	2	0	0.027460634154256893	0.07839234257304498	0.21388132505083315	0.9074074074074074
27	FOSB+PTPN12	135	29	NC_native_effect	roles	1	2	1	0.027460634154256893	0.07839234257304498	0.21388132505083315	0.9074074074074074
27	FOSB+PTPN12	135	29	NC_native_effect	roles	1	2	2	0.027460634154256893	0.07839234257304498	0.21388132505083315	0.9074074074074074
27	FOSB+PTPN12	135	29	NC_native_effect	roles	2	0	0	0.027165504343900266	0.0780661571027343	0.20093462915790408	0.9074074074074074
27	FOSB+PTPN12	135	29	NC_native_effect	roles	2	0	1	0.027165504343900266	0.0780661571027343	0.20093462915790408	0.9074074074074074
27	FOSB+PTPN12	135	29	NC_native_effect	roles	2	0	2	0.027165504343900266	0.0780661571027343	0.20093462915790408	0.9074074074074074
27	FOSB+PTPN12	135	29	NC_native_effect	roles	2	1	0	0.027165504343900266	0.0780661571027343	0.20093462915790408	0.9074074074074074
27	FOSB+PTPN12	135	29	NC_native_effect	roles	2	1	1	0.027165504343900266	0.0780661571027343	0.20093462915790408	0.9074074074074074
27	FOSB+PTPN12	135	29	NC_native_effect	roles	2	1	2	0.027165504343900266	0.0780661571027343	0.20093462915790408	0.9074074074074074
27	FOSB+PTPN12	135	29	NC_native_effect	roles	2	2	0	0.027165504343900266	0.0780661571027343	0.20093462915790408	0.9074074074074074
27	FOSB+PTPN12	135	29	NC_native_effect	roles	2	2	1	0.027165504343900266	0.0780661571027343	0.20093462915790408	0.9074074074074074
27	FOSB+PTPN12	135	29	NC_native_effect	roles	2	2	2	0.027165504343900266	0.0780661571027343	0.20093462915790408	0.9074074074074074
27	FOSB+PTPN12	135	29	NC_native_effect	direct_state	unused	unused	0	0.028053762494902167	0.07936720784784336	0.19995267431308056	0.9074074074074074
27	FOSB+PTPN12	135	29	NC_native_effect	direct_state	unused	unused	1	0.028053762494902167	0.07936720784784336	0.19995267431308056	0.9074074074074074
27	FOSB+PTPN12	135	29	NC_native_effect	direct_state	unused	unused	2	0.028053762494902167	0.07936720784784336	0.19995267431308056	0.9074074074074074
27	FOSB+PTPN12	135	29	native_effect_ridge	roles	0	0	0	0.04334062364471968	0.0919719596956548	0.21287340636548313	0.9259259259259259
27	FOSB+PTPN12	135	29	native_effect_ridge	roles	0	0	1	0.04334062364471968	0.0919719596956548	0.21287340636548313	0.9259259259259259
27	FOSB+PTPN12	135	29	native_effect_ridge	roles	0	0	2	0.04334062364471968	0.0919719596956548	0.21287340636548313	0.9259259259259259
27	FOSB+PTPN12	135	29	native_effect_ridge	roles	0	1	0	0.04334062364471968	0.0919719596956548	0.21287340636548313	0.9259259259259259
27	FOSB+PTPN12	135	29	native_effect_ridge	roles	0	1	1	0.04334062364471968	0.0919719596956548	0.21287340636548313	0.9259259259259259
27	FOSB+PTPN12	135	29	native_effect_ridge	roles	0	1	2	0.04334062364471968	0.0919719596956548	0.21287340636548313	0.9259259259259259
27	FOSB+PTPN12	135	29	native_effect_ridge	roles	0	2	0	0.04334062364471968	0.0919719596956548	0.21287340636548313	0.9259259259259259
27	FOSB+PTPN12	135	29	native_effect_ridge	roles	0	2	1	0.04334062364471968	0.0919719596956548	0.21287340636548313	0.9259259259259259
27	FOSB+PTPN12	135	29	native_effect_ridge	roles	0	2	2	0.04334062364471968	0.0919719596956548	0.21287340636548313	0.9259259259259259
27	FOSB+PTPN12	135	29	native_effect_ridge	roles	1	0	0	0.04530627207479282	0.09408822682691911	0.22577475094333713	0.9444444444444444
27	FOSB+PTPN12	135	29	native_effect_ridge	roles	1	0	1	0.04530627207479282	0.09408822682691911	0.22577475094333713	0.9444444444444444
27	FOSB+PTPN12	135	29	native_effect_ridge	roles	1	0	2	0.04530627207479282	0.09408822682691911	0.22577475094333713	0.9444444444444444
27	FOSB+PTPN12	135	29	native_effect_ridge	roles	1	1	0	0.04530627207479282	0.09408822682691911	0.22577475094333713	0.9444444444444444
27	FOSB+PTPN12	135	29	native_effect_ridge	roles	1	1	1	0.04530627207479282	0.09408822682691911	0.22577475094333713	0.9444444444444444
27	FOSB+PTPN12	135	29	native_effect_ridge	roles	1	1	2	0.04530627207479282	0.09408822682691911	0.22577475094333713	0.9444444444444444
27	FOSB+PTPN12	135	29	native_effect_ridge	roles	1	2	0	0.04530627207479282	0.09408822682691911	0.22577475094333713	0.9444444444444444
27	FOSB+PTPN12	135	29	native_effect_ridge	roles	1	2	1	0.04530627207479282	0.09408822682691911	0.22577475094333713	0.9444444444444444
27	FOSB+PTPN12	135	29	native_effect_ridge	roles	1	2	2	0.04530627207479282	0.09408822682691911	0.22577475094333713	0.9444444444444444
27	FOSB+PTPN12	135	29	native_effect_ridge	roles	2	0	0	0.04587740095980851	0.09471630911360462	0.21563641586927043	0.9259259259259259
27	FOSB+PTPN12	135	29	native_effect_ridge	roles	2	0	1	0.04587740095980851	0.09471630911360462	0.21563641586927043	0.9259259259259259
27	FOSB+PTPN12	135	29	native_effect_ridge	roles	2	0	2	0.04587740095980851	0.09471630911360462	0.21563641586927043	0.9259259259259259
27	FOSB+PTPN12	135	29	native_effect_ridge	roles	2	1	0	0.04587740095980851	0.09471630911360462	0.21563641586927043	0.9259259259259259
27	FOSB+PTPN12	135	29	native_effect_ridge	roles	2	1	1	0.04587740095980851	0.09471630911360462	0.21563641586927043	0.9259259259259259
27	FOSB+PTPN12	135	29	native_effect_ridge	roles	2	1	2	0.04587740095980851	0.09471630911360462	0.21563641586927043	0.9259259259259259
27	FOSB+PTPN12	135	29	native_effect_ridge	roles	2	2	0	0.04587740095980851	0.09471630911360462	0.21563641586927043	0.9259259259259259
27	FOSB+PTPN12	135	29	native_effect_ridge	roles	2	2	1	0.04587740095980851	0.09471630911360462	0.21563641586927043	0.9259259259259259
27	FOSB+PTPN12	135	29	native_effect_ridge	roles	2	2	2	0.04587740095980851	0.09471630911360462	0.21563641586927043	0.9259259259259259
27	FOSB+PTPN12	135	29	native_effect_ridge	direct_state	unused	unused	0	0.04304311247628295	0.09177465054341008	0.22467770457224637	0.9444444444444444
27	FOSB+PTPN12	135	29	native_effect_ridge	direct_state	unused	unused	1	0.04304311247628295	0.09177465054341008	0.22467770457224637	0.9444444444444444
27	FOSB+PTPN12	135	29	native_effect_ridge	direct_state	unused	unused	2	0.04304311247628295	0.09177465054341008	0.22467770457224637	0.9444444444444444
54	UBASH3B+ZBTB25	8	0	selected_CPA	roles	0	0	0	0.06411381375143989	0.11710640902182931	0.24356357497451123	0.5555555555555556
54	UBASH3B+ZBTB25	8	0	selected_CPA	roles	0	0	1	0.07040800806560077	0.1225142580824738	0.116657886693037	0.5555555555555556
54	UBASH3B+ZBTB25	8	0	selected_CPA	roles	0	0	2	0.06696990306005289	0.11991191639125834	0.15450653892704855	0.5555555555555556
54	UBASH3B+ZBTB25	8	0	selected_CPA	roles	0	1	0	0.08905318572905827	0.13535194079631216	0.21518968026902252	0.6111111111111112
54	UBASH3B+ZBTB25	8	0	selected_CPA	roles	0	1	1	0.09023324763402735	0.13608492272924294	0.15391127271902508	0.5555555555555556
54	UBASH3B+ZBTB25	8	0	selected_CPA	roles	0	1	2	0.0895278719308298	0.1358937794029708	0.17008427446114127	0.5925925925925926
54	UBASH3B+ZBTB25	8	0	selected_CPA	roles	0	2	0	0.09035696678108686	0.1365970307289344	0.20258228495384345	0.6111111111111112
54	UBASH3B+ZBTB25	8	0	selected_CPA	roles	0	2	1	0.0940788790029203	0.13913729020421417	0.13443010681893278	0.5555555555555556
54	UBASH3B+ZBTB25	8	0	selected_CPA	roles	0	2	2	0.08988438119873658	0.13648373202687505	0.15767752265237717	0.5555555555555556
54	UBASH3B+ZBTB25	8	0	selected_CPA	roles	1	0	0	0.0966210155470106	0.1414684171782532	0.05589222916433326	0.5555555555555556
54	UBASH3B+ZBTB25	8	0	selected_CPA	roles	1	0	1	0.1080293422703633	0.1496864039953084	-0.029435342064434676	0.48148148148148145
54	UBASH3B+ZBTB25	8	0	selected_CPA	roles	1	0	2	0.10185850796246508	0.14558933674241964	-0.004447485438248678	0.5370370370370371
54	UBASH3B+ZBTB25	8	0	selected_CPA	roles	1	1	0	0.06411381375143989	0.11710640902182931	0.24356357497451123	0.5555555555555556
54	UBASH3B+ZBTB25	8	0	selected_CPA	roles	1	1	1	0.07040800806560077	0.1225142580824738	0.116657886693037	0.5555555555555556
54	UBASH3B+ZBTB25	8	0	selected_CPA	roles	1	1	2	0.06696990306005289	0.11991191639125834	0.15450653892704855	0.5555555555555556
54	UBASH3B+ZBTB25	8	0	selected_CPA	roles	1	2	0	0.0927235310773479	0.13863012684220583	0.12812302848208038	0.5555555555555556
54	UBASH3B+ZBTB25	8	0	selected_CPA	roles	1	2	1	0.10155957570837312	0.1449676614707974	0.04423102131091269	0.5370370370370371
54	UBASH3B+ZBTB25	8	0	selected_CPA	roles	1	2	2	0.09463234860183906	0.1403757729376751	0.07159737629689875	0.5555555555555556
54	UBASH3B+ZBTB25	8	0	selected_CPA	roles	2	0	0	0.09614576218282365	0.14028886152142264	0.07351961096152666	0.5555555555555556
54	UBASH3B+ZBTB25	8	0	selected_CPA	roles	2	0	1	0.10501223858931198	0.14687475189626248	-0.010139247093154865	0.5370370370370371
54	UBASH3B+ZBTB25	8	0	selected_CPA	roles	2	0	2	0.10233052638239996	0.14505798040861725	0.014614470406511438	0.5555555555555556
54	UBASH3B+ZBTB25	8	0	selected_CPA	roles	2	1	0	0.09094449666113234	0.1361887027242335	0.15775729339851063	0.5925925925925926
54	UBASH3B+ZBTB25	8	0	selected_CPA	roles	2	1	1	0.09469684065842889	0.13907450069910737	0.0835959487145642	0.5555555555555556
54	UBASH3B+ZBTB25	8	0	selected_CPA	roles	2	1	2	0.09474785775386718	0.13924880792099548	0.10288483452612815	0.5555555555555556
54	UBASH3B+ZBTB25	8	0	selected_CPA	roles	2	2	0	0.06411381375143989	0.11710640902182931	0.24356357497451123	0.5555555555555556
54	UBASH3B+ZBTB25	8	0	selected_CPA	roles	2	2	1	0.07040800806560077	0.1225142580824738	0.116657886693037	0.5555555555555556
54	UBASH3B+ZBTB25	8	0	selected_CPA	roles	2	2	2	0.06696990306005289	0.11991191639125834	0.15450653892704855	0.5555555555555556
54	UBASH3B+ZBTB25	8	0	selected_CPA	direct_state	unused	unused	0	0.06411381375143989	0.11710640902182931	0.24356357497451123	0.5555555555555556
54	UBASH3B+ZBTB25	8	0	selected_CPA	direct_state	unused	unused	1	0.07040800806560077	0.1225142580824738	0.116657886693037	0.5555555555555556
54	UBASH3B+ZBTB25	8	0	selected_CPA	direct_state	unused	unused	2	0.06696990306005289	0.11991191639125834	0.15450653892704855	0.5555555555555556
54	UBASH3B+ZBTB25	8	0	original_CPA_fixed	roles	0	0	0	0.08647878606126087	0.1388527686856167	-0.2121820271873468	0.5185185185185185
54	UBASH3B+ZBTB25	8	0	original_CPA_fixed	roles	0	0	1	0.08647878606126087	0.1388527686856167	-0.2121820271873468	0.5185185185185185
54	UBASH3B+ZBTB25	8	0	original_CPA_fixed	roles	0	0	2	0.08647878606126087	0.1388527686856167	-0.2121820271873468	0.5185185185185185
54	UBASH3B+ZBTB25	8	0	original_CPA_fixed	roles	0	1	0	0.10917060030916095	0.1524600236198841	-0.032726702324269934	0.5555555555555556
54	UBASH3B+ZBTB25	8	0	original_CPA_fixed	roles	0	1	1	0.10917060030916095	0.1524600236198841	-0.032726702324269934	0.5555555555555556
54	UBASH3B+ZBTB25	8	0	original_CPA_fixed	roles	0	1	2	0.10917060030916095	0.1524600236198841	-0.032726702324269934	0.5555555555555556
54	UBASH3B+ZBTB25	8	0	original_CPA_fixed	roles	0	2	0	0.1093333561576105	0.15311185476727268	-0.052622665110895486	0.5555555555555556
54	UBASH3B+ZBTB25	8	0	original_CPA_fixed	roles	0	2	1	0.1093333561576105	0.15311185476727268	-0.052622665110895486	0.5555555555555556
54	UBASH3B+ZBTB25	8	0	original_CPA_fixed	roles	0	2	2	0.1093333561576105	0.15311185476727268	-0.052622665110895486	0.5555555555555556
54	UBASH3B+ZBTB25	8	0	original_CPA_fixed	roles	1	0	0	0.12123354558654985	0.1619313521509032	-0.21943880498517188	0.4444444444444444
54	UBASH3B+ZBTB25	8	0	original_CPA_fixed	roles	1	0	1	0.12123354558654985	0.1619313521509032	-0.21943880498517188	0.4444444444444444
54	UBASH3B+ZBTB25	8	0	original_CPA_fixed	roles	1	0	2	0.12123354558654985	0.1619313521509032	-0.21943880498517188	0.4444444444444444
54	UBASH3B+ZBTB25	8	0	original_CPA_fixed	roles	1	1	0	0.08647878606126087	0.1388527686856167	-0.2121820271873468	0.5185185185185185
54	UBASH3B+ZBTB25	8	0	original_CPA_fixed	roles	1	1	1	0.08647878606126087	0.1388527686856167	-0.2121820271873468	0.5185185185185185
54	UBASH3B+ZBTB25	8	0	original_CPA_fixed	roles	1	1	2	0.08647878606126087	0.1388527686856167	-0.2121820271873468	0.5185185185185185
54	UBASH3B+ZBTB25	8	0	original_CPA_fixed	roles	1	2	0	0.1139474781835898	0.15698749232797238	-0.1501414319935785	0.5
54	UBASH3B+ZBTB25	8	0	original_CPA_fixed	roles	1	2	1	0.1139474781835898	0.15698749232797238	-0.1501414319935785	0.5
54	UBASH3B+ZBTB25	8	0	original_CPA_fixed	roles	1	2	2	0.1139474781835898	0.15698749232797238	-0.1501414319935785	0.5
54	UBASH3B+ZBTB25	8	0	original_CPA_fixed	roles	2	0	0	0.12189931742594197	0.1613345408646602	-0.19199999968144169	0.5
54	UBASH3B+ZBTB25	8	0	original_CPA_fixed	roles	2	0	1	0.12189931742594197	0.1613345408646602	-0.19199999968144169	0.5
54	UBASH3B+ZBTB25	8	0	original_CPA_fixed	roles	2	0	2	0.12189931742594197	0.1613345408646602	-0.19199999968144169	0.5
54	UBASH3B+ZBTB25	8	0	original_CPA_fixed	roles	2	1	0	0.11445049417453239	0.15573362753727046	-0.10196385615212357	0.5370370370370371
54	UBASH3B+ZBTB25	8	0	original_CPA_fixed	roles	2	1	1	0.11445049417453239	0.15573362753727046	-0.10196385615212357	0.5370370370370371
54	UBASH3B+ZBTB25	8	0	original_CPA_fixed	roles	2	1	2	0.11445049417453239	0.15573362753727046	-0.10196385615212357	0.5370370370370371
54	UBASH3B+ZBTB25	8	0	original_CPA_fixed	roles	2	2	0	0.08647878606126087	0.1388527686856167	-0.2121820271873468	0.5185185185185185
54	UBASH3B+ZBTB25	8	0	original_CPA_fixed	roles	2	2	1	0.08647878606126087	0.1388527686856167	-0.2121820271873468	0.5185185185185185
54	UBASH3B+ZBTB25	8	0	original_CPA_fixed	roles	2	2	2	0.08647878606126087	0.1388527686856167	-0.2121820271873468	0.5185185185185185
54	UBASH3B+ZBTB25	8	0	original_CPA_fixed	direct_state	unused	unused	0	0.08647878606126087	0.1388527686856167	-0.2121820271873468	0.5185185185185185
54	UBASH3B+ZBTB25	8	0	original_CPA_fixed	direct_state	unused	unused	1	0.08647878606126087	0.1388527686856167	-0.2121820271873468	0.5185185185185185
54	UBASH3B+ZBTB25	8	0	original_CPA_fixed	direct_state	unused	unused	2	0.08647878606126087	0.1388527686856167	-0.2121820271873468	0.5185185185185185
54	UBASH3B+ZBTB25	8	0	additive	roles	0	0	0	0.014088035205242906	0.05267041294707168	0.8393214761376251	1.0
54	UBASH3B+ZBTB25	8	0	additive	roles	0	0	1	0.014088035205242906	0.05267041294707168	0.8393214761376251	1.0
54	UBASH3B+ZBTB25	8	0	additive	roles	0	0	2	0.014088035205242906	0.05267041294707168	0.8393214761376251	1.0
54	UBASH3B+ZBTB25	8	0	additive	roles	0	1	0	0.04486223321716337	0.09308202587279504	0.6698664861098631	1.0
54	UBASH3B+ZBTB25	8	0	additive	roles	0	1	1	0.04486223321716337	0.09308202587279504	0.6698664861098631	1.0
54	UBASH3B+ZBTB25	8	0	additive	roles	0	1	2	0.04486223321716337	0.09308202587279504	0.6698664861098631	1.0
54	UBASH3B+ZBTB25	8	0	additive	roles	0	2	0	0.04178336012496033	0.08951866267848595	0.6791358843176682	1.0
54	UBASH3B+ZBTB25	8	0	additive	roles	0	2	1	0.04178336012496033	0.08951866267848595	0.6791358843176682	1.0
54	UBASH3B+ZBTB25	8	0	additive	roles	0	2	2	0.04178336012496033	0.08951866267848595	0.6791358843176682	1.0
54	UBASH3B+ZBTB25	8	0	additive	roles	1	0	0	0.040760410966511534	0.08825939115878331	0.6274783422711139	1.0
54	UBASH3B+ZBTB25	8	0	additive	roles	1	0	1	0.040760410966511534	0.08825939115878331	0.6274783422711139	1.0
54	UBASH3B+ZBTB25	8	0	additive	roles	1	0	2	0.040760410966511534	0.08825939115878331	0.6274783422711139	1.0
54	UBASH3B+ZBTB25	8	0	additive	roles	1	1	0	0.014088035205242906	0.05267041294707168	0.8393214761376251	1.0
54	UBASH3B+ZBTB25	8	0	additive	roles	1	1	1	0.014088035205242906	0.05267041294707168	0.8393214761376251	1.0
54	UBASH3B+ZBTB25	8	0	additive	roles	1	1	2	0.014088035205242906	0.05267041294707168	0.8393214761376251	1.0
54	UBASH3B+ZBTB25	8	0	additive	roles	1	2	0	0.03831509838691927	0.08537739709572408	0.6674796350782757	1.0
54	UBASH3B+ZBTB25	8	0	additive	roles	1	2	1	0.03831509838691927	0.08537739709572408	0.6674796350782757	1.0
54	UBASH3B+ZBTB25	8	0	additive	roles	1	2	2	0.03831509838691927	0.08537739709572408	0.6674796350782757	1.0
54	UBASH3B+ZBTB25	8	0	additive	roles	2	0	0	0.04466781174655623	0.09190563222810626	0.6155363653142403	1.0
54	UBASH3B+ZBTB25	8	0	additive	roles	2	0	1	0.04466781174655623	0.09190563222810626	0.6155363653142403	1.0
54	UBASH3B+ZBTB25	8	0	additive	roles	2	0	2	0.04466781174655623	0.09190563222810626	0.6155363653142403	1.0
54	UBASH3B+ZBTB25	8	0	additive	roles	2	1	0	0.04530137225916702	0.09271945650837744	0.6450983637021971	1.0
54	UBASH3B+ZBTB25	8	0	additive	roles	2	1	1	0.04530137225916702	0.09271945650837744	0.6450983637021971	1.0
54	UBASH3B+ZBTB25	8	0	additive	roles	2	1	2	0.04530137225916702	0.09271945650837744	0.6450983637021971	1.0
54	UBASH3B+ZBTB25	8	0	additive	roles	2	2	0	0.014088035205242906	0.05267041294707168	0.8393214761376251	1.0
54	UBASH3B+ZBTB25	8	0	additive	roles	2	2	1	0.014088035205242906	0.05267041294707168	0.8393214761376251	1.0
54	UBASH3B+ZBTB25	8	0	additive	roles	2	2	2	0.014088035205242906	0.05267041294707168	0.8393214761376251	1.0
54	UBASH3B+ZBTB25	8	0	additive	direct_state	unused	unused	0	0.014088035205242906	0.05267041294707168	0.8393214761376251	1.0
54	UBASH3B+ZBTB25	8	0	additive	direct_state	unused	unused	1	0.014088035205242906	0.05267041294707168	0.8393214761376251	1.0
54	UBASH3B+ZBTB25	8	0	additive	direct_state	unused	unused	2	0.014088035205242906	0.05267041294707168	0.8393214761376251	1.0
54	UBASH3B+ZBTB25	8	0	compositional_ridge	roles	0	0	0	0.008663565517956334	0.0414932483491354	0.9066806197174665	1.0
54	UBASH3B+ZBTB25	8	0	compositional_ridge	roles	0	0	1	0.008663565517956334	0.0414932483491354	0.9066806197174665	1.0
54	UBASH3B+ZBTB25	8	0	compositional_ridge	roles	0	0	2	0.008663565517956334	0.0414932483491354	0.9066806197174665	1.0
54	UBASH3B+ZBTB25	8	0	compositional_ridge	roles	0	1	0	0.037013343796879525	0.08407531418400577	0.6682562857375515	1.0
54	UBASH3B+ZBTB25	8	0	compositional_ridge	roles	0	1	1	0.037013343796879525	0.08407531418400577	0.6682562857375515	1.0
54	UBASH3B+ZBTB25	8	0	compositional_ridge	roles	0	1	2	0.037013343796879525	0.08407531418400577	0.6682562857375515	1.0
54	UBASH3B+ZBTB25	8	0	compositional_ridge	roles	0	2	0	0.03602137321582086	0.08270460276653752	0.669558198083858	1.0
54	UBASH3B+ZBTB25	8	0	compositional_ridge	roles	0	2	1	0.03602137321582086	0.08270460276653752	0.669558198083858	1.0
54	UBASH3B+ZBTB25	8	0	compositional_ridge	roles	0	2	2	0.03602137321582086	0.08270460276653752	0.669558198083858	1.0
54	UBASH3B+ZBTB25	8	0	compositional_ridge	roles	1	0	0	0.03776036101222225	0.08532502405660057	0.5983154666567585	1.0
54	UBASH3B+ZBTB25	8	0	compositional_ridge	roles	1	0	1	0.03776036101222225	0.08532502405660057	0.5983154666567585	1.0
54	UBASH3B+ZBTB25	8	0	compositional_ridge	roles	1	0	2	0.03776036101222225	0.08532502405660057	0.5983154666567585	1.0
54	UBASH3B+ZBTB25	8	0	compositional_ridge	roles	1	1	0	0.008663565517956334	0.0414932483491354	0.9066806197174665	1.0
54	UBASH3B+ZBTB25	8	0	compositional_ridge	roles	1	1	1	0.008663565517956334	0.0414932483491354	0.9066806197174665	1.0
54	UBASH3B+ZBTB25	8	0	compositional_ridge	roles	1	1	2	0.008663565517956334	0.0414932483491354	0.9066806197174665	1.0
54	UBASH3B+ZBTB25	8	0	compositional_ridge	roles	1	2	0	0.03497753121077707	0.08160197687470287	0.6454851254365171	1.0
54	UBASH3B+ZBTB25	8	0	compositional_ridge	roles	1	2	1	0.03497753121077707	0.08160197687470287	0.6454851254365171	1.0
54	UBASH3B+ZBTB25	8	0	compositional_ridge	roles	1	2	2	0.03497753121077707	0.08160197687470287	0.6454851254365171	1.0
54	UBASH3B+ZBTB25	8	0	compositional_ridge	roles	2	0	0	0.03958085928112257	0.08669036510084413	0.5959299749174536	1.0
54	UBASH3B+ZBTB25	8	0	compositional_ridge	roles	2	0	1	0.03958085928112257	0.08669036510084413	0.5959299749174536	1.0
54	UBASH3B+ZBTB25	8	0	compositional_ridge	roles	2	0	2	0.03958085928112257	0.08669036510084413	0.5959299749174536	1.0
54	UBASH3B+ZBTB25	8	0	compositional_ridge	roles	2	1	0	0.03779000006073608	0.08439401304172144	0.6407389720186589	1.0
54	UBASH3B+ZBTB25	8	0	compositional_ridge	roles	2	1	1	0.03779000006073608	0.08439401304172144	0.6407389720186589	1.0
54	UBASH3B+ZBTB25	8	0	compositional_ridge	roles	2	1	2	0.03779000006073608	0.08439401304172144	0.6407389720186589	1.0
54	UBASH3B+ZBTB25	8	0	compositional_ridge	roles	2	2	0	0.008663565517956334	0.0414932483491354	0.9066806197174665	1.0
54	UBASH3B+ZBTB25	8	0	compositional_ridge	roles	2	2	1	0.008663565517956334	0.0414932483491354	0.9066806197174665	1.0
54	UBASH3B+ZBTB25	8	0	compositional_ridge	roles	2	2	2	0.008663565517956334	0.0414932483491354	0.9066806197174665	1.0
54	UBASH3B+ZBTB25	8	0	compositional_ridge	direct_state	unused	unused	0	0.008663565517956334	0.0414932483491354	0.9066806197174665	1.0
54	UBASH3B+ZBTB25	8	0	compositional_ridge	direct_state	unused	unused	1	0.008663565517956334	0.0414932483491354	0.9066806197174665	1.0
54	UBASH3B+ZBTB25	8	0	compositional_ridge	direct_state	unused	unused	2	0.008663565517956334	0.0414932483491354	0.9066806197174665	1.0
54	UBASH3B+ZBTB25	8	0	NC_native_effect	roles	0	0	0	0.10975964383190312	0.15601224785220544	-0.22722537531242457	0.5
54	UBASH3B+ZBTB25	8	0	NC_native_effect	roles	0	0	1	0.10975964383190312	0.15601224785220544	-0.22722537531242457	0.5
54	UBASH3B+ZBTB25	8	0	NC_native_effect	roles	0	0	2	0.10975964383190312	0.15601224785220544	-0.22722537531242457	0.5
54	UBASH3B+ZBTB25	8	0	NC_native_effect	roles	0	1	0	0.10975964383190312	0.15601224785220544	-0.22722537531242457	0.5
54	UBASH3B+ZBTB25	8	0	NC_native_effect	roles	0	1	1	0.10975964383190312	0.15601224785220544	-0.22722537531242457	0.5
54	UBASH3B+ZBTB25	8	0	NC_native_effect	roles	0	1	2	0.10975964383190312	0.15601224785220544	-0.22722537531242457	0.5
54	UBASH3B+ZBTB25	8	0	NC_native_effect	roles	0	2	0	0.10975964383190312	0.15601224785220544	-0.22722537531242457	0.5
54	UBASH3B+ZBTB25	8	0	NC_native_effect	roles	0	2	1	0.10975964383190312	0.15601224785220544	-0.22722537531242457	0.5
54	UBASH3B+ZBTB25	8	0	NC_native_effect	roles	0	2	2	0.10975964383190312	0.15601224785220544	-0.22722537531242457	0.5
54	UBASH3B+ZBTB25	8	0	NC_native_effect	roles	1	0	0	0.11608951432600514	0.16096925302421058	-0.3425966504499241	0.42592592592592593
54	UBASH3B+ZBTB25	8	0	NC_native_effect	roles	1	0	1	0.11608951432600514	0.16096925302421058	-0.3425966504499241	0.42592592592592593
54	UBASH3B+ZBTB25	8	0	NC_native_effect	roles	1	0	2	0.11608951432600514	0.16096925302421058	-0.3425966504499241	0.42592592592592593
54	UBASH3B+ZBTB25	8	0	NC_native_effect	roles	1	1	0	0.11608951432600514	0.16096925302421058	-0.3425966504499241	0.42592592592592593
54	UBASH3B+ZBTB25	8	0	NC_native_effect	roles	1	1	1	0.11608951432600514	0.16096925302421058	-0.3425966504499241	0.42592592592592593
54	UBASH3B+ZBTB25	8	0	NC_native_effect	roles	1	1	2	0.11608951432600514	0.16096925302421058	-0.3425966504499241	0.42592592592592593
54	UBASH3B+ZBTB25	8	0	NC_native_effect	roles	1	2	0	0.11608951432600514	0.16096925302421058	-0.3425966504499241	0.42592592592592593
54	UBASH3B+ZBTB25	8	0	NC_native_effect	roles	1	2	1	0.11608951432600514	0.16096925302421058	-0.3425966504499241	0.42592592592592593
54	UBASH3B+ZBTB25	8	0	NC_native_effect	roles	1	2	2	0.11608951432600514	0.16096925302421058	-0.3425966504499241	0.42592592592592593
54	UBASH3B+ZBTB25	8	0	NC_native_effect	roles	2	0	0	0.11748512329556311	0.16088327187151746	-0.299594932505813	0.46296296296296297
54	UBASH3B+ZBTB25	8	0	NC_native_effect	roles	2	0	1	0.11748512329556311	0.16088327187151746	-0.299594932505813	0.46296296296296297
54	UBASH3B+ZBTB25	8	0	NC_native_effect	roles	2	0	2	0.11748512329556311	0.16088327187151746	-0.299594932505813	0.46296296296296297
54	UBASH3B+ZBTB25	8	0	NC_native_effect	roles	2	1	0	0.11748512329556311	0.16088327187151746	-0.299594932505813	0.46296296296296297
54	UBASH3B+ZBTB25	8	0	NC_native_effect	roles	2	1	1	0.11748512329556311	0.16088327187151746	-0.299594932505813	0.46296296296296297
54	UBASH3B+ZBTB25	8	0	NC_native_effect	roles	2	1	2	0.11748512329556311	0.16088327187151746	-0.299594932505813	0.46296296296296297
54	UBASH3B+ZBTB25	8	0	NC_native_effect	roles	2	2	0	0.11748512329556311	0.16088327187151746	-0.299594932505813	0.46296296296296297
54	UBASH3B+ZBTB25	8	0	NC_native_effect	roles	2	2	1	0.11748512329556311	0.16088327187151746	-0.299594932505813	0.46296296296296297
54	UBASH3B+ZBTB25	8	0	NC_native_effect	roles	2	2	2	0.11748512329556311	0.16088327187151746	-0.299594932505813	0.46296296296296297
54	UBASH3B+ZBTB25	8	0	NC_native_effect	direct_state	unused	unused	0	0.09782598585030752	0.14905308879895904	-0.40673314181520526	0.46296296296296297
54	UBASH3B+ZBTB25	8	0	NC_native_effect	direct_state	unused	unused	1	0.09782598585030752	0.14905308879895904	-0.40673314181520526	0.46296296296296297
54	UBASH3B+ZBTB25	8	0	NC_native_effect	direct_state	unused	unused	2	0.09782598585030752	0.14905308879895904	-0.40673314181520526	0.46296296296296297
54	UBASH3B+ZBTB25	8	0	native_effect_ridge	roles	0	0	0	0.023369871079861892	0.06689158375283753	0.8005051054657076	1.0
54	UBASH3B+ZBTB25	8	0	native_effect_ridge	roles	0	0	1	0.023369871079861892	0.06689158375283753	0.8005051054657076	1.0
54	UBASH3B+ZBTB25	8	0	native_effect_ridge	roles	0	0	2	0.023369871079861892	0.06689158375283753	0.8005051054657076	1.0
54	UBASH3B+ZBTB25	8	0	native_effect_ridge	roles	0	1	0	0.023369871079861892	0.06689158375283753	0.8005051054657076	1.0
54	UBASH3B+ZBTB25	8	0	native_effect_ridge	roles	0	1	1	0.023369871079861892	0.06689158375283753	0.8005051054657076	1.0
54	UBASH3B+ZBTB25	8	0	native_effect_ridge	roles	0	1	2	0.023369871079861892	0.06689158375283753	0.8005051054657076	1.0
54	UBASH3B+ZBTB25	8	0	native_effect_ridge	roles	0	2	0	0.023369871079861892	0.06689158375283753	0.8005051054657076	1.0
54	UBASH3B+ZBTB25	8	0	native_effect_ridge	roles	0	2	1	0.023369871079861892	0.06689158375283753	0.8005051054657076	1.0
54	UBASH3B+ZBTB25	8	0	native_effect_ridge	roles	0	2	2	0.023369871079861892	0.06689158375283753	0.8005051054657076	1.0
54	UBASH3B+ZBTB25	8	0	native_effect_ridge	roles	1	0	0	0.021286463103269967	0.06301960590297577	0.794412598344759	1.0
54	UBASH3B+ZBTB25	8	0	native_effect_ridge	roles	1	0	1	0.021286463103269967	0.06301960590297577	0.794412598344759	1.0
54	UBASH3B+ZBTB25	8	0	native_effect_ridge	roles	1	0	2	0.021286463103269967	0.06301960590297577	0.794412598344759	1.0
54	UBASH3B+ZBTB25	8	0	native_effect_ridge	roles	1	1	0	0.021286463103269967	0.06301960590297577	0.794412598344759	1.0
54	UBASH3B+ZBTB25	8	0	native_effect_ridge	roles	1	1	1	0.021286463103269967	0.06301960590297577	0.794412598344759	1.0
54	UBASH3B+ZBTB25	8	0	native_effect_ridge	roles	1	1	2	0.021286463103269967	0.06301960590297577	0.794412598344759	1.0
54	UBASH3B+ZBTB25	8	0	native_effect_ridge	roles	1	2	0	0.021286463103269967	0.06301960590297577	0.794412598344759	1.0
54	UBASH3B+ZBTB25	8	0	native_effect_ridge	roles	1	2	1	0.021286463103269967	0.06301960590297577	0.794412598344759	1.0
54	UBASH3B+ZBTB25	8	0	native_effect_ridge	roles	1	2	2	0.021286463103269967	0.06301960590297577	0.794412598344759	1.0
54	UBASH3B+ZBTB25	8	0	native_effect_ridge	roles	2	0	0	0.02408726383954671	0.06706042966618711	0.7802451515718203	1.0
54	UBASH3B+ZBTB25	8	0	native_effect_ridge	roles	2	0	1	0.02408726383954671	0.06706042966618711	0.7802451515718203	1.0
54	UBASH3B+ZBTB25	8	0	native_effect_ridge	roles	2	0	2	0.02408726383954671	0.06706042966618711	0.7802451515718203	1.0
54	UBASH3B+ZBTB25	8	0	native_effect_ridge	roles	2	1	0	0.02408726383954671	0.06706042966618711	0.7802451515718203	1.0
54	UBASH3B+ZBTB25	8	0	native_effect_ridge	roles	2	1	1	0.02408726383954671	0.06706042966618711	0.7802451515718203	1.0
54	UBASH3B+ZBTB25	8	0	native_effect_ridge	roles	2	1	2	0.02408726383954671	0.06706042966618711	0.7802451515718203	1.0
54	UBASH3B+ZBTB25	8	0	native_effect_ridge	roles	2	2	0	0.02408726383954671	0.06706042966618711	0.7802451515718203	1.0
54	UBASH3B+ZBTB25	8	0	native_effect_ridge	roles	2	2	1	0.02408726383954671	0.06706042966618711	0.7802451515718203	1.0
54	UBASH3B+ZBTB25	8	0	native_effect_ridge	roles	2	2	2	0.02408726383954671	0.06706042966618711	0.7802451515718203	1.0
54	UBASH3B+ZBTB25	8	0	native_effect_ridge	direct_state	unused	unused	0	0.007978757855327395	0.038753344552333924	0.9116162442400673	1.0
54	UBASH3B+ZBTB25	8	0	native_effect_ridge	direct_state	unused	unused	1	0.007978757855327395	0.038753344552333924	0.9116162442400673	1.0
54	UBASH3B+ZBTB25	8	0	native_effect_ridge	direct_state	unused	unused	2	0.007978757855327395	0.038753344552333924	0.9116162442400673	1.0
54	UBASH3B+ZBTB25	8	29	selected_CPA	roles	0	0	0	0.07154298394623394	0.122883191271823	0.1801260762993971	0.5555555555555556
54	UBASH3B+ZBTB25	8	29	selected_CPA	roles	0	0	1	0.060493670818113965	0.11485697946589252	0.19336147764247416	0.5555555555555556
54	UBASH3B+ZBTB25	8	29	selected_CPA	roles	0	0	2	0.05480446010705932	0.10801840060982273	0.3057830930957295	0.5555555555555556
54	UBASH3B+ZBTB25	8	29	selected_CPA	roles	0	1	0	0.12035638038224335	0.15589699959180173	0.09230761144304575	0.5370370370370371
54	UBASH3B+ZBTB25	8	29	selected_CPA	roles	0	1	1	0.10150338038502398	0.1438510497337685	0.09877264602881357	0.5555555555555556
54	UBASH3B+ZBTB25	8	29	selected_CPA	roles	0	1	2	0.09701600012405717	0.13946664208437357	0.14839484100794542	0.5555555555555556
54	UBASH3B+ZBTB25	8	29	selected_CPA	roles	0	2	0	0.12605987864539667	0.16031843418003533	0.055836001565011534	0.5370370370370371
54	UBASH3B+ZBTB25	8	29	selected_CPA	roles	0	2	1	0.10864385663500253	0.149830706758546	0.05644180427230274	0.5555555555555556
54	UBASH3B+ZBTB25	8	29	selected_CPA	roles	0	2	2	0.09943778183344423	0.142184963969892	0.11191284979092223	0.5555555555555556
54	UBASH3B+ZBTB25	8	29	selected_CPA	roles	1	0	0	0.0883241052689449	0.1357194218241974	0.09812803735206141	0.5555555555555556
54	UBASH3B+ZBTB25	8	29	selected_CPA	roles	1	0	1	0.0850784790099243	0.1349600144571553	0.08761374235744207	0.5925925925925926
54	UBASH3B+ZBTB25	8	29	selected_CPA	roles	1	0	2	0.07818743784878181	0.12809404371024966	0.14349261635575886	0.6111111111111112
54	UBASH3B+ZBTB25	8	29	selected_CPA	roles	1	1	0	0.07154298394623394	0.122883191271823	0.1801260762993971	0.5555555555555556
54	UBASH3B+ZBTB25	8	29	selected_CPA	roles	1	1	1	0.060493670818113965	0.11485697946589252	0.19336147764247416	0.5555555555555556
54	UBASH3B+ZBTB25	8	29	selected_CPA	roles	1	1	2	0.05480446010705932	0.10801840060982273	0.3057830930957295	0.5555555555555556
54	UBASH3B+ZBTB25	8	29	selected_CPA	roles	1	2	0	0.10881275743568453	0.14993105344023078	0.055648867730863534	0.5555555555555556
54	UBASH3B+ZBTB25	8	29	selected_CPA	roles	1	2	1	0.09920042229438979	0.14466913334441645	0.051537438377183095	0.5740740740740741
54	UBASH3B+ZBTB25	8	29	selected_CPA	roles	1	2	2	0.08879251704274363	0.13570007674084308	0.1094179722681843	0.5740740740740741
54	UBASH3B+ZBTB25	8	29	selected_CPA	roles	2	0	0	0.08276776560461613	0.13023693943103015	0.14384761151302217	0.5555555555555556
54	UBASH3B+ZBTB25	8	29	selected_CPA	roles	2	0	1	0.07808516135877029	0.12805512138253886	0.13384235492324292	0.5925925925925926
54	UBASH3B+ZBTB25	8	29	selected_CPA	roles	2	0	2	0.07591281473821931	0.12482984057305402	0.18205494007366435	0.6296296296296297
54	UBASH3B+ZBTB25	8	29	selected_CPA	roles	2	1	0	0.09755291950820245	0.1400824537961576	0.13687797345652197	0.5370370370370371
54	UBASH3B+ZBTB25	8	29	selected_CPA	roles	2	1	1	0.08506662839325724	0.13174578010087254	0.14082664424980088	0.5555555555555556
54	UBASH3B+ZBTB25	8	29	selected_CPA	roles	2	1	2	0.08409611222279409	0.12970464974738843	0.18478457015264735	0.5925925925925926
54	UBASH3B+ZBTB25	8	29	selected_CPA	roles	2	2	0	0.07154298394623394	0.122883191271823	0.1801260762993971	0.5555555555555556
54	UBASH3B+ZBTB25	8	29	selected_CPA	roles	2	2	1	0.060493670818113965	0.11485697946589252	0.19336147764247416	0.5555555555555556
54	UBASH3B+ZBTB25	8	29	selected_CPA	roles	2	2	2	0.05480446010705932	0.10801840060982273	0.3057830930957295	0.5555555555555556
54	UBASH3B+ZBTB25	8	29	selected_CPA	direct_state	unused	unused	0	0.07154298394623394	0.122883191271823	0.1801260762993971	0.5555555555555556
54	UBASH3B+ZBTB25	8	29	selected_CPA	direct_state	unused	unused	1	0.060493670818113965	0.11485697946589252	0.19336147764247416	0.5555555555555556
54	UBASH3B+ZBTB25	8	29	selected_CPA	direct_state	unused	unused	2	0.05480446010705932	0.10801840060982273	0.3057830930957295	0.5555555555555556
54	UBASH3B+ZBTB25	8	29	original_CPA_fixed	roles	0	0	0	0.08647878606126087	0.1388527686856167	-0.2121820271873468	0.5185185185185185
54	UBASH3B+ZBTB25	8	29	original_CPA_fixed	roles	0	0	1	0.08647878606126087	0.1388527686856167	-0.2121820271873468	0.5185185185185185
54	UBASH3B+ZBTB25	8	29	original_CPA_fixed	roles	0	0	2	0.08647878606126087	0.1388527686856167	-0.2121820271873468	0.5185185185185185
54	UBASH3B+ZBTB25	8	29	original_CPA_fixed	roles	0	1	0	0.13326913988598474	0.16689686009205235	-0.10891725129121893	0.5370370370370371
54	UBASH3B+ZBTB25	8	29	original_CPA_fixed	roles	0	1	1	0.13326913988598474	0.16689686009205235	-0.10891725129121893	0.5370370370370371
54	UBASH3B+ZBTB25	8	29	original_CPA_fixed	roles	0	1	2	0.13326913988598474	0.16689686009205235	-0.10891725129121893	0.5370370370370371
54	UBASH3B+ZBTB25	8	29	original_CPA_fixed	roles	0	2	0	0.13941071515162304	0.1717966039796998	-0.1436731303594548	0.5
54	UBASH3B+ZBTB25	8	29	original_CPA_fixed	roles	0	2	1	0.13941071515162304	0.1717966039796998	-0.1436731303594548	0.5
54	UBASH3B+ZBTB25	8	29	original_CPA_fixed	roles	0	2	2	0.13941071515162304	0.1717966039796998	-0.1436731303594548	0.5
54	UBASH3B+ZBTB25	8	29	original_CPA_fixed	roles	1	0	0	0.10528294999525732	0.15240964333815116	-0.12763815565456235	0.5185185185185185
54	UBASH3B+ZBTB25	8	29	original_CPA_fixed	roles	1	0	1	0.10528294999525732	0.15240964333815116	-0.12763815565456235	0.5185185185185185
54	UBASH3B+ZBTB25	8	29	original_CPA_fixed	roles	1	0	2	0.10528294999525732	0.15240964333815116	-0.12763815565456235	0.5185185185185185
54	UBASH3B+ZBTB25	8	29	original_CPA_fixed	roles	1	1	0	0.08647878606126087	0.1388527686856167	-0.2121820271873468	0.5185185185185185
54	UBASH3B+ZBTB25	8	29	original_CPA_fixed	roles	1	1	1	0.08647878606126087	0.1388527686856167	-0.2121820271873468	0.5185185185185185
54	UBASH3B+ZBTB25	8	29	original_CPA_fixed	roles	1	1	2	0.08647878606126087	0.1388527686856167	-0.2121820271873468	0.5185185185185185
54	UBASH3B+ZBTB25	8	29	original_CPA_fixed	roles	1	2	0	0.12418663655319642	0.16407473551516366	-0.15434618924635415	0.48148148148148145
54	UBASH3B+ZBTB25	8	29	original_CPA_fixed	roles	1	2	1	0.12418663655319642	0.16407473551516366	-0.15434618924635415	0.48148148148148145
54	UBASH3B+ZBTB25	8	29	original_CPA_fixed	roles	1	2	2	0.12418663655319642	0.16407473551516366	-0.15434618924635415	0.48148148148148145
54	UBASH3B+ZBTB25	8	29	original_CPA_fixed	roles	2	0	0	0.09928853332844358	0.14666019548729028	-0.09077864183232562	0.5555555555555556
54	UBASH3B+ZBTB25	8	29	original_CPA_fixed	roles	2	0	1	0.09928853332844358	0.14666019548729028	-0.09077864183232562	0.5555555555555556
54	UBASH3B+ZBTB25	8	29	original_CPA_fixed	roles	2	0	2	0.09928853332844358	0.14666019548729028	-0.09077864183232562	0.5555555555555556
54	UBASH3B+ZBTB25	8	29	original_CPA_fixed	roles	2	1	0	0.11205064462074438	0.15343246449792475	-0.08244520104888364	0.5555555555555556
54	UBASH3B+ZBTB25	8	29	original_CPA_fixed	roles	2	1	1	0.11205064462074438	0.15343246449792475	-0.08244520104888364	0.5555555555555556
54	UBASH3B+ZBTB25	8	29	original_CPA_fixed	roles	2	1	2	0.11205064462074438	0.15343246449792475	-0.08244520104888364	0.5555555555555556
54	UBASH3B+ZBTB25	8	29	original_CPA_fixed	roles	2	2	0	0.08647878606126087	0.1388527686856167	-0.2121820271873468	0.5185185185185185
54	UBASH3B+ZBTB25	8	29	original_CPA_fixed	roles	2	2	1	0.08647878606126087	0.1388527686856167	-0.2121820271873468	0.5185185185185185
54	UBASH3B+ZBTB25	8	29	original_CPA_fixed	roles	2	2	2	0.08647878606126087	0.1388527686856167	-0.2121820271873468	0.5185185185185185
54	UBASH3B+ZBTB25	8	29	original_CPA_fixed	direct_state	unused	unused	0	0.08647878606126087	0.1388527686856167	-0.2121820271873468	0.5185185185185185
54	UBASH3B+ZBTB25	8	29	original_CPA_fixed	direct_state	unused	unused	1	0.08647878606126087	0.1388527686856167	-0.2121820271873468	0.5185185185185185
54	UBASH3B+ZBTB25	8	29	original_CPA_fixed	direct_state	unused	unused	2	0.08647878606126087	0.1388527686856167	-0.2121820271873468	0.5185185185185185
54	UBASH3B+ZBTB25	8	29	additive	roles	0	0	0	0.014088035205242906	0.05267041294707168	0.8393214761376251	1.0
54	UBASH3B+ZBTB25	8	29	additive	roles	0	0	1	0.014088035205242906	0.05267041294707168	0.8393214761376251	1.0
54	UBASH3B+ZBTB25	8	29	additive	roles	0	0	2	0.014088035205242906	0.05267041294707168	0.8393214761376251	1.0
54	UBASH3B+ZBTB25	8	29	additive	roles	0	1	0	0.049088198071963886	0.09684152934812136	0.6317079504874579	1.0
54	UBASH3B+ZBTB25	8	29	additive	roles	0	1	1	0.049088198071963886	0.09684152934812136	0.6317079504874579	1.0
54	UBASH3B+ZBTB25	8	29	additive	roles	0	1	2	0.049088198071963886	0.09684152934812136	0.6317079504874579	1.0
54	UBASH3B+ZBTB25	8	29	additive	roles	0	2	0	0.04870481982259697	0.09664015738666609	0.6210985655763009	0.9814814814814815
54	UBASH3B+ZBTB25	8	29	additive	roles	0	2	1	0.04870481982259697	0.09664015738666609	0.6210985655763009	0.9814814814814815
54	UBASH3B+ZBTB25	8	29	additive	roles	0	2	2	0.04870481982259697	0.09664015738666609	0.6210985655763009	0.9814814814814815
54	UBASH3B+ZBTB25	8	29	additive	roles	1	0	0	0.04468239009724227	0.0932370180844114	0.6326141231276834	1.0
54	UBASH3B+ZBTB25	8	29	additive	roles	1	0	1	0.04468239009724227	0.0932370180844114	0.6326141231276834	1.0
54	UBASH3B+ZBTB25	8	29	additive	roles	1	0	2	0.04468239009724227	0.0932370180844114	0.6326141231276834	1.0
54	UBASH3B+ZBTB25	8	29	additive	roles	1	1	0	0.014088035205242906	0.05267041294707168	0.8393214761376251	1.0
54	UBASH3B+ZBTB25	8	29	additive	roles	1	1	1	0.014088035205242906	0.05267041294707168	0.8393214761376251	1.0
54	UBASH3B+ZBTB25	8	29	additive	roles	1	1	2	0.014088035205242906	0.05267041294707168	0.8393214761376251	1.0
54	UBASH3B+ZBTB25	8	29	additive	roles	1	2	0	0.045270932182173255	0.09336019947273792	0.6234616277966725	1.0
54	UBASH3B+ZBTB25	8	29	additive	roles	1	2	1	0.045270932182173255	0.09336019947273792	0.6234616277966725	1.0
54	UBASH3B+ZBTB25	8	29	additive	roles	1	2	2	0.045270932182173255	0.09336019947273792	0.6234616277966725	1.0
54	UBASH3B+ZBTB25	8	29	additive	roles	2	0	0	0.04521292694543375	0.09312426169541309	0.6487336624776087	1.0
54	UBASH3B+ZBTB25	8	29	additive	roles	2	0	1	0.04521292694543375	0.09312426169541309	0.6487336624776087	1.0
54	UBASH3B+ZBTB25	8	29	additive	roles	2	0	2	0.04521292694543375	0.09312426169541309	0.6487336624776087	1.0
54	UBASH3B+ZBTB25	8	29	additive	roles	2	1	0	0.04618484727973164	0.09345627430727055	0.6499891122211326	1.0
54	UBASH3B+ZBTB25	8	29	additive	roles	2	1	1	0.04618484727973164	0.09345627430727055	0.6499891122211326	1.0
54	UBASH3B+ZBTB25	8	29	additive	roles	2	1	2	0.04618484727973164	0.09345627430727055	0.6499891122211326	1.0
54	UBASH3B+ZBTB25	8	29	additive	roles	2	2	0	0.014088035205242906	0.05267041294707168	0.8393214761376251	1.0
54	UBASH3B+ZBTB25	8	29	additive	roles	2	2	1	0.014088035205242906	0.05267041294707168	0.8393214761376251	1.0
54	UBASH3B+ZBTB25	8	29	additive	roles	2	2	2	0.014088035205242906	0.05267041294707168	0.8393214761376251	1.0
54	UBASH3B+ZBTB25	8	29	additive	direct_state	unused	unused	0	0.014088035205242906	0.05267041294707168	0.8393214761376251	1.0
54	UBASH3B+ZBTB25	8	29	additive	direct_state	unused	unused	1	0.014088035205242906	0.05267041294707168	0.8393214761376251	1.0
54	UBASH3B+ZBTB25	8	29	additive	direct_state	unused	unused	2	0.014088035205242906	0.05267041294707168	0.8393214761376251	1.0
54	UBASH3B+ZBTB25	8	29	compositional_ridge	roles	0	0	0	0.008663565517956334	0.0414932483491354	0.9066806197174665	1.0
54	UBASH3B+ZBTB25	8	29	compositional_ridge	roles	0	0	1	0.008663565517956334	0.0414932483491354	0.9066806197174665	1.0
54	UBASH3B+ZBTB25	8	29	compositional_ridge	roles	0	0	2	0.008663565517956334	0.0414932483491354	0.9066806197174665	1.0
54	UBASH3B+ZBTB25	8	29	compositional_ridge	roles	0	1	0	0.043189568565479244	0.09061011956721815	0.6157558138256553	0.9814814814814815
54	UBASH3B+ZBTB25	8	29	compositional_ridge	roles	0	1	1	0.043189568565479244	0.09061011956721815	0.6157558138256553	0.9814814814814815
54	UBASH3B+ZBTB25	8	29	compositional_ridge	roles	0	1	2	0.043189568565479244	0.09061011956721815	0.6157558138256553	0.9814814814814815
54	UBASH3B+ZBTB25	8	29	compositional_ridge	roles	0	2	0	0.043664229501512136	0.09138315791319014	0.6006777314498394	0.9814814814814815
54	UBASH3B+ZBTB25	8	29	compositional_ridge	roles	0	2	1	0.043664229501512136	0.09138315791319014	0.6006777314498394	0.9814814814814815
54	UBASH3B+ZBTB25	8	29	compositional_ridge	roles	0	2	2	0.043664229501512136	0.09138315791319014	0.6006777314498394	0.9814814814814815
54	UBASH3B+ZBTB25	8	29	compositional_ridge	roles	1	0	0	0.039732080229153775	0.08806965480156193	0.6126075213335677	1.0
54	UBASH3B+ZBTB25	8	29	compositional_ridge	roles	1	0	1	0.039732080229153775	0.08806965480156193	0.6126075213335677	1.0
54	UBASH3B+ZBTB25	8	29	compositional_ridge	roles	1	0	2	0.039732080229153775	0.08806965480156193	0.6126075213335677	1.0
54	UBASH3B+ZBTB25	8	29	compositional_ridge	roles	1	1	0	0.008663565517956334	0.0414932483491354	0.9066806197174665	1.0
54	UBASH3B+ZBTB25	8	29	compositional_ridge	roles	1	1	1	0.008663565517956334	0.0414932483491354	0.9066806197174665	1.0
54	UBASH3B+ZBTB25	8	29	compositional_ridge	roles	1	1	2	0.008663565517956334	0.0414932483491354	0.9066806197174665	1.0
54	UBASH3B+ZBTB25	8	29	compositional_ridge	roles	1	2	0	0.0407045016802865	0.08856237165468368	0.6012985127569157	1.0
54	UBASH3B+ZBTB25	8	29	compositional_ridge	roles	1	2	1	0.0407045016802865	0.08856237165468368	0.6012985127569157	1.0
54	UBASH3B+ZBTB25	8	29	compositional_ridge	roles	1	2	2	0.0407045016802865	0.08856237165468368	0.6012985127569157	1.0
54	UBASH3B+ZBTB25	8	29	compositional_ridge	roles	2	0	0	0.03940457789194544	0.08692296073503405	0.6343616699599701	1.0
54	UBASH3B+ZBTB25	8	29	compositional_ridge	roles	2	0	1	0.03940457789194544	0.08692296073503405	0.6343616699599701	1.0
54	UBASH3B+ZBTB25	8	29	compositional_ridge	roles	2	0	2	0.03940457789194544	0.08692296073503405	0.6343616699599701	1.0
54	UBASH3B+ZBTB25	8	29	compositional_ridge	roles	2	1	0	0.039902338407045254	0.08661375697300536	0.6380015496198593	1.0
54	UBASH3B+ZBTB25	8	29	compositional_ridge	roles	2	1	1	0.039902338407045254	0.08661375697300536	0.6380015496198593	1.0
54	UBASH3B+ZBTB25	8	29	compositional_ridge	roles	2	1	2	0.039902338407045254	0.08661375697300536	0.6380015496198593	1.0
54	UBASH3B+ZBTB25	8	29	compositional_ridge	roles	2	2	0	0.008663565517956334	0.0414932483491354	0.9066806197174665	1.0
54	UBASH3B+ZBTB25	8	29	compositional_ridge	roles	2	2	1	0.008663565517956334	0.0414932483491354	0.9066806197174665	1.0
54	UBASH3B+ZBTB25	8	29	compositional_ridge	roles	2	2	2	0.008663565517956334	0.0414932483491354	0.9066806197174665	1.0
54	UBASH3B+ZBTB25	8	29	compositional_ridge	direct_state	unused	unused	0	0.008663565517956334	0.0414932483491354	0.9066806197174665	1.0
54	UBASH3B+ZBTB25	8	29	compositional_ridge	direct_state	unused	unused	1	0.008663565517956334	0.0414932483491354	0.9066806197174665	1.0
54	UBASH3B+ZBTB25	8	29	compositional_ridge	direct_state	unused	unused	2	0.008663565517956334	0.0414932483491354	0.9066806197174665	1.0
54	UBASH3B+ZBTB25	8	29	NC_native_effect	roles	0	0	0	0.11807449844000588	0.16052051316154492	-0.25586960658686614	0.48148148148148145
54	UBASH3B+ZBTB25	8	29	NC_native_effect	roles	0	0	1	0.11807449844000588	0.16052051316154492	-0.25586960658686614	0.48148148148148145
54	UBASH3B+ZBTB25	8	29	NC_native_effect	roles	0	0	2	0.11807449844000588	0.16052051316154492	-0.25586960658686614	0.48148148148148145
54	UBASH3B+ZBTB25	8	29	NC_native_effect	roles	0	1	0	0.11807449844000588	0.16052051316154492	-0.25586960658686614	0.48148148148148145
54	UBASH3B+ZBTB25	8	29	NC_native_effect	roles	0	1	1	0.11807449844000588	0.16052051316154492	-0.25586960658686614	0.48148148148148145
54	UBASH3B+ZBTB25	8	29	NC_native_effect	roles	0	1	2	0.11807449844000588	0.16052051316154492	-0.25586960658686614	0.48148148148148145
54	UBASH3B+ZBTB25	8	29	NC_native_effect	roles	0	2	0	0.11807449844000588	0.16052051316154492	-0.25586960658686614	0.48148148148148145
54	UBASH3B+ZBTB25	8	29	NC_native_effect	roles	0	2	1	0.11807449844000588	0.16052051316154492	-0.25586960658686614	0.48148148148148145
54	UBASH3B+ZBTB25	8	29	NC_native_effect	roles	0	2	2	0.11807449844000588	0.16052051316154492	-0.25586960658686614	0.48148148148148145
54	UBASH3B+ZBTB25	8	29	NC_native_effect	roles	1	0	0	0.10421066956788583	0.1533771402881987	-0.27439827206650363	0.48148148148148145
54	UBASH3B+ZBTB25	8	29	NC_native_effect	roles	1	0	1	0.10421066956788583	0.1533771402881987	-0.27439827206650363	0.48148148148148145
54	UBASH3B+ZBTB25	8	29	NC_native_effect	roles	1	0	2	0.10421066956788583	0.1533771402881987	-0.27439827206650363	0.48148148148148145
54	UBASH3B+ZBTB25	8	29	NC_native_effect	roles	1	1	0	0.10421066956788583	0.1533771402881987	-0.27439827206650363	0.48148148148148145
54	UBASH3B+ZBTB25	8	29	NC_native_effect	roles	1	1	1	0.10421066956788583	0.1533771402881987	-0.27439827206650363	0.48148148148148145
54	UBASH3B+ZBTB25	8	29	NC_native_effect	roles	1	1	2	0.10421066956788583	0.1533771402881987	-0.27439827206650363	0.48148148148148145
54	UBASH3B+ZBTB25	8	29	NC_native_effect	roles	1	2	0	0.10421066956788583	0.1533771402881987	-0.27439827206650363	0.48148148148148145
54	UBASH3B+ZBTB25	8	29	NC_native_effect	roles	1	2	1	0.10421066956788583	0.1533771402881987	-0.27439827206650363	0.48148148148148145
54	UBASH3B+ZBTB25	8	29	NC_native_effect	roles	1	2	2	0.10421066956788583	0.1533771402881987	-0.27439827206650363	0.48148148148148145
54	UBASH3B+ZBTB25	8	29	NC_native_effect	roles	2	0	0	0.09757138506077184	0.1471901962277464	-0.2397229584249947	0.48148148148148145
54	UBASH3B+ZBTB25	8	29	NC_native_effect	roles	2	0	1	0.09757138506077184	0.1471901962277464	-0.2397229584249947	0.48148148148148145
54	UBASH3B+ZBTB25	8	29	NC_native_effect	roles	2	0	2	0.09757138506077184	0.1471901962277464	-0.2397229584249947	0.48148148148148145
54	UBASH3B+ZBTB25	8	29	NC_native_effect	roles	2	1	0	0.09757138506077184	0.1471901962277464	-0.2397229584249947	0.48148148148148145
54	UBASH3B+ZBTB25	8	29	NC_native_effect	roles	2	1	1	0.09757138506077184	0.1471901962277464	-0.2397229584249947	0.48148148148148145
54	UBASH3B+ZBTB25	8	29	NC_native_effect	roles	2	1	2	0.09757138506077184	0.1471901962277464	-0.2397229584249947	0.48148148148148145
54	UBASH3B+ZBTB25	8	29	NC_native_effect	roles	2	2	0	0.09757138506077184	0.1471901962277464	-0.2397229584249947	0.48148148148148145
54	UBASH3B+ZBTB25	8	29	NC_native_effect	roles	2	2	1	0.09757138506077184	0.1471901962277464	-0.2397229584249947	0.48148148148148145
54	UBASH3B+ZBTB25	8	29	NC_native_effect	roles	2	2	2	0.09757138506077184	0.1471901962277464	-0.2397229584249947	0.48148148148148145
54	UBASH3B+ZBTB25	8	29	NC_native_effect	direct_state	unused	unused	0	0.09782598585030752	0.14905308879895904	-0.40673314181520526	0.46296296296296297
54	UBASH3B+ZBTB25	8	29	NC_native_effect	direct_state	unused	unused	1	0.09782598585030752	0.14905308879895904	-0.40673314181520526	0.46296296296296297
54	UBASH3B+ZBTB25	8	29	NC_native_effect	direct_state	unused	unused	2	0.09782598585030752	0.14905308879895904	-0.40673314181520526	0.46296296296296297
54	UBASH3B+ZBTB25	8	29	native_effect_ridge	roles	0	0	0	0.023324079062964093	0.06622901072085145	0.7980748938791252	1.0
54	UBASH3B+ZBTB25	8	29	native_effect_ridge	roles	0	0	1	0.023324079062964093	0.06622901072085145	0.7980748938791252	1.0
54	UBASH3B+ZBTB25	8	29	native_effect_ridge	roles	0	0	2	0.023324079062964093	0.06622901072085145	0.7980748938791252	1.0
54	UBASH3B+ZBTB25	8	29	native_effect_ridge	roles	0	1	0	0.023324079062964093	0.06622901072085145	0.7980748938791252	1.0
54	UBASH3B+ZBTB25	8	29	native_effect_ridge	roles	0	1	1	0.023324079062964093	0.06622901072085145	0.7980748938791252	1.0
54	UBASH3B+ZBTB25	8	29	native_effect_ridge	roles	0	1	2	0.023324079062964093	0.06622901072085145	0.7980748938791252	1.0
54	UBASH3B+ZBTB25	8	29	native_effect_ridge	roles	0	2	0	0.023324079062964093	0.06622901072085145	0.7980748938791252	1.0
54	UBASH3B+ZBTB25	8	29	native_effect_ridge	roles	0	2	1	0.023324079062964093	0.06622901072085145	0.7980748938791252	1.0
54	UBASH3B+ZBTB25	8	29	native_effect_ridge	roles	0	2	2	0.023324079062964093	0.06622901072085145	0.7980748938791252	1.0
54	UBASH3B+ZBTB25	8	29	native_effect_ridge	roles	1	0	0	0.02367386593117349	0.06709291426532897	0.792893747513246	1.0
54	UBASH3B+ZBTB25	8	29	native_effect_ridge	roles	1	0	1	0.02367386593117349	0.06709291426532897	0.792893747513246	1.0
54	UBASH3B+ZBTB25	8	29	native_effect_ridge	roles	1	0	2	0.02367386593117349	0.06709291426532897	0.792893747513246	1.0
54	UBASH3B+ZBTB25	8	29	native_effect_ridge	roles	1	1	0	0.02367386593117349	0.06709291426532897	0.792893747513246	1.0
54	UBASH3B+ZBTB25	8	29	native_effect_ridge	roles	1	1	1	0.02367386593117349	0.06709291426532897	0.792893747513246	1.0
54	UBASH3B+ZBTB25	8	29	native_effect_ridge	roles	1	1	2	0.02367386593117349	0.06709291426532897	0.792893747513246	1.0
54	UBASH3B+ZBTB25	8	29	native_effect_ridge	roles	1	2	0	0.02367386593117349	0.06709291426532897	0.792893747513246	1.0
54	UBASH3B+ZBTB25	8	29	native_effect_ridge	roles	1	2	1	0.02367386593117349	0.06709291426532897	0.792893747513246	1.0
54	UBASH3B+ZBTB25	8	29	native_effect_ridge	roles	1	2	2	0.02367386593117349	0.06709291426532897	0.792893747513246	1.0
54	UBASH3B+ZBTB25	8	29	native_effect_ridge	roles	2	0	0	0.024806398302443876	0.0686182237313115	0.7992172539538953	1.0
54	UBASH3B+ZBTB25	8	29	native_effect_ridge	roles	2	0	1	0.024806398302443876	0.0686182237313115	0.7992172539538953	1.0
54	UBASH3B+ZBTB25	8	29	native_effect_ridge	roles	2	0	2	0.024806398302443876	0.0686182237313115	0.7992172539538953	1.0
54	UBASH3B+ZBTB25	8	29	native_effect_ridge	roles	2	1	0	0.024806398302443876	0.0686182237313115	0.7992172539538953	1.0
54	UBASH3B+ZBTB25	8	29	native_effect_ridge	roles	2	1	1	0.024806398302443876	0.0686182237313115	0.7992172539538953	1.0
54	UBASH3B+ZBTB25	8	29	native_effect_ridge	roles	2	1	2	0.024806398302443876	0.0686182237313115	0.7992172539538953	1.0
54	UBASH3B+ZBTB25	8	29	native_effect_ridge	roles	2	2	0	0.024806398302443876	0.0686182237313115	0.7992172539538953	1.0
54	UBASH3B+ZBTB25	8	29	native_effect_ridge	roles	2	2	1	0.024806398302443876	0.0686182237313115	0.7992172539538953	1.0
54	UBASH3B+ZBTB25	8	29	native_effect_ridge	roles	2	2	2	0.024806398302443876	0.0686182237313115	0.7992172539538953	1.0
54	UBASH3B+ZBTB25	8	29	native_effect_ridge	direct_state	unused	unused	0	0.007978757855327395	0.038753344552333924	0.9116162442400673	1.0
54	UBASH3B+ZBTB25	8	29	native_effect_ridge	direct_state	unused	unused	1	0.007978757855327395	0.038753344552333924	0.9116162442400673	1.0
54	UBASH3B+ZBTB25	8	29	native_effect_ridge	direct_state	unused	unused	2	0.007978757855327395	0.038753344552333924	0.9116162442400673	1.0
54	UBASH3B+ZBTB25	16	0	selected_CPA	roles	0	0	0	0.06591218658461648	0.11801665200349122	0.22161734472152658	0.5555555555555556
54	UBASH3B+ZBTB25	16	0	selected_CPA	roles	0	0	1	0.06559559126107331	0.11807329392249687	0.16534513107892707	0.5555555555555556
54	UBASH3B+ZBTB25	16	0	selected_CPA	roles	0	0	2	0.07188953697344154	0.12382898003144686	0.13515506702253313	0.5555555555555556
54	UBASH3B+ZBTB25	16	0	selected_CPA	roles	0	1	0	0.08225014208941368	0.13009914803289302	0.1964520791419223	0.5925925925925926
54	UBASH3B+ZBTB25	16	0	selected_CPA	roles	0	1	1	0.0792277205743103	0.1278810809193608	0.16199946835303491	0.5555555555555556
54	UBASH3B+ZBTB25	16	0	selected_CPA	roles	0	1	2	0.0872110989105933	0.13453109966346455	0.14424367347853922	0.5740740740740741
54	UBASH3B+ZBTB25	16	0	selected_CPA	roles	0	2	0	0.074769366237389	0.12361872578001688	0.2256395395669081	0.5925925925925926
54	UBASH3B+ZBTB25	16	0	selected_CPA	roles	0	2	1	0.07320539182977585	0.12253119621805907	0.1879733953917562	0.5555555555555556
54	UBASH3B+ZBTB25	16	0	selected_CPA	roles	0	2	2	0.07877326954001858	0.12750495128230044	0.17337752157106065	0.5555555555555556
54	UBASH3B+ZBTB25	16	0	selected_CPA	roles	1	0	0	0.0782653748570742	0.12783775078801587	0.10493614230535418	0.5555555555555556
54	UBASH3B+ZBTB25	16	0	selected_CPA	roles	1	0	1	0.08065460572509126	0.13015933759630824	0.04103405828821165	0.5370370370370371
54	UBASH3B+ZBTB25	16	0	selected_CPA	roles	1	0	2	0.08525911881354474	0.13409337925413423	0.036376488774852174	0.5555555555555556
54	UBASH3B+ZBTB25	16	0	selected_CPA	roles	1	1	0	0.06591218658461648	0.11801665200349122	0.22161734472152658	0.5555555555555556
54	UBASH3B+ZBTB25	16	0	selected_CPA	roles	1	1	1	0.06559559126107331	0.11807329392249687	0.16534513107892707	0.5555555555555556
54	UBASH3B+ZBTB25	16	0	selected_CPA	roles	1	1	2	0.07188953697344154	0.12382898003144686	0.13515506702253313	0.5555555555555556
54	UBASH3B+ZBTB25	16	0	selected_CPA	roles	1	2	0	0.07265261805627377	0.1223638148567289	0.18569815610325405	0.5555555555555556
54	UBASH3B+ZBTB25	16	0	selected_CPA	roles	1	2	1	0.07379446984022082	0.12365596596533873	0.13004751941685036	0.5555555555555556
54	UBASH3B+ZBTB25	16	0	selected_CPA	roles	1	2	2	0.07767291492654879	0.12720724866161334	0.12274831986669375	0.5555555555555556
54	UBASH3B+ZBTB25	16	0	selected_CPA	roles	2	0	0	0.08643053460756142	0.13449486573356106	0.07840730770737807	0.5555555555555556
54	UBASH3B+ZBTB25	16	0	selected_CPA	roles	2	0	1	0.08736131836808825	0.13558506333931297	0.01998943847373677	0.5555555555555556
54	UBASH3B+ZBTB25	16	0	selected_CPA	roles	2	0	2	0.09438133208258201	0.14115352621062094	0.01583968839541434	0.5555555555555556
54	UBASH3B+ZBTB25	16	0	selected_CPA	roles	2	1	0	0.08829855365878567	0.13551192022789432	0.12823638010327085	0.5555555555555556
54	UBASH3B+ZBTB25	16	0	selected_CPA	roles	2	1	1	0.08652351122775227	0.1344333699886765	0.08186414625777105	0.5555555555555556
54	UBASH3B+ZBTB25	16	0	selected_CPA	roles	2	1	2	0.09523295756616079	0.14130135133506733	0.07106714784308772	0.5555555555555556
54	UBASH3B+ZBTB25	16	0	selected_CPA	roles	2	2	0	0.06591218658461648	0.11801665200349122	0.22161734472152658	0.5555555555555556
54	UBASH3B+ZBTB25	16	0	selected_CPA	roles	2	2	1	0.06559559126107331	0.11807329392249687	0.16534513107892707	0.5555555555555556
54	UBASH3B+ZBTB25	16	0	selected_CPA	roles	2	2	2	0.07188953697344154	0.12382898003144686	0.13515506702253313	0.5555555555555556
54	UBASH3B+ZBTB25	16	0	selected_CPA	direct_state	unused	unused	0	0.06591218658461648	0.11801665200349122	0.22161734472152658	0.5555555555555556
54	UBASH3B+ZBTB25	16	0	selected_CPA	direct_state	unused	unused	1	0.06559559126107331	0.11807329392249687	0.16534513107892707	0.5555555555555556
54	UBASH3B+ZBTB25	16	0	selected_CPA	direct_state	unused	unused	2	0.07188953697344154	0.12382898003144686	0.13515506702253313	0.5555555555555556
54	UBASH3B+ZBTB25	16	0	original_CPA_fixed	roles	0	0	0	0.08647878606126087	0.1388527686856167	-0.2121820271873468	0.5185185185185185
54	UBASH3B+ZBTB25	16	0	original_CPA_fixed	roles	0	0	1	0.08647878606126087	0.1388527686856167	-0.2121820271873468	0.5185185185185185
54	UBASH3B+ZBTB25	16	0	original_CPA_fixed	roles	0	0	2	0.08647878606126087	0.1388527686856167	-0.2121820271873468	0.5185185185185185
54	UBASH3B+ZBTB25	16	0	original_CPA_fixed	roles	0	1	0	0.10085187364943124	0.14744716963632956	-0.08611757331722293	0.5555555555555556
54	UBASH3B+ZBTB25	16	0	original_CPA_fixed	roles	0	1	1	0.10085187364943124	0.14744716963632956	-0.08611757331722293	0.5555555555555556
54	UBASH3B+ZBTB25	16	0	original_CPA_fixed	roles	0	1	2	0.10085187364943124	0.14744716963632956	-0.08611757331722293	0.5555555555555556
54	UBASH3B+ZBTB25	16	0	original_CPA_fixed	roles	0	2	0	0.09243786080290853	0.14103637092619398	-0.07550273239202575	0.5555555555555556
54	UBASH3B+ZBTB25	16	0	original_CPA_fixed	roles	0	2	1	0.09243786080290853	0.14103637092619398	-0.07550273239202575	0.5555555555555556
54	UBASH3B+ZBTB25	16	0	original_CPA_fixed	roles	0	2	2	0.09243786080290853	0.14103637092619398	-0.07550273239202575	0.5555555555555556
54	UBASH3B+ZBTB25	16	0	original_CPA_fixed	roles	1	0	0	0.10079684225034545	0.14910376740631126	-0.22206333797731298	0.48148148148148145
54	UBASH3B+ZBTB25	16	0	original_CPA_fixed	roles	1	0	1	0.10079684225034545	0.14910376740631126	-0.22206333797731298	0.48148148148148145
54	UBASH3B+ZBTB25	16	0	original_CPA_fixed	roles	1	0	2	0.10079684225034545	0.14910376740631126	-0.22206333797731298	0.48148148148148145
54	UBASH3B+ZBTB25	16	0	original_CPA_fixed	roles	1	1	0	0.08647878606126087	0.1388527686856167	-0.2121820271873468	0.5185185185185185
54	UBASH3B+ZBTB25	16	0	original_CPA_fixed	roles	1	1	1	0.08647878606126087	0.1388527686856167	-0.2121820271873468	0.5185185185185185
54	UBASH3B+ZBTB25	16	0	original_CPA_fixed	roles	1	1	2	0.08647878606126087	0.1388527686856167	-0.2121820271873468	0.5185185185185185
54	UBASH3B+ZBTB25	16	0	original_CPA_fixed	roles	1	2	0	0.09228598053842015	0.1418444692383742	-0.14575306327293286	0.5185185185185185
54	UBASH3B+ZBTB25	16	0	original_CPA_fixed	roles	1	2	1	0.09228598053842015	0.1418444692383742	-0.14575306327293286	0.5185185185185185
54	UBASH3B+ZBTB25	16	0	original_CPA_fixed	roles	1	2	2	0.09228598053842015	0.1418444692383742	-0.14575306327293286	0.5185185185185185
54	UBASH3B+ZBTB25	16	0	original_CPA_fixed	roles	2	0	0	0.10989523899533067	0.1555105230884042	-0.2202605404860241	0.48148148148148145
54	UBASH3B+ZBTB25	16	0	original_CPA_fixed	roles	2	0	1	0.10989523899533067	0.1555105230884042	-0.2202605404860241	0.48148148148148145
54	UBASH3B+ZBTB25	16	0	original_CPA_fixed	roles	2	0	2	0.10989523899533067	0.1555105230884042	-0.2202605404860241	0.48148148148148145
54	UBASH3B+ZBTB25	16	0	original_CPA_fixed	roles	2	1	0	0.10979839012992806	0.15466367608369905	-0.1551924245251862	0.5185185185185185
54	UBASH3B+ZBTB25	16	0	original_CPA_fixed	roles	2	1	1	0.10979839012992806	0.15466367608369905	-0.1551924245251862	0.5185185185185185
54	UBASH3B+ZBTB25	16	0	original_CPA_fixed	roles	2	1	2	0.10979839012992806	0.15466367608369905	-0.1551924245251862	0.5185185185185185
54	UBASH3B+ZBTB25	16	0	original_CPA_fixed	roles	2	2	0	0.08647878606126087	0.1388527686856167	-0.2121820271873468	0.5185185185185185
54	UBASH3B+ZBTB25	16	0	original_CPA_fixed	roles	2	2	1	0.08647878606126087	0.1388527686856167	-0.2121820271873468	0.5185185185185185
54	UBASH3B+ZBTB25	16	0	original_CPA_fixed	roles	2	2	2	0.08647878606126087	0.1388527686856167	-0.2121820271873468	0.5185185185185185
54	UBASH3B+ZBTB25	16	0	original_CPA_fixed	direct_state	unused	unused	0	0.08647878606126087	0.1388527686856167	-0.2121820271873468	0.5185185185185185
54	UBASH3B+ZBTB25	16	0	original_CPA_fixed	direct_state	unused	unused	1	0.08647878606126087	0.1388527686856167	-0.2121820271873468	0.5185185185185185
54	UBASH3B+ZBTB25	16	0	original_CPA_fixed	direct_state	unused	unused	2	0.08647878606126087	0.1388527686856167	-0.2121820271873468	0.5185185185185185
54	UBASH3B+ZBTB25	16	0	additive	roles	0	0	0	0.014088035205242906	0.05267041294707168	0.8393214761376251	1.0
54	UBASH3B+ZBTB25	16	0	additive	roles	0	0	1	0.014088035205242906	0.05267041294707168	0.8393214761376251	1.0
54	UBASH3B+ZBTB25	16	0	additive	roles	0	0	2	0.014088035205242906	0.05267041294707168	0.8393214761376251	1.0
54	UBASH3B+ZBTB25	16	0	additive	roles	0	1	0	0.03007493620325461	0.07617840889800474	0.7313387663289895	1.0
54	UBASH3B+ZBTB25	16	0	additive	roles	0	1	1	0.03007493620325461	0.07617840889800474	0.7313387663289895	1.0
54	UBASH3B+ZBTB25	16	0	additive	roles	0	1	2	0.03007493620325461	0.07617840889800474	0.7313387663289895	1.0
54	UBASH3B+ZBTB25	16	0	additive	roles	0	2	0	0.02680110120970675	0.07171128374330042	0.7538379230769788	1.0
54	UBASH3B+ZBTB25	16	0	additive	roles	0	2	1	0.02680110120970675	0.07171128374330042	0.7538379230769788	1.0
54	UBASH3B+ZBTB25	16	0	additive	roles	0	2	2	0.02680110120970675	0.07171128374330042	0.7538379230769788	1.0
54	UBASH3B+ZBTB25	16	0	additive	roles	1	0	0	0.026792277984486145	0.07181652569566194	0.7225264512393709	1.0
54	UBASH3B+ZBTB25	16	0	additive	roles	1	0	1	0.026792277984486145	0.07181652569566194	0.7225264512393709	1.0
54	UBASH3B+ZBTB25	16	0	additive	roles	1	0	2	0.026792277984486145	0.07181652569566194	0.7225264512393709	1.0
54	UBASH3B+ZBTB25	16	0	additive	roles	1	1	0	0.014088035205242906	0.05267041294707168	0.8393214761376251	1.0
54	UBASH3B+ZBTB25	16	0	additive	roles	1	1	1	0.014088035205242906	0.05267041294707168	0.8393214761376251	1.0
54	UBASH3B+ZBTB25	16	0	additive	roles	1	1	2	0.014088035205242906	0.05267041294707168	0.8393214761376251	1.0
54	UBASH3B+ZBTB25	16	0	additive	roles	1	2	0	0.02503540753537702	0.0693015340774205	0.7510186598250721	1.0
54	UBASH3B+ZBTB25	16	0	additive	roles	1	2	1	0.02503540753537702	0.0693015340774205	0.7510186598250721	1.0
54	UBASH3B+ZBTB25	16	0	additive	roles	1	2	2	0.02503540753537702	0.0693015340774205	0.7510186598250721	1.0
54	UBASH3B+ZBTB25	16	0	additive	roles	2	0	0	0.030750496876496544	0.076944360130261	0.6954382659031761	1.0
54	UBASH3B+ZBTB25	16	0	additive	roles	2	0	1	0.030750496876496544	0.076944360130261	0.6954382659031761	1.0
54	UBASH3B+ZBTB25	16	0	additive	roles	2	0	2	0.030750496876496544	0.076944360130261	0.6954382659031761	1.0
54	UBASH3B+ZBTB25	16	0	additive	roles	2	1	0	0.03226746142093528	0.07890605543596108	0.7017246108386773	1.0
54	UBASH3B+ZBTB25	16	0	additive	roles	2	1	1	0.03226746142093528	0.07890605543596108	0.7017246108386773	1.0
54	UBASH3B+ZBTB25	16	0	additive	roles	2	1	2	0.03226746142093528	0.07890605543596108	0.7017246108386773	1.0
54	UBASH3B+ZBTB25	16	0	additive	roles	2	2	0	0.014088035205242906	0.05267041294707168	0.8393214761376251	1.0
54	UBASH3B+ZBTB25	16	0	additive	roles	2	2	1	0.014088035205242906	0.05267041294707168	0.8393214761376251	1.0
54	UBASH3B+ZBTB25	16	0	additive	roles	2	2	2	0.014088035205242906	0.05267041294707168	0.8393214761376251	1.0
54	UBASH3B+ZBTB25	16	0	additive	direct_state	unused	unused	0	0.014088035205242906	0.05267041294707168	0.8393214761376251	1.0
54	UBASH3B+ZBTB25	16	0	additive	direct_state	unused	unused	1	0.014088035205242906	0.05267041294707168	0.8393214761376251	1.0
54	UBASH3B+ZBTB25	16	0	additive	direct_state	unused	unused	2	0.014088035205242906	0.05267041294707168	0.8393214761376251	1.0
54	UBASH3B+ZBTB25	16	0	compositional_ridge	roles	0	0	0	0.008663565517956334	0.0414932483491354	0.9066806197174665	1.0
54	UBASH3B+ZBTB25	16	0	compositional_ridge	roles	0	0	1	0.008663565517956334	0.0414932483491354	0.9066806197174665	1.0
54	UBASH3B+ZBTB25	16	0	compositional_ridge	roles	0	0	2	0.008663565517956334	0.0414932483491354	0.9066806197174665	1.0
54	UBASH3B+ZBTB25	16	0	compositional_ridge	roles	0	1	0	0.02357171290525828	0.06702241429145317	0.7452746491080782	1.0
54	UBASH3B+ZBTB25	16	0	compositional_ridge	roles	0	1	1	0.02357171290525828	0.06702241429145317	0.7452746491080782	1.0
54	UBASH3B+ZBTB25	16	0	compositional_ridge	roles	0	1	2	0.02357171290525828	0.06702241429145317	0.7452746491080782	1.0
54	UBASH3B+ZBTB25	16	0	compositional_ridge	roles	0	2	0	0.022233500875928455	0.0646469362286739	0.7589763598598808	1.0
54	UBASH3B+ZBTB25	16	0	compositional_ridge	roles	0	2	1	0.022233500875928455	0.0646469362286739	0.7589763598598808	1.0
54	UBASH3B+ZBTB25	16	0	compositional_ridge	roles	0	2	2	0.022233500875928455	0.0646469362286739	0.7589763598598808	1.0
54	UBASH3B+ZBTB25	16	0	compositional_ridge	roles	1	0	0	0.022446561907909335	0.0660590178920943	0.727114897792366	1.0
54	UBASH3B+ZBTB25	16	0	compositional_ridge	roles	1	0	1	0.022446561907909335	0.0660590178920943	0.727114897792366	1.0
54	UBASH3B+ZBTB25	16	0	compositional_ridge	roles	1	0	2	0.022446561907909335	0.0660590178920943	0.727114897792366	1.0
54	UBASH3B+ZBTB25	16	0	compositional_ridge	roles	1	1	0	0.008663565517956334	0.0414932483491354	0.9066806197174665	1.0
54	UBASH3B+ZBTB25	16	0	compositional_ridge	roles	1	1	1	0.008663565517956334	0.0414932483491354	0.9066806197174665	1.0
54	UBASH3B+ZBTB25	16	0	compositional_ridge	roles	1	1	2	0.008663565517956334	0.0414932483491354	0.9066806197174665	1.0
54	UBASH3B+ZBTB25	16	0	compositional_ridge	roles	1	2	0	0.02154656081230848	0.06401627915187162	0.7508957105121609	1.0
54	UBASH3B+ZBTB25	16	0	compositional_ridge	roles	1	2	1	0.02154656081230848	0.06401627915187162	0.7508957105121609	1.0
54	UBASH3B+ZBTB25	16	0	compositional_ridge	roles	1	2	2	0.02154656081230848	0.06401627915187162	0.7508957105121609	1.0
54	UBASH3B+ZBTB25	16	0	compositional_ridge	roles	2	0	0	0.024469157835701697	0.06912851022052444	0.7090041287963058	0.9814814814814815
54	UBASH3B+ZBTB25	16	0	compositional_ridge	roles	2	0	1	0.024469157835701697	0.06912851022052444	0.7090041287963058	0.9814814814814815
54	UBASH3B+ZBTB25	16	0	compositional_ridge	roles	2	0	2	0.024469157835701697	0.06912851022052444	0.7090041287963058	0.9814814814814815
54	UBASH3B+ZBTB25	16	0	compositional_ridge	roles	2	1	0	0.024907368769430668	0.06946811304902722	0.7194493465904473	0.9814814814814815
54	UBASH3B+ZBTB25	16	0	compositional_ridge	roles	2	1	1	0.024907368769430668	0.06946811304902722	0.7194493465904473	0.9814814814814815
54	UBASH3B+ZBTB25	16	0	compositional_ridge	roles	2	1	2	0.024907368769430668	0.06946811304902722	0.7194493465904473	0.9814814814814815
54	UBASH3B+ZBTB25	16	0	compositional_ridge	roles	2	2	0	0.008663565517956334	0.0414932483491354	0.9066806197174665	1.0
54	UBASH3B+ZBTB25	16	0	compositional_ridge	roles	2	2	1	0.008663565517956334	0.0414932483491354	0.9066806197174665	1.0
54	UBASH3B+ZBTB25	16	0	compositional_ridge	roles	2	2	2	0.008663565517956334	0.0414932483491354	0.9066806197174665	1.0
54	UBASH3B+ZBTB25	16	0	compositional_ridge	direct_state	unused	unused	0	0.008663565517956334	0.0414932483491354	0.9066806197174665	1.0
54	UBASH3B+ZBTB25	16	0	compositional_ridge	direct_state	unused	unused	1	0.008663565517956334	0.0414932483491354	0.9066806197174665	1.0
54	UBASH3B+ZBTB25	16	0	compositional_ridge	direct_state	unused	unused	2	0.008663565517956334	0.0414932483491354	0.9066806197174665	1.0
54	UBASH3B+ZBTB25	16	0	NC_native_effect	roles	0	0	0	0.10579606425159353	0.15292417701340102	-0.2861906244346436	0.48148148148148145
54	UBASH3B+ZBTB25	16	0	NC_native_effect	roles	0	0	1	0.10579606425159353	0.15292417701340102	-0.2861906244346436	0.48148148148148145
54	UBASH3B+ZBTB25	16	0	NC_native_effect	roles	0	0	2	0.10579606425159353	0.15292417701340102	-0.2861906244346436	0.48148148148148145
54	UBASH3B+ZBTB25	16	0	NC_native_effect	roles	0	1	0	0.10579606425159353	0.15292417701340102	-0.2861906244346436	0.48148148148148145
54	UBASH3B+ZBTB25	16	0	NC_native_effect	roles	0	1	1	0.10579606425159353	0.15292417701340102	-0.2861906244346436	0.48148148148148145
54	UBASH3B+ZBTB25	16	0	NC_native_effect	roles	0	1	2	0.10579606425159353	0.15292417701340102	-0.2861906244346436	0.48148148148148145
54	UBASH3B+ZBTB25	16	0	NC_native_effect	roles	0	2	0	0.10579606425159353	0.15292417701340102	-0.2861906244346436	0.48148148148148145
54	UBASH3B+ZBTB25	16	0	NC_native_effect	roles	0	2	1	0.10579606425159353	0.15292417701340102	-0.2861906244346436	0.48148148148148145
54	UBASH3B+ZBTB25	16	0	NC_native_effect	roles	0	2	2	0.10579606425159353	0.15292417701340102	-0.2861906244346436	0.48148148148148145
54	UBASH3B+ZBTB25	16	0	NC_native_effect	roles	1	0	0	0.10539537557244301	0.15363301641449836	-0.37223390844180865	0.42592592592592593
54	UBASH3B+ZBTB25	16	0	NC_native_effect	roles	1	0	1	0.10539537557244301	0.15363301641449836	-0.37223390844180865	0.42592592592592593
54	UBASH3B+ZBTB25	16	0	NC_native_effect	roles	1	0	2	0.10539537557244301	0.15363301641449836	-0.37223390844180865	0.42592592592592593
54	UBASH3B+ZBTB25	16	0	NC_native_effect	roles	1	1	0	0.10539537557244301	0.15363301641449836	-0.37223390844180865	0.42592592592592593
54	UBASH3B+ZBTB25	16	0	NC_native_effect	roles	1	1	1	0.10539537557244301	0.15363301641449836	-0.37223390844180865	0.42592592592592593
54	UBASH3B+ZBTB25	16	0	NC_native_effect	roles	1	1	2	0.10539537557244301	0.15363301641449836	-0.37223390844180865	0.42592592592592593
54	UBASH3B+ZBTB25	16	0	NC_native_effect	roles	1	2	0	0.10539537557244301	0.15363301641449836	-0.37223390844180865	0.42592592592592593
54	UBASH3B+ZBTB25	16	0	NC_native_effect	roles	1	2	1	0.10539537557244301	0.15363301641449836	-0.37223390844180865	0.42592592592592593
54	UBASH3B+ZBTB25	16	0	NC_native_effect	roles	1	2	2	0.10539537557244301	0.15363301641449836	-0.37223390844180865	0.42592592592592593
54	UBASH3B+ZBTB25	16	0	NC_native_effect	roles	2	0	0	0.11525382047575553	0.16042028226452265	-0.3500315700555099	0.46296296296296297
54	UBASH3B+ZBTB25	16	0	NC_native_effect	roles	2	0	1	0.11525382047575553	0.16042028226452265	-0.3500315700555099	0.46296296296296297
54	UBASH3B+ZBTB25	16	0	NC_native_effect	roles	2	0	2	0.11525382047575553	0.16042028226452265	-0.3500315700555099	0.46296296296296297
54	UBASH3B+ZBTB25	16	0	NC_native_effect	roles	2	1	0	0.11525382047575553	0.16042028226452265	-0.3500315700555099	0.46296296296296297
54	UBASH3B+ZBTB25	16	0	NC_native_effect	roles	2	1	1	0.11525382047575553	0.16042028226452265	-0.3500315700555099	0.46296296296296297
54	UBASH3B+ZBTB25	16	0	NC_native_effect	roles	2	1	2	0.11525382047575553	0.16042028226452265	-0.3500315700555099	0.46296296296296297
54	UBASH3B+ZBTB25	16	0	NC_native_effect	roles	2	2	0	0.11525382047575553	0.16042028226452265	-0.3500315700555099	0.46296296296296297
54	UBASH3B+ZBTB25	16	0	NC_native_effect	roles	2	2	1	0.11525382047575553	0.16042028226452265	-0.3500315700555099	0.46296296296296297
54	UBASH3B+ZBTB25	16	0	NC_native_effect	roles	2	2	2	0.11525382047575553	0.16042028226452265	-0.3500315700555099	0.46296296296296297
54	UBASH3B+ZBTB25	16	0	NC_native_effect	direct_state	unused	unused	0	0.09782598585030752	0.14905308879895904	-0.40673314181520526	0.46296296296296297
54	UBASH3B+ZBTB25	16	0	NC_native_effect	direct_state	unused	unused	1	0.09782598585030752	0.14905308879895904	-0.40673314181520526	0.46296296296296297
54	UBASH3B+ZBTB25	16	0	NC_native_effect	direct_state	unused	unused	2	0.09782598585030752	0.14905308879895904	-0.40673314181520526	0.46296296296296297
54	UBASH3B+ZBTB25	16	0	native_effect_ridge	roles	0	0	0	0.016927223863382145	0.05668222580278648	0.8395160515476443	1.0
54	UBASH3B+ZBTB25	16	0	native_effect_ridge	roles	0	0	1	0.016927223863382145	0.05668222580278648	0.8395160515476443	1.0
54	UBASH3B+ZBTB25	16	0	native_effect_ridge	roles	0	0	2	0.016927223863382145	0.05668222580278648	0.8395160515476443	1.0
54	UBASH3B+ZBTB25	16	0	native_effect_ridge	roles	0	1	0	0.016927223863382145	0.05668222580278648	0.8395160515476443	1.0
54	UBASH3B+ZBTB25	16	0	native_effect_ridge	roles	0	1	1	0.016927223863382145	0.05668222580278648	0.8395160515476443	1.0
54	UBASH3B+ZBTB25	16	0	native_effect_ridge	roles	0	1	2	0.016927223863382145	0.05668222580278648	0.8395160515476443	1.0
54	UBASH3B+ZBTB25	16	0	native_effect_ridge	roles	0	2	0	0.016927223863382145	0.05668222580278648	0.8395160515476443	1.0
54	UBASH3B+ZBTB25	16	0	native_effect_ridge	roles	0	2	1	0.016927223863382145	0.05668222580278648	0.8395160515476443	1.0
54	UBASH3B+ZBTB25	16	0	native_effect_ridge	roles	0	2	2	0.016927223863382145	0.05668222580278648	0.8395160515476443	1.0
54	UBASH3B+ZBTB25	16	0	native_effect_ridge	roles	1	0	0	0.015032223612655262	0.052995580613366164	0.8460010120743227	1.0
54	UBASH3B+ZBTB25	16	0	native_effect_ridge	roles	1	0	1	0.015032223612655262	0.052995580613366164	0.8460010120743227	1.0
54	UBASH3B+ZBTB25	16	0	native_effect_ridge	roles	1	0	2	0.015032223612655262	0.052995580613366164	0.8460010120743227	1.0
54	UBASH3B+ZBTB25	16	0	native_effect_ridge	roles	1	1	0	0.015032223612655262	0.052995580613366164	0.8460010120743227	1.0
54	UBASH3B+ZBTB25	16	0	native_effect_ridge	roles	1	1	1	0.015032223612655262	0.052995580613366164	0.8460010120743227	1.0
54	UBASH3B+ZBTB25	16	0	native_effect_ridge	roles	1	1	2	0.015032223612655262	0.052995580613366164	0.8460010120743227	1.0
54	UBASH3B+ZBTB25	16	0	native_effect_ridge	roles	1	2	0	0.015032223612655262	0.052995580613366164	0.8460010120743227	1.0
54	UBASH3B+ZBTB25	16	0	native_effect_ridge	roles	1	2	1	0.015032223612655262	0.052995580613366164	0.8460010120743227	1.0
54	UBASH3B+ZBTB25	16	0	native_effect_ridge	roles	1	2	2	0.015032223612655262	0.052995580613366164	0.8460010120743227	1.0
54	UBASH3B+ZBTB25	16	0	native_effect_ridge	roles	2	0	0	0.016411250767856187	0.05552425259301641	0.8317878064415963	1.0
54	UBASH3B+ZBTB25	16	0	native_effect_ridge	roles	2	0	1	0.016411250767856187	0.05552425259301641	0.8317878064415963	1.0
54	UBASH3B+ZBTB25	16	0	native_effect_ridge	roles	2	0	2	0.016411250767856187	0.05552425259301641	0.8317878064415963	1.0
54	UBASH3B+ZBTB25	16	0	native_effect_ridge	roles	2	1	0	0.016411250767856187	0.05552425259301641	0.8317878064415963	1.0
54	UBASH3B+ZBTB25	16	0	native_effect_ridge	roles	2	1	1	0.016411250767856187	0.05552425259301641	0.8317878064415963	1.0
54	UBASH3B+ZBTB25	16	0	native_effect_ridge	roles	2	1	2	0.016411250767856187	0.05552425259301641	0.8317878064415963	1.0
54	UBASH3B+ZBTB25	16	0	native_effect_ridge	roles	2	2	0	0.016411250767856187	0.05552425259301641	0.8317878064415963	1.0
54	UBASH3B+ZBTB25	16	0	native_effect_ridge	roles	2	2	1	0.016411250767856187	0.05552425259301641	0.8317878064415963	1.0
54	UBASH3B+ZBTB25	16	0	native_effect_ridge	roles	2	2	2	0.016411250767856187	0.05552425259301641	0.8317878064415963	1.0
54	UBASH3B+ZBTB25	16	0	native_effect_ridge	direct_state	unused	unused	0	0.007978757855327395	0.038753344552333924	0.9116162442400673	1.0
54	UBASH3B+ZBTB25	16	0	native_effect_ridge	direct_state	unused	unused	1	0.007978757855327395	0.038753344552333924	0.9116162442400673	1.0
54	UBASH3B+ZBTB25	16	0	native_effect_ridge	direct_state	unused	unused	2	0.007978757855327395	0.038753344552333924	0.9116162442400673	1.0
54	UBASH3B+ZBTB25	16	29	selected_CPA	roles	0	0	0	0.0676022424854494	0.12028098180761208	0.15923689229089102	0.5555555555555556
54	UBASH3B+ZBTB25	16	29	selected_CPA	roles	0	0	1	0.06132248015296473	0.1155923971542044	0.16234454211872998	0.5555555555555556
54	UBASH3B+ZBTB25	16	29	selected_CPA	roles	0	0	2	0.062461186282352865	0.11496687324992441	0.2535118117079012	0.5555555555555556
54	UBASH3B+ZBTB25	16	29	selected_CPA	roles	0	1	0	0.09082874680527533	0.13723129132461662	0.10244871138886893	0.5555555555555556
54	UBASH3B+ZBTB25	16	29	selected_CPA	roles	0	1	1	0.08112385552219699	0.13033550616622222	0.10621943096368057	0.5555555555555556
54	UBASH3B+ZBTB25	16	29	selected_CPA	roles	0	1	2	0.08360847994732447	0.13094865321780172	0.17143071578521535	0.5555555555555556
54	UBASH3B+ZBTB25	16	29	selected_CPA	roles	0	2	0	0.08866059069335425	0.13643320294462805	0.052603837744739416	0.5555555555555556
54	UBASH3B+ZBTB25	16	29	selected_CPA	roles	0	2	1	0.08030390819307671	0.13072022993667473	0.0500042958813745	0.5370370370370371
54	UBASH3B+ZBTB25	16	29	selected_CPA	roles	0	2	2	0.08079467519824615	0.12958615849841798	0.12724800399065234	0.5555555555555556
54	UBASH3B+ZBTB25	16	29	selected_CPA	roles	1	0	0	0.07525160142046536	0.12639272323861647	0.10348429280991536	0.5555555555555556
54	UBASH3B+ZBTB25	16	29	selected_CPA	roles	1	0	1	0.07239696803857436	0.12493349842694061	0.09284328190417133	0.5555555555555556
54	UBASH3B+ZBTB25	16	29	selected_CPA	roles	1	0	2	0.07218975587222315	0.12312486648626812	0.16910658295098951	0.5555555555555556
54	UBASH3B+ZBTB25	16	29	selected_CPA	roles	1	1	0	0.0676022424854494	0.12028098180761208	0.15923689229089102	0.5555555555555556
54	UBASH3B+ZBTB25	16	29	selected_CPA	roles	1	1	1	0.06132248015296473	0.1155923971542044	0.16234454211872998	0.5555555555555556
54	UBASH3B+ZBTB25	16	29	selected_CPA	roles	1	1	2	0.062461186282352865	0.11496687324992441	0.2535118117079012	0.5555555555555556
54	UBASH3B+ZBTB25	16	29	selected_CPA	roles	1	2	0	0.0808379537910806	0.13108569125266653	0.049116491088079514	0.5370370370370371
54	UBASH3B+ZBTB25	16	29	selected_CPA	roles	1	2	1	0.07590640024139672	0.12804838517695225	0.042608503300338364	0.5370370370370371
54	UBASH3B+ZBTB25	16	29	selected_CPA	roles	1	2	2	0.07505124895082682	0.1256851501139384	0.12461742636616446	0.5555555555555556
54	UBASH3B+ZBTB25	16	29	selected_CPA	roles	2	0	0	0.07804096902272123	0.1273502213288795	0.1533232699845828	0.5555555555555556
54	UBASH3B+ZBTB25	16	29	selected_CPA	roles	2	0	1	0.07383812685802943	0.12462942916523354	0.14599098659876186	0.5555555555555556
54	UBASH3B+ZBTB25	16	29	selected_CPA	roles	2	0	2	0.07562477211163626	0.12465656815583247	0.20922236792485882	0.5740740740740741
54	UBASH3B+ZBTB25	16	29	selected_CPA	roles	2	1	0	0.08579547750525754	0.13283382584613843	0.1495143115794375	0.5555555555555556
54	UBASH3B+ZBTB25	16	29	selected_CPA	roles	2	1	1	0.07816750638997208	0.12735803933867287	0.15202681641804172	0.5555555555555556
54	UBASH3B+ZBTB25	16	29	selected_CPA	roles	2	1	2	0.08130006993931824	0.12857395343330844	0.20937832964001638	0.5925925925925926
54	UBASH3B+ZBTB25	16	29	selected_CPA	roles	2	2	0	0.0676022424854494	0.12028098180761208	0.15923689229089102	0.5555555555555556
54	UBASH3B+ZBTB25	16	29	selected_CPA	roles	2	2	1	0.06132248015296473	0.1155923971542044	0.16234454211872998	0.5555555555555556
54	UBASH3B+ZBTB25	16	29	selected_CPA	roles	2	2	2	0.062461186282352865	0.11496687324992441	0.2535118117079012	0.5555555555555556
54	UBASH3B+ZBTB25	16	29	selected_CPA	direct_state	unused	unused	0	0.0676022424854494	0.12028098180761208	0.15923689229089102	0.5555555555555556
54	UBASH3B+ZBTB25	16	29	selected_CPA	direct_state	unused	unused	1	0.06132248015296473	0.1155923971542044	0.16234454211872998	0.5555555555555556
54	UBASH3B+ZBTB25	16	29	selected_CPA	direct_state	unused	unused	2	0.062461186282352865	0.11496687324992441	0.2535118117079012	0.5555555555555556
54	UBASH3B+ZBTB25	16	29	original_CPA_fixed	roles	0	0	0	0.08647878606126087	0.1388527686856167	-0.2121820271873468	0.5185185185185185
54	UBASH3B+ZBTB25	16	29	original_CPA_fixed	roles	0	0	1	0.08647878606126087	0.1388527686856167	-0.2121820271873468	0.5185185185185185
54	UBASH3B+ZBTB25	16	29	original_CPA_fixed	roles	0	0	2	0.08647878606126087	0.1388527686856167	-0.2121820271873468	0.5185185185185185
54	UBASH3B+ZBTB25	16	29	original_CPA_fixed	roles	0	1	0	0.10924452021603534	0.1533359549538453	-0.1341801898665614	0.5370370370370371
54	UBASH3B+ZBTB25	16	29	original_CPA_fixed	roles	0	1	1	0.10924452021603534	0.1533359549538453	-0.1341801898665614	0.5370370370370371
54	UBASH3B+ZBTB25	16	29	original_CPA_fixed	roles	0	1	2	0.10924452021603534	0.1533359549538453	-0.1341801898665614	0.5370370370370371
54	UBASH3B+ZBTB25	16	29	original_CPA_fixed	roles	0	2	0	0.10753695474813729	0.1533672277758179	-0.1901708929798316	0.48148148148148145
54	UBASH3B+ZBTB25	16	29	original_CPA_fixed	roles	0	2	1	0.10753695474813729	0.1533672277758179	-0.1901708929798316	0.48148148148148145
54	UBASH3B+ZBTB25	16	29	original_CPA_fixed	roles	0	2	2	0.10753695474813729	0.1533672277758179	-0.1901708929798316	0.48148148148148145
54	UBASH3B+ZBTB25	16	29	original_CPA_fixed	roles	1	0	0	0.09458891516132828	0.14464019599960495	-0.16319347547357416	0.5
54	UBASH3B+ZBTB25	16	29	original_CPA_fixed	roles	1	0	1	0.09458891516132828	0.14464019599960495	-0.16319347547357416	0.5
54	UBASH3B+ZBTB25	16	29	original_CPA_fixed	roles	1	0	2	0.09458891516132828	0.14464019599960495	-0.16319347547357416	0.5
54	UBASH3B+ZBTB25	16	29	original_CPA_fixed	roles	1	1	0	0.08647878606126087	0.1388527686856167	-0.2121820271873468	0.5185185185185185
54	UBASH3B+ZBTB25	16	29	original_CPA_fixed	roles	1	1	1	0.08647878606126087	0.1388527686856167	-0.2121820271873468	0.5185185185185185
54	UBASH3B+ZBTB25	16	29	original_CPA_fixed	roles	1	1	2	0.08647878606126087	0.1388527686856167	-0.2121820271873468	0.5185185185185185
54	UBASH3B+ZBTB25	16	29	original_CPA_fixed	roles	1	2	0	0.10017508801091507	0.14907727917147984	-0.20731979871011524	0.48148148148148145
54	UBASH3B+ZBTB25	16	29	original_CPA_fixed	roles	1	2	1	0.10017508801091507	0.14907727917147984	-0.20731979871011524	0.48148148148148145
54	UBASH3B+ZBTB25	16	29	original_CPA_fixed	roles	1	2	2	0.10017508801091507	0.14907727917147984	-0.20731979871011524	0.48148148148148145
54	UBASH3B+ZBTB25	16	29	original_CPA_fixed	roles	2	0	0	0.09691769211956112	0.14469189596076754	-0.10309126064985817	0.5370370370370371
54	UBASH3B+ZBTB25	16	29	original_CPA_fixed	roles	2	0	1	0.09691769211956112	0.14469189596076754	-0.10309126064985817	0.5370370370370371
54	UBASH3B+ZBTB25	16	29	original_CPA_fixed	roles	2	0	2	0.09691769211956112	0.14469189596076754	-0.10309126064985817	0.5370370370370371
54	UBASH3B+ZBTB25	16	29	original_CPA_fixed	roles	2	1	0	0.10421143043704599	0.14909527876179327	-0.09138982552599609	0.5370370370370371
54	UBASH3B+ZBTB25	16	29	original_CPA_fixed	roles	2	1	1	0.10421143043704599	0.14909527876179327	-0.09138982552599609	0.5370370370370371
54	UBASH3B+ZBTB25	16	29	original_CPA_fixed	roles	2	1	2	0.10421143043704599	0.14909527876179327	-0.09138982552599609	0.5370370370370371
54	UBASH3B+ZBTB25	16	29	original_CPA_fixed	roles	2	2	0	0.08647878606126087	0.1388527686856167	-0.2121820271873468	0.5185185185185185
54	UBASH3B+ZBTB25	16	29	original_CPA_fixed	roles	2	2	1	0.08647878606126087	0.1388527686856167	-0.2121820271873468	0.5185185185185185
54	UBASH3B+ZBTB25	16	29	original_CPA_fixed	roles	2	2	2	0.08647878606126087	0.1388527686856167	-0.2121820271873468	0.5185185185185185
54	UBASH3B+ZBTB25	16	29	original_CPA_fixed	direct_state	unused	unused	0	0.08647878606126087	0.1388527686856167	-0.2121820271873468	0.5185185185185185
54	UBASH3B+ZBTB25	16	29	original_CPA_fixed	direct_state	unused	unused	1	0.08647878606126087	0.1388527686856167	-0.2121820271873468	0.5185185185185185
54	UBASH3B+ZBTB25	16	29	original_CPA_fixed	direct_state	unused	unused	2	0.08647878606126087	0.1388527686856167	-0.2121820271873468	0.5185185185185185
54	UBASH3B+ZBTB25	16	29	additive	roles	0	0	0	0.014088035205242906	0.05267041294707168	0.8393214761376251	1.0
54	UBASH3B+ZBTB25	16	29	additive	roles	0	0	1	0.014088035205242906	0.05267041294707168	0.8393214761376251	1.0
54	UBASH3B+ZBTB25	16	29	additive	roles	0	0	2	0.014088035205242906	0.05267041294707168	0.8393214761376251	1.0
54	UBASH3B+ZBTB25	16	29	additive	roles	0	1	0	0.03104499004986017	0.07727100834108287	0.7165630676582929	1.0
54	UBASH3B+ZBTB25	16	29	additive	roles	0	1	1	0.03104499004986017	0.07727100834108287	0.7165630676582929	1.0
54	UBASH3B+ZBTB25	16	29	additive	roles	0	1	2	0.03104499004986017	0.07727100834108287	0.7165630676582929	1.0
54	UBASH3B+ZBTB25	16	29	additive	roles	0	2	0	0.029860943460915532	0.07582631324083734	0.7073897526564025	1.0
54	UBASH3B+ZBTB25	16	29	additive	roles	0	2	1	0.029860943460915532	0.07582631324083734	0.7073897526564025	1.0
54	UBASH3B+ZBTB25	16	29	additive	roles	0	2	2	0.029860943460915532	0.07582631324083734	0.7073897526564025	1.0
54	UBASH3B+ZBTB25	16	29	additive	roles	1	0	0	0.028006943615467534	0.07382448582327876	0.7224125132306741	1.0
54	UBASH3B+ZBTB25	16	29	additive	roles	1	0	1	0.028006943615467534	0.07382448582327876	0.7224125132306741	1.0
54	UBASH3B+ZBTB25	16	29	additive	roles	1	0	2	0.028006943615467534	0.07382448582327876	0.7224125132306741	1.0
54	UBASH3B+ZBTB25	16	29	additive	roles	1	1	0	0.014088035205242906	0.05267041294707168	0.8393214761376251	1.0
54	UBASH3B+ZBTB25	16	29	additive	roles	1	1	1	0.014088035205242906	0.05267041294707168	0.8393214761376251	1.0
54	UBASH3B+ZBTB25	16	29	additive	roles	1	1	2	0.014088035205242906	0.05267041294707168	0.8393214761376251	1.0
54	UBASH3B+ZBTB25	16	29	additive	roles	1	2	0	0.02830785603385054	0.07407662093496822	0.7105398671832179	1.0
54	UBASH3B+ZBTB25	16	29	additive	roles	1	2	1	0.02830785603385054	0.07407662093496822	0.7105398671832179	1.0
54	UBASH3B+ZBTB25	16	29	additive	roles	1	2	2	0.02830785603385054	0.07407662093496822	0.7105398671832179	1.0
54	UBASH3B+ZBTB25	16	29	additive	roles	2	0	0	0.02981220169474697	0.0754704153252847	0.7294064395339603	1.0
54	UBASH3B+ZBTB25	16	29	additive	roles	2	0	1	0.02981220169474697	0.0754704153252847	0.7294064395339603	1.0
54	UBASH3B+ZBTB25	16	29	additive	roles	2	0	2	0.02981220169474697	0.0754704153252847	0.7294064395339603	1.0
54	UBASH3B+ZBTB25	16	29	additive	roles	2	1	0	0.031297160702074604	0.0771638101819277	0.7267192480701858	1.0
54	UBASH3B+ZBTB25	16	29	additive	roles	2	1	1	0.031297160702074604	0.0771638101819277	0.7267192480701858	1.0
54	UBASH3B+ZBTB25	16	29	additive	roles	2	1	2	0.031297160702074604	0.0771638101819277	0.7267192480701858	1.0
54	UBASH3B+ZBTB25	16	29	additive	roles	2	2	0	0.014088035205242906	0.05267041294707168	0.8393214761376251	1.0
54	UBASH3B+ZBTB25	16	29	additive	roles	2	2	1	0.014088035205242906	0.05267041294707168	0.8393214761376251	1.0
54	UBASH3B+ZBTB25	16	29	additive	roles	2	2	2	0.014088035205242906	0.05267041294707168	0.8393214761376251	1.0
54	UBASH3B+ZBTB25	16	29	additive	direct_state	unused	unused	0	0.014088035205242906	0.05267041294707168	0.8393214761376251	1.0
54	UBASH3B+ZBTB25	16	29	additive	direct_state	unused	unused	1	0.014088035205242906	0.05267041294707168	0.8393214761376251	1.0
54	UBASH3B+ZBTB25	16	29	additive	direct_state	unused	unused	2	0.014088035205242906	0.05267041294707168	0.8393214761376251	1.0
54	UBASH3B+ZBTB25	16	29	compositional_ridge	roles	0	0	0	0.008663565517956334	0.0414932483491354	0.9066806197174665	1.0
54	UBASH3B+ZBTB25	16	29	compositional_ridge	roles	0	0	1	0.008663565517956334	0.0414932483491354	0.9066806197174665	1.0
54	UBASH3B+ZBTB25	16	29	compositional_ridge	roles	0	0	2	0.008663565517956334	0.0414932483491354	0.9066806197174665	1.0
54	UBASH3B+ZBTB25	16	29	compositional_ridge	roles	0	1	0	0.025549631826257375	0.07003230611632198	0.7215918358781302	1.0
54	UBASH3B+ZBTB25	16	29	compositional_ridge	roles	0	1	1	0.025549631826257375	0.07003230611632198	0.7215918358781302	1.0
54	UBASH3B+ZBTB25	16	29	compositional_ridge	roles	0	1	2	0.025549631826257375	0.07003230611632198	0.7215918358781302	1.0
54	UBASH3B+ZBTB25	16	29	compositional_ridge	roles	0	2	0	0.02524896499212523	0.06979442689718765	0.7083658015010053	1.0
54	UBASH3B+ZBTB25	16	29	compositional_ridge	roles	0	2	1	0.02524896499212523	0.06979442689718765	0.7083658015010053	1.0
54	UBASH3B+ZBTB25	16	29	compositional_ridge	roles	0	2	2	0.02524896499212523	0.06979442689718765	0.7083658015010053	1.0
54	UBASH3B+ZBTB25	16	29	compositional_ridge	roles	1	0	0	0.022653362464497184	0.06641817563171168	0.7313754333227532	1.0
54	UBASH3B+ZBTB25	16	29	compositional_ridge	roles	1	0	1	0.022653362464497184	0.06641817563171168	0.7313754333227532	1.0
54	UBASH3B+ZBTB25	16	29	compositional_ridge	roles	1	0	2	0.022653362464497184	0.06641817563171168	0.7313754333227532	1.0
54	UBASH3B+ZBTB25	16	29	compositional_ridge	roles	1	1	0	0.008663565517956334	0.0414932483491354	0.9066806197174665	1.0
54	UBASH3B+ZBTB25	16	29	compositional_ridge	roles	1	1	1	0.008663565517956334	0.0414932483491354	0.9066806197174665	1.0
54	UBASH3B+ZBTB25	16	29	compositional_ridge	roles	1	1	2	0.008663565517956334	0.0414932483491354	0.9066806197174665	1.0
54	UBASH3B+ZBTB25	16	29	compositional_ridge	roles	1	2	0	0.023766766101376454	0.06799102958462755	0.7135362210379301	1.0
54	UBASH3B+ZBTB25	16	29	compositional_ridge	roles	1	2	1	0.023766766101376454	0.06799102958462755	0.7135362210379301	1.0
54	UBASH3B+ZBTB25	16	29	compositional_ridge	roles	1	2	2	0.023766766101376454	0.06799102958462755	0.7135362210379301	1.0
54	UBASH3B+ZBTB25	16	29	compositional_ridge	roles	2	0	0	0.02357524078896413	0.06685196975600363	0.741206166182907	1.0
54	UBASH3B+ZBTB25	16	29	compositional_ridge	roles	2	0	1	0.02357524078896413	0.06685196975600363	0.741206166182907	1.0
54	UBASH3B+ZBTB25	16	29	compositional_ridge	roles	2	0	2	0.02357524078896413	0.06685196975600363	0.741206166182907	1.0
54	UBASH3B+ZBTB25	16	29	compositional_ridge	roles	2	1	0	0.02498931125997555	0.068657510762143	0.7366445318206722	1.0
54	UBASH3B+ZBTB25	16	29	compositional_ridge	roles	2	1	1	0.02498931125997555	0.068657510762143	0.7366445318206722	1.0
54	UBASH3B+ZBTB25	16	29	compositional_ridge	roles	2	1	2	0.02498931125997555	0.068657510762143	0.7366445318206722	1.0
54	UBASH3B+ZBTB25	16	29	compositional_ridge	roles	2	2	0	0.008663565517956334	0.0414932483491354	0.9066806197174665	1.0
54	UBASH3B+ZBTB25	16	29	compositional_ridge	roles	2	2	1	0.008663565517956334	0.0414932483491354	0.9066806197174665	1.0
54	UBASH3B+ZBTB25	16	29	compositional_ridge	roles	2	2	2	0.008663565517956334	0.0414932483491354	0.9066806197174665	1.0
54	UBASH3B+ZBTB25	16	29	compositional_ridge	direct_state	unused	unused	0	0.008663565517956334	0.0414932483491354	0.9066806197174665	1.0
54	UBASH3B+ZBTB25	16	29	compositional_ridge	direct_state	unused	unused	1	0.008663565517956334	0.0414932483491354	0.9066806197174665	1.0
54	UBASH3B+ZBTB25	16	29	compositional_ridge	direct_state	unused	unused	2	0.008663565517956334	0.0414932483491354	0.9066806197174665	1.0
54	UBASH3B+ZBTB25	16	29	NC_native_effect	roles	0	0	0	0.10750548584378455	0.15501727632986156	-0.32928712856039993	0.46296296296296297
54	UBASH3B+ZBTB25	16	29	NC_native_effect	roles	0	0	1	0.10750548584378455	0.15501727632986156	-0.32928712856039993	0.46296296296296297
54	UBASH3B+ZBTB25	16	29	NC_native_effect	roles	0	0	2	0.10750548584378455	0.15501727632986156	-0.32928712856039993	0.46296296296296297
54	UBASH3B+ZBTB25	16	29	NC_native_effect	roles	0	1	0	0.10750548584378455	0.15501727632986156	-0.32928712856039993	0.46296296296296297
54	UBASH3B+ZBTB25	16	29	NC_native_effect	roles	0	1	1	0.10750548584378455	0.15501727632986156	-0.32928712856039993	0.46296296296296297
54	UBASH3B+ZBTB25	16	29	NC_native_effect	roles	0	1	2	0.10750548584378455	0.15501727632986156	-0.32928712856039993	0.46296296296296297
54	UBASH3B+ZBTB25	16	29	NC_native_effect	roles	0	2	0	0.10750548584378455	0.15501727632986156	-0.32928712856039993	0.46296296296296297
54	UBASH3B+ZBTB25	16	29	NC_native_effect	roles	0	2	1	0.10750548584378455	0.15501727632986156	-0.32928712856039993	0.46296296296296297
54	UBASH3B+ZBTB25	16	29	NC_native_effect	roles	0	2	2	0.10750548584378455	0.15501727632986156	-0.32928712856039993	0.46296296296296297
54	UBASH3B+ZBTB25	16	29	NC_native_effect	roles	1	0	0	0.10023642582279402	0.15093285541574677	-0.35680837797390336	0.4444444444444444
54	UBASH3B+ZBTB25	16	29	NC_native_effect	roles	1	0	1	0.10023642582279402	0.15093285541574677	-0.35680837797390336	0.4444444444444444
54	UBASH3B+ZBTB25	16	29	NC_native_effect	roles	1	0	2	0.10023642582279402	0.15093285541574677	-0.35680837797390336	0.4444444444444444
54	UBASH3B+ZBTB25	16	29	NC_native_effect	roles	1	1	0	0.10023642582279402	0.15093285541574677	-0.35680837797390336	0.4444444444444444
54	UBASH3B+ZBTB25	16	29	NC_native_effect	roles	1	1	1	0.10023642582279402	0.15093285541574677	-0.35680837797390336	0.4444444444444444
54	UBASH3B+ZBTB25	16	29	NC_native_effect	roles	1	1	2	0.10023642582279402	0.15093285541574677	-0.35680837797390336	0.4444444444444444
54	UBASH3B+ZBTB25	16	29	NC_native_effect	roles	1	2	0	0.10023642582279402	0.15093285541574677	-0.35680837797390336	0.4444444444444444
54	UBASH3B+ZBTB25	16	29	NC_native_effect	roles	1	2	1	0.10023642582279402	0.15093285541574677	-0.35680837797390336	0.4444444444444444
54	UBASH3B+ZBTB25	16	29	NC_native_effect	roles	1	2	2	0.10023642582279402	0.15093285541574677	-0.35680837797390336	0.4444444444444444
54	UBASH3B+ZBTB25	16	29	NC_native_effect	roles	2	0	0	0.10160129035848874	0.15027224833148223	-0.2891518776843106	0.48148148148148145
54	UBASH3B+ZBTB25	16	29	NC_native_effect	roles	2	0	1	0.10160129035848874	0.15027224833148223	-0.2891518776843106	0.48148148148148145
54	UBASH3B+ZBTB25	16	29	NC_native_effect	roles	2	0	2	0.10160129035848874	0.15027224833148223	-0.2891518776843106	0.48148148148148145
54	UBASH3B+ZBTB25	16	29	NC_native_effect	roles	2	1	0	0.10160129035848874	0.15027224833148223	-0.2891518776843106	0.48148148148148145
54	UBASH3B+ZBTB25	16	29	NC_native_effect	roles	2	1	1	0.10160129035848874	0.15027224833148223	-0.2891518776843106	0.48148148148148145
54	UBASH3B+ZBTB25	16	29	NC_native_effect	roles	2	1	2	0.10160129035848874	0.15027224833148223	-0.2891518776843106	0.48148148148148145
54	UBASH3B+ZBTB25	16	29	NC_native_effect	roles	2	2	0	0.10160129035848874	0.15027224833148223	-0.2891518776843106	0.48148148148148145
54	UBASH3B+ZBTB25	16	29	NC_native_effect	roles	2	2	1	0.10160129035848874	0.15027224833148223	-0.2891518776843106	0.48148148148148145
54	UBASH3B+ZBTB25	16	29	NC_native_effect	roles	2	2	2	0.10160129035848874	0.15027224833148223	-0.2891518776843106	0.48148148148148145
54	UBASH3B+ZBTB25	16	29	NC_native_effect	direct_state	unused	unused	0	0.09782598585030752	0.14905308879895904	-0.40673314181520526	0.46296296296296297
54	UBASH3B+ZBTB25	16	29	NC_native_effect	direct_state	unused	unused	1	0.09782598585030752	0.14905308879895904	-0.40673314181520526	0.46296296296296297
54	UBASH3B+ZBTB25	16	29	NC_native_effect	direct_state	unused	unused	2	0.09782598585030752	0.14905308879895904	-0.40673314181520526	0.46296296296296297
54	UBASH3B+ZBTB25	16	29	native_effect_ridge	roles	0	0	0	0.01617196564288863	0.055033306508322055	0.8406699767752959	1.0
54	UBASH3B+ZBTB25	16	29	native_effect_ridge	roles	0	0	1	0.01617196564288863	0.055033306508322055	0.8406699767752959	1.0
54	UBASH3B+ZBTB25	16	29	native_effect_ridge	roles	0	0	2	0.01617196564288863	0.055033306508322055	0.8406699767752959	1.0
54	UBASH3B+ZBTB25	16	29	native_effect_ridge	roles	0	1	0	0.01617196564288863	0.055033306508322055	0.8406699767752959	1.0
54	UBASH3B+ZBTB25	16	29	native_effect_ridge	roles	0	1	1	0.01617196564288863	0.055033306508322055	0.8406699767752959	1.0
54	UBASH3B+ZBTB25	16	29	native_effect_ridge	roles	0	1	2	0.01617196564288863	0.055033306508322055	0.8406699767752959	1.0
54	UBASH3B+ZBTB25	16	29	native_effect_ridge	roles	0	2	0	0.01617196564288863	0.055033306508322055	0.8406699767752959	1.0
54	UBASH3B+ZBTB25	16	29	native_effect_ridge	roles	0	2	1	0.01617196564288863	0.055033306508322055	0.8406699767752959	1.0
54	UBASH3B+ZBTB25	16	29	native_effect_ridge	roles	0	2	2	0.01617196564288863	0.055033306508322055	0.8406699767752959	1.0
54	UBASH3B+ZBTB25	16	29	native_effect_ridge	roles	1	0	0	0.015584639760710537	0.05442179899403459	0.8429929800125843	1.0
54	UBASH3B+ZBTB25	16	29	native_effect_ridge	roles	1	0	1	0.015584639760710537	0.05442179899403459	0.8429929800125843	1.0
54	UBASH3B+ZBTB25	16	29	native_effect_ridge	roles	1	0	2	0.015584639760710537	0.05442179899403459	0.8429929800125843	1.0
54	UBASH3B+ZBTB25	16	29	native_effect_ridge	roles	1	1	0	0.015584639760710537	0.05442179899403459	0.8429929800125843	1.0
54	UBASH3B+ZBTB25	16	29	native_effect_ridge	roles	1	1	1	0.015584639760710537	0.05442179899403459	0.8429929800125843	1.0
54	UBASH3B+ZBTB25	16	29	native_effect_ridge	roles	1	1	2	0.015584639760710537	0.05442179899403459	0.8429929800125843	1.0
54	UBASH3B+ZBTB25	16	29	native_effect_ridge	roles	1	2	0	0.015584639760710537	0.05442179899403459	0.8429929800125843	1.0
54	UBASH3B+ZBTB25	16	29	native_effect_ridge	roles	1	2	1	0.015584639760710537	0.05442179899403459	0.8429929800125843	1.0
54	UBASH3B+ZBTB25	16	29	native_effect_ridge	roles	1	2	2	0.015584639760710537	0.05442179899403459	0.8429929800125843	1.0
54	UBASH3B+ZBTB25	16	29	native_effect_ridge	roles	2	0	0	0.01611989789375421	0.055198284211923514	0.848258238998517	1.0
54	UBASH3B+ZBTB25	16	29	native_effect_ridge	roles	2	0	1	0.01611989789375421	0.055198284211923514	0.848258238998517	1.0
54	UBASH3B+ZBTB25	16	29	native_effect_ridge	roles	2	0	2	0.01611989789375421	0.055198284211923514	0.848258238998517	1.0
54	UBASH3B+ZBTB25	16	29	native_effect_ridge	roles	2	1	0	0.01611989789375421	0.055198284211923514	0.848258238998517	1.0
54	UBASH3B+ZBTB25	16	29	native_effect_ridge	roles	2	1	1	0.01611989789375421	0.055198284211923514	0.848258238998517	1.0
54	UBASH3B+ZBTB25	16	29	native_effect_ridge	roles	2	1	2	0.01611989789375421	0.055198284211923514	0.848258238998517	1.0
54	UBASH3B+ZBTB25	16	29	native_effect_ridge	roles	2	2	0	0.01611989789375421	0.055198284211923514	0.848258238998517	1.0
54	UBASH3B+ZBTB25	16	29	native_effect_ridge	roles	2	2	1	0.01611989789375421	0.055198284211923514	0.848258238998517	1.0
54	UBASH3B+ZBTB25	16	29	native_effect_ridge	roles	2	2	2	0.01611989789375421	0.055198284211923514	0.848258238998517	1.0
54	UBASH3B+ZBTB25	16	29	native_effect_ridge	direct_state	unused	unused	0	0.007978757855327395	0.038753344552333924	0.9116162442400673	1.0
54	UBASH3B+ZBTB25	16	29	native_effect_ridge	direct_state	unused	unused	1	0.007978757855327395	0.038753344552333924	0.9116162442400673	1.0
54	UBASH3B+ZBTB25	16	29	native_effect_ridge	direct_state	unused	unused	2	0.007978757855327395	0.038753344552333924	0.9116162442400673	1.0
54	UBASH3B+ZBTB25	32	0	selected_CPA	roles	0	0	0	0.06254370144936222	0.1152375807511235	0.23331323671591847	0.5555555555555556
54	UBASH3B+ZBTB25	32	0	selected_CPA	roles	0	0	1	0.06340542178765649	0.11623006060500997	0.20915905030155255	0.5555555555555556
54	UBASH3B+ZBTB25	32	0	selected_CPA	roles	0	0	2	0.06760165607343674	0.12027421478945634	0.16286925815146122	0.5555555555555556
54	UBASH3B+ZBTB25	32	0	selected_CPA	roles	0	1	0	0.06901598967365272	0.12013176418478323	0.19623510337366176	0.5555555555555556
54	UBASH3B+ZBTB25	32	0	selected_CPA	roles	0	1	1	0.06905578508152915	0.12040221673137048	0.18028906314057314	0.5555555555555556
54	UBASH3B+ZBTB25	32	0	selected_CPA	roles	0	1	2	0.0735330389647146	0.12450651954613949	0.14734858051825697	0.5555555555555556
54	UBASH3B+ZBTB25	32	0	selected_CPA	roles	0	2	0	0.0643525036683397	0.11559716889970859	0.2505119475112454	0.5555555555555556
54	UBASH3B+ZBTB25	32	0	selected_CPA	roles	0	2	1	0.06473665608328798	0.11617334067787234	0.2341346652499751	0.5555555555555556
54	UBASH3B+ZBTB25	32	0	selected_CPA	roles	0	2	2	0.06823817919974483	0.11956916677813981	0.20227138951044255	0.5555555555555556
54	UBASH3B+ZBTB25	32	0	selected_CPA	roles	1	0	0	0.07017592926323721	0.12154373195660922	0.1668421142870452	0.5555555555555556
54	UBASH3B+ZBTB25	32	0	selected_CPA	roles	1	0	1	0.07185957453194927	0.12315551019749661	0.14108515395715457	0.5555555555555556
54	UBASH3B+ZBTB25	32	0	selected_CPA	roles	1	0	2	0.07577478922032435	0.12678730057183316	0.11172238168851183	0.5555555555555556
54	UBASH3B+ZBTB25	32	0	selected_CPA	roles	1	1	0	0.06254370144936222	0.1152375807511235	0.23331323671591847	0.5555555555555556
54	UBASH3B+ZBTB25	32	0	selected_CPA	roles	1	1	1	0.06340542178765649	0.11623006060500997	0.20915905030155255	0.5555555555555556
54	UBASH3B+ZBTB25	32	0	selected_CPA	roles	1	1	2	0.06760165607343674	0.12027421478945634	0.16286925815146122	0.5555555555555556
54	UBASH3B+ZBTB25	32	0	selected_CPA	roles	1	2	0	0.06478977203153977	0.11622017153635496	0.23837291812505265	0.5555555555555556
54	UBASH3B+ZBTB25	32	0	selected_CPA	roles	1	2	1	0.06599584937690589	0.1174961354333071	0.2152396264797587	0.5555555555555556
54	UBASH3B+ZBTB25	32	0	selected_CPA	roles	1	2	2	0.06921635289595755	0.1206530668521706	0.18522816001154194	0.5555555555555556
54	UBASH3B+ZBTB25	32	0	selected_CPA	roles	2	0	0	0.07549379660987378	0.12638696928389687	0.1122058375019812	0.5555555555555556
54	UBASH3B+ZBTB25	32	0	selected_CPA	roles	2	0	1	0.07683308487151395	0.1276698097432773	0.08889790471932828	0.5555555555555556
54	UBASH3B+ZBTB25	32	0	selected_CPA	roles	2	0	2	0.08172403032661765	0.13195438329238998	0.06166883005197812	0.5555555555555556
54	UBASH3B+ZBTB25	32	0	selected_CPA	roles	2	1	0	0.07477112538348935	0.12560593460218747	0.1286741902339524	0.5555555555555556
54	UBASH3B+ZBTB25	32	0	selected_CPA	roles	2	1	1	0.07528848871471175	0.12624615312638993	0.10851076323893566	0.5555555555555556
54	UBASH3B+ZBTB25	32	0	selected_CPA	roles	2	1	2	0.0804604537672206	0.13076387111924895	0.07953093580441048	0.5555555555555556
54	UBASH3B+ZBTB25	32	0	selected_CPA	roles	2	2	0	0.06254370144936222	0.1152375807511235	0.23331323671591847	0.5555555555555556
54	UBASH3B+ZBTB25	32	0	selected_CPA	roles	2	2	1	0.06340542178765649	0.11623006060500997	0.20915905030155255	0.5555555555555556
54	UBASH3B+ZBTB25	32	0	selected_CPA	roles	2	2	2	0.06760165607343674	0.12027421478945634	0.16286925815146122	0.5555555555555556
54	UBASH3B+ZBTB25	32	0	selected_CPA	direct_state	unused	unused	0	0.06254370144936222	0.1152375807511235	0.23331323671591847	0.5555555555555556
54	UBASH3B+ZBTB25	32	0	selected_CPA	direct_state	unused	unused	1	0.06340542178765649	0.11623006060500997	0.20915905030155255	0.5555555555555556
54	UBASH3B+ZBTB25	32	0	selected_CPA	direct_state	unused	unused	2	0.06760165607343674	0.12027421478945634	0.16286925815146122	0.5555555555555556
54	UBASH3B+ZBTB25	32	0	original_CPA_fixed	roles	0	0	0	0.08647878606126087	0.1388527686856167	-0.2121820271873468	0.5185185185185185
54	UBASH3B+ZBTB25	32	0	original_CPA_fixed	roles	0	0	1	0.08647878606126087	0.1388527686856167	-0.2121820271873468	0.5185185185185185
54	UBASH3B+ZBTB25	32	0	original_CPA_fixed	roles	0	0	2	0.08647878606126087	0.1388527686856167	-0.2121820271873468	0.5185185185185185
54	UBASH3B+ZBTB25	32	0	original_CPA_fixed	roles	0	1	0	0.0930556270310092	0.14288428483144902	-0.15182348274446575	0.5370370370370371
54	UBASH3B+ZBTB25	32	0	original_CPA_fixed	roles	0	1	1	0.0930556270310092	0.14288428483144902	-0.15182348274446575	0.5370370370370371
54	UBASH3B+ZBTB25	32	0	original_CPA_fixed	roles	0	1	2	0.0930556270310092	0.14288428483144902	-0.15182348274446575	0.5370370370370371
54	UBASH3B+ZBTB25	32	0	original_CPA_fixed	roles	0	2	0	0.08722207403737826	0.1380536192915628	-0.11686967474792828	0.5370370370370371
54	UBASH3B+ZBTB25	32	0	original_CPA_fixed	roles	0	2	1	0.08722207403737826	0.1380536192915628	-0.11686967474792828	0.5370370370370371
54	UBASH3B+ZBTB25	32	0	original_CPA_fixed	roles	0	2	2	0.08722207403737826	0.1380536192915628	-0.11686967474792828	0.5370370370370371
54	UBASH3B+ZBTB25	32	0	original_CPA_fixed	roles	1	0	0	0.09400646112967803	0.14418523988561766	-0.19805245970834012	0.5185185185185185
54	UBASH3B+ZBTB25	32	0	original_CPA_fixed	roles	1	0	1	0.09400646112967803	0.14418523988561766	-0.19805245970834012	0.5185185185185185
54	UBASH3B+ZBTB25	32	0	original_CPA_fixed	roles	1	0	2	0.09400646112967803	0.14418523988561766	-0.19805245970834012	0.5185185185185185
54	UBASH3B+ZBTB25	32	0	original_CPA_fixed	roles	1	1	0	0.08647878606126087	0.1388527686856167	-0.2121820271873468	0.5185185185185185
54	UBASH3B+ZBTB25	32	0	original_CPA_fixed	roles	1	1	1	0.08647878606126087	0.1388527686856167	-0.2121820271873468	0.5185185185185185
54	UBASH3B+ZBTB25	32	0	original_CPA_fixed	roles	1	1	2	0.08647878606126087	0.1388527686856167	-0.2121820271873468	0.5185185185185185
54	UBASH3B+ZBTB25	32	0	original_CPA_fixed	roles	1	2	0	0.08755478965512052	0.1386338266169377	-0.14040270675263095	0.5370370370370371
54	UBASH3B+ZBTB25	32	0	original_CPA_fixed	roles	1	2	1	0.08755478965512052	0.1386338266169377	-0.14040270675263095	0.5370370370370371
54	UBASH3B+ZBTB25	32	0	original_CPA_fixed	roles	1	2	2	0.08755478965512052	0.1386338266169377	-0.14040270675263095	0.5370370370370371
54	UBASH3B+ZBTB25	32	0	original_CPA_fixed	roles	2	0	0	0.10049439546463244	0.1492593460104794	-0.22533870717645332	0.48148148148148145
54	UBASH3B+ZBTB25	32	0	original_CPA_fixed	roles	2	0	1	0.10049439546463244	0.1492593460104794	-0.22533870717645332	0.48148148148148145
54	UBASH3B+ZBTB25	32	0	original_CPA_fixed	roles	2	0	2	0.10049439546463244	0.1492593460104794	-0.22533870717645332	0.48148148148148145
54	UBASH3B+ZBTB25	32	0	original_CPA_fixed	roles	2	1	0	0.0998762769837059	0.14854434996105692	-0.203238633386144	0.5
54	UBASH3B+ZBTB25	32	0	original_CPA_fixed	roles	2	1	1	0.0998762769837059	0.14854434996105692	-0.203238633386144	0.5
54	UBASH3B+ZBTB25	32	0	original_CPA_fixed	roles	2	1	2	0.0998762769837059	0.14854434996105692	-0.203238633386144	0.5
54	UBASH3B+ZBTB25	32	0	original_CPA_fixed	roles	2	2	0	0.08647878606126087	0.1388527686856167	-0.2121820271873468	0.5185185185185185
54	UBASH3B+ZBTB25	32	0	original_CPA_fixed	roles	2	2	1	0.08647878606126087	0.1388527686856167	-0.2121820271873468	0.5185185185185185
54	UBASH3B+ZBTB25	32	0	original_CPA_fixed	roles	2	2	2	0.08647878606126087	0.1388527686856167	-0.2121820271873468	0.5185185185185185
54	UBASH3B+ZBTB25	32	0	original_CPA_fixed	direct_state	unused	unused	0	0.08647878606126087	0.1388527686856167	-0.2121820271873468	0.5185185185185185
54	UBASH3B+ZBTB25	32	0	original_CPA_fixed	direct_state	unused	unused	1	0.08647878606126087	0.1388527686856167	-0.2121820271873468	0.5185185185185185
54	UBASH3B+ZBTB25	32	0	original_CPA_fixed	direct_state	unused	unused	2	0.08647878606126087	0.1388527686856167	-0.2121820271873468	0.5185185185185185
54	UBASH3B+ZBTB25	32	0	additive	roles	0	0	0	0.014088035205242906	0.05267041294707168	0.8393214761376251	1.0
54	UBASH3B+ZBTB25	32	0	additive	roles	0	0	1	0.014088035205242906	0.05267041294707168	0.8393214761376251	1.0
54	UBASH3B+ZBTB25	32	0	additive	roles	0	0	2	0.014088035205242906	0.05267041294707168	0.8393214761376251	1.0
54	UBASH3B+ZBTB25	32	0	additive	roles	0	1	0	0.021596274796120626	0.06451490476226689	0.7774498261590376	1.0
54	UBASH3B+ZBTB25	32	0	additive	roles	0	1	1	0.021596274796120626	0.06451490476226689	0.7774498261590376	1.0
54	UBASH3B+ZBTB25	32	0	additive	roles	0	1	2	0.021596274796120626	0.06451490476226689	0.7774498261590376	1.0
54	UBASH3B+ZBTB25	32	0	additive	roles	0	2	0	0.020187199794207317	0.062190838593535164	0.7950360610521957	1.0
54	UBASH3B+ZBTB25	32	0	additive	roles	0	2	1	0.020187199794207317	0.062190838593535164	0.7950360610521957	1.0
54	UBASH3B+ZBTB25	32	0	additive	roles	0	2	2	0.020187199794207317	0.062190838593535164	0.7950360610521957	1.0
54	UBASH3B+ZBTB25	32	0	additive	roles	1	0	0	0.020684311652530676	0.0634924513063621	0.7786606662274632	1.0
54	UBASH3B+ZBTB25	32	0	additive	roles	1	0	1	0.020684311652530676	0.0634924513063621	0.7786606662274632	1.0
54	UBASH3B+ZBTB25	32	0	additive	roles	1	0	2	0.020684311652530676	0.0634924513063621	0.7786606662274632	1.0
54	UBASH3B+ZBTB25	32	0	additive	roles	1	1	0	0.014088035205242906	0.05267041294707168	0.8393214761376251	1.0
54	UBASH3B+ZBTB25	32	0	additive	roles	1	1	1	0.014088035205242906	0.05267041294707168	0.8393214761376251	1.0
54	UBASH3B+ZBTB25	32	0	additive	roles	1	1	2	0.014088035205242906	0.05267041294707168	0.8393214761376251	1.0
54	UBASH3B+ZBTB25	32	0	additive	roles	1	2	0	0.019588516790820177	0.061449682111354355	0.7964258460459712	1.0
54	UBASH3B+ZBTB25	32	0	additive	roles	1	2	1	0.019588516790820177	0.061449682111354355	0.7964258460459712	1.0
54	UBASH3B+ZBTB25	32	0	additive	roles	1	2	2	0.019588516790820177	0.061449682111354355	0.7964258460459712	1.0
54	UBASH3B+ZBTB25	32	0	additive	roles	2	0	0	0.022747767995767512	0.06676537892288183	0.7558800964263747	1.0
54	UBASH3B+ZBTB25	32	0	additive	roles	2	0	1	0.022747767995767512	0.06676537892288183	0.7558800964263747	1.0
54	UBASH3B+ZBTB25	32	0	additive	roles	2	0	2	0.022747767995767512	0.06676537892288183	0.7558800964263747	1.0
54	UBASH3B+ZBTB25	32	0	additive	roles	2	1	0	0.023061048135970316	0.06705863414154033	0.7562156193012981	1.0
54	UBASH3B+ZBTB25	32	0	additive	roles	2	1	1	0.023061048135970316	0.06705863414154033	0.7562156193012981	1.0
54	UBASH3B+ZBTB25	32	0	additive	roles	2	1	2	0.023061048135970316	0.06705863414154033	0.7562156193012981	1.0
54	UBASH3B+ZBTB25	32	0	additive	roles	2	2	0	0.014088035205242906	0.05267041294707168	0.8393214761376251	1.0
54	UBASH3B+ZBTB25	32	0	additive	roles	2	2	1	0.014088035205242906	0.05267041294707168	0.8393214761376251	1.0
54	UBASH3B+ZBTB25	32	0	additive	roles	2	2	2	0.014088035205242906	0.05267041294707168	0.8393214761376251	1.0
54	UBASH3B+ZBTB25	32	0	additive	direct_state	unused	unused	0	0.014088035205242906	0.05267041294707168	0.8393214761376251	1.0
54	UBASH3B+ZBTB25	32	0	additive	direct_state	unused	unused	1	0.014088035205242906	0.05267041294707168	0.8393214761376251	1.0
54	UBASH3B+ZBTB25	32	0	additive	direct_state	unused	unused	2	0.014088035205242906	0.05267041294707168	0.8393214761376251	1.0
54	UBASH3B+ZBTB25	32	0	compositional_ridge	roles	0	0	0	0.008663565517956334	0.0414932483491354	0.9066806197174665	1.0
54	UBASH3B+ZBTB25	32	0	compositional_ridge	roles	0	0	1	0.008663565517956334	0.0414932483491354	0.9066806197174665	1.0
54	UBASH3B+ZBTB25	32	0	compositional_ridge	roles	0	0	2	0.008663565517956334	0.0414932483491354	0.9066806197174665	1.0
54	UBASH3B+ZBTB25	32	0	compositional_ridge	roles	0	1	0	0.015989135558897787	0.05551632774134164	0.8074078206543407	1.0
54	UBASH3B+ZBTB25	32	0	compositional_ridge	roles	0	1	1	0.015989135558897787	0.05551632774134164	0.8074078206543407	1.0
54	UBASH3B+ZBTB25	32	0	compositional_ridge	roles	0	1	2	0.015989135558897787	0.05551632774134164	0.8074078206543407	1.0
54	UBASH3B+ZBTB25	32	0	compositional_ridge	roles	0	2	0	0.01516154176363134	0.05376113510446746	0.8199006312657178	1.0
54	UBASH3B+ZBTB25	32	0	compositional_ridge	roles	0	2	1	0.01516154176363134	0.05376113510446746	0.8199006312657178	1.0
54	UBASH3B+ZBTB25	32	0	compositional_ridge	roles	0	2	2	0.01516154176363134	0.05376113510446746	0.8199006312657178	1.0
54	UBASH3B+ZBTB25	32	0	compositional_ridge	roles	1	0	0	0.015442511515180373	0.054830978293178505	0.8126853282156288	1.0
54	UBASH3B+ZBTB25	32	0	compositional_ridge	roles	1	0	1	0.015442511515180373	0.054830978293178505	0.8126853282156288	1.0
54	UBASH3B+ZBTB25	32	0	compositional_ridge	roles	1	0	2	0.015442511515180373	0.054830978293178505	0.8126853282156288	1.0
54	UBASH3B+ZBTB25	32	0	compositional_ridge	roles	1	1	0	0.008663565517956334	0.0414932483491354	0.9066806197174665	1.0
54	UBASH3B+ZBTB25	32	0	compositional_ridge	roles	1	1	1	0.008663565517956334	0.0414932483491354	0.9066806197174665	1.0
54	UBASH3B+ZBTB25	32	0	compositional_ridge	roles	1	1	2	0.008663565517956334	0.0414932483491354	0.9066806197174665	1.0
54	UBASH3B+ZBTB25	32	0	compositional_ridge	roles	1	2	0	0.014745528310180465	0.0531624888759776	0.823213040947607	1.0
54	UBASH3B+ZBTB25	32	0	compositional_ridge	roles	1	2	1	0.014745528310180465	0.0531624888759776	0.823213040947607	1.0
54	UBASH3B+ZBTB25	32	0	compositional_ridge	roles	1	2	2	0.014745528310180465	0.0531624888759776	0.823213040947607	1.0
54	UBASH3B+ZBTB25	32	0	compositional_ridge	roles	2	0	0	0.016924486651770345	0.05770694149804055	0.7934120934299232	1.0
54	UBASH3B+ZBTB25	32	0	compositional_ridge	roles	2	0	1	0.016924486651770345	0.05770694149804055	0.7934120934299232	1.0
54	UBASH3B+ZBTB25	32	0	compositional_ridge	roles	2	0	2	0.016924486651770345	0.05770694149804055	0.7934120934299232	1.0
54	UBASH3B+ZBTB25	32	0	compositional_ridge	roles	2	1	0	0.017055097242036885	0.05780750935754767	0.7917656534062381	1.0
54	UBASH3B+ZBTB25	32	0	compositional_ridge	roles	2	1	1	0.017055097242036885	0.05780750935754767	0.7917656534062381	1.0
54	UBASH3B+ZBTB25	32	0	compositional_ridge	roles	2	1	2	0.017055097242036885	0.05780750935754767	0.7917656534062381	1.0
54	UBASH3B+ZBTB25	32	0	compositional_ridge	roles	2	2	0	0.008663565517956334	0.0414932483491354	0.9066806197174665	1.0
54	UBASH3B+ZBTB25	32	0	compositional_ridge	roles	2	2	1	0.008663565517956334	0.0414932483491354	0.9066806197174665	1.0
54	UBASH3B+ZBTB25	32	0	compositional_ridge	roles	2	2	2	0.008663565517956334	0.0414932483491354	0.9066806197174665	1.0
54	UBASH3B+ZBTB25	32	0	compositional_ridge	direct_state	unused	unused	0	0.008663565517956334	0.0414932483491354	0.9066806197174665	1.0
54	UBASH3B+ZBTB25	32	0	compositional_ridge	direct_state	unused	unused	1	0.008663565517956334	0.0414932483491354	0.9066806197174665	1.0
54	UBASH3B+ZBTB25	32	0	compositional_ridge	direct_state	unused	unused	2	0.008663565517956334	0.0414932483491354	0.9066806197174665	1.0
54	UBASH3B+ZBTB25	32	0	NC_native_effect	roles	0	0	0	0.09819408093198123	0.14845962913452299	-0.3283319873622914	0.48148148148148145
54	UBASH3B+ZBTB25	32	0	NC_native_effect	roles	0	0	1	0.09819408093198123	0.14845962913452299	-0.3283319873622914	0.48148148148148145
54	UBASH3B+ZBTB25	32	0	NC_native_effect	roles	0	0	2	0.09819408093198123	0.14845962913452299	-0.3283319873622914	0.48148148148148145
54	UBASH3B+ZBTB25	32	0	NC_native_effect	roles	0	1	0	0.09819408093198123	0.14845962913452299	-0.3283319873622914	0.48148148148148145
54	UBASH3B+ZBTB25	32	0	NC_native_effect	roles	0	1	1	0.09819408093198123	0.14845962913452299	-0.3283319873622914	0.48148148148148145
54	UBASH3B+ZBTB25	32	0	NC_native_effect	roles	0	1	2	0.09819408093198123	0.14845962913452299	-0.3283319873622914	0.48148148148148145
54	UBASH3B+ZBTB25	32	0	NC_native_effect	roles	0	2	0	0.09819408093198123	0.14845962913452299	-0.3283319873622914	0.48148148148148145
54	UBASH3B+ZBTB25	32	0	NC_native_effect	roles	0	2	1	0.09819408093198123	0.14845962913452299	-0.3283319873622914	0.48148148148148145
54	UBASH3B+ZBTB25	32	0	NC_native_effect	roles	0	2	2	0.09819408093198123	0.14845962913452299	-0.3283319873622914	0.48148148148148145
54	UBASH3B+ZBTB25	32	0	NC_native_effect	roles	1	0	0	0.09890269879484144	0.14926088707539872	-0.35504939719233597	0.48148148148148145
54	UBASH3B+ZBTB25	32	0	NC_native_effect	roles	1	0	1	0.09890269879484144	0.14926088707539872	-0.35504939719233597	0.48148148148148145
54	UBASH3B+ZBTB25	32	0	NC_native_effect	roles	1	0	2	0.09890269879484144	0.14926088707539872	-0.35504939719233597	0.48148148148148145
54	UBASH3B+ZBTB25	32	0	NC_native_effect	roles	1	1	0	0.09890269879484144	0.14926088707539872	-0.35504939719233597	0.48148148148148145
54	UBASH3B+ZBTB25	32	0	NC_native_effect	roles	1	1	1	0.09890269879484144	0.14926088707539872	-0.35504939719233597	0.48148148148148145
54	UBASH3B+ZBTB25	32	0	NC_native_effect	roles	1	1	2	0.09890269879484144	0.14926088707539872	-0.35504939719233597	0.48148148148148145
54	UBASH3B+ZBTB25	32	0	NC_native_effect	roles	1	2	0	0.09890269879484144	0.14926088707539872	-0.35504939719233597	0.48148148148148145
54	UBASH3B+ZBTB25	32	0	NC_native_effect	roles	1	2	1	0.09890269879484144	0.14926088707539872	-0.35504939719233597	0.48148148148148145
54	UBASH3B+ZBTB25	32	0	NC_native_effect	roles	1	2	2	0.09890269879484144	0.14926088707539872	-0.35504939719233597	0.48148148148148145
54	UBASH3B+ZBTB25	32	0	NC_native_effect	roles	2	0	0	0.10542883013341194	0.15424967750073906	-0.37012133246015405	0.46296296296296297
54	UBASH3B+ZBTB25	32	0	NC_native_effect	roles	2	0	1	0.10542883013341194	0.15424967750073906	-0.37012133246015405	0.46296296296296297
54	UBASH3B+ZBTB25	32	0	NC_native_effect	roles	2	0	2	0.10542883013341194	0.15424967750073906	-0.37012133246015405	0.46296296296296297
54	UBASH3B+ZBTB25	32	0	NC_native_effect	roles	2	1	0	0.10542883013341194	0.15424967750073906	-0.37012133246015405	0.46296296296296297
54	UBASH3B+ZBTB25	32	0	NC_native_effect	roles	2	1	1	0.10542883013341194	0.15424967750073906	-0.37012133246015405	0.46296296296296297
54	UBASH3B+ZBTB25	32	0	NC_native_effect	roles	2	1	2	0.10542883013341194	0.15424967750073906	-0.37012133246015405	0.46296296296296297
54	UBASH3B+ZBTB25	32	0	NC_native_effect	roles	2	2	0	0.10542883013341194	0.15424967750073906	-0.37012133246015405	0.46296296296296297
54	UBASH3B+ZBTB25	32	0	NC_native_effect	roles	2	2	1	0.10542883013341194	0.15424967750073906	-0.37012133246015405	0.46296296296296297
54	UBASH3B+ZBTB25	32	0	NC_native_effect	roles	2	2	2	0.10542883013341194	0.15424967750073906	-0.37012133246015405	0.46296296296296297
54	UBASH3B+ZBTB25	32	0	NC_native_effect	direct_state	unused	unused	0	0.09782598585030752	0.14905308879895904	-0.40673314181520526	0.46296296296296297
54	UBASH3B+ZBTB25	32	0	NC_native_effect	direct_state	unused	unused	1	0.09782598585030752	0.14905308879895904	-0.40673314181520526	0.46296296296296297
54	UBASH3B+ZBTB25	32	0	NC_native_effect	direct_state	unused	unused	2	0.09782598585030752	0.14905308879895904	-0.40673314181520526	0.46296296296296297
54	UBASH3B+ZBTB25	32	0	native_effect_ridge	roles	0	0	0	0.012429420959498597	0.04844506647293324	0.8751583731973844	1.0
54	UBASH3B+ZBTB25	32	0	native_effect_ridge	roles	0	0	1	0.012429420959498597	0.04844506647293324	0.8751583731973844	1.0
54	UBASH3B+ZBTB25	32	0	native_effect_ridge	roles	0	0	2	0.012429420959498597	0.04844506647293324	0.8751583731973844	1.0
54	UBASH3B+ZBTB25	32	0	native_effect_ridge	roles	0	1	0	0.012429420959498597	0.04844506647293324	0.8751583731973844	1.0
54	UBASH3B+ZBTB25	32	0	native_effect_ridge	roles	0	1	1	0.012429420959498597	0.04844506647293324	0.8751583731973844	1.0
54	UBASH3B+ZBTB25	32	0	native_effect_ridge	roles	0	1	2	0.012429420959498597	0.04844506647293324	0.8751583731973844	1.0
54	UBASH3B+ZBTB25	32	0	native_effect_ridge	roles	0	2	0	0.012429420959498597	0.04844506647293324	0.8751583731973844	1.0
54	UBASH3B+ZBTB25	32	0	native_effect_ridge	roles	0	2	1	0.012429420959498597	0.04844506647293324	0.8751583731973844	1.0
54	UBASH3B+ZBTB25	32	0	native_effect_ridge	roles	0	2	2	0.012429420959498597	0.04844506647293324	0.8751583731973844	1.0
54	UBASH3B+ZBTB25	32	0	native_effect_ridge	roles	1	0	0	0.011793621512867315	0.047207568577193784	0.8780225306763778	1.0
54	UBASH3B+ZBTB25	32	0	native_effect_ridge	roles	1	0	1	0.011793621512867315	0.047207568577193784	0.8780225306763778	1.0
54	UBASH3B+ZBTB25	32	0	native_effect_ridge	roles	1	0	2	0.011793621512867315	0.047207568577193784	0.8780225306763778	1.0
54	UBASH3B+ZBTB25	32	0	native_effect_ridge	roles	1	1	0	0.011793621512867315	0.047207568577193784	0.8780225306763778	1.0
54	UBASH3B+ZBTB25	32	0	native_effect_ridge	roles	1	1	1	0.011793621512867315	0.047207568577193784	0.8780225306763778	1.0
54	UBASH3B+ZBTB25	32	0	native_effect_ridge	roles	1	1	2	0.011793621512867315	0.047207568577193784	0.8780225306763778	1.0
54	UBASH3B+ZBTB25	32	0	native_effect_ridge	roles	1	2	0	0.011793621512867315	0.047207568577193784	0.8780225306763778	1.0
54	UBASH3B+ZBTB25	32	0	native_effect_ridge	roles	1	2	1	0.011793621512867315	0.047207568577193784	0.8780225306763778	1.0
54	UBASH3B+ZBTB25	32	0	native_effect_ridge	roles	1	2	2	0.011793621512867315	0.047207568577193784	0.8780225306763778	1.0
54	UBASH3B+ZBTB25	32	0	native_effect_ridge	roles	2	0	0	0.012186978134431595	0.04783780632315515	0.8702400494256016	1.0
54	UBASH3B+ZBTB25	32	0	native_effect_ridge	roles	2	0	1	0.012186978134431595	0.04783780632315515	0.8702400494256016	1.0
54	UBASH3B+ZBTB25	32	0	native_effect_ridge	roles	2	0	2	0.012186978134431595	0.04783780632315515	0.8702400494256016	1.0
54	UBASH3B+ZBTB25	32	0	native_effect_ridge	roles	2	1	0	0.012186978134431595	0.04783780632315515	0.8702400494256016	1.0
54	UBASH3B+ZBTB25	32	0	native_effect_ridge	roles	2	1	1	0.012186978134431595	0.04783780632315515	0.8702400494256016	1.0
54	UBASH3B+ZBTB25	32	0	native_effect_ridge	roles	2	1	2	0.012186978134431595	0.04783780632315515	0.8702400494256016	1.0
54	UBASH3B+ZBTB25	32	0	native_effect_ridge	roles	2	2	0	0.012186978134431595	0.04783780632315515	0.8702400494256016	1.0
54	UBASH3B+ZBTB25	32	0	native_effect_ridge	roles	2	2	1	0.012186978134431595	0.04783780632315515	0.8702400494256016	1.0
54	UBASH3B+ZBTB25	32	0	native_effect_ridge	roles	2	2	2	0.012186978134431595	0.04783780632315515	0.8702400494256016	1.0
54	UBASH3B+ZBTB25	32	0	native_effect_ridge	direct_state	unused	unused	0	0.007978757855327395	0.038753344552333924	0.9116162442400673	1.0
54	UBASH3B+ZBTB25	32	0	native_effect_ridge	direct_state	unused	unused	1	0.007978757855327395	0.038753344552333924	0.9116162442400673	1.0
54	UBASH3B+ZBTB25	32	0	native_effect_ridge	direct_state	unused	unused	2	0.007978757855327395	0.038753344552333924	0.9116162442400673	1.0
54	UBASH3B+ZBTB25	32	29	selected_CPA	roles	0	0	0	0.06806344762145622	0.12066739359563855	0.1403159780635566	0.5555555555555556
54	UBASH3B+ZBTB25	32	29	selected_CPA	roles	0	0	1	0.06437814342167841	0.11779175760994612	0.15038332367960075	0.5555555555555556
54	UBASH3B+ZBTB25	32	29	selected_CPA	roles	0	0	2	0.06591411024133641	0.11856694280622213	0.19105916576326382	0.5555555555555556
54	UBASH3B+ZBTB25	32	29	selected_CPA	roles	0	1	0	0.07937769528906238	0.12945432179113955	0.10852412270976039	0.5555555555555556
54	UBASH3B+ZBTB25	32	29	selected_CPA	roles	0	1	1	0.07336127600794119	0.12479721295042619	0.12040324273136258	0.5555555555555556
54	UBASH3B+ZBTB25	32	29	selected_CPA	roles	0	1	2	0.07638705380007203	0.12677260160263706	0.15272085787749956	0.5555555555555556
54	UBASH3B+ZBTB25	32	29	selected_CPA	roles	0	2	0	0.0761534878859142	0.1268837266259808	0.09743332490762288	0.5555555555555556
54	UBASH3B+ZBTB25	32	29	selected_CPA	roles	0	2	1	0.07157117703604157	0.12340176002222618	0.10504557349796166	0.5555555555555556
54	UBASH3B+ZBTB25	32	29	selected_CPA	roles	0	2	2	0.07311106728575943	0.12411583014855423	0.1469662368475235	0.5555555555555556
54	UBASH3B+ZBTB25	32	29	selected_CPA	roles	1	0	0	0.072405563482013	0.12385525372283077	0.10378932423097183	0.5555555555555556
54	UBASH3B+ZBTB25	32	29	selected_CPA	roles	1	0	1	0.07105137436357861	0.12309653736928494	0.10011966910961584	0.5555555555555556
54	UBASH3B+ZBTB25	32	29	selected_CPA	roles	1	0	2	0.07109753021076373	0.1225653004995629	0.1467295353524501	0.5555555555555556
54	UBASH3B+ZBTB25	32	29	selected_CPA	roles	1	1	0	0.06806344762145622	0.12066739359563855	0.1403159780635566	0.5555555555555556
54	UBASH3B+ZBTB25	32	29	selected_CPA	roles	1	1	1	0.06437814342167841	0.11779175760994612	0.15038332367960075	0.5555555555555556
54	UBASH3B+ZBTB25	32	29	selected_CPA	roles	1	1	2	0.06591411024133641	0.11856694280622213	0.19105916576326382	0.5555555555555556
54	UBASH3B+ZBTB25	32	29	selected_CPA	roles	1	2	0	0.07300344285936881	0.12433314113207541	0.09349109168200581	0.5555555555555556
54	UBASH3B+ZBTB25	32	29	selected_CPA	roles	1	2	1	0.07075224709083962	0.12282344903047009	0.09280632397200168	0.5555555555555556
54	UBASH3B+ZBTB25	32	29	selected_CPA	roles	1	2	2	0.07080232636808458	0.1222645417007273	0.14255914556182683	0.5555555555555556
54	UBASH3B+ZBTB25	32	29	selected_CPA	roles	2	0	0	0.07454025669127168	0.1255299427985212	0.11788379216401358	0.5555555555555556
54	UBASH3B+ZBTB25	32	29	selected_CPA	roles	2	0	1	0.07175195914158869	0.1235225032626227	0.11939918728145159	0.5555555555555556
54	UBASH3B+ZBTB25	32	29	selected_CPA	roles	2	0	2	0.07328400253118683	0.124288001941178	0.157026048104194	0.5555555555555556
54	UBASH3B+ZBTB25	32	29	selected_CPA	roles	2	1	0	0.07836234347177572	0.12858971185879947	0.11858114795660211	0.5555555555555556
54	UBASH3B+ZBTB25	32	29	selected_CPA	roles	2	1	1	0.0732429308407493	0.12464750665500002	0.12780681420513051	0.5555555555555556
54	UBASH3B+ZBTB25	32	29	selected_CPA	roles	2	1	2	0.07626478520282032	0.1266508030803878	0.15859870845257495	0.5555555555555556
54	UBASH3B+ZBTB25	32	29	selected_CPA	roles	2	2	0	0.06806344762145622	0.12066739359563855	0.1403159780635566	0.5555555555555556
54	UBASH3B+ZBTB25	32	29	selected_CPA	roles	2	2	1	0.06437814342167841	0.11779175760994612	0.15038332367960075	0.5555555555555556
54	UBASH3B+ZBTB25	32	29	selected_CPA	roles	2	2	2	0.06591411024133641	0.11856694280622213	0.19105916576326382	0.5555555555555556
54	UBASH3B+ZBTB25	32	29	selected_CPA	direct_state	unused	unused	0	0.06806344762145622	0.12066739359563855	0.1403159780635566	0.5555555555555556
54	UBASH3B+ZBTB25	32	29	selected_CPA	direct_state	unused	unused	1	0.06437814342167841	0.11779175760994612	0.15038332367960075	0.5555555555555556
54	UBASH3B+ZBTB25	32	29	selected_CPA	direct_state	unused	unused	2	0.06591411024133641	0.11856694280622213	0.19105916576326382	0.5555555555555556
54	UBASH3B+ZBTB25	32	29	original_CPA_fixed	roles	0	0	0	0.08647878606126087	0.1388527686856167	-0.2121820271873468	0.5185185185185185
54	UBASH3B+ZBTB25	32	29	original_CPA_fixed	roles	0	0	1	0.08647878606126087	0.1388527686856167	-0.2121820271873468	0.5185185185185185
54	UBASH3B+ZBTB25	32	29	original_CPA_fixed	roles	0	0	2	0.08647878606126087	0.1388527686856167	-0.2121820271873468	0.5185185185185185
54	UBASH3B+ZBTB25	32	29	original_CPA_fixed	roles	0	1	0	0.09622769224460671	0.145361783869061	-0.15780024364491912	0.5370370370370371
54	UBASH3B+ZBTB25	32	29	original_CPA_fixed	roles	0	1	1	0.09622769224460671	0.145361783869061	-0.15780024364491912	0.5370370370370371
54	UBASH3B+ZBTB25	32	29	original_CPA_fixed	roles	0	1	2	0.09622769224460671	0.145361783869061	-0.15780024364491912	0.5370370370370371
54	UBASH3B+ZBTB25	32	29	original_CPA_fixed	roles	0	2	0	0.09425528821856614	0.14419382026930505	-0.18982181136252624	0.5
54	UBASH3B+ZBTB25	32	29	original_CPA_fixed	roles	0	2	1	0.09425528821856614	0.14419382026930505	-0.18982181136252624	0.5
54	UBASH3B+ZBTB25	32	29	original_CPA_fixed	roles	0	2	2	0.09425528821856614	0.14419382026930505	-0.18982181136252624	0.5
54	UBASH3B+ZBTB25	32	29	original_CPA_fixed	roles	1	0	0	0.09238624340607797	0.14285461170206695	-0.18455484378039755	0.5185185185185185
54	UBASH3B+ZBTB25	32	29	original_CPA_fixed	roles	1	0	1	0.09238624340607797	0.14285461170206695	-0.18455484378039755	0.5185185185185185
54	UBASH3B+ZBTB25	32	29	original_CPA_fixed	roles	1	0	2	0.09238624340607797	0.14285461170206695	-0.18455484378039755	0.5185185185185185
54	UBASH3B+ZBTB25	32	29	original_CPA_fixed	roles	1	1	0	0.08647878606126087	0.1388527686856167	-0.2121820271873468	0.5185185185185185
54	UBASH3B+ZBTB25	32	29	original_CPA_fixed	roles	1	1	1	0.08647878606126087	0.1388527686856167	-0.2121820271873468	0.5185185185185185
54	UBASH3B+ZBTB25	32	29	original_CPA_fixed	roles	1	1	2	0.08647878606126087	0.1388527686856167	-0.2121820271873468	0.5185185185185185
54	UBASH3B+ZBTB25	32	29	original_CPA_fixed	roles	1	2	0	0.0926705846762811	0.14317455227949388	-0.20282447336574472	0.5
54	UBASH3B+ZBTB25	32	29	original_CPA_fixed	roles	1	2	1	0.0926705846762811	0.14317455227949388	-0.20282447336574472	0.5
54	UBASH3B+ZBTB25	32	29	original_CPA_fixed	roles	1	2	2	0.0926705846762811	0.14317455227949388	-0.20282447336574472	0.5
54	UBASH3B+ZBTB25	32	29	original_CPA_fixed	roles	2	0	0	0.093269133238229	0.14319333715865842	-0.1577259017783682	0.5370370370370371
54	UBASH3B+ZBTB25	32	29	original_CPA_fixed	roles	2	0	1	0.093269133238229	0.14319333715865842	-0.1577259017783682	0.5370370370370371
54	UBASH3B+ZBTB25	32	29	original_CPA_fixed	roles	2	0	2	0.093269133238229	0.14319333715865842	-0.1577259017783682	0.5370370370370371
54	UBASH3B+ZBTB25	32	29	original_CPA_fixed	roles	2	1	0	0.09552587853447271	0.14468598601197485	-0.14398205658704188	0.5370370370370371
54	UBASH3B+ZBTB25	32	29	original_CPA_fixed	roles	2	1	1	0.09552587853447271	0.14468598601197485	-0.14398205658704188	0.5370370370370371
54	UBASH3B+ZBTB25	32	29	original_CPA_fixed	roles	2	1	2	0.09552587853447271	0.14468598601197485	-0.14398205658704188	0.5370370370370371
54	UBASH3B+ZBTB25	32	29	original_CPA_fixed	roles	2	2	0	0.08647878606126087	0.1388527686856167	-0.2121820271873468	0.5185185185185185
54	UBASH3B+ZBTB25	32	29	original_CPA_fixed	roles	2	2	1	0.08647878606126087	0.1388527686856167	-0.2121820271873468	0.5185185185185185
54	UBASH3B+ZBTB25	32	29	original_CPA_fixed	roles	2	2	2	0.08647878606126087	0.1388527686856167	-0.2121820271873468	0.5185185185185185
54	UBASH3B+ZBTB25	32	29	original_CPA_fixed	direct_state	unused	unused	0	0.08647878606126087	0.1388527686856167	-0.2121820271873468	0.5185185185185185
54	UBASH3B+ZBTB25	32	29	original_CPA_fixed	direct_state	unused	unused	1	0.08647878606126087	0.1388527686856167	-0.2121820271873468	0.5185185185185185
54	UBASH3B+ZBTB25	32	29	original_CPA_fixed	direct_state	unused	unused	2	0.08647878606126087	0.1388527686856167	-0.2121820271873468	0.5185185185185185
54	UBASH3B+ZBTB25	32	29	additive	roles	0	0	0	0.014088035205242906	0.05267041294707168	0.8393214761376251	1.0
54	UBASH3B+ZBTB25	32	29	additive	roles	0	0	1	0.014088035205242906	0.05267041294707168	0.8393214761376251	1.0
54	UBASH3B+ZBTB25	32	29	additive	roles	0	0	2	0.014088035205242906	0.05267041294707168	0.8393214761376251	1.0
54	UBASH3B+ZBTB25	32	29	additive	roles	0	1	0	0.020809802664191177	0.06349121300801208	0.78421869470223	1.0
54	UBASH3B+ZBTB25	32	29	additive	roles	0	1	1	0.020809802664191177	0.06349121300801208	0.78421869470223	1.0
54	UBASH3B+ZBTB25	32	29	additive	roles	0	1	2	0.020809802664191177	0.06349121300801208	0.78421869470223	1.0
54	UBASH3B+ZBTB25	32	29	additive	roles	0	2	0	0.020103345340405768	0.062409990556330674	0.7858792068095922	1.0
54	UBASH3B+ZBTB25	32	29	additive	roles	0	2	1	0.020103345340405768	0.062409990556330674	0.7858792068095922	1.0
54	UBASH3B+ZBTB25	32	29	additive	roles	0	2	2	0.020103345340405768	0.062409990556330674	0.7858792068095922	1.0
54	UBASH3B+ZBTB25	32	29	additive	roles	1	0	0	0.023022631274457583	0.06704115319430697	0.7585102290425828	1.0
54	UBASH3B+ZBTB25	32	29	additive	roles	1	0	1	0.023022631274457583	0.06704115319430697	0.7585102290425828	1.0
54	UBASH3B+ZBTB25	32	29	additive	roles	1	0	2	0.023022631274457583	0.06704115319430697	0.7585102290425828	1.0
54	UBASH3B+ZBTB25	32	29	additive	roles	1	1	0	0.014088035205242906	0.05267041294707168	0.8393214761376251	1.0
54	UBASH3B+ZBTB25	32	29	additive	roles	1	1	1	0.014088035205242906	0.05267041294707168	0.8393214761376251	1.0
54	UBASH3B+ZBTB25	32	29	additive	roles	1	1	2	0.014088035205242906	0.05267041294707168	0.8393214761376251	1.0
54	UBASH3B+ZBTB25	32	29	additive	roles	1	2	0	0.0215457805225183	0.06476956574301457	0.7695450337936325	1.0
54	UBASH3B+ZBTB25	32	29	additive	roles	1	2	1	0.0215457805225183	0.06476956574301457	0.7695450337936325	1.0
54	UBASH3B+ZBTB25	32	29	additive	roles	1	2	2	0.0215457805225183	0.06476956574301457	0.7695450337936325	1.0
54	UBASH3B+ZBTB25	32	29	additive	roles	2	0	0	0.02263957440435346	0.06625213012391344	0.7670755000734173	1.0
54	UBASH3B+ZBTB25	32	29	additive	roles	2	0	1	0.02263957440435346	0.06625213012391344	0.7670755000734173	1.0
54	UBASH3B+ZBTB25	32	29	additive	roles	2	0	2	0.02263957440435346	0.06625213012391344	0.7670755000734173	1.0
54	UBASH3B+ZBTB25	32	29	additive	roles	2	1	0	0.021869180976199592	0.06500809471796251	0.7769268024281845	1.0
54	UBASH3B+ZBTB25	32	29	additive	roles	2	1	1	0.021869180976199592	0.06500809471796251	0.7769268024281845	1.0
54	UBASH3B+ZBTB25	32	29	additive	roles	2	1	2	0.021869180976199592	0.06500809471796251	0.7769268024281845	1.0
54	UBASH3B+ZBTB25	32	29	additive	roles	2	2	0	0.014088035205242906	0.05267041294707168	0.8393214761376251	1.0
54	UBASH3B+ZBTB25	32	29	additive	roles	2	2	1	0.014088035205242906	0.05267041294707168	0.8393214761376251	1.0
54	UBASH3B+ZBTB25	32	29	additive	roles	2	2	2	0.014088035205242906	0.05267041294707168	0.8393214761376251	1.0
54	UBASH3B+ZBTB25	32	29	additive	direct_state	unused	unused	0	0.014088035205242906	0.05267041294707168	0.8393214761376251	1.0
54	UBASH3B+ZBTB25	32	29	additive	direct_state	unused	unused	1	0.014088035205242906	0.05267041294707168	0.8393214761376251	1.0
54	UBASH3B+ZBTB25	32	29	additive	direct_state	unused	unused	2	0.014088035205242906	0.05267041294707168	0.8393214761376251	1.0
54	UBASH3B+ZBTB25	32	29	compositional_ridge	roles	0	0	0	0.008663565517956334	0.0414932483491354	0.9066806197174665	1.0
54	UBASH3B+ZBTB25	32	29	compositional_ridge	roles	0	0	1	0.008663565517956334	0.0414932483491354	0.9066806197174665	1.0
54	UBASH3B+ZBTB25	32	29	compositional_ridge	roles	0	0	2	0.008663565517956334	0.0414932483491354	0.9066806197174665	1.0
54	UBASH3B+ZBTB25	32	29	compositional_ridge	roles	0	1	0	0.01648585190541401	0.0565300936364085	0.8037640796454001	1.0
54	UBASH3B+ZBTB25	32	29	compositional_ridge	roles	0	1	1	0.01648585190541401	0.0565300936364085	0.8037640796454001	1.0
54	UBASH3B+ZBTB25	32	29	compositional_ridge	roles	0	1	2	0.01648585190541401	0.0565300936364085	0.8037640796454001	1.0
54	UBASH3B+ZBTB25	32	29	compositional_ridge	roles	0	2	0	0.015403414986509463	0.054610074523458785	0.8148456886177377	1.0
54	UBASH3B+ZBTB25	32	29	compositional_ridge	roles	0	2	1	0.015403414986509463	0.054610074523458785	0.8148456886177377	1.0
54	UBASH3B+ZBTB25	32	29	compositional_ridge	roles	0	2	2	0.015403414986509463	0.054610074523458785	0.8148456886177377	1.0
54	UBASH3B+ZBTB25	32	29	compositional_ridge	roles	1	0	0	0.01649764265866161	0.056789377364134974	0.7958958863594953	1.0
54	UBASH3B+ZBTB25	32	29	compositional_ridge	roles	1	0	1	0.01649764265866161	0.056789377364134974	0.7958958863594953	1.0
54	UBASH3B+ZBTB25	32	29	compositional_ridge	roles	1	0	2	0.01649764265866161	0.056789377364134974	0.7958958863594953	1.0
54	UBASH3B+ZBTB25	32	29	compositional_ridge	roles	1	1	0	0.008663565517956334	0.0414932483491354	0.9066806197174665	1.0
54	UBASH3B+ZBTB25	32	29	compositional_ridge	roles	1	1	1	0.008663565517956334	0.0414932483491354	0.9066806197174665	1.0
54	UBASH3B+ZBTB25	32	29	compositional_ridge	roles	1	1	2	0.008663565517956334	0.0414932483491354	0.9066806197174665	1.0
54	UBASH3B+ZBTB25	32	29	compositional_ridge	roles	1	2	0	0.015745331240112598	0.05536560182993356	0.8064679074978405	1.0
54	UBASH3B+ZBTB25	32	29	compositional_ridge	roles	1	2	1	0.015745331240112598	0.05536560182993356	0.8064679074978405	1.0
54	UBASH3B+ZBTB25	32	29	compositional_ridge	roles	1	2	2	0.015745331240112598	0.05536560182993356	0.8064679074978405	1.0
54	UBASH3B+ZBTB25	32	29	compositional_ridge	roles	2	0	0	0.016490565383676624	0.056543133489712655	0.7998793912641802	1.0
54	UBASH3B+ZBTB25	32	29	compositional_ridge	roles	2	0	1	0.016490565383676624	0.056543133489712655	0.7998793912641802	1.0
54	UBASH3B+ZBTB25	32	29	compositional_ridge	roles	2	0	2	0.016490565383676624	0.056543133489712655	0.7998793912641802	1.0
54	UBASH3B+ZBTB25	32	29	compositional_ridge	roles	2	1	0	0.01682069088403216	0.05701608261274596	0.7997621547789348	1.0
54	UBASH3B+ZBTB25	32	29	compositional_ridge	roles	2	1	1	0.01682069088403216	0.05701608261274596	0.7997621547789348	1.0
54	UBASH3B+ZBTB25	32	29	compositional_ridge	roles	2	1	2	0.01682069088403216	0.05701608261274596	0.7997621547789348	1.0
54	UBASH3B+ZBTB25	32	29	compositional_ridge	roles	2	2	0	0.008663565517956334	0.0414932483491354	0.9066806197174665	1.0
54	UBASH3B+ZBTB25	32	29	compositional_ridge	roles	2	2	1	0.008663565517956334	0.0414932483491354	0.9066806197174665	1.0
54	UBASH3B+ZBTB25	32	29	compositional_ridge	roles	2	2	2	0.008663565517956334	0.0414932483491354	0.9066806197174665	1.0
54	UBASH3B+ZBTB25	32	29	compositional_ridge	direct_state	unused	unused	0	0.008663565517956334	0.0414932483491354	0.9066806197174665	1.0
54	UBASH3B+ZBTB25	32	29	compositional_ridge	direct_state	unused	unused	1	0.008663565517956334	0.0414932483491354	0.9066806197174665	1.0
54	UBASH3B+ZBTB25	32	29	compositional_ridge	direct_state	unused	unused	2	0.008663565517956334	0.0414932483491354	0.9066806197174665	1.0
54	UBASH3B+ZBTB25	32	29	NC_native_effect	roles	0	0	0	0.10344747731685655	0.1527483416215874	-0.3754348210153904	0.4444444444444444
54	UBASH3B+ZBTB25	32	29	NC_native_effect	roles	0	0	1	0.10344747731685655	0.1527483416215874	-0.3754348210153904	0.4444444444444444
54	UBASH3B+ZBTB25	32	29	NC_native_effect	roles	0	0	2	0.10344747731685655	0.1527483416215874	-0.3754348210153904	0.4444444444444444
54	UBASH3B+ZBTB25	32	29	NC_native_effect	roles	0	1	0	0.10344747731685655	0.1527483416215874	-0.3754348210153904	0.4444444444444444
54	UBASH3B+ZBTB25	32	29	NC_native_effect	roles	0	1	1	0.10344747731685655	0.1527483416215874	-0.3754348210153904	0.4444444444444444
54	UBASH3B+ZBTB25	32	29	NC_native_effect	roles	0	1	2	0.10344747731685655	0.1527483416215874	-0.3754348210153904	0.4444444444444444
54	UBASH3B+ZBTB25	32	29	NC_native_effect	roles	0	2	0	0.10344747731685655	0.1527483416215874	-0.3754348210153904	0.4444444444444444
54	UBASH3B+ZBTB25	32	29	NC_native_effect	roles	0	2	1	0.10344747731685655	0.1527483416215874	-0.3754348210153904	0.4444444444444444
54	UBASH3B+ZBTB25	32	29	NC_native_effect	roles	0	2	2	0.10344747731685655	0.1527483416215874	-0.3754348210153904	0.4444444444444444
54	UBASH3B+ZBTB25	32	29	NC_native_effect	roles	1	0	0	0.10177480650647794	0.1517586161723422	-0.39103463381939935	0.4444444444444444
54	UBASH3B+ZBTB25	32	29	NC_native_effect	roles	1	0	1	0.10177480650647794	0.1517586161723422	-0.39103463381939935	0.4444444444444444
54	UBASH3B+ZBTB25	32	29	NC_native_effect	roles	1	0	2	0.10177480650647794	0.1517586161723422	-0.39103463381939935	0.4444444444444444
54	UBASH3B+ZBTB25	32	29	NC_native_effect	roles	1	1	0	0.10177480650647794	0.1517586161723422	-0.39103463381939935	0.4444444444444444
54	UBASH3B+ZBTB25	32	29	NC_native_effect	roles	1	1	1	0.10177480650647794	0.1517586161723422	-0.39103463381939935	0.4444444444444444
54	UBASH3B+ZBTB25	32	29	NC_native_effect	roles	1	1	2	0.10177480650647794	0.1517586161723422	-0.39103463381939935	0.4444444444444444
54	UBASH3B+ZBTB25	32	29	NC_native_effect	roles	1	2	0	0.10177480650647794	0.1517586161723422	-0.39103463381939935	0.4444444444444444
54	UBASH3B+ZBTB25	32	29	NC_native_effect	roles	1	2	1	0.10177480650647794	0.1517586161723422	-0.39103463381939935	0.4444444444444444
54	UBASH3B+ZBTB25	32	29	NC_native_effect	roles	1	2	2	0.10177480650647794	0.1517586161723422	-0.39103463381939935	0.4444444444444444
54	UBASH3B+ZBTB25	32	29	NC_native_effect	roles	2	0	0	0.10233448357919298	0.15184116104337653	-0.3595584785867889	0.48148148148148145
54	UBASH3B+ZBTB25	32	29	NC_native_effect	roles	2	0	1	0.10233448357919298	0.15184116104337653	-0.3595584785867889	0.48148148148148145
54	UBASH3B+ZBTB25	32	29	NC_native_effect	roles	2	0	2	0.10233448357919298	0.15184116104337653	-0.3595584785867889	0.48148148148148145
54	UBASH3B+ZBTB25	32	29	NC_native_effect	roles	2	1	0	0.10233448357919298	0.15184116104337653	-0.3595584785867889	0.48148148148148145
54	UBASH3B+ZBTB25	32	29	NC_native_effect	roles	2	1	1	0.10233448357919298	0.15184116104337653	-0.3595584785867889	0.48148148148148145
54	UBASH3B+ZBTB25	32	29	NC_native_effect	roles	2	1	2	0.10233448357919298	0.15184116104337653	-0.3595584785867889	0.48148148148148145
54	UBASH3B+ZBTB25	32	29	NC_native_effect	roles	2	2	0	0.10233448357919298	0.15184116104337653	-0.3595584785867889	0.48148148148148145
54	UBASH3B+ZBTB25	32	29	NC_native_effect	roles	2	2	1	0.10233448357919298	0.15184116104337653	-0.3595584785867889	0.48148148148148145
54	UBASH3B+ZBTB25	32	29	NC_native_effect	roles	2	2	2	0.10233448357919298	0.15184116104337653	-0.3595584785867889	0.48148148148148145
54	UBASH3B+ZBTB25	32	29	NC_native_effect	direct_state	unused	unused	0	0.09782598585030752	0.14905308879895904	-0.40673314181520526	0.46296296296296297
54	UBASH3B+ZBTB25	32	29	NC_native_effect	direct_state	unused	unused	1	0.09782598585030752	0.14905308879895904	-0.40673314181520526	0.46296296296296297
54	UBASH3B+ZBTB25	32	29	NC_native_effect	direct_state	unused	unused	2	0.09782598585030752	0.14905308879895904	-0.40673314181520526	0.46296296296296297
54	UBASH3B+ZBTB25	32	29	native_effect_ridge	roles	0	0	0	0.011492278622709642	0.04643111104429744	0.8780124613706046	1.0
54	UBASH3B+ZBTB25	32	29	native_effect_ridge	roles	0	0	1	0.011492278622709642	0.04643111104429744	0.8780124613706046	1.0
54	UBASH3B+ZBTB25	32	29	native_effect_ridge	roles	0	0	2	0.011492278622709642	0.04643111104429744	0.8780124613706046	1.0
54	UBASH3B+ZBTB25	32	29	native_effect_ridge	roles	0	1	0	0.011492278622709642	0.04643111104429744	0.8780124613706046	1.0
54	UBASH3B+ZBTB25	32	29	native_effect_ridge	roles	0	1	1	0.011492278622709642	0.04643111104429744	0.8780124613706046	1.0
54	UBASH3B+ZBTB25	32	29	native_effect_ridge	roles	0	1	2	0.011492278622709642	0.04643111104429744	0.8780124613706046	1.0
54	UBASH3B+ZBTB25	32	29	native_effect_ridge	roles	0	2	0	0.011492278622709642	0.04643111104429744	0.8780124613706046	1.0
54	UBASH3B+ZBTB25	32	29	native_effect_ridge	roles	0	2	1	0.011492278622709642	0.04643111104429744	0.8780124613706046	1.0
54	UBASH3B+ZBTB25	32	29	native_effect_ridge	roles	0	2	2	0.011492278622709642	0.04643111104429744	0.8780124613706046	1.0
54	UBASH3B+ZBTB25	32	29	native_effect_ridge	roles	1	0	0	0.01206690920204003	0.047798700307326705	0.8707961543771205	1.0
54	UBASH3B+ZBTB25	32	29	native_effect_ridge	roles	1	0	1	0.01206690920204003	0.047798700307326705	0.8707961543771205	1.0
54	UBASH3B+ZBTB25	32	29	native_effect_ridge	roles	1	0	2	0.01206690920204003	0.047798700307326705	0.8707961543771205	1.0
54	UBASH3B+ZBTB25	32	29	native_effect_ridge	roles	1	1	0	0.01206690920204003	0.047798700307326705	0.8707961543771205	1.0
54	UBASH3B+ZBTB25	32	29	native_effect_ridge	roles	1	1	1	0.01206690920204003	0.047798700307326705	0.8707961543771205	1.0
54	UBASH3B+ZBTB25	32	29	native_effect_ridge	roles	1	1	2	0.01206690920204003	0.047798700307326705	0.8707961543771205	1.0
54	UBASH3B+ZBTB25	32	29	native_effect_ridge	roles	1	2	0	0.01206690920204003	0.047798700307326705	0.8707961543771205	1.0
54	UBASH3B+ZBTB25	32	29	native_effect_ridge	roles	1	2	1	0.01206690920204003	0.047798700307326705	0.8707961543771205	1.0
54	UBASH3B+ZBTB25	32	29	native_effect_ridge	roles	1	2	2	0.01206690920204003	0.047798700307326705	0.8707961543771205	1.0
54	UBASH3B+ZBTB25	32	29	native_effect_ridge	roles	2	0	0	0.01223971684622528	0.04814562162429466	0.8716263511534099	1.0
54	UBASH3B+ZBTB25	32	29	native_effect_ridge	roles	2	0	1	0.01223971684622528	0.04814562162429466	0.8716263511534099	1.0
54	UBASH3B+ZBTB25	32	29	native_effect_ridge	roles	2	0	2	0.01223971684622528	0.04814562162429466	0.8716263511534099	1.0
54	UBASH3B+ZBTB25	32	29	native_effect_ridge	roles	2	1	0	0.01223971684622528	0.04814562162429466	0.8716263511534099	1.0
54	UBASH3B+ZBTB25	32	29	native_effect_ridge	roles	2	1	1	0.01223971684622528	0.04814562162429466	0.8716263511534099	1.0
54	UBASH3B+ZBTB25	32	29	native_effect_ridge	roles	2	1	2	0.01223971684622528	0.04814562162429466	0.8716263511534099	1.0
54	UBASH3B+ZBTB25	32	29	native_effect_ridge	roles	2	2	0	0.01223971684622528	0.04814562162429466	0.8716263511534099	1.0
54	UBASH3B+ZBTB25	32	29	native_effect_ridge	roles	2	2	1	0.01223971684622528	0.04814562162429466	0.8716263511534099	1.0
54	UBASH3B+ZBTB25	32	29	native_effect_ridge	roles	2	2	2	0.01223971684622528	0.04814562162429466	0.8716263511534099	1.0
54	UBASH3B+ZBTB25	32	29	native_effect_ridge	direct_state	unused	unused	0	0.007978757855327395	0.038753344552333924	0.9116162442400673	1.0
54	UBASH3B+ZBTB25	32	29	native_effect_ridge	direct_state	unused	unused	1	0.007978757855327395	0.038753344552333924	0.9116162442400673	1.0
54	UBASH3B+ZBTB25	32	29	native_effect_ridge	direct_state	unused	unused	2	0.007978757855327395	0.038753344552333924	0.9116162442400673	1.0
54	UBASH3B+ZBTB25	64	0	selected_CPA	roles	0	0	0	0.06311618864519106	0.1160614115039082	0.21515237411272609	0.5555555555555556
54	UBASH3B+ZBTB25	64	0	selected_CPA	roles	0	0	1	0.06383602600520191	0.11647381729278751	0.2033263765955849	0.5555555555555556
54	UBASH3B+ZBTB25	64	0	selected_CPA	roles	0	0	2	0.06645602017261032	0.11917070931014849	0.17732616779375165	0.5555555555555556
54	UBASH3B+ZBTB25	64	0	selected_CPA	roles	0	1	0	0.06719844308075769	0.11965740191395878	0.175117747582069	0.5555555555555556
54	UBASH3B+ZBTB25	64	0	selected_CPA	roles	0	1	1	0.06735721194512229	0.11959595091027214	0.16738502071212813	0.5555555555555556
54	UBASH3B+ZBTB25	64	0	selected_CPA	roles	0	1	2	0.07032557575754637	0.12251619282953875	0.14465969271639342	0.5555555555555556
54	UBASH3B+ZBTB25	64	0	selected_CPA	roles	0	2	0	0.06422260325963026	0.11646865253727522	0.21920975598218098	0.5555555555555556
54	UBASH3B+ZBTB25	64	0	selected_CPA	roles	0	2	1	0.06472803536538396	0.11671515625809802	0.21006802161868615	0.5555555555555556
54	UBASH3B+ZBTB25	64	0	selected_CPA	roles	0	2	2	0.06709838118697051	0.11917256407399612	0.18960599597964214	0.5555555555555556
54	UBASH3B+ZBTB25	64	0	selected_CPA	roles	1	0	0	0.06613759990686796	0.1180894652469171	0.20004235170720272	0.5555555555555556
54	UBASH3B+ZBTB25	64	0	selected_CPA	roles	1	0	1	0.06741850576252509	0.11896058973423743	0.1849787491061497	0.5555555555555556
54	UBASH3B+ZBTB25	64	0	selected_CPA	roles	1	0	2	0.06969013028491779	0.12130792045066795	0.16576740995948364	0.5555555555555556
54	UBASH3B+ZBTB25	64	0	selected_CPA	roles	1	1	0	0.06311618864519106	0.1160614115039082	0.21515237411272609	0.5555555555555556
54	UBASH3B+ZBTB25	64	0	selected_CPA	roles	1	1	1	0.06383602600520191	0.11647381729278751	0.2033263765955849	0.5555555555555556
54	UBASH3B+ZBTB25	64	0	selected_CPA	roles	1	1	2	0.06645602017261032	0.11917070931014849	0.17732616779375165	0.5555555555555556
54	UBASH3B+ZBTB25	64	0	selected_CPA	roles	1	2	0	0.06360950193069004	0.11561662771561655	0.23290322402111668	0.5555555555555556
54	UBASH3B+ZBTB25	64	0	selected_CPA	roles	1	2	1	0.06467600253209002	0.11634125026823351	0.21925962246359448	0.5555555555555556
54	UBASH3B+ZBTB25	64	0	selected_CPA	roles	1	2	2	0.06669797870866087	0.11850502374588169	0.20120537135530944	0.5555555555555556
54	UBASH3B+ZBTB25	64	0	selected_CPA	roles	2	0	0	0.06948158019519685	0.1215329115698027	0.1530623817844601	0.5555555555555556
54	UBASH3B+ZBTB25	64	0	selected_CPA	roles	2	0	1	0.07041582280946486	0.12208425642595389	0.14050728012558536	0.5555555555555556
54	UBASH3B+ZBTB25	64	0	selected_CPA	roles	2	0	2	0.07328546532269511	0.12488358188697231	0.1196679968523399	0.5555555555555556
54	UBASH3B+ZBTB25	64	0	selected_CPA	roles	2	1	0	0.06992932204014637	0.12225088222835956	0.1418262546589778	0.5555555555555556
54	UBASH3B+ZBTB25	64	0	selected_CPA	roles	2	1	1	0.07030249615876809	0.12234784037700151	0.13201765617831565	0.5555555555555556
54	UBASH3B+ZBTB25	64	0	selected_CPA	roles	2	1	2	0.07352050831701405	0.12542669409396281	0.11004943068747589	0.5555555555555556
54	UBASH3B+ZBTB25	64	0	selected_CPA	roles	2	2	0	0.06311618864519106	0.1160614115039082	0.21515237411272609	0.5555555555555556
54	UBASH3B+ZBTB25	64	0	selected_CPA	roles	2	2	1	0.06383602600520191	0.11647381729278751	0.2033263765955849	0.5555555555555556
54	UBASH3B+ZBTB25	64	0	selected_CPA	roles	2	2	2	0.06645602017261032	0.11917070931014849	0.17732616779375165	0.5555555555555556
54	UBASH3B+ZBTB25	64	0	selected_CPA	direct_state	unused	unused	0	0.06311618864519106	0.1160614115039082	0.21515237411272609	0.5555555555555556
54	UBASH3B+ZBTB25	64	0	selected_CPA	direct_state	unused	unused	1	0.06383602600520191	0.11647381729278751	0.2033263765955849	0.5555555555555556
54	UBASH3B+ZBTB25	64	0	selected_CPA	direct_state	unused	unused	2	0.06645602017261032	0.11917070931014849	0.17732616779375165	0.5555555555555556
54	UBASH3B+ZBTB25	64	0	original_CPA_fixed	roles	0	0	0	0.08647878606126087	0.1388527686856167	-0.2121820271873468	0.5185185185185185
54	UBASH3B+ZBTB25	64	0	original_CPA_fixed	roles	0	0	1	0.08647878606126087	0.1388527686856167	-0.2121820271873468	0.5185185185185185
54	UBASH3B+ZBTB25	64	0	original_CPA_fixed	roles	0	0	2	0.08647878606126087	0.1388527686856167	-0.2121820271873468	0.5185185185185185
54	UBASH3B+ZBTB25	64	0	original_CPA_fixed	roles	0	1	0	0.0908033473006262	0.14213080920790971	-0.19338429932655538	0.5185185185185185
54	UBASH3B+ZBTB25	64	0	original_CPA_fixed	roles	0	1	1	0.0908033473006262	0.14213080920790971	-0.19338429932655538	0.5185185185185185
54	UBASH3B+ZBTB25	64	0	original_CPA_fixed	roles	0	1	2	0.0908033473006262	0.14213080920790971	-0.19338429932655538	0.5185185185185185
54	UBASH3B+ZBTB25	64	0	original_CPA_fixed	roles	0	2	0	0.08736670275731927	0.1388459206832598	-0.16035108478072663	0.5370370370370371
54	UBASH3B+ZBTB25	64	0	original_CPA_fixed	roles	0	2	1	0.08736670275731927	0.1388459206832598	-0.16035108478072663	0.5370370370370371
54	UBASH3B+ZBTB25	64	0	original_CPA_fixed	roles	0	2	2	0.08736670275731927	0.1388459206832598	-0.16035108478072663	0.5370370370370371
54	UBASH3B+ZBTB25	64	0	original_CPA_fixed	roles	1	0	0	0.08925789051913904	0.1402908727315145	-0.18745589645236937	0.5370370370370371
54	UBASH3B+ZBTB25	64	0	original_CPA_fixed	roles	1	0	1	0.08925789051913904	0.1402908727315145	-0.18745589645236937	0.5370370370370371
54	UBASH3B+ZBTB25	64	0	original_CPA_fixed	roles	1	0	2	0.08925789051913904	0.1402908727315145	-0.18745589645236937	0.5370370370370371
54	UBASH3B+ZBTB25	64	0	original_CPA_fixed	roles	1	1	0	0.08647878606126087	0.1388527686856167	-0.2121820271873468	0.5185185185185185
54	UBASH3B+ZBTB25	64	0	original_CPA_fixed	roles	1	1	1	0.08647878606126087	0.1388527686856167	-0.2121820271873468	0.5185185185185185
54	UBASH3B+ZBTB25	64	0	original_CPA_fixed	roles	1	1	2	0.08647878606126087	0.1388527686856167	-0.2121820271873468	0.5185185185185185
54	UBASH3B+ZBTB25	64	0	original_CPA_fixed	roles	1	2	0	0.08651129462458036	0.13786592874583006	-0.15682971405816895	0.5370370370370371
54	UBASH3B+ZBTB25	64	0	original_CPA_fixed	roles	1	2	1	0.08651129462458036	0.13786592874583006	-0.15682971405816895	0.5370370370370371
54	UBASH3B+ZBTB25	64	0	original_CPA_fixed	roles	1	2	2	0.08651129462458036	0.13786592874583006	-0.15682971405816895	0.5370370370370371
54	UBASH3B+ZBTB25	64	0	original_CPA_fixed	roles	2	0	0	0.09306267552964743	0.14379390178607598	-0.21841200005064265	0.5185185185185185
54	UBASH3B+ZBTB25	64	0	original_CPA_fixed	roles	2	0	1	0.09306267552964743	0.14379390178607598	-0.21841200005064265	0.5185185185185185
54	UBASH3B+ZBTB25	64	0	original_CPA_fixed	roles	2	0	2	0.09306267552964743	0.14379390178607598	-0.21841200005064265	0.5185185185185185
54	UBASH3B+ZBTB25	64	0	original_CPA_fixed	roles	2	1	0	0.09375272417839565	0.14465527561674732	-0.221033071836898	0.5185185185185185
54	UBASH3B+ZBTB25	64	0	original_CPA_fixed	roles	2	1	1	0.09375272417839565	0.14465527561674732	-0.221033071836898	0.5185185185185185
54	UBASH3B+ZBTB25	64	0	original_CPA_fixed	roles	2	1	2	0.09375272417839565	0.14465527561674732	-0.221033071836898	0.5185185185185185
54	UBASH3B+ZBTB25	64	0	original_CPA_fixed	roles	2	2	0	0.08647878606126087	0.1388527686856167	-0.2121820271873468	0.5185185185185185
54	UBASH3B+ZBTB25	64	0	original_CPA_fixed	roles	2	2	1	0.08647878606126087	0.1388527686856167	-0.2121820271873468	0.5185185185185185
54	UBASH3B+ZBTB25	64	0	original_CPA_fixed	roles	2	2	2	0.08647878606126087	0.1388527686856167	-0.2121820271873468	0.5185185185185185
54	UBASH3B+ZBTB25	64	0	original_CPA_fixed	direct_state	unused	unused	0	0.08647878606126087	0.1388527686856167	-0.2121820271873468	0.5185185185185185
54	UBASH3B+ZBTB25	64	0	original_CPA_fixed	direct_state	unused	unused	1	0.08647878606126087	0.1388527686856167	-0.2121820271873468	0.5185185185185185
54	UBASH3B+ZBTB25	64	0	original_CPA_fixed	direct_state	unused	unused	2	0.08647878606126087	0.1388527686856167	-0.2121820271873468	0.5185185185185185
54	UBASH3B+ZBTB25	64	0	additive	roles	0	0	0	0.014088035205242906	0.05267041294707168	0.8393214761376251	1.0
54	UBASH3B+ZBTB25	64	0	additive	roles	0	0	1	0.014088035205242906	0.05267041294707168	0.8393214761376251	1.0
54	UBASH3B+ZBTB25	64	0	additive	roles	0	0	2	0.014088035205242906	0.05267041294707168	0.8393214761376251	1.0
54	UBASH3B+ZBTB25	64	0	additive	roles	0	1	0	0.018275125950404113	0.05976740888714951	0.799503091788183	1.0
54	UBASH3B+ZBTB25	64	0	additive	roles	0	1	1	0.018275125950404113	0.05976740888714951	0.799503091788183	1.0
54	UBASH3B+ZBTB25	64	0	additive	roles	0	1	2	0.018275125950404113	0.05976740888714951	0.799503091788183	1.0
54	UBASH3B+ZBTB25	64	0	additive	roles	0	2	0	0.017579258729605057	0.05832672229185294	0.810422315733735	1.0
54	UBASH3B+ZBTB25	64	0	additive	roles	0	2	1	0.017579258729605057	0.05832672229185294	0.810422315733735	1.0
54	UBASH3B+ZBTB25	64	0	additive	roles	0	2	2	0.017579258729605057	0.05832672229185294	0.810422315733735	1.0
54	UBASH3B+ZBTB25	64	0	additive	roles	1	0	0	0.01700461015732522	0.05743443905435898	0.8142560808377316	1.0
54	UBASH3B+ZBTB25	64	0	additive	roles	1	0	1	0.01700461015732522	0.05743443905435898	0.8142560808377316	1.0
54	UBASH3B+ZBTB25	64	0	additive	roles	1	0	2	0.01700461015732522	0.05743443905435898	0.8142560808377316	1.0
54	UBASH3B+ZBTB25	64	0	additive	roles	1	1	0	0.014088035205242906	0.05267041294707168	0.8393214761376251	1.0
54	UBASH3B+ZBTB25	64	0	additive	roles	1	1	1	0.014088035205242906	0.05267041294707168	0.8393214761376251	1.0
54	UBASH3B+ZBTB25	64	0	additive	roles	1	1	2	0.014088035205242906	0.05267041294707168	0.8393214761376251	1.0
54	UBASH3B+ZBTB25	64	0	additive	roles	1	2	0	0.016861321091070258	0.057043281298014045	0.8181638486361206	1.0
54	UBASH3B+ZBTB25	64	0	additive	roles	1	2	1	0.016861321091070258	0.057043281298014045	0.8181638486361206	1.0
54	UBASH3B+ZBTB25	64	0	additive	roles	1	2	2	0.016861321091070258	0.057043281298014045	0.8181638486361206	1.0
54	UBASH3B+ZBTB25	64	0	additive	roles	2	0	0	0.01806861784532574	0.05950656606326881	0.8004423747481815	1.0
54	UBASH3B+ZBTB25	64	0	additive	roles	2	0	1	0.01806861784532574	0.05950656606326881	0.8004423747481815	1.0
54	UBASH3B+ZBTB25	64	0	additive	roles	2	0	2	0.01806861784532574	0.05950656606326881	0.8004423747481815	1.0
54	UBASH3B+ZBTB25	64	0	additive	roles	2	1	0	0.018621195999869836	0.06055071583532635	0.793482206099984	1.0
54	UBASH3B+ZBTB25	64	0	additive	roles	2	1	1	0.018621195999869836	0.06055071583532635	0.793482206099984	1.0
54	UBASH3B+ZBTB25	64	0	additive	roles	2	1	2	0.018621195999869836	0.06055071583532635	0.793482206099984	1.0
54	UBASH3B+ZBTB25	64	0	additive	roles	2	2	0	0.014088035205242906	0.05267041294707168	0.8393214761376251	1.0
54	UBASH3B+ZBTB25	64	0	additive	roles	2	2	1	0.014088035205242906	0.05267041294707168	0.8393214761376251	1.0
54	UBASH3B+ZBTB25	64	0	additive	roles	2	2	2	0.014088035205242906	0.05267041294707168	0.8393214761376251	1.0
54	UBASH3B+ZBTB25	64	0	additive	direct_state	unused	unused	0	0.014088035205242906	0.05267041294707168	0.8393214761376251	1.0
54	UBASH3B+ZBTB25	64	0	additive	direct_state	unused	unused	1	0.014088035205242906	0.05267041294707168	0.8393214761376251	1.0
54	UBASH3B+ZBTB25	64	0	additive	direct_state	unused	unused	2	0.014088035205242906	0.05267041294707168	0.8393214761376251	1.0
54	UBASH3B+ZBTB25	64	0	compositional_ridge	roles	0	0	0	0.008663565517956334	0.0414932483491354	0.9066806197174665	1.0
54	UBASH3B+ZBTB25	64	0	compositional_ridge	roles	0	0	1	0.008663565517956334	0.0414932483491354	0.9066806197174665	1.0
54	UBASH3B+ZBTB25	64	0	compositional_ridge	roles	0	0	2	0.008663565517956334	0.0414932483491354	0.9066806197174665	1.0
54	UBASH3B+ZBTB25	64	0	compositional_ridge	roles	0	1	0	0.012714139628232054	0.05001258855925815	0.8456352544625626	1.0
54	UBASH3B+ZBTB25	64	0	compositional_ridge	roles	0	1	1	0.012714139628232054	0.05001258855925815	0.8456352544625626	1.0
54	UBASH3B+ZBTB25	64	0	compositional_ridge	roles	0	1	2	0.012714139628232054	0.05001258855925815	0.8456352544625626	1.0
54	UBASH3B+ZBTB25	64	0	compositional_ridge	roles	0	2	0	0.01216106248948499	0.0484590798271531	0.8536724378216554	1.0
54	UBASH3B+ZBTB25	64	0	compositional_ridge	roles	0	2	1	0.01216106248948499	0.0484590798271531	0.8536724378216554	1.0
54	UBASH3B+ZBTB25	64	0	compositional_ridge	roles	0	2	2	0.01216106248948499	0.0484590798271531	0.8536724378216554	1.0
54	UBASH3B+ZBTB25	64	0	compositional_ridge	roles	1	0	0	0.011716657104924139	0.047588165096701274	0.8626246579293902	1.0
54	UBASH3B+ZBTB25	64	0	compositional_ridge	roles	1	0	1	0.011716657104924139	0.047588165096701274	0.8626246579293902	1.0
54	UBASH3B+ZBTB25	64	0	compositional_ridge	roles	1	0	2	0.011716657104924139	0.047588165096701274	0.8626246579293902	1.0
54	UBASH3B+ZBTB25	64	0	compositional_ridge	roles	1	1	0	0.008663565517956334	0.0414932483491354	0.9066806197174665	1.0
54	UBASH3B+ZBTB25	64	0	compositional_ridge	roles	1	1	1	0.008663565517956334	0.0414932483491354	0.9066806197174665	1.0
54	UBASH3B+ZBTB25	64	0	compositional_ridge	roles	1	1	2	0.008663565517956334	0.0414932483491354	0.9066806197174665	1.0
54	UBASH3B+ZBTB25	64	0	compositional_ridge	roles	1	2	0	0.011579641485835677	0.04710215743319907	0.8626879444759478	1.0
54	UBASH3B+ZBTB25	64	0	compositional_ridge	roles	1	2	1	0.011579641485835677	0.04710215743319907	0.8626879444759478	1.0
54	UBASH3B+ZBTB25	64	0	compositional_ridge	roles	1	2	2	0.011579641485835677	0.04710215743319907	0.8626879444759478	1.0
54	UBASH3B+ZBTB25	64	0	compositional_ridge	roles	2	0	0	0.012637874710872667	0.049897795916800325	0.8504187285022221	1.0
54	UBASH3B+ZBTB25	64	0	compositional_ridge	roles	2	0	1	0.012637874710872667	0.049897795916800325	0.8504187285022221	1.0
54	UBASH3B+ZBTB25	64	0	compositional_ridge	roles	2	0	2	0.012637874710872667	0.049897795916800325	0.8504187285022221	1.0
54	UBASH3B+ZBTB25	64	0	compositional_ridge	roles	2	1	0	0.013053936230531278	0.05095828109001393	0.8425497527178523	1.0
54	UBASH3B+ZBTB25	64	0	compositional_ridge	roles	2	1	1	0.013053936230531278	0.05095828109001393	0.8425497527178523	1.0
54	UBASH3B+ZBTB25	64	0	compositional_ridge	roles	2	1	2	0.013053936230531278	0.05095828109001393	0.8425497527178523	1.0
54	UBASH3B+ZBTB25	64	0	compositional_ridge	roles	2	2	0	0.008663565517956334	0.0414932483491354	0.9066806197174665	1.0
54	UBASH3B+ZBTB25	64	0	compositional_ridge	roles	2	2	1	0.008663565517956334	0.0414932483491354	0.9066806197174665	1.0
54	UBASH3B+ZBTB25	64	0	compositional_ridge	roles	2	2	2	0.008663565517956334	0.0414932483491354	0.9066806197174665	1.0
54	UBASH3B+ZBTB25	64	0	compositional_ridge	direct_state	unused	unused	0	0.008663565517956334	0.0414932483491354	0.9066806197174665	1.0
54	UBASH3B+ZBTB25	64	0	compositional_ridge	direct_state	unused	unused	1	0.008663565517956334	0.0414932483491354	0.9066806197174665	1.0
54	UBASH3B+ZBTB25	64	0	compositional_ridge	direct_state	unused	unused	2	0.008663565517956334	0.0414932483491354	0.9066806197174665	1.0
54	UBASH3B+ZBTB25	64	0	NC_native_effect	roles	0	0	0	0.09804146135425952	0.14873762147997033	-0.3676125444249246	0.48148148148148145
54	UBASH3B+ZBTB25	64	0	NC_native_effect	roles	0	0	1	0.09804146135425952	0.14873762147997033	-0.3676125444249246	0.48148148148148145
54	UBASH3B+ZBTB25	64	0	NC_native_effect	roles	0	0	2	0.09804146135425952	0.14873762147997033	-0.3676125444249246	0.48148148148148145
54	UBASH3B+ZBTB25	64	0	NC_native_effect	roles	0	1	0	0.09804146135425952	0.14873762147997033	-0.3676125444249246	0.48148148148148145
54	UBASH3B+ZBTB25	64	0	NC_native_effect	roles	0	1	1	0.09804146135425952	0.14873762147997033	-0.3676125444249246	0.48148148148148145
54	UBASH3B+ZBTB25	64	0	NC_native_effect	roles	0	1	2	0.09804146135425952	0.14873762147997033	-0.3676125444249246	0.48148148148148145
54	UBASH3B+ZBTB25	64	0	NC_native_effect	roles	0	2	0	0.09804146135425952	0.14873762147997033	-0.3676125444249246	0.48148148148148145
54	UBASH3B+ZBTB25	64	0	NC_native_effect	roles	0	2	1	0.09804146135425952	0.14873762147997033	-0.3676125444249246	0.48148148148148145
54	UBASH3B+ZBTB25	64	0	NC_native_effect	roles	0	2	2	0.09804146135425952	0.14873762147997033	-0.3676125444249246	0.48148148148148145
54	UBASH3B+ZBTB25	64	0	NC_native_effect	roles	1	0	0	0.0975676008779223	0.14802326443180872	-0.366677377550525	0.48148148148148145
54	UBASH3B+ZBTB25	64	0	NC_native_effect	roles	1	0	1	0.0975676008779223	0.14802326443180872	-0.366677377550525	0.48148148148148145
54	UBASH3B+ZBTB25	64	0	NC_native_effect	roles	1	0	2	0.0975676008779223	0.14802326443180872	-0.366677377550525	0.48148148148148145
54	UBASH3B+ZBTB25	64	0	NC_native_effect	roles	1	1	0	0.0975676008779223	0.14802326443180872	-0.366677377550525	0.48148148148148145
54	UBASH3B+ZBTB25	64	0	NC_native_effect	roles	1	1	1	0.0975676008779223	0.14802326443180872	-0.366677377550525	0.48148148148148145
54	UBASH3B+ZBTB25	64	0	NC_native_effect	roles	1	1	2	0.0975676008779223	0.14802326443180872	-0.366677377550525	0.48148148148148145
54	UBASH3B+ZBTB25	64	0	NC_native_effect	roles	1	2	0	0.0975676008779223	0.14802326443180872	-0.366677377550525	0.48148148148148145
54	UBASH3B+ZBTB25	64	0	NC_native_effect	roles	1	2	1	0.0975676008779223	0.14802326443180872	-0.366677377550525	0.48148148148148145
54	UBASH3B+ZBTB25	64	0	NC_native_effect	roles	1	2	2	0.0975676008779223	0.14802326443180872	-0.366677377550525	0.48148148148148145
54	UBASH3B+ZBTB25	64	0	NC_native_effect	roles	2	0	0	0.1015106654311417	0.15151446795511786	-0.38830817587138	0.46296296296296297
54	UBASH3B+ZBTB25	64	0	NC_native_effect	roles	2	0	1	0.1015106654311417	0.15151446795511786	-0.38830817587138	0.46296296296296297
54	UBASH3B+ZBTB25	64	0	NC_native_effect	roles	2	0	2	0.1015106654311417	0.15151446795511786	-0.38830817587138	0.46296296296296297
54	UBASH3B+ZBTB25	64	0	NC_native_effect	roles	2	1	0	0.1015106654311417	0.15151446795511786	-0.38830817587138	0.46296296296296297
54	UBASH3B+ZBTB25	64	0	NC_native_effect	roles	2	1	1	0.1015106654311417	0.15151446795511786	-0.38830817587138	0.46296296296296297
54	UBASH3B+ZBTB25	64	0	NC_native_effect	roles	2	1	2	0.1015106654311417	0.15151446795511786	-0.38830817587138	0.46296296296296297
54	UBASH3B+ZBTB25	64	0	NC_native_effect	roles	2	2	0	0.1015106654311417	0.15151446795511786	-0.38830817587138	0.46296296296296297
54	UBASH3B+ZBTB25	64	0	NC_native_effect	roles	2	2	1	0.1015106654311417	0.15151446795511786	-0.38830817587138	0.46296296296296297
54	UBASH3B+ZBTB25	64	0	NC_native_effect	roles	2	2	2	0.1015106654311417	0.15151446795511786	-0.38830817587138	0.46296296296296297
54	UBASH3B+ZBTB25	64	0	NC_native_effect	direct_state	unused	unused	0	0.09782598585030752	0.14905308879895904	-0.40673314181520526	0.46296296296296297
54	UBASH3B+ZBTB25	64	0	NC_native_effect	direct_state	unused	unused	1	0.09782598585030752	0.14905308879895904	-0.40673314181520526	0.46296296296296297
54	UBASH3B+ZBTB25	64	0	NC_native_effect	direct_state	unused	unused	2	0.09782598585030752	0.14905308879895904	-0.40673314181520526	0.46296296296296297
54	UBASH3B+ZBTB25	64	0	native_effect_ridge	roles	0	0	0	0.010329170348805025	0.04412248399653582	0.8909423792261936	1.0
54	UBASH3B+ZBTB25	64	0	native_effect_ridge	roles	0	0	1	0.010329170348805025	0.04412248399653582	0.8909423792261936	1.0
54	UBASH3B+ZBTB25	64	0	native_effect_ridge	roles	0	0	2	0.010329170348805025	0.04412248399653582	0.8909423792261936	1.0
54	UBASH3B+ZBTB25	64	0	native_effect_ridge	roles	0	1	0	0.010329170348805025	0.04412248399653582	0.8909423792261936	1.0
54	UBASH3B+ZBTB25	64	0	native_effect_ridge	roles	0	1	1	0.010329170348805025	0.04412248399653582	0.8909423792261936	1.0
54	UBASH3B+ZBTB25	64	0	native_effect_ridge	roles	0	1	2	0.010329170348805025	0.04412248399653582	0.8909423792261936	1.0
54	UBASH3B+ZBTB25	64	0	native_effect_ridge	roles	0	2	0	0.010329170348805025	0.04412248399653582	0.8909423792261936	1.0
54	UBASH3B+ZBTB25	64	0	native_effect_ridge	roles	0	2	1	0.010329170348805025	0.04412248399653582	0.8909423792261936	1.0
54	UBASH3B+ZBTB25	64	0	native_effect_ridge	roles	0	2	2	0.010329170348805025	0.04412248399653582	0.8909423792261936	1.0
54	UBASH3B+ZBTB25	64	0	native_effect_ridge	roles	1	0	0	0.010022115157269102	0.043474266609036714	0.89439011374208	1.0
54	UBASH3B+ZBTB25	64	0	native_effect_ridge	roles	1	0	1	0.010022115157269102	0.043474266609036714	0.89439011374208	1.0
54	UBASH3B+ZBTB25	64	0	native_effect_ridge	roles	1	0	2	0.010022115157269102	0.043474266609036714	0.89439011374208	1.0
54	UBASH3B+ZBTB25	64	0	native_effect_ridge	roles	1	1	0	0.010022115157269102	0.043474266609036714	0.89439011374208	1.0
54	UBASH3B+ZBTB25	64	0	native_effect_ridge	roles	1	1	1	0.010022115157269102	0.043474266609036714	0.89439011374208	1.0
54	UBASH3B+ZBTB25	64	0	native_effect_ridge	roles	1	1	2	0.010022115157269102	0.043474266609036714	0.89439011374208	1.0
54	UBASH3B+ZBTB25	64	0	native_effect_ridge	roles	1	2	0	0.010022115157269102	0.043474266609036714	0.89439011374208	1.0
54	UBASH3B+ZBTB25	64	0	native_effect_ridge	roles	1	2	1	0.010022115157269102	0.043474266609036714	0.89439011374208	1.0
54	UBASH3B+ZBTB25	64	0	native_effect_ridge	roles	1	2	2	0.010022115157269102	0.043474266609036714	0.89439011374208	1.0
54	UBASH3B+ZBTB25	64	0	native_effect_ridge	roles	2	0	0	0.01018187553928039	0.04370736323525493	0.889875601442266	1.0
54	UBASH3B+ZBTB25	64	0	native_effect_ridge	roles	2	0	1	0.01018187553928039	0.04370736323525493	0.889875601442266	1.0
54	UBASH3B+ZBTB25	64	0	native_effect_ridge	roles	2	0	2	0.01018187553928039	0.04370736323525493	0.889875601442266	1.0
54	UBASH3B+ZBTB25	64	0	native_effect_ridge	roles	2	1	0	0.01018187553928039	0.04370736323525493	0.889875601442266	1.0
54	UBASH3B+ZBTB25	64	0	native_effect_ridge	roles	2	1	1	0.01018187553928039	0.04370736323525493	0.889875601442266	1.0
54	UBASH3B+ZBTB25	64	0	native_effect_ridge	roles	2	1	2	0.01018187553928039	0.04370736323525493	0.889875601442266	1.0
54	UBASH3B+ZBTB25	64	0	native_effect_ridge	roles	2	2	0	0.01018187553928039	0.04370736323525493	0.889875601442266	1.0
54	UBASH3B+ZBTB25	64	0	native_effect_ridge	roles	2	2	1	0.01018187553928039	0.04370736323525493	0.889875601442266	1.0
54	UBASH3B+ZBTB25	64	0	native_effect_ridge	roles	2	2	2	0.01018187553928039	0.04370736323525493	0.889875601442266	1.0
54	UBASH3B+ZBTB25	64	0	native_effect_ridge	direct_state	unused	unused	0	0.007978757855327395	0.038753344552333924	0.9116162442400673	1.0
54	UBASH3B+ZBTB25	64	0	native_effect_ridge	direct_state	unused	unused	1	0.007978757855327395	0.038753344552333924	0.9116162442400673	1.0
54	UBASH3B+ZBTB25	64	0	native_effect_ridge	direct_state	unused	unused	2	0.007978757855327395	0.038753344552333924	0.9116162442400673	1.0
54	UBASH3B+ZBTB25	64	29	selected_CPA	roles	0	0	0	0.06626687103937211	0.11903119065904183	0.16907006283635326	0.5555555555555556
54	UBASH3B+ZBTB25	64	29	selected_CPA	roles	0	0	1	0.0614654711671333	0.11492282343716576	0.19532833514634565	0.5555555555555556
54	UBASH3B+ZBTB25	64	29	selected_CPA	roles	0	0	2	0.06271954855612089	0.1160002566358857	0.20141010776747698	0.5555555555555556
54	UBASH3B+ZBTB25	64	29	selected_CPA	roles	0	1	0	0.07518557541995384	0.12629705129477709	0.12241458473279408	0.5555555555555556
54	UBASH3B+ZBTB25	64	29	selected_CPA	roles	0	1	1	0.06927701287454549	0.12147130423858063	0.1434327409276382	0.5555555555555556
54	UBASH3B+ZBTB25	64	29	selected_CPA	roles	0	1	2	0.07118614043035588	0.12302699861797599	0.15046099875169913	0.5555555555555556
54	UBASH3B+ZBTB25	64	29	selected_CPA	roles	0	2	0	0.07298689411729802	0.12433081623699531	0.12929694118045007	0.5555555555555556
54	UBASH3B+ZBTB25	64	29	selected_CPA	roles	0	2	1	0.06774096578496151	0.12000978326306103	0.1489721090079449	0.5555555555555556
54	UBASH3B+ZBTB25	64	29	selected_CPA	roles	0	2	2	0.06894599164743573	0.12099310900320577	0.15941964925007704	0.5555555555555556
54	UBASH3B+ZBTB25	64	29	selected_CPA	roles	1	0	0	0.065147655679783	0.11772414243247974	0.17138542678454213	0.5555555555555556
54	UBASH3B+ZBTB25	64	29	selected_CPA	roles	1	0	1	0.061453418480713735	0.11459626136099782	0.18535655660477882	0.5555555555555556
54	UBASH3B+ZBTB25	64	29	selected_CPA	roles	1	0	2	0.06205244570287849	0.11510667603590688	0.19797336445562067	0.5555555555555556
54	UBASH3B+ZBTB25	64	29	selected_CPA	roles	1	1	0	0.06626687103937211	0.11903119065904183	0.16907006283635326	0.5555555555555556
54	UBASH3B+ZBTB25	64	29	selected_CPA	roles	1	1	1	0.0614654711671333	0.11492282343716576	0.19532833514634565	0.5555555555555556
54	UBASH3B+ZBTB25	64	29	selected_CPA	roles	1	1	2	0.06271954855612089	0.1160002566358857	0.20141010776747698	0.5555555555555556
54	UBASH3B+ZBTB25	64	29	selected_CPA	roles	1	2	0	0.06798885010011704	0.1200608075001016	0.15394085908724442	0.5555555555555556
54	UBASH3B+ZBTB25	64	29	selected_CPA	roles	1	2	1	0.06385008444095011	0.11659027455006864	0.1700198036235241	0.5555555555555556
54	UBASH3B+ZBTB25	64	29	selected_CPA	roles	1	2	2	0.06440006013660148	0.11704151410662311	0.18385065718673813	0.5555555555555556
54	UBASH3B+ZBTB25	64	29	selected_CPA	roles	2	0	0	0.06681820954604091	0.11935924989705327	0.16358931611273295	0.5555555555555556
54	UBASH3B+ZBTB25	64	29	selected_CPA	roles	2	0	1	0.062461338133899785	0.11567236626532476	0.18145438750576112	0.5555555555555556
54	UBASH3B+ZBTB25	64	29	selected_CPA	roles	2	0	2	0.06376446704940075	0.11679349449197689	0.18889798029722735	0.5555555555555556
54	UBASH3B+ZBTB25	64	29	selected_CPA	roles	2	1	0	0.07185808526903079	0.12367314834554408	0.1389086693474732	0.5555555555555556
54	UBASH3B+ZBTB25	64	29	selected_CPA	roles	2	1	1	0.0663940511837201	0.11913863770304173	0.16007615040205198	0.5555555555555556
54	UBASH3B+ZBTB25	64	29	selected_CPA	roles	2	1	2	0.06835223026604394	0.12077333925444352	0.16532124519469	0.5555555555555556
54	UBASH3B+ZBTB25	64	29	selected_CPA	roles	2	2	0	0.06626687103937211	0.11903119065904183	0.16907006283635326	0.5555555555555556
54	UBASH3B+ZBTB25	64	29	selected_CPA	roles	2	2	1	0.0614654711671333	0.11492282343716576	0.19532833514634565	0.5555555555555556
54	UBASH3B+ZBTB25	64	29	selected_CPA	roles	2	2	2	0.06271954855612089	0.1160002566358857	0.20141010776747698	0.5555555555555556
54	UBASH3B+ZBTB25	64	29	selected_CPA	direct_state	unused	unused	0	0.06626687103937211	0.11903119065904183	0.16907006283635326	0.5555555555555556
54	UBASH3B+ZBTB25	64	29	selected_CPA	direct_state	unused	unused	1	0.0614654711671333	0.11492282343716576	0.19532833514634565	0.5555555555555556
54	UBASH3B+ZBTB25	64	29	selected_CPA	direct_state	unused	unused	2	0.06271954855612089	0.1160002566358857	0.20141010776747698	0.5555555555555556
54	UBASH3B+ZBTB25	64	29	original_CPA_fixed	roles	0	0	0	0.08647878606126087	0.1388527686856167	-0.2121820271873468	0.5185185185185185
54	UBASH3B+ZBTB25	64	29	original_CPA_fixed	roles	0	0	1	0.08647878606126087	0.1388527686856167	-0.2121820271873468	0.5185185185185185
54	UBASH3B+ZBTB25	64	29	original_CPA_fixed	roles	0	0	2	0.08647878606126087	0.1388527686856167	-0.2121820271873468	0.5185185185185185
54	UBASH3B+ZBTB25	64	29	original_CPA_fixed	roles	0	1	0	0.09556278457414467	0.14532297211083253	-0.1910229720738804	0.5185185185185185
54	UBASH3B+ZBTB25	64	29	original_CPA_fixed	roles	0	1	1	0.09556278457414467	0.14532297211083253	-0.1910229720738804	0.5185185185185185
54	UBASH3B+ZBTB25	64	29	original_CPA_fixed	roles	0	1	2	0.09556278457414467	0.14532297211083253	-0.1910229720738804	0.5185185185185185
54	UBASH3B+ZBTB25	64	29	original_CPA_fixed	roles	0	2	0	0.09371168426980939	0.14389994498261663	-0.1964963673144736	0.5185185185185185
54	UBASH3B+ZBTB25	64	29	original_CPA_fixed	roles	0	2	1	0.09371168426980939	0.14389994498261663	-0.1964963673144736	0.5185185185185185
54	UBASH3B+ZBTB25	64	29	original_CPA_fixed	roles	0	2	2	0.09371168426980939	0.14389994498261663	-0.1964963673144736	0.5185185185185185
54	UBASH3B+ZBTB25	64	29	original_CPA_fixed	roles	1	0	0	0.08519427656936969	0.13752994836760804	-0.18680085137340854	0.5185185185185185
54	UBASH3B+ZBTB25	64	29	original_CPA_fixed	roles	1	0	1	0.08519427656936969	0.13752994836760804	-0.18680085137340854	0.5185185185185185
54	UBASH3B+ZBTB25	64	29	original_CPA_fixed	roles	1	0	2	0.08519427656936969	0.13752994836760804	-0.18680085137340854	0.5185185185185185
54	UBASH3B+ZBTB25	64	29	original_CPA_fixed	roles	1	1	0	0.08647878606126087	0.1388527686856167	-0.2121820271873468	0.5185185185185185
54	UBASH3B+ZBTB25	64	29	original_CPA_fixed	roles	1	1	1	0.08647878606126087	0.1388527686856167	-0.2121820271873468	0.5185185185185185
54	UBASH3B+ZBTB25	64	29	original_CPA_fixed	roles	1	1	2	0.08647878606126087	0.1388527686856167	-0.2121820271873468	0.5185185185185185
54	UBASH3B+ZBTB25	64	29	original_CPA_fixed	roles	1	2	0	0.08854834612032636	0.14002673231208748	-0.19455902358764582	0.5185185185185185
54	UBASH3B+ZBTB25	64	29	original_CPA_fixed	roles	1	2	1	0.08854834612032636	0.14002673231208748	-0.19455902358764582	0.5185185185185185
54	UBASH3B+ZBTB25	64	29	original_CPA_fixed	roles	1	2	2	0.08854834612032636	0.14002673231208748	-0.19455902358764582	0.5185185185185185
54	UBASH3B+ZBTB25	64	29	original_CPA_fixed	roles	2	0	0	0.08651724943730706	0.13863954082457514	-0.1832312755140231	0.5185185185185185
54	UBASH3B+ZBTB25	64	29	original_CPA_fixed	roles	2	0	1	0.08651724943730706	0.13863954082457514	-0.1832312755140231	0.5185185185185185
54	UBASH3B+ZBTB25	64	29	original_CPA_fixed	roles	2	0	2	0.08651724943730706	0.13863954082457514	-0.1832312755140231	0.5185185185185185
54	UBASH3B+ZBTB25	64	29	original_CPA_fixed	roles	2	1	0	0.091722419292599	0.14256750471681412	-0.1853348288245158	0.5185185185185185
54	UBASH3B+ZBTB25	64	29	original_CPA_fixed	roles	2	1	1	0.091722419292599	0.14256750471681412	-0.1853348288245158	0.5185185185185185
54	UBASH3B+ZBTB25	64	29	original_CPA_fixed	roles	2	1	2	0.091722419292599	0.14256750471681412	-0.1853348288245158	0.5185185185185185
54	UBASH3B+ZBTB25	64	29	original_CPA_fixed	roles	2	2	0	0.08647878606126087	0.1388527686856167	-0.2121820271873468	0.5185185185185185
54	UBASH3B+ZBTB25	64	29	original_CPA_fixed	roles	2	2	1	0.08647878606126087	0.1388527686856167	-0.2121820271873468	0.5185185185185185
54	UBASH3B+ZBTB25	64	29	original_CPA_fixed	roles	2	2	2	0.08647878606126087	0.1388527686856167	-0.2121820271873468	0.5185185185185185
54	UBASH3B+ZBTB25	64	29	original_CPA_fixed	direct_state	unused	unused	0	0.08647878606126087	0.1388527686856167	-0.2121820271873468	0.5185185185185185
54	UBASH3B+ZBTB25	64	29	original_CPA_fixed	direct_state	unused	unused	1	0.08647878606126087	0.1388527686856167	-0.2121820271873468	0.5185185185185185
54	UBASH3B+ZBTB25	64	29	original_CPA_fixed	direct_state	unused	unused	2	0.08647878606126087	0.1388527686856167	-0.2121820271873468	0.5185185185185185
54	UBASH3B+ZBTB25	64	29	additive	roles	0	0	0	0.014088035205242906	0.05267041294707168	0.8393214761376251	1.0
54	UBASH3B+ZBTB25	64	29	additive	roles	0	0	1	0.014088035205242906	0.05267041294707168	0.8393214761376251	1.0
54	UBASH3B+ZBTB25	64	29	additive	roles	0	0	2	0.014088035205242906	0.05267041294707168	0.8393214761376251	1.0
54	UBASH3B+ZBTB25	64	29	additive	roles	0	1	0	0.017994616958729896	0.05915953486583293	0.8067080291234008	1.0
54	UBASH3B+ZBTB25	64	29	additive	roles	0	1	1	0.017994616958729896	0.05915953486583293	0.8067080291234008	1.0
54	UBASH3B+ZBTB25	64	29	additive	roles	0	1	2	0.017994616958729896	0.05915953486583293	0.8067080291234008	1.0
54	UBASH3B+ZBTB25	64	29	additive	roles	0	2	0	0.017958456412345662	0.059097054707286226	0.8054903827656531	1.0
54	UBASH3B+ZBTB25	64	29	additive	roles	0	2	1	0.017958456412345662	0.059097054707286226	0.8054903827656531	1.0
54	UBASH3B+ZBTB25	64	29	additive	roles	0	2	2	0.017958456412345662	0.059097054707286226	0.8054903827656531	1.0
54	UBASH3B+ZBTB25	64	29	additive	roles	1	0	0	0.017980942472748545	0.05934277051409386	0.8015529812953575	1.0
54	UBASH3B+ZBTB25	64	29	additive	roles	1	0	1	0.017980942472748545	0.05934277051409386	0.8015529812953575	1.0
54	UBASH3B+ZBTB25	64	29	additive	roles	1	0	2	0.017980942472748545	0.05934277051409386	0.8015529812953575	1.0
54	UBASH3B+ZBTB25	64	29	additive	roles	1	1	0	0.014088035205242906	0.05267041294707168	0.8393214761376251	1.0
54	UBASH3B+ZBTB25	64	29	additive	roles	1	1	1	0.014088035205242906	0.05267041294707168	0.8393214761376251	1.0
54	UBASH3B+ZBTB25	64	29	additive	roles	1	1	2	0.014088035205242906	0.05267041294707168	0.8393214761376251	1.0
54	UBASH3B+ZBTB25	64	29	additive	roles	1	2	0	0.017972535022259446	0.05920937558372559	0.8025082637678419	1.0
54	UBASH3B+ZBTB25	64	29	additive	roles	1	2	1	0.017972535022259446	0.05920937558372559	0.8025082637678419	1.0
54	UBASH3B+ZBTB25	64	29	additive	roles	1	2	2	0.017972535022259446	0.05920937558372559	0.8025082637678419	1.0
54	UBASH3B+ZBTB25	64	29	additive	roles	2	0	0	0.017488975582734854	0.0585133884481194	0.8067666457641346	1.0
54	UBASH3B+ZBTB25	64	29	additive	roles	2	0	1	0.017488975582734854	0.0585133884481194	0.8067666457641346	1.0
54	UBASH3B+ZBTB25	64	29	additive	roles	2	0	2	0.017488975582734854	0.0585133884481194	0.8067666457641346	1.0
54	UBASH3B+ZBTB25	64	29	additive	roles	2	1	0	0.017516728678629988	0.05844134720275112	0.8090494747681941	1.0
54	UBASH3B+ZBTB25	64	29	additive	roles	2	1	1	0.017516728678629988	0.05844134720275112	0.8090494747681941	1.0
54	UBASH3B+ZBTB25	64	29	additive	roles	2	1	2	0.017516728678629988	0.05844134720275112	0.8090494747681941	1.0
54	UBASH3B+ZBTB25	64	29	additive	roles	2	2	0	0.014088035205242906	0.05267041294707168	0.8393214761376251	1.0
54	UBASH3B+ZBTB25	64	29	additive	roles	2	2	1	0.014088035205242906	0.05267041294707168	0.8393214761376251	1.0
54	UBASH3B+ZBTB25	64	29	additive	roles	2	2	2	0.014088035205242906	0.05267041294707168	0.8393214761376251	1.0
54	UBASH3B+ZBTB25	64	29	additive	direct_state	unused	unused	0	0.014088035205242906	0.05267041294707168	0.8393214761376251	1.0
54	UBASH3B+ZBTB25	64	29	additive	direct_state	unused	unused	1	0.014088035205242906	0.05267041294707168	0.8393214761376251	1.0
54	UBASH3B+ZBTB25	64	29	additive	direct_state	unused	unused	2	0.014088035205242906	0.05267041294707168	0.8393214761376251	1.0
54	UBASH3B+ZBTB25	64	29	compositional_ridge	roles	0	0	0	0.008663565517956334	0.0414932483491354	0.9066806197174665	1.0
54	UBASH3B+ZBTB25	64	29	compositional_ridge	roles	0	0	1	0.008663565517956334	0.0414932483491354	0.9066806197174665	1.0
54	UBASH3B+ZBTB25	64	29	compositional_ridge	roles	0	0	2	0.008663565517956334	0.0414932483491354	0.9066806197174665	1.0
54	UBASH3B+ZBTB25	64	29	compositional_ridge	roles	0	1	0	0.013011818612510922	0.05050346218334364	0.8484974043775977	1.0
54	UBASH3B+ZBTB25	64	29	compositional_ridge	roles	0	1	1	0.013011818612510922	0.05050346218334364	0.8484974043775977	1.0
54	UBASH3B+ZBTB25	64	29	compositional_ridge	roles	0	1	2	0.013011818612510922	0.05050346218334364	0.8484974043775977	1.0
54	UBASH3B+ZBTB25	64	29	compositional_ridge	roles	0	2	0	0.01254623490495485	0.049433790480568736	0.8540828658825522	1.0
54	UBASH3B+ZBTB25	64	29	compositional_ridge	roles	0	2	1	0.01254623490495485	0.049433790480568736	0.8540828658825522	1.0
54	UBASH3B+ZBTB25	64	29	compositional_ridge	roles	0	2	2	0.01254623490495485	0.049433790480568736	0.8540828658825522	1.0
54	UBASH3B+ZBTB25	64	29	compositional_ridge	roles	1	0	0	0.012114801444394377	0.048640002080814426	0.8509091957207067	1.0
54	UBASH3B+ZBTB25	64	29	compositional_ridge	roles	1	0	1	0.012114801444394377	0.048640002080814426	0.8509091957207067	1.0
54	UBASH3B+ZBTB25	64	29	compositional_ridge	roles	1	0	2	0.012114801444394377	0.048640002080814426	0.8509091957207067	1.0
54	UBASH3B+ZBTB25	64	29	compositional_ridge	roles	1	1	0	0.008663565517956334	0.0414932483491354	0.9066806197174665	1.0
54	UBASH3B+ZBTB25	64	29	compositional_ridge	roles	1	1	1	0.008663565517956334	0.0414932483491354	0.9066806197174665	1.0
54	UBASH3B+ZBTB25	64	29	compositional_ridge	roles	1	1	2	0.008663565517956334	0.0414932483491354	0.9066806197174665	1.0
54	UBASH3B+ZBTB25	64	29	compositional_ridge	roles	1	2	0	0.012118642173801042	0.04851552385371841	0.8546121187177728	1.0
54	UBASH3B+ZBTB25	64	29	compositional_ridge	roles	1	2	1	0.012118642173801042	0.04851552385371841	0.8546121187177728	1.0
54	UBASH3B+ZBTB25	64	29	compositional_ridge	roles	1	2	2	0.012118642173801042	0.04851552385371841	0.8546121187177728	1.0
54	UBASH3B+ZBTB25	64	29	compositional_ridge	roles	2	0	0	0.012052257715552519	0.048658127569560936	0.8519196057270532	1.0
54	UBASH3B+ZBTB25	64	29	compositional_ridge	roles	2	0	1	0.012052257715552519	0.048658127569560936	0.8519196057270532	1.0
54	UBASH3B+ZBTB25	64	29	compositional_ridge	roles	2	0	2	0.012052257715552519	0.048658127569560936	0.8519196057270532	1.0
54	UBASH3B+ZBTB25	64	29	compositional_ridge	roles	2	1	0	0.012521682152515253	0.049622773825960274	0.8501681540893834	1.0
54	UBASH3B+ZBTB25	64	29	compositional_ridge	roles	2	1	1	0.012521682152515253	0.049622773825960274	0.8501681540893834	1.0
54	UBASH3B+ZBTB25	64	29	compositional_ridge	roles	2	1	2	0.012521682152515253	0.049622773825960274	0.8501681540893834	1.0
54	UBASH3B+ZBTB25	64	29	compositional_ridge	roles	2	2	0	0.008663565517956334	0.0414932483491354	0.9066806197174665	1.0
54	UBASH3B+ZBTB25	64	29	compositional_ridge	roles	2	2	1	0.008663565517956334	0.0414932483491354	0.9066806197174665	1.0
54	UBASH3B+ZBTB25	64	29	compositional_ridge	roles	2	2	2	0.008663565517956334	0.0414932483491354	0.9066806197174665	1.0
54	UBASH3B+ZBTB25	64	29	compositional_ridge	direct_state	unused	unused	0	0.008663565517956334	0.0414932483491354	0.9066806197174665	1.0
54	UBASH3B+ZBTB25	64	29	compositional_ridge	direct_state	unused	unused	1	0.008663565517956334	0.0414932483491354	0.9066806197174665	1.0
54	UBASH3B+ZBTB25	64	29	compositional_ridge	direct_state	unused	unused	2	0.008663565517956334	0.0414932483491354	0.9066806197174665	1.0
54	UBASH3B+ZBTB25	64	29	NC_native_effect	roles	0	0	0	0.10076992262088456	0.1511395292403777	-0.3930379208813322	0.4444444444444444
54	UBASH3B+ZBTB25	64	29	NC_native_effect	roles	0	0	1	0.10076992262088456	0.1511395292403777	-0.3930379208813322	0.4444444444444444
54	UBASH3B+ZBTB25	64	29	NC_native_effect	roles	0	0	2	0.10076992262088456	0.1511395292403777	-0.3930379208813322	0.4444444444444444
54	UBASH3B+ZBTB25	64	29	NC_native_effect	roles	0	1	0	0.10076992262088456	0.1511395292403777	-0.3930379208813322	0.4444444444444444
54	UBASH3B+ZBTB25	64	29	NC_native_effect	roles	0	1	1	0.10076992262088456	0.1511395292403777	-0.3930379208813322	0.4444444444444444
54	UBASH3B+ZBTB25	64	29	NC_native_effect	roles	0	1	2	0.10076992262088456	0.1511395292403777	-0.3930379208813322	0.4444444444444444
54	UBASH3B+ZBTB25	64	29	NC_native_effect	roles	0	2	0	0.10076992262088456	0.1511395292403777	-0.3930379208813322	0.4444444444444444
54	UBASH3B+ZBTB25	64	29	NC_native_effect	roles	0	2	1	0.10076992262088456	0.1511395292403777	-0.3930379208813322	0.4444444444444444
54	UBASH3B+ZBTB25	64	29	NC_native_effect	roles	0	2	2	0.10076992262088456	0.1511395292403777	-0.3930379208813322	0.4444444444444444
54	UBASH3B+ZBTB25	64	29	NC_native_effect	roles	1	0	0	0.09547725987987203	0.14734604999378856	-0.40437079237180246	0.4444444444444444
54	UBASH3B+ZBTB25	64	29	NC_native_effect	roles	1	0	1	0.09547725987987203	0.14734604999378856	-0.40437079237180246	0.4444444444444444
54	UBASH3B+ZBTB25	64	29	NC_native_effect	roles	1	0	2	0.09547725987987203	0.14734604999378856	-0.40437079237180246	0.4444444444444444
54	UBASH3B+ZBTB25	64	29	NC_native_effect	roles	1	1	0	0.09547725987987203	0.14734604999378856	-0.40437079237180246	0.4444444444444444
54	UBASH3B+ZBTB25	64	29	NC_native_effect	roles	1	1	1	0.09547725987987203	0.14734604999378856	-0.40437079237180246	0.4444444444444444
54	UBASH3B+ZBTB25	64	29	NC_native_effect	roles	1	1	2	0.09547725987987203	0.14734604999378856	-0.40437079237180246	0.4444444444444444
54	UBASH3B+ZBTB25	64	29	NC_native_effect	roles	1	2	0	0.09547725987987203	0.14734604999378856	-0.40437079237180246	0.4444444444444444
54	UBASH3B+ZBTB25	64	29	NC_native_effect	roles	1	2	1	0.09547725987987203	0.14734604999378856	-0.40437079237180246	0.4444444444444444
54	UBASH3B+ZBTB25	64	29	NC_native_effect	roles	1	2	2	0.09547725987987203	0.14734604999378856	-0.40437079237180246	0.4444444444444444
54	UBASH3B+ZBTB25	64	29	NC_native_effect	roles	2	0	0	0.09665629603543127	0.1482983161134049	-0.3985999339682534	0.4444444444444444
54	UBASH3B+ZBTB25	64	29	NC_native_effect	roles	2	0	1	0.09665629603543127	0.1482983161134049	-0.3985999339682534	0.4444444444444444
54	UBASH3B+ZBTB25	64	29	NC_native_effect	roles	2	0	2	0.09665629603543127	0.1482983161134049	-0.3985999339682534	0.4444444444444444
54	UBASH3B+ZBTB25	64	29	NC_native_effect	roles	2	1	0	0.09665629603543127	0.1482983161134049	-0.3985999339682534	0.4444444444444444
54	UBASH3B+ZBTB25	64	29	NC_native_effect	roles	2	1	1	0.09665629603543127	0.1482983161134049	-0.3985999339682534	0.4444444444444444
54	UBASH3B+ZBTB25	64	29	NC_native_effect	roles	2	1	2	0.09665629603543127	0.1482983161134049	-0.3985999339682534	0.4444444444444444
54	UBASH3B+ZBTB25	64	29	NC_native_effect	roles	2	2	0	0.09665629603543127	0.1482983161134049	-0.3985999339682534	0.4444444444444444
54	UBASH3B+ZBTB25	64	29	NC_native_effect	roles	2	2	1	0.09665629603543127	0.1482983161134049	-0.3985999339682534	0.4444444444444444
54	UBASH3B+ZBTB25	64	29	NC_native_effect	roles	2	2	2	0.09665629603543127	0.1482983161134049	-0.3985999339682534	0.4444444444444444
54	UBASH3B+ZBTB25	64	29	NC_native_effect	direct_state	unused	unused	0	0.09782598585030752	0.14905308879895904	-0.40673314181520526	0.46296296296296297
54	UBASH3B+ZBTB25	64	29	NC_native_effect	direct_state	unused	unused	1	0.09782598585030752	0.14905308879895904	-0.40673314181520526	0.46296296296296297
54	UBASH3B+ZBTB25	64	29	NC_native_effect	direct_state	unused	unused	2	0.09782598585030752	0.14905308879895904	-0.40673314181520526	0.46296296296296297
54	UBASH3B+ZBTB25	64	29	native_effect_ridge	roles	0	0	0	0.009727036951023428	0.04265822526924803	0.8944410040713455	1.0
54	UBASH3B+ZBTB25	64	29	native_effect_ridge	roles	0	0	1	0.009727036951023428	0.04265822526924803	0.8944410040713455	1.0
54	UBASH3B+ZBTB25	64	29	native_effect_ridge	roles	0	0	2	0.009727036951023428	0.04265822526924803	0.8944410040713455	1.0
54	UBASH3B+ZBTB25	64	29	native_effect_ridge	roles	0	1	0	0.009727036951023428	0.04265822526924803	0.8944410040713455	1.0
54	UBASH3B+ZBTB25	64	29	native_effect_ridge	roles	0	1	1	0.009727036951023428	0.04265822526924803	0.8944410040713455	1.0
54	UBASH3B+ZBTB25	64	29	native_effect_ridge	roles	0	1	2	0.009727036951023428	0.04265822526924803	0.8944410040713455	1.0
54	UBASH3B+ZBTB25	64	29	native_effect_ridge	roles	0	2	0	0.009727036951023428	0.04265822526924803	0.8944410040713455	1.0
54	UBASH3B+ZBTB25	64	29	native_effect_ridge	roles	0	2	1	0.009727036951023428	0.04265822526924803	0.8944410040713455	1.0
54	UBASH3B+ZBTB25	64	29	native_effect_ridge	roles	0	2	2	0.009727036951023428	0.04265822526924803	0.8944410040713455	1.0
54	UBASH3B+ZBTB25	64	29	native_effect_ridge	roles	1	0	0	0.010191939525372154	0.044001681533966226	0.8904618985164627	1.0
54	UBASH3B+ZBTB25	64	29	native_effect_ridge	roles	1	0	1	0.010191939525372154	0.044001681533966226	0.8904618985164627	1.0
54	UBASH3B+ZBTB25	64	29	native_effect_ridge	roles	1	0	2	0.010191939525372154	0.044001681533966226	0.8904618985164627	1.0
54	UBASH3B+ZBTB25	64	29	native_effect_ridge	roles	1	1	0	0.010191939525372154	0.044001681533966226	0.8904618985164627	1.0
54	UBASH3B+ZBTB25	64	29	native_effect_ridge	roles	1	1	1	0.010191939525372154	0.044001681533966226	0.8904618985164627	1.0
54	UBASH3B+ZBTB25	64	29	native_effect_ridge	roles	1	1	2	0.010191939525372154	0.044001681533966226	0.8904618985164627	1.0
54	UBASH3B+ZBTB25	64	29	native_effect_ridge	roles	1	2	0	0.010191939525372154	0.044001681533966226	0.8904618985164627	1.0
54	UBASH3B+ZBTB25	64	29	native_effect_ridge	roles	1	2	1	0.010191939525372154	0.044001681533966226	0.8904618985164627	1.0
54	UBASH3B+ZBTB25	64	29	native_effect_ridge	roles	1	2	2	0.010191939525372154	0.044001681533966226	0.8904618985164627	1.0
54	UBASH3B+ZBTB25	64	29	native_effect_ridge	roles	2	0	0	0.010038352216428131	0.0437410241016448	0.8911681154292694	1.0
54	UBASH3B+ZBTB25	64	29	native_effect_ridge	roles	2	0	1	0.010038352216428131	0.0437410241016448	0.8911681154292694	1.0
54	UBASH3B+ZBTB25	64	29	native_effect_ridge	roles	2	0	2	0.010038352216428131	0.0437410241016448	0.8911681154292694	1.0
54	UBASH3B+ZBTB25	64	29	native_effect_ridge	roles	2	1	0	0.010038352216428131	0.0437410241016448	0.8911681154292694	1.0
54	UBASH3B+ZBTB25	64	29	native_effect_ridge	roles	2	1	1	0.010038352216428131	0.0437410241016448	0.8911681154292694	1.0
54	UBASH3B+ZBTB25	64	29	native_effect_ridge	roles	2	1	2	0.010038352216428131	0.0437410241016448	0.8911681154292694	1.0
54	UBASH3B+ZBTB25	64	29	native_effect_ridge	roles	2	2	0	0.010038352216428131	0.0437410241016448	0.8911681154292694	1.0
54	UBASH3B+ZBTB25	64	29	native_effect_ridge	roles	2	2	1	0.010038352216428131	0.0437410241016448	0.8911681154292694	1.0
54	UBASH3B+ZBTB25	64	29	native_effect_ridge	roles	2	2	2	0.010038352216428131	0.0437410241016448	0.8911681154292694	1.0
54	UBASH3B+ZBTB25	64	29	native_effect_ridge	direct_state	unused	unused	0	0.007978757855327395	0.038753344552333924	0.9116162442400673	1.0
54	UBASH3B+ZBTB25	64	29	native_effect_ridge	direct_state	unused	unused	1	0.007978757855327395	0.038753344552333924	0.9116162442400673	1.0
54	UBASH3B+ZBTB25	64	29	native_effect_ridge	direct_state	unused	unused	2	0.007978757855327395	0.038753344552333924	0.9116162442400673	1.0
54	UBASH3B+ZBTB25	128	0	selected_CPA	roles	0	0	0	0.062032211877634365	0.115410114260816	0.19148813081649985	0.5555555555555556
54	UBASH3B+ZBTB25	128	0	selected_CPA	roles	0	0	1	0.0640010636319917	0.11678280554762038	0.20055860436422548	0.5555555555555556
54	UBASH3B+ZBTB25	128	0	selected_CPA	roles	0	0	2	0.06547301378192615	0.11837913155678521	0.1725088260643382	0.5555555555555556
54	UBASH3B+ZBTB25	128	0	selected_CPA	roles	0	1	0	0.0626808242135062	0.11613221219014455	0.15491735464449358	0.5555555555555556
54	UBASH3B+ZBTB25	128	0	selected_CPA	roles	0	1	1	0.0643198789580437	0.11720210816333237	0.16754460387611142	0.5555555555555556
54	UBASH3B+ZBTB25	128	0	selected_CPA	roles	0	1	2	0.0658889297204575	0.11888327733256157	0.14052276585641738	0.5555555555555556
54	UBASH3B+ZBTB25	128	0	selected_CPA	roles	0	2	0	0.060632014720730334	0.11379846945674385	0.20377680591423747	0.5555555555555556
54	UBASH3B+ZBTB25	128	0	selected_CPA	roles	0	2	1	0.0623602020666426	0.114987966174953	0.21400027157147328	0.5555555555555556
54	UBASH3B+ZBTB25	128	0	selected_CPA	roles	0	2	2	0.06371299413613044	0.11650131699630852	0.18782282526678198	0.5555555555555556
54	UBASH3B+ZBTB25	128	0	selected_CPA	roles	1	0	0	0.06508152022348439	0.11766721777639919	0.1954792745147923	0.5555555555555556
54	UBASH3B+ZBTB25	128	0	selected_CPA	roles	1	0	1	0.0673801689876616	0.11930376810999421	0.2017658523921591	0.5555555555555556
54	UBASH3B+ZBTB25	128	0	selected_CPA	roles	1	0	2	0.06875501852511662	0.12077781189843059	0.1778649074842521	0.5555555555555556
54	UBASH3B+ZBTB25	128	0	selected_CPA	roles	1	1	0	0.062032211877634365	0.115410114260816	0.19148813081649985	0.5555555555555556
54	UBASH3B+ZBTB25	128	0	selected_CPA	roles	1	1	1	0.0640010636319917	0.11678280554762038	0.20055860436422548	0.5555555555555556
54	UBASH3B+ZBTB25	128	0	selected_CPA	roles	1	1	2	0.06547301378192615	0.11837913155678521	0.1725088260643382	0.5555555555555556
54	UBASH3B+ZBTB25	128	0	selected_CPA	roles	1	2	0	0.06175152566042169	0.1145303019306134	0.22358509971833074	0.5555555555555556
54	UBASH3B+ZBTB25	128	0	selected_CPA	roles	1	2	1	0.06380951001615381	0.11601041557893908	0.23009941863545763	0.5555555555555556
54	UBASH3B+ZBTB25	128	0	selected_CPA	roles	1	2	2	0.06506520147316226	0.1174190643157424	0.20583818814804275	0.5555555555555556
54	UBASH3B+ZBTB25	128	0	selected_CPA	roles	2	0	0	0.06726149051494991	0.12001379315757313	0.14912213009468042	0.5555555555555556
54	UBASH3B+ZBTB25	128	0	selected_CPA	roles	2	0	1	0.06947100667775234	0.12152624502333435	0.15829717721781406	0.5555555555555556
54	UBASH3B+ZBTB25	128	0	selected_CPA	roles	2	0	2	0.07106211490813333	0.12316287576124536	0.13372811201735593	0.5555555555555556
54	UBASH3B+ZBTB25	128	0	selected_CPA	roles	2	1	0	0.06598030544466306	0.11921210310462174	0.12843027295754209	0.5555555555555556
54	UBASH3B+ZBTB25	128	0	selected_CPA	roles	2	1	1	0.06786002459764565	0.12044815257987027	0.14029779822659152	0.5555555555555556
54	UBASH3B+ZBTB25	128	0	selected_CPA	roles	2	1	2	0.06954823344050602	0.12218726427516129	0.114526492549607	0.5555555555555556
54	UBASH3B+ZBTB25	128	0	selected_CPA	roles	2	2	0	0.062032211877634365	0.115410114260816	0.19148813081649985	0.5555555555555556
54	UBASH3B+ZBTB25	128	0	selected_CPA	roles	2	2	1	0.0640010636319917	0.11678280554762038	0.20055860436422548	0.5555555555555556
54	UBASH3B+ZBTB25	128	0	selected_CPA	roles	2	2	2	0.06547301378192615	0.11837913155678521	0.1725088260643382	0.5555555555555556
54	UBASH3B+ZBTB25	128	0	selected_CPA	direct_state	unused	unused	0	0.062032211877634365	0.115410114260816	0.19148813081649985	0.5555555555555556
54	UBASH3B+ZBTB25	128	0	selected_CPA	direct_state	unused	unused	1	0.0640010636319917	0.11678280554762038	0.20055860436422548	0.5555555555555556
54	UBASH3B+ZBTB25	128	0	selected_CPA	direct_state	unused	unused	2	0.06547301378192615	0.11837913155678521	0.1725088260643382	0.5555555555555556
54	UBASH3B+ZBTB25	128	0	original_CPA_fixed	roles	0	0	0	0.08647878606126087	0.1388527686856167	-0.2121820271873468	0.5185185185185185
54	UBASH3B+ZBTB25	128	0	original_CPA_fixed	roles	0	0	1	0.08647878606126087	0.1388527686856167	-0.2121820271873468	0.5185185185185185
54	UBASH3B+ZBTB25	128	0	original_CPA_fixed	roles	0	0	2	0.08647878606126087	0.1388527686856167	-0.2121820271873468	0.5185185185185185
54	UBASH3B+ZBTB25	128	0	original_CPA_fixed	roles	0	1	0	0.08707107454354045	0.13953290656184697	-0.2224789730166281	0.5185185185185185
54	UBASH3B+ZBTB25	128	0	original_CPA_fixed	roles	0	1	1	0.08707107454354045	0.13953290656184697	-0.2224789730166281	0.5185185185185185
54	UBASH3B+ZBTB25	128	0	original_CPA_fixed	roles	0	1	2	0.08707107454354045	0.13953290656184697	-0.2224789730166281	0.5185185185185185
54	UBASH3B+ZBTB25	128	0	original_CPA_fixed	roles	0	2	0	0.08462989546418724	0.1371028022843981	-0.18828109292638634	0.5370370370370371
54	UBASH3B+ZBTB25	128	0	original_CPA_fixed	roles	0	2	1	0.08462989546418724	0.1371028022843981	-0.18828109292638634	0.5370370370370371
54	UBASH3B+ZBTB25	128	0	original_CPA_fixed	roles	0	2	2	0.08462989546418724	0.1371028022843981	-0.18828109292638634	0.5370370370370371
54	UBASH3B+ZBTB25	128	0	original_CPA_fixed	roles	1	0	0	0.08958441826070312	0.1406557024430639	-0.17795866481360723	0.5370370370370371
54	UBASH3B+ZBTB25	128	0	original_CPA_fixed	roles	1	0	1	0.08958441826070312	0.1406557024430639	-0.17795866481360723	0.5370370370370371
54	UBASH3B+ZBTB25	128	0	original_CPA_fixed	roles	1	0	2	0.08958441826070312	0.1406557024430639	-0.17795866481360723	0.5370370370370371
54	UBASH3B+ZBTB25	128	0	original_CPA_fixed	roles	1	1	0	0.08647878606126087	0.1388527686856167	-0.2121820271873468	0.5185185185185185
54	UBASH3B+ZBTB25	128	0	original_CPA_fixed	roles	1	1	1	0.08647878606126087	0.1388527686856167	-0.2121820271873468	0.5185185185185185
54	UBASH3B+ZBTB25	128	0	original_CPA_fixed	roles	1	1	2	0.08647878606126087	0.1388527686856167	-0.2121820271873468	0.5185185185185185
54	UBASH3B+ZBTB25	128	0	original_CPA_fixed	roles	1	2	0	0.08580573025747083	0.1376304195895703	-0.16563962221171802	0.5370370370370371
54	UBASH3B+ZBTB25	128	0	original_CPA_fixed	roles	1	2	1	0.08580573025747083	0.1376304195895703	-0.16563962221171802	0.5370370370370371
54	UBASH3B+ZBTB25	128	0	original_CPA_fixed	roles	1	2	2	0.08580573025747083	0.1376304195895703	-0.16563962221171802	0.5370370370370371
54	UBASH3B+ZBTB25	128	0	original_CPA_fixed	roles	2	0	0	0.09215675813874599	0.1430993277428828	-0.21087979257980088	0.5185185185185185
54	UBASH3B+ZBTB25	128	0	original_CPA_fixed	roles	2	0	1	0.09215675813874599	0.1430993277428828	-0.21087979257980088	0.5185185185185185
54	UBASH3B+ZBTB25	128	0	original_CPA_fixed	roles	2	0	2	0.09215675813874599	0.1430993277428828	-0.21087979257980088	0.5185185185185185
54	UBASH3B+ZBTB25	128	0	original_CPA_fixed	roles	2	1	0	0.09081924921486692	0.1425053577465661	-0.23277283867389567	0.5185185185185185
54	UBASH3B+ZBTB25	128	0	original_CPA_fixed	roles	2	1	1	0.09081924921486692	0.1425053577465661	-0.23277283867389567	0.5185185185185185
54	UBASH3B+ZBTB25	128	0	original_CPA_fixed	roles	2	1	2	0.09081924921486692	0.1425053577465661	-0.23277283867389567	0.5185185185185185
54	UBASH3B+ZBTB25	128	0	original_CPA_fixed	roles	2	2	0	0.08647878606126087	0.1388527686856167	-0.2121820271873468	0.5185185185185185
54	UBASH3B+ZBTB25	128	0	original_CPA_fixed	roles	2	2	1	0.08647878606126087	0.1388527686856167	-0.2121820271873468	0.5185185185185185
54	UBASH3B+ZBTB25	128	0	original_CPA_fixed	roles	2	2	2	0.08647878606126087	0.1388527686856167	-0.2121820271873468	0.5185185185185185
54	UBASH3B+ZBTB25	128	0	original_CPA_fixed	direct_state	unused	unused	0	0.08647878606126087	0.1388527686856167	-0.2121820271873468	0.5185185185185185
54	UBASH3B+ZBTB25	128	0	original_CPA_fixed	direct_state	unused	unused	1	0.08647878606126087	0.1388527686856167	-0.2121820271873468	0.5185185185185185
54	UBASH3B+ZBTB25	128	0	original_CPA_fixed	direct_state	unused	unused	2	0.08647878606126087	0.1388527686856167	-0.2121820271873468	0.5185185185185185
54	UBASH3B+ZBTB25	128	0	additive	roles	0	0	0	0.014088035205242906	0.05267041294707168	0.8393214761376251	1.0
54	UBASH3B+ZBTB25	128	0	additive	roles	0	0	1	0.014088035205242906	0.05267041294707168	0.8393214761376251	1.0
54	UBASH3B+ZBTB25	128	0	additive	roles	0	0	2	0.014088035205242906	0.05267041294707168	0.8393214761376251	1.0
54	UBASH3B+ZBTB25	128	0	additive	roles	0	1	0	0.01574250680725384	0.0556337521316895	0.8188659976661006	1.0
54	UBASH3B+ZBTB25	128	0	additive	roles	0	1	1	0.01574250680725384	0.0556337521316895	0.8188659976661006	1.0
54	UBASH3B+ZBTB25	128	0	additive	roles	0	1	2	0.01574250680725384	0.0556337521316895	0.8188659976661006	1.0
54	UBASH3B+ZBTB25	128	0	additive	roles	0	2	0	0.015456413012099166	0.05490066963298102	0.8262061190736854	1.0
54	UBASH3B+ZBTB25	128	0	additive	roles	0	2	1	0.015456413012099166	0.05490066963298102	0.8262061190736854	1.0
54	UBASH3B+ZBTB25	128	0	additive	roles	0	2	2	0.015456413012099166	0.05490066963298102	0.8262061190736854	1.0
54	UBASH3B+ZBTB25	128	0	additive	roles	1	0	0	0.016131484284953822	0.05609372802556406	0.8252348956901773	1.0
54	UBASH3B+ZBTB25	128	0	additive	roles	1	0	1	0.016131484284953822	0.05609372802556406	0.8252348956901773	1.0
54	UBASH3B+ZBTB25	128	0	additive	roles	1	0	2	0.016131484284953822	0.05609372802556406	0.8252348956901773	1.0
54	UBASH3B+ZBTB25	128	0	additive	roles	1	1	0	0.014088035205242906	0.05267041294707168	0.8393214761376251	1.0
54	UBASH3B+ZBTB25	128	0	additive	roles	1	1	1	0.014088035205242906	0.05267041294707168	0.8393214761376251	1.0
54	UBASH3B+ZBTB25	128	0	additive	roles	1	1	2	0.014088035205242906	0.05267041294707168	0.8393214761376251	1.0
54	UBASH3B+ZBTB25	128	0	additive	roles	1	2	0	0.015570064685651407	0.05502214276104376	0.8296221648566681	1.0
54	UBASH3B+ZBTB25	128	0	additive	roles	1	2	1	0.015570064685651407	0.05502214276104376	0.8296221648566681	1.0
54	UBASH3B+ZBTB25	128	0	additive	roles	1	2	2	0.015570064685651407	0.05502214276104376	0.8296221648566681	1.0
54	UBASH3B+ZBTB25	128	0	additive	roles	2	0	0	0.01654873887879815	0.056997144886892254	0.8172275423732887	1.0
54	UBASH3B+ZBTB25	128	0	additive	roles	2	0	1	0.01654873887879815	0.056997144886892254	0.8172275423732887	1.0
54	UBASH3B+ZBTB25	128	0	additive	roles	2	0	2	0.01654873887879815	0.056997144886892254	0.8172275423732887	1.0
54	UBASH3B+ZBTB25	128	0	additive	roles	2	1	0	0.016273413074650415	0.05666246769748614	0.8142776488980396	1.0
54	UBASH3B+ZBTB25	128	0	additive	roles	2	1	1	0.016273413074650415	0.05666246769748614	0.8142776488980396	1.0
54	UBASH3B+ZBTB25	128	0	additive	roles	2	1	2	0.016273413074650415	0.05666246769748614	0.8142776488980396	1.0
54	UBASH3B+ZBTB25	128	0	additive	roles	2	2	0	0.014088035205242906	0.05267041294707168	0.8393214761376251	1.0
54	UBASH3B+ZBTB25	128	0	additive	roles	2	2	1	0.014088035205242906	0.05267041294707168	0.8393214761376251	1.0
54	UBASH3B+ZBTB25	128	0	additive	roles	2	2	2	0.014088035205242906	0.05267041294707168	0.8393214761376251	1.0
54	UBASH3B+ZBTB25	128	0	additive	direct_state	unused	unused	0	0.014088035205242906	0.05267041294707168	0.8393214761376251	1.0
54	UBASH3B+ZBTB25	128	0	additive	direct_state	unused	unused	1	0.014088035205242906	0.05267041294707168	0.8393214761376251	1.0
54	UBASH3B+ZBTB25	128	0	additive	direct_state	unused	unused	2	0.014088035205242906	0.05267041294707168	0.8393214761376251	1.0
54	UBASH3B+ZBTB25	128	0	compositional_ridge	roles	0	0	0	0.008663565517956334	0.0414932483491354	0.9066806197174665	1.0
54	UBASH3B+ZBTB25	128	0	compositional_ridge	roles	0	0	1	0.008663565517956334	0.0414932483491354	0.9066806197174665	1.0
54	UBASH3B+ZBTB25	128	0	compositional_ridge	roles	0	0	2	0.008663565517956334	0.0414932483491354	0.9066806197174665	1.0
54	UBASH3B+ZBTB25	128	0	compositional_ridge	roles	0	1	0	0.010595352334647389	0.045916645688186736	0.8731592596856992	1.0
54	UBASH3B+ZBTB25	128	0	compositional_ridge	roles	0	1	1	0.010595352334647389	0.045916645688186736	0.8731592596856992	1.0
54	UBASH3B+ZBTB25	128	0	compositional_ridge	roles	0	1	2	0.010595352334647389	0.045916645688186736	0.8731592596856992	1.0
54	UBASH3B+ZBTB25	128	0	compositional_ridge	roles	0	2	0	0.010157251296323302	0.044486733518784564	0.8800555056786192	1.0
54	UBASH3B+ZBTB25	128	0	compositional_ridge	roles	0	2	1	0.010157251296323302	0.044486733518784564	0.8800555056786192	1.0
54	UBASH3B+ZBTB25	128	0	compositional_ridge	roles	0	2	2	0.010157251296323302	0.044486733518784564	0.8800555056786192	1.0
54	UBASH3B+ZBTB25	128	0	compositional_ridge	roles	1	0	0	0.01042969938298713	0.04503683898651948	0.8834137165165269	1.0
54	UBASH3B+ZBTB25	128	0	compositional_ridge	roles	1	0	1	0.01042969938298713	0.04503683898651948	0.8834137165165269	1.0
54	UBASH3B+ZBTB25	128	0	compositional_ridge	roles	1	0	2	0.01042969938298713	0.04503683898651948	0.8834137165165269	1.0
54	UBASH3B+ZBTB25	128	0	compositional_ridge	roles	1	1	0	0.008663565517956334	0.0414932483491354	0.9066806197174665	1.0
54	UBASH3B+ZBTB25	128	0	compositional_ridge	roles	1	1	1	0.008663565517956334	0.0414932483491354	0.9066806197174665	1.0
54	UBASH3B+ZBTB25	128	0	compositional_ridge	roles	1	1	2	0.008663565517956334	0.0414932483491354	0.9066806197174665	1.0
54	UBASH3B+ZBTB25	128	0	compositional_ridge	roles	1	2	0	0.009993587755195427	0.04389436650166016	0.8855673086038788	1.0
54	UBASH3B+ZBTB25	128	0	compositional_ridge	roles	1	2	1	0.009993587755195427	0.04389436650166016	0.8855673086038788	1.0
54	UBASH3B+ZBTB25	128	0	compositional_ridge	roles	1	2	2	0.009993587755195427	0.04389436650166016	0.8855673086038788	1.0
54	UBASH3B+ZBTB25	128	0	compositional_ridge	roles	2	0	0	0.01099896122000087	0.04667679412011609	0.8756108125176199	1.0
54	UBASH3B+ZBTB25	128	0	compositional_ridge	roles	2	0	1	0.01099896122000087	0.04667679412011609	0.8756108125176199	1.0
54	UBASH3B+ZBTB25	128	0	compositional_ridge	roles	2	0	2	0.01099896122000087	0.04667679412011609	0.8756108125176199	1.0
54	UBASH3B+ZBTB25	128	0	compositional_ridge	roles	2	1	0	0.011000950630533253	0.046972231649126665	0.8708884236815337	1.0
54	UBASH3B+ZBTB25	128	0	compositional_ridge	roles	2	1	1	0.011000950630533253	0.046972231649126665	0.8708884236815337	1.0
54	UBASH3B+ZBTB25	128	0	compositional_ridge	roles	2	1	2	0.011000950630533253	0.046972231649126665	0.8708884236815337	1.0
54	UBASH3B+ZBTB25	128	0	compositional_ridge	roles	2	2	0	0.008663565517956334	0.0414932483491354	0.9066806197174665	1.0
54	UBASH3B+ZBTB25	128	0	compositional_ridge	roles	2	2	1	0.008663565517956334	0.0414932483491354	0.9066806197174665	1.0
54	UBASH3B+ZBTB25	128	0	compositional_ridge	roles	2	2	2	0.008663565517956334	0.0414932483491354	0.9066806197174665	1.0
54	UBASH3B+ZBTB25	128	0	compositional_ridge	direct_state	unused	unused	0	0.008663565517956334	0.0414932483491354	0.9066806197174665	1.0
54	UBASH3B+ZBTB25	128	0	compositional_ridge	direct_state	unused	unused	1	0.008663565517956334	0.0414932483491354	0.9066806197174665	1.0
54	UBASH3B+ZBTB25	128	0	compositional_ridge	direct_state	unused	unused	2	0.008663565517956334	0.0414932483491354	0.9066806197174665	1.0
54	UBASH3B+ZBTB25	128	0	NC_native_effect	roles	0	0	0	0.09580549082036331	0.14758627761868306	-0.40795048857579036	0.46296296296296297
54	UBASH3B+ZBTB25	128	0	NC_native_effect	roles	0	0	1	0.09580549082036331	0.14758627761868306	-0.40795048857579036	0.46296296296296297
54	UBASH3B+ZBTB25	128	0	NC_native_effect	roles	0	0	2	0.09580549082036331	0.14758627761868306	-0.40795048857579036	0.46296296296296297
54	UBASH3B+ZBTB25	128	0	NC_native_effect	roles	0	1	0	0.09580549082036331	0.14758627761868306	-0.40795048857579036	0.46296296296296297
54	UBASH3B+ZBTB25	128	0	NC_native_effect	roles	0	1	1	0.09580549082036331	0.14758627761868306	-0.40795048857579036	0.46296296296296297
54	UBASH3B+ZBTB25	128	0	NC_native_effect	roles	0	1	2	0.09580549082036331	0.14758627761868306	-0.40795048857579036	0.46296296296296297
54	UBASH3B+ZBTB25	128	0	NC_native_effect	roles	0	2	0	0.09580549082036331	0.14758627761868306	-0.40795048857579036	0.46296296296296297
54	UBASH3B+ZBTB25	128	0	NC_native_effect	roles	0	2	1	0.09580549082036331	0.14758627761868306	-0.40795048857579036	0.46296296296296297
54	UBASH3B+ZBTB25	128	0	NC_native_effect	roles	0	2	2	0.09580549082036331	0.14758627761868306	-0.40795048857579036	0.46296296296296297
54	UBASH3B+ZBTB25	128	0	NC_native_effect	roles	1	0	0	0.09706862500612308	0.14806972093911322	-0.38562413011194	0.48148148148148145
54	UBASH3B+ZBTB25	128	0	NC_native_effect	roles	1	0	1	0.09706862500612308	0.14806972093911322	-0.38562413011194	0.48148148148148145
54	UBASH3B+ZBTB25	128	0	NC_native_effect	roles	1	0	2	0.09706862500612308	0.14806972093911322	-0.38562413011194	0.48148148148148145
54	UBASH3B+ZBTB25	128	0	NC_native_effect	roles	1	1	0	0.09706862500612308	0.14806972093911322	-0.38562413011194	0.48148148148148145
54	UBASH3B+ZBTB25	128	0	NC_native_effect	roles	1	1	1	0.09706862500612308	0.14806972093911322	-0.38562413011194	0.48148148148148145
54	UBASH3B+ZBTB25	128	0	NC_native_effect	roles	1	1	2	0.09706862500612308	0.14806972093911322	-0.38562413011194	0.48148148148148145
54	UBASH3B+ZBTB25	128	0	NC_native_effect	roles	1	2	0	0.09706862500612308	0.14806972093911322	-0.38562413011194	0.48148148148148145
54	UBASH3B+ZBTB25	128	0	NC_native_effect	roles	1	2	1	0.09706862500612308	0.14806972093911322	-0.38562413011194	0.48148148148148145
54	UBASH3B+ZBTB25	128	0	NC_native_effect	roles	1	2	2	0.09706862500612308	0.14806972093911322	-0.38562413011194	0.48148148148148145
54	UBASH3B+ZBTB25	128	0	NC_native_effect	roles	2	0	0	0.0999438841888822	0.1506744908013191	-0.4080212721587093	0.4444444444444444
54	UBASH3B+ZBTB25	128	0	NC_native_effect	roles	2	0	1	0.0999438841888822	0.1506744908013191	-0.4080212721587093	0.4444444444444444
54	UBASH3B+ZBTB25	128	0	NC_native_effect	roles	2	0	2	0.0999438841888822	0.1506744908013191	-0.4080212721587093	0.4444444444444444
54	UBASH3B+ZBTB25	128	0	NC_native_effect	roles	2	1	0	0.0999438841888822	0.1506744908013191	-0.4080212721587093	0.4444444444444444
54	UBASH3B+ZBTB25	128	0	NC_native_effect	roles	2	1	1	0.0999438841888822	0.1506744908013191	-0.4080212721587093	0.4444444444444444
54	UBASH3B+ZBTB25	128	0	NC_native_effect	roles	2	1	2	0.0999438841888822	0.1506744908013191	-0.4080212721587093	0.4444444444444444
54	UBASH3B+ZBTB25	128	0	NC_native_effect	roles	2	2	0	0.0999438841888822	0.1506744908013191	-0.4080212721587093	0.4444444444444444
54	UBASH3B+ZBTB25	128	0	NC_native_effect	roles	2	2	1	0.0999438841888822	0.1506744908013191	-0.4080212721587093	0.4444444444444444
54	UBASH3B+ZBTB25	128	0	NC_native_effect	roles	2	2	2	0.0999438841888822	0.1506744908013191	-0.4080212721587093	0.4444444444444444
54	UBASH3B+ZBTB25	128	0	NC_native_effect	direct_state	unused	unused	0	0.09782598585030752	0.14905308879895904	-0.40673314181520526	0.46296296296296297
54	UBASH3B+ZBTB25	128	0	NC_native_effect	direct_state	unused	unused	1	0.09782598585030752	0.14905308879895904	-0.40673314181520526	0.46296296296296297
54	UBASH3B+ZBTB25	128	0	NC_native_effect	direct_state	unused	unused	2	0.09782598585030752	0.14905308879895904	-0.40673314181520526	0.46296296296296297
54	UBASH3B+ZBTB25	128	0	native_effect_ridge	roles	0	0	0	0.009359632678898326	0.04200476925639487	0.8987262176715306	1.0
54	UBASH3B+ZBTB25	128	0	native_effect_ridge	roles	0	0	1	0.009359632678898326	0.04200476925639487	0.8987262176715306	1.0
54	UBASH3B+ZBTB25	128	0	native_effect_ridge	roles	0	0	2	0.009359632678898326	0.04200476925639487	0.8987262176715306	1.0
54	UBASH3B+ZBTB25	128	0	native_effect_ridge	roles	0	1	0	0.009359632678898326	0.04200476925639487	0.8987262176715306	1.0
54	UBASH3B+ZBTB25	128	0	native_effect_ridge	roles	0	1	1	0.009359632678898326	0.04200476925639487	0.8987262176715306	1.0
54	UBASH3B+ZBTB25	128	0	native_effect_ridge	roles	0	1	2	0.009359632678898326	0.04200476925639487	0.8987262176715306	1.0
54	UBASH3B+ZBTB25	128	0	native_effect_ridge	roles	0	2	0	0.009359632678898326	0.04200476925639487	0.8987262176715306	1.0
54	UBASH3B+ZBTB25	128	0	native_effect_ridge	roles	0	2	1	0.009359632678898326	0.04200476925639487	0.8987262176715306	1.0
54	UBASH3B+ZBTB25	128	0	native_effect_ridge	roles	0	2	2	0.009359632678898326	0.04200476925639487	0.8987262176715306	1.0
54	UBASH3B+ZBTB25	128	0	native_effect_ridge	roles	1	0	0	0.009152391648190723	0.041498379162992094	0.9017940793976976	1.0
54	UBASH3B+ZBTB25	128	0	native_effect_ridge	roles	1	0	1	0.009152391648190723	0.041498379162992094	0.9017940793976976	1.0
54	UBASH3B+ZBTB25	128	0	native_effect_ridge	roles	1	0	2	0.009152391648190723	0.041498379162992094	0.9017940793976976	1.0
54	UBASH3B+ZBTB25	128	0	native_effect_ridge	roles	1	1	0	0.009152391648190723	0.041498379162992094	0.9017940793976976	1.0
54	UBASH3B+ZBTB25	128	0	native_effect_ridge	roles	1	1	1	0.009152391648190723	0.041498379162992094	0.9017940793976976	1.0
54	UBASH3B+ZBTB25	128	0	native_effect_ridge	roles	1	1	2	0.009152391648190723	0.041498379162992094	0.9017940793976976	1.0
54	UBASH3B+ZBTB25	128	0	native_effect_ridge	roles	1	2	0	0.009152391648190723	0.041498379162992094	0.9017940793976976	1.0
54	UBASH3B+ZBTB25	128	0	native_effect_ridge	roles	1	2	1	0.009152391648190723	0.041498379162992094	0.9017940793976976	1.0
54	UBASH3B+ZBTB25	128	0	native_effect_ridge	roles	1	2	2	0.009152391648190723	0.041498379162992094	0.9017940793976976	1.0
54	UBASH3B+ZBTB25	128	0	native_effect_ridge	roles	2	0	0	0.009205657187462123	0.041622956385002144	0.8984418130214562	1.0
54	UBASH3B+ZBTB25	128	0	native_effect_ridge	roles	2	0	1	0.009205657187462123	0.041622956385002144	0.8984418130214562	1.0
54	UBASH3B+ZBTB25	128	0	native_effect_ridge	roles	2	0	2	0.009205657187462123	0.041622956385002144	0.8984418130214562	1.0
54	UBASH3B+ZBTB25	128	0	native_effect_ridge	roles	2	1	0	0.009205657187462123	0.041622956385002144	0.8984418130214562	1.0
54	UBASH3B+ZBTB25	128	0	native_effect_ridge	roles	2	1	1	0.009205657187462123	0.041622956385002144	0.8984418130214562	1.0
54	UBASH3B+ZBTB25	128	0	native_effect_ridge	roles	2	1	2	0.009205657187462123	0.041622956385002144	0.8984418130214562	1.0
54	UBASH3B+ZBTB25	128	0	native_effect_ridge	roles	2	2	0	0.009205657187462123	0.041622956385002144	0.8984418130214562	1.0
54	UBASH3B+ZBTB25	128	0	native_effect_ridge	roles	2	2	1	0.009205657187462123	0.041622956385002144	0.8984418130214562	1.0
54	UBASH3B+ZBTB25	128	0	native_effect_ridge	roles	2	2	2	0.009205657187462123	0.041622956385002144	0.8984418130214562	1.0
54	UBASH3B+ZBTB25	128	0	native_effect_ridge	direct_state	unused	unused	0	0.007978757855327395	0.038753344552333924	0.9116162442400673	1.0
54	UBASH3B+ZBTB25	128	0	native_effect_ridge	direct_state	unused	unused	1	0.007978757855327395	0.038753344552333924	0.9116162442400673	1.0
54	UBASH3B+ZBTB25	128	0	native_effect_ridge	direct_state	unused	unused	2	0.007978757855327395	0.038753344552333924	0.9116162442400673	1.0
54	UBASH3B+ZBTB25	128	29	selected_CPA	roles	0	0	0	0.06809371558798757	0.12058771345302186	0.14913395429440263	0.5555555555555556
54	UBASH3B+ZBTB25	128	29	selected_CPA	roles	0	0	1	0.0623763114841822	0.11567012566487257	0.19981065232467293	0.5555555555555556
54	UBASH3B+ZBTB25	128	29	selected_CPA	roles	0	0	2	0.06335496814840684	0.11656200031205155	0.18737867967717584	0.5555555555555556
54	UBASH3B+ZBTB25	128	29	selected_CPA	roles	0	1	0	0.07604737535193769	0.12718427284023404	0.091154309724519	0.5555555555555556
54	UBASH3B+ZBTB25	128	29	selected_CPA	roles	0	1	1	0.06938392574562614	0.12170652437712731	0.13327624857402715	0.5555555555555556
54	UBASH3B+ZBTB25	128	29	selected_CPA	roles	0	1	2	0.07078602121860304	0.12291649433031877	0.1228983646162868	0.5555555555555556
54	UBASH3B+ZBTB25	128	29	selected_CPA	roles	0	2	0	0.07454529606002523	0.12587838680169025	0.10633537991730414	0.5555555555555556
54	UBASH3B+ZBTB25	128	29	selected_CPA	roles	0	2	1	0.06829571458652596	0.12071308818232038	0.1492350069562273	0.5555555555555556
54	UBASH3B+ZBTB25	128	29	selected_CPA	roles	0	2	2	0.0693735279939281	0.12165712973388172	0.13965315250092442	0.5555555555555556
54	UBASH3B+ZBTB25	128	29	selected_CPA	roles	1	0	0	0.06433134453764768	0.1170730492251478	0.19188375595822899	0.5555555555555556
54	UBASH3B+ZBTB25	128	29	selected_CPA	roles	1	0	1	0.05955998593634843	0.11289739903032	0.23505106830422973	0.5555555555555556
54	UBASH3B+ZBTB25	128	29	selected_CPA	roles	1	0	2	0.06011520379182086	0.11341992812621109	0.22697136235370788	0.5555555555555556
54	UBASH3B+ZBTB25	128	29	selected_CPA	roles	1	1	0	0.06809371558798757	0.12058771345302186	0.14913395429440263	0.5555555555555556
54	UBASH3B+ZBTB25	128	29	selected_CPA	roles	1	1	1	0.0623763114841822	0.11567012566487257	0.19981065232467293	0.5555555555555556
54	UBASH3B+ZBTB25	128	29	selected_CPA	roles	1	1	2	0.06335496814840684	0.11656200031205155	0.18737867967717584	0.5555555555555556
54	UBASH3B+ZBTB25	128	29	selected_CPA	roles	1	2	0	0.06858762915453806	0.12079718790564269	0.15602880951704914	0.5555555555555556
54	UBASH3B+ZBTB25	128	29	selected_CPA	roles	1	2	1	0.06328409318354491	0.11627460822581161	0.19997831352502185	0.5555555555555556
54	UBASH3B+ZBTB25	128	29	selected_CPA	roles	1	2	2	0.06393846778219482	0.11687483697342273	0.19164490975855905	0.5555555555555556
54	UBASH3B+ZBTB25	128	29	selected_CPA	roles	2	0	0	0.06542311894492318	0.11810853378929242	0.17399672671744573	0.5555555555555556
54	UBASH3B+ZBTB25	128	29	selected_CPA	roles	2	0	1	0.06023789221081171	0.1135768771807815	0.21997149909206415	0.5555555555555556
54	UBASH3B+ZBTB25	128	29	selected_CPA	roles	2	0	2	0.06111739213185887	0.1143903114970977	0.20877657693012622	0.5555555555555556
54	UBASH3B+ZBTB25	128	29	selected_CPA	roles	2	1	0	0.07118148285372601	0.12315014615905599	0.12237135290817157	0.5555555555555556
54	UBASH3B+ZBTB25	128	29	selected_CPA	roles	2	1	1	0.06505021061710838	0.11795972727096579	0.16776976260692192	0.5555555555555556
54	UBASH3B+ZBTB25	128	29	selected_CPA	roles	2	1	2	0.06635314934690777	0.11911674168302731	0.15576435605444658	0.5555555555555556
54	UBASH3B+ZBTB25	128	29	selected_CPA	roles	2	2	0	0.06809371558798757	0.12058771345302186	0.14913395429440263	0.5555555555555556
54	UBASH3B+ZBTB25	128	29	selected_CPA	roles	2	2	1	0.0623763114841822	0.11567012566487257	0.19981065232467293	0.5555555555555556
54	UBASH3B+ZBTB25	128	29	selected_CPA	roles	2	2	2	0.06335496814840684	0.11656200031205155	0.18737867967717584	0.5555555555555556
54	UBASH3B+ZBTB25	128	29	selected_CPA	direct_state	unused	unused	0	0.06809371558798757	0.12058771345302186	0.14913395429440263	0.5555555555555556
54	UBASH3B+ZBTB25	128	29	selected_CPA	direct_state	unused	unused	1	0.0623763114841822	0.11567012566487257	0.19981065232467293	0.5555555555555556
54	UBASH3B+ZBTB25	128	29	selected_CPA	direct_state	unused	unused	2	0.06335496814840684	0.11656200031205155	0.18737867967717584	0.5555555555555556
54	UBASH3B+ZBTB25	128	29	original_CPA_fixed	roles	0	0	0	0.08647878606126087	0.1388527686856167	-0.2121820271873468	0.5185185185185185
54	UBASH3B+ZBTB25	128	29	original_CPA_fixed	roles	0	0	1	0.08647878606126087	0.1388527686856167	-0.2121820271873468	0.5185185185185185
54	UBASH3B+ZBTB25	128	29	original_CPA_fixed	roles	0	0	2	0.08647878606126087	0.1388527686856167	-0.2121820271873468	0.5185185185185185
54	UBASH3B+ZBTB25	128	29	original_CPA_fixed	roles	0	1	0	0.09421705136858188	0.14455182618375498	-0.2224401653698602	0.5185185185185185
54	UBASH3B+ZBTB25	128	29	original_CPA_fixed	roles	0	1	1	0.09421705136858188	0.14455182618375498	-0.2224401653698602	0.5185185185185185
54	UBASH3B+ZBTB25	128	29	original_CPA_fixed	roles	0	1	2	0.09421705136858188	0.14455182618375498	-0.2224401653698602	0.5185185185185185
54	UBASH3B+ZBTB25	128	29	original_CPA_fixed	roles	0	2	0	0.09319809058662713	0.14372984897125304	-0.2148630487680745	0.5185185185185185
54	UBASH3B+ZBTB25	128	29	original_CPA_fixed	roles	0	2	1	0.09319809058662713	0.14372984897125304	-0.2148630487680745	0.5185185185185185
54	UBASH3B+ZBTB25	128	29	original_CPA_fixed	roles	0	2	2	0.09319809058662713	0.14372984897125304	-0.2148630487680745	0.5185185185185185
54	UBASH3B+ZBTB25	128	29	original_CPA_fixed	roles	1	0	0	0.08293180946755005	0.1358826594212116	-0.1725998447983862	0.5370370370370371
54	UBASH3B+ZBTB25	128	29	original_CPA_fixed	roles	1	0	1	0.08293180946755005	0.1358826594212116	-0.1725998447983862	0.5370370370370371
54	UBASH3B+ZBTB25	128	29	original_CPA_fixed	roles	1	0	2	0.08293180946755005	0.1358826594212116	-0.1725998447983862	0.5370370370370371
54	UBASH3B+ZBTB25	128	29	original_CPA_fixed	roles	1	1	0	0.08647878606126087	0.1388527686856167	-0.2121820271873468	0.5185185185185185
54	UBASH3B+ZBTB25	128	29	original_CPA_fixed	roles	1	1	1	0.08647878606126087	0.1388527686856167	-0.2121820271873468	0.5185185185185185
54	UBASH3B+ZBTB25	128	29	original_CPA_fixed	roles	1	1	2	0.08647878606126087	0.1388527686856167	-0.2121820271873468	0.5185185185185185
54	UBASH3B+ZBTB25	128	29	original_CPA_fixed	roles	1	2	0	0.08745581813776905	0.13937060439019508	-0.19064168606027643	0.5185185185185185
54	UBASH3B+ZBTB25	128	29	original_CPA_fixed	roles	1	2	1	0.08745581813776905	0.13937060439019508	-0.19064168606027643	0.5185185185185185
54	UBASH3B+ZBTB25	128	29	original_CPA_fixed	roles	1	2	2	0.08745581813776905	0.13937060439019508	-0.19064168606027643	0.5185185185185185
54	UBASH3B+ZBTB25	128	29	original_CPA_fixed	roles	2	0	0	0.08354046536486785	0.13643355160670595	-0.18401612648081014	0.5370370370370371
54	UBASH3B+ZBTB25	128	29	original_CPA_fixed	roles	2	0	1	0.08354046536486785	0.13643355160670595	-0.18401612648081014	0.5370370370370371
54	UBASH3B+ZBTB25	128	29	original_CPA_fixed	roles	2	0	2	0.08354046536486785	0.13643355160670595	-0.18401612648081014	0.5370370370370371
54	UBASH3B+ZBTB25	128	29	original_CPA_fixed	roles	2	1	0	0.08908343481704156	0.14075206289247155	-0.2096065258389355	0.5185185185185185
54	UBASH3B+ZBTB25	128	29	original_CPA_fixed	roles	2	1	1	0.08908343481704156	0.14075206289247155	-0.2096065258389355	0.5185185185185185
54	UBASH3B+ZBTB25	128	29	original_CPA_fixed	roles	2	1	2	0.08908343481704156	0.14075206289247155	-0.2096065258389355	0.5185185185185185
54	UBASH3B+ZBTB25	128	29	original_CPA_fixed	roles	2	2	0	0.08647878606126087	0.1388527686856167	-0.2121820271873468	0.5185185185185185
54	UBASH3B+ZBTB25	128	29	original_CPA_fixed	roles	2	2	1	0.08647878606126087	0.1388527686856167	-0.2121820271873468	0.5185185185185185
54	UBASH3B+ZBTB25	128	29	original_CPA_fixed	roles	2	2	2	0.08647878606126087	0.1388527686856167	-0.2121820271873468	0.5185185185185185
54	UBASH3B+ZBTB25	128	29	original_CPA_fixed	direct_state	unused	unused	0	0.08647878606126087	0.1388527686856167	-0.2121820271873468	0.5185185185185185
54	UBASH3B+ZBTB25	128	29	original_CPA_fixed	direct_state	unused	unused	1	0.08647878606126087	0.1388527686856167	-0.2121820271873468	0.5185185185185185
54	UBASH3B+ZBTB25	128	29	original_CPA_fixed	direct_state	unused	unused	2	0.08647878606126087	0.1388527686856167	-0.2121820271873468	0.5185185185185185
54	UBASH3B+ZBTB25	128	29	additive	roles	0	0	0	0.014088035205242906	0.05267041294707168	0.8393214761376251	1.0
54	UBASH3B+ZBTB25	128	29	additive	roles	0	0	1	0.014088035205242906	0.05267041294707168	0.8393214761376251	1.0
54	UBASH3B+ZBTB25	128	29	additive	roles	0	0	2	0.014088035205242906	0.05267041294707168	0.8393214761376251	1.0
54	UBASH3B+ZBTB25	128	29	additive	roles	0	1	0	0.016160574905204315	0.05617529622262226	0.8206672910539765	1.0
54	UBASH3B+ZBTB25	128	29	additive	roles	0	1	1	0.016160574905204315	0.05617529622262226	0.8206672910539765	1.0
54	UBASH3B+ZBTB25	128	29	additive	roles	0	1	2	0.016160574905204315	0.05617529622262226	0.8206672910539765	1.0
54	UBASH3B+ZBTB25	128	29	additive	roles	0	2	0	0.01603922778922864	0.056010466221723475	0.8225102037229219	1.0
54	UBASH3B+ZBTB25	128	29	additive	roles	0	2	1	0.01603922778922864	0.056010466221723475	0.8225102037229219	1.0
54	UBASH3B+ZBTB25	128	29	additive	roles	0	2	2	0.01603922778922864	0.056010466221723475	0.8225102037229219	1.0
54	UBASH3B+ZBTB25	128	29	additive	roles	1	0	0	0.0162067842188917	0.056496245321680565	0.8195321421633542	1.0
54	UBASH3B+ZBTB25	128	29	additive	roles	1	0	1	0.0162067842188917	0.056496245321680565	0.8195321421633542	1.0
54	UBASH3B+ZBTB25	128	29	additive	roles	1	0	2	0.0162067842188917	0.056496245321680565	0.8195321421633542	1.0
54	UBASH3B+ZBTB25	128	29	additive	roles	1	1	0	0.014088035205242906	0.05267041294707168	0.8393214761376251	1.0
54	UBASH3B+ZBTB25	128	29	additive	roles	1	1	1	0.014088035205242906	0.05267041294707168	0.8393214761376251	1.0
54	UBASH3B+ZBTB25	128	29	additive	roles	1	1	2	0.014088035205242906	0.05267041294707168	0.8393214761376251	1.0
54	UBASH3B+ZBTB25	128	29	additive	roles	1	2	0	0.015962680947730148	0.05600639057176168	0.8221226974369592	1.0
54	UBASH3B+ZBTB25	128	29	additive	roles	1	2	1	0.015962680947730148	0.05600639057176168	0.8221226974369592	1.0
54	UBASH3B+ZBTB25	128	29	additive	roles	1	2	2	0.015962680947730148	0.05600639057176168	0.8221226974369592	1.0
54	UBASH3B+ZBTB25	128	29	additive	roles	2	0	0	0.015917826450230443	0.05588714717760644	0.821509949532557	1.0
54	UBASH3B+ZBTB25	128	29	additive	roles	2	0	1	0.015917826450230443	0.05588714717760644	0.821509949532557	1.0
54	UBASH3B+ZBTB25	128	29	additive	roles	2	0	2	0.015917826450230443	0.05588714717760644	0.821509949532557	1.0
54	UBASH3B+ZBTB25	128	29	additive	roles	2	1	0	0.01579507029504457	0.055558571331570245	0.8224775147717917	1.0
54	UBASH3B+ZBTB25	128	29	additive	roles	2	1	1	0.01579507029504457	0.055558571331570245	0.8224775147717917	1.0
54	UBASH3B+ZBTB25	128	29	additive	roles	2	1	2	0.01579507029504457	0.055558571331570245	0.8224775147717917	1.0
54	UBASH3B+ZBTB25	128	29	additive	roles	2	2	0	0.014088035205242906	0.05267041294707168	0.8393214761376251	1.0
54	UBASH3B+ZBTB25	128	29	additive	roles	2	2	1	0.014088035205242906	0.05267041294707168	0.8393214761376251	1.0
54	UBASH3B+ZBTB25	128	29	additive	roles	2	2	2	0.014088035205242906	0.05267041294707168	0.8393214761376251	1.0
54	UBASH3B+ZBTB25	128	29	additive	direct_state	unused	unused	0	0.014088035205242906	0.05267041294707168	0.8393214761376251	1.0
54	UBASH3B+ZBTB25	128	29	additive	direct_state	unused	unused	1	0.014088035205242906	0.05267041294707168	0.8393214761376251	1.0
54	UBASH3B+ZBTB25	128	29	additive	direct_state	unused	unused	2	0.014088035205242906	0.05267041294707168	0.8393214761376251	1.0
54	UBASH3B+ZBTB25	128	29	compositional_ridge	roles	0	0	0	0.008663565517956334	0.0414932483491354	0.9066806197174665	1.0
54	UBASH3B+ZBTB25	128	29	compositional_ridge	roles	0	0	1	0.008663565517956334	0.0414932483491354	0.9066806197174665	1.0
54	UBASH3B+ZBTB25	128	29	compositional_ridge	roles	0	0	2	0.008663565517956334	0.0414932483491354	0.9066806197174665	1.0
54	UBASH3B+ZBTB25	128	29	compositional_ridge	roles	0	1	0	0.011444739742584044	0.0476128750924218	0.8705653362259437	1.0
54	UBASH3B+ZBTB25	128	29	compositional_ridge	roles	0	1	1	0.011444739742584044	0.0476128750924218	0.8705653362259437	1.0
54	UBASH3B+ZBTB25	128	29	compositional_ridge	roles	0	1	2	0.011444739742584044	0.0476128750924218	0.8705653362259437	1.0
54	UBASH3B+ZBTB25	128	29	compositional_ridge	roles	0	2	0	0.010995912941855007	0.04655325048807654	0.877584619480632	1.0
54	UBASH3B+ZBTB25	128	29	compositional_ridge	roles	0	2	1	0.010995912941855007	0.04655325048807654	0.877584619480632	1.0
54	UBASH3B+ZBTB25	128	29	compositional_ridge	roles	0	2	2	0.010995912941855007	0.04655325048807654	0.877584619480632	1.0
54	UBASH3B+ZBTB25	128	29	compositional_ridge	roles	1	0	0	0.010073680006938823	0.044447027838498424	0.8791076875290808	1.0
54	UBASH3B+ZBTB25	128	29	compositional_ridge	roles	1	0	1	0.010073680006938823	0.044447027838498424	0.8791076875290808	1.0
54	UBASH3B+ZBTB25	128	29	compositional_ridge	roles	1	0	2	0.010073680006938823	0.044447027838498424	0.8791076875290808	1.0
54	UBASH3B+ZBTB25	128	29	compositional_ridge	roles	1	1	0	0.008663565517956334	0.0414932483491354	0.9066806197174665	1.0
54	UBASH3B+ZBTB25	128	29	compositional_ridge	roles	1	1	1	0.008663565517956334	0.0414932483491354	0.9066806197174665	1.0
54	UBASH3B+ZBTB25	128	29	compositional_ridge	roles	1	1	2	0.008663565517956334	0.0414932483491354	0.9066806197174665	1.0
54	UBASH3B+ZBTB25	128	29	compositional_ridge	roles	1	2	0	0.010210731575690215	0.044754261017117235	0.8821921411149363	1.0
54	UBASH3B+ZBTB25	128	29	compositional_ridge	roles	1	2	1	0.010210731575690215	0.044754261017117235	0.8821921411149363	1.0
54	UBASH3B+ZBTB25	128	29	compositional_ridge	roles	1	2	2	0.010210731575690215	0.044754261017117235	0.8821921411149363	1.0
54	UBASH3B+ZBTB25	128	29	compositional_ridge	roles	2	0	0	0.010112201923030934	0.044591197921973476	0.8787530866615636	1.0
54	UBASH3B+ZBTB25	128	29	compositional_ridge	roles	2	0	1	0.010112201923030934	0.044591197921973476	0.8787530866615636	1.0
54	UBASH3B+ZBTB25	128	29	compositional_ridge	roles	2	0	2	0.010112201923030934	0.044591197921973476	0.8787530866615636	1.0
54	UBASH3B+ZBTB25	128	29	compositional_ridge	roles	2	1	0	0.010698080292511363	0.04599523096136792	0.8751286532208264	1.0
54	UBASH3B+ZBTB25	128	29	compositional_ridge	roles	2	1	1	0.010698080292511363	0.04599523096136792	0.8751286532208264	1.0
54	UBASH3B+ZBTB25	128	29	compositional_ridge	roles	2	1	2	0.010698080292511363	0.04599523096136792	0.8751286532208264	1.0
54	UBASH3B+ZBTB25	128	29	compositional_ridge	roles	2	2	0	0.008663565517956334	0.0414932483491354	0.9066806197174665	1.0
54	UBASH3B+ZBTB25	128	29	compositional_ridge	roles	2	2	1	0.008663565517956334	0.0414932483491354	0.9066806197174665	1.0
54	UBASH3B+ZBTB25	128	29	compositional_ridge	roles	2	2	2	0.008663565517956334	0.0414932483491354	0.9066806197174665	1.0
54	UBASH3B+ZBTB25	128	29	compositional_ridge	direct_state	unused	unused	0	0.008663565517956334	0.0414932483491354	0.9066806197174665	1.0
54	UBASH3B+ZBTB25	128	29	compositional_ridge	direct_state	unused	unused	1	0.008663565517956334	0.0414932483491354	0.9066806197174665	1.0
54	UBASH3B+ZBTB25	128	29	compositional_ridge	direct_state	unused	unused	2	0.008663565517956334	0.0414932483491354	0.9066806197174665	1.0
54	UBASH3B+ZBTB25	128	29	NC_native_effect	roles	0	0	0	0.10222743341696588	0.1521935482455577	-0.40729214178964657	0.4444444444444444
54	UBASH3B+ZBTB25	128	29	NC_native_effect	roles	0	0	1	0.10222743341696588	0.1521935482455577	-0.40729214178964657	0.4444444444444444
54	UBASH3B+ZBTB25	128	29	NC_native_effect	roles	0	0	2	0.10222743341696588	0.1521935482455577	-0.40729214178964657	0.4444444444444444
54	UBASH3B+ZBTB25	128	29	NC_native_effect	roles	0	1	0	0.10222743341696588	0.1521935482455577	-0.40729214178964657	0.4444444444444444
54	UBASH3B+ZBTB25	128	29	NC_native_effect	roles	0	1	1	0.10222743341696588	0.1521935482455577	-0.40729214178964657	0.4444444444444444
54	UBASH3B+ZBTB25	128	29	NC_native_effect	roles	0	1	2	0.10222743341696588	0.1521935482455577	-0.40729214178964657	0.4444444444444444
54	UBASH3B+ZBTB25	128	29	NC_native_effect	roles	0	2	0	0.10222743341696588	0.1521935482455577	-0.40729214178964657	0.4444444444444444
54	UBASH3B+ZBTB25	128	29	NC_native_effect	roles	0	2	1	0.10222743341696588	0.1521935482455577	-0.40729214178964657	0.4444444444444444
54	UBASH3B+ZBTB25	128	29	NC_native_effect	roles	0	2	2	0.10222743341696588	0.1521935482455577	-0.40729214178964657	0.4444444444444444
54	UBASH3B+ZBTB25	128	29	NC_native_effect	roles	1	0	0	0.09614318584952183	0.14779980593042252	-0.3983577268821195	0.46296296296296297
54	UBASH3B+ZBTB25	128	29	NC_native_effect	roles	1	0	1	0.09614318584952183	0.14779980593042252	-0.3983577268821195	0.46296296296296297
54	UBASH3B+ZBTB25	128	29	NC_native_effect	roles	1	0	2	0.09614318584952183	0.14779980593042252	-0.3983577268821195	0.46296296296296297
54	UBASH3B+ZBTB25	128	29	NC_native_effect	roles	1	1	0	0.09614318584952183	0.14779980593042252	-0.3983577268821195	0.46296296296296297
54	UBASH3B+ZBTB25	128	29	NC_native_effect	roles	1	1	1	0.09614318584952183	0.14779980593042252	-0.3983577268821195	0.46296296296296297
54	UBASH3B+ZBTB25	128	29	NC_native_effect	roles	1	1	2	0.09614318584952183	0.14779980593042252	-0.3983577268821195	0.46296296296296297
54	UBASH3B+ZBTB25	128	29	NC_native_effect	roles	1	2	0	0.09614318584952183	0.14779980593042252	-0.3983577268821195	0.46296296296296297
54	UBASH3B+ZBTB25	128	29	NC_native_effect	roles	1	2	1	0.09614318584952183	0.14779980593042252	-0.3983577268821195	0.46296296296296297
54	UBASH3B+ZBTB25	128	29	NC_native_effect	roles	1	2	2	0.09614318584952183	0.14779980593042252	-0.3983577268821195	0.46296296296296297
54	UBASH3B+ZBTB25	128	29	NC_native_effect	roles	2	0	0	0.0968745664947642	0.14842203064825113	-0.4065142227632669	0.4444444444444444
54	UBASH3B+ZBTB25	128	29	NC_native_effect	roles	2	0	1	0.0968745664947642	0.14842203064825113	-0.4065142227632669	0.4444444444444444
54	UBASH3B+ZBTB25	128	29	NC_native_effect	roles	2	0	2	0.0968745664947642	0.14842203064825113	-0.4065142227632669	0.4444444444444444
54	UBASH3B+ZBTB25	128	29	NC_native_effect	roles	2	1	0	0.0968745664947642	0.14842203064825113	-0.4065142227632669	0.4444444444444444
54	UBASH3B+ZBTB25	128	29	NC_native_effect	roles	2	1	1	0.0968745664947642	0.14842203064825113	-0.4065142227632669	0.4444444444444444
54	UBASH3B+ZBTB25	128	29	NC_native_effect	roles	2	1	2	0.0968745664947642	0.14842203064825113	-0.4065142227632669	0.4444444444444444
54	UBASH3B+ZBTB25	128	29	NC_native_effect	roles	2	2	0	0.0968745664947642	0.14842203064825113	-0.4065142227632669	0.4444444444444444
54	UBASH3B+ZBTB25	128	29	NC_native_effect	roles	2	2	1	0.0968745664947642	0.14842203064825113	-0.4065142227632669	0.4444444444444444
54	UBASH3B+ZBTB25	128	29	NC_native_effect	roles	2	2	2	0.0968745664947642	0.14842203064825113	-0.4065142227632669	0.4444444444444444
54	UBASH3B+ZBTB25	128	29	NC_native_effect	direct_state	unused	unused	0	0.09782598585030752	0.14905308879895904	-0.40673314181520526	0.46296296296296297
54	UBASH3B+ZBTB25	128	29	NC_native_effect	direct_state	unused	unused	1	0.09782598585030752	0.14905308879895904	-0.40673314181520526	0.46296296296296297
54	UBASH3B+ZBTB25	128	29	NC_native_effect	direct_state	unused	unused	2	0.09782598585030752	0.14905308879895904	-0.40673314181520526	0.46296296296296297
54	UBASH3B+ZBTB25	128	29	native_effect_ridge	roles	0	0	0	0.009036389214293368	0.04117336320532201	0.8998366864776276	1.0
54	UBASH3B+ZBTB25	128	29	native_effect_ridge	roles	0	0	1	0.009036389214293368	0.04117336320532201	0.8998366864776276	1.0
54	UBASH3B+ZBTB25	128	29	native_effect_ridge	roles	0	0	2	0.009036389214293368	0.04117336320532201	0.8998366864776276	1.0
54	UBASH3B+ZBTB25	128	29	native_effect_ridge	roles	0	1	0	0.009036389214293368	0.04117336320532201	0.8998366864776276	1.0
54	UBASH3B+ZBTB25	128	29	native_effect_ridge	roles	0	1	1	0.009036389214293368	0.04117336320532201	0.8998366864776276	1.0
54	UBASH3B+ZBTB25	128	29	native_effect_ridge	roles	0	1	2	0.009036389214293368	0.04117336320532201	0.8998366864776276	1.0
54	UBASH3B+ZBTB25	128	29	native_effect_ridge	roles	0	2	0	0.009036389214293368	0.04117336320532201	0.8998366864776276	1.0
54	UBASH3B+ZBTB25	128	29	native_effect_ridge	roles	0	2	1	0.009036389214293368	0.04117336320532201	0.8998366864776276	1.0
54	UBASH3B+ZBTB25	128	29	native_effect_ridge	roles	0	2	2	0.009036389214293368	0.04117336320532201	0.8998366864776276	1.0
54	UBASH3B+ZBTB25	128	29	native_effect_ridge	roles	1	0	0	0.009255022581561953	0.04187488374629471	0.8996263322764779	1.0
54	UBASH3B+ZBTB25	128	29	native_effect_ridge	roles	1	0	1	0.009255022581561953	0.04187488374629471	0.8996263322764779	1.0
54	UBASH3B+ZBTB25	128	29	native_effect_ridge	roles	1	0	2	0.009255022581561953	0.04187488374629471	0.8996263322764779	1.0
54	UBASH3B+ZBTB25	128	29	native_effect_ridge	roles	1	1	0	0.009255022581561953	0.04187488374629471	0.8996263322764779	1.0
54	UBASH3B+ZBTB25	128	29	native_effect_ridge	roles	1	1	1	0.009255022581561953	0.04187488374629471	0.8996263322764779	1.0
54	UBASH3B+ZBTB25	128	29	native_effect_ridge	roles	1	1	2	0.009255022581561953	0.04187488374629471	0.8996263322764779	1.0
54	UBASH3B+ZBTB25	128	29	native_effect_ridge	roles	1	2	0	0.009255022581561953	0.04187488374629471	0.8996263322764779	1.0
54	UBASH3B+ZBTB25	128	29	native_effect_ridge	roles	1	2	1	0.009255022581561953	0.04187488374629471	0.8996263322764779	1.0
54	UBASH3B+ZBTB25	128	29	native_effect_ridge	roles	1	2	2	0.009255022581561953	0.04187488374629471	0.8996263322764779	1.0
54	UBASH3B+ZBTB25	128	29	native_effect_ridge	roles	2	0	0	0.009362814152082394	0.04209953087655077	0.8978113732360647	1.0
54	UBASH3B+ZBTB25	128	29	native_effect_ridge	roles	2	0	1	0.009362814152082394	0.04209953087655077	0.8978113732360647	1.0
54	UBASH3B+ZBTB25	128	29	native_effect_ridge	roles	2	0	2	0.009362814152082394	0.04209953087655077	0.8978113732360647	1.0
54	UBASH3B+ZBTB25	128	29	native_effect_ridge	roles	2	1	0	0.009362814152082394	0.04209953087655077	0.8978113732360647	1.0
54	UBASH3B+ZBTB25	128	29	native_effect_ridge	roles	2	1	1	0.009362814152082394	0.04209953087655077	0.8978113732360647	1.0
54	UBASH3B+ZBTB25	128	29	native_effect_ridge	roles	2	1	2	0.009362814152082394	0.04209953087655077	0.8978113732360647	1.0
54	UBASH3B+ZBTB25	128	29	native_effect_ridge	roles	2	2	0	0.009362814152082394	0.04209953087655077	0.8978113732360647	1.0
54	UBASH3B+ZBTB25	128	29	native_effect_ridge	roles	2	2	1	0.009362814152082394	0.04209953087655077	0.8978113732360647	1.0
54	UBASH3B+ZBTB25	128	29	native_effect_ridge	roles	2	2	2	0.009362814152082394	0.04209953087655077	0.8978113732360647	1.0
54	UBASH3B+ZBTB25	128	29	native_effect_ridge	direct_state	unused	unused	0	0.007978757855327395	0.038753344552333924	0.9116162442400673	1.0
54	UBASH3B+ZBTB25	128	29	native_effect_ridge	direct_state	unused	unused	1	0.007978757855327395	0.038753344552333924	0.9116162442400673	1.0
54	UBASH3B+ZBTB25	128	29	native_effect_ridge	direct_state	unused	unused	2	0.007978757855327395	0.038753344552333924	0.9116162442400673	1.0
54	UBASH3B+ZBTB25	135	0	selected_CPA	roles	0	0	0	0.061978006968417654	0.11538358233569877	0.1894993630534704	0.5555555555555556
54	UBASH3B+ZBTB25	135	0	selected_CPA	roles	0	0	1	0.06419023164603282	0.1169807186724118	0.1963522222542097	0.5555555555555556
54	UBASH3B+ZBTB25	135	0	selected_CPA	roles	0	0	2	0.06624634234636105	0.11904948731820052	0.16654982771520804	0.5555555555555556
54	UBASH3B+ZBTB25	135	0	selected_CPA	roles	0	1	0	0.062267666844961295	0.11578186995568376	0.15630432853824386	0.5555555555555556
54	UBASH3B+ZBTB25	135	0	selected_CPA	roles	0	1	1	0.0641910659391937	0.1171145203365608	0.16664593853645782	0.5555555555555556
54	UBASH3B+ZBTB25	135	0	selected_CPA	roles	0	1	2	0.06630150728763487	0.11923824697929791	0.1378040249932335	0.5555555555555556
54	UBASH3B+ZBTB25	135	0	selected_CPA	roles	0	2	0	0.059768115629575784	0.11307147371344943	0.20557784798572393	0.5555555555555556
54	UBASH3B+ZBTB25	135	0	selected_CPA	roles	0	2	1	0.061732435315301884	0.11449126542236522	0.2133215399310954	0.5555555555555556
54	UBASH3B+ZBTB25	135	0	selected_CPA	roles	0	2	2	0.0636112210185761	0.11644798589151496	0.18538689583926185	0.5555555555555556
54	UBASH3B+ZBTB25	135	0	selected_CPA	roles	1	0	0	0.06525148494867528	0.11784617296434215	0.1914668866190779	0.5555555555555556
54	UBASH3B+ZBTB25	135	0	selected_CPA	roles	1	0	1	0.06775253520967317	0.11966447240557136	0.19641061249710617	0.5555555555555556
54	UBASH3B+ZBTB25	135	0	selected_CPA	roles	1	0	2	0.06975431526188848	0.12163149701576181	0.17071776900405677	0.5555555555555556
54	UBASH3B+ZBTB25	135	0	selected_CPA	roles	1	1	0	0.061978006968417654	0.11538358233569877	0.1894993630534704	0.5555555555555556
54	UBASH3B+ZBTB25	135	0	selected_CPA	roles	1	1	1	0.06419023164603282	0.1169807186724118	0.1963522222542097	0.5555555555555556
54	UBASH3B+ZBTB25	135	0	selected_CPA	roles	1	1	2	0.06624634234636105	0.11904948731820052	0.16654982771520804	0.5555555555555556
54	UBASH3B+ZBTB25	135	0	selected_CPA	roles	1	2	0	0.06111808212396467	0.11402985238309138	0.22271121447693026	0.5555555555555556
54	UBASH3B+ZBTB25	135	0	selected_CPA	roles	1	2	1	0.06337122739307352	0.11570067817458951	0.22732417620233586	0.5555555555555556
54	UBASH3B+ZBTB25	135	0	selected_CPA	roles	1	2	2	0.06519568244823477	0.11757922312558038	0.20123373758973578	0.5555555555555556
54	UBASH3B+ZBTB25	135	0	selected_CPA	roles	2	0	0	0.06795166596358791	0.12060297661127933	0.14502516983627853	0.5555555555555556
54	UBASH3B+ZBTB25	135	0	selected_CPA	roles	2	0	1	0.07041179563309213	0.12232833365254164	0.15282628768429124	0.5555555555555556
54	UBASH3B+ZBTB25	135	0	selected_CPA	roles	2	0	2	0.07264523133047442	0.12445449543209124	0.12658185347059733	0.5555555555555556
54	UBASH3B+ZBTB25	135	0	selected_CPA	roles	2	1	0	0.06631781435426282	0.11950082829157435	0.12694597199394933	0.5555555555555556
54	UBASH3B+ZBTB25	135	0	selected_CPA	roles	2	1	1	0.0684891184403843	0.1209910872908082	0.13707781426224838	0.5555555555555556
54	UBASH3B+ZBTB25	135	0	selected_CPA	roles	2	1	2	0.07077688478587953	0.12319577996945244	0.1095479504572109	0.5555555555555556
54	UBASH3B+ZBTB25	135	0	selected_CPA	roles	2	2	0	0.061978006968417654	0.11538358233569877	0.1894993630534704	0.5555555555555556
54	UBASH3B+ZBTB25	135	0	selected_CPA	roles	2	2	1	0.06419023164603282	0.1169807186724118	0.1963522222542097	0.5555555555555556
54	UBASH3B+ZBTB25	135	0	selected_CPA	roles	2	2	2	0.06624634234636105	0.11904948731820052	0.16654982771520804	0.5555555555555556
54	UBASH3B+ZBTB25	135	0	selected_CPA	direct_state	unused	unused	0	0.061978006968417654	0.11538358233569877	0.1894993630534704	0.5555555555555556
54	UBASH3B+ZBTB25	135	0	selected_CPA	direct_state	unused	unused	1	0.06419023164603282	0.1169807186724118	0.1963522222542097	0.5555555555555556
54	UBASH3B+ZBTB25	135	0	selected_CPA	direct_state	unused	unused	2	0.06624634234636105	0.11904948731820052	0.16654982771520804	0.5555555555555556
54	UBASH3B+ZBTB25	135	0	original_CPA_fixed	roles	0	0	0	0.08647878606126087	0.1388527686856167	-0.2121820271873468	0.5185185185185185
54	UBASH3B+ZBTB25	135	0	original_CPA_fixed	roles	0	0	1	0.08647878606126087	0.1388527686856167	-0.2121820271873468	0.5185185185185185
54	UBASH3B+ZBTB25	135	0	original_CPA_fixed	roles	0	0	2	0.08647878606126087	0.1388527686856167	-0.2121820271873468	0.5185185185185185
54	UBASH3B+ZBTB25	135	0	original_CPA_fixed	roles	0	1	0	0.08667713803479561	0.13922497098282888	-0.22253625439171257	0.5185185185185185
54	UBASH3B+ZBTB25	135	0	original_CPA_fixed	roles	0	1	1	0.08667713803479561	0.13922497098282888	-0.22253625439171257	0.5185185185185185
54	UBASH3B+ZBTB25	135	0	original_CPA_fixed	roles	0	1	2	0.08667713803479561	0.13922497098282888	-0.22253625439171257	0.5185185185185185
54	UBASH3B+ZBTB25	135	0	original_CPA_fixed	roles	0	2	0	0.08358268386390165	0.13634858723226714	-0.1884643161448285	0.5370370370370371
54	UBASH3B+ZBTB25	135	0	original_CPA_fixed	roles	0	2	1	0.08358268386390165	0.13634858723226714	-0.1884643161448285	0.5370370370370371
54	UBASH3B+ZBTB25	135	0	original_CPA_fixed	roles	0	2	2	0.08358268386390165	0.13634858723226714	-0.1884643161448285	0.5370370370370371
54	UBASH3B+ZBTB25	135	0	original_CPA_fixed	roles	1	0	0	0.08984357194452736	0.14086521907728594	-0.179050267641024	0.5370370370370371
54	UBASH3B+ZBTB25	135	0	original_CPA_fixed	roles	1	0	1	0.08984357194452736	0.14086521907728594	-0.179050267641024	0.5370370370370371
54	UBASH3B+ZBTB25	135	0	original_CPA_fixed	roles	1	0	2	0.08984357194452736	0.14086521907728594	-0.179050267641024	0.5370370370370371
54	UBASH3B+ZBTB25	135	0	original_CPA_fixed	roles	1	1	0	0.08647878606126087	0.1388527686856167	-0.2121820271873468	0.5185185185185185
54	UBASH3B+ZBTB25	135	0	original_CPA_fixed	roles	1	1	1	0.08647878606126087	0.1388527686856167	-0.2121820271873468	0.5185185185185185
54	UBASH3B+ZBTB25	135	0	original_CPA_fixed	roles	1	1	2	0.08647878606126087	0.1388527686856167	-0.2121820271873468	0.5185185185185185
54	UBASH3B+ZBTB25	135	0	original_CPA_fixed	roles	1	2	0	0.08502395826129941	0.13710271868683424	-0.16652060246706973	0.5370370370370371
54	UBASH3B+ZBTB25	135	0	original_CPA_fixed	roles	1	2	1	0.08502395826129941	0.13710271868683424	-0.16652060246706973	0.5370370370370371
54	UBASH3B+ZBTB25	135	0	original_CPA_fixed	roles	1	2	2	0.08502395826129941	0.13710271868683424	-0.16652060246706973	0.5370370370370371
54	UBASH3B+ZBTB25	135	0	original_CPA_fixed	roles	2	0	0	0.09313865591494848	0.14378017767787638	-0.21135679139589167	0.5185185185185185
54	UBASH3B+ZBTB25	135	0	original_CPA_fixed	roles	2	0	1	0.09313865591494848	0.14378017767787638	-0.21135679139589167	0.5185185185185185
54	UBASH3B+ZBTB25	135	0	original_CPA_fixed	roles	2	0	2	0.09313865591494848	0.14378017767787638	-0.21135679139589167	0.5185185185185185
54	UBASH3B+ZBTB25	135	0	original_CPA_fixed	roles	2	1	0	0.0914134964026145	0.1428969570132462	-0.23293142342408807	0.5185185185185185
54	UBASH3B+ZBTB25	135	0	original_CPA_fixed	roles	2	1	1	0.0914134964026145	0.1428969570132462	-0.23293142342408807	0.5185185185185185
54	UBASH3B+ZBTB25	135	0	original_CPA_fixed	roles	2	1	2	0.0914134964026145	0.1428969570132462	-0.23293142342408807	0.5185185185185185
54	UBASH3B+ZBTB25	135	0	original_CPA_fixed	roles	2	2	0	0.08647878606126087	0.1388527686856167	-0.2121820271873468	0.5185185185185185
54	UBASH3B+ZBTB25	135	0	original_CPA_fixed	roles	2	2	1	0.08647878606126087	0.1388527686856167	-0.2121820271873468	0.5185185185185185
54	UBASH3B+ZBTB25	135	0	original_CPA_fixed	roles	2	2	2	0.08647878606126087	0.1388527686856167	-0.2121820271873468	0.5185185185185185
54	UBASH3B+ZBTB25	135	0	original_CPA_fixed	direct_state	unused	unused	0	0.08647878606126087	0.1388527686856167	-0.2121820271873468	0.5185185185185185
54	UBASH3B+ZBTB25	135	0	original_CPA_fixed	direct_state	unused	unused	1	0.08647878606126087	0.1388527686856167	-0.2121820271873468	0.5185185185185185
54	UBASH3B+ZBTB25	135	0	original_CPA_fixed	direct_state	unused	unused	2	0.08647878606126087	0.1388527686856167	-0.2121820271873468	0.5185185185185185
54	UBASH3B+ZBTB25	135	0	additive	roles	0	0	0	0.014088035205242906	0.05267041294707168	0.8393214761376251	1.0
54	UBASH3B+ZBTB25	135	0	additive	roles	0	0	1	0.014088035205242906	0.05267041294707168	0.8393214761376251	1.0
54	UBASH3B+ZBTB25	135	0	additive	roles	0	0	2	0.014088035205242906	0.05267041294707168	0.8393214761376251	1.0
54	UBASH3B+ZBTB25	135	0	additive	roles	0	1	0	0.015447275915806863	0.05509872508442603	0.8218432695984302	1.0
54	UBASH3B+ZBTB25	135	0	additive	roles	0	1	1	0.015447275915806863	0.05509872508442603	0.8218432695984302	1.0
54	UBASH3B+ZBTB25	135	0	additive	roles	0	1	2	0.015447275915806863	0.05509872508442603	0.8218432695984302	1.0
54	UBASH3B+ZBTB25	135	0	additive	roles	0	2	0	0.015229093848102657	0.05451040597221327	0.8278149280352504	1.0
54	UBASH3B+ZBTB25	135	0	additive	roles	0	2	1	0.015229093848102657	0.05451040597221327	0.8278149280352504	1.0
54	UBASH3B+ZBTB25	135	0	additive	roles	0	2	2	0.015229093848102657	0.05451040597221327	0.8278149280352504	1.0
54	UBASH3B+ZBTB25	135	0	additive	roles	1	0	0	0.016291932351480205	0.05638169065964155	0.8237261892841968	1.0
54	UBASH3B+ZBTB25	135	0	additive	roles	1	0	1	0.016291932351480205	0.05638169065964155	0.8237261892841968	1.0
54	UBASH3B+ZBTB25	135	0	additive	roles	1	0	2	0.016291932351480205	0.05638169065964155	0.8237261892841968	1.0
54	UBASH3B+ZBTB25	135	0	additive	roles	1	1	0	0.014088035205242906	0.05267041294707168	0.8393214761376251	1.0
54	UBASH3B+ZBTB25	135	0	additive	roles	1	1	1	0.014088035205242906	0.05267041294707168	0.8393214761376251	1.0
54	UBASH3B+ZBTB25	135	0	additive	roles	1	1	2	0.014088035205242906	0.05267041294707168	0.8393214761376251	1.0
54	UBASH3B+ZBTB25	135	0	additive	roles	1	2	0	0.015509479508471232	0.054949127908781384	0.8293695765223063	1.0
54	UBASH3B+ZBTB25	135	0	additive	roles	1	2	1	0.015509479508471232	0.054949127908781384	0.8293695765223063	1.0
54	UBASH3B+ZBTB25	135	0	additive	roles	1	2	2	0.015509479508471232	0.054949127908781384	0.8293695765223063	1.0
54	UBASH3B+ZBTB25	135	0	additive	roles	2	0	0	0.01671074421871156	0.05727525146840238	0.8167103849443761	1.0
54	UBASH3B+ZBTB25	135	0	additive	roles	2	0	1	0.01671074421871156	0.05727525146840238	0.8167103849443761	1.0
54	UBASH3B+ZBTB25	135	0	additive	roles	2	0	2	0.01671074421871156	0.05727525146840238	0.8167103849443761	1.0
54	UBASH3B+ZBTB25	135	0	additive	roles	2	1	0	0.016146473443406785	0.05643980150335831	0.8164008095977114	1.0
54	UBASH3B+ZBTB25	135	0	additive	roles	2	1	1	0.016146473443406785	0.05643980150335831	0.8164008095977114	1.0
54	UBASH3B+ZBTB25	135	0	additive	roles	2	1	2	0.016146473443406785	0.05643980150335831	0.8164008095977114	1.0
54	UBASH3B+ZBTB25	135	0	additive	roles	2	2	0	0.014088035205242906	0.05267041294707168	0.8393214761376251	1.0
54	UBASH3B+ZBTB25	135	0	additive	roles	2	2	1	0.014088035205242906	0.05267041294707168	0.8393214761376251	1.0
54	UBASH3B+ZBTB25	135	0	additive	roles	2	2	2	0.014088035205242906	0.05267041294707168	0.8393214761376251	1.0
54	UBASH3B+ZBTB25	135	0	additive	direct_state	unused	unused	0	0.014088035205242906	0.05267041294707168	0.8393214761376251	1.0
54	UBASH3B+ZBTB25	135	0	additive	direct_state	unused	unused	1	0.014088035205242906	0.05267041294707168	0.8393214761376251	1.0
54	UBASH3B+ZBTB25	135	0	additive	direct_state	unused	unused	2	0.014088035205242906	0.05267041294707168	0.8393214761376251	1.0
54	UBASH3B+ZBTB25	135	0	compositional_ridge	roles	0	0	0	0.008663565517956334	0.0414932483491354	0.9066806197174665	1.0
54	UBASH3B+ZBTB25	135	0	compositional_ridge	roles	0	0	1	0.008663565517956334	0.0414932483491354	0.9066806197174665	1.0
54	UBASH3B+ZBTB25	135	0	compositional_ridge	roles	0	0	2	0.008663565517956334	0.0414932483491354	0.9066806197174665	1.0
54	UBASH3B+ZBTB25	135	0	compositional_ridge	roles	0	1	0	0.010382802218164077	0.04544161248053137	0.8763462473107371	1.0
54	UBASH3B+ZBTB25	135	0	compositional_ridge	roles	0	1	1	0.010382802218164077	0.04544161248053137	0.8763462473107371	1.0
54	UBASH3B+ZBTB25	135	0	compositional_ridge	roles	0	1	2	0.010382802218164077	0.04544161248053137	0.8763462473107371	1.0
54	UBASH3B+ZBTB25	135	0	compositional_ridge	roles	0	2	0	0.010000519600246236	0.04414299470213655	0.8814434092062357	1.0
54	UBASH3B+ZBTB25	135	0	compositional_ridge	roles	0	2	1	0.010000519600246236	0.04414299470213655	0.8814434092062357	1.0
54	UBASH3B+ZBTB25	135	0	compositional_ridge	roles	0	2	2	0.010000519600246236	0.04414299470213655	0.8814434092062357	1.0
54	UBASH3B+ZBTB25	135	0	compositional_ridge	roles	1	0	0	0.01050746667454985	0.0452201163182253	0.8825347477167244	1.0
54	UBASH3B+ZBTB25	135	0	compositional_ridge	roles	1	0	1	0.01050746667454985	0.0452201163182253	0.8825347477167244	1.0
54	UBASH3B+ZBTB25	135	0	compositional_ridge	roles	1	0	2	0.01050746667454985	0.0452201163182253	0.8825347477167244	1.0
54	UBASH3B+ZBTB25	135	0	compositional_ridge	roles	1	1	0	0.008663565517956334	0.0414932483491354	0.9066806197174665	1.0
54	UBASH3B+ZBTB25	135	0	compositional_ridge	roles	1	1	1	0.008663565517956334	0.0414932483491354	0.9066806197174665	1.0
54	UBASH3B+ZBTB25	135	0	compositional_ridge	roles	1	1	2	0.008663565517956334	0.0414932483491354	0.9066806197174665	1.0
54	UBASH3B+ZBTB25	135	0	compositional_ridge	roles	1	2	0	0.009920909270971024	0.043761545900474215	0.8855227635169755	1.0
54	UBASH3B+ZBTB25	135	0	compositional_ridge	roles	1	2	1	0.009920909270971024	0.043761545900474215	0.8855227635169755	1.0
54	UBASH3B+ZBTB25	135	0	compositional_ridge	roles	1	2	2	0.009920909270971024	0.043761545900474215	0.8855227635169755	1.0
54	UBASH3B+ZBTB25	135	0	compositional_ridge	roles	2	0	0	0.011090379091994835	0.046885704920021413	0.8760162277222533	1.0
54	UBASH3B+ZBTB25	135	0	compositional_ridge	roles	2	0	1	0.011090379091994835	0.046885704920021413	0.8760162277222533	1.0
54	UBASH3B+ZBTB25	135	0	compositional_ridge	roles	2	0	2	0.011090379091994835	0.046885704920021413	0.8760162277222533	1.0
54	UBASH3B+ZBTB25	135	0	compositional_ridge	roles	2	1	0	0.01088610430633385	0.04674205247066857	0.8739738446053662	1.0
54	UBASH3B+ZBTB25	135	0	compositional_ridge	roles	2	1	1	0.01088610430633385	0.04674205247066857	0.8739738446053662	1.0
54	UBASH3B+ZBTB25	135	0	compositional_ridge	roles	2	1	2	0.01088610430633385	0.04674205247066857	0.8739738446053662	1.0
54	UBASH3B+ZBTB25	135	0	compositional_ridge	roles	2	2	0	0.008663565517956334	0.0414932483491354	0.9066806197174665	1.0
54	UBASH3B+ZBTB25	135	0	compositional_ridge	roles	2	2	1	0.008663565517956334	0.0414932483491354	0.9066806197174665	1.0
54	UBASH3B+ZBTB25	135	0	compositional_ridge	roles	2	2	2	0.008663565517956334	0.0414932483491354	0.9066806197174665	1.0
54	UBASH3B+ZBTB25	135	0	compositional_ridge	direct_state	unused	unused	0	0.008663565517956334	0.0414932483491354	0.9066806197174665	1.0
54	UBASH3B+ZBTB25	135	0	compositional_ridge	direct_state	unused	unused	1	0.008663565517956334	0.0414932483491354	0.9066806197174665	1.0
54	UBASH3B+ZBTB25	135	0	compositional_ridge	direct_state	unused	unused	2	0.008663565517956334	0.0414932483491354	0.9066806197174665	1.0
54	UBASH3B+ZBTB25	135	0	NC_native_effect	roles	0	0	0	0.0956712687893623	0.14749354684755123	-0.40977730848737426	0.4444444444444444
54	UBASH3B+ZBTB25	135	0	NC_native_effect	roles	0	0	1	0.0956712687893623	0.14749354684755123	-0.40977730848737426	0.4444444444444444
54	UBASH3B+ZBTB25	135	0	NC_native_effect	roles	0	0	2	0.0956712687893623	0.14749354684755123	-0.40977730848737426	0.4444444444444444
54	UBASH3B+ZBTB25	135	0	NC_native_effect	roles	0	1	0	0.0956712687893623	0.14749354684755123	-0.40977730848737426	0.4444444444444444
54	UBASH3B+ZBTB25	135	0	NC_native_effect	roles	0	1	1	0.0956712687893623	0.14749354684755123	-0.40977730848737426	0.4444444444444444
54	UBASH3B+ZBTB25	135	0	NC_native_effect	roles	0	1	2	0.0956712687893623	0.14749354684755123	-0.40977730848737426	0.4444444444444444
54	UBASH3B+ZBTB25	135	0	NC_native_effect	roles	0	2	0	0.0956712687893623	0.14749354684755123	-0.40977730848737426	0.4444444444444444
54	UBASH3B+ZBTB25	135	0	NC_native_effect	roles	0	2	1	0.0956712687893623	0.14749354684755123	-0.40977730848737426	0.4444444444444444
54	UBASH3B+ZBTB25	135	0	NC_native_effect	roles	0	2	2	0.0956712687893623	0.14749354684755123	-0.40977730848737426	0.4444444444444444
54	UBASH3B+ZBTB25	135	0	NC_native_effect	roles	1	0	0	0.09724408229048646	0.14821624410959575	-0.3871899039539441	0.48148148148148145
54	UBASH3B+ZBTB25	135	0	NC_native_effect	roles	1	0	1	0.09724408229048646	0.14821624410959575	-0.3871899039539441	0.48148148148148145
54	UBASH3B+ZBTB25	135	0	NC_native_effect	roles	1	0	2	0.09724408229048646	0.14821624410959575	-0.3871899039539441	0.48148148148148145
54	UBASH3B+ZBTB25	135	0	NC_native_effect	roles	1	1	0	0.09724408229048646	0.14821624410959575	-0.3871899039539441	0.48148148148148145
54	UBASH3B+ZBTB25	135	0	NC_native_effect	roles	1	1	1	0.09724408229048646	0.14821624410959575	-0.3871899039539441	0.48148148148148145
54	UBASH3B+ZBTB25	135	0	NC_native_effect	roles	1	1	2	0.09724408229048646	0.14821624410959575	-0.3871899039539441	0.48148148148148145
54	UBASH3B+ZBTB25	135	0	NC_native_effect	roles	1	2	0	0.09724408229048646	0.14821624410959575	-0.3871899039539441	0.48148148148148145
54	UBASH3B+ZBTB25	135	0	NC_native_effect	roles	1	2	1	0.09724408229048646	0.14821624410959575	-0.3871899039539441	0.48148148148148145
54	UBASH3B+ZBTB25	135	0	NC_native_effect	roles	1	2	2	0.09724408229048646	0.14821624410959575	-0.3871899039539441	0.48148148148148145
54	UBASH3B+ZBTB25	135	0	NC_native_effect	roles	2	0	0	0.10081730684138512	0.15124736753381135	-0.4087486890007013	0.4444444444444444
54	UBASH3B+ZBTB25	135	0	NC_native_effect	roles	2	0	1	0.10081730684138512	0.15124736753381135	-0.4087486890007013	0.4444444444444444
54	UBASH3B+ZBTB25	135	0	NC_native_effect	roles	2	0	2	0.10081730684138512	0.15124736753381135	-0.4087486890007013	0.4444444444444444
54	UBASH3B+ZBTB25	135	0	NC_native_effect	roles	2	1	0	0.10081730684138512	0.15124736753381135	-0.4087486890007013	0.4444444444444444
54	UBASH3B+ZBTB25	135	0	NC_native_effect	roles	2	1	1	0.10081730684138512	0.15124736753381135	-0.4087486890007013	0.4444444444444444
54	UBASH3B+ZBTB25	135	0	NC_native_effect	roles	2	1	2	0.10081730684138512	0.15124736753381135	-0.4087486890007013	0.4444444444444444
54	UBASH3B+ZBTB25	135	0	NC_native_effect	roles	2	2	0	0.10081730684138512	0.15124736753381135	-0.4087486890007013	0.4444444444444444
54	UBASH3B+ZBTB25	135	0	NC_native_effect	roles	2	2	1	0.10081730684138512	0.15124736753381135	-0.4087486890007013	0.4444444444444444
54	UBASH3B+ZBTB25	135	0	NC_native_effect	roles	2	2	2	0.10081730684138512	0.15124736753381135	-0.4087486890007013	0.4444444444444444
54	UBASH3B+ZBTB25	135	0	NC_native_effect	direct_state	unused	unused	0	0.09782598585030752	0.14905308879895904	-0.40673314181520526	0.46296296296296297
54	UBASH3B+ZBTB25	135	0	NC_native_effect	direct_state	unused	unused	1	0.09782598585030752	0.14905308879895904	-0.40673314181520526	0.46296296296296297
54	UBASH3B+ZBTB25	135	0	NC_native_effect	direct_state	unused	unused	2	0.09782598585030752	0.14905308879895904	-0.40673314181520526	0.46296296296296297
54	UBASH3B+ZBTB25	135	0	native_effect_ridge	roles	0	0	0	0.009255777081913797	0.041776704065042164	0.8996960181034092	1.0
54	UBASH3B+ZBTB25	135	0	native_effect_ridge	roles	0	0	1	0.009255777081913797	0.041776704065042164	0.8996960181034092	1.0
54	UBASH3B+ZBTB25	135	0	native_effect_ridge	roles	0	0	2	0.009255777081913797	0.041776704065042164	0.8996960181034092	1.0
54	UBASH3B+ZBTB25	135	0	native_effect_ridge	roles	0	1	0	0.009255777081913797	0.041776704065042164	0.8996960181034092	1.0
54	UBASH3B+ZBTB25	135	0	native_effect_ridge	roles	0	1	1	0.009255777081913797	0.041776704065042164	0.8996960181034092	1.0
54	UBASH3B+ZBTB25	135	0	native_effect_ridge	roles	0	1	2	0.009255777081913797	0.041776704065042164	0.8996960181034092	1.0
54	UBASH3B+ZBTB25	135	0	native_effect_ridge	roles	0	2	0	0.009255777081913797	0.041776704065042164	0.8996960181034092	1.0
54	UBASH3B+ZBTB25	135	0	native_effect_ridge	roles	0	2	1	0.009255777081913797	0.041776704065042164	0.8996960181034092	1.0
54	UBASH3B+ZBTB25	135	0	native_effect_ridge	roles	0	2	2	0.009255777081913797	0.041776704065042164	0.8996960181034092	1.0
54	UBASH3B+ZBTB25	135	0	native_effect_ridge	roles	1	0	0	0.009178750750465177	0.04156427655360936	0.9013304998330911	1.0
54	UBASH3B+ZBTB25	135	0	native_effect_ridge	roles	1	0	1	0.009178750750465177	0.04156427655360936	0.9013304998330911	1.0
54	UBASH3B+ZBTB25	135	0	native_effect_ridge	roles	1	0	2	0.009178750750465177	0.04156427655360936	0.9013304998330911	1.0
54	UBASH3B+ZBTB25	135	0	native_effect_ridge	roles	1	1	0	0.009178750750465177	0.04156427655360936	0.9013304998330911	1.0
54	UBASH3B+ZBTB25	135	0	native_effect_ridge	roles	1	1	1	0.009178750750465177	0.04156427655360936	0.9013304998330911	1.0
54	UBASH3B+ZBTB25	135	0	native_effect_ridge	roles	1	1	2	0.009178750750465177	0.04156427655360936	0.9013304998330911	1.0
54	UBASH3B+ZBTB25	135	0	native_effect_ridge	roles	1	2	0	0.009178750750465177	0.04156427655360936	0.9013304998330911	1.0
54	UBASH3B+ZBTB25	135	0	native_effect_ridge	roles	1	2	1	0.009178750750465177	0.04156427655360936	0.9013304998330911	1.0
54	UBASH3B+ZBTB25	135	0	native_effect_ridge	roles	1	2	2	0.009178750750465177	0.04156427655360936	0.9013304998330911	1.0
54	UBASH3B+ZBTB25	135	0	native_effect_ridge	roles	2	0	0	0.00908372514245267	0.04135311577818927	0.8994024650634473	1.0
54	UBASH3B+ZBTB25	135	0	native_effect_ridge	roles	2	0	1	0.00908372514245267	0.04135311577818927	0.8994024650634473	1.0
54	UBASH3B+ZBTB25	135	0	native_effect_ridge	roles	2	0	2	0.00908372514245267	0.04135311577818927	0.8994024650634473	1.0
54	UBASH3B+ZBTB25	135	0	native_effect_ridge	roles	2	1	0	0.00908372514245267	0.04135311577818927	0.8994024650634473	1.0
54	UBASH3B+ZBTB25	135	0	native_effect_ridge	roles	2	1	1	0.00908372514245267	0.04135311577818927	0.8994024650634473	1.0
54	UBASH3B+ZBTB25	135	0	native_effect_ridge	roles	2	1	2	0.00908372514245267	0.04135311577818927	0.8994024650634473	1.0
54	UBASH3B+ZBTB25	135	0	native_effect_ridge	roles	2	2	0	0.00908372514245267	0.04135311577818927	0.8994024650634473	1.0
54	UBASH3B+ZBTB25	135	0	native_effect_ridge	roles	2	2	1	0.00908372514245267	0.04135311577818927	0.8994024650634473	1.0
54	UBASH3B+ZBTB25	135	0	native_effect_ridge	roles	2	2	2	0.00908372514245267	0.04135311577818927	0.8994024650634473	1.0
54	UBASH3B+ZBTB25	135	0	native_effect_ridge	direct_state	unused	unused	0	0.007978757855327395	0.038753344552333924	0.9116162442400673	1.0
54	UBASH3B+ZBTB25	135	0	native_effect_ridge	direct_state	unused	unused	1	0.007978757855327395	0.038753344552333924	0.9116162442400673	1.0
54	UBASH3B+ZBTB25	135	0	native_effect_ridge	direct_state	unused	unused	2	0.007978757855327395	0.038753344552333924	0.9116162442400673	1.0
54	UBASH3B+ZBTB25	135	29	selected_CPA	roles	0	0	0	0.06796172738570544	0.12045771851802355	0.15062896916472235	0.5555555555555556
54	UBASH3B+ZBTB25	135	29	selected_CPA	roles	0	0	1	0.06282736336875594	0.11606081174366548	0.1948093347422063	0.5555555555555556
54	UBASH3B+ZBTB25	135	29	selected_CPA	roles	0	0	2	0.062356445947072826	0.11565946637431797	0.19871217926601367	0.5555555555555556
54	UBASH3B+ZBTB25	135	29	selected_CPA	roles	0	1	0	0.07512180243743558	0.12637183873458724	0.09753761368626902	0.5555555555555556
54	UBASH3B+ZBTB25	135	29	selected_CPA	roles	0	1	1	0.06916017677943573	0.12146147385938091	0.1356826512694706	0.5555555555555556
54	UBASH3B+ZBTB25	135	29	selected_CPA	roles	0	1	2	0.06895570221050105	0.12130661073007082	0.1388320268562662	0.5555555555555556
54	UBASH3B+ZBTB25	135	29	selected_CPA	roles	0	2	0	0.07544823535866042	0.12657946531173686	0.09995173630740575	0.5555555555555556
54	UBASH3B+ZBTB25	135	29	selected_CPA	roles	0	2	1	0.06971836623419773	0.12188512357665275	0.13752632551344374	0.5555555555555556
54	UBASH3B+ZBTB25	135	29	selected_CPA	roles	0	2	2	0.06924594125643589	0.12150814483783785	0.14212727414129103	0.5555555555555556
54	UBASH3B+ZBTB25	135	29	selected_CPA	roles	1	0	0	0.06466678251526405	0.11742206529280572	0.18747656381979835	0.5555555555555556
54	UBASH3B+ZBTB25	135	29	selected_CPA	roles	1	0	1	0.06035968013936487	0.11368814166287401	0.22457132705835736	0.5555555555555556
54	UBASH3B+ZBTB25	135	29	selected_CPA	roles	1	0	2	0.05962231986493333	0.11303357757242181	0.2312151328238024	0.5555555555555556
54	UBASH3B+ZBTB25	135	29	selected_CPA	roles	1	1	0	0.06796172738570544	0.12045771851802355	0.15062896916472235	0.5555555555555556
54	UBASH3B+ZBTB25	135	29	selected_CPA	roles	1	1	1	0.06282736336875594	0.11606081174366548	0.1948093347422063	0.5555555555555556
54	UBASH3B+ZBTB25	135	29	selected_CPA	roles	1	1	2	0.062356445947072826	0.11565946637431797	0.19871217926601367	0.5555555555555556
54	UBASH3B+ZBTB25	135	29	selected_CPA	roles	1	2	0	0.0699944118276377	0.12200660902691587	0.1436934045441621	0.5555555555555556
54	UBASH3B+ZBTB25	135	29	selected_CPA	roles	1	2	1	0.06509180434422533	0.11788230156404327	0.18189407770493504	0.5555555555555556
54	UBASH3B+ZBTB25	135	29	selected_CPA	roles	1	2	2	0.06435293651371508	0.11725646634340758	0.1882615268081276	0.5555555555555556
54	UBASH3B+ZBTB25	135	29	selected_CPA	roles	2	0	0	0.06425585597845776	0.11710575135659045	0.18414797780283204	0.5555555555555556
54	UBASH3B+ZBTB25	135	29	selected_CPA	roles	2	0	1	0.05971699706902142	0.11313812281527036	0.22366795545095364	0.5555555555555556
54	UBASH3B+ZBTB25	135	29	selected_CPA	roles	2	0	2	0.05924758720341706	0.11272084634313648	0.22744062744707216	0.5555555555555556
54	UBASH3B+ZBTB25	135	29	selected_CPA	roles	2	1	0	0.06925705236960655	0.12148624949337142	0.13769849073615295	0.5555555555555556
54	UBASH3B+ZBTB25	135	29	selected_CPA	roles	2	1	1	0.06389093181911988	0.11691186673831996	0.1786752229654299	0.5555555555555556
54	UBASH3B+ZBTB25	135	29	selected_CPA	roles	2	1	2	0.06368796480626396	0.11674563369016808	0.18077336093392352	0.5555555555555556
54	UBASH3B+ZBTB25	135	29	selected_CPA	roles	2	2	0	0.06796172738570544	0.12045771851802355	0.15062896916472235	0.5555555555555556
54	UBASH3B+ZBTB25	135	29	selected_CPA	roles	2	2	1	0.06282736336875594	0.11606081174366548	0.1948093347422063	0.5555555555555556
54	UBASH3B+ZBTB25	135	29	selected_CPA	roles	2	2	2	0.062356445947072826	0.11565946637431797	0.19871217926601367	0.5555555555555556
54	UBASH3B+ZBTB25	135	29	selected_CPA	direct_state	unused	unused	0	0.06796172738570544	0.12045771851802355	0.15062896916472235	0.5555555555555556
54	UBASH3B+ZBTB25	135	29	selected_CPA	direct_state	unused	unused	1	0.06282736336875594	0.11606081174366548	0.1948093347422063	0.5555555555555556
54	UBASH3B+ZBTB25	135	29	selected_CPA	direct_state	unused	unused	2	0.062356445947072826	0.11565946637431797	0.19871217926601367	0.5555555555555556
54	UBASH3B+ZBTB25	135	29	original_CPA_fixed	roles	0	0	0	0.08647878606126087	0.1388527686856167	-0.2121820271873468	0.5185185185185185
54	UBASH3B+ZBTB25	135	29	original_CPA_fixed	roles	0	0	1	0.08647878606126087	0.1388527686856167	-0.2121820271873468	0.5185185185185185
54	UBASH3B+ZBTB25	135	29	original_CPA_fixed	roles	0	0	2	0.08647878606126087	0.1388527686856167	-0.2121820271873468	0.5185185185185185
54	UBASH3B+ZBTB25	135	29	original_CPA_fixed	roles	0	1	0	0.09323783788450093	0.14377683676430456	-0.22336455333697622	0.5185185185185185
54	UBASH3B+ZBTB25	135	29	original_CPA_fixed	roles	0	1	1	0.09323783788450093	0.14377683676430456	-0.22336455333697622	0.5185185185185185
54	UBASH3B+ZBTB25	135	29	original_CPA_fixed	roles	0	1	2	0.09323783788450093	0.14377683676430456	-0.22336455333697622	0.5185185185185185
54	UBASH3B+ZBTB25	135	29	original_CPA_fixed	roles	0	2	0	0.09432800556230195	0.14449774214571726	-0.22116409703721596	0.5185185185185185
54	UBASH3B+ZBTB25	135	29	original_CPA_fixed	roles	0	2	1	0.09432800556230195	0.14449774214571726	-0.22116409703721596	0.5185185185185185
54	UBASH3B+ZBTB25	135	29	original_CPA_fixed	roles	0	2	2	0.09432800556230195	0.14449774214571726	-0.22116409703721596	0.5185185185185185
54	UBASH3B+ZBTB25	135	29	original_CPA_fixed	roles	1	0	0	0.08358486441930953	0.1364773354628047	-0.17411096415601443	0.5370370370370371
54	UBASH3B+ZBTB25	135	29	original_CPA_fixed	roles	1	0	1	0.08358486441930953	0.1364773354628047	-0.17411096415601443	0.5370370370370371
54	UBASH3B+ZBTB25	135	29	original_CPA_fixed	roles	1	0	2	0.08358486441930953	0.1364773354628047	-0.17411096415601443	0.5370370370370371
54	UBASH3B+ZBTB25	135	29	original_CPA_fixed	roles	1	1	0	0.08647878606126087	0.1388527686856167	-0.2121820271873468	0.5185185185185185
54	UBASH3B+ZBTB25	135	29	original_CPA_fixed	roles	1	1	1	0.08647878606126087	0.1388527686856167	-0.2121820271873468	0.5185185185185185
54	UBASH3B+ZBTB25	135	29	original_CPA_fixed	roles	1	1	2	0.08647878606126087	0.1388527686856167	-0.2121820271873468	0.5185185185185185
54	UBASH3B+ZBTB25	135	29	original_CPA_fixed	roles	1	2	0	0.08927520525976929	0.1407513458165027	-0.19829296849991687	0.5185185185185185
54	UBASH3B+ZBTB25	135	29	original_CPA_fixed	roles	1	2	1	0.08927520525976929	0.1407513458165027	-0.19829296849991687	0.5185185185185185
54	UBASH3B+ZBTB25	135	29	original_CPA_fixed	roles	1	2	2	0.08927520525976929	0.1407513458165027	-0.19829296849991687	0.5185185185185185
54	UBASH3B+ZBTB25	135	29	original_CPA_fixed	roles	2	0	0	0.08241020312592708	0.1356339905642186	-0.17738385551725855	0.5370370370370371
54	UBASH3B+ZBTB25	135	29	original_CPA_fixed	roles	2	0	1	0.08241020312592708	0.1356339905642186	-0.17738385551725855	0.5370370370370371
54	UBASH3B+ZBTB25	135	29	original_CPA_fixed	roles	2	0	2	0.08241020312592708	0.1356339905642186	-0.17738385551725855	0.5370370370370371
54	UBASH3B+ZBTB25	135	29	original_CPA_fixed	roles	2	1	0	0.08701037628858581	0.13918921996779646	-0.20392410880560788	0.5185185185185185
54	UBASH3B+ZBTB25	135	29	original_CPA_fixed	roles	2	1	1	0.08701037628858581	0.13918921996779646	-0.20392410880560788	0.5185185185185185
54	UBASH3B+ZBTB25	135	29	original_CPA_fixed	roles	2	1	2	0.08701037628858581	0.13918921996779646	-0.20392410880560788	0.5185185185185185
54	UBASH3B+ZBTB25	135	29	original_CPA_fixed	roles	2	2	0	0.08647878606126087	0.1388527686856167	-0.2121820271873468	0.5185185185185185
54	UBASH3B+ZBTB25	135	29	original_CPA_fixed	roles	2	2	1	0.08647878606126087	0.1388527686856167	-0.2121820271873468	0.5185185185185185
54	UBASH3B+ZBTB25	135	29	original_CPA_fixed	roles	2	2	2	0.08647878606126087	0.1388527686856167	-0.2121820271873468	0.5185185185185185
54	UBASH3B+ZBTB25	135	29	original_CPA_fixed	direct_state	unused	unused	0	0.08647878606126087	0.1388527686856167	-0.2121820271873468	0.5185185185185185
54	UBASH3B+ZBTB25	135	29	original_CPA_fixed	direct_state	unused	unused	1	0.08647878606126087	0.1388527686856167	-0.2121820271873468	0.5185185185185185
54	UBASH3B+ZBTB25	135	29	original_CPA_fixed	direct_state	unused	unused	2	0.08647878606126087	0.1388527686856167	-0.2121820271873468	0.5185185185185185
54	UBASH3B+ZBTB25	135	29	additive	roles	0	0	0	0.014088035205242906	0.05267041294707168	0.8393214761376251	1.0
54	UBASH3B+ZBTB25	135	29	additive	roles	0	0	1	0.014088035205242906	0.05267041294707168	0.8393214761376251	1.0
54	UBASH3B+ZBTB25	135	29	additive	roles	0	0	2	0.014088035205242906	0.05267041294707168	0.8393214761376251	1.0
54	UBASH3B+ZBTB25	135	29	additive	roles	0	1	0	0.015752108731376637	0.055434669145600336	0.8248947275830055	1.0
54	UBASH3B+ZBTB25	135	29	additive	roles	0	1	1	0.015752108731376637	0.055434669145600336	0.8248947275830055	1.0
54	UBASH3B+ZBTB25	135	29	additive	roles	0	1	2	0.015752108731376637	0.055434669145600336	0.8248947275830055	1.0
54	UBASH3B+ZBTB25	135	29	additive	roles	0	2	0	0.016005213585821174	0.05594341323022199	0.8235680053591643	1.0
54	UBASH3B+ZBTB25	135	29	additive	roles	0	2	1	0.016005213585821174	0.05594341323022199	0.8235680053591643	1.0
54	UBASH3B+ZBTB25	135	29	additive	roles	0	2	2	0.016005213585821174	0.05594341323022199	0.8235680053591643	1.0
54	UBASH3B+ZBTB25	135	29	additive	roles	1	0	0	0.016289091860397904	0.05668334321828239	0.8182985414827243	1.0
54	UBASH3B+ZBTB25	135	29	additive	roles	1	0	1	0.016289091860397904	0.05668334321828239	0.8182985414827243	1.0
54	UBASH3B+ZBTB25	135	29	additive	roles	1	0	2	0.016289091860397904	0.05668334321828239	0.8182985414827243	1.0
54	UBASH3B+ZBTB25	135	29	additive	roles	1	1	0	0.014088035205242906	0.05267041294707168	0.8393214761376251	1.0
54	UBASH3B+ZBTB25	135	29	additive	roles	1	1	1	0.014088035205242906	0.05267041294707168	0.8393214761376251	1.0
54	UBASH3B+ZBTB25	135	29	additive	roles	1	1	2	0.014088035205242906	0.05267041294707168	0.8393214761376251	1.0
54	UBASH3B+ZBTB25	135	29	additive	roles	1	2	0	0.01604739158039484	0.056159296851143875	0.8214288044892037	1.0
54	UBASH3B+ZBTB25	135	29	additive	roles	1	2	1	0.01604739158039484	0.056159296851143875	0.8214288044892037	1.0
54	UBASH3B+ZBTB25	135	29	additive	roles	1	2	2	0.01604739158039484	0.056159296851143875	0.8214288044892037	1.0
54	UBASH3B+ZBTB25	135	29	additive	roles	2	0	0	0.015951493390371923	0.055988154590455336	0.8211492167215576	1.0
54	UBASH3B+ZBTB25	135	29	additive	roles	2	0	1	0.015951493390371923	0.055988154590455336	0.8211492167215576	1.0
54	UBASH3B+ZBTB25	135	29	additive	roles	2	0	2	0.015951493390371923	0.055988154590455336	0.8211492167215576	1.0
54	UBASH3B+ZBTB25	135	29	additive	roles	2	1	0	0.015456688255924323	0.05494429668576003	0.8257215435015917	1.0
54	UBASH3B+ZBTB25	135	29	additive	roles	2	1	1	0.015456688255924323	0.05494429668576003	0.8257215435015917	1.0
54	UBASH3B+ZBTB25	135	29	additive	roles	2	1	2	0.015456688255924323	0.05494429668576003	0.8257215435015917	1.0
54	UBASH3B+ZBTB25	135	29	additive	roles	2	2	0	0.014088035205242906	0.05267041294707168	0.8393214761376251	1.0
54	UBASH3B+ZBTB25	135	29	additive	roles	2	2	1	0.014088035205242906	0.05267041294707168	0.8393214761376251	1.0
54	UBASH3B+ZBTB25	135	29	additive	roles	2	2	2	0.014088035205242906	0.05267041294707168	0.8393214761376251	1.0
54	UBASH3B+ZBTB25	135	29	additive	direct_state	unused	unused	0	0.014088035205242906	0.05267041294707168	0.8393214761376251	1.0
54	UBASH3B+ZBTB25	135	29	additive	direct_state	unused	unused	1	0.014088035205242906	0.05267041294707168	0.8393214761376251	1.0
54	UBASH3B+ZBTB25	135	29	additive	direct_state	unused	unused	2	0.014088035205242906	0.05267041294707168	0.8393214761376251	1.0
54	UBASH3B+ZBTB25	135	29	compositional_ridge	roles	0	0	0	0.008663565517956334	0.0414932483491354	0.9066806197174665	1.0
54	UBASH3B+ZBTB25	135	29	compositional_ridge	roles	0	0	1	0.008663565517956334	0.0414932483491354	0.9066806197174665	1.0
54	UBASH3B+ZBTB25	135	29	compositional_ridge	roles	0	0	2	0.008663565517956334	0.0414932483491354	0.9066806197174665	1.0
54	UBASH3B+ZBTB25	135	29	compositional_ridge	roles	0	1	0	0.011131027608323657	0.046915280324535055	0.8750993091299437	1.0
54	UBASH3B+ZBTB25	135	29	compositional_ridge	roles	0	1	1	0.011131027608323657	0.046915280324535055	0.8750993091299437	1.0
54	UBASH3B+ZBTB25	135	29	compositional_ridge	roles	0	1	2	0.011131027608323657	0.046915280324535055	0.8750993091299437	1.0
54	UBASH3B+ZBTB25	135	29	compositional_ridge	roles	0	2	0	0.011098187918346738	0.04678809855407852	0.878324297974909	1.0
54	UBASH3B+ZBTB25	135	29	compositional_ridge	roles	0	2	1	0.011098187918346738	0.04678809855407852	0.878324297974909	1.0
54	UBASH3B+ZBTB25	135	29	compositional_ridge	roles	0	2	2	0.011098187918346738	0.04678809855407852	0.878324297974909	1.0
54	UBASH3B+ZBTB25	135	29	compositional_ridge	roles	1	0	0	0.010061233608877743	0.04449713396220042	0.8792029574226685	1.0
54	UBASH3B+ZBTB25	135	29	compositional_ridge	roles	1	0	1	0.010061233608877743	0.04449713396220042	0.8792029574226685	1.0
54	UBASH3B+ZBTB25	135	29	compositional_ridge	roles	1	0	2	0.010061233608877743	0.04449713396220042	0.8792029574226685	1.0
54	UBASH3B+ZBTB25	135	29	compositional_ridge	roles	1	1	0	0.008663565517956334	0.0414932483491354	0.9066806197174665	1.0
54	UBASH3B+ZBTB25	135	29	compositional_ridge	roles	1	1	1	0.008663565517956334	0.0414932483491354	0.9066806197174665	1.0
54	UBASH3B+ZBTB25	135	29	compositional_ridge	roles	1	1	2	0.008663565517956334	0.0414932483491354	0.9066806197174665	1.0
54	UBASH3B+ZBTB25	135	29	compositional_ridge	roles	1	2	0	0.010336977348686818	0.045086623062435334	0.8824256698587262	1.0
54	UBASH3B+ZBTB25	135	29	compositional_ridge	roles	1	2	1	0.010336977348686818	0.045086623062435334	0.8824256698587262	1.0
54	UBASH3B+ZBTB25	135	29	compositional_ridge	roles	1	2	2	0.010336977348686818	0.045086623062435334	0.8824256698587262	1.0
54	UBASH3B+ZBTB25	135	29	compositional_ridge	roles	2	0	0	0.010009579683273213	0.04438746770296633	0.8789895202009097	1.0
54	UBASH3B+ZBTB25	135	29	compositional_ridge	roles	2	0	1	0.010009579683273213	0.04438746770296633	0.8789895202009097	1.0
54	UBASH3B+ZBTB25	135	29	compositional_ridge	roles	2	0	2	0.010009579683273213	0.04438746770296633	0.8789895202009097	1.0
54	UBASH3B+ZBTB25	135	29	compositional_ridge	roles	2	1	0	0.010318163113059206	0.04511067832597439	0.8791080277370825	1.0
54	UBASH3B+ZBTB25	135	29	compositional_ridge	roles	2	1	1	0.010318163113059206	0.04511067832597439	0.8791080277370825	1.0
54	UBASH3B+ZBTB25	135	29	compositional_ridge	roles	2	1	2	0.010318163113059206	0.04511067832597439	0.8791080277370825	1.0
54	UBASH3B+ZBTB25	135	29	compositional_ridge	roles	2	2	0	0.008663565517956334	0.0414932483491354	0.9066806197174665	1.0
54	UBASH3B+ZBTB25	135	29	compositional_ridge	roles	2	2	1	0.008663565517956334	0.0414932483491354	0.9066806197174665	1.0
54	UBASH3B+ZBTB25	135	29	compositional_ridge	roles	2	2	2	0.008663565517956334	0.0414932483491354	0.9066806197174665	1.0
54	UBASH3B+ZBTB25	135	29	compositional_ridge	direct_state	unused	unused	0	0.008663565517956334	0.0414932483491354	0.9066806197174665	1.0
54	UBASH3B+ZBTB25	135	29	compositional_ridge	direct_state	unused	unused	1	0.008663565517956334	0.0414932483491354	0.9066806197174665	1.0
54	UBASH3B+ZBTB25	135	29	compositional_ridge	direct_state	unused	unused	2	0.008663565517956334	0.0414932483491354	0.9066806197174665	1.0
54	UBASH3B+ZBTB25	135	29	NC_native_effect	roles	0	0	0	0.10205952292380534	0.152017679564271	-0.41039517400289033	0.4444444444444444
54	UBASH3B+ZBTB25	135	29	NC_native_effect	roles	0	0	1	0.10205952292380534	0.152017679564271	-0.41039517400289033	0.4444444444444444
54	UBASH3B+ZBTB25	135	29	NC_native_effect	roles	0	0	2	0.10205952292380534	0.152017679564271	-0.41039517400289033	0.4444444444444444
54	UBASH3B+ZBTB25	135	29	NC_native_effect	roles	0	1	0	0.10205952292380534	0.152017679564271	-0.41039517400289033	0.4444444444444444
54	UBASH3B+ZBTB25	135	29	NC_native_effect	roles	0	1	1	0.10205952292380534	0.152017679564271	-0.41039517400289033	0.4444444444444444
54	UBASH3B+ZBTB25	135	29	NC_native_effect	roles	0	1	2	0.10205952292380534	0.152017679564271	-0.41039517400289033	0.4444444444444444
54	UBASH3B+ZBTB25	135	29	NC_native_effect	roles	0	2	0	0.10205952292380534	0.152017679564271	-0.41039517400289033	0.4444444444444444
54	UBASH3B+ZBTB25	135	29	NC_native_effect	roles	0	2	1	0.10205952292380534	0.152017679564271	-0.41039517400289033	0.4444444444444444
54	UBASH3B+ZBTB25	135	29	NC_native_effect	roles	0	2	2	0.10205952292380534	0.152017679564271	-0.41039517400289033	0.4444444444444444
54	UBASH3B+ZBTB25	135	29	NC_native_effect	roles	1	0	0	0.09678014802029007	0.14827231147117878	-0.398563183779326	0.46296296296296297
54	UBASH3B+ZBTB25	135	29	NC_native_effect	roles	1	0	1	0.09678014802029007	0.14827231147117878	-0.398563183779326	0.46296296296296297
54	UBASH3B+ZBTB25	135	29	NC_native_effect	roles	1	0	2	0.09678014802029007	0.14827231147117878	-0.398563183779326	0.46296296296296297
54	UBASH3B+ZBTB25	135	29	NC_native_effect	roles	1	1	0	0.09678014802029007	0.14827231147117878	-0.398563183779326	0.46296296296296297
54	UBASH3B+ZBTB25	135	29	NC_native_effect	roles	1	1	1	0.09678014802029007	0.14827231147117878	-0.398563183779326	0.46296296296296297
54	UBASH3B+ZBTB25	135	29	NC_native_effect	roles	1	1	2	0.09678014802029007	0.14827231147117878	-0.398563183779326	0.46296296296296297
54	UBASH3B+ZBTB25	135	29	NC_native_effect	roles	1	2	0	0.09678014802029007	0.14827231147117878	-0.398563183779326	0.46296296296296297
54	UBASH3B+ZBTB25	135	29	NC_native_effect	roles	1	2	1	0.09678014802029007	0.14827231147117878	-0.398563183779326	0.46296296296296297
54	UBASH3B+ZBTB25	135	29	NC_native_effect	roles	1	2	2	0.09678014802029007	0.14827231147117878	-0.398563183779326	0.46296296296296297
54	UBASH3B+ZBTB25	135	29	NC_native_effect	roles	2	0	0	0.09553758937955806	0.14747034332295592	-0.4044993344827327	0.46296296296296297
54	UBASH3B+ZBTB25	135	29	NC_native_effect	roles	2	0	1	0.09553758937955806	0.14747034332295592	-0.4044993344827327	0.46296296296296297
54	UBASH3B+ZBTB25	135	29	NC_native_effect	roles	2	0	2	0.09553758937955806	0.14747034332295592	-0.4044993344827327	0.46296296296296297
54	UBASH3B+ZBTB25	135	29	NC_native_effect	roles	2	1	0	0.09553758937955806	0.14747034332295592	-0.4044993344827327	0.46296296296296297
54	UBASH3B+ZBTB25	135	29	NC_native_effect	roles	2	1	1	0.09553758937955806	0.14747034332295592	-0.4044993344827327	0.46296296296296297
54	UBASH3B+ZBTB25	135	29	NC_native_effect	roles	2	1	2	0.09553758937955806	0.14747034332295592	-0.4044993344827327	0.46296296296296297
54	UBASH3B+ZBTB25	135	29	NC_native_effect	roles	2	2	0	0.09553758937955806	0.14747034332295592	-0.4044993344827327	0.46296296296296297
54	UBASH3B+ZBTB25	135	29	NC_native_effect	roles	2	2	1	0.09553758937955806	0.14747034332295592	-0.4044993344827327	0.46296296296296297
54	UBASH3B+ZBTB25	135	29	NC_native_effect	roles	2	2	2	0.09553758937955806	0.14747034332295592	-0.4044993344827327	0.46296296296296297
54	UBASH3B+ZBTB25	135	29	NC_native_effect	direct_state	unused	unused	0	0.09782598585030752	0.14905308879895904	-0.40673314181520526	0.46296296296296297
54	UBASH3B+ZBTB25	135	29	NC_native_effect	direct_state	unused	unused	1	0.09782598585030752	0.14905308879895904	-0.40673314181520526	0.46296296296296297
54	UBASH3B+ZBTB25	135	29	NC_native_effect	direct_state	unused	unused	2	0.09782598585030752	0.14905308879895904	-0.40673314181520526	0.46296296296296297
54	UBASH3B+ZBTB25	135	29	native_effect_ridge	roles	0	0	0	0.008948918277009367	0.04097906475722942	0.9007165729067182	1.0
54	UBASH3B+ZBTB25	135	29	native_effect_ridge	roles	0	0	1	0.008948918277009367	0.04097906475722942	0.9007165729067182	1.0
54	UBASH3B+ZBTB25	135	29	native_effect_ridge	roles	0	0	2	0.008948918277009367	0.04097906475722942	0.9007165729067182	1.0
54	UBASH3B+ZBTB25	135	29	native_effect_ridge	roles	0	1	0	0.008948918277009367	0.04097906475722942	0.9007165729067182	1.0
54	UBASH3B+ZBTB25	135	29	native_effect_ridge	roles	0	1	1	0.008948918277009367	0.04097906475722942	0.9007165729067182	1.0
54	UBASH3B+ZBTB25	135	29	native_effect_ridge	roles	0	1	2	0.008948918277009367	0.04097906475722942	0.9007165729067182	1.0
54	UBASH3B+ZBTB25	135	29	native_effect_ridge	roles	0	2	0	0.008948918277009367	0.04097906475722942	0.9007165729067182	1.0
54	UBASH3B+ZBTB25	135	29	native_effect_ridge	roles	0	2	1	0.008948918277009367	0.04097906475722942	0.9007165729067182	1.0
54	UBASH3B+ZBTB25	135	29	native_effect_ridge	roles	0	2	2	0.008948918277009367	0.04097906475722942	0.9007165729067182	1.0
54	UBASH3B+ZBTB25	135	29	native_effect_ridge	roles	1	0	0	0.009174265570881746	0.04166637313730831	0.9001707034855703	1.0
54	UBASH3B+ZBTB25	135	29	native_effect_ridge	roles	1	0	1	0.009174265570881746	0.04166637313730831	0.9001707034855703	1.0
54	UBASH3B+ZBTB25	135	29	native_effect_ridge	roles	1	0	2	0.009174265570881746	0.04166637313730831	0.9001707034855703	1.0
54	UBASH3B+ZBTB25	135	29	native_effect_ridge	roles	1	1	0	0.009174265570881746	0.04166637313730831	0.9001707034855703	1.0
54	UBASH3B+ZBTB25	135	29	native_effect_ridge	roles	1	1	1	0.009174265570881746	0.04166637313730831	0.9001707034855703	1.0
54	UBASH3B+ZBTB25	135	29	native_effect_ridge	roles	1	1	2	0.009174265570881746	0.04166637313730831	0.9001707034855703	1.0
54	UBASH3B+ZBTB25	135	29	native_effect_ridge	roles	1	2	0	0.009174265570881746	0.04166637313730831	0.9001707034855703	1.0
54	UBASH3B+ZBTB25	135	29	native_effect_ridge	roles	1	2	1	0.009174265570881746	0.04166637313730831	0.9001707034855703	1.0
54	UBASH3B+ZBTB25	135	29	native_effect_ridge	roles	1	2	2	0.009174265570881746	0.04166637313730831	0.9001707034855703	1.0
54	UBASH3B+ZBTB25	135	29	native_effect_ridge	roles	2	0	0	0.00941084446082288	0.042200659722474124	0.8981595694000601	1.0
54	UBASH3B+ZBTB25	135	29	native_effect_ridge	roles	2	0	1	0.00941084446082288	0.042200659722474124	0.8981595694000601	1.0
54	UBASH3B+ZBTB25	135	29	native_effect_ridge	roles	2	0	2	0.00941084446082288	0.042200659722474124	0.8981595694000601	1.0
54	UBASH3B+ZBTB25	135	29	native_effect_ridge	roles	2	1	0	0.00941084446082288	0.042200659722474124	0.8981595694000601	1.0
54	UBASH3B+ZBTB25	135	29	native_effect_ridge	roles	2	1	1	0.00941084446082288	0.042200659722474124	0.8981595694000601	1.0
54	UBASH3B+ZBTB25	135	29	native_effect_ridge	roles	2	1	2	0.00941084446082288	0.042200659722474124	0.8981595694000601	1.0
54	UBASH3B+ZBTB25	135	29	native_effect_ridge	roles	2	2	0	0.00941084446082288	0.042200659722474124	0.8981595694000601	1.0
54	UBASH3B+ZBTB25	135	29	native_effect_ridge	roles	2	2	1	0.00941084446082288	0.042200659722474124	0.8981595694000601	1.0
54	UBASH3B+ZBTB25	135	29	native_effect_ridge	roles	2	2	2	0.00941084446082288	0.042200659722474124	0.8981595694000601	1.0
54	UBASH3B+ZBTB25	135	29	native_effect_ridge	direct_state	unused	unused	0	0.007978757855327395	0.038753344552333924	0.9116162442400673	1.0
54	UBASH3B+ZBTB25	135	29	native_effect_ridge	direct_state	unused	unused	1	0.007978757855327395	0.038753344552333924	0.9116162442400673	1.0
54	UBASH3B+ZBTB25	135	29	native_effect_ridge	direct_state	unused	unused	2	0.007978757855327395	0.038753344552333924	0.9116162442400673	1.0
