depth	role	model	metric	gap	taskmean_values	positive	negative	within
8	Cobs	selected_CPA	standardized_MSE	0.0	1620	810	810	0
8	Cobs	selected_CPA	standardized_MSE	0.005	1620	706	706	208
8	Cobs	selected_CPA	standardized_MSE	0.01	1620	628	628	364
8	Cobs	selected_CPA	standardized_MSE	0.02	1620	474	474	672
8	Cobs	selected_CPA	raw_RMSE	0.0	1620	810	810	0
8	Cobs	selected_CPA	raw_RMSE	0.005	1620	667	667	286
8	Cobs	selected_CPA	raw_RMSE	0.01	1620	563	563	494
8	Cobs	selected_CPA	raw_RMSE	0.02	1620	385	385	850
8	Cobs	selected_CPA	perturbation_centred_Pearson	0.0	1620	810	810	0
8	Cobs	selected_CPA	perturbation_centred_Pearson	0.005	1620	767	767	86
8	Cobs	selected_CPA	perturbation_centred_Pearson	0.01	1620	691	691	238
8	Cobs	selected_CPA	perturbation_centred_Pearson	0.02	1620	580	580	460
8	Cobs	selected_CPA	centroid_accuracy	0.0	1620	793	793	34
8	Cobs	selected_CPA	centroid_accuracy	0.005	1620	477	477	666
8	Cobs	selected_CPA	centroid_accuracy	0.01	1620	217	217	1186
8	Cobs	selected_CPA	centroid_accuracy	0.02	1620	8	8	1604
8	Cobs	original_CPA_fixed	standardized_MSE	0.0	1620	810	810	0
8	Cobs	original_CPA_fixed	standardized_MSE	0.005	1620	720	720	180
8	Cobs	original_CPA_fixed	standardized_MSE	0.01	1620	657	657	306
8	Cobs	original_CPA_fixed	standardized_MSE	0.02	1620	453	453	714
8	Cobs	original_CPA_fixed	raw_RMSE	0.0	1620	810	810	0
8	Cobs	original_CPA_fixed	raw_RMSE	0.005	1620	687	687	246
8	Cobs	original_CPA_fixed	raw_RMSE	0.01	1620	582	582	456
8	Cobs	original_CPA_fixed	raw_RMSE	0.02	1620	327	327	966
8	Cobs	original_CPA_fixed	perturbation_centred_Pearson	0.0	1620	810	810	0
8	Cobs	original_CPA_fixed	perturbation_centred_Pearson	0.005	1620	765	765	90
8	Cobs	original_CPA_fixed	perturbation_centred_Pearson	0.01	1620	705	705	210
8	Cobs	original_CPA_fixed	perturbation_centred_Pearson	0.02	1620	576	576	468
8	Cobs	original_CPA_fixed	centroid_accuracy	0.0	1620	774	774	72
8	Cobs	original_CPA_fixed	centroid_accuracy	0.005	1620	192	192	1236
8	Cobs	original_CPA_fixed	centroid_accuracy	0.01	1620	21	21	1578
8	Cobs	original_CPA_fixed	centroid_accuracy	0.02	1620	0	0	1620
8	Cobs	additive	standardized_MSE	0.0	1620	810	810	0
8	Cobs	additive	standardized_MSE	0.005	1620	561	561	498
8	Cobs	additive	standardized_MSE	0.01	1620	543	543	534
8	Cobs	additive	standardized_MSE	0.02	1620	540	540	540
8	Cobs	additive	raw_RMSE	0.0	1620	810	810	0
8	Cobs	additive	raw_RMSE	0.005	1620	561	561	498
8	Cobs	additive	raw_RMSE	0.01	1620	543	543	534
8	Cobs	additive	raw_RMSE	0.02	1620	540	540	540
8	Cobs	additive	perturbation_centred_Pearson	0.0	1620	810	810	0
8	Cobs	additive	perturbation_centred_Pearson	0.005	1620	702	702	216
8	Cobs	additive	perturbation_centred_Pearson	0.01	1620	585	585	450
8	Cobs	additive	perturbation_centred_Pearson	0.02	1620	540	540	540
8	Cobs	additive	centroid_accuracy	0.0	1620	783	783	54
8	Cobs	additive	centroid_accuracy	0.005	1620	303	303	1014
8	Cobs	additive	centroid_accuracy	0.01	1620	87	87	1446
8	Cobs	additive	centroid_accuracy	0.02	1620	3	3	1614
8	Cobs	compositional_ridge	standardized_MSE	0.0	1620	810	810	0
8	Cobs	compositional_ridge	standardized_MSE	0.005	1620	576	576	468
8	Cobs	compositional_ridge	standardized_MSE	0.01	1620	540	540	540
8	Cobs	compositional_ridge	standardized_MSE	0.02	1620	540	540	540
8	Cobs	compositional_ridge	raw_RMSE	0.0	1620	810	810	0
8	Cobs	compositional_ridge	raw_RMSE	0.005	1620	564	564	492
8	Cobs	compositional_ridge	raw_RMSE	0.01	1620	540	540	540
8	Cobs	compositional_ridge	raw_RMSE	0.02	1620	540	540	540
8	Cobs	compositional_ridge	perturbation_centred_Pearson	0.0	1620	810	810	0
8	Cobs	compositional_ridge	perturbation_centred_Pearson	0.005	1620	747	747	126
8	Cobs	compositional_ridge	perturbation_centred_Pearson	0.01	1620	702	702	216
8	Cobs	compositional_ridge	perturbation_centred_Pearson	0.02	1620	609	609	402
8	Cobs	compositional_ridge	centroid_accuracy	0.0	1620	804	804	12
8	Cobs	compositional_ridge	centroid_accuracy	0.005	1620	639	639	342
8	Cobs	compositional_ridge	centroid_accuracy	0.01	1620	462	462	696
8	Cobs	compositional_ridge	centroid_accuracy	0.02	1620	234	234	1152
8	Cobs	NC_native_effect	standardized_MSE	0.0	1620	810	810	0
8	Cobs	NC_native_effect	standardized_MSE	0.005	1620	549	549	522
8	Cobs	NC_native_effect	standardized_MSE	0.01	1620	405	405	810
8	Cobs	NC_native_effect	standardized_MSE	0.02	1620	81	81	1458
8	Cobs	NC_native_effect	raw_RMSE	0.0	1620	810	810	0
8	Cobs	NC_native_effect	raw_RMSE	0.005	1620	423	423	774
8	Cobs	NC_native_effect	raw_RMSE	0.01	1620	153	153	1314
8	Cobs	NC_native_effect	raw_RMSE	0.02	1620	0	0	1620
8	Cobs	NC_native_effect	perturbation_centred_Pearson	0.0	1620	810	810	0
8	Cobs	NC_native_effect	perturbation_centred_Pearson	0.005	1620	594	594	432
8	Cobs	NC_native_effect	perturbation_centred_Pearson	0.01	1620	405	405	810
8	Cobs	NC_native_effect	perturbation_centred_Pearson	0.02	1620	126	126	1368
8	Cobs	NC_native_effect	centroid_accuracy	0.0	1620	0	0	1620
8	Cobs	NC_native_effect	centroid_accuracy	0.005	1620	0	0	1620
8	Cobs	NC_native_effect	centroid_accuracy	0.01	1620	0	0	1620
8	Cobs	NC_native_effect	centroid_accuracy	0.02	1620	0	0	1620
8	Cobs	native_effect_ridge	standardized_MSE	0.0	1620	810	810	0
8	Cobs	native_effect_ridge	standardized_MSE	0.005	1620	9	9	1602
8	Cobs	native_effect_ridge	standardized_MSE	0.01	1620	0	0	1620
8	Cobs	native_effect_ridge	standardized_MSE	0.02	1620	0	0	1620
8	Cobs	native_effect_ridge	raw_RMSE	0.0	1620	810	810	0
8	Cobs	native_effect_ridge	raw_RMSE	0.005	1620	36	36	1548
8	Cobs	native_effect_ridge	raw_RMSE	0.01	1620	0	0	1620
8	Cobs	native_effect_ridge	raw_RMSE	0.02	1620	0	0	1620
8	Cobs	native_effect_ridge	perturbation_centred_Pearson	0.0	1620	810	810	0
8	Cobs	native_effect_ridge	perturbation_centred_Pearson	0.005	1620	459	459	702
8	Cobs	native_effect_ridge	perturbation_centred_Pearson	0.01	1620	243	243	1134
8	Cobs	native_effect_ridge	perturbation_centred_Pearson	0.02	1620	18	18	1584
8	Cobs	native_effect_ridge	centroid_accuracy	0.0	1620	765	765	90
8	Cobs	native_effect_ridge	centroid_accuracy	0.005	1620	153	153	1314
8	Cobs	native_effect_ridge	centroid_accuracy	0.01	1620	18	18	1584
8	Cobs	native_effect_ridge	centroid_accuracy	0.02	1620	0	0	1620
8	Cpred	selected_CPA	standardized_MSE	0.0	1620	810	810	0
8	Cpred	selected_CPA	standardized_MSE	0.005	1620	704	704	212
8	Cpred	selected_CPA	standardized_MSE	0.01	1620	631	631	358
8	Cpred	selected_CPA	standardized_MSE	0.02	1620	477	477	666
8	Cpred	selected_CPA	raw_RMSE	0.0	1620	810	810	0
8	Cpred	selected_CPA	raw_RMSE	0.005	1620	668	668	284
8	Cpred	selected_CPA	raw_RMSE	0.01	1620	573	573	474
8	Cpred	selected_CPA	raw_RMSE	0.02	1620	387	387	846
8	Cpred	selected_CPA	perturbation_centred_Pearson	0.0	1620	810	810	0
8	Cpred	selected_CPA	perturbation_centred_Pearson	0.005	1620	759	759	102
8	Cpred	selected_CPA	perturbation_centred_Pearson	0.01	1620	691	691	238
8	Cpred	selected_CPA	perturbation_centred_Pearson	0.02	1620	583	583	454
8	Cpred	selected_CPA	centroid_accuracy	0.0	1620	795	795	30
8	Cpred	selected_CPA	centroid_accuracy	0.005	1620	466	466	688
8	Cpred	selected_CPA	centroid_accuracy	0.01	1620	211	211	1198
8	Cpred	selected_CPA	centroid_accuracy	0.02	1620	8	8	1604
8	Cpred	original_CPA_fixed	standardized_MSE	0.0	1620	810	810	0
8	Cpred	original_CPA_fixed	standardized_MSE	0.005	1620	720	720	180
8	Cpred	original_CPA_fixed	standardized_MSE	0.01	1620	657	657	306
8	Cpred	original_CPA_fixed	standardized_MSE	0.02	1620	453	453	714
8	Cpred	original_CPA_fixed	raw_RMSE	0.0	1620	810	810	0
8	Cpred	original_CPA_fixed	raw_RMSE	0.005	1620	690	690	240
8	Cpred	original_CPA_fixed	raw_RMSE	0.01	1620	579	579	462
8	Cpred	original_CPA_fixed	raw_RMSE	0.02	1620	327	327	966
8	Cpred	original_CPA_fixed	perturbation_centred_Pearson	0.0	1620	810	810	0
8	Cpred	original_CPA_fixed	perturbation_centred_Pearson	0.005	1620	768	768	84
8	Cpred	original_CPA_fixed	perturbation_centred_Pearson	0.01	1620	711	711	198
8	Cpred	original_CPA_fixed	perturbation_centred_Pearson	0.02	1620	567	567	486
8	Cpred	original_CPA_fixed	centroid_accuracy	0.0	1620	777	777	66
8	Cpred	original_CPA_fixed	centroid_accuracy	0.005	1620	213	213	1194
8	Cpred	original_CPA_fixed	centroid_accuracy	0.01	1620	27	27	1566
8	Cpred	original_CPA_fixed	centroid_accuracy	0.02	1620	0	0	1620
8	Cpred	additive	standardized_MSE	0.0	1620	810	810	0
8	Cpred	additive	standardized_MSE	0.005	1620	573	573	474
8	Cpred	additive	standardized_MSE	0.01	1620	540	540	540
8	Cpred	additive	standardized_MSE	0.02	1620	540	540	540
8	Cpred	additive	raw_RMSE	0.0	1620	810	810	0
8	Cpred	additive	raw_RMSE	0.005	1620	570	570	480
8	Cpred	additive	raw_RMSE	0.01	1620	540	540	540
8	Cpred	additive	raw_RMSE	0.02	1620	540	540	540
8	Cpred	additive	perturbation_centred_Pearson	0.0	1620	810	810	0
8	Cpred	additive	perturbation_centred_Pearson	0.005	1620	699	699	222
8	Cpred	additive	perturbation_centred_Pearson	0.01	1620	591	591	438
8	Cpred	additive	perturbation_centred_Pearson	0.02	1620	549	549	522
8	Cpred	additive	centroid_accuracy	0.0	1620	777	777	66
8	Cpred	additive	centroid_accuracy	0.005	1620	267	267	1086
8	Cpred	additive	centroid_accuracy	0.01	1620	84	84	1452
8	Cpred	additive	centroid_accuracy	0.02	1620	3	3	1614
8	Cpred	compositional_ridge	standardized_MSE	0.0	1620	810	810	0
8	Cpred	compositional_ridge	standardized_MSE	0.005	1620	582	582	456
8	Cpred	compositional_ridge	standardized_MSE	0.01	1620	543	543	534
8	Cpred	compositional_ridge	standardized_MSE	0.02	1620	540	540	540
8	Cpred	compositional_ridge	raw_RMSE	0.0	1620	810	810	0
8	Cpred	compositional_ridge	raw_RMSE	0.005	1620	570	570	480
8	Cpred	compositional_ridge	raw_RMSE	0.01	1620	543	543	534
8	Cpred	compositional_ridge	raw_RMSE	0.02	1620	540	540	540
8	Cpred	compositional_ridge	perturbation_centred_Pearson	0.0	1620	810	810	0
8	Cpred	compositional_ridge	perturbation_centred_Pearson	0.005	1620	759	759	102
8	Cpred	compositional_ridge	perturbation_centred_Pearson	0.01	1620	702	702	216
8	Cpred	compositional_ridge	perturbation_centred_Pearson	0.02	1620	618	618	384
8	Cpred	compositional_ridge	centroid_accuracy	0.0	1620	804	804	12
8	Cpred	compositional_ridge	centroid_accuracy	0.005	1620	633	633	354
8	Cpred	compositional_ridge	centroid_accuracy	0.01	1620	453	453	714
8	Cpred	compositional_ridge	centroid_accuracy	0.02	1620	216	216	1188
8	Cpred	NC_native_effect	standardized_MSE	0.0	1620	0	0	1620
8	Cpred	NC_native_effect	standardized_MSE	0.005	1620	0	0	1620
8	Cpred	NC_native_effect	standardized_MSE	0.01	1620	0	0	1620
8	Cpred	NC_native_effect	standardized_MSE	0.02	1620	0	0	1620
8	Cpred	NC_native_effect	raw_RMSE	0.0	1620	0	0	1620
8	Cpred	NC_native_effect	raw_RMSE	0.005	1620	0	0	1620
8	Cpred	NC_native_effect	raw_RMSE	0.01	1620	0	0	1620
8	Cpred	NC_native_effect	raw_RMSE	0.02	1620	0	0	1620
8	Cpred	NC_native_effect	perturbation_centred_Pearson	0.0	1620	0	0	1620
8	Cpred	NC_native_effect	perturbation_centred_Pearson	0.005	1620	0	0	1620
8	Cpred	NC_native_effect	perturbation_centred_Pearson	0.01	1620	0	0	1620
8	Cpred	NC_native_effect	perturbation_centred_Pearson	0.02	1620	0	0	1620
8	Cpred	NC_native_effect	centroid_accuracy	0.0	1620	0	0	1620
8	Cpred	NC_native_effect	centroid_accuracy	0.005	1620	0	0	1620
8	Cpred	NC_native_effect	centroid_accuracy	0.01	1620	0	0	1620
8	Cpred	NC_native_effect	centroid_accuracy	0.02	1620	0	0	1620
8	Cpred	native_effect_ridge	standardized_MSE	0.0	1620	0	0	1620
8	Cpred	native_effect_ridge	standardized_MSE	0.005	1620	0	0	1620
8	Cpred	native_effect_ridge	standardized_MSE	0.01	1620	0	0	1620
8	Cpred	native_effect_ridge	standardized_MSE	0.02	1620	0	0	1620
8	Cpred	native_effect_ridge	raw_RMSE	0.0	1620	0	0	1620
8	Cpred	native_effect_ridge	raw_RMSE	0.005	1620	0	0	1620
8	Cpred	native_effect_ridge	raw_RMSE	0.01	1620	0	0	1620
8	Cpred	native_effect_ridge	raw_RMSE	0.02	1620	0	0	1620
8	Cpred	native_effect_ridge	perturbation_centred_Pearson	0.0	1620	0	0	1620
8	Cpred	native_effect_ridge	perturbation_centred_Pearson	0.005	1620	0	0	1620
8	Cpred	native_effect_ridge	perturbation_centred_Pearson	0.01	1620	0	0	1620
8	Cpred	native_effect_ridge	perturbation_centred_Pearson	0.02	1620	0	0	1620
8	Cpred	native_effect_ridge	centroid_accuracy	0.0	1620	0	0	1620
8	Cpred	native_effect_ridge	centroid_accuracy	0.005	1620	0	0	1620
8	Cpred	native_effect_ridge	centroid_accuracy	0.01	1620	0	0	1620
8	Cpred	native_effect_ridge	centroid_accuracy	0.02	1620	0	0	1620
8	Cmodel	selected_CPA	standardized_MSE	0.0	1620	810	810	0
8	Cmodel	selected_CPA	standardized_MSE	0.005	1620	493	493	634
8	Cmodel	selected_CPA	standardized_MSE	0.01	1620	270	270	1080
8	Cmodel	selected_CPA	standardized_MSE	0.02	1620	68	68	1484
8	Cmodel	selected_CPA	raw_RMSE	0.0	1620	810	810	0
8	Cmodel	selected_CPA	raw_RMSE	0.005	1620	392	392	836
8	Cmodel	selected_CPA	raw_RMSE	0.01	1620	158	158	1304
8	Cmodel	selected_CPA	raw_RMSE	0.02	1620	9	9	1602
8	Cmodel	selected_CPA	perturbation_centred_Pearson	0.0	1620	810	810	0
8	Cmodel	selected_CPA	perturbation_centred_Pearson	0.005	1620	676	676	268
8	Cmodel	selected_CPA	perturbation_centred_Pearson	0.01	1620	571	571	478
8	Cmodel	selected_CPA	perturbation_centred_Pearson	0.02	1620	400	400	820
8	Cmodel	selected_CPA	centroid_accuracy	0.0	1620	793	793	34
8	Cmodel	selected_CPA	centroid_accuracy	0.005	1620	462	462	696
8	Cmodel	selected_CPA	centroid_accuracy	0.01	1620	185	185	1250
8	Cmodel	selected_CPA	centroid_accuracy	0.02	1620	7	7	1606
8	Cmodel	original_CPA_fixed	standardized_MSE	0.0	1620	0	0	1620
8	Cmodel	original_CPA_fixed	standardized_MSE	0.005	1620	0	0	1620
8	Cmodel	original_CPA_fixed	standardized_MSE	0.01	1620	0	0	1620
8	Cmodel	original_CPA_fixed	standardized_MSE	0.02	1620	0	0	1620
8	Cmodel	original_CPA_fixed	raw_RMSE	0.0	1620	0	0	1620
8	Cmodel	original_CPA_fixed	raw_RMSE	0.005	1620	0	0	1620
8	Cmodel	original_CPA_fixed	raw_RMSE	0.01	1620	0	0	1620
8	Cmodel	original_CPA_fixed	raw_RMSE	0.02	1620	0	0	1620
8	Cmodel	original_CPA_fixed	perturbation_centred_Pearson	0.0	1620	0	0	1620
8	Cmodel	original_CPA_fixed	perturbation_centred_Pearson	0.005	1620	0	0	1620
8	Cmodel	original_CPA_fixed	perturbation_centred_Pearson	0.01	1620	0	0	1620
8	Cmodel	original_CPA_fixed	perturbation_centred_Pearson	0.02	1620	0	0	1620
8	Cmodel	original_CPA_fixed	centroid_accuracy	0.0	1620	0	0	1620
8	Cmodel	original_CPA_fixed	centroid_accuracy	0.005	1620	0	0	1620
8	Cmodel	original_CPA_fixed	centroid_accuracy	0.01	1620	0	0	1620
8	Cmodel	original_CPA_fixed	centroid_accuracy	0.02	1620	0	0	1620
8	Cmodel	additive	standardized_MSE	0.0	1620	0	0	1620
8	Cmodel	additive	standardized_MSE	0.005	1620	0	0	1620
8	Cmodel	additive	standardized_MSE	0.01	1620	0	0	1620
8	Cmodel	additive	standardized_MSE	0.02	1620	0	0	1620
8	Cmodel	additive	raw_RMSE	0.0	1620	0	0	1620
8	Cmodel	additive	raw_RMSE	0.005	1620	0	0	1620
8	Cmodel	additive	raw_RMSE	0.01	1620	0	0	1620
8	Cmodel	additive	raw_RMSE	0.02	1620	0	0	1620
8	Cmodel	additive	perturbation_centred_Pearson	0.0	1620	0	0	1620
8	Cmodel	additive	perturbation_centred_Pearson	0.005	1620	0	0	1620
8	Cmodel	additive	perturbation_centred_Pearson	0.01	1620	0	0	1620
8	Cmodel	additive	perturbation_centred_Pearson	0.02	1620	0	0	1620
8	Cmodel	additive	centroid_accuracy	0.0	1620	0	0	1620
8	Cmodel	additive	centroid_accuracy	0.005	1620	0	0	1620
8	Cmodel	additive	centroid_accuracy	0.01	1620	0	0	1620
8	Cmodel	additive	centroid_accuracy	0.02	1620	0	0	1620
8	Cmodel	compositional_ridge	standardized_MSE	0.0	1620	0	0	1620
8	Cmodel	compositional_ridge	standardized_MSE	0.005	1620	0	0	1620
8	Cmodel	compositional_ridge	standardized_MSE	0.01	1620	0	0	1620
8	Cmodel	compositional_ridge	standardized_MSE	0.02	1620	0	0	1620
8	Cmodel	compositional_ridge	raw_RMSE	0.0	1620	0	0	1620
8	Cmodel	compositional_ridge	raw_RMSE	0.005	1620	0	0	1620
8	Cmodel	compositional_ridge	raw_RMSE	0.01	1620	0	0	1620
8	Cmodel	compositional_ridge	raw_RMSE	0.02	1620	0	0	1620
8	Cmodel	compositional_ridge	perturbation_centred_Pearson	0.0	1620	0	0	1620
8	Cmodel	compositional_ridge	perturbation_centred_Pearson	0.005	1620	0	0	1620
8	Cmodel	compositional_ridge	perturbation_centred_Pearson	0.01	1620	0	0	1620
8	Cmodel	compositional_ridge	perturbation_centred_Pearson	0.02	1620	0	0	1620
8	Cmodel	compositional_ridge	centroid_accuracy	0.0	1620	0	0	1620
8	Cmodel	compositional_ridge	centroid_accuracy	0.005	1620	0	0	1620
8	Cmodel	compositional_ridge	centroid_accuracy	0.01	1620	0	0	1620
8	Cmodel	compositional_ridge	centroid_accuracy	0.02	1620	0	0	1620
8	Cmodel	NC_native_effect	standardized_MSE	0.0	1620	0	0	1620
8	Cmodel	NC_native_effect	standardized_MSE	0.005	1620	0	0	1620
8	Cmodel	NC_native_effect	standardized_MSE	0.01	1620	0	0	1620
8	Cmodel	NC_native_effect	standardized_MSE	0.02	1620	0	0	1620
8	Cmodel	NC_native_effect	raw_RMSE	0.0	1620	0	0	1620
8	Cmodel	NC_native_effect	raw_RMSE	0.005	1620	0	0	1620
8	Cmodel	NC_native_effect	raw_RMSE	0.01	1620	0	0	1620
8	Cmodel	NC_native_effect	raw_RMSE	0.02	1620	0	0	1620
8	Cmodel	NC_native_effect	perturbation_centred_Pearson	0.0	1620	0	0	1620
8	Cmodel	NC_native_effect	perturbation_centred_Pearson	0.005	1620	0	0	1620
8	Cmodel	NC_native_effect	perturbation_centred_Pearson	0.01	1620	0	0	1620
8	Cmodel	NC_native_effect	perturbation_centred_Pearson	0.02	1620	0	0	1620
8	Cmodel	NC_native_effect	centroid_accuracy	0.0	1620	0	0	1620
8	Cmodel	NC_native_effect	centroid_accuracy	0.005	1620	0	0	1620
8	Cmodel	NC_native_effect	centroid_accuracy	0.01	1620	0	0	1620
8	Cmodel	NC_native_effect	centroid_accuracy	0.02	1620	0	0	1620
8	Cmodel	native_effect_ridge	standardized_MSE	0.0	1620	0	0	1620
8	Cmodel	native_effect_ridge	standardized_MSE	0.005	1620	0	0	1620
8	Cmodel	native_effect_ridge	standardized_MSE	0.01	1620	0	0	1620
8	Cmodel	native_effect_ridge	standardized_MSE	0.02	1620	0	0	1620
8	Cmodel	native_effect_ridge	raw_RMSE	0.0	1620	0	0	1620
8	Cmodel	native_effect_ridge	raw_RMSE	0.005	1620	0	0	1620
8	Cmodel	native_effect_ridge	raw_RMSE	0.01	1620	0	0	1620
8	Cmodel	native_effect_ridge	raw_RMSE	0.02	1620	0	0	1620
8	Cmodel	native_effect_ridge	perturbation_centred_Pearson	0.0	1620	0	0	1620
8	Cmodel	native_effect_ridge	perturbation_centred_Pearson	0.005	1620	0	0	1620
8	Cmodel	native_effect_ridge	perturbation_centred_Pearson	0.01	1620	0	0	1620
8	Cmodel	native_effect_ridge	perturbation_centred_Pearson	0.02	1620	0	0	1620
8	Cmodel	native_effect_ridge	centroid_accuracy	0.0	1620	0	0	1620
8	Cmodel	native_effect_ridge	centroid_accuracy	0.005	1620	0	0	1620
8	Cmodel	native_effect_ridge	centroid_accuracy	0.01	1620	0	0	1620
8	Cmodel	native_effect_ridge	centroid_accuracy	0.02	1620	0	0	1620
16	Cobs	selected_CPA	standardized_MSE	0.0	1620	810	810	0
16	Cobs	selected_CPA	standardized_MSE	0.005	1620	623	623	374
16	Cobs	selected_CPA	standardized_MSE	0.01	1620	463	463	694
16	Cobs	selected_CPA	standardized_MSE	0.02	1620	140	140	1340
16	Cobs	selected_CPA	raw_RMSE	0.0	1620	810	810	0
16	Cobs	selected_CPA	raw_RMSE	0.005	1620	594	594	432
16	Cobs	selected_CPA	raw_RMSE	0.01	1620	383	383	854
16	Cobs	selected_CPA	raw_RMSE	0.02	1620	68	68	1484
16	Cobs	selected_CPA	perturbation_centred_Pearson	0.0	1620	810	810	0
16	Cobs	selected_CPA	perturbation_centred_Pearson	0.005	1620	744	744	132
16	Cobs	selected_CPA	perturbation_centred_Pearson	0.01	1620	663	663	294
16	Cobs	selected_CPA	perturbation_centred_Pearson	0.02	1620	510	510	600
16	Cobs	selected_CPA	centroid_accuracy	0.0	1620	793	793	34
16	Cobs	selected_CPA	centroid_accuracy	0.005	1620	362	362	896
16	Cobs	selected_CPA	centroid_accuracy	0.01	1620	118	118	1384
16	Cobs	selected_CPA	centroid_accuracy	0.02	1620	0	0	1620
16	Cobs	original_CPA_fixed	standardized_MSE	0.0	1620	810	810	0
16	Cobs	original_CPA_fixed	standardized_MSE	0.005	1620	627	627	366
16	Cobs	original_CPA_fixed	standardized_MSE	0.01	1620	465	465	690
16	Cobs	original_CPA_fixed	standardized_MSE	0.02	1620	156	156	1308
16	Cobs	original_CPA_fixed	raw_RMSE	0.0	1620	810	810	0
16	Cobs	original_CPA_fixed	raw_RMSE	0.005	1620	564	564	492
16	Cobs	original_CPA_fixed	raw_RMSE	0.01	1620	336	336	948
16	Cobs	original_CPA_fixed	raw_RMSE	0.02	1620	60	60	1500
16	Cobs	original_CPA_fixed	perturbation_centred_Pearson	0.0	1620	810	810	0
16	Cobs	original_CPA_fixed	perturbation_centred_Pearson	0.005	1620	738	738	144
16	Cobs	original_CPA_fixed	perturbation_centred_Pearson	0.01	1620	648	648	324
16	Cobs	original_CPA_fixed	perturbation_centred_Pearson	0.02	1620	444	444	732
16	Cobs	original_CPA_fixed	centroid_accuracy	0.0	1620	771	771	78
16	Cobs	original_CPA_fixed	centroid_accuracy	0.005	1620	114	114	1392
16	Cobs	original_CPA_fixed	centroid_accuracy	0.01	1620	3	3	1614
16	Cobs	original_CPA_fixed	centroid_accuracy	0.02	1620	0	0	1620
16	Cobs	additive	standardized_MSE	0.0	1620	810	810	0
16	Cobs	additive	standardized_MSE	0.005	1620	540	540	540
16	Cobs	additive	standardized_MSE	0.01	1620	540	540	540
16	Cobs	additive	standardized_MSE	0.02	1620	6	6	1608
16	Cobs	additive	raw_RMSE	0.0	1620	810	810	0
16	Cobs	additive	raw_RMSE	0.005	1620	543	543	534
16	Cobs	additive	raw_RMSE	0.01	1620	540	540	540
16	Cobs	additive	raw_RMSE	0.02	1620	171	171	1278
16	Cobs	additive	perturbation_centred_Pearson	0.0	1620	810	810	0
16	Cobs	additive	perturbation_centred_Pearson	0.005	1620	618	618	384
16	Cobs	additive	perturbation_centred_Pearson	0.01	1620	543	543	534
16	Cobs	additive	perturbation_centred_Pearson	0.02	1620	540	540	540
16	Cobs	additive	centroid_accuracy	0.0	1620	780	780	60
16	Cobs	additive	centroid_accuracy	0.005	1620	174	174	1272
16	Cobs	additive	centroid_accuracy	0.01	1620	21	21	1578
16	Cobs	additive	centroid_accuracy	0.02	1620	0	0	1620
16	Cobs	compositional_ridge	standardized_MSE	0.0	1620	810	810	0
16	Cobs	compositional_ridge	standardized_MSE	0.005	1620	546	546	528
16	Cobs	compositional_ridge	standardized_MSE	0.01	1620	540	540	540
16	Cobs	compositional_ridge	standardized_MSE	0.02	1620	18	18	1584
16	Cobs	compositional_ridge	raw_RMSE	0.0	1620	810	810	0
16	Cobs	compositional_ridge	raw_RMSE	0.005	1620	546	546	528
16	Cobs	compositional_ridge	raw_RMSE	0.01	1620	540	540	540
16	Cobs	compositional_ridge	raw_RMSE	0.02	1620	273	273	1074
16	Cobs	compositional_ridge	perturbation_centred_Pearson	0.0	1620	810	810	0
16	Cobs	compositional_ridge	perturbation_centred_Pearson	0.005	1620	717	717	186
16	Cobs	compositional_ridge	perturbation_centred_Pearson	0.01	1620	651	651	318
16	Cobs	compositional_ridge	perturbation_centred_Pearson	0.02	1620	561	561	498
16	Cobs	compositional_ridge	centroid_accuracy	0.0	1620	798	798	24
16	Cobs	compositional_ridge	centroid_accuracy	0.005	1620	549	549	522
16	Cobs	compositional_ridge	centroid_accuracy	0.01	1620	360	360	900
16	Cobs	compositional_ridge	centroid_accuracy	0.02	1620	126	126	1368
16	Cobs	NC_native_effect	standardized_MSE	0.0	1620	810	810	0
16	Cobs	NC_native_effect	standardized_MSE	0.005	1620	459	459	702
16	Cobs	NC_native_effect	standardized_MSE	0.01	1620	243	243	1134
16	Cobs	NC_native_effect	standardized_MSE	0.02	1620	9	9	1602
16	Cobs	NC_native_effect	raw_RMSE	0.0	1620	810	810	0
16	Cobs	NC_native_effect	raw_RMSE	0.005	1620	315	315	990
16	Cobs	NC_native_effect	raw_RMSE	0.01	1620	45	45	1530
16	Cobs	NC_native_effect	raw_RMSE	0.02	1620	0	0	1620
16	Cobs	NC_native_effect	perturbation_centred_Pearson	0.0	1620	810	810	0
16	Cobs	NC_native_effect	perturbation_centred_Pearson	0.005	1620	459	459	702
16	Cobs	NC_native_effect	perturbation_centred_Pearson	0.01	1620	234	234	1152
16	Cobs	NC_native_effect	perturbation_centred_Pearson	0.02	1620	18	18	1584
16	Cobs	NC_native_effect	centroid_accuracy	0.0	1620	0	0	1620
16	Cobs	NC_native_effect	centroid_accuracy	0.005	1620	0	0	1620
16	Cobs	NC_native_effect	centroid_accuracy	0.01	1620	0	0	1620
16	Cobs	NC_native_effect	centroid_accuracy	0.02	1620	0	0	1620
16	Cobs	native_effect_ridge	standardized_MSE	0.0	1620	810	810	0
16	Cobs	native_effect_ridge	standardized_MSE	0.005	1620	0	0	1620
16	Cobs	native_effect_ridge	standardized_MSE	0.01	1620	0	0	1620
16	Cobs	native_effect_ridge	standardized_MSE	0.02	1620	0	0	1620
16	Cobs	native_effect_ridge	raw_RMSE	0.0	1620	810	810	0
16	Cobs	native_effect_ridge	raw_RMSE	0.005	1620	0	0	1620
16	Cobs	native_effect_ridge	raw_RMSE	0.01	1620	0	0	1620
16	Cobs	native_effect_ridge	raw_RMSE	0.02	1620	0	0	1620
16	Cobs	native_effect_ridge	perturbation_centred_Pearson	0.0	1620	810	810	0
16	Cobs	native_effect_ridge	perturbation_centred_Pearson	0.005	1620	243	243	1134
16	Cobs	native_effect_ridge	perturbation_centred_Pearson	0.01	1620	9	9	1602
16	Cobs	native_effect_ridge	perturbation_centred_Pearson	0.02	1620	0	0	1620
16	Cobs	native_effect_ridge	centroid_accuracy	0.0	1620	783	783	54
16	Cobs	native_effect_ridge	centroid_accuracy	0.005	1620	54	54	1512
16	Cobs	native_effect_ridge	centroid_accuracy	0.01	1620	0	0	1620
16	Cobs	native_effect_ridge	centroid_accuracy	0.02	1620	0	0	1620
16	Cpred	selected_CPA	standardized_MSE	0.0	1620	810	810	0
16	Cpred	selected_CPA	standardized_MSE	0.005	1620	631	631	358
16	Cpred	selected_CPA	standardized_MSE	0.01	1620	466	466	688
16	Cpred	selected_CPA	standardized_MSE	0.02	1620	141	141	1338
16	Cpred	selected_CPA	raw_RMSE	0.0	1620	810	810	0
16	Cpred	selected_CPA	raw_RMSE	0.005	1620	603	603	414
16	Cpred	selected_CPA	raw_RMSE	0.01	1620	384	384	852
16	Cpred	selected_CPA	raw_RMSE	0.02	1620	68	68	1484
16	Cpred	selected_CPA	perturbation_centred_Pearson	0.0	1620	810	810	0
16	Cpred	selected_CPA	perturbation_centred_Pearson	0.005	1620	741	741	138
16	Cpred	selected_CPA	perturbation_centred_Pearson	0.01	1620	669	669	282
16	Cpred	selected_CPA	perturbation_centred_Pearson	0.02	1620	516	516	588
16	Cpred	selected_CPA	centroid_accuracy	0.0	1620	795	795	30
16	Cpred	selected_CPA	centroid_accuracy	0.005	1620	368	368	884
16	Cpred	selected_CPA	centroid_accuracy	0.01	1620	109	109	1402
16	Cpred	selected_CPA	centroid_accuracy	0.02	1620	0	0	1620
16	Cpred	original_CPA_fixed	standardized_MSE	0.0	1620	810	810	0
16	Cpred	original_CPA_fixed	standardized_MSE	0.005	1620	636	636	348
16	Cpred	original_CPA_fixed	standardized_MSE	0.01	1620	465	465	690
16	Cpred	original_CPA_fixed	standardized_MSE	0.02	1620	156	156	1308
16	Cpred	original_CPA_fixed	raw_RMSE	0.0	1620	810	810	0
16	Cpred	original_CPA_fixed	raw_RMSE	0.005	1620	582	582	456
16	Cpred	original_CPA_fixed	raw_RMSE	0.01	1620	342	342	936
16	Cpred	original_CPA_fixed	raw_RMSE	0.02	1620	60	60	1500
16	Cpred	original_CPA_fixed	perturbation_centred_Pearson	0.0	1620	810	810	0
16	Cpred	original_CPA_fixed	perturbation_centred_Pearson	0.005	1620	723	723	174
16	Cpred	original_CPA_fixed	perturbation_centred_Pearson	0.01	1620	639	639	342
16	Cpred	original_CPA_fixed	perturbation_centred_Pearson	0.02	1620	450	450	720
16	Cpred	original_CPA_fixed	centroid_accuracy	0.0	1620	768	768	84
16	Cpred	original_CPA_fixed	centroid_accuracy	0.005	1620	126	126	1368
16	Cpred	original_CPA_fixed	centroid_accuracy	0.01	1620	0	0	1620
16	Cpred	original_CPA_fixed	centroid_accuracy	0.02	1620	0	0	1620
16	Cpred	additive	standardized_MSE	0.0	1620	810	810	0
16	Cpred	additive	standardized_MSE	0.005	1620	540	540	540
16	Cpred	additive	standardized_MSE	0.01	1620	540	540	540
16	Cpred	additive	standardized_MSE	0.02	1620	6	6	1608
16	Cpred	additive	raw_RMSE	0.0	1620	810	810	0
16	Cpred	additive	raw_RMSE	0.005	1620	543	543	534
16	Cpred	additive	raw_RMSE	0.01	1620	540	540	540
16	Cpred	additive	raw_RMSE	0.02	1620	171	171	1278
16	Cpred	additive	perturbation_centred_Pearson	0.0	1620	810	810	0
16	Cpred	additive	perturbation_centred_Pearson	0.005	1620	633	633	354
16	Cpred	additive	perturbation_centred_Pearson	0.01	1620	549	549	522
16	Cpred	additive	perturbation_centred_Pearson	0.02	1620	540	540	540
16	Cpred	additive	centroid_accuracy	0.0	1620	771	771	78
16	Cpred	additive	centroid_accuracy	0.005	1620	168	168	1284
16	Cpred	additive	centroid_accuracy	0.01	1620	24	24	1572
16	Cpred	additive	centroid_accuracy	0.02	1620	0	0	1620
16	Cpred	compositional_ridge	standardized_MSE	0.0	1620	810	810	0
16	Cpred	compositional_ridge	standardized_MSE	0.005	1620	546	546	528
16	Cpred	compositional_ridge	standardized_MSE	0.01	1620	540	540	540
16	Cpred	compositional_ridge	standardized_MSE	0.02	1620	18	18	1584
16	Cpred	compositional_ridge	raw_RMSE	0.0	1620	810	810	0
16	Cpred	compositional_ridge	raw_RMSE	0.005	1620	552	552	516
16	Cpred	compositional_ridge	raw_RMSE	0.01	1620	540	540	540
16	Cpred	compositional_ridge	raw_RMSE	0.02	1620	273	273	1074
16	Cpred	compositional_ridge	perturbation_centred_Pearson	0.0	1620	810	810	0
16	Cpred	compositional_ridge	perturbation_centred_Pearson	0.005	1620	744	744	132
16	Cpred	compositional_ridge	perturbation_centred_Pearson	0.01	1620	687	687	246
16	Cpred	compositional_ridge	perturbation_centred_Pearson	0.02	1620	591	591	438
16	Cpred	compositional_ridge	centroid_accuracy	0.0	1620	801	801	18
16	Cpred	compositional_ridge	centroid_accuracy	0.005	1620	555	555	510
16	Cpred	compositional_ridge	centroid_accuracy	0.01	1620	360	360	900
16	Cpred	compositional_ridge	centroid_accuracy	0.02	1620	111	111	1398
16	Cpred	NC_native_effect	standardized_MSE	0.0	1620	0	0	1620
16	Cpred	NC_native_effect	standardized_MSE	0.005	1620	0	0	1620
16	Cpred	NC_native_effect	standardized_MSE	0.01	1620	0	0	1620
16	Cpred	NC_native_effect	standardized_MSE	0.02	1620	0	0	1620
16	Cpred	NC_native_effect	raw_RMSE	0.0	1620	0	0	1620
16	Cpred	NC_native_effect	raw_RMSE	0.005	1620	0	0	1620
16	Cpred	NC_native_effect	raw_RMSE	0.01	1620	0	0	1620
16	Cpred	NC_native_effect	raw_RMSE	0.02	1620	0	0	1620
16	Cpred	NC_native_effect	perturbation_centred_Pearson	0.0	1620	0	0	1620
16	Cpred	NC_native_effect	perturbation_centred_Pearson	0.005	1620	0	0	1620
16	Cpred	NC_native_effect	perturbation_centred_Pearson	0.01	1620	0	0	1620
16	Cpred	NC_native_effect	perturbation_centred_Pearson	0.02	1620	0	0	1620
16	Cpred	NC_native_effect	centroid_accuracy	0.0	1620	0	0	1620
16	Cpred	NC_native_effect	centroid_accuracy	0.005	1620	0	0	1620
16	Cpred	NC_native_effect	centroid_accuracy	0.01	1620	0	0	1620
16	Cpred	NC_native_effect	centroid_accuracy	0.02	1620	0	0	1620
16	Cpred	native_effect_ridge	standardized_MSE	0.0	1620	0	0	1620
16	Cpred	native_effect_ridge	standardized_MSE	0.005	1620	0	0	1620
16	Cpred	native_effect_ridge	standardized_MSE	0.01	1620	0	0	1620
16	Cpred	native_effect_ridge	standardized_MSE	0.02	1620	0	0	1620
16	Cpred	native_effect_ridge	raw_RMSE	0.0	1620	0	0	1620
16	Cpred	native_effect_ridge	raw_RMSE	0.005	1620	0	0	1620
16	Cpred	native_effect_ridge	raw_RMSE	0.01	1620	0	0	1620
16	Cpred	native_effect_ridge	raw_RMSE	0.02	1620	0	0	1620
16	Cpred	native_effect_ridge	perturbation_centred_Pearson	0.0	1620	0	0	1620
16	Cpred	native_effect_ridge	perturbation_centred_Pearson	0.005	1620	0	0	1620
16	Cpred	native_effect_ridge	perturbation_centred_Pearson	0.01	1620	0	0	1620
16	Cpred	native_effect_ridge	perturbation_centred_Pearson	0.02	1620	0	0	1620
16	Cpred	native_effect_ridge	centroid_accuracy	0.0	1620	0	0	1620
16	Cpred	native_effect_ridge	centroid_accuracy	0.005	1620	0	0	1620
16	Cpred	native_effect_ridge	centroid_accuracy	0.01	1620	0	0	1620
16	Cpred	native_effect_ridge	centroid_accuracy	0.02	1620	0	0	1620
16	Cmodel	selected_CPA	standardized_MSE	0.0	1620	810	810	0
16	Cmodel	selected_CPA	standardized_MSE	0.005	1620	410	410	800
16	Cmodel	selected_CPA	standardized_MSE	0.01	1620	165	165	1290
16	Cmodel	selected_CPA	standardized_MSE	0.02	1620	5	5	1610
16	Cmodel	selected_CPA	raw_RMSE	0.0	1620	810	810	0
16	Cmodel	selected_CPA	raw_RMSE	0.005	1620	326	326	968
16	Cmodel	selected_CPA	raw_RMSE	0.01	1620	68	68	1484
16	Cmodel	selected_CPA	raw_RMSE	0.02	1620	0	0	1620
16	Cmodel	selected_CPA	perturbation_centred_Pearson	0.0	1620	810	810	0
16	Cmodel	selected_CPA	perturbation_centred_Pearson	0.005	1620	712	712	196
16	Cmodel	selected_CPA	perturbation_centred_Pearson	0.01	1620	594	594	432
16	Cmodel	selected_CPA	perturbation_centred_Pearson	0.02	1620	351	351	918
16	Cmodel	selected_CPA	centroid_accuracy	0.0	1620	790	790	40
16	Cmodel	selected_CPA	centroid_accuracy	0.005	1620	334	334	952
16	Cmodel	selected_CPA	centroid_accuracy	0.01	1620	83	83	1454
16	Cmodel	selected_CPA	centroid_accuracy	0.02	1620	0	0	1620
16	Cmodel	original_CPA_fixed	standardized_MSE	0.0	1620	0	0	1620
16	Cmodel	original_CPA_fixed	standardized_MSE	0.005	1620	0	0	1620
16	Cmodel	original_CPA_fixed	standardized_MSE	0.01	1620	0	0	1620
16	Cmodel	original_CPA_fixed	standardized_MSE	0.02	1620	0	0	1620
16	Cmodel	original_CPA_fixed	raw_RMSE	0.0	1620	0	0	1620
16	Cmodel	original_CPA_fixed	raw_RMSE	0.005	1620	0	0	1620
16	Cmodel	original_CPA_fixed	raw_RMSE	0.01	1620	0	0	1620
16	Cmodel	original_CPA_fixed	raw_RMSE	0.02	1620	0	0	1620
16	Cmodel	original_CPA_fixed	perturbation_centred_Pearson	0.0	1620	0	0	1620
16	Cmodel	original_CPA_fixed	perturbation_centred_Pearson	0.005	1620	0	0	1620
16	Cmodel	original_CPA_fixed	perturbation_centred_Pearson	0.01	1620	0	0	1620
16	Cmodel	original_CPA_fixed	perturbation_centred_Pearson	0.02	1620	0	0	1620
16	Cmodel	original_CPA_fixed	centroid_accuracy	0.0	1620	0	0	1620
16	Cmodel	original_CPA_fixed	centroid_accuracy	0.005	1620	0	0	1620
16	Cmodel	original_CPA_fixed	centroid_accuracy	0.01	1620	0	0	1620
16	Cmodel	original_CPA_fixed	centroid_accuracy	0.02	1620	0	0	1620
16	Cmodel	additive	standardized_MSE	0.0	1620	0	0	1620
16	Cmodel	additive	standardized_MSE	0.005	1620	0	0	1620
16	Cmodel	additive	standardized_MSE	0.01	1620	0	0	1620
16	Cmodel	additive	standardized_MSE	0.02	1620	0	0	1620
16	Cmodel	additive	raw_RMSE	0.0	1620	0	0	1620
16	Cmodel	additive	raw_RMSE	0.005	1620	0	0	1620
16	Cmodel	additive	raw_RMSE	0.01	1620	0	0	1620
16	Cmodel	additive	raw_RMSE	0.02	1620	0	0	1620
16	Cmodel	additive	perturbation_centred_Pearson	0.0	1620	0	0	1620
16	Cmodel	additive	perturbation_centred_Pearson	0.005	1620	0	0	1620
16	Cmodel	additive	perturbation_centred_Pearson	0.01	1620	0	0	1620
16	Cmodel	additive	perturbation_centred_Pearson	0.02	1620	0	0	1620
16	Cmodel	additive	centroid_accuracy	0.0	1620	0	0	1620
16	Cmodel	additive	centroid_accuracy	0.005	1620	0	0	1620
16	Cmodel	additive	centroid_accuracy	0.01	1620	0	0	1620
16	Cmodel	additive	centroid_accuracy	0.02	1620	0	0	1620
16	Cmodel	compositional_ridge	standardized_MSE	0.0	1620	0	0	1620
16	Cmodel	compositional_ridge	standardized_MSE	0.005	1620	0	0	1620
16	Cmodel	compositional_ridge	standardized_MSE	0.01	1620	0	0	1620
16	Cmodel	compositional_ridge	standardized_MSE	0.02	1620	0	0	1620
16	Cmodel	compositional_ridge	raw_RMSE	0.0	1620	0	0	1620
16	Cmodel	compositional_ridge	raw_RMSE	0.005	1620	0	0	1620
16	Cmodel	compositional_ridge	raw_RMSE	0.01	1620	0	0	1620
16	Cmodel	compositional_ridge	raw_RMSE	0.02	1620	0	0	1620
16	Cmodel	compositional_ridge	perturbation_centred_Pearson	0.0	1620	0	0	1620
16	Cmodel	compositional_ridge	perturbation_centred_Pearson	0.005	1620	0	0	1620
16	Cmodel	compositional_ridge	perturbation_centred_Pearson	0.01	1620	0	0	1620
16	Cmodel	compositional_ridge	perturbation_centred_Pearson	0.02	1620	0	0	1620
16	Cmodel	compositional_ridge	centroid_accuracy	0.0	1620	0	0	1620
16	Cmodel	compositional_ridge	centroid_accuracy	0.005	1620	0	0	1620
16	Cmodel	compositional_ridge	centroid_accuracy	0.01	1620	0	0	1620
16	Cmodel	compositional_ridge	centroid_accuracy	0.02	1620	0	0	1620
16	Cmodel	NC_native_effect	standardized_MSE	0.0	1620	0	0	1620
16	Cmodel	NC_native_effect	standardized_MSE	0.005	1620	0	0	1620
16	Cmodel	NC_native_effect	standardized_MSE	0.01	1620	0	0	1620
16	Cmodel	NC_native_effect	standardized_MSE	0.02	1620	0	0	1620
16	Cmodel	NC_native_effect	raw_RMSE	0.0	1620	0	0	1620
16	Cmodel	NC_native_effect	raw_RMSE	0.005	1620	0	0	1620
16	Cmodel	NC_native_effect	raw_RMSE	0.01	1620	0	0	1620
16	Cmodel	NC_native_effect	raw_RMSE	0.02	1620	0	0	1620
16	Cmodel	NC_native_effect	perturbation_centred_Pearson	0.0	1620	0	0	1620
16	Cmodel	NC_native_effect	perturbation_centred_Pearson	0.005	1620	0	0	1620
16	Cmodel	NC_native_effect	perturbation_centred_Pearson	0.01	1620	0	0	1620
16	Cmodel	NC_native_effect	perturbation_centred_Pearson	0.02	1620	0	0	1620
16	Cmodel	NC_native_effect	centroid_accuracy	0.0	1620	0	0	1620
16	Cmodel	NC_native_effect	centroid_accuracy	0.005	1620	0	0	1620
16	Cmodel	NC_native_effect	centroid_accuracy	0.01	1620	0	0	1620
16	Cmodel	NC_native_effect	centroid_accuracy	0.02	1620	0	0	1620
16	Cmodel	native_effect_ridge	standardized_MSE	0.0	1620	0	0	1620
16	Cmodel	native_effect_ridge	standardized_MSE	0.005	1620	0	0	1620
16	Cmodel	native_effect_ridge	standardized_MSE	0.01	1620	0	0	1620
16	Cmodel	native_effect_ridge	standardized_MSE	0.02	1620	0	0	1620
16	Cmodel	native_effect_ridge	raw_RMSE	0.0	1620	0	0	1620
16	Cmodel	native_effect_ridge	raw_RMSE	0.005	1620	0	0	1620
16	Cmodel	native_effect_ridge	raw_RMSE	0.01	1620	0	0	1620
16	Cmodel	native_effect_ridge	raw_RMSE	0.02	1620	0	0	1620
16	Cmodel	native_effect_ridge	perturbation_centred_Pearson	0.0	1620	0	0	1620
16	Cmodel	native_effect_ridge	perturbation_centred_Pearson	0.005	1620	0	0	1620
16	Cmodel	native_effect_ridge	perturbation_centred_Pearson	0.01	1620	0	0	1620
16	Cmodel	native_effect_ridge	perturbation_centred_Pearson	0.02	1620	0	0	1620
16	Cmodel	native_effect_ridge	centroid_accuracy	0.0	1620	0	0	1620
16	Cmodel	native_effect_ridge	centroid_accuracy	0.005	1620	0	0	1620
16	Cmodel	native_effect_ridge	centroid_accuracy	0.01	1620	0	0	1620
16	Cmodel	native_effect_ridge	centroid_accuracy	0.02	1620	0	0	1620
32	Cobs	selected_CPA	standardized_MSE	0.0	1620	810	810	0
32	Cobs	selected_CPA	standardized_MSE	0.005	1620	459	459	702
32	Cobs	selected_CPA	standardized_MSE	0.01	1620	190	190	1240
32	Cobs	selected_CPA	standardized_MSE	0.02	1620	8	8	1604
32	Cobs	selected_CPA	raw_RMSE	0.0	1620	810	810	0
32	Cobs	selected_CPA	raw_RMSE	0.005	1620	417	417	786
32	Cobs	selected_CPA	raw_RMSE	0.01	1620	112	112	1396
32	Cobs	selected_CPA	raw_RMSE	0.02	1620	0	0	1620
32	Cobs	selected_CPA	perturbation_centred_Pearson	0.0	1620	810	810	0
32	Cobs	selected_CPA	perturbation_centred_Pearson	0.005	1620	714	714	192
32	Cobs	selected_CPA	perturbation_centred_Pearson	0.01	1620	599	599	422
32	Cobs	selected_CPA	perturbation_centred_Pearson	0.02	1620	399	399	822
32	Cobs	selected_CPA	centroid_accuracy	0.0	1620	785	785	50
32	Cobs	selected_CPA	centroid_accuracy	0.005	1620	212	212	1196
32	Cobs	selected_CPA	centroid_accuracy	0.01	1620	13	13	1594
32	Cobs	selected_CPA	centroid_accuracy	0.02	1620	0	0	1620
32	Cobs	original_CPA_fixed	standardized_MSE	0.0	1620	810	810	0
32	Cobs	original_CPA_fixed	standardized_MSE	0.005	1620	462	462	696
32	Cobs	original_CPA_fixed	standardized_MSE	0.01	1620	225	225	1170
32	Cobs	original_CPA_fixed	standardized_MSE	0.02	1620	12	12	1596
32	Cobs	original_CPA_fixed	raw_RMSE	0.0	1620	810	810	0
32	Cobs	original_CPA_fixed	raw_RMSE	0.005	1620	378	378	864
32	Cobs	original_CPA_fixed	raw_RMSE	0.01	1620	102	102	1416
32	Cobs	original_CPA_fixed	raw_RMSE	0.02	1620	0	0	1620
32	Cobs	original_CPA_fixed	perturbation_centred_Pearson	0.0	1620	810	810	0
32	Cobs	original_CPA_fixed	perturbation_centred_Pearson	0.005	1620	687	687	246
32	Cobs	original_CPA_fixed	perturbation_centred_Pearson	0.01	1620	546	546	528
32	Cobs	original_CPA_fixed	perturbation_centred_Pearson	0.02	1620	282	282	1056
32	Cobs	original_CPA_fixed	centroid_accuracy	0.0	1620	759	759	102
32	Cobs	original_CPA_fixed	centroid_accuracy	0.005	1620	27	27	1566
32	Cobs	original_CPA_fixed	centroid_accuracy	0.01	1620	0	0	1620
32	Cobs	original_CPA_fixed	centroid_accuracy	0.02	1620	0	0	1620
32	Cobs	additive	standardized_MSE	0.0	1620	810	810	0
32	Cobs	additive	standardized_MSE	0.005	1620	540	540	540
32	Cobs	additive	standardized_MSE	0.01	1620	30	30	1560
32	Cobs	additive	standardized_MSE	0.02	1620	0	0	1620
32	Cobs	additive	raw_RMSE	0.0	1620	810	810	0
32	Cobs	additive	raw_RMSE	0.005	1620	540	540	540
32	Cobs	additive	raw_RMSE	0.01	1620	330	330	960
32	Cobs	additive	raw_RMSE	0.02	1620	0	0	1620
32	Cobs	additive	perturbation_centred_Pearson	0.0	1620	810	810	0
32	Cobs	additive	perturbation_centred_Pearson	0.005	1620	591	591	438
32	Cobs	additive	perturbation_centred_Pearson	0.01	1620	540	540	540
32	Cobs	additive	perturbation_centred_Pearson	0.02	1620	540	540	540
32	Cobs	additive	centroid_accuracy	0.0	1620	762	762	96
32	Cobs	additive	centroid_accuracy	0.005	1620	45	45	1530
32	Cobs	additive	centroid_accuracy	0.01	1620	0	0	1620
32	Cobs	additive	centroid_accuracy	0.02	1620	0	0	1620
32	Cobs	compositional_ridge	standardized_MSE	0.0	1620	810	810	0
32	Cobs	compositional_ridge	standardized_MSE	0.005	1620	540	540	540
32	Cobs	compositional_ridge	standardized_MSE	0.01	1620	39	39	1542
32	Cobs	compositional_ridge	standardized_MSE	0.02	1620	0	0	1620
32	Cobs	compositional_ridge	raw_RMSE	0.0	1620	810	810	0
32	Cobs	compositional_ridge	raw_RMSE	0.005	1620	543	543	534
32	Cobs	compositional_ridge	raw_RMSE	0.01	1620	414	414	792
32	Cobs	compositional_ridge	raw_RMSE	0.02	1620	0	0	1620
32	Cobs	compositional_ridge	perturbation_centred_Pearson	0.0	1620	810	810	0
32	Cobs	compositional_ridge	perturbation_centred_Pearson	0.005	1620	687	687	246
32	Cobs	compositional_ridge	perturbation_centred_Pearson	0.01	1620	600	600	420
32	Cobs	compositional_ridge	perturbation_centred_Pearson	0.02	1620	546	546	528
32	Cobs	compositional_ridge	centroid_accuracy	0.0	1620	807	807	6
32	Cobs	compositional_ridge	centroid_accuracy	0.005	1620	504	504	612
32	Cobs	compositional_ridge	centroid_accuracy	0.01	1620	240	240	1140
32	Cobs	compositional_ridge	centroid_accuracy	0.02	1620	27	27	1566
32	Cobs	NC_native_effect	standardized_MSE	0.0	1620	810	810	0
32	Cobs	NC_native_effect	standardized_MSE	0.005	1620	342	342	936
32	Cobs	NC_native_effect	standardized_MSE	0.01	1620	72	72	1476
32	Cobs	NC_native_effect	standardized_MSE	0.02	1620	0	0	1620
32	Cobs	NC_native_effect	raw_RMSE	0.0	1620	810	810	0
32	Cobs	NC_native_effect	raw_RMSE	0.005	1620	171	171	1278
32	Cobs	NC_native_effect	raw_RMSE	0.01	1620	0	0	1620
32	Cobs	NC_native_effect	raw_RMSE	0.02	1620	0	0	1620
32	Cobs	NC_native_effect	perturbation_centred_Pearson	0.0	1620	810	810	0
32	Cobs	NC_native_effect	perturbation_centred_Pearson	0.005	1620	270	270	1080
32	Cobs	NC_native_effect	perturbation_centred_Pearson	0.01	1620	36	36	1548
32	Cobs	NC_native_effect	perturbation_centred_Pearson	0.02	1620	0	0	1620
32	Cobs	NC_native_effect	centroid_accuracy	0.0	1620	0	0	1620
32	Cobs	NC_native_effect	centroid_accuracy	0.005	1620	0	0	1620
32	Cobs	NC_native_effect	centroid_accuracy	0.01	1620	0	0	1620
32	Cobs	NC_native_effect	centroid_accuracy	0.02	1620	0	0	1620
32	Cobs	native_effect_ridge	standardized_MSE	0.0	1620	810	810	0
32	Cobs	native_effect_ridge	standardized_MSE	0.005	1620	0	0	1620
32	Cobs	native_effect_ridge	standardized_MSE	0.01	1620	0	0	1620
32	Cobs	native_effect_ridge	standardized_MSE	0.02	1620	0	0	1620
32	Cobs	native_effect_ridge	raw_RMSE	0.0	1620	810	810	0
32	Cobs	native_effect_ridge	raw_RMSE	0.005	1620	0	0	1620
32	Cobs	native_effect_ridge	raw_RMSE	0.01	1620	0	0	1620
32	Cobs	native_effect_ridge	raw_RMSE	0.02	1620	0	0	1620
32	Cobs	native_effect_ridge	perturbation_centred_Pearson	0.0	1620	810	810	0
32	Cobs	native_effect_ridge	perturbation_centred_Pearson	0.005	1620	81	81	1458
32	Cobs	native_effect_ridge	perturbation_centred_Pearson	0.01	1620	0	0	1620
32	Cobs	native_effect_ridge	perturbation_centred_Pearson	0.02	1620	0	0	1620
32	Cobs	native_effect_ridge	centroid_accuracy	0.0	1620	738	738	144
32	Cobs	native_effect_ridge	centroid_accuracy	0.005	1620	9	9	1602
32	Cobs	native_effect_ridge	centroid_accuracy	0.01	1620	0	0	1620
32	Cobs	native_effect_ridge	centroid_accuracy	0.02	1620	0	0	1620
32	Cpred	selected_CPA	standardized_MSE	0.0	1620	810	810	0
32	Cpred	selected_CPA	standardized_MSE	0.005	1620	468	468	684
32	Cpred	selected_CPA	standardized_MSE	0.01	1620	194	194	1232
32	Cpred	selected_CPA	standardized_MSE	0.02	1620	8	8	1604
32	Cpred	selected_CPA	raw_RMSE	0.0	1620	810	810	0
32	Cpred	selected_CPA	raw_RMSE	0.005	1620	422	422	776
32	Cpred	selected_CPA	raw_RMSE	0.01	1620	111	111	1398
32	Cpred	selected_CPA	raw_RMSE	0.02	1620	0	0	1620
32	Cpred	selected_CPA	perturbation_centred_Pearson	0.0	1620	810	810	0
32	Cpred	selected_CPA	perturbation_centred_Pearson	0.005	1620	715	715	190
32	Cpred	selected_CPA	perturbation_centred_Pearson	0.01	1620	603	603	414
32	Cpred	selected_CPA	perturbation_centred_Pearson	0.02	1620	393	393	834
32	Cpred	selected_CPA	centroid_accuracy	0.0	1620	788	788	44
32	Cpred	selected_CPA	centroid_accuracy	0.005	1620	211	211	1198
32	Cpred	selected_CPA	centroid_accuracy	0.01	1620	14	14	1592
32	Cpred	selected_CPA	centroid_accuracy	0.02	1620	0	0	1620
32	Cpred	original_CPA_fixed	standardized_MSE	0.0	1620	810	810	0
32	Cpred	original_CPA_fixed	standardized_MSE	0.005	1620	471	471	678
32	Cpred	original_CPA_fixed	standardized_MSE	0.01	1620	222	222	1176
32	Cpred	original_CPA_fixed	standardized_MSE	0.02	1620	12	12	1596
32	Cpred	original_CPA_fixed	raw_RMSE	0.0	1620	810	810	0
32	Cpred	original_CPA_fixed	raw_RMSE	0.005	1620	393	393	834
32	Cpred	original_CPA_fixed	raw_RMSE	0.01	1620	102	102	1416
32	Cpred	original_CPA_fixed	raw_RMSE	0.02	1620	0	0	1620
32	Cpred	original_CPA_fixed	perturbation_centred_Pearson	0.0	1620	810	810	0
32	Cpred	original_CPA_fixed	perturbation_centred_Pearson	0.005	1620	687	687	246
32	Cpred	original_CPA_fixed	perturbation_centred_Pearson	0.01	1620	534	534	552
32	Cpred	original_CPA_fixed	perturbation_centred_Pearson	0.02	1620	282	282	1056
32	Cpred	original_CPA_fixed	centroid_accuracy	0.0	1620	756	756	108
32	Cpred	original_CPA_fixed	centroid_accuracy	0.005	1620	21	21	1578
32	Cpred	original_CPA_fixed	centroid_accuracy	0.01	1620	0	0	1620
32	Cpred	original_CPA_fixed	centroid_accuracy	0.02	1620	0	0	1620
32	Cpred	additive	standardized_MSE	0.0	1620	810	810	0
32	Cpred	additive	standardized_MSE	0.005	1620	540	540	540
32	Cpred	additive	standardized_MSE	0.01	1620	30	30	1560
32	Cpred	additive	standardized_MSE	0.02	1620	0	0	1620
32	Cpred	additive	raw_RMSE	0.0	1620	810	810	0
32	Cpred	additive	raw_RMSE	0.005	1620	543	543	534
32	Cpred	additive	raw_RMSE	0.01	1620	330	330	960
32	Cpred	additive	raw_RMSE	0.02	1620	0	0	1620
32	Cpred	additive	perturbation_centred_Pearson	0.0	1620	810	810	0
32	Cpred	additive	perturbation_centred_Pearson	0.005	1620	567	567	486
32	Cpred	additive	perturbation_centred_Pearson	0.01	1620	540	540	540
32	Cpred	additive	perturbation_centred_Pearson	0.02	1620	540	540	540
32	Cpred	additive	centroid_accuracy	0.0	1620	765	765	90
32	Cpred	additive	centroid_accuracy	0.005	1620	39	39	1542
32	Cpred	additive	centroid_accuracy	0.01	1620	0	0	1620
32	Cpred	additive	centroid_accuracy	0.02	1620	0	0	1620
32	Cpred	compositional_ridge	standardized_MSE	0.0	1620	810	810	0
32	Cpred	compositional_ridge	standardized_MSE	0.005	1620	540	540	540
32	Cpred	compositional_ridge	standardized_MSE	0.01	1620	39	39	1542
32	Cpred	compositional_ridge	standardized_MSE	0.02	1620	0	0	1620
32	Cpred	compositional_ridge	raw_RMSE	0.0	1620	810	810	0
32	Cpred	compositional_ridge	raw_RMSE	0.005	1620	540	540	540
32	Cpred	compositional_ridge	raw_RMSE	0.01	1620	414	414	792
32	Cpred	compositional_ridge	raw_RMSE	0.02	1620	0	0	1620
32	Cpred	compositional_ridge	perturbation_centred_Pearson	0.0	1620	810	810	0
32	Cpred	compositional_ridge	perturbation_centred_Pearson	0.005	1620	699	699	222
32	Cpred	compositional_ridge	perturbation_centred_Pearson	0.01	1620	621	621	378
32	Cpred	compositional_ridge	perturbation_centred_Pearson	0.02	1620	549	549	522
32	Cpred	compositional_ridge	centroid_accuracy	0.0	1620	807	807	6
32	Cpred	compositional_ridge	centroid_accuracy	0.005	1620	480	480	660
32	Cpred	compositional_ridge	centroid_accuracy	0.01	1620	255	255	1110
32	Cpred	compositional_ridge	centroid_accuracy	0.02	1620	21	21	1578
32	Cpred	NC_native_effect	standardized_MSE	0.0	1620	0	0	1620
32	Cpred	NC_native_effect	standardized_MSE	0.005	1620	0	0	1620
32	Cpred	NC_native_effect	standardized_MSE	0.01	1620	0	0	1620
32	Cpred	NC_native_effect	standardized_MSE	0.02	1620	0	0	1620
32	Cpred	NC_native_effect	raw_RMSE	0.0	1620	0	0	1620
32	Cpred	NC_native_effect	raw_RMSE	0.005	1620	0	0	1620
32	Cpred	NC_native_effect	raw_RMSE	0.01	1620	0	0	1620
32	Cpred	NC_native_effect	raw_RMSE	0.02	1620	0	0	1620
32	Cpred	NC_native_effect	perturbation_centred_Pearson	0.0	1620	0	0	1620
32	Cpred	NC_native_effect	perturbation_centred_Pearson	0.005	1620	0	0	1620
32	Cpred	NC_native_effect	perturbation_centred_Pearson	0.01	1620	0	0	1620
32	Cpred	NC_native_effect	perturbation_centred_Pearson	0.02	1620	0	0	1620
32	Cpred	NC_native_effect	centroid_accuracy	0.0	1620	0	0	1620
32	Cpred	NC_native_effect	centroid_accuracy	0.005	1620	0	0	1620
32	Cpred	NC_native_effect	centroid_accuracy	0.01	1620	0	0	1620
32	Cpred	NC_native_effect	centroid_accuracy	0.02	1620	0	0	1620
32	Cpred	native_effect_ridge	standardized_MSE	0.0	1620	0	0	1620
32	Cpred	native_effect_ridge	standardized_MSE	0.005	1620	0	0	1620
32	Cpred	native_effect_ridge	standardized_MSE	0.01	1620	0	0	1620
32	Cpred	native_effect_ridge	standardized_MSE	0.02	1620	0	0	1620
32	Cpred	native_effect_ridge	raw_RMSE	0.0	1620	0	0	1620
32	Cpred	native_effect_ridge	raw_RMSE	0.005	1620	0	0	1620
32	Cpred	native_effect_ridge	raw_RMSE	0.01	1620	0	0	1620
32	Cpred	native_effect_ridge	raw_RMSE	0.02	1620	0	0	1620
32	Cpred	native_effect_ridge	perturbation_centred_Pearson	0.0	1620	0	0	1620
32	Cpred	native_effect_ridge	perturbation_centred_Pearson	0.005	1620	0	0	1620
32	Cpred	native_effect_ridge	perturbation_centred_Pearson	0.01	1620	0	0	1620
32	Cpred	native_effect_ridge	perturbation_centred_Pearson	0.02	1620	0	0	1620
32	Cpred	native_effect_ridge	centroid_accuracy	0.0	1620	0	0	1620
32	Cpred	native_effect_ridge	centroid_accuracy	0.005	1620	0	0	1620
32	Cpred	native_effect_ridge	centroid_accuracy	0.01	1620	0	0	1620
32	Cpred	native_effect_ridge	centroid_accuracy	0.02	1620	0	0	1620
32	Cmodel	selected_CPA	standardized_MSE	0.0	1620	810	810	0
32	Cmodel	selected_CPA	standardized_MSE	0.005	1620	254	254	1112
32	Cmodel	selected_CPA	standardized_MSE	0.01	1620	43	43	1534
32	Cmodel	selected_CPA	standardized_MSE	0.02	1620	0	0	1620
32	Cmodel	selected_CPA	raw_RMSE	0.0	1620	810	810	0
32	Cmodel	selected_CPA	raw_RMSE	0.005	1620	181	181	1258
32	Cmodel	selected_CPA	raw_RMSE	0.01	1620	6	6	1608
32	Cmodel	selected_CPA	raw_RMSE	0.02	1620	0	0	1620
32	Cmodel	selected_CPA	perturbation_centred_Pearson	0.0	1620	810	810	0
32	Cmodel	selected_CPA	perturbation_centred_Pearson	0.005	1620	656	656	308
32	Cmodel	selected_CPA	perturbation_centred_Pearson	0.01	1620	531	531	558
32	Cmodel	selected_CPA	perturbation_centred_Pearson	0.02	1620	242	242	1136
32	Cmodel	selected_CPA	centroid_accuracy	0.0	1620	784	784	52
32	Cmodel	selected_CPA	centroid_accuracy	0.005	1620	182	182	1256
32	Cmodel	selected_CPA	centroid_accuracy	0.01	1620	14	14	1592
32	Cmodel	selected_CPA	centroid_accuracy	0.02	1620	0	0	1620
32	Cmodel	original_CPA_fixed	standardized_MSE	0.0	1620	0	0	1620
32	Cmodel	original_CPA_fixed	standardized_MSE	0.005	1620	0	0	1620
32	Cmodel	original_CPA_fixed	standardized_MSE	0.01	1620	0	0	1620
32	Cmodel	original_CPA_fixed	standardized_MSE	0.02	1620	0	0	1620
32	Cmodel	original_CPA_fixed	raw_RMSE	0.0	1620	0	0	1620
32	Cmodel	original_CPA_fixed	raw_RMSE	0.005	1620	0	0	1620
32	Cmodel	original_CPA_fixed	raw_RMSE	0.01	1620	0	0	1620
32	Cmodel	original_CPA_fixed	raw_RMSE	0.02	1620	0	0	1620
32	Cmodel	original_CPA_fixed	perturbation_centred_Pearson	0.0	1620	0	0	1620
32	Cmodel	original_CPA_fixed	perturbation_centred_Pearson	0.005	1620	0	0	1620
32	Cmodel	original_CPA_fixed	perturbation_centred_Pearson	0.01	1620	0	0	1620
32	Cmodel	original_CPA_fixed	perturbation_centred_Pearson	0.02	1620	0	0	1620
32	Cmodel	original_CPA_fixed	centroid_accuracy	0.0	1620	0	0	1620
32	Cmodel	original_CPA_fixed	centroid_accuracy	0.005	1620	0	0	1620
32	Cmodel	original_CPA_fixed	centroid_accuracy	0.01	1620	0	0	1620
32	Cmodel	original_CPA_fixed	centroid_accuracy	0.02	1620	0	0	1620
32	Cmodel	additive	standardized_MSE	0.0	1620	0	0	1620
32	Cmodel	additive	standardized_MSE	0.005	1620	0	0	1620
32	Cmodel	additive	standardized_MSE	0.01	1620	0	0	1620
32	Cmodel	additive	standardized_MSE	0.02	1620	0	0	1620
32	Cmodel	additive	raw_RMSE	0.0	1620	0	0	1620
32	Cmodel	additive	raw_RMSE	0.005	1620	0	0	1620
32	Cmodel	additive	raw_RMSE	0.01	1620	0	0	1620
32	Cmodel	additive	raw_RMSE	0.02	1620	0	0	1620
32	Cmodel	additive	perturbation_centred_Pearson	0.0	1620	0	0	1620
32	Cmodel	additive	perturbation_centred_Pearson	0.005	1620	0	0	1620
32	Cmodel	additive	perturbation_centred_Pearson	0.01	1620	0	0	1620
32	Cmodel	additive	perturbation_centred_Pearson	0.02	1620	0	0	1620
32	Cmodel	additive	centroid_accuracy	0.0	1620	0	0	1620
32	Cmodel	additive	centroid_accuracy	0.005	1620	0	0	1620
32	Cmodel	additive	centroid_accuracy	0.01	1620	0	0	1620
32	Cmodel	additive	centroid_accuracy	0.02	1620	0	0	1620
32	Cmodel	compositional_ridge	standardized_MSE	0.0	1620	0	0	1620
32	Cmodel	compositional_ridge	standardized_MSE	0.005	1620	0	0	1620
32	Cmodel	compositional_ridge	standardized_MSE	0.01	1620	0	0	1620
32	Cmodel	compositional_ridge	standardized_MSE	0.02	1620	0	0	1620
32	Cmodel	compositional_ridge	raw_RMSE	0.0	1620	0	0	1620
32	Cmodel	compositional_ridge	raw_RMSE	0.005	1620	0	0	1620
32	Cmodel	compositional_ridge	raw_RMSE	0.01	1620	0	0	1620
32	Cmodel	compositional_ridge	raw_RMSE	0.02	1620	0	0	1620
32	Cmodel	compositional_ridge	perturbation_centred_Pearson	0.0	1620	0	0	1620
32	Cmodel	compositional_ridge	perturbation_centred_Pearson	0.005	1620	0	0	1620
32	Cmodel	compositional_ridge	perturbation_centred_Pearson	0.01	1620	0	0	1620
32	Cmodel	compositional_ridge	perturbation_centred_Pearson	0.02	1620	0	0	1620
32	Cmodel	compositional_ridge	centroid_accuracy	0.0	1620	0	0	1620
32	Cmodel	compositional_ridge	centroid_accuracy	0.005	1620	0	0	1620
32	Cmodel	compositional_ridge	centroid_accuracy	0.01	1620	0	0	1620
32	Cmodel	compositional_ridge	centroid_accuracy	0.02	1620	0	0	1620
32	Cmodel	NC_native_effect	standardized_MSE	0.0	1620	0	0	1620
32	Cmodel	NC_native_effect	standardized_MSE	0.005	1620	0	0	1620
32	Cmodel	NC_native_effect	standardized_MSE	0.01	1620	0	0	1620
32	Cmodel	NC_native_effect	standardized_MSE	0.02	1620	0	0	1620
32	Cmodel	NC_native_effect	raw_RMSE	0.0	1620	0	0	1620
32	Cmodel	NC_native_effect	raw_RMSE	0.005	1620	0	0	1620
32	Cmodel	NC_native_effect	raw_RMSE	0.01	1620	0	0	1620
32	Cmodel	NC_native_effect	raw_RMSE	0.02	1620	0	0	1620
32	Cmodel	NC_native_effect	perturbation_centred_Pearson	0.0	1620	0	0	1620
32	Cmodel	NC_native_effect	perturbation_centred_Pearson	0.005	1620	0	0	1620
32	Cmodel	NC_native_effect	perturbation_centred_Pearson	0.01	1620	0	0	1620
32	Cmodel	NC_native_effect	perturbation_centred_Pearson	0.02	1620	0	0	1620
32	Cmodel	NC_native_effect	centroid_accuracy	0.0	1620	0	0	1620
32	Cmodel	NC_native_effect	centroid_accuracy	0.005	1620	0	0	1620
32	Cmodel	NC_native_effect	centroid_accuracy	0.01	1620	0	0	1620
32	Cmodel	NC_native_effect	centroid_accuracy	0.02	1620	0	0	1620
32	Cmodel	native_effect_ridge	standardized_MSE	0.0	1620	0	0	1620
32	Cmodel	native_effect_ridge	standardized_MSE	0.005	1620	0	0	1620
32	Cmodel	native_effect_ridge	standardized_MSE	0.01	1620	0	0	1620
32	Cmodel	native_effect_ridge	standardized_MSE	0.02	1620	0	0	1620
32	Cmodel	native_effect_ridge	raw_RMSE	0.0	1620	0	0	1620
32	Cmodel	native_effect_ridge	raw_RMSE	0.005	1620	0	0	1620
32	Cmodel	native_effect_ridge	raw_RMSE	0.01	1620	0	0	1620
32	Cmodel	native_effect_ridge	raw_RMSE	0.02	1620	0	0	1620
32	Cmodel	native_effect_ridge	perturbation_centred_Pearson	0.0	1620	0	0	1620
32	Cmodel	native_effect_ridge	perturbation_centred_Pearson	0.005	1620	0	0	1620
32	Cmodel	native_effect_ridge	perturbation_centred_Pearson	0.01	1620	0	0	1620
32	Cmodel	native_effect_ridge	perturbation_centred_Pearson	0.02	1620	0	0	1620
32	Cmodel	native_effect_ridge	centroid_accuracy	0.0	1620	0	0	1620
32	Cmodel	native_effect_ridge	centroid_accuracy	0.005	1620	0	0	1620
32	Cmodel	native_effect_ridge	centroid_accuracy	0.01	1620	0	0	1620
32	Cmodel	native_effect_ridge	centroid_accuracy	0.02	1620	0	0	1620
64	Cobs	selected_CPA	standardized_MSE	0.0	1620	810	810	0
64	Cobs	selected_CPA	standardized_MSE	0.005	1620	228	228	1164
64	Cobs	selected_CPA	standardized_MSE	0.01	1620	25	25	1570
64	Cobs	selected_CPA	standardized_MSE	0.02	1620	0	0	1620
64	Cobs	selected_CPA	raw_RMSE	0.0	1620	810	810	0
64	Cobs	selected_CPA	raw_RMSE	0.005	1620	150	150	1320
64	Cobs	selected_CPA	raw_RMSE	0.01	1620	4	4	1612
64	Cobs	selected_CPA	raw_RMSE	0.02	1620	0	0	1620
64	Cobs	selected_CPA	perturbation_centred_Pearson	0.0	1620	810	810	0
64	Cobs	selected_CPA	perturbation_centred_Pearson	0.005	1620	665	665	290
64	Cobs	selected_CPA	perturbation_centred_Pearson	0.01	1620	490	490	640
64	Cobs	selected_CPA	perturbation_centred_Pearson	0.02	1620	244	244	1132
64	Cobs	selected_CPA	centroid_accuracy	0.0	1620	771	771	78
64	Cobs	selected_CPA	centroid_accuracy	0.005	1620	89	89	1442
64	Cobs	selected_CPA	centroid_accuracy	0.01	1620	1	1	1618
64	Cobs	selected_CPA	centroid_accuracy	0.02	1620	0	0	1620
64	Cobs	original_CPA_fixed	standardized_MSE	0.0	1620	810	810	0
64	Cobs	original_CPA_fixed	standardized_MSE	0.005	1620	261	261	1098
64	Cobs	original_CPA_fixed	standardized_MSE	0.01	1620	39	39	1542
64	Cobs	original_CPA_fixed	standardized_MSE	0.02	1620	0	0	1620
64	Cobs	original_CPA_fixed	raw_RMSE	0.0	1620	810	810	0
64	Cobs	original_CPA_fixed	raw_RMSE	0.005	1620	138	138	1344
64	Cobs	original_CPA_fixed	raw_RMSE	0.01	1620	3	3	1614
64	Cobs	original_CPA_fixed	raw_RMSE	0.02	1620	0	0	1620
64	Cobs	original_CPA_fixed	perturbation_centred_Pearson	0.0	1620	810	810	0
64	Cobs	original_CPA_fixed	perturbation_centred_Pearson	0.005	1620	582	582	456
64	Cobs	original_CPA_fixed	perturbation_centred_Pearson	0.01	1620	336	336	948
64	Cobs	original_CPA_fixed	perturbation_centred_Pearson	0.02	1620	75	75	1470
64	Cobs	original_CPA_fixed	centroid_accuracy	0.0	1620	717	717	186
64	Cobs	original_CPA_fixed	centroid_accuracy	0.005	1620	6	6	1608
64	Cobs	original_CPA_fixed	centroid_accuracy	0.01	1620	0	0	1620
64	Cobs	original_CPA_fixed	centroid_accuracy	0.02	1620	0	0	1620
64	Cobs	additive	standardized_MSE	0.0	1620	810	810	0
64	Cobs	additive	standardized_MSE	0.005	1620	33	33	1554
64	Cobs	additive	standardized_MSE	0.01	1620	0	0	1620
64	Cobs	additive	standardized_MSE	0.02	1620	0	0	1620
64	Cobs	additive	raw_RMSE	0.0	1620	810	810	0
64	Cobs	additive	raw_RMSE	0.005	1620	372	372	876
64	Cobs	additive	raw_RMSE	0.01	1620	0	0	1620
64	Cobs	additive	raw_RMSE	0.02	1620	0	0	1620
64	Cobs	additive	perturbation_centred_Pearson	0.0	1620	810	810	0
64	Cobs	additive	perturbation_centred_Pearson	0.005	1620	564	564	492
64	Cobs	additive	perturbation_centred_Pearson	0.01	1620	540	540	540
64	Cobs	additive	perturbation_centred_Pearson	0.02	1620	540	540	540
64	Cobs	additive	centroid_accuracy	0.0	1620	732	732	156
64	Cobs	additive	centroid_accuracy	0.005	1620	0	0	1620
64	Cobs	additive	centroid_accuracy	0.01	1620	0	0	1620
64	Cobs	additive	centroid_accuracy	0.02	1620	0	0	1620
64	Cobs	compositional_ridge	standardized_MSE	0.0	1620	810	810	0
64	Cobs	compositional_ridge	standardized_MSE	0.005	1620	66	66	1488
64	Cobs	compositional_ridge	standardized_MSE	0.01	1620	0	0	1620
64	Cobs	compositional_ridge	standardized_MSE	0.02	1620	0	0	1620
64	Cobs	compositional_ridge	raw_RMSE	0.0	1620	810	810	0
64	Cobs	compositional_ridge	raw_RMSE	0.005	1620	435	435	750
64	Cobs	compositional_ridge	raw_RMSE	0.01	1620	0	0	1620
64	Cobs	compositional_ridge	raw_RMSE	0.02	1620	0	0	1620
64	Cobs	compositional_ridge	perturbation_centred_Pearson	0.0	1620	810	810	0
64	Cobs	compositional_ridge	perturbation_centred_Pearson	0.005	1620	651	651	318
64	Cobs	compositional_ridge	perturbation_centred_Pearson	0.01	1620	570	570	480
64	Cobs	compositional_ridge	perturbation_centred_Pearson	0.02	1620	540	540	540
64	Cobs	compositional_ridge	centroid_accuracy	0.0	1620	777	777	66
64	Cobs	compositional_ridge	centroid_accuracy	0.005	1620	318	318	984
64	Cobs	compositional_ridge	centroid_accuracy	0.01	1620	93	93	1434
64	Cobs	compositional_ridge	centroid_accuracy	0.02	1620	0	0	1620
64	Cobs	NC_native_effect	standardized_MSE	0.0	1620	810	810	0
64	Cobs	NC_native_effect	standardized_MSE	0.005	1620	189	189	1242
64	Cobs	NC_native_effect	standardized_MSE	0.01	1620	9	9	1602
64	Cobs	NC_native_effect	standardized_MSE	0.02	1620	0	0	1620
64	Cobs	NC_native_effect	raw_RMSE	0.0	1620	810	810	0
64	Cobs	NC_native_effect	raw_RMSE	0.005	1620	63	63	1494
64	Cobs	NC_native_effect	raw_RMSE	0.01	1620	0	0	1620
64	Cobs	NC_native_effect	raw_RMSE	0.02	1620	0	0	1620
64	Cobs	NC_native_effect	perturbation_centred_Pearson	0.0	1620	810	810	0
64	Cobs	NC_native_effect	perturbation_centred_Pearson	0.005	1620	144	144	1332
64	Cobs	NC_native_effect	perturbation_centred_Pearson	0.01	1620	18	18	1584
64	Cobs	NC_native_effect	perturbation_centred_Pearson	0.02	1620	0	0	1620
64	Cobs	NC_native_effect	centroid_accuracy	0.0	1620	0	0	1620
64	Cobs	NC_native_effect	centroid_accuracy	0.005	1620	0	0	1620
64	Cobs	NC_native_effect	centroid_accuracy	0.01	1620	0	0	1620
64	Cobs	NC_native_effect	centroid_accuracy	0.02	1620	0	0	1620
64	Cobs	native_effect_ridge	standardized_MSE	0.0	1620	810	810	0
64	Cobs	native_effect_ridge	standardized_MSE	0.005	1620	0	0	1620
64	Cobs	native_effect_ridge	standardized_MSE	0.01	1620	0	0	1620
64	Cobs	native_effect_ridge	standardized_MSE	0.02	1620	0	0	1620
64	Cobs	native_effect_ridge	raw_RMSE	0.0	1620	810	810	0
64	Cobs	native_effect_ridge	raw_RMSE	0.005	1620	0	0	1620
64	Cobs	native_effect_ridge	raw_RMSE	0.01	1620	0	0	1620
64	Cobs	native_effect_ridge	raw_RMSE	0.02	1620	0	0	1620
64	Cobs	native_effect_ridge	perturbation_centred_Pearson	0.0	1620	810	810	0
64	Cobs	native_effect_ridge	perturbation_centred_Pearson	0.005	1620	9	9	1602
64	Cobs	native_effect_ridge	perturbation_centred_Pearson	0.01	1620	0	0	1620
64	Cobs	native_effect_ridge	perturbation_centred_Pearson	0.02	1620	0	0	1620
64	Cobs	native_effect_ridge	centroid_accuracy	0.0	1620	729	729	162
64	Cobs	native_effect_ridge	centroid_accuracy	0.005	1620	0	0	1620
64	Cobs	native_effect_ridge	centroid_accuracy	0.01	1620	0	0	1620
64	Cobs	native_effect_ridge	centroid_accuracy	0.02	1620	0	0	1620
64	Cpred	selected_CPA	standardized_MSE	0.0	1620	810	810	0
64	Cpred	selected_CPA	standardized_MSE	0.005	1620	225	225	1170
64	Cpred	selected_CPA	standardized_MSE	0.01	1620	25	25	1570
64	Cpred	selected_CPA	standardized_MSE	0.02	1620	0	0	1620
64	Cpred	selected_CPA	raw_RMSE	0.0	1620	810	810	0
64	Cpred	selected_CPA	raw_RMSE	0.005	1620	150	150	1320
64	Cpred	selected_CPA	raw_RMSE	0.01	1620	4	4	1612
64	Cpred	selected_CPA	raw_RMSE	0.02	1620	0	0	1620
64	Cpred	selected_CPA	perturbation_centred_Pearson	0.0	1620	810	810	0
64	Cpred	selected_CPA	perturbation_centred_Pearson	0.005	1620	659	659	302
64	Cpred	selected_CPA	perturbation_centred_Pearson	0.01	1620	483	483	654
64	Cpred	selected_CPA	perturbation_centred_Pearson	0.02	1620	245	245	1130
64	Cpred	selected_CPA	centroid_accuracy	0.0	1620	773	773	74
64	Cpred	selected_CPA	centroid_accuracy	0.005	1620	92	92	1436
64	Cpred	selected_CPA	centroid_accuracy	0.01	1620	0	0	1620
64	Cpred	selected_CPA	centroid_accuracy	0.02	1620	0	0	1620
64	Cpred	original_CPA_fixed	standardized_MSE	0.0	1620	810	810	0
64	Cpred	original_CPA_fixed	standardized_MSE	0.005	1620	255	255	1110
64	Cpred	original_CPA_fixed	standardized_MSE	0.01	1620	36	36	1548
64	Cpred	original_CPA_fixed	standardized_MSE	0.02	1620	0	0	1620
64	Cpred	original_CPA_fixed	raw_RMSE	0.0	1620	810	810	0
64	Cpred	original_CPA_fixed	raw_RMSE	0.005	1620	141	141	1338
64	Cpred	original_CPA_fixed	raw_RMSE	0.01	1620	3	3	1614
64	Cpred	original_CPA_fixed	raw_RMSE	0.02	1620	0	0	1620
64	Cpred	original_CPA_fixed	perturbation_centred_Pearson	0.0	1620	810	810	0
64	Cpred	original_CPA_fixed	perturbation_centred_Pearson	0.005	1620	594	594	432
64	Cpred	original_CPA_fixed	perturbation_centred_Pearson	0.01	1620	330	330	960
64	Cpred	original_CPA_fixed	perturbation_centred_Pearson	0.02	1620	78	78	1464
64	Cpred	original_CPA_fixed	centroid_accuracy	0.0	1620	711	711	198
64	Cpred	original_CPA_fixed	centroid_accuracy	0.005	1620	3	3	1614
64	Cpred	original_CPA_fixed	centroid_accuracy	0.01	1620	0	0	1620
64	Cpred	original_CPA_fixed	centroid_accuracy	0.02	1620	0	0	1620
64	Cpred	additive	standardized_MSE	0.0	1620	810	810	0
64	Cpred	additive	standardized_MSE	0.005	1620	33	33	1554
64	Cpred	additive	standardized_MSE	0.01	1620	0	0	1620
64	Cpred	additive	standardized_MSE	0.02	1620	0	0	1620
64	Cpred	additive	raw_RMSE	0.0	1620	810	810	0
64	Cpred	additive	raw_RMSE	0.005	1620	372	372	876
64	Cpred	additive	raw_RMSE	0.01	1620	0	0	1620
64	Cpred	additive	raw_RMSE	0.02	1620	0	0	1620
64	Cpred	additive	perturbation_centred_Pearson	0.0	1620	810	810	0
64	Cpred	additive	perturbation_centred_Pearson	0.005	1620	549	549	522
64	Cpred	additive	perturbation_centred_Pearson	0.01	1620	540	540	540
64	Cpred	additive	perturbation_centred_Pearson	0.02	1620	540	540	540
64	Cpred	additive	centroid_accuracy	0.0	1620	735	735	150
64	Cpred	additive	centroid_accuracy	0.005	1620	0	0	1620
64	Cpred	additive	centroid_accuracy	0.01	1620	0	0	1620
64	Cpred	additive	centroid_accuracy	0.02	1620	0	0	1620
64	Cpred	compositional_ridge	standardized_MSE	0.0	1620	810	810	0
64	Cpred	compositional_ridge	standardized_MSE	0.005	1620	66	66	1488
64	Cpred	compositional_ridge	standardized_MSE	0.01	1620	0	0	1620
64	Cpred	compositional_ridge	standardized_MSE	0.02	1620	0	0	1620
64	Cpred	compositional_ridge	raw_RMSE	0.0	1620	810	810	0
64	Cpred	compositional_ridge	raw_RMSE	0.005	1620	435	435	750
64	Cpred	compositional_ridge	raw_RMSE	0.01	1620	0	0	1620
64	Cpred	compositional_ridge	raw_RMSE	0.02	1620	0	0	1620
64	Cpred	compositional_ridge	perturbation_centred_Pearson	0.0	1620	810	810	0
64	Cpred	compositional_ridge	perturbation_centred_Pearson	0.005	1620	654	654	312
64	Cpred	compositional_ridge	perturbation_centred_Pearson	0.01	1620	576	576	468
64	Cpred	compositional_ridge	perturbation_centred_Pearson	0.02	1620	540	540	540
64	Cpred	compositional_ridge	centroid_accuracy	0.0	1620	780	780	60
64	Cpred	compositional_ridge	centroid_accuracy	0.005	1620	333	333	954
64	Cpred	compositional_ridge	centroid_accuracy	0.01	1620	90	90	1440
64	Cpred	compositional_ridge	centroid_accuracy	0.02	1620	0	0	1620
64	Cpred	NC_native_effect	standardized_MSE	0.0	1620	0	0	1620
64	Cpred	NC_native_effect	standardized_MSE	0.005	1620	0	0	1620
64	Cpred	NC_native_effect	standardized_MSE	0.01	1620	0	0	1620
64	Cpred	NC_native_effect	standardized_MSE	0.02	1620	0	0	1620
64	Cpred	NC_native_effect	raw_RMSE	0.0	1620	0	0	1620
64	Cpred	NC_native_effect	raw_RMSE	0.005	1620	0	0	1620
64	Cpred	NC_native_effect	raw_RMSE	0.01	1620	0	0	1620
64	Cpred	NC_native_effect	raw_RMSE	0.02	1620	0	0	1620
64	Cpred	NC_native_effect	perturbation_centred_Pearson	0.0	1620	0	0	1620
64	Cpred	NC_native_effect	perturbation_centred_Pearson	0.005	1620	0	0	1620
64	Cpred	NC_native_effect	perturbation_centred_Pearson	0.01	1620	0	0	1620
64	Cpred	NC_native_effect	perturbation_centred_Pearson	0.02	1620	0	0	1620
64	Cpred	NC_native_effect	centroid_accuracy	0.0	1620	0	0	1620
64	Cpred	NC_native_effect	centroid_accuracy	0.005	1620	0	0	1620
64	Cpred	NC_native_effect	centroid_accuracy	0.01	1620	0	0	1620
64	Cpred	NC_native_effect	centroid_accuracy	0.02	1620	0	0	1620
64	Cpred	native_effect_ridge	standardized_MSE	0.0	1620	0	0	1620
64	Cpred	native_effect_ridge	standardized_MSE	0.005	1620	0	0	1620
64	Cpred	native_effect_ridge	standardized_MSE	0.01	1620	0	0	1620
64	Cpred	native_effect_ridge	standardized_MSE	0.02	1620	0	0	1620
64	Cpred	native_effect_ridge	raw_RMSE	0.0	1620	0	0	1620
64	Cpred	native_effect_ridge	raw_RMSE	0.005	1620	0	0	1620
64	Cpred	native_effect_ridge	raw_RMSE	0.01	1620	0	0	1620
64	Cpred	native_effect_ridge	raw_RMSE	0.02	1620	0	0	1620
64	Cpred	native_effect_ridge	perturbation_centred_Pearson	0.0	1620	0	0	1620
64	Cpred	native_effect_ridge	perturbation_centred_Pearson	0.005	1620	0	0	1620
64	Cpred	native_effect_ridge	perturbation_centred_Pearson	0.01	1620	0	0	1620
64	Cpred	native_effect_ridge	perturbation_centred_Pearson	0.02	1620	0	0	1620
64	Cpred	native_effect_ridge	centroid_accuracy	0.0	1620	0	0	1620
64	Cpred	native_effect_ridge	centroid_accuracy	0.005	1620	0	0	1620
64	Cpred	native_effect_ridge	centroid_accuracy	0.01	1620	0	0	1620
64	Cpred	native_effect_ridge	centroid_accuracy	0.02	1620	0	0	1620
64	Cmodel	selected_CPA	standardized_MSE	0.0	1620	810	810	0
64	Cmodel	selected_CPA	standardized_MSE	0.005	1620	119	119	1382
64	Cmodel	selected_CPA	standardized_MSE	0.01	1620	0	0	1620
64	Cmodel	selected_CPA	standardized_MSE	0.02	1620	0	0	1620
64	Cmodel	selected_CPA	raw_RMSE	0.0	1620	810	810	0
64	Cmodel	selected_CPA	raw_RMSE	0.005	1620	60	60	1500
64	Cmodel	selected_CPA	raw_RMSE	0.01	1620	0	0	1620
64	Cmodel	selected_CPA	raw_RMSE	0.02	1620	0	0	1620
64	Cmodel	selected_CPA	perturbation_centred_Pearson	0.0	1620	810	810	0
64	Cmodel	selected_CPA	perturbation_centred_Pearson	0.005	1620	615	615	390
64	Cmodel	selected_CPA	perturbation_centred_Pearson	0.01	1620	372	372	876
64	Cmodel	selected_CPA	perturbation_centred_Pearson	0.02	1620	126	126	1368
64	Cmodel	selected_CPA	centroid_accuracy	0.0	1620	770	770	80
64	Cmodel	selected_CPA	centroid_accuracy	0.005	1620	98	98	1424
64	Cmodel	selected_CPA	centroid_accuracy	0.01	1620	0	0	1620
64	Cmodel	selected_CPA	centroid_accuracy	0.02	1620	0	0	1620
64	Cmodel	original_CPA_fixed	standardized_MSE	0.0	1620	0	0	1620
64	Cmodel	original_CPA_fixed	standardized_MSE	0.005	1620	0	0	1620
64	Cmodel	original_CPA_fixed	standardized_MSE	0.01	1620	0	0	1620
64	Cmodel	original_CPA_fixed	standardized_MSE	0.02	1620	0	0	1620
64	Cmodel	original_CPA_fixed	raw_RMSE	0.0	1620	0	0	1620
64	Cmodel	original_CPA_fixed	raw_RMSE	0.005	1620	0	0	1620
64	Cmodel	original_CPA_fixed	raw_RMSE	0.01	1620	0	0	1620
64	Cmodel	original_CPA_fixed	raw_RMSE	0.02	1620	0	0	1620
64	Cmodel	original_CPA_fixed	perturbation_centred_Pearson	0.0	1620	0	0	1620
64	Cmodel	original_CPA_fixed	perturbation_centred_Pearson	0.005	1620	0	0	1620
64	Cmodel	original_CPA_fixed	perturbation_centred_Pearson	0.01	1620	0	0	1620
64	Cmodel	original_CPA_fixed	perturbation_centred_Pearson	0.02	1620	0	0	1620
64	Cmodel	original_CPA_fixed	centroid_accuracy	0.0	1620	0	0	1620
64	Cmodel	original_CPA_fixed	centroid_accuracy	0.005	1620	0	0	1620
64	Cmodel	original_CPA_fixed	centroid_accuracy	0.01	1620	0	0	1620
64	Cmodel	original_CPA_fixed	centroid_accuracy	0.02	1620	0	0	1620
64	Cmodel	additive	standardized_MSE	0.0	1620	0	0	1620
64	Cmodel	additive	standardized_MSE	0.005	1620	0	0	1620
64	Cmodel	additive	standardized_MSE	0.01	1620	0	0	1620
64	Cmodel	additive	standardized_MSE	0.02	1620	0	0	1620
64	Cmodel	additive	raw_RMSE	0.0	1620	0	0	1620
64	Cmodel	additive	raw_RMSE	0.005	1620	0	0	1620
64	Cmodel	additive	raw_RMSE	0.01	1620	0	0	1620
64	Cmodel	additive	raw_RMSE	0.02	1620	0	0	1620
64	Cmodel	additive	perturbation_centred_Pearson	0.0	1620	0	0	1620
64	Cmodel	additive	perturbation_centred_Pearson	0.005	1620	0	0	1620
64	Cmodel	additive	perturbation_centred_Pearson	0.01	1620	0	0	1620
64	Cmodel	additive	perturbation_centred_Pearson	0.02	1620	0	0	1620
64	Cmodel	additive	centroid_accuracy	0.0	1620	0	0	1620
64	Cmodel	additive	centroid_accuracy	0.005	1620	0	0	1620
64	Cmodel	additive	centroid_accuracy	0.01	1620	0	0	1620
64	Cmodel	additive	centroid_accuracy	0.02	1620	0	0	1620
64	Cmodel	compositional_ridge	standardized_MSE	0.0	1620	0	0	1620
64	Cmodel	compositional_ridge	standardized_MSE	0.005	1620	0	0	1620
64	Cmodel	compositional_ridge	standardized_MSE	0.01	1620	0	0	1620
64	Cmodel	compositional_ridge	standardized_MSE	0.02	1620	0	0	1620
64	Cmodel	compositional_ridge	raw_RMSE	0.0	1620	0	0	1620
64	Cmodel	compositional_ridge	raw_RMSE	0.005	1620	0	0	1620
64	Cmodel	compositional_ridge	raw_RMSE	0.01	1620	0	0	1620
64	Cmodel	compositional_ridge	raw_RMSE	0.02	1620	0	0	1620
64	Cmodel	compositional_ridge	perturbation_centred_Pearson	0.0	1620	0	0	1620
64	Cmodel	compositional_ridge	perturbation_centred_Pearson	0.005	1620	0	0	1620
64	Cmodel	compositional_ridge	perturbation_centred_Pearson	0.01	1620	0	0	1620
64	Cmodel	compositional_ridge	perturbation_centred_Pearson	0.02	1620	0	0	1620
64	Cmodel	compositional_ridge	centroid_accuracy	0.0	1620	0	0	1620
64	Cmodel	compositional_ridge	centroid_accuracy	0.005	1620	0	0	1620
64	Cmodel	compositional_ridge	centroid_accuracy	0.01	1620	0	0	1620
64	Cmodel	compositional_ridge	centroid_accuracy	0.02	1620	0	0	1620
64	Cmodel	NC_native_effect	standardized_MSE	0.0	1620	0	0	1620
64	Cmodel	NC_native_effect	standardized_MSE	0.005	1620	0	0	1620
64	Cmodel	NC_native_effect	standardized_MSE	0.01	1620	0	0	1620
64	Cmodel	NC_native_effect	standardized_MSE	0.02	1620	0	0	1620
64	Cmodel	NC_native_effect	raw_RMSE	0.0	1620	0	0	1620
64	Cmodel	NC_native_effect	raw_RMSE	0.005	1620	0	0	1620
64	Cmodel	NC_native_effect	raw_RMSE	0.01	1620	0	0	1620
64	Cmodel	NC_native_effect	raw_RMSE	0.02	1620	0	0	1620
64	Cmodel	NC_native_effect	perturbation_centred_Pearson	0.0	1620	0	0	1620
64	Cmodel	NC_native_effect	perturbation_centred_Pearson	0.005	1620	0	0	1620
64	Cmodel	NC_native_effect	perturbation_centred_Pearson	0.01	1620	0	0	1620
64	Cmodel	NC_native_effect	perturbation_centred_Pearson	0.02	1620	0	0	1620
64	Cmodel	NC_native_effect	centroid_accuracy	0.0	1620	0	0	1620
64	Cmodel	NC_native_effect	centroid_accuracy	0.005	1620	0	0	1620
64	Cmodel	NC_native_effect	centroid_accuracy	0.01	1620	0	0	1620
64	Cmodel	NC_native_effect	centroid_accuracy	0.02	1620	0	0	1620
64	Cmodel	native_effect_ridge	standardized_MSE	0.0	1620	0	0	1620
64	Cmodel	native_effect_ridge	standardized_MSE	0.005	1620	0	0	1620
64	Cmodel	native_effect_ridge	standardized_MSE	0.01	1620	0	0	1620
64	Cmodel	native_effect_ridge	standardized_MSE	0.02	1620	0	0	1620
64	Cmodel	native_effect_ridge	raw_RMSE	0.0	1620	0	0	1620
64	Cmodel	native_effect_ridge	raw_RMSE	0.005	1620	0	0	1620
64	Cmodel	native_effect_ridge	raw_RMSE	0.01	1620	0	0	1620
64	Cmodel	native_effect_ridge	raw_RMSE	0.02	1620	0	0	1620
64	Cmodel	native_effect_ridge	perturbation_centred_Pearson	0.0	1620	0	0	1620
64	Cmodel	native_effect_ridge	perturbation_centred_Pearson	0.005	1620	0	0	1620
64	Cmodel	native_effect_ridge	perturbation_centred_Pearson	0.01	1620	0	0	1620
64	Cmodel	native_effect_ridge	perturbation_centred_Pearson	0.02	1620	0	0	1620
64	Cmodel	native_effect_ridge	centroid_accuracy	0.0	1620	0	0	1620
64	Cmodel	native_effect_ridge	centroid_accuracy	0.005	1620	0	0	1620
64	Cmodel	native_effect_ridge	centroid_accuracy	0.01	1620	0	0	1620
64	Cmodel	native_effect_ridge	centroid_accuracy	0.02	1620	0	0	1620
128	Cobs	selected_CPA	standardized_MSE	0.0	1620	810	810	0
128	Cobs	selected_CPA	standardized_MSE	0.005	1620	65	65	1490
128	Cobs	selected_CPA	standardized_MSE	0.01	1620	0	0	1620
128	Cobs	selected_CPA	standardized_MSE	0.02	1620	0	0	1620
128	Cobs	selected_CPA	raw_RMSE	0.0	1620	810	810	0
128	Cobs	selected_CPA	raw_RMSE	0.005	1620	32	32	1556
128	Cobs	selected_CPA	raw_RMSE	0.01	1620	0	0	1620
128	Cobs	selected_CPA	raw_RMSE	0.02	1620	0	0	1620
128	Cobs	selected_CPA	perturbation_centred_Pearson	0.0	1620	810	810	0
128	Cobs	selected_CPA	perturbation_centred_Pearson	0.005	1620	573	573	474
128	Cobs	selected_CPA	perturbation_centred_Pearson	0.01	1620	362	362	896
128	Cobs	selected_CPA	perturbation_centred_Pearson	0.02	1620	111	111	1398
128	Cobs	selected_CPA	centroid_accuracy	0.0	1620	765	765	90
128	Cobs	selected_CPA	centroid_accuracy	0.005	1620	29	29	1562
128	Cobs	selected_CPA	centroid_accuracy	0.01	1620	0	0	1620
128	Cobs	selected_CPA	centroid_accuracy	0.02	1620	0	0	1620
128	Cobs	original_CPA_fixed	standardized_MSE	0.0	1620	810	810	0
128	Cobs	original_CPA_fixed	standardized_MSE	0.005	1620	84	84	1452
128	Cobs	original_CPA_fixed	standardized_MSE	0.01	1620	0	0	1620
128	Cobs	original_CPA_fixed	standardized_MSE	0.02	1620	0	0	1620
128	Cobs	original_CPA_fixed	raw_RMSE	0.0	1620	810	810	0
128	Cobs	original_CPA_fixed	raw_RMSE	0.005	1620	27	27	1566
128	Cobs	original_CPA_fixed	raw_RMSE	0.01	1620	0	0	1620
128	Cobs	original_CPA_fixed	raw_RMSE	0.02	1620	0	0	1620
128	Cobs	original_CPA_fixed	perturbation_centred_Pearson	0.0	1620	810	810	0
128	Cobs	original_CPA_fixed	perturbation_centred_Pearson	0.005	1620	438	438	744
128	Cobs	original_CPA_fixed	perturbation_centred_Pearson	0.01	1620	177	177	1266
128	Cobs	original_CPA_fixed	perturbation_centred_Pearson	0.02	1620	6	6	1608
128	Cobs	original_CPA_fixed	centroid_accuracy	0.0	1620	702	702	216
128	Cobs	original_CPA_fixed	centroid_accuracy	0.005	1620	0	0	1620
128	Cobs	original_CPA_fixed	centroid_accuracy	0.01	1620	0	0	1620
128	Cobs	original_CPA_fixed	centroid_accuracy	0.02	1620	0	0	1620
128	Cobs	additive	standardized_MSE	0.0	1620	810	810	0
128	Cobs	additive	standardized_MSE	0.005	1620	0	0	1620
128	Cobs	additive	standardized_MSE	0.01	1620	0	0	1620
128	Cobs	additive	standardized_MSE	0.02	1620	0	0	1620
128	Cobs	additive	raw_RMSE	0.0	1620	810	810	0
128	Cobs	additive	raw_RMSE	0.005	1620	0	0	1620
128	Cobs	additive	raw_RMSE	0.01	1620	0	0	1620
128	Cobs	additive	raw_RMSE	0.02	1620	0	0	1620
128	Cobs	additive	perturbation_centred_Pearson	0.0	1620	810	810	0
128	Cobs	additive	perturbation_centred_Pearson	0.005	1620	540	540	540
128	Cobs	additive	perturbation_centred_Pearson	0.01	1620	540	540	540
128	Cobs	additive	perturbation_centred_Pearson	0.02	1620	3	3	1614
128	Cobs	additive	centroid_accuracy	0.0	1620	684	684	252
128	Cobs	additive	centroid_accuracy	0.005	1620	0	0	1620
128	Cobs	additive	centroid_accuracy	0.01	1620	0	0	1620
128	Cobs	additive	centroid_accuracy	0.02	1620	0	0	1620
128	Cobs	compositional_ridge	standardized_MSE	0.0	1620	810	810	0
128	Cobs	compositional_ridge	standardized_MSE	0.005	1620	0	0	1620
128	Cobs	compositional_ridge	standardized_MSE	0.01	1620	0	0	1620
128	Cobs	compositional_ridge	standardized_MSE	0.02	1620	0	0	1620
128	Cobs	compositional_ridge	raw_RMSE	0.0	1620	810	810	0
128	Cobs	compositional_ridge	raw_RMSE	0.005	1620	3	3	1614
128	Cobs	compositional_ridge	raw_RMSE	0.01	1620	0	0	1620
128	Cobs	compositional_ridge	raw_RMSE	0.02	1620	0	0	1620
128	Cobs	compositional_ridge	perturbation_centred_Pearson	0.0	1620	810	810	0
128	Cobs	compositional_ridge	perturbation_centred_Pearson	0.005	1620	597	597	426
128	Cobs	compositional_ridge	perturbation_centred_Pearson	0.01	1620	546	546	528
128	Cobs	compositional_ridge	perturbation_centred_Pearson	0.02	1620	540	540	540
128	Cobs	compositional_ridge	centroid_accuracy	0.0	1620	765	765	90
128	Cobs	compositional_ridge	centroid_accuracy	0.005	1620	204	204	1212
128	Cobs	compositional_ridge	centroid_accuracy	0.01	1620	15	15	1590
128	Cobs	compositional_ridge	centroid_accuracy	0.02	1620	0	0	1620
128	Cobs	NC_native_effect	standardized_MSE	0.0	1620	810	810	0
128	Cobs	NC_native_effect	standardized_MSE	0.005	1620	63	63	1494
128	Cobs	NC_native_effect	standardized_MSE	0.01	1620	0	0	1620
128	Cobs	NC_native_effect	standardized_MSE	0.02	1620	0	0	1620
128	Cobs	NC_native_effect	raw_RMSE	0.0	1620	810	810	0
128	Cobs	NC_native_effect	raw_RMSE	0.005	1620	9	9	1602
128	Cobs	NC_native_effect	raw_RMSE	0.01	1620	0	0	1620
128	Cobs	NC_native_effect	raw_RMSE	0.02	1620	0	0	1620
128	Cobs	NC_native_effect	perturbation_centred_Pearson	0.0	1620	810	810	0
128	Cobs	NC_native_effect	perturbation_centred_Pearson	0.005	1620	72	72	1476
128	Cobs	NC_native_effect	perturbation_centred_Pearson	0.01	1620	0	0	1620
128	Cobs	NC_native_effect	perturbation_centred_Pearson	0.02	1620	0	0	1620
128	Cobs	NC_native_effect	centroid_accuracy	0.0	1620	0	0	1620
128	Cobs	NC_native_effect	centroid_accuracy	0.005	1620	0	0	1620
128	Cobs	NC_native_effect	centroid_accuracy	0.01	1620	0	0	1620
128	Cobs	NC_native_effect	centroid_accuracy	0.02	1620	0	0	1620
128	Cobs	native_effect_ridge	standardized_MSE	0.0	1620	810	810	0
128	Cobs	native_effect_ridge	standardized_MSE	0.005	1620	0	0	1620
128	Cobs	native_effect_ridge	standardized_MSE	0.01	1620	0	0	1620
128	Cobs	native_effect_ridge	standardized_MSE	0.02	1620	0	0	1620
128	Cobs	native_effect_ridge	raw_RMSE	0.0	1620	810	810	0
128	Cobs	native_effect_ridge	raw_RMSE	0.005	1620	0	0	1620
128	Cobs	native_effect_ridge	raw_RMSE	0.01	1620	0	0	1620
128	Cobs	native_effect_ridge	raw_RMSE	0.02	1620	0	0	1620
128	Cobs	native_effect_ridge	perturbation_centred_Pearson	0.0	1620	810	810	0
128	Cobs	native_effect_ridge	perturbation_centred_Pearson	0.005	1620	0	0	1620
128	Cobs	native_effect_ridge	perturbation_centred_Pearson	0.01	1620	0	0	1620
128	Cobs	native_effect_ridge	perturbation_centred_Pearson	0.02	1620	0	0	1620
128	Cobs	native_effect_ridge	centroid_accuracy	0.0	1620	720	720	180
128	Cobs	native_effect_ridge	centroid_accuracy	0.005	1620	0	0	1620
128	Cobs	native_effect_ridge	centroid_accuracy	0.01	1620	0	0	1620
128	Cobs	native_effect_ridge	centroid_accuracy	0.02	1620	0	0	1620
128	Cpred	selected_CPA	standardized_MSE	0.0	1620	810	810	0
128	Cpred	selected_CPA	standardized_MSE	0.005	1620	66	66	1488
128	Cpred	selected_CPA	standardized_MSE	0.01	1620	0	0	1620
128	Cpred	selected_CPA	standardized_MSE	0.02	1620	0	0	1620
128	Cpred	selected_CPA	raw_RMSE	0.0	1620	810	810	0
128	Cpred	selected_CPA	raw_RMSE	0.005	1620	32	32	1556
128	Cpred	selected_CPA	raw_RMSE	0.01	1620	0	0	1620
128	Cpred	selected_CPA	raw_RMSE	0.02	1620	0	0	1620
128	Cpred	selected_CPA	perturbation_centred_Pearson	0.0	1620	810	810	0
128	Cpred	selected_CPA	perturbation_centred_Pearson	0.005	1620	576	576	468
128	Cpred	selected_CPA	perturbation_centred_Pearson	0.01	1620	365	365	890
128	Cpred	selected_CPA	perturbation_centred_Pearson	0.02	1620	109	109	1402
128	Cpred	selected_CPA	centroid_accuracy	0.0	1620	774	774	72
128	Cpred	selected_CPA	centroid_accuracy	0.005	1620	31	31	1558
128	Cpred	selected_CPA	centroid_accuracy	0.01	1620	0	0	1620
128	Cpred	selected_CPA	centroid_accuracy	0.02	1620	0	0	1620
128	Cpred	original_CPA_fixed	standardized_MSE	0.0	1620	810	810	0
128	Cpred	original_CPA_fixed	standardized_MSE	0.005	1620	87	87	1446
128	Cpred	original_CPA_fixed	standardized_MSE	0.01	1620	0	0	1620
128	Cpred	original_CPA_fixed	standardized_MSE	0.02	1620	0	0	1620
128	Cpred	original_CPA_fixed	raw_RMSE	0.0	1620	810	810	0
128	Cpred	original_CPA_fixed	raw_RMSE	0.005	1620	27	27	1566
128	Cpred	original_CPA_fixed	raw_RMSE	0.01	1620	0	0	1620
128	Cpred	original_CPA_fixed	raw_RMSE	0.02	1620	0	0	1620
128	Cpred	original_CPA_fixed	perturbation_centred_Pearson	0.0	1620	810	810	0
128	Cpred	original_CPA_fixed	perturbation_centred_Pearson	0.005	1620	435	435	750
128	Cpred	original_CPA_fixed	perturbation_centred_Pearson	0.01	1620	180	180	1260
128	Cpred	original_CPA_fixed	perturbation_centred_Pearson	0.02	1620	6	6	1608
128	Cpred	original_CPA_fixed	centroid_accuracy	0.0	1620	723	723	174
128	Cpred	original_CPA_fixed	centroid_accuracy	0.005	1620	0	0	1620
128	Cpred	original_CPA_fixed	centroid_accuracy	0.01	1620	0	0	1620
128	Cpred	original_CPA_fixed	centroid_accuracy	0.02	1620	0	0	1620
128	Cpred	additive	standardized_MSE	0.0	1620	810	810	0
128	Cpred	additive	standardized_MSE	0.005	1620	0	0	1620
128	Cpred	additive	standardized_MSE	0.01	1620	0	0	1620
128	Cpred	additive	standardized_MSE	0.02	1620	0	0	1620
128	Cpred	additive	raw_RMSE	0.0	1620	810	810	0
128	Cpred	additive	raw_RMSE	0.005	1620	0	0	1620
128	Cpred	additive	raw_RMSE	0.01	1620	0	0	1620
128	Cpred	additive	raw_RMSE	0.02	1620	0	0	1620
128	Cpred	additive	perturbation_centred_Pearson	0.0	1620	810	810	0
128	Cpred	additive	perturbation_centred_Pearson	0.005	1620	540	540	540
128	Cpred	additive	perturbation_centred_Pearson	0.01	1620	540	540	540
128	Cpred	additive	perturbation_centred_Pearson	0.02	1620	3	3	1614
128	Cpred	additive	centroid_accuracy	0.0	1620	663	663	294
128	Cpred	additive	centroid_accuracy	0.005	1620	0	0	1620
128	Cpred	additive	centroid_accuracy	0.01	1620	0	0	1620
128	Cpred	additive	centroid_accuracy	0.02	1620	0	0	1620
128	Cpred	compositional_ridge	standardized_MSE	0.0	1620	810	810	0
128	Cpred	compositional_ridge	standardized_MSE	0.005	1620	0	0	1620
128	Cpred	compositional_ridge	standardized_MSE	0.01	1620	0	0	1620
128	Cpred	compositional_ridge	standardized_MSE	0.02	1620	0	0	1620
128	Cpred	compositional_ridge	raw_RMSE	0.0	1620	810	810	0
128	Cpred	compositional_ridge	raw_RMSE	0.005	1620	3	3	1614
128	Cpred	compositional_ridge	raw_RMSE	0.01	1620	0	0	1620
128	Cpred	compositional_ridge	raw_RMSE	0.02	1620	0	0	1620
128	Cpred	compositional_ridge	perturbation_centred_Pearson	0.0	1620	810	810	0
128	Cpred	compositional_ridge	perturbation_centred_Pearson	0.005	1620	603	603	414
128	Cpred	compositional_ridge	perturbation_centred_Pearson	0.01	1620	543	543	534
128	Cpred	compositional_ridge	perturbation_centred_Pearson	0.02	1620	540	540	540
128	Cpred	compositional_ridge	centroid_accuracy	0.0	1620	783	783	54
128	Cpred	compositional_ridge	centroid_accuracy	0.005	1620	201	201	1218
128	Cpred	compositional_ridge	centroid_accuracy	0.01	1620	12	12	1596
128	Cpred	compositional_ridge	centroid_accuracy	0.02	1620	0	0	1620
128	Cpred	NC_native_effect	standardized_MSE	0.0	1620	0	0	1620
128	Cpred	NC_native_effect	standardized_MSE	0.005	1620	0	0	1620
128	Cpred	NC_native_effect	standardized_MSE	0.01	1620	0	0	1620
128	Cpred	NC_native_effect	standardized_MSE	0.02	1620	0	0	1620
128	Cpred	NC_native_effect	raw_RMSE	0.0	1620	0	0	1620
128	Cpred	NC_native_effect	raw_RMSE	0.005	1620	0	0	1620
128	Cpred	NC_native_effect	raw_RMSE	0.01	1620	0	0	1620
128	Cpred	NC_native_effect	raw_RMSE	0.02	1620	0	0	1620
128	Cpred	NC_native_effect	perturbation_centred_Pearson	0.0	1620	0	0	1620
128	Cpred	NC_native_effect	perturbation_centred_Pearson	0.005	1620	0	0	1620
128	Cpred	NC_native_effect	perturbation_centred_Pearson	0.01	1620	0	0	1620
128	Cpred	NC_native_effect	perturbation_centred_Pearson	0.02	1620	0	0	1620
128	Cpred	NC_native_effect	centroid_accuracy	0.0	1620	0	0	1620
128	Cpred	NC_native_effect	centroid_accuracy	0.005	1620	0	0	1620
128	Cpred	NC_native_effect	centroid_accuracy	0.01	1620	0	0	1620
128	Cpred	NC_native_effect	centroid_accuracy	0.02	1620	0	0	1620
128	Cpred	native_effect_ridge	standardized_MSE	0.0	1620	0	0	1620
128	Cpred	native_effect_ridge	standardized_MSE	0.005	1620	0	0	1620
128	Cpred	native_effect_ridge	standardized_MSE	0.01	1620	0	0	1620
128	Cpred	native_effect_ridge	standardized_MSE	0.02	1620	0	0	1620
128	Cpred	native_effect_ridge	raw_RMSE	0.0	1620	0	0	1620
128	Cpred	native_effect_ridge	raw_RMSE	0.005	1620	0	0	1620
128	Cpred	native_effect_ridge	raw_RMSE	0.01	1620	0	0	1620
128	Cpred	native_effect_ridge	raw_RMSE	0.02	1620	0	0	1620
128	Cpred	native_effect_ridge	perturbation_centred_Pearson	0.0	1620	0	0	1620
128	Cpred	native_effect_ridge	perturbation_centred_Pearson	0.005	1620	0	0	1620
128	Cpred	native_effect_ridge	perturbation_centred_Pearson	0.01	1620	0	0	1620
128	Cpred	native_effect_ridge	perturbation_centred_Pearson	0.02	1620	0	0	1620
128	Cpred	native_effect_ridge	centroid_accuracy	0.0	1620	0	0	1620
128	Cpred	native_effect_ridge	centroid_accuracy	0.005	1620	0	0	1620
128	Cpred	native_effect_ridge	centroid_accuracy	0.01	1620	0	0	1620
128	Cpred	native_effect_ridge	centroid_accuracy	0.02	1620	0	0	1620
128	Cmodel	selected_CPA	standardized_MSE	0.0	1620	810	810	0
128	Cmodel	selected_CPA	standardized_MSE	0.005	1620	18	18	1584
128	Cmodel	selected_CPA	standardized_MSE	0.01	1620	0	0	1620
128	Cmodel	selected_CPA	standardized_MSE	0.02	1620	0	0	1620
128	Cmodel	selected_CPA	raw_RMSE	0.0	1620	810	810	0
128	Cmodel	selected_CPA	raw_RMSE	0.005	1620	0	0	1620
128	Cmodel	selected_CPA	raw_RMSE	0.01	1620	0	0	1620
128	Cmodel	selected_CPA	raw_RMSE	0.02	1620	0	0	1620
128	Cmodel	selected_CPA	perturbation_centred_Pearson	0.0	1620	810	810	0
128	Cmodel	selected_CPA	perturbation_centred_Pearson	0.005	1620	475	475	670
128	Cmodel	selected_CPA	perturbation_centred_Pearson	0.01	1620	286	286	1048
128	Cmodel	selected_CPA	perturbation_centred_Pearson	0.02	1620	51	51	1518
128	Cmodel	selected_CPA	centroid_accuracy	0.0	1620	764	764	92
128	Cmodel	selected_CPA	centroid_accuracy	0.005	1620	29	29	1562
128	Cmodel	selected_CPA	centroid_accuracy	0.01	1620	0	0	1620
128	Cmodel	selected_CPA	centroid_accuracy	0.02	1620	0	0	1620
128	Cmodel	original_CPA_fixed	standardized_MSE	0.0	1620	0	0	1620
128	Cmodel	original_CPA_fixed	standardized_MSE	0.005	1620	0	0	1620
128	Cmodel	original_CPA_fixed	standardized_MSE	0.01	1620	0	0	1620
128	Cmodel	original_CPA_fixed	standardized_MSE	0.02	1620	0	0	1620
128	Cmodel	original_CPA_fixed	raw_RMSE	0.0	1620	0	0	1620
128	Cmodel	original_CPA_fixed	raw_RMSE	0.005	1620	0	0	1620
128	Cmodel	original_CPA_fixed	raw_RMSE	0.01	1620	0	0	1620
128	Cmodel	original_CPA_fixed	raw_RMSE	0.02	1620	0	0	1620
128	Cmodel	original_CPA_fixed	perturbation_centred_Pearson	0.0	1620	0	0	1620
128	Cmodel	original_CPA_fixed	perturbation_centred_Pearson	0.005	1620	0	0	1620
128	Cmodel	original_CPA_fixed	perturbation_centred_Pearson	0.01	1620	0	0	1620
128	Cmodel	original_CPA_fixed	perturbation_centred_Pearson	0.02	1620	0	0	1620
128	Cmodel	original_CPA_fixed	centroid_accuracy	0.0	1620	0	0	1620
128	Cmodel	original_CPA_fixed	centroid_accuracy	0.005	1620	0	0	1620
128	Cmodel	original_CPA_fixed	centroid_accuracy	0.01	1620	0	0	1620
128	Cmodel	original_CPA_fixed	centroid_accuracy	0.02	1620	0	0	1620
128	Cmodel	additive	standardized_MSE	0.0	1620	0	0	1620
128	Cmodel	additive	standardized_MSE	0.005	1620	0	0	1620
128	Cmodel	additive	standardized_MSE	0.01	1620	0	0	1620
128	Cmodel	additive	standardized_MSE	0.02	1620	0	0	1620
128	Cmodel	additive	raw_RMSE	0.0	1620	0	0	1620
128	Cmodel	additive	raw_RMSE	0.005	1620	0	0	1620
128	Cmodel	additive	raw_RMSE	0.01	1620	0	0	1620
128	Cmodel	additive	raw_RMSE	0.02	1620	0	0	1620
128	Cmodel	additive	perturbation_centred_Pearson	0.0	1620	0	0	1620
128	Cmodel	additive	perturbation_centred_Pearson	0.005	1620	0	0	1620
128	Cmodel	additive	perturbation_centred_Pearson	0.01	1620	0	0	1620
128	Cmodel	additive	perturbation_centred_Pearson	0.02	1620	0	0	1620
128	Cmodel	additive	centroid_accuracy	0.0	1620	0	0	1620
128	Cmodel	additive	centroid_accuracy	0.005	1620	0	0	1620
128	Cmodel	additive	centroid_accuracy	0.01	1620	0	0	1620
128	Cmodel	additive	centroid_accuracy	0.02	1620	0	0	1620
128	Cmodel	compositional_ridge	standardized_MSE	0.0	1620	0	0	1620
128	Cmodel	compositional_ridge	standardized_MSE	0.005	1620	0	0	1620
128	Cmodel	compositional_ridge	standardized_MSE	0.01	1620	0	0	1620
128	Cmodel	compositional_ridge	standardized_MSE	0.02	1620	0	0	1620
128	Cmodel	compositional_ridge	raw_RMSE	0.0	1620	0	0	1620
128	Cmodel	compositional_ridge	raw_RMSE	0.005	1620	0	0	1620
128	Cmodel	compositional_ridge	raw_RMSE	0.01	1620	0	0	1620
128	Cmodel	compositional_ridge	raw_RMSE	0.02	1620	0	0	1620
128	Cmodel	compositional_ridge	perturbation_centred_Pearson	0.0	1620	0	0	1620
128	Cmodel	compositional_ridge	perturbation_centred_Pearson	0.005	1620	0	0	1620
128	Cmodel	compositional_ridge	perturbation_centred_Pearson	0.01	1620	0	0	1620
128	Cmodel	compositional_ridge	perturbation_centred_Pearson	0.02	1620	0	0	1620
128	Cmodel	compositional_ridge	centroid_accuracy	0.0	1620	0	0	1620
128	Cmodel	compositional_ridge	centroid_accuracy	0.005	1620	0	0	1620
128	Cmodel	compositional_ridge	centroid_accuracy	0.01	1620	0	0	1620
128	Cmodel	compositional_ridge	centroid_accuracy	0.02	1620	0	0	1620
128	Cmodel	NC_native_effect	standardized_MSE	0.0	1620	0	0	1620
128	Cmodel	NC_native_effect	standardized_MSE	0.005	1620	0	0	1620
128	Cmodel	NC_native_effect	standardized_MSE	0.01	1620	0	0	1620
128	Cmodel	NC_native_effect	standardized_MSE	0.02	1620	0	0	1620
128	Cmodel	NC_native_effect	raw_RMSE	0.0	1620	0	0	1620
128	Cmodel	NC_native_effect	raw_RMSE	0.005	1620	0	0	1620
128	Cmodel	NC_native_effect	raw_RMSE	0.01	1620	0	0	1620
128	Cmodel	NC_native_effect	raw_RMSE	0.02	1620	0	0	1620
128	Cmodel	NC_native_effect	perturbation_centred_Pearson	0.0	1620	0	0	1620
128	Cmodel	NC_native_effect	perturbation_centred_Pearson	0.005	1620	0	0	1620
128	Cmodel	NC_native_effect	perturbation_centred_Pearson	0.01	1620	0	0	1620
128	Cmodel	NC_native_effect	perturbation_centred_Pearson	0.02	1620	0	0	1620
128	Cmodel	NC_native_effect	centroid_accuracy	0.0	1620	0	0	1620
128	Cmodel	NC_native_effect	centroid_accuracy	0.005	1620	0	0	1620
128	Cmodel	NC_native_effect	centroid_accuracy	0.01	1620	0	0	1620
128	Cmodel	NC_native_effect	centroid_accuracy	0.02	1620	0	0	1620
128	Cmodel	native_effect_ridge	standardized_MSE	0.0	1620	0	0	1620
128	Cmodel	native_effect_ridge	standardized_MSE	0.005	1620	0	0	1620
128	Cmodel	native_effect_ridge	standardized_MSE	0.01	1620	0	0	1620
128	Cmodel	native_effect_ridge	standardized_MSE	0.02	1620	0	0	1620
128	Cmodel	native_effect_ridge	raw_RMSE	0.0	1620	0	0	1620
128	Cmodel	native_effect_ridge	raw_RMSE	0.005	1620	0	0	1620
128	Cmodel	native_effect_ridge	raw_RMSE	0.01	1620	0	0	1620
128	Cmodel	native_effect_ridge	raw_RMSE	0.02	1620	0	0	1620
128	Cmodel	native_effect_ridge	perturbation_centred_Pearson	0.0	1620	0	0	1620
128	Cmodel	native_effect_ridge	perturbation_centred_Pearson	0.005	1620	0	0	1620
128	Cmodel	native_effect_ridge	perturbation_centred_Pearson	0.01	1620	0	0	1620
128	Cmodel	native_effect_ridge	perturbation_centred_Pearson	0.02	1620	0	0	1620
128	Cmodel	native_effect_ridge	centroid_accuracy	0.0	1620	0	0	1620
128	Cmodel	native_effect_ridge	centroid_accuracy	0.005	1620	0	0	1620
128	Cmodel	native_effect_ridge	centroid_accuracy	0.01	1620	0	0	1620
128	Cmodel	native_effect_ridge	centroid_accuracy	0.02	1620	0	0	1620
135	Cobs	selected_CPA	standardized_MSE	0.0	1620	810	810	0
135	Cobs	selected_CPA	standardized_MSE	0.005	1620	55	55	1510
135	Cobs	selected_CPA	standardized_MSE	0.01	1620	0	0	1620
135	Cobs	selected_CPA	standardized_MSE	0.02	1620	0	0	1620
135	Cobs	selected_CPA	raw_RMSE	0.0	1620	810	810	0
135	Cobs	selected_CPA	raw_RMSE	0.005	1620	25	25	1570
135	Cobs	selected_CPA	raw_RMSE	0.01	1620	0	0	1620
135	Cobs	selected_CPA	raw_RMSE	0.02	1620	0	0	1620
135	Cobs	selected_CPA	perturbation_centred_Pearson	0.0	1620	810	810	0
135	Cobs	selected_CPA	perturbation_centred_Pearson	0.005	1620	560	560	500
135	Cobs	selected_CPA	perturbation_centred_Pearson	0.01	1620	350	350	920
135	Cobs	selected_CPA	perturbation_centred_Pearson	0.02	1620	87	87	1446
135	Cobs	selected_CPA	centroid_accuracy	0.0	1620	765	765	90
135	Cobs	selected_CPA	centroid_accuracy	0.005	1620	27	27	1566
135	Cobs	selected_CPA	centroid_accuracy	0.01	1620	0	0	1620
135	Cobs	selected_CPA	centroid_accuracy	0.02	1620	0	0	1620
135	Cobs	original_CPA_fixed	standardized_MSE	0.0	1620	810	810	0
135	Cobs	original_CPA_fixed	standardized_MSE	0.005	1620	81	81	1458
135	Cobs	original_CPA_fixed	standardized_MSE	0.01	1620	0	0	1620
135	Cobs	original_CPA_fixed	standardized_MSE	0.02	1620	0	0	1620
135	Cobs	original_CPA_fixed	raw_RMSE	0.0	1620	810	810	0
135	Cobs	original_CPA_fixed	raw_RMSE	0.005	1620	18	18	1584
135	Cobs	original_CPA_fixed	raw_RMSE	0.01	1620	0	0	1620
135	Cobs	original_CPA_fixed	raw_RMSE	0.02	1620	0	0	1620
135	Cobs	original_CPA_fixed	perturbation_centred_Pearson	0.0	1620	810	810	0
135	Cobs	original_CPA_fixed	perturbation_centred_Pearson	0.005	1620	423	423	774
135	Cobs	original_CPA_fixed	perturbation_centred_Pearson	0.01	1620	168	168	1284
135	Cobs	original_CPA_fixed	perturbation_centred_Pearson	0.02	1620	6	6	1608
135	Cobs	original_CPA_fixed	centroid_accuracy	0.0	1620	708	708	204
135	Cobs	original_CPA_fixed	centroid_accuracy	0.005	1620	0	0	1620
135	Cobs	original_CPA_fixed	centroid_accuracy	0.01	1620	0	0	1620
135	Cobs	original_CPA_fixed	centroid_accuracy	0.02	1620	0	0	1620
135	Cobs	additive	standardized_MSE	0.0	1620	810	810	0
135	Cobs	additive	standardized_MSE	0.005	1620	0	0	1620
135	Cobs	additive	standardized_MSE	0.01	1620	0	0	1620
135	Cobs	additive	standardized_MSE	0.02	1620	0	0	1620
135	Cobs	additive	raw_RMSE	0.0	1620	810	810	0
135	Cobs	additive	raw_RMSE	0.005	1620	0	0	1620
135	Cobs	additive	raw_RMSE	0.01	1620	0	0	1620
135	Cobs	additive	raw_RMSE	0.02	1620	0	0	1620
135	Cobs	additive	perturbation_centred_Pearson	0.0	1620	810	810	0
135	Cobs	additive	perturbation_centred_Pearson	0.005	1620	540	540	540
135	Cobs	additive	perturbation_centred_Pearson	0.01	1620	540	540	540
135	Cobs	additive	perturbation_centred_Pearson	0.02	1620	0	0	1620
135	Cobs	additive	centroid_accuracy	0.0	1620	678	678	264
135	Cobs	additive	centroid_accuracy	0.005	1620	0	0	1620
135	Cobs	additive	centroid_accuracy	0.01	1620	0	0	1620
135	Cobs	additive	centroid_accuracy	0.02	1620	0	0	1620
135	Cobs	compositional_ridge	standardized_MSE	0.0	1620	810	810	0
135	Cobs	compositional_ridge	standardized_MSE	0.005	1620	0	0	1620
135	Cobs	compositional_ridge	standardized_MSE	0.01	1620	0	0	1620
135	Cobs	compositional_ridge	standardized_MSE	0.02	1620	0	0	1620
135	Cobs	compositional_ridge	raw_RMSE	0.0	1620	810	810	0
135	Cobs	compositional_ridge	raw_RMSE	0.005	1620	3	3	1614
135	Cobs	compositional_ridge	raw_RMSE	0.01	1620	0	0	1620
135	Cobs	compositional_ridge	raw_RMSE	0.02	1620	0	0	1620
135	Cobs	compositional_ridge	perturbation_centred_Pearson	0.0	1620	810	810	0
135	Cobs	compositional_ridge	perturbation_centred_Pearson	0.005	1620	591	591	438
135	Cobs	compositional_ridge	perturbation_centred_Pearson	0.01	1620	546	546	528
135	Cobs	compositional_ridge	perturbation_centred_Pearson	0.02	1620	540	540	540
135	Cobs	compositional_ridge	centroid_accuracy	0.0	1620	774	774	72
135	Cobs	compositional_ridge	centroid_accuracy	0.005	1620	192	192	1236
135	Cobs	compositional_ridge	centroid_accuracy	0.01	1620	12	12	1596
135	Cobs	compositional_ridge	centroid_accuracy	0.02	1620	0	0	1620
135	Cobs	NC_native_effect	standardized_MSE	0.0	1620	810	810	0
135	Cobs	NC_native_effect	standardized_MSE	0.005	1620	54	54	1512
135	Cobs	NC_native_effect	standardized_MSE	0.01	1620	0	0	1620
135	Cobs	NC_native_effect	standardized_MSE	0.02	1620	0	0	1620
135	Cobs	NC_native_effect	raw_RMSE	0.0	1620	810	810	0
135	Cobs	NC_native_effect	raw_RMSE	0.005	1620	9	9	1602
135	Cobs	NC_native_effect	raw_RMSE	0.01	1620	0	0	1620
135	Cobs	NC_native_effect	raw_RMSE	0.02	1620	0	0	1620
135	Cobs	NC_native_effect	perturbation_centred_Pearson	0.0	1620	810	810	0
135	Cobs	NC_native_effect	perturbation_centred_Pearson	0.005	1620	72	72	1476
135	Cobs	NC_native_effect	perturbation_centred_Pearson	0.01	1620	0	0	1620
135	Cobs	NC_native_effect	perturbation_centred_Pearson	0.02	1620	0	0	1620
135	Cobs	NC_native_effect	centroid_accuracy	0.0	1620	0	0	1620
135	Cobs	NC_native_effect	centroid_accuracy	0.005	1620	0	0	1620
135	Cobs	NC_native_effect	centroid_accuracy	0.01	1620	0	0	1620
135	Cobs	NC_native_effect	centroid_accuracy	0.02	1620	0	0	1620
135	Cobs	native_effect_ridge	standardized_MSE	0.0	1620	810	810	0
135	Cobs	native_effect_ridge	standardized_MSE	0.005	1620	0	0	1620
135	Cobs	native_effect_ridge	standardized_MSE	0.01	1620	0	0	1620
135	Cobs	native_effect_ridge	standardized_MSE	0.02	1620	0	0	1620
135	Cobs	native_effect_ridge	raw_RMSE	0.0	1620	810	810	0
135	Cobs	native_effect_ridge	raw_RMSE	0.005	1620	0	0	1620
135	Cobs	native_effect_ridge	raw_RMSE	0.01	1620	0	0	1620
135	Cobs	native_effect_ridge	raw_RMSE	0.02	1620	0	0	1620
135	Cobs	native_effect_ridge	perturbation_centred_Pearson	0.0	1620	810	810	0
135	Cobs	native_effect_ridge	perturbation_centred_Pearson	0.005	1620	0	0	1620
135	Cobs	native_effect_ridge	perturbation_centred_Pearson	0.01	1620	0	0	1620
135	Cobs	native_effect_ridge	perturbation_centred_Pearson	0.02	1620	0	0	1620
135	Cobs	native_effect_ridge	centroid_accuracy	0.0	1620	684	684	252
135	Cobs	native_effect_ridge	centroid_accuracy	0.005	1620	0	0	1620
135	Cobs	native_effect_ridge	centroid_accuracy	0.01	1620	0	0	1620
135	Cobs	native_effect_ridge	centroid_accuracy	0.02	1620	0	0	1620
135	Cpred	selected_CPA	standardized_MSE	0.0	1620	810	810	0
135	Cpred	selected_CPA	standardized_MSE	0.005	1620	58	58	1504
135	Cpred	selected_CPA	standardized_MSE	0.01	1620	0	0	1620
135	Cpred	selected_CPA	standardized_MSE	0.02	1620	0	0	1620
135	Cpred	selected_CPA	raw_RMSE	0.0	1620	810	810	0
135	Cpred	selected_CPA	raw_RMSE	0.005	1620	25	25	1570
135	Cpred	selected_CPA	raw_RMSE	0.01	1620	0	0	1620
135	Cpred	selected_CPA	raw_RMSE	0.02	1620	0	0	1620
135	Cpred	selected_CPA	perturbation_centred_Pearson	0.0	1620	810	810	0
135	Cpred	selected_CPA	perturbation_centred_Pearson	0.005	1620	560	560	500
135	Cpred	selected_CPA	perturbation_centred_Pearson	0.01	1620	350	350	920
135	Cpred	selected_CPA	perturbation_centred_Pearson	0.02	1620	90	90	1440
135	Cpred	selected_CPA	centroid_accuracy	0.0	1620	763	763	94
135	Cpred	selected_CPA	centroid_accuracy	0.005	1620	26	26	1568
135	Cpred	selected_CPA	centroid_accuracy	0.01	1620	0	0	1620
135	Cpred	selected_CPA	centroid_accuracy	0.02	1620	0	0	1620
135	Cpred	original_CPA_fixed	standardized_MSE	0.0	1620	810	810	0
135	Cpred	original_CPA_fixed	standardized_MSE	0.005	1620	78	78	1464
135	Cpred	original_CPA_fixed	standardized_MSE	0.01	1620	0	0	1620
135	Cpred	original_CPA_fixed	standardized_MSE	0.02	1620	0	0	1620
135	Cpred	original_CPA_fixed	raw_RMSE	0.0	1620	810	810	0
135	Cpred	original_CPA_fixed	raw_RMSE	0.005	1620	18	18	1584
135	Cpred	original_CPA_fixed	raw_RMSE	0.01	1620	0	0	1620
135	Cpred	original_CPA_fixed	raw_RMSE	0.02	1620	0	0	1620
135	Cpred	original_CPA_fixed	perturbation_centred_Pearson	0.0	1620	810	810	0
135	Cpred	original_CPA_fixed	perturbation_centred_Pearson	0.005	1620	408	408	804
135	Cpred	original_CPA_fixed	perturbation_centred_Pearson	0.01	1620	165	165	1290
135	Cpred	original_CPA_fixed	perturbation_centred_Pearson	0.02	1620	6	6	1608
135	Cpred	original_CPA_fixed	centroid_accuracy	0.0	1620	705	705	210
135	Cpred	original_CPA_fixed	centroid_accuracy	0.005	1620	0	0	1620
135	Cpred	original_CPA_fixed	centroid_accuracy	0.01	1620	0	0	1620
135	Cpred	original_CPA_fixed	centroid_accuracy	0.02	1620	0	0	1620
135	Cpred	additive	standardized_MSE	0.0	1620	810	810	0
135	Cpred	additive	standardized_MSE	0.005	1620	0	0	1620
135	Cpred	additive	standardized_MSE	0.01	1620	0	0	1620
135	Cpred	additive	standardized_MSE	0.02	1620	0	0	1620
135	Cpred	additive	raw_RMSE	0.0	1620	810	810	0
135	Cpred	additive	raw_RMSE	0.005	1620	0	0	1620
135	Cpred	additive	raw_RMSE	0.01	1620	0	0	1620
135	Cpred	additive	raw_RMSE	0.02	1620	0	0	1620
135	Cpred	additive	perturbation_centred_Pearson	0.0	1620	810	810	0
135	Cpred	additive	perturbation_centred_Pearson	0.005	1620	543	543	534
135	Cpred	additive	perturbation_centred_Pearson	0.01	1620	540	540	540
135	Cpred	additive	perturbation_centred_Pearson	0.02	1620	0	0	1620
135	Cpred	additive	centroid_accuracy	0.0	1620	663	663	294
135	Cpred	additive	centroid_accuracy	0.005	1620	0	0	1620
135	Cpred	additive	centroid_accuracy	0.01	1620	0	0	1620
135	Cpred	additive	centroid_accuracy	0.02	1620	0	0	1620
135	Cpred	compositional_ridge	standardized_MSE	0.0	1620	810	810	0
135	Cpred	compositional_ridge	standardized_MSE	0.005	1620	0	0	1620
135	Cpred	compositional_ridge	standardized_MSE	0.01	1620	0	0	1620
135	Cpred	compositional_ridge	standardized_MSE	0.02	1620	0	0	1620
135	Cpred	compositional_ridge	raw_RMSE	0.0	1620	810	810	0
135	Cpred	compositional_ridge	raw_RMSE	0.005	1620	3	3	1614
135	Cpred	compositional_ridge	raw_RMSE	0.01	1620	0	0	1620
135	Cpred	compositional_ridge	raw_RMSE	0.02	1620	0	0	1620
135	Cpred	compositional_ridge	perturbation_centred_Pearson	0.0	1620	810	810	0
135	Cpred	compositional_ridge	perturbation_centred_Pearson	0.005	1620	597	597	426
135	Cpred	compositional_ridge	perturbation_centred_Pearson	0.01	1620	540	540	540
135	Cpred	compositional_ridge	perturbation_centred_Pearson	0.02	1620	540	540	540
135	Cpred	compositional_ridge	centroid_accuracy	0.0	1620	771	771	78
135	Cpred	compositional_ridge	centroid_accuracy	0.005	1620	207	207	1206
135	Cpred	compositional_ridge	centroid_accuracy	0.01	1620	9	9	1602
135	Cpred	compositional_ridge	centroid_accuracy	0.02	1620	0	0	1620
135	Cpred	NC_native_effect	standardized_MSE	0.0	1620	0	0	1620
135	Cpred	NC_native_effect	standardized_MSE	0.005	1620	0	0	1620
135	Cpred	NC_native_effect	standardized_MSE	0.01	1620	0	0	1620
135	Cpred	NC_native_effect	standardized_MSE	0.02	1620	0	0	1620
135	Cpred	NC_native_effect	raw_RMSE	0.0	1620	0	0	1620
135	Cpred	NC_native_effect	raw_RMSE	0.005	1620	0	0	1620
135	Cpred	NC_native_effect	raw_RMSE	0.01	1620	0	0	1620
135	Cpred	NC_native_effect	raw_RMSE	0.02	1620	0	0	1620
135	Cpred	NC_native_effect	perturbation_centred_Pearson	0.0	1620	0	0	1620
135	Cpred	NC_native_effect	perturbation_centred_Pearson	0.005	1620	0	0	1620
135	Cpred	NC_native_effect	perturbation_centred_Pearson	0.01	1620	0	0	1620
135	Cpred	NC_native_effect	perturbation_centred_Pearson	0.02	1620	0	0	1620
135	Cpred	NC_native_effect	centroid_accuracy	0.0	1620	0	0	1620
135	Cpred	NC_native_effect	centroid_accuracy	0.005	1620	0	0	1620
135	Cpred	NC_native_effect	centroid_accuracy	0.01	1620	0	0	1620
135	Cpred	NC_native_effect	centroid_accuracy	0.02	1620	0	0	1620
135	Cpred	native_effect_ridge	standardized_MSE	0.0	1620	0	0	1620
135	Cpred	native_effect_ridge	standardized_MSE	0.005	1620	0	0	1620
135	Cpred	native_effect_ridge	standardized_MSE	0.01	1620	0	0	1620
135	Cpred	native_effect_ridge	standardized_MSE	0.02	1620	0	0	1620
135	Cpred	native_effect_ridge	raw_RMSE	0.0	1620	0	0	1620
135	Cpred	native_effect_ridge	raw_RMSE	0.005	1620	0	0	1620
135	Cpred	native_effect_ridge	raw_RMSE	0.01	1620	0	0	1620
135	Cpred	native_effect_ridge	raw_RMSE	0.02	1620	0	0	1620
135	Cpred	native_effect_ridge	perturbation_centred_Pearson	0.0	1620	0	0	1620
135	Cpred	native_effect_ridge	perturbation_centred_Pearson	0.005	1620	0	0	1620
135	Cpred	native_effect_ridge	perturbation_centred_Pearson	0.01	1620	0	0	1620
135	Cpred	native_effect_ridge	perturbation_centred_Pearson	0.02	1620	0	0	1620
135	Cpred	native_effect_ridge	centroid_accuracy	0.0	1620	0	0	1620
135	Cpred	native_effect_ridge	centroid_accuracy	0.005	1620	0	0	1620
135	Cpred	native_effect_ridge	centroid_accuracy	0.01	1620	0	0	1620
135	Cpred	native_effect_ridge	centroid_accuracy	0.02	1620	0	0	1620
135	Cmodel	selected_CPA	standardized_MSE	0.0	1620	810	810	0
135	Cmodel	selected_CPA	standardized_MSE	0.005	1620	11	11	1598
135	Cmodel	selected_CPA	standardized_MSE	0.01	1620	0	0	1620
135	Cmodel	selected_CPA	standardized_MSE	0.02	1620	0	0	1620
135	Cmodel	selected_CPA	raw_RMSE	0.0	1620	810	810	0
135	Cmodel	selected_CPA	raw_RMSE	0.005	1620	0	0	1620
135	Cmodel	selected_CPA	raw_RMSE	0.01	1620	0	0	1620
135	Cmodel	selected_CPA	raw_RMSE	0.02	1620	0	0	1620
135	Cmodel	selected_CPA	perturbation_centred_Pearson	0.0	1620	810	810	0
135	Cmodel	selected_CPA	perturbation_centred_Pearson	0.005	1620	465	465	690
135	Cmodel	selected_CPA	perturbation_centred_Pearson	0.01	1620	289	289	1042
135	Cmodel	selected_CPA	perturbation_centred_Pearson	0.02	1620	47	47	1526
135	Cmodel	selected_CPA	centroid_accuracy	0.0	1620	755	755	110
135	Cmodel	selected_CPA	centroid_accuracy	0.005	1620	27	27	1566
135	Cmodel	selected_CPA	centroid_accuracy	0.01	1620	0	0	1620
135	Cmodel	selected_CPA	centroid_accuracy	0.02	1620	0	0	1620
135	Cmodel	original_CPA_fixed	standardized_MSE	0.0	1620	0	0	1620
135	Cmodel	original_CPA_fixed	standardized_MSE	0.005	1620	0	0	1620
135	Cmodel	original_CPA_fixed	standardized_MSE	0.01	1620	0	0	1620
135	Cmodel	original_CPA_fixed	standardized_MSE	0.02	1620	0	0	1620
135	Cmodel	original_CPA_fixed	raw_RMSE	0.0	1620	0	0	1620
135	Cmodel	original_CPA_fixed	raw_RMSE	0.005	1620	0	0	1620
135	Cmodel	original_CPA_fixed	raw_RMSE	0.01	1620	0	0	1620
135	Cmodel	original_CPA_fixed	raw_RMSE	0.02	1620	0	0	1620
135	Cmodel	original_CPA_fixed	perturbation_centred_Pearson	0.0	1620	0	0	1620
135	Cmodel	original_CPA_fixed	perturbation_centred_Pearson	0.005	1620	0	0	1620
135	Cmodel	original_CPA_fixed	perturbation_centred_Pearson	0.01	1620	0	0	1620
135	Cmodel	original_CPA_fixed	perturbation_centred_Pearson	0.02	1620	0	0	1620
135	Cmodel	original_CPA_fixed	centroid_accuracy	0.0	1620	0	0	1620
135	Cmodel	original_CPA_fixed	centroid_accuracy	0.005	1620	0	0	1620
135	Cmodel	original_CPA_fixed	centroid_accuracy	0.01	1620	0	0	1620
135	Cmodel	original_CPA_fixed	centroid_accuracy	0.02	1620	0	0	1620
135	Cmodel	additive	standardized_MSE	0.0	1620	0	0	1620
135	Cmodel	additive	standardized_MSE	0.005	1620	0	0	1620
135	Cmodel	additive	standardized_MSE	0.01	1620	0	0	1620
135	Cmodel	additive	standardized_MSE	0.02	1620	0	0	1620
135	Cmodel	additive	raw_RMSE	0.0	1620	0	0	1620
135	Cmodel	additive	raw_RMSE	0.005	1620	0	0	1620
135	Cmodel	additive	raw_RMSE	0.01	1620	0	0	1620
135	Cmodel	additive	raw_RMSE	0.02	1620	0	0	1620
135	Cmodel	additive	perturbation_centred_Pearson	0.0	1620	0	0	1620
135	Cmodel	additive	perturbation_centred_Pearson	0.005	1620	0	0	1620
135	Cmodel	additive	perturbation_centred_Pearson	0.01	1620	0	0	1620
135	Cmodel	additive	perturbation_centred_Pearson	0.02	1620	0	0	1620
135	Cmodel	additive	centroid_accuracy	0.0	1620	0	0	1620
135	Cmodel	additive	centroid_accuracy	0.005	1620	0	0	1620
135	Cmodel	additive	centroid_accuracy	0.01	1620	0	0	1620
135	Cmodel	additive	centroid_accuracy	0.02	1620	0	0	1620
135	Cmodel	compositional_ridge	standardized_MSE	0.0	1620	0	0	1620
135	Cmodel	compositional_ridge	standardized_MSE	0.005	1620	0	0	1620
135	Cmodel	compositional_ridge	standardized_MSE	0.01	1620	0	0	1620
135	Cmodel	compositional_ridge	standardized_MSE	0.02	1620	0	0	1620
135	Cmodel	compositional_ridge	raw_RMSE	0.0	1620	0	0	1620
135	Cmodel	compositional_ridge	raw_RMSE	0.005	1620	0	0	1620
135	Cmodel	compositional_ridge	raw_RMSE	0.01	1620	0	0	1620
135	Cmodel	compositional_ridge	raw_RMSE	0.02	1620	0	0	1620
135	Cmodel	compositional_ridge	perturbation_centred_Pearson	0.0	1620	0	0	1620
135	Cmodel	compositional_ridge	perturbation_centred_Pearson	0.005	1620	0	0	1620
135	Cmodel	compositional_ridge	perturbation_centred_Pearson	0.01	1620	0	0	1620
135	Cmodel	compositional_ridge	perturbation_centred_Pearson	0.02	1620	0	0	1620
135	Cmodel	compositional_ridge	centroid_accuracy	0.0	1620	0	0	1620
135	Cmodel	compositional_ridge	centroid_accuracy	0.005	1620	0	0	1620
135	Cmodel	compositional_ridge	centroid_accuracy	0.01	1620	0	0	1620
135	Cmodel	compositional_ridge	centroid_accuracy	0.02	1620	0	0	1620
135	Cmodel	NC_native_effect	standardized_MSE	0.0	1620	0	0	1620
135	Cmodel	NC_native_effect	standardized_MSE	0.005	1620	0	0	1620
135	Cmodel	NC_native_effect	standardized_MSE	0.01	1620	0	0	1620
135	Cmodel	NC_native_effect	standardized_MSE	0.02	1620	0	0	1620
135	Cmodel	NC_native_effect	raw_RMSE	0.0	1620	0	0	1620
135	Cmodel	NC_native_effect	raw_RMSE	0.005	1620	0	0	1620
135	Cmodel	NC_native_effect	raw_RMSE	0.01	1620	0	0	1620
135	Cmodel	NC_native_effect	raw_RMSE	0.02	1620	0	0	1620
135	Cmodel	NC_native_effect	perturbation_centred_Pearson	0.0	1620	0	0	1620
135	Cmodel	NC_native_effect	perturbation_centred_Pearson	0.005	1620	0	0	1620
135	Cmodel	NC_native_effect	perturbation_centred_Pearson	0.01	1620	0	0	1620
135	Cmodel	NC_native_effect	perturbation_centred_Pearson	0.02	1620	0	0	1620
135	Cmodel	NC_native_effect	centroid_accuracy	0.0	1620	0	0	1620
135	Cmodel	NC_native_effect	centroid_accuracy	0.005	1620	0	0	1620
135	Cmodel	NC_native_effect	centroid_accuracy	0.01	1620	0	0	1620
135	Cmodel	NC_native_effect	centroid_accuracy	0.02	1620	0	0	1620
135	Cmodel	native_effect_ridge	standardized_MSE	0.0	1620	0	0	1620
135	Cmodel	native_effect_ridge	standardized_MSE	0.005	1620	0	0	1620
135	Cmodel	native_effect_ridge	standardized_MSE	0.01	1620	0	0	1620
135	Cmodel	native_effect_ridge	standardized_MSE	0.02	1620	0	0	1620
135	Cmodel	native_effect_ridge	raw_RMSE	0.0	1620	0	0	1620
135	Cmodel	native_effect_ridge	raw_RMSE	0.005	1620	0	0	1620
135	Cmodel	native_effect_ridge	raw_RMSE	0.01	1620	0	0	1620
135	Cmodel	native_effect_ridge	raw_RMSE	0.02	1620	0	0	1620
135	Cmodel	native_effect_ridge	perturbation_centred_Pearson	0.0	1620	0	0	1620
135	Cmodel	native_effect_ridge	perturbation_centred_Pearson	0.005	1620	0	0	1620
135	Cmodel	native_effect_ridge	perturbation_centred_Pearson	0.01	1620	0	0	1620
135	Cmodel	native_effect_ridge	perturbation_centred_Pearson	0.02	1620	0	0	1620
135	Cmodel	native_effect_ridge	centroid_accuracy	0.0	1620	0	0	1620
135	Cmodel	native_effect_ridge	centroid_accuracy	0.005	1620	0	0	1620
135	Cmodel	native_effect_ridge	centroid_accuracy	0.01	1620	0	0	1620
135	Cmodel	native_effect_ridge	centroid_accuracy	0.02	1620	0	0	1620
