depth	role_pair	model	metric	gap	taskmean_values	positive	negative	within
8	Cobs:Cpred	selected_CPA	standardized_MSE	0.0	3240	1620	1620	0
8	Cobs:Cpred	selected_CPA	standardized_MSE	0.005	3240	1620	1620	0
8	Cobs:Cpred	selected_CPA	standardized_MSE	0.01	3240	1620	1620	0
8	Cobs:Cpred	selected_CPA	standardized_MSE	0.02	3240	1620	1620	0
8	Cobs:Cpred	selected_CPA	raw_RMSE	0.0	3240	1620	1620	0
8	Cobs:Cpred	selected_CPA	raw_RMSE	0.005	3240	1620	1620	0
8	Cobs:Cpred	selected_CPA	raw_RMSE	0.01	3240	1620	1620	0
8	Cobs:Cpred	selected_CPA	raw_RMSE	0.02	3240	1582	1582	76
8	Cobs:Cpred	selected_CPA	perturbation_centred_Pearson	0.0	3240	1620	1620	0
8	Cobs:Cpred	selected_CPA	perturbation_centred_Pearson	0.005	3240	1612	1612	16
8	Cobs:Cpred	selected_CPA	perturbation_centred_Pearson	0.01	3240	1600	1600	40
8	Cobs:Cpred	selected_CPA	perturbation_centred_Pearson	0.02	3240	1510	1510	220
8	Cobs:Cpred	selected_CPA	centroid_accuracy	0.0	3240	1550	1550	140
8	Cobs:Cpred	selected_CPA	centroid_accuracy	0.005	3240	254	254	2732
8	Cobs:Cpred	selected_CPA	centroid_accuracy	0.01	3240	16	16	3208
8	Cobs:Cpred	selected_CPA	centroid_accuracy	0.02	3240	0	0	3240
8	Cobs:Cpred	original_CPA_fixed	standardized_MSE	0.0	3240	1620	1620	0
8	Cobs:Cpred	original_CPA_fixed	standardized_MSE	0.005	3240	1620	1620	0
8	Cobs:Cpred	original_CPA_fixed	standardized_MSE	0.01	3240	1620	1620	0
8	Cobs:Cpred	original_CPA_fixed	standardized_MSE	0.02	3240	1620	1620	0
8	Cobs:Cpred	original_CPA_fixed	raw_RMSE	0.0	3240	1620	1620	0
8	Cobs:Cpred	original_CPA_fixed	raw_RMSE	0.005	3240	1620	1620	0
8	Cobs:Cpred	original_CPA_fixed	raw_RMSE	0.01	3240	1620	1620	0
8	Cobs:Cpred	original_CPA_fixed	raw_RMSE	0.02	3240	1548	1548	144
8	Cobs:Cpred	original_CPA_fixed	perturbation_centred_Pearson	0.0	3240	1620	1620	0
8	Cobs:Cpred	original_CPA_fixed	perturbation_centred_Pearson	0.005	3240	1620	1620	0
8	Cobs:Cpred	original_CPA_fixed	perturbation_centred_Pearson	0.01	3240	1620	1620	0
8	Cobs:Cpred	original_CPA_fixed	perturbation_centred_Pearson	0.02	3240	1620	1620	0
8	Cobs:Cpred	original_CPA_fixed	centroid_accuracy	0.0	3240	1530	1530	180
8	Cobs:Cpred	original_CPA_fixed	centroid_accuracy	0.005	3240	132	132	2976
8	Cobs:Cpred	original_CPA_fixed	centroid_accuracy	0.01	3240	12	12	3216
8	Cobs:Cpred	original_CPA_fixed	centroid_accuracy	0.02	3240	0	0	3240
8	Cobs:Cpred	additive	standardized_MSE	0.0	3240	1620	1620	0
8	Cobs:Cpred	additive	standardized_MSE	0.005	3240	1620	1620	0
8	Cobs:Cpred	additive	standardized_MSE	0.01	3240	1620	1620	0
8	Cobs:Cpred	additive	standardized_MSE	0.02	3240	1620	1620	0
8	Cobs:Cpred	additive	raw_RMSE	0.0	3240	1620	1620	0
8	Cobs:Cpred	additive	raw_RMSE	0.005	3240	1620	1620	0
8	Cobs:Cpred	additive	raw_RMSE	0.01	3240	1620	1620	0
8	Cobs:Cpred	additive	raw_RMSE	0.02	3240	1620	1620	0
8	Cobs:Cpred	additive	perturbation_centred_Pearson	0.0	3240	1620	1620	0
8	Cobs:Cpred	additive	perturbation_centred_Pearson	0.005	3240	1620	1620	0
8	Cobs:Cpred	additive	perturbation_centred_Pearson	0.01	3240	1620	1620	0
8	Cobs:Cpred	additive	perturbation_centred_Pearson	0.02	3240	1620	1620	0
8	Cobs:Cpred	additive	centroid_accuracy	0.0	3240	1536	1536	168
8	Cobs:Cpred	additive	centroid_accuracy	0.005	3240	384	384	2472
8	Cobs:Cpred	additive	centroid_accuracy	0.01	3240	120	120	3000
8	Cobs:Cpred	additive	centroid_accuracy	0.02	3240	0	0	3240
8	Cobs:Cpred	compositional_ridge	standardized_MSE	0.0	3240	1620	1620	0
8	Cobs:Cpred	compositional_ridge	standardized_MSE	0.005	3240	1620	1620	0
8	Cobs:Cpred	compositional_ridge	standardized_MSE	0.01	3240	1620	1620	0
8	Cobs:Cpred	compositional_ridge	standardized_MSE	0.02	3240	1620	1620	0
8	Cobs:Cpred	compositional_ridge	raw_RMSE	0.0	3240	1620	1620	0
8	Cobs:Cpred	compositional_ridge	raw_RMSE	0.005	3240	1620	1620	0
8	Cobs:Cpred	compositional_ridge	raw_RMSE	0.01	3240	1620	1620	0
8	Cobs:Cpred	compositional_ridge	raw_RMSE	0.02	3240	1620	1620	0
8	Cobs:Cpred	compositional_ridge	perturbation_centred_Pearson	0.0	3240	1620	1620	0
8	Cobs:Cpred	compositional_ridge	perturbation_centred_Pearson	0.005	3240	1620	1620	0
8	Cobs:Cpred	compositional_ridge	perturbation_centred_Pearson	0.01	3240	1620	1620	0
8	Cobs:Cpred	compositional_ridge	perturbation_centred_Pearson	0.02	3240	1620	1620	0
8	Cobs:Cpred	compositional_ridge	centroid_accuracy	0.0	3240	1584	1584	72
8	Cobs:Cpred	compositional_ridge	centroid_accuracy	0.005	3240	852	852	1536
8	Cobs:Cpred	compositional_ridge	centroid_accuracy	0.01	3240	462	462	2316
8	Cobs:Cpred	compositional_ridge	centroid_accuracy	0.02	3240	168	168	2904
8	Cobs:Cpred	NC_native_effect	standardized_MSE	0.0	3240	0	0	3240
8	Cobs:Cpred	NC_native_effect	standardized_MSE	0.005	3240	0	0	3240
8	Cobs:Cpred	NC_native_effect	standardized_MSE	0.01	3240	0	0	3240
8	Cobs:Cpred	NC_native_effect	standardized_MSE	0.02	3240	0	0	3240
8	Cobs:Cpred	NC_native_effect	raw_RMSE	0.0	3240	0	0	3240
8	Cobs:Cpred	NC_native_effect	raw_RMSE	0.005	3240	0	0	3240
8	Cobs:Cpred	NC_native_effect	raw_RMSE	0.01	3240	0	0	3240
8	Cobs:Cpred	NC_native_effect	raw_RMSE	0.02	3240	0	0	3240
8	Cobs:Cpred	NC_native_effect	perturbation_centred_Pearson	0.0	3240	0	0	3240
8	Cobs:Cpred	NC_native_effect	perturbation_centred_Pearson	0.005	3240	0	0	3240
8	Cobs:Cpred	NC_native_effect	perturbation_centred_Pearson	0.01	3240	0	0	3240
8	Cobs:Cpred	NC_native_effect	perturbation_centred_Pearson	0.02	3240	0	0	3240
8	Cobs:Cpred	NC_native_effect	centroid_accuracy	0.0	3240	0	0	3240
8	Cobs:Cpred	NC_native_effect	centroid_accuracy	0.005	3240	0	0	3240
8	Cobs:Cpred	NC_native_effect	centroid_accuracy	0.01	3240	0	0	3240
8	Cobs:Cpred	NC_native_effect	centroid_accuracy	0.02	3240	0	0	3240
8	Cobs:Cpred	native_effect_ridge	standardized_MSE	0.0	3240	0	0	3240
8	Cobs:Cpred	native_effect_ridge	standardized_MSE	0.005	3240	0	0	3240
8	Cobs:Cpred	native_effect_ridge	standardized_MSE	0.01	3240	0	0	3240
8	Cobs:Cpred	native_effect_ridge	standardized_MSE	0.02	3240	0	0	3240
8	Cobs:Cpred	native_effect_ridge	raw_RMSE	0.0	3240	0	0	3240
8	Cobs:Cpred	native_effect_ridge	raw_RMSE	0.005	3240	0	0	3240
8	Cobs:Cpred	native_effect_ridge	raw_RMSE	0.01	3240	0	0	3240
8	Cobs:Cpred	native_effect_ridge	raw_RMSE	0.02	3240	0	0	3240
8	Cobs:Cpred	native_effect_ridge	perturbation_centred_Pearson	0.0	3240	0	0	3240
8	Cobs:Cpred	native_effect_ridge	perturbation_centred_Pearson	0.005	3240	0	0	3240
8	Cobs:Cpred	native_effect_ridge	perturbation_centred_Pearson	0.01	3240	0	0	3240
8	Cobs:Cpred	native_effect_ridge	perturbation_centred_Pearson	0.02	3240	0	0	3240
8	Cobs:Cpred	native_effect_ridge	centroid_accuracy	0.0	3240	0	0	3240
8	Cobs:Cpred	native_effect_ridge	centroid_accuracy	0.005	3240	0	0	3240
8	Cobs:Cpred	native_effect_ridge	centroid_accuracy	0.01	3240	0	0	3240
8	Cobs:Cpred	native_effect_ridge	centroid_accuracy	0.02	3240	0	0	3240
8	Cobs:Cmodel	selected_CPA	standardized_MSE	0.0	3240	1620	1620	0
8	Cobs:Cmodel	selected_CPA	standardized_MSE	0.005	3240	528	528	2184
8	Cobs:Cmodel	selected_CPA	standardized_MSE	0.01	3240	84	84	3072
8	Cobs:Cmodel	selected_CPA	standardized_MSE	0.02	3240	0	0	3240
8	Cobs:Cmodel	selected_CPA	raw_RMSE	0.0	3240	1620	1620	0
8	Cobs:Cmodel	selected_CPA	raw_RMSE	0.005	3240	250	250	2740
8	Cobs:Cmodel	selected_CPA	raw_RMSE	0.01	3240	30	30	3180
8	Cobs:Cmodel	selected_CPA	raw_RMSE	0.02	3240	0	0	3240
8	Cobs:Cmodel	selected_CPA	perturbation_centred_Pearson	0.0	3240	1620	1620	0
8	Cobs:Cmodel	selected_CPA	perturbation_centred_Pearson	0.005	3240	1012	1012	1216
8	Cobs:Cmodel	selected_CPA	perturbation_centred_Pearson	0.01	3240	788	788	1664
8	Cobs:Cmodel	selected_CPA	perturbation_centred_Pearson	0.02	3240	638	638	1964
8	Cobs:Cmodel	selected_CPA	centroid_accuracy	0.0	3240	1556	1556	128
8	Cobs:Cmodel	selected_CPA	centroid_accuracy	0.005	3240	232	232	2776
8	Cobs:Cmodel	selected_CPA	centroid_accuracy	0.01	3240	4	4	3232
8	Cobs:Cmodel	selected_CPA	centroid_accuracy	0.02	3240	0	0	3240
8	Cobs:Cmodel	original_CPA_fixed	standardized_MSE	0.0	3240	0	0	3240
8	Cobs:Cmodel	original_CPA_fixed	standardized_MSE	0.005	3240	0	0	3240
8	Cobs:Cmodel	original_CPA_fixed	standardized_MSE	0.01	3240	0	0	3240
8	Cobs:Cmodel	original_CPA_fixed	standardized_MSE	0.02	3240	0	0	3240
8	Cobs:Cmodel	original_CPA_fixed	raw_RMSE	0.0	3240	0	0	3240
8	Cobs:Cmodel	original_CPA_fixed	raw_RMSE	0.005	3240	0	0	3240
8	Cobs:Cmodel	original_CPA_fixed	raw_RMSE	0.01	3240	0	0	3240
8	Cobs:Cmodel	original_CPA_fixed	raw_RMSE	0.02	3240	0	0	3240
8	Cobs:Cmodel	original_CPA_fixed	perturbation_centred_Pearson	0.0	3240	0	0	3240
8	Cobs:Cmodel	original_CPA_fixed	perturbation_centred_Pearson	0.005	3240	0	0	3240
8	Cobs:Cmodel	original_CPA_fixed	perturbation_centred_Pearson	0.01	3240	0	0	3240
8	Cobs:Cmodel	original_CPA_fixed	perturbation_centred_Pearson	0.02	3240	0	0	3240
8	Cobs:Cmodel	original_CPA_fixed	centroid_accuracy	0.0	3240	0	0	3240
8	Cobs:Cmodel	original_CPA_fixed	centroid_accuracy	0.005	3240	0	0	3240
8	Cobs:Cmodel	original_CPA_fixed	centroid_accuracy	0.01	3240	0	0	3240
8	Cobs:Cmodel	original_CPA_fixed	centroid_accuracy	0.02	3240	0	0	3240
8	Cobs:Cmodel	additive	standardized_MSE	0.0	3240	0	0	3240
8	Cobs:Cmodel	additive	standardized_MSE	0.005	3240	0	0	3240
8	Cobs:Cmodel	additive	standardized_MSE	0.01	3240	0	0	3240
8	Cobs:Cmodel	additive	standardized_MSE	0.02	3240	0	0	3240
8	Cobs:Cmodel	additive	raw_RMSE	0.0	3240	0	0	3240
8	Cobs:Cmodel	additive	raw_RMSE	0.005	3240	0	0	3240
8	Cobs:Cmodel	additive	raw_RMSE	0.01	3240	0	0	3240
8	Cobs:Cmodel	additive	raw_RMSE	0.02	3240	0	0	3240
8	Cobs:Cmodel	additive	perturbation_centred_Pearson	0.0	3240	0	0	3240
8	Cobs:Cmodel	additive	perturbation_centred_Pearson	0.005	3240	0	0	3240
8	Cobs:Cmodel	additive	perturbation_centred_Pearson	0.01	3240	0	0	3240
8	Cobs:Cmodel	additive	perturbation_centred_Pearson	0.02	3240	0	0	3240
8	Cobs:Cmodel	additive	centroid_accuracy	0.0	3240	0	0	3240
8	Cobs:Cmodel	additive	centroid_accuracy	0.005	3240	0	0	3240
8	Cobs:Cmodel	additive	centroid_accuracy	0.01	3240	0	0	3240
8	Cobs:Cmodel	additive	centroid_accuracy	0.02	3240	0	0	3240
8	Cobs:Cmodel	compositional_ridge	standardized_MSE	0.0	3240	0	0	3240
8	Cobs:Cmodel	compositional_ridge	standardized_MSE	0.005	3240	0	0	3240
8	Cobs:Cmodel	compositional_ridge	standardized_MSE	0.01	3240	0	0	3240
8	Cobs:Cmodel	compositional_ridge	standardized_MSE	0.02	3240	0	0	3240
8	Cobs:Cmodel	compositional_ridge	raw_RMSE	0.0	3240	0	0	3240
8	Cobs:Cmodel	compositional_ridge	raw_RMSE	0.005	3240	0	0	3240
8	Cobs:Cmodel	compositional_ridge	raw_RMSE	0.01	3240	0	0	3240
8	Cobs:Cmodel	compositional_ridge	raw_RMSE	0.02	3240	0	0	3240
8	Cobs:Cmodel	compositional_ridge	perturbation_centred_Pearson	0.0	3240	0	0	3240
8	Cobs:Cmodel	compositional_ridge	perturbation_centred_Pearson	0.005	3240	0	0	3240
8	Cobs:Cmodel	compositional_ridge	perturbation_centred_Pearson	0.01	3240	0	0	3240
8	Cobs:Cmodel	compositional_ridge	perturbation_centred_Pearson	0.02	3240	0	0	3240
8	Cobs:Cmodel	compositional_ridge	centroid_accuracy	0.0	3240	0	0	3240
8	Cobs:Cmodel	compositional_ridge	centroid_accuracy	0.005	3240	0	0	3240
8	Cobs:Cmodel	compositional_ridge	centroid_accuracy	0.01	3240	0	0	3240
8	Cobs:Cmodel	compositional_ridge	centroid_accuracy	0.02	3240	0	0	3240
8	Cobs:Cmodel	NC_native_effect	standardized_MSE	0.0	3240	0	0	3240
8	Cobs:Cmodel	NC_native_effect	standardized_MSE	0.005	3240	0	0	3240
8	Cobs:Cmodel	NC_native_effect	standardized_MSE	0.01	3240	0	0	3240
8	Cobs:Cmodel	NC_native_effect	standardized_MSE	0.02	3240	0	0	3240
8	Cobs:Cmodel	NC_native_effect	raw_RMSE	0.0	3240	0	0	3240
8	Cobs:Cmodel	NC_native_effect	raw_RMSE	0.005	3240	0	0	3240
8	Cobs:Cmodel	NC_native_effect	raw_RMSE	0.01	3240	0	0	3240
8	Cobs:Cmodel	NC_native_effect	raw_RMSE	0.02	3240	0	0	3240
8	Cobs:Cmodel	NC_native_effect	perturbation_centred_Pearson	0.0	3240	0	0	3240
8	Cobs:Cmodel	NC_native_effect	perturbation_centred_Pearson	0.005	3240	0	0	3240
8	Cobs:Cmodel	NC_native_effect	perturbation_centred_Pearson	0.01	3240	0	0	3240
8	Cobs:Cmodel	NC_native_effect	perturbation_centred_Pearson	0.02	3240	0	0	3240
8	Cobs:Cmodel	NC_native_effect	centroid_accuracy	0.0	3240	0	0	3240
8	Cobs:Cmodel	NC_native_effect	centroid_accuracy	0.005	3240	0	0	3240
8	Cobs:Cmodel	NC_native_effect	centroid_accuracy	0.01	3240	0	0	3240
8	Cobs:Cmodel	NC_native_effect	centroid_accuracy	0.02	3240	0	0	3240
8	Cobs:Cmodel	native_effect_ridge	standardized_MSE	0.0	3240	0	0	3240
8	Cobs:Cmodel	native_effect_ridge	standardized_MSE	0.005	3240	0	0	3240
8	Cobs:Cmodel	native_effect_ridge	standardized_MSE	0.01	3240	0	0	3240
8	Cobs:Cmodel	native_effect_ridge	standardized_MSE	0.02	3240	0	0	3240
8	Cobs:Cmodel	native_effect_ridge	raw_RMSE	0.0	3240	0	0	3240
8	Cobs:Cmodel	native_effect_ridge	raw_RMSE	0.005	3240	0	0	3240
8	Cobs:Cmodel	native_effect_ridge	raw_RMSE	0.01	3240	0	0	3240
8	Cobs:Cmodel	native_effect_ridge	raw_RMSE	0.02	3240	0	0	3240
8	Cobs:Cmodel	native_effect_ridge	perturbation_centred_Pearson	0.0	3240	0	0	3240
8	Cobs:Cmodel	native_effect_ridge	perturbation_centred_Pearson	0.005	3240	0	0	3240
8	Cobs:Cmodel	native_effect_ridge	perturbation_centred_Pearson	0.01	3240	0	0	3240
8	Cobs:Cmodel	native_effect_ridge	perturbation_centred_Pearson	0.02	3240	0	0	3240
8	Cobs:Cmodel	native_effect_ridge	centroid_accuracy	0.0	3240	0	0	3240
8	Cobs:Cmodel	native_effect_ridge	centroid_accuracy	0.005	3240	0	0	3240
8	Cobs:Cmodel	native_effect_ridge	centroid_accuracy	0.01	3240	0	0	3240
8	Cobs:Cmodel	native_effect_ridge	centroid_accuracy	0.02	3240	0	0	3240
8	Cpred:Cmodel	selected_CPA	standardized_MSE	0.0	3240	1620	1620	0
8	Cpred:Cmodel	selected_CPA	standardized_MSE	0.005	3240	528	528	2184
8	Cpred:Cmodel	selected_CPA	standardized_MSE	0.01	3240	84	84	3072
8	Cpred:Cmodel	selected_CPA	standardized_MSE	0.02	3240	0	0	3240
8	Cpred:Cmodel	selected_CPA	raw_RMSE	0.0	3240	1620	1620	0
8	Cpred:Cmodel	selected_CPA	raw_RMSE	0.005	3240	252	252	2736
8	Cpred:Cmodel	selected_CPA	raw_RMSE	0.01	3240	30	30	3180
8	Cpred:Cmodel	selected_CPA	raw_RMSE	0.02	3240	0	0	3240
8	Cpred:Cmodel	selected_CPA	perturbation_centred_Pearson	0.0	3240	1620	1620	0
8	Cpred:Cmodel	selected_CPA	perturbation_centred_Pearson	0.005	3240	992	992	1256
8	Cpred:Cmodel	selected_CPA	perturbation_centred_Pearson	0.01	3240	782	782	1676
8	Cpred:Cmodel	selected_CPA	perturbation_centred_Pearson	0.02	3240	638	638	1964
8	Cpred:Cmodel	selected_CPA	centroid_accuracy	0.0	3240	1540	1540	160
8	Cpred:Cmodel	selected_CPA	centroid_accuracy	0.005	3240	204	204	2832
8	Cpred:Cmodel	selected_CPA	centroid_accuracy	0.01	3240	12	12	3216
8	Cpred:Cmodel	selected_CPA	centroid_accuracy	0.02	3240	0	0	3240
8	Cpred:Cmodel	original_CPA_fixed	standardized_MSE	0.0	3240	0	0	3240
8	Cpred:Cmodel	original_CPA_fixed	standardized_MSE	0.005	3240	0	0	3240
8	Cpred:Cmodel	original_CPA_fixed	standardized_MSE	0.01	3240	0	0	3240
8	Cpred:Cmodel	original_CPA_fixed	standardized_MSE	0.02	3240	0	0	3240
8	Cpred:Cmodel	original_CPA_fixed	raw_RMSE	0.0	3240	0	0	3240
8	Cpred:Cmodel	original_CPA_fixed	raw_RMSE	0.005	3240	0	0	3240
8	Cpred:Cmodel	original_CPA_fixed	raw_RMSE	0.01	3240	0	0	3240
8	Cpred:Cmodel	original_CPA_fixed	raw_RMSE	0.02	3240	0	0	3240
8	Cpred:Cmodel	original_CPA_fixed	perturbation_centred_Pearson	0.0	3240	0	0	3240
8	Cpred:Cmodel	original_CPA_fixed	perturbation_centred_Pearson	0.005	3240	0	0	3240
8	Cpred:Cmodel	original_CPA_fixed	perturbation_centred_Pearson	0.01	3240	0	0	3240
8	Cpred:Cmodel	original_CPA_fixed	perturbation_centred_Pearson	0.02	3240	0	0	3240
8	Cpred:Cmodel	original_CPA_fixed	centroid_accuracy	0.0	3240	0	0	3240
8	Cpred:Cmodel	original_CPA_fixed	centroid_accuracy	0.005	3240	0	0	3240
8	Cpred:Cmodel	original_CPA_fixed	centroid_accuracy	0.01	3240	0	0	3240
8	Cpred:Cmodel	original_CPA_fixed	centroid_accuracy	0.02	3240	0	0	3240
8	Cpred:Cmodel	additive	standardized_MSE	0.0	3240	0	0	3240
8	Cpred:Cmodel	additive	standardized_MSE	0.005	3240	0	0	3240
8	Cpred:Cmodel	additive	standardized_MSE	0.01	3240	0	0	3240
8	Cpred:Cmodel	additive	standardized_MSE	0.02	3240	0	0	3240
8	Cpred:Cmodel	additive	raw_RMSE	0.0	3240	0	0	3240
8	Cpred:Cmodel	additive	raw_RMSE	0.005	3240	0	0	3240
8	Cpred:Cmodel	additive	raw_RMSE	0.01	3240	0	0	3240
8	Cpred:Cmodel	additive	raw_RMSE	0.02	3240	0	0	3240
8	Cpred:Cmodel	additive	perturbation_centred_Pearson	0.0	3240	0	0	3240
8	Cpred:Cmodel	additive	perturbation_centred_Pearson	0.005	3240	0	0	3240
8	Cpred:Cmodel	additive	perturbation_centred_Pearson	0.01	3240	0	0	3240
8	Cpred:Cmodel	additive	perturbation_centred_Pearson	0.02	3240	0	0	3240
8	Cpred:Cmodel	additive	centroid_accuracy	0.0	3240	0	0	3240
8	Cpred:Cmodel	additive	centroid_accuracy	0.005	3240	0	0	3240
8	Cpred:Cmodel	additive	centroid_accuracy	0.01	3240	0	0	3240
8	Cpred:Cmodel	additive	centroid_accuracy	0.02	3240	0	0	3240
8	Cpred:Cmodel	compositional_ridge	standardized_MSE	0.0	3240	0	0	3240
8	Cpred:Cmodel	compositional_ridge	standardized_MSE	0.005	3240	0	0	3240
8	Cpred:Cmodel	compositional_ridge	standardized_MSE	0.01	3240	0	0	3240
8	Cpred:Cmodel	compositional_ridge	standardized_MSE	0.02	3240	0	0	3240
8	Cpred:Cmodel	compositional_ridge	raw_RMSE	0.0	3240	0	0	3240
8	Cpred:Cmodel	compositional_ridge	raw_RMSE	0.005	3240	0	0	3240
8	Cpred:Cmodel	compositional_ridge	raw_RMSE	0.01	3240	0	0	3240
8	Cpred:Cmodel	compositional_ridge	raw_RMSE	0.02	3240	0	0	3240
8	Cpred:Cmodel	compositional_ridge	perturbation_centred_Pearson	0.0	3240	0	0	3240
8	Cpred:Cmodel	compositional_ridge	perturbation_centred_Pearson	0.005	3240	0	0	3240
8	Cpred:Cmodel	compositional_ridge	perturbation_centred_Pearson	0.01	3240	0	0	3240
8	Cpred:Cmodel	compositional_ridge	perturbation_centred_Pearson	0.02	3240	0	0	3240
8	Cpred:Cmodel	compositional_ridge	centroid_accuracy	0.0	3240	0	0	3240
8	Cpred:Cmodel	compositional_ridge	centroid_accuracy	0.005	3240	0	0	3240
8	Cpred:Cmodel	compositional_ridge	centroid_accuracy	0.01	3240	0	0	3240
8	Cpred:Cmodel	compositional_ridge	centroid_accuracy	0.02	3240	0	0	3240
8	Cpred:Cmodel	NC_native_effect	standardized_MSE	0.0	3240	0	0	3240
8	Cpred:Cmodel	NC_native_effect	standardized_MSE	0.005	3240	0	0	3240
8	Cpred:Cmodel	NC_native_effect	standardized_MSE	0.01	3240	0	0	3240
8	Cpred:Cmodel	NC_native_effect	standardized_MSE	0.02	3240	0	0	3240
8	Cpred:Cmodel	NC_native_effect	raw_RMSE	0.0	3240	0	0	3240
8	Cpred:Cmodel	NC_native_effect	raw_RMSE	0.005	3240	0	0	3240
8	Cpred:Cmodel	NC_native_effect	raw_RMSE	0.01	3240	0	0	3240
8	Cpred:Cmodel	NC_native_effect	raw_RMSE	0.02	3240	0	0	3240
8	Cpred:Cmodel	NC_native_effect	perturbation_centred_Pearson	0.0	3240	0	0	3240
8	Cpred:Cmodel	NC_native_effect	perturbation_centred_Pearson	0.005	3240	0	0	3240
8	Cpred:Cmodel	NC_native_effect	perturbation_centred_Pearson	0.01	3240	0	0	3240
8	Cpred:Cmodel	NC_native_effect	perturbation_centred_Pearson	0.02	3240	0	0	3240
8	Cpred:Cmodel	NC_native_effect	centroid_accuracy	0.0	3240	0	0	3240
8	Cpred:Cmodel	NC_native_effect	centroid_accuracy	0.005	3240	0	0	3240
8	Cpred:Cmodel	NC_native_effect	centroid_accuracy	0.01	3240	0	0	3240
8	Cpred:Cmodel	NC_native_effect	centroid_accuracy	0.02	3240	0	0	3240
8	Cpred:Cmodel	native_effect_ridge	standardized_MSE	0.0	3240	0	0	3240
8	Cpred:Cmodel	native_effect_ridge	standardized_MSE	0.005	3240	0	0	3240
8	Cpred:Cmodel	native_effect_ridge	standardized_MSE	0.01	3240	0	0	3240
8	Cpred:Cmodel	native_effect_ridge	standardized_MSE	0.02	3240	0	0	3240
8	Cpred:Cmodel	native_effect_ridge	raw_RMSE	0.0	3240	0	0	3240
8	Cpred:Cmodel	native_effect_ridge	raw_RMSE	0.005	3240	0	0	3240
8	Cpred:Cmodel	native_effect_ridge	raw_RMSE	0.01	3240	0	0	3240
8	Cpred:Cmodel	native_effect_ridge	raw_RMSE	0.02	3240	0	0	3240
8	Cpred:Cmodel	native_effect_ridge	perturbation_centred_Pearson	0.0	3240	0	0	3240
8	Cpred:Cmodel	native_effect_ridge	perturbation_centred_Pearson	0.005	3240	0	0	3240
8	Cpred:Cmodel	native_effect_ridge	perturbation_centred_Pearson	0.01	3240	0	0	3240
8	Cpred:Cmodel	native_effect_ridge	perturbation_centred_Pearson	0.02	3240	0	0	3240
8	Cpred:Cmodel	native_effect_ridge	centroid_accuracy	0.0	3240	0	0	3240
8	Cpred:Cmodel	native_effect_ridge	centroid_accuracy	0.005	3240	0	0	3240
8	Cpred:Cmodel	native_effect_ridge	centroid_accuracy	0.01	3240	0	0	3240
8	Cpred:Cmodel	native_effect_ridge	centroid_accuracy	0.02	3240	0	0	3240
16	Cobs:Cpred	selected_CPA	standardized_MSE	0.0	3240	1620	1620	0
16	Cobs:Cpred	selected_CPA	standardized_MSE	0.005	3240	1620	1620	0
16	Cobs:Cpred	selected_CPA	standardized_MSE	0.01	3240	1620	1620	0
16	Cobs:Cpred	selected_CPA	standardized_MSE	0.02	3240	540	540	2160
16	Cobs:Cpred	selected_CPA	raw_RMSE	0.0	3240	1620	1620	0
16	Cobs:Cpred	selected_CPA	raw_RMSE	0.005	3240	1620	1620	0
16	Cobs:Cpred	selected_CPA	raw_RMSE	0.01	3240	1620	1620	0
16	Cobs:Cpred	selected_CPA	raw_RMSE	0.02	3240	540	540	2160
16	Cobs:Cpred	selected_CPA	perturbation_centred_Pearson	0.0	3240	1620	1620	0
16	Cobs:Cpred	selected_CPA	perturbation_centred_Pearson	0.005	3240	1620	1620	0
16	Cobs:Cpred	selected_CPA	perturbation_centred_Pearson	0.01	3240	1616	1616	8
16	Cobs:Cpred	selected_CPA	perturbation_centred_Pearson	0.02	3240	1480	1480	280
16	Cobs:Cpred	selected_CPA	centroid_accuracy	0.0	3240	1542	1542	156
16	Cobs:Cpred	selected_CPA	centroid_accuracy	0.005	3240	176	176	2888
16	Cobs:Cpred	selected_CPA	centroid_accuracy	0.01	3240	2	2	3236
16	Cobs:Cpred	selected_CPA	centroid_accuracy	0.02	3240	0	0	3240
16	Cobs:Cpred	original_CPA_fixed	standardized_MSE	0.0	3240	1620	1620	0
16	Cobs:Cpred	original_CPA_fixed	standardized_MSE	0.005	3240	1620	1620	0
16	Cobs:Cpred	original_CPA_fixed	standardized_MSE	0.01	3240	1620	1620	0
16	Cobs:Cpred	original_CPA_fixed	standardized_MSE	0.02	3240	540	540	2160
16	Cobs:Cpred	original_CPA_fixed	raw_RMSE	0.0	3240	1620	1620	0
16	Cobs:Cpred	original_CPA_fixed	raw_RMSE	0.005	3240	1620	1620	0
16	Cobs:Cpred	original_CPA_fixed	raw_RMSE	0.01	3240	1620	1620	0
16	Cobs:Cpred	original_CPA_fixed	raw_RMSE	0.02	3240	540	540	2160
16	Cobs:Cpred	original_CPA_fixed	perturbation_centred_Pearson	0.0	3240	1620	1620	0
16	Cobs:Cpred	original_CPA_fixed	perturbation_centred_Pearson	0.005	3240	1620	1620	0
16	Cobs:Cpred	original_CPA_fixed	perturbation_centred_Pearson	0.01	3240	1620	1620	0
16	Cobs:Cpred	original_CPA_fixed	perturbation_centred_Pearson	0.02	3240	1620	1620	0
16	Cobs:Cpred	original_CPA_fixed	centroid_accuracy	0.0	3240	1518	1518	204
16	Cobs:Cpred	original_CPA_fixed	centroid_accuracy	0.005	3240	54	54	3132
16	Cobs:Cpred	original_CPA_fixed	centroid_accuracy	0.01	3240	0	0	3240
16	Cobs:Cpred	original_CPA_fixed	centroid_accuracy	0.02	3240	0	0	3240
16	Cobs:Cpred	additive	standardized_MSE	0.0	3240	1620	1620	0
16	Cobs:Cpred	additive	standardized_MSE	0.005	3240	1620	1620	0
16	Cobs:Cpred	additive	standardized_MSE	0.01	3240	1620	1620	0
16	Cobs:Cpred	additive	standardized_MSE	0.02	3240	540	540	2160
16	Cobs:Cpred	additive	raw_RMSE	0.0	3240	1620	1620	0
16	Cobs:Cpred	additive	raw_RMSE	0.005	3240	1620	1620	0
16	Cobs:Cpred	additive	raw_RMSE	0.01	3240	1620	1620	0
16	Cobs:Cpred	additive	raw_RMSE	0.02	3240	852	852	1536
16	Cobs:Cpred	additive	perturbation_centred_Pearson	0.0	3240	1620	1620	0
16	Cobs:Cpred	additive	perturbation_centred_Pearson	0.005	3240	1620	1620	0
16	Cobs:Cpred	additive	perturbation_centred_Pearson	0.01	3240	1620	1620	0
16	Cobs:Cpred	additive	perturbation_centred_Pearson	0.02	3240	1620	1620	0
16	Cobs:Cpred	additive	centroid_accuracy	0.0	3240	1518	1518	204
16	Cobs:Cpred	additive	centroid_accuracy	0.005	3240	126	126	2988
16	Cobs:Cpred	additive	centroid_accuracy	0.01	3240	0	0	3240
16	Cobs:Cpred	additive	centroid_accuracy	0.02	3240	0	0	3240
16	Cobs:Cpred	compositional_ridge	standardized_MSE	0.0	3240	1620	1620	0
16	Cobs:Cpred	compositional_ridge	standardized_MSE	0.005	3240	1620	1620	0
16	Cobs:Cpred	compositional_ridge	standardized_MSE	0.01	3240	1620	1620	0
16	Cobs:Cpred	compositional_ridge	standardized_MSE	0.02	3240	540	540	2160
16	Cobs:Cpred	compositional_ridge	raw_RMSE	0.0	3240	1620	1620	0
16	Cobs:Cpred	compositional_ridge	raw_RMSE	0.005	3240	1620	1620	0
16	Cobs:Cpred	compositional_ridge	raw_RMSE	0.01	3240	1620	1620	0
16	Cobs:Cpred	compositional_ridge	raw_RMSE	0.02	3240	1188	1188	864
16	Cobs:Cpred	compositional_ridge	perturbation_centred_Pearson	0.0	3240	1620	1620	0
16	Cobs:Cpred	compositional_ridge	perturbation_centred_Pearson	0.005	3240	1620	1620	0
16	Cobs:Cpred	compositional_ridge	perturbation_centred_Pearson	0.01	3240	1620	1620	0
16	Cobs:Cpred	compositional_ridge	perturbation_centred_Pearson	0.02	3240	1620	1620	0
16	Cobs:Cpred	compositional_ridge	centroid_accuracy	0.0	3240	1584	1584	72
16	Cobs:Cpred	compositional_ridge	centroid_accuracy	0.005	3240	522	522	2196
16	Cobs:Cpred	compositional_ridge	centroid_accuracy	0.01	3240	162	162	2916
16	Cobs:Cpred	compositional_ridge	centroid_accuracy	0.02	3240	12	12	3216
16	Cobs:Cpred	NC_native_effect	standardized_MSE	0.0	3240	0	0	3240
16	Cobs:Cpred	NC_native_effect	standardized_MSE	0.005	3240	0	0	3240
16	Cobs:Cpred	NC_native_effect	standardized_MSE	0.01	3240	0	0	3240
16	Cobs:Cpred	NC_native_effect	standardized_MSE	0.02	3240	0	0	3240
16	Cobs:Cpred	NC_native_effect	raw_RMSE	0.0	3240	0	0	3240
16	Cobs:Cpred	NC_native_effect	raw_RMSE	0.005	3240	0	0	3240
16	Cobs:Cpred	NC_native_effect	raw_RMSE	0.01	3240	0	0	3240
16	Cobs:Cpred	NC_native_effect	raw_RMSE	0.02	3240	0	0	3240
16	Cobs:Cpred	NC_native_effect	perturbation_centred_Pearson	0.0	3240	0	0	3240
16	Cobs:Cpred	NC_native_effect	perturbation_centred_Pearson	0.005	3240	0	0	3240
16	Cobs:Cpred	NC_native_effect	perturbation_centred_Pearson	0.01	3240	0	0	3240
16	Cobs:Cpred	NC_native_effect	perturbation_centred_Pearson	0.02	3240	0	0	3240
16	Cobs:Cpred	NC_native_effect	centroid_accuracy	0.0	3240	0	0	3240
16	Cobs:Cpred	NC_native_effect	centroid_accuracy	0.005	3240	0	0	3240
16	Cobs:Cpred	NC_native_effect	centroid_accuracy	0.01	3240	0	0	3240
16	Cobs:Cpred	NC_native_effect	centroid_accuracy	0.02	3240	0	0	3240
16	Cobs:Cpred	native_effect_ridge	standardized_MSE	0.0	3240	0	0	3240
16	Cobs:Cpred	native_effect_ridge	standardized_MSE	0.005	3240	0	0	3240
16	Cobs:Cpred	native_effect_ridge	standardized_MSE	0.01	3240	0	0	3240
16	Cobs:Cpred	native_effect_ridge	standardized_MSE	0.02	3240	0	0	3240
16	Cobs:Cpred	native_effect_ridge	raw_RMSE	0.0	3240	0	0	3240
16	Cobs:Cpred	native_effect_ridge	raw_RMSE	0.005	3240	0	0	3240
16	Cobs:Cpred	native_effect_ridge	raw_RMSE	0.01	3240	0	0	3240
16	Cobs:Cpred	native_effect_ridge	raw_RMSE	0.02	3240	0	0	3240
16	Cobs:Cpred	native_effect_ridge	perturbation_centred_Pearson	0.0	3240	0	0	3240
16	Cobs:Cpred	native_effect_ridge	perturbation_centred_Pearson	0.005	3240	0	0	3240
16	Cobs:Cpred	native_effect_ridge	perturbation_centred_Pearson	0.01	3240	0	0	3240
16	Cobs:Cpred	native_effect_ridge	perturbation_centred_Pearson	0.02	3240	0	0	3240
16	Cobs:Cpred	native_effect_ridge	centroid_accuracy	0.0	3240	0	0	3240
16	Cobs:Cpred	native_effect_ridge	centroid_accuracy	0.005	3240	0	0	3240
16	Cobs:Cpred	native_effect_ridge	centroid_accuracy	0.01	3240	0	0	3240
16	Cobs:Cpred	native_effect_ridge	centroid_accuracy	0.02	3240	0	0	3240
16	Cobs:Cmodel	selected_CPA	standardized_MSE	0.0	3240	1620	1620	0
16	Cobs:Cmodel	selected_CPA	standardized_MSE	0.005	3240	78	78	3084
16	Cobs:Cmodel	selected_CPA	standardized_MSE	0.01	3240	0	0	3240
16	Cobs:Cmodel	selected_CPA	standardized_MSE	0.02	3240	0	0	3240
16	Cobs:Cmodel	selected_CPA	raw_RMSE	0.0	3240	1620	1620	0
16	Cobs:Cmodel	selected_CPA	raw_RMSE	0.005	3240	26	26	3188
16	Cobs:Cmodel	selected_CPA	raw_RMSE	0.01	3240	0	0	3240
16	Cobs:Cmodel	selected_CPA	raw_RMSE	0.02	3240	0	0	3240
16	Cobs:Cmodel	selected_CPA	perturbation_centred_Pearson	0.0	3240	1620	1620	0
16	Cobs:Cmodel	selected_CPA	perturbation_centred_Pearson	0.005	3240	956	956	1328
16	Cobs:Cmodel	selected_CPA	perturbation_centred_Pearson	0.01	3240	668	668	1904
16	Cobs:Cmodel	selected_CPA	perturbation_centred_Pearson	0.02	3240	314	314	2612
16	Cobs:Cmodel	selected_CPA	centroid_accuracy	0.0	3240	1542	1542	156
16	Cobs:Cmodel	selected_CPA	centroid_accuracy	0.005	3240	138	138	2964
16	Cobs:Cmodel	selected_CPA	centroid_accuracy	0.01	3240	2	2	3236
16	Cobs:Cmodel	selected_CPA	centroid_accuracy	0.02	3240	0	0	3240
16	Cobs:Cmodel	original_CPA_fixed	standardized_MSE	0.0	3240	0	0	3240
16	Cobs:Cmodel	original_CPA_fixed	standardized_MSE	0.005	3240	0	0	3240
16	Cobs:Cmodel	original_CPA_fixed	standardized_MSE	0.01	3240	0	0	3240
16	Cobs:Cmodel	original_CPA_fixed	standardized_MSE	0.02	3240	0	0	3240
16	Cobs:Cmodel	original_CPA_fixed	raw_RMSE	0.0	3240	0	0	3240
16	Cobs:Cmodel	original_CPA_fixed	raw_RMSE	0.005	3240	0	0	3240
16	Cobs:Cmodel	original_CPA_fixed	raw_RMSE	0.01	3240	0	0	3240
16	Cobs:Cmodel	original_CPA_fixed	raw_RMSE	0.02	3240	0	0	3240
16	Cobs:Cmodel	original_CPA_fixed	perturbation_centred_Pearson	0.0	3240	0	0	3240
16	Cobs:Cmodel	original_CPA_fixed	perturbation_centred_Pearson	0.005	3240	0	0	3240
16	Cobs:Cmodel	original_CPA_fixed	perturbation_centred_Pearson	0.01	3240	0	0	3240
16	Cobs:Cmodel	original_CPA_fixed	perturbation_centred_Pearson	0.02	3240	0	0	3240
16	Cobs:Cmodel	original_CPA_fixed	centroid_accuracy	0.0	3240	0	0	3240
16	Cobs:Cmodel	original_CPA_fixed	centroid_accuracy	0.005	3240	0	0	3240
16	Cobs:Cmodel	original_CPA_fixed	centroid_accuracy	0.01	3240	0	0	3240
16	Cobs:Cmodel	original_CPA_fixed	centroid_accuracy	0.02	3240	0	0	3240
16	Cobs:Cmodel	additive	standardized_MSE	0.0	3240	0	0	3240
16	Cobs:Cmodel	additive	standardized_MSE	0.005	3240	0	0	3240
16	Cobs:Cmodel	additive	standardized_MSE	0.01	3240	0	0	3240
16	Cobs:Cmodel	additive	standardized_MSE	0.02	3240	0	0	3240
16	Cobs:Cmodel	additive	raw_RMSE	0.0	3240	0	0	3240
16	Cobs:Cmodel	additive	raw_RMSE	0.005	3240	0	0	3240
16	Cobs:Cmodel	additive	raw_RMSE	0.01	3240	0	0	3240
16	Cobs:Cmodel	additive	raw_RMSE	0.02	3240	0	0	3240
16	Cobs:Cmodel	additive	perturbation_centred_Pearson	0.0	3240	0	0	3240
16	Cobs:Cmodel	additive	perturbation_centred_Pearson	0.005	3240	0	0	3240
16	Cobs:Cmodel	additive	perturbation_centred_Pearson	0.01	3240	0	0	3240
16	Cobs:Cmodel	additive	perturbation_centred_Pearson	0.02	3240	0	0	3240
16	Cobs:Cmodel	additive	centroid_accuracy	0.0	3240	0	0	3240
16	Cobs:Cmodel	additive	centroid_accuracy	0.005	3240	0	0	3240
16	Cobs:Cmodel	additive	centroid_accuracy	0.01	3240	0	0	3240
16	Cobs:Cmodel	additive	centroid_accuracy	0.02	3240	0	0	3240
16	Cobs:Cmodel	compositional_ridge	standardized_MSE	0.0	3240	0	0	3240
16	Cobs:Cmodel	compositional_ridge	standardized_MSE	0.005	3240	0	0	3240
16	Cobs:Cmodel	compositional_ridge	standardized_MSE	0.01	3240	0	0	3240
16	Cobs:Cmodel	compositional_ridge	standardized_MSE	0.02	3240	0	0	3240
16	Cobs:Cmodel	compositional_ridge	raw_RMSE	0.0	3240	0	0	3240
16	Cobs:Cmodel	compositional_ridge	raw_RMSE	0.005	3240	0	0	3240
16	Cobs:Cmodel	compositional_ridge	raw_RMSE	0.01	3240	0	0	3240
16	Cobs:Cmodel	compositional_ridge	raw_RMSE	0.02	3240	0	0	3240
16	Cobs:Cmodel	compositional_ridge	perturbation_centred_Pearson	0.0	3240	0	0	3240
16	Cobs:Cmodel	compositional_ridge	perturbation_centred_Pearson	0.005	3240	0	0	3240
16	Cobs:Cmodel	compositional_ridge	perturbation_centred_Pearson	0.01	3240	0	0	3240
16	Cobs:Cmodel	compositional_ridge	perturbation_centred_Pearson	0.02	3240	0	0	3240
16	Cobs:Cmodel	compositional_ridge	centroid_accuracy	0.0	3240	0	0	3240
16	Cobs:Cmodel	compositional_ridge	centroid_accuracy	0.005	3240	0	0	3240
16	Cobs:Cmodel	compositional_ridge	centroid_accuracy	0.01	3240	0	0	3240
16	Cobs:Cmodel	compositional_ridge	centroid_accuracy	0.02	3240	0	0	3240
16	Cobs:Cmodel	NC_native_effect	standardized_MSE	0.0	3240	0	0	3240
16	Cobs:Cmodel	NC_native_effect	standardized_MSE	0.005	3240	0	0	3240
16	Cobs:Cmodel	NC_native_effect	standardized_MSE	0.01	3240	0	0	3240
16	Cobs:Cmodel	NC_native_effect	standardized_MSE	0.02	3240	0	0	3240
16	Cobs:Cmodel	NC_native_effect	raw_RMSE	0.0	3240	0	0	3240
16	Cobs:Cmodel	NC_native_effect	raw_RMSE	0.005	3240	0	0	3240
16	Cobs:Cmodel	NC_native_effect	raw_RMSE	0.01	3240	0	0	3240
16	Cobs:Cmodel	NC_native_effect	raw_RMSE	0.02	3240	0	0	3240
16	Cobs:Cmodel	NC_native_effect	perturbation_centred_Pearson	0.0	3240	0	0	3240
16	Cobs:Cmodel	NC_native_effect	perturbation_centred_Pearson	0.005	3240	0	0	3240
16	Cobs:Cmodel	NC_native_effect	perturbation_centred_Pearson	0.01	3240	0	0	3240
16	Cobs:Cmodel	NC_native_effect	perturbation_centred_Pearson	0.02	3240	0	0	3240
16	Cobs:Cmodel	NC_native_effect	centroid_accuracy	0.0	3240	0	0	3240
16	Cobs:Cmodel	NC_native_effect	centroid_accuracy	0.005	3240	0	0	3240
16	Cobs:Cmodel	NC_native_effect	centroid_accuracy	0.01	3240	0	0	3240
16	Cobs:Cmodel	NC_native_effect	centroid_accuracy	0.02	3240	0	0	3240
16	Cobs:Cmodel	native_effect_ridge	standardized_MSE	0.0	3240	0	0	3240
16	Cobs:Cmodel	native_effect_ridge	standardized_MSE	0.005	3240	0	0	3240
16	Cobs:Cmodel	native_effect_ridge	standardized_MSE	0.01	3240	0	0	3240
16	Cobs:Cmodel	native_effect_ridge	standardized_MSE	0.02	3240	0	0	3240
16	Cobs:Cmodel	native_effect_ridge	raw_RMSE	0.0	3240	0	0	3240
16	Cobs:Cmodel	native_effect_ridge	raw_RMSE	0.005	3240	0	0	3240
16	Cobs:Cmodel	native_effect_ridge	raw_RMSE	0.01	3240	0	0	3240
16	Cobs:Cmodel	native_effect_ridge	raw_RMSE	0.02	3240	0	0	3240
16	Cobs:Cmodel	native_effect_ridge	perturbation_centred_Pearson	0.0	3240	0	0	3240
16	Cobs:Cmodel	native_effect_ridge	perturbation_centred_Pearson	0.005	3240	0	0	3240
16	Cobs:Cmodel	native_effect_ridge	perturbation_centred_Pearson	0.01	3240	0	0	3240
16	Cobs:Cmodel	native_effect_ridge	perturbation_centred_Pearson	0.02	3240	0	0	3240
16	Cobs:Cmodel	native_effect_ridge	centroid_accuracy	0.0	3240	0	0	3240
16	Cobs:Cmodel	native_effect_ridge	centroid_accuracy	0.005	3240	0	0	3240
16	Cobs:Cmodel	native_effect_ridge	centroid_accuracy	0.01	3240	0	0	3240
16	Cobs:Cmodel	native_effect_ridge	centroid_accuracy	0.02	3240	0	0	3240
16	Cpred:Cmodel	selected_CPA	standardized_MSE	0.0	3240	1620	1620	0
16	Cpred:Cmodel	selected_CPA	standardized_MSE	0.005	3240	78	78	3084
16	Cpred:Cmodel	selected_CPA	standardized_MSE	0.01	3240	0	0	3240
16	Cpred:Cmodel	selected_CPA	standardized_MSE	0.02	3240	0	0	3240
16	Cpred:Cmodel	selected_CPA	raw_RMSE	0.0	3240	1620	1620	0
16	Cpred:Cmodel	selected_CPA	raw_RMSE	0.005	3240	30	30	3180
16	Cpred:Cmodel	selected_CPA	raw_RMSE	0.01	3240	0	0	3240
16	Cpred:Cmodel	selected_CPA	raw_RMSE	0.02	3240	0	0	3240
16	Cpred:Cmodel	selected_CPA	perturbation_centred_Pearson	0.0	3240	1620	1620	0
16	Cpred:Cmodel	selected_CPA	perturbation_centred_Pearson	0.005	3240	932	932	1376
16	Cpred:Cmodel	selected_CPA	perturbation_centred_Pearson	0.01	3240	668	668	1904
16	Cpred:Cmodel	selected_CPA	perturbation_centred_Pearson	0.02	3240	314	314	2612
16	Cpred:Cmodel	selected_CPA	centroid_accuracy	0.0	3240	1556	1556	128
16	Cpred:Cmodel	selected_CPA	centroid_accuracy	0.005	3240	162	162	2916
16	Cpred:Cmodel	selected_CPA	centroid_accuracy	0.01	3240	2	2	3236
16	Cpred:Cmodel	selected_CPA	centroid_accuracy	0.02	3240	0	0	3240
16	Cpred:Cmodel	original_CPA_fixed	standardized_MSE	0.0	3240	0	0	3240
16	Cpred:Cmodel	original_CPA_fixed	standardized_MSE	0.005	3240	0	0	3240
16	Cpred:Cmodel	original_CPA_fixed	standardized_MSE	0.01	3240	0	0	3240
16	Cpred:Cmodel	original_CPA_fixed	standardized_MSE	0.02	3240	0	0	3240
16	Cpred:Cmodel	original_CPA_fixed	raw_RMSE	0.0	3240	0	0	3240
16	Cpred:Cmodel	original_CPA_fixed	raw_RMSE	0.005	3240	0	0	3240
16	Cpred:Cmodel	original_CPA_fixed	raw_RMSE	0.01	3240	0	0	3240
16	Cpred:Cmodel	original_CPA_fixed	raw_RMSE	0.02	3240	0	0	3240
16	Cpred:Cmodel	original_CPA_fixed	perturbation_centred_Pearson	0.0	3240	0	0	3240
16	Cpred:Cmodel	original_CPA_fixed	perturbation_centred_Pearson	0.005	3240	0	0	3240
16	Cpred:Cmodel	original_CPA_fixed	perturbation_centred_Pearson	0.01	3240	0	0	3240
16	Cpred:Cmodel	original_CPA_fixed	perturbation_centred_Pearson	0.02	3240	0	0	3240
16	Cpred:Cmodel	original_CPA_fixed	centroid_accuracy	0.0	3240	0	0	3240
16	Cpred:Cmodel	original_CPA_fixed	centroid_accuracy	0.005	3240	0	0	3240
16	Cpred:Cmodel	original_CPA_fixed	centroid_accuracy	0.01	3240	0	0	3240
16	Cpred:Cmodel	original_CPA_fixed	centroid_accuracy	0.02	3240	0	0	3240
16	Cpred:Cmodel	additive	standardized_MSE	0.0	3240	0	0	3240
16	Cpred:Cmodel	additive	standardized_MSE	0.005	3240	0	0	3240
16	Cpred:Cmodel	additive	standardized_MSE	0.01	3240	0	0	3240
16	Cpred:Cmodel	additive	standardized_MSE	0.02	3240	0	0	3240
16	Cpred:Cmodel	additive	raw_RMSE	0.0	3240	0	0	3240
16	Cpred:Cmodel	additive	raw_RMSE	0.005	3240	0	0	3240
16	Cpred:Cmodel	additive	raw_RMSE	0.01	3240	0	0	3240
16	Cpred:Cmodel	additive	raw_RMSE	0.02	3240	0	0	3240
16	Cpred:Cmodel	additive	perturbation_centred_Pearson	0.0	3240	0	0	3240
16	Cpred:Cmodel	additive	perturbation_centred_Pearson	0.005	3240	0	0	3240
16	Cpred:Cmodel	additive	perturbation_centred_Pearson	0.01	3240	0	0	3240
16	Cpred:Cmodel	additive	perturbation_centred_Pearson	0.02	3240	0	0	3240
16	Cpred:Cmodel	additive	centroid_accuracy	0.0	3240	0	0	3240
16	Cpred:Cmodel	additive	centroid_accuracy	0.005	3240	0	0	3240
16	Cpred:Cmodel	additive	centroid_accuracy	0.01	3240	0	0	3240
16	Cpred:Cmodel	additive	centroid_accuracy	0.02	3240	0	0	3240
16	Cpred:Cmodel	compositional_ridge	standardized_MSE	0.0	3240	0	0	3240
16	Cpred:Cmodel	compositional_ridge	standardized_MSE	0.005	3240	0	0	3240
16	Cpred:Cmodel	compositional_ridge	standardized_MSE	0.01	3240	0	0	3240
16	Cpred:Cmodel	compositional_ridge	standardized_MSE	0.02	3240	0	0	3240
16	Cpred:Cmodel	compositional_ridge	raw_RMSE	0.0	3240	0	0	3240
16	Cpred:Cmodel	compositional_ridge	raw_RMSE	0.005	3240	0	0	3240
16	Cpred:Cmodel	compositional_ridge	raw_RMSE	0.01	3240	0	0	3240
16	Cpred:Cmodel	compositional_ridge	raw_RMSE	0.02	3240	0	0	3240
16	Cpred:Cmodel	compositional_ridge	perturbation_centred_Pearson	0.0	3240	0	0	3240
16	Cpred:Cmodel	compositional_ridge	perturbation_centred_Pearson	0.005	3240	0	0	3240
16	Cpred:Cmodel	compositional_ridge	perturbation_centred_Pearson	0.01	3240	0	0	3240
16	Cpred:Cmodel	compositional_ridge	perturbation_centred_Pearson	0.02	3240	0	0	3240
16	Cpred:Cmodel	compositional_ridge	centroid_accuracy	0.0	3240	0	0	3240
16	Cpred:Cmodel	compositional_ridge	centroid_accuracy	0.005	3240	0	0	3240
16	Cpred:Cmodel	compositional_ridge	centroid_accuracy	0.01	3240	0	0	3240
16	Cpred:Cmodel	compositional_ridge	centroid_accuracy	0.02	3240	0	0	3240
16	Cpred:Cmodel	NC_native_effect	standardized_MSE	0.0	3240	0	0	3240
16	Cpred:Cmodel	NC_native_effect	standardized_MSE	0.005	3240	0	0	3240
16	Cpred:Cmodel	NC_native_effect	standardized_MSE	0.01	3240	0	0	3240
16	Cpred:Cmodel	NC_native_effect	standardized_MSE	0.02	3240	0	0	3240
16	Cpred:Cmodel	NC_native_effect	raw_RMSE	0.0	3240	0	0	3240
16	Cpred:Cmodel	NC_native_effect	raw_RMSE	0.005	3240	0	0	3240
16	Cpred:Cmodel	NC_native_effect	raw_RMSE	0.01	3240	0	0	3240
16	Cpred:Cmodel	NC_native_effect	raw_RMSE	0.02	3240	0	0	3240
16	Cpred:Cmodel	NC_native_effect	perturbation_centred_Pearson	0.0	3240	0	0	3240
16	Cpred:Cmodel	NC_native_effect	perturbation_centred_Pearson	0.005	3240	0	0	3240
16	Cpred:Cmodel	NC_native_effect	perturbation_centred_Pearson	0.01	3240	0	0	3240
16	Cpred:Cmodel	NC_native_effect	perturbation_centred_Pearson	0.02	3240	0	0	3240
16	Cpred:Cmodel	NC_native_effect	centroid_accuracy	0.0	3240	0	0	3240
16	Cpred:Cmodel	NC_native_effect	centroid_accuracy	0.005	3240	0	0	3240
16	Cpred:Cmodel	NC_native_effect	centroid_accuracy	0.01	3240	0	0	3240
16	Cpred:Cmodel	NC_native_effect	centroid_accuracy	0.02	3240	0	0	3240
16	Cpred:Cmodel	native_effect_ridge	standardized_MSE	0.0	3240	0	0	3240
16	Cpred:Cmodel	native_effect_ridge	standardized_MSE	0.005	3240	0	0	3240
16	Cpred:Cmodel	native_effect_ridge	standardized_MSE	0.01	3240	0	0	3240
16	Cpred:Cmodel	native_effect_ridge	standardized_MSE	0.02	3240	0	0	3240
16	Cpred:Cmodel	native_effect_ridge	raw_RMSE	0.0	3240	0	0	3240
16	Cpred:Cmodel	native_effect_ridge	raw_RMSE	0.005	3240	0	0	3240
16	Cpred:Cmodel	native_effect_ridge	raw_RMSE	0.01	3240	0	0	3240
16	Cpred:Cmodel	native_effect_ridge	raw_RMSE	0.02	3240	0	0	3240
16	Cpred:Cmodel	native_effect_ridge	perturbation_centred_Pearson	0.0	3240	0	0	3240
16	Cpred:Cmodel	native_effect_ridge	perturbation_centred_Pearson	0.005	3240	0	0	3240
16	Cpred:Cmodel	native_effect_ridge	perturbation_centred_Pearson	0.01	3240	0	0	3240
16	Cpred:Cmodel	native_effect_ridge	perturbation_centred_Pearson	0.02	3240	0	0	3240
16	Cpred:Cmodel	native_effect_ridge	centroid_accuracy	0.0	3240	0	0	3240
16	Cpred:Cmodel	native_effect_ridge	centroid_accuracy	0.005	3240	0	0	3240
16	Cpred:Cmodel	native_effect_ridge	centroid_accuracy	0.01	3240	0	0	3240
16	Cpred:Cmodel	native_effect_ridge	centroid_accuracy	0.02	3240	0	0	3240
32	Cobs:Cpred	selected_CPA	standardized_MSE	0.0	3240	1620	1620	0
32	Cobs:Cpred	selected_CPA	standardized_MSE	0.005	3240	1620	1620	0
32	Cobs:Cpred	selected_CPA	standardized_MSE	0.01	3240	552	552	2136
32	Cobs:Cpred	selected_CPA	standardized_MSE	0.02	3240	0	0	3240
32	Cobs:Cpred	selected_CPA	raw_RMSE	0.0	3240	1620	1620	0
32	Cobs:Cpred	selected_CPA	raw_RMSE	0.005	3240	1620	1620	0
32	Cobs:Cpred	selected_CPA	raw_RMSE	0.01	3240	540	540	2160
32	Cobs:Cpred	selected_CPA	raw_RMSE	0.02	3240	0	0	3240
32	Cobs:Cpred	selected_CPA	perturbation_centred_Pearson	0.0	3240	1620	1620	0
32	Cobs:Cpred	selected_CPA	perturbation_centred_Pearson	0.005	3240	1620	1620	0
32	Cobs:Cpred	selected_CPA	perturbation_centred_Pearson	0.01	3240	1610	1610	20
32	Cobs:Cpred	selected_CPA	perturbation_centred_Pearson	0.02	3240	1264	1264	712
32	Cobs:Cpred	selected_CPA	centroid_accuracy	0.0	3240	1542	1542	156
32	Cobs:Cpred	selected_CPA	centroid_accuracy	0.005	3240	92	92	3056
32	Cobs:Cpred	selected_CPA	centroid_accuracy	0.01	3240	0	0	3240
32	Cobs:Cpred	selected_CPA	centroid_accuracy	0.02	3240	0	0	3240
32	Cobs:Cpred	original_CPA_fixed	standardized_MSE	0.0	3240	1620	1620	0
32	Cobs:Cpred	original_CPA_fixed	standardized_MSE	0.005	3240	1620	1620	0
32	Cobs:Cpred	original_CPA_fixed	standardized_MSE	0.01	3240	552	552	2136
32	Cobs:Cpred	original_CPA_fixed	standardized_MSE	0.02	3240	0	0	3240
32	Cobs:Cpred	original_CPA_fixed	raw_RMSE	0.0	3240	1620	1620	0
32	Cobs:Cpred	original_CPA_fixed	raw_RMSE	0.005	3240	1620	1620	0
32	Cobs:Cpred	original_CPA_fixed	raw_RMSE	0.01	3240	540	540	2160
32	Cobs:Cpred	original_CPA_fixed	raw_RMSE	0.02	3240	0	0	3240
32	Cobs:Cpred	original_CPA_fixed	perturbation_centred_Pearson	0.0	3240	1620	1620	0
32	Cobs:Cpred	original_CPA_fixed	perturbation_centred_Pearson	0.005	3240	1620	1620	0
32	Cobs:Cpred	original_CPA_fixed	perturbation_centred_Pearson	0.01	3240	1620	1620	0
32	Cobs:Cpred	original_CPA_fixed	perturbation_centred_Pearson	0.02	3240	1086	1086	1068
32	Cobs:Cpred	original_CPA_fixed	centroid_accuracy	0.0	3240	1500	1500	240
32	Cobs:Cpred	original_CPA_fixed	centroid_accuracy	0.005	3240	0	0	3240
32	Cobs:Cpred	original_CPA_fixed	centroid_accuracy	0.01	3240	0	0	3240
32	Cobs:Cpred	original_CPA_fixed	centroid_accuracy	0.02	3240	0	0	3240
32	Cobs:Cpred	additive	standardized_MSE	0.0	3240	1620	1620	0
32	Cobs:Cpred	additive	standardized_MSE	0.005	3240	1620	1620	0
32	Cobs:Cpred	additive	standardized_MSE	0.01	3240	552	552	2136
32	Cobs:Cpred	additive	standardized_MSE	0.02	3240	0	0	3240
32	Cobs:Cpred	additive	raw_RMSE	0.0	3240	1620	1620	0
32	Cobs:Cpred	additive	raw_RMSE	0.005	3240	1620	1620	0
32	Cobs:Cpred	additive	raw_RMSE	0.01	3240	1320	1320	600
32	Cobs:Cpred	additive	raw_RMSE	0.02	3240	432	432	2376
32	Cobs:Cpred	additive	perturbation_centred_Pearson	0.0	3240	1620	1620	0
32	Cobs:Cpred	additive	perturbation_centred_Pearson	0.005	3240	1620	1620	0
32	Cobs:Cpred	additive	perturbation_centred_Pearson	0.01	3240	1620	1620	0
32	Cobs:Cpred	additive	perturbation_centred_Pearson	0.02	3240	1620	1620	0
32	Cobs:Cpred	additive	centroid_accuracy	0.0	3240	1416	1416	408
32	Cobs:Cpred	additive	centroid_accuracy	0.005	3240	6	6	3228
32	Cobs:Cpred	additive	centroid_accuracy	0.01	3240	0	0	3240
32	Cobs:Cpred	additive	centroid_accuracy	0.02	3240	0	0	3240
32	Cobs:Cpred	compositional_ridge	standardized_MSE	0.0	3240	1620	1620	0
32	Cobs:Cpred	compositional_ridge	standardized_MSE	0.005	3240	1620	1620	0
32	Cobs:Cpred	compositional_ridge	standardized_MSE	0.01	3240	552	552	2136
32	Cobs:Cpred	compositional_ridge	standardized_MSE	0.02	3240	0	0	3240
32	Cobs:Cpred	compositional_ridge	raw_RMSE	0.0	3240	1620	1620	0
32	Cobs:Cpred	compositional_ridge	raw_RMSE	0.005	3240	1620	1620	0
32	Cobs:Cpred	compositional_ridge	raw_RMSE	0.01	3240	1476	1476	288
32	Cobs:Cpred	compositional_ridge	raw_RMSE	0.02	3240	540	540	2160
32	Cobs:Cpred	compositional_ridge	perturbation_centred_Pearson	0.0	3240	1620	1620	0
32	Cobs:Cpred	compositional_ridge	perturbation_centred_Pearson	0.005	3240	1620	1620	0
32	Cobs:Cpred	compositional_ridge	perturbation_centred_Pearson	0.01	3240	1620	1620	0
32	Cobs:Cpred	compositional_ridge	perturbation_centred_Pearson	0.02	3240	1620	1620	0
32	Cobs:Cpred	compositional_ridge	centroid_accuracy	0.0	3240	1560	1560	120
32	Cobs:Cpred	compositional_ridge	centroid_accuracy	0.005	3240	126	126	2988
32	Cobs:Cpred	compositional_ridge	centroid_accuracy	0.01	3240	18	18	3204
32	Cobs:Cpred	compositional_ridge	centroid_accuracy	0.02	3240	0	0	3240
32	Cobs:Cpred	NC_native_effect	standardized_MSE	0.0	3240	0	0	3240
32	Cobs:Cpred	NC_native_effect	standardized_MSE	0.005	3240	0	0	3240
32	Cobs:Cpred	NC_native_effect	standardized_MSE	0.01	3240	0	0	3240
32	Cobs:Cpred	NC_native_effect	standardized_MSE	0.02	3240	0	0	3240
32	Cobs:Cpred	NC_native_effect	raw_RMSE	0.0	3240	0	0	3240
32	Cobs:Cpred	NC_native_effect	raw_RMSE	0.005	3240	0	0	3240
32	Cobs:Cpred	NC_native_effect	raw_RMSE	0.01	3240	0	0	3240
32	Cobs:Cpred	NC_native_effect	raw_RMSE	0.02	3240	0	0	3240
32	Cobs:Cpred	NC_native_effect	perturbation_centred_Pearson	0.0	3240	0	0	3240
32	Cobs:Cpred	NC_native_effect	perturbation_centred_Pearson	0.005	3240	0	0	3240
32	Cobs:Cpred	NC_native_effect	perturbation_centred_Pearson	0.01	3240	0	0	3240
32	Cobs:Cpred	NC_native_effect	perturbation_centred_Pearson	0.02	3240	0	0	3240
32	Cobs:Cpred	NC_native_effect	centroid_accuracy	0.0	3240	0	0	3240
32	Cobs:Cpred	NC_native_effect	centroid_accuracy	0.005	3240	0	0	3240
32	Cobs:Cpred	NC_native_effect	centroid_accuracy	0.01	3240	0	0	3240
32	Cobs:Cpred	NC_native_effect	centroid_accuracy	0.02	3240	0	0	3240
32	Cobs:Cpred	native_effect_ridge	standardized_MSE	0.0	3240	0	0	3240
32	Cobs:Cpred	native_effect_ridge	standardized_MSE	0.005	3240	0	0	3240
32	Cobs:Cpred	native_effect_ridge	standardized_MSE	0.01	3240	0	0	3240
32	Cobs:Cpred	native_effect_ridge	standardized_MSE	0.02	3240	0	0	3240
32	Cobs:Cpred	native_effect_ridge	raw_RMSE	0.0	3240	0	0	3240
32	Cobs:Cpred	native_effect_ridge	raw_RMSE	0.005	3240	0	0	3240
32	Cobs:Cpred	native_effect_ridge	raw_RMSE	0.01	3240	0	0	3240
32	Cobs:Cpred	native_effect_ridge	raw_RMSE	0.02	3240	0	0	3240
32	Cobs:Cpred	native_effect_ridge	perturbation_centred_Pearson	0.0	3240	0	0	3240
32	Cobs:Cpred	native_effect_ridge	perturbation_centred_Pearson	0.005	3240	0	0	3240
32	Cobs:Cpred	native_effect_ridge	perturbation_centred_Pearson	0.01	3240	0	0	3240
32	Cobs:Cpred	native_effect_ridge	perturbation_centred_Pearson	0.02	3240	0	0	3240
32	Cobs:Cpred	native_effect_ridge	centroid_accuracy	0.0	3240	0	0	3240
32	Cobs:Cpred	native_effect_ridge	centroid_accuracy	0.005	3240	0	0	3240
32	Cobs:Cpred	native_effect_ridge	centroid_accuracy	0.01	3240	0	0	3240
32	Cobs:Cpred	native_effect_ridge	centroid_accuracy	0.02	3240	0	0	3240
32	Cobs:Cmodel	selected_CPA	standardized_MSE	0.0	3240	1620	1620	0
32	Cobs:Cmodel	selected_CPA	standardized_MSE	0.005	3240	0	0	3240
32	Cobs:Cmodel	selected_CPA	standardized_MSE	0.01	3240	0	0	3240
32	Cobs:Cmodel	selected_CPA	standardized_MSE	0.02	3240	0	0	3240
32	Cobs:Cmodel	selected_CPA	raw_RMSE	0.0	3240	1620	1620	0
32	Cobs:Cmodel	selected_CPA	raw_RMSE	0.005	3240	0	0	3240
32	Cobs:Cmodel	selected_CPA	raw_RMSE	0.01	3240	0	0	3240
32	Cobs:Cmodel	selected_CPA	raw_RMSE	0.02	3240	0	0	3240
32	Cobs:Cmodel	selected_CPA	perturbation_centred_Pearson	0.0	3240	1620	1620	0
32	Cobs:Cmodel	selected_CPA	perturbation_centred_Pearson	0.005	3240	692	692	1856
32	Cobs:Cmodel	selected_CPA	perturbation_centred_Pearson	0.01	3240	296	296	2648
32	Cobs:Cmodel	selected_CPA	perturbation_centred_Pearson	0.02	3240	36	36	3168
32	Cobs:Cmodel	selected_CPA	centroid_accuracy	0.0	3240	1546	1546	148
32	Cobs:Cmodel	selected_CPA	centroid_accuracy	0.005	3240	52	52	3136
32	Cobs:Cmodel	selected_CPA	centroid_accuracy	0.01	3240	0	0	3240
32	Cobs:Cmodel	selected_CPA	centroid_accuracy	0.02	3240	0	0	3240
32	Cobs:Cmodel	original_CPA_fixed	standardized_MSE	0.0	3240	0	0	3240
32	Cobs:Cmodel	original_CPA_fixed	standardized_MSE	0.005	3240	0	0	3240
32	Cobs:Cmodel	original_CPA_fixed	standardized_MSE	0.01	3240	0	0	3240
32	Cobs:Cmodel	original_CPA_fixed	standardized_MSE	0.02	3240	0	0	3240
32	Cobs:Cmodel	original_CPA_fixed	raw_RMSE	0.0	3240	0	0	3240
32	Cobs:Cmodel	original_CPA_fixed	raw_RMSE	0.005	3240	0	0	3240
32	Cobs:Cmodel	original_CPA_fixed	raw_RMSE	0.01	3240	0	0	3240
32	Cobs:Cmodel	original_CPA_fixed	raw_RMSE	0.02	3240	0	0	3240
32	Cobs:Cmodel	original_CPA_fixed	perturbation_centred_Pearson	0.0	3240	0	0	3240
32	Cobs:Cmodel	original_CPA_fixed	perturbation_centred_Pearson	0.005	3240	0	0	3240
32	Cobs:Cmodel	original_CPA_fixed	perturbation_centred_Pearson	0.01	3240	0	0	3240
32	Cobs:Cmodel	original_CPA_fixed	perturbation_centred_Pearson	0.02	3240	0	0	3240
32	Cobs:Cmodel	original_CPA_fixed	centroid_accuracy	0.0	3240	0	0	3240
32	Cobs:Cmodel	original_CPA_fixed	centroid_accuracy	0.005	3240	0	0	3240
32	Cobs:Cmodel	original_CPA_fixed	centroid_accuracy	0.01	3240	0	0	3240
32	Cobs:Cmodel	original_CPA_fixed	centroid_accuracy	0.02	3240	0	0	3240
32	Cobs:Cmodel	additive	standardized_MSE	0.0	3240	0	0	3240
32	Cobs:Cmodel	additive	standardized_MSE	0.005	3240	0	0	3240
32	Cobs:Cmodel	additive	standardized_MSE	0.01	3240	0	0	3240
32	Cobs:Cmodel	additive	standardized_MSE	0.02	3240	0	0	3240
32	Cobs:Cmodel	additive	raw_RMSE	0.0	3240	0	0	3240
32	Cobs:Cmodel	additive	raw_RMSE	0.005	3240	0	0	3240
32	Cobs:Cmodel	additive	raw_RMSE	0.01	3240	0	0	3240
32	Cobs:Cmodel	additive	raw_RMSE	0.02	3240	0	0	3240
32	Cobs:Cmodel	additive	perturbation_centred_Pearson	0.0	3240	0	0	3240
32	Cobs:Cmodel	additive	perturbation_centred_Pearson	0.005	3240	0	0	3240
32	Cobs:Cmodel	additive	perturbation_centred_Pearson	0.01	3240	0	0	3240
32	Cobs:Cmodel	additive	perturbation_centred_Pearson	0.02	3240	0	0	3240
32	Cobs:Cmodel	additive	centroid_accuracy	0.0	3240	0	0	3240
32	Cobs:Cmodel	additive	centroid_accuracy	0.005	3240	0	0	3240
32	Cobs:Cmodel	additive	centroid_accuracy	0.01	3240	0	0	3240
32	Cobs:Cmodel	additive	centroid_accuracy	0.02	3240	0	0	3240
32	Cobs:Cmodel	compositional_ridge	standardized_MSE	0.0	3240	0	0	3240
32	Cobs:Cmodel	compositional_ridge	standardized_MSE	0.005	3240	0	0	3240
32	Cobs:Cmodel	compositional_ridge	standardized_MSE	0.01	3240	0	0	3240
32	Cobs:Cmodel	compositional_ridge	standardized_MSE	0.02	3240	0	0	3240
32	Cobs:Cmodel	compositional_ridge	raw_RMSE	0.0	3240	0	0	3240
32	Cobs:Cmodel	compositional_ridge	raw_RMSE	0.005	3240	0	0	3240
32	Cobs:Cmodel	compositional_ridge	raw_RMSE	0.01	3240	0	0	3240
32	Cobs:Cmodel	compositional_ridge	raw_RMSE	0.02	3240	0	0	3240
32	Cobs:Cmodel	compositional_ridge	perturbation_centred_Pearson	0.0	3240	0	0	3240
32	Cobs:Cmodel	compositional_ridge	perturbation_centred_Pearson	0.005	3240	0	0	3240
32	Cobs:Cmodel	compositional_ridge	perturbation_centred_Pearson	0.01	3240	0	0	3240
32	Cobs:Cmodel	compositional_ridge	perturbation_centred_Pearson	0.02	3240	0	0	3240
32	Cobs:Cmodel	compositional_ridge	centroid_accuracy	0.0	3240	0	0	3240
32	Cobs:Cmodel	compositional_ridge	centroid_accuracy	0.005	3240	0	0	3240
32	Cobs:Cmodel	compositional_ridge	centroid_accuracy	0.01	3240	0	0	3240
32	Cobs:Cmodel	compositional_ridge	centroid_accuracy	0.02	3240	0	0	3240
32	Cobs:Cmodel	NC_native_effect	standardized_MSE	0.0	3240	0	0	3240
32	Cobs:Cmodel	NC_native_effect	standardized_MSE	0.005	3240	0	0	3240
32	Cobs:Cmodel	NC_native_effect	standardized_MSE	0.01	3240	0	0	3240
32	Cobs:Cmodel	NC_native_effect	standardized_MSE	0.02	3240	0	0	3240
32	Cobs:Cmodel	NC_native_effect	raw_RMSE	0.0	3240	0	0	3240
32	Cobs:Cmodel	NC_native_effect	raw_RMSE	0.005	3240	0	0	3240
32	Cobs:Cmodel	NC_native_effect	raw_RMSE	0.01	3240	0	0	3240
32	Cobs:Cmodel	NC_native_effect	raw_RMSE	0.02	3240	0	0	3240
32	Cobs:Cmodel	NC_native_effect	perturbation_centred_Pearson	0.0	3240	0	0	3240
32	Cobs:Cmodel	NC_native_effect	perturbation_centred_Pearson	0.005	3240	0	0	3240
32	Cobs:Cmodel	NC_native_effect	perturbation_centred_Pearson	0.01	3240	0	0	3240
32	Cobs:Cmodel	NC_native_effect	perturbation_centred_Pearson	0.02	3240	0	0	3240
32	Cobs:Cmodel	NC_native_effect	centroid_accuracy	0.0	3240	0	0	3240
32	Cobs:Cmodel	NC_native_effect	centroid_accuracy	0.005	3240	0	0	3240
32	Cobs:Cmodel	NC_native_effect	centroid_accuracy	0.01	3240	0	0	3240
32	Cobs:Cmodel	NC_native_effect	centroid_accuracy	0.02	3240	0	0	3240
32	Cobs:Cmodel	native_effect_ridge	standardized_MSE	0.0	3240	0	0	3240
32	Cobs:Cmodel	native_effect_ridge	standardized_MSE	0.005	3240	0	0	3240
32	Cobs:Cmodel	native_effect_ridge	standardized_MSE	0.01	3240	0	0	3240
32	Cobs:Cmodel	native_effect_ridge	standardized_MSE	0.02	3240	0	0	3240
32	Cobs:Cmodel	native_effect_ridge	raw_RMSE	0.0	3240	0	0	3240
32	Cobs:Cmodel	native_effect_ridge	raw_RMSE	0.005	3240	0	0	3240
32	Cobs:Cmodel	native_effect_ridge	raw_RMSE	0.01	3240	0	0	3240
32	Cobs:Cmodel	native_effect_ridge	raw_RMSE	0.02	3240	0	0	3240
32	Cobs:Cmodel	native_effect_ridge	perturbation_centred_Pearson	0.0	3240	0	0	3240
32	Cobs:Cmodel	native_effect_ridge	perturbation_centred_Pearson	0.005	3240	0	0	3240
32	Cobs:Cmodel	native_effect_ridge	perturbation_centred_Pearson	0.01	3240	0	0	3240
32	Cobs:Cmodel	native_effect_ridge	perturbation_centred_Pearson	0.02	3240	0	0	3240
32	Cobs:Cmodel	native_effect_ridge	centroid_accuracy	0.0	3240	0	0	3240
32	Cobs:Cmodel	native_effect_ridge	centroid_accuracy	0.005	3240	0	0	3240
32	Cobs:Cmodel	native_effect_ridge	centroid_accuracy	0.01	3240	0	0	3240
32	Cobs:Cmodel	native_effect_ridge	centroid_accuracy	0.02	3240	0	0	3240
32	Cpred:Cmodel	selected_CPA	standardized_MSE	0.0	3240	1620	1620	0
32	Cpred:Cmodel	selected_CPA	standardized_MSE	0.005	3240	0	0	3240
32	Cpred:Cmodel	selected_CPA	standardized_MSE	0.01	3240	0	0	3240
32	Cpred:Cmodel	selected_CPA	standardized_MSE	0.02	3240	0	0	3240
32	Cpred:Cmodel	selected_CPA	raw_RMSE	0.0	3240	1620	1620	0
32	Cpred:Cmodel	selected_CPA	raw_RMSE	0.005	3240	0	0	3240
32	Cpred:Cmodel	selected_CPA	raw_RMSE	0.01	3240	0	0	3240
32	Cpred:Cmodel	selected_CPA	raw_RMSE	0.02	3240	0	0	3240
32	Cpred:Cmodel	selected_CPA	perturbation_centred_Pearson	0.0	3240	1620	1620	0
32	Cpred:Cmodel	selected_CPA	perturbation_centred_Pearson	0.005	3240	690	690	1860
32	Cpred:Cmodel	selected_CPA	perturbation_centred_Pearson	0.01	3240	298	298	2644
32	Cpred:Cmodel	selected_CPA	perturbation_centred_Pearson	0.02	3240	36	36	3168
32	Cpred:Cmodel	selected_CPA	centroid_accuracy	0.0	3240	1540	1540	160
32	Cpred:Cmodel	selected_CPA	centroid_accuracy	0.005	3240	60	60	3120
32	Cpred:Cmodel	selected_CPA	centroid_accuracy	0.01	3240	0	0	3240
32	Cpred:Cmodel	selected_CPA	centroid_accuracy	0.02	3240	0	0	3240
32	Cpred:Cmodel	original_CPA_fixed	standardized_MSE	0.0	3240	0	0	3240
32	Cpred:Cmodel	original_CPA_fixed	standardized_MSE	0.005	3240	0	0	3240
32	Cpred:Cmodel	original_CPA_fixed	standardized_MSE	0.01	3240	0	0	3240
32	Cpred:Cmodel	original_CPA_fixed	standardized_MSE	0.02	3240	0	0	3240
32	Cpred:Cmodel	original_CPA_fixed	raw_RMSE	0.0	3240	0	0	3240
32	Cpred:Cmodel	original_CPA_fixed	raw_RMSE	0.005	3240	0	0	3240
32	Cpred:Cmodel	original_CPA_fixed	raw_RMSE	0.01	3240	0	0	3240
32	Cpred:Cmodel	original_CPA_fixed	raw_RMSE	0.02	3240	0	0	3240
32	Cpred:Cmodel	original_CPA_fixed	perturbation_centred_Pearson	0.0	3240	0	0	3240
32	Cpred:Cmodel	original_CPA_fixed	perturbation_centred_Pearson	0.005	3240	0	0	3240
32	Cpred:Cmodel	original_CPA_fixed	perturbation_centred_Pearson	0.01	3240	0	0	3240
32	Cpred:Cmodel	original_CPA_fixed	perturbation_centred_Pearson	0.02	3240	0	0	3240
32	Cpred:Cmodel	original_CPA_fixed	centroid_accuracy	0.0	3240	0	0	3240
32	Cpred:Cmodel	original_CPA_fixed	centroid_accuracy	0.005	3240	0	0	3240
32	Cpred:Cmodel	original_CPA_fixed	centroid_accuracy	0.01	3240	0	0	3240
32	Cpred:Cmodel	original_CPA_fixed	centroid_accuracy	0.02	3240	0	0	3240
32	Cpred:Cmodel	additive	standardized_MSE	0.0	3240	0	0	3240
32	Cpred:Cmodel	additive	standardized_MSE	0.005	3240	0	0	3240
32	Cpred:Cmodel	additive	standardized_MSE	0.01	3240	0	0	3240
32	Cpred:Cmodel	additive	standardized_MSE	0.02	3240	0	0	3240
32	Cpred:Cmodel	additive	raw_RMSE	0.0	3240	0	0	3240
32	Cpred:Cmodel	additive	raw_RMSE	0.005	3240	0	0	3240
32	Cpred:Cmodel	additive	raw_RMSE	0.01	3240	0	0	3240
32	Cpred:Cmodel	additive	raw_RMSE	0.02	3240	0	0	3240
32	Cpred:Cmodel	additive	perturbation_centred_Pearson	0.0	3240	0	0	3240
32	Cpred:Cmodel	additive	perturbation_centred_Pearson	0.005	3240	0	0	3240
32	Cpred:Cmodel	additive	perturbation_centred_Pearson	0.01	3240	0	0	3240
32	Cpred:Cmodel	additive	perturbation_centred_Pearson	0.02	3240	0	0	3240
32	Cpred:Cmodel	additive	centroid_accuracy	0.0	3240	0	0	3240
32	Cpred:Cmodel	additive	centroid_accuracy	0.005	3240	0	0	3240
32	Cpred:Cmodel	additive	centroid_accuracy	0.01	3240	0	0	3240
32	Cpred:Cmodel	additive	centroid_accuracy	0.02	3240	0	0	3240
32	Cpred:Cmodel	compositional_ridge	standardized_MSE	0.0	3240	0	0	3240
32	Cpred:Cmodel	compositional_ridge	standardized_MSE	0.005	3240	0	0	3240
32	Cpred:Cmodel	compositional_ridge	standardized_MSE	0.01	3240	0	0	3240
32	Cpred:Cmodel	compositional_ridge	standardized_MSE	0.02	3240	0	0	3240
32	Cpred:Cmodel	compositional_ridge	raw_RMSE	0.0	3240	0	0	3240
32	Cpred:Cmodel	compositional_ridge	raw_RMSE	0.005	3240	0	0	3240
32	Cpred:Cmodel	compositional_ridge	raw_RMSE	0.01	3240	0	0	3240
32	Cpred:Cmodel	compositional_ridge	raw_RMSE	0.02	3240	0	0	3240
32	Cpred:Cmodel	compositional_ridge	perturbation_centred_Pearson	0.0	3240	0	0	3240
32	Cpred:Cmodel	compositional_ridge	perturbation_centred_Pearson	0.005	3240	0	0	3240
32	Cpred:Cmodel	compositional_ridge	perturbation_centred_Pearson	0.01	3240	0	0	3240
32	Cpred:Cmodel	compositional_ridge	perturbation_centred_Pearson	0.02	3240	0	0	3240
32	Cpred:Cmodel	compositional_ridge	centroid_accuracy	0.0	3240	0	0	3240
32	Cpred:Cmodel	compositional_ridge	centroid_accuracy	0.005	3240	0	0	3240
32	Cpred:Cmodel	compositional_ridge	centroid_accuracy	0.01	3240	0	0	3240
32	Cpred:Cmodel	compositional_ridge	centroid_accuracy	0.02	3240	0	0	3240
32	Cpred:Cmodel	NC_native_effect	standardized_MSE	0.0	3240	0	0	3240
32	Cpred:Cmodel	NC_native_effect	standardized_MSE	0.005	3240	0	0	3240
32	Cpred:Cmodel	NC_native_effect	standardized_MSE	0.01	3240	0	0	3240
32	Cpred:Cmodel	NC_native_effect	standardized_MSE	0.02	3240	0	0	3240
32	Cpred:Cmodel	NC_native_effect	raw_RMSE	0.0	3240	0	0	3240
32	Cpred:Cmodel	NC_native_effect	raw_RMSE	0.005	3240	0	0	3240
32	Cpred:Cmodel	NC_native_effect	raw_RMSE	0.01	3240	0	0	3240
32	Cpred:Cmodel	NC_native_effect	raw_RMSE	0.02	3240	0	0	3240
32	Cpred:Cmodel	NC_native_effect	perturbation_centred_Pearson	0.0	3240	0	0	3240
32	Cpred:Cmodel	NC_native_effect	perturbation_centred_Pearson	0.005	3240	0	0	3240
32	Cpred:Cmodel	NC_native_effect	perturbation_centred_Pearson	0.01	3240	0	0	3240
32	Cpred:Cmodel	NC_native_effect	perturbation_centred_Pearson	0.02	3240	0	0	3240
32	Cpred:Cmodel	NC_native_effect	centroid_accuracy	0.0	3240	0	0	3240
32	Cpred:Cmodel	NC_native_effect	centroid_accuracy	0.005	3240	0	0	3240
32	Cpred:Cmodel	NC_native_effect	centroid_accuracy	0.01	3240	0	0	3240
32	Cpred:Cmodel	NC_native_effect	centroid_accuracy	0.02	3240	0	0	3240
32	Cpred:Cmodel	native_effect_ridge	standardized_MSE	0.0	3240	0	0	3240
32	Cpred:Cmodel	native_effect_ridge	standardized_MSE	0.005	3240	0	0	3240
32	Cpred:Cmodel	native_effect_ridge	standardized_MSE	0.01	3240	0	0	3240
32	Cpred:Cmodel	native_effect_ridge	standardized_MSE	0.02	3240	0	0	3240
32	Cpred:Cmodel	native_effect_ridge	raw_RMSE	0.0	3240	0	0	3240
32	Cpred:Cmodel	native_effect_ridge	raw_RMSE	0.005	3240	0	0	3240
32	Cpred:Cmodel	native_effect_ridge	raw_RMSE	0.01	3240	0	0	3240
32	Cpred:Cmodel	native_effect_ridge	raw_RMSE	0.02	3240	0	0	3240
32	Cpred:Cmodel	native_effect_ridge	perturbation_centred_Pearson	0.0	3240	0	0	3240
32	Cpred:Cmodel	native_effect_ridge	perturbation_centred_Pearson	0.005	3240	0	0	3240
32	Cpred:Cmodel	native_effect_ridge	perturbation_centred_Pearson	0.01	3240	0	0	3240
32	Cpred:Cmodel	native_effect_ridge	perturbation_centred_Pearson	0.02	3240	0	0	3240
32	Cpred:Cmodel	native_effect_ridge	centroid_accuracy	0.0	3240	0	0	3240
32	Cpred:Cmodel	native_effect_ridge	centroid_accuracy	0.005	3240	0	0	3240
32	Cpred:Cmodel	native_effect_ridge	centroid_accuracy	0.01	3240	0	0	3240
32	Cpred:Cmodel	native_effect_ridge	centroid_accuracy	0.02	3240	0	0	3240
64	Cobs:Cpred	selected_CPA	standardized_MSE	0.0	3240	1620	1620	0
64	Cobs:Cpred	selected_CPA	standardized_MSE	0.005	3240	540	540	2160
64	Cobs:Cpred	selected_CPA	standardized_MSE	0.01	3240	0	0	3240
64	Cobs:Cpred	selected_CPA	standardized_MSE	0.02	3240	0	0	3240
64	Cobs:Cpred	selected_CPA	raw_RMSE	0.0	3240	1620	1620	0
64	Cobs:Cpred	selected_CPA	raw_RMSE	0.005	3240	540	540	2160
64	Cobs:Cpred	selected_CPA	raw_RMSE	0.01	3240	0	0	3240
64	Cobs:Cpred	selected_CPA	raw_RMSE	0.02	3240	0	0	3240
64	Cobs:Cpred	selected_CPA	perturbation_centred_Pearson	0.0	3240	1620	1620	0
64	Cobs:Cpred	selected_CPA	perturbation_centred_Pearson	0.005	3240	1616	1616	8
64	Cobs:Cpred	selected_CPA	perturbation_centred_Pearson	0.01	3240	1538	1538	164
64	Cobs:Cpred	selected_CPA	perturbation_centred_Pearson	0.02	3240	518	518	2204
64	Cobs:Cpred	selected_CPA	centroid_accuracy	0.0	3240	1490	1490	260
64	Cobs:Cpred	selected_CPA	centroid_accuracy	0.005	3240	10	10	3220
64	Cobs:Cpred	selected_CPA	centroid_accuracy	0.01	3240	0	0	3240
64	Cobs:Cpred	selected_CPA	centroid_accuracy	0.02	3240	0	0	3240
64	Cobs:Cpred	original_CPA_fixed	standardized_MSE	0.0	3240	1620	1620	0
64	Cobs:Cpred	original_CPA_fixed	standardized_MSE	0.005	3240	540	540	2160
64	Cobs:Cpred	original_CPA_fixed	standardized_MSE	0.01	3240	0	0	3240
64	Cobs:Cpred	original_CPA_fixed	standardized_MSE	0.02	3240	0	0	3240
64	Cobs:Cpred	original_CPA_fixed	raw_RMSE	0.0	3240	1620	1620	0
64	Cobs:Cpred	original_CPA_fixed	raw_RMSE	0.005	3240	540	540	2160
64	Cobs:Cpred	original_CPA_fixed	raw_RMSE	0.01	3240	0	0	3240
64	Cobs:Cpred	original_CPA_fixed	raw_RMSE	0.02	3240	0	0	3240
64	Cobs:Cpred	original_CPA_fixed	perturbation_centred_Pearson	0.0	3240	1620	1620	0
64	Cobs:Cpred	original_CPA_fixed	perturbation_centred_Pearson	0.005	3240	1620	1620	0
64	Cobs:Cpred	original_CPA_fixed	perturbation_centred_Pearson	0.01	3240	1590	1590	60
64	Cobs:Cpred	original_CPA_fixed	perturbation_centred_Pearson	0.02	3240	540	540	2160
64	Cobs:Cpred	original_CPA_fixed	centroid_accuracy	0.0	3240	1422	1422	396
64	Cobs:Cpred	original_CPA_fixed	centroid_accuracy	0.005	3240	0	0	3240
64	Cobs:Cpred	original_CPA_fixed	centroid_accuracy	0.01	3240	0	0	3240
64	Cobs:Cpred	original_CPA_fixed	centroid_accuracy	0.02	3240	0	0	3240
64	Cobs:Cpred	additive	standardized_MSE	0.0	3240	1620	1620	0
64	Cobs:Cpred	additive	standardized_MSE	0.005	3240	540	540	2160
64	Cobs:Cpred	additive	standardized_MSE	0.01	3240	0	0	3240
64	Cobs:Cpred	additive	standardized_MSE	0.02	3240	0	0	3240
64	Cobs:Cpred	additive	raw_RMSE	0.0	3240	1620	1620	0
64	Cobs:Cpred	additive	raw_RMSE	0.005	3240	1416	1416	408
64	Cobs:Cpred	additive	raw_RMSE	0.01	3240	522	522	2196
64	Cobs:Cpred	additive	raw_RMSE	0.02	3240	0	0	3240
64	Cobs:Cpred	additive	perturbation_centred_Pearson	0.0	3240	1620	1620	0
64	Cobs:Cpred	additive	perturbation_centred_Pearson	0.005	3240	1620	1620	0
64	Cobs:Cpred	additive	perturbation_centred_Pearson	0.01	3240	1620	1620	0
64	Cobs:Cpred	additive	perturbation_centred_Pearson	0.02	3240	1620	1620	0
64	Cobs:Cpred	additive	centroid_accuracy	0.0	3240	1362	1362	516
64	Cobs:Cpred	additive	centroid_accuracy	0.005	3240	0	0	3240
64	Cobs:Cpred	additive	centroid_accuracy	0.01	3240	0	0	3240
64	Cobs:Cpred	additive	centroid_accuracy	0.02	3240	0	0	3240
64	Cobs:Cpred	compositional_ridge	standardized_MSE	0.0	3240	1620	1620	0
64	Cobs:Cpred	compositional_ridge	standardized_MSE	0.005	3240	540	540	2160
64	Cobs:Cpred	compositional_ridge	standardized_MSE	0.01	3240	0	0	3240
64	Cobs:Cpred	compositional_ridge	standardized_MSE	0.02	3240	0	0	3240
64	Cobs:Cpred	compositional_ridge	raw_RMSE	0.0	3240	1620	1620	0
64	Cobs:Cpred	compositional_ridge	raw_RMSE	0.005	3240	1584	1584	72
64	Cobs:Cpred	compositional_ridge	raw_RMSE	0.01	3240	534	534	2172
64	Cobs:Cpred	compositional_ridge	raw_RMSE	0.02	3240	0	0	3240
64	Cobs:Cpred	compositional_ridge	perturbation_centred_Pearson	0.0	3240	1620	1620	0
64	Cobs:Cpred	compositional_ridge	perturbation_centred_Pearson	0.005	3240	1620	1620	0
64	Cobs:Cpred	compositional_ridge	perturbation_centred_Pearson	0.01	3240	1620	1620	0
64	Cobs:Cpred	compositional_ridge	perturbation_centred_Pearson	0.02	3240	1620	1620	0
64	Cobs:Cpred	compositional_ridge	centroid_accuracy	0.0	3240	1506	1506	228
64	Cobs:Cpred	compositional_ridge	centroid_accuracy	0.005	3240	6	6	3228
64	Cobs:Cpred	compositional_ridge	centroid_accuracy	0.01	3240	0	0	3240
64	Cobs:Cpred	compositional_ridge	centroid_accuracy	0.02	3240	0	0	3240
64	Cobs:Cpred	NC_native_effect	standardized_MSE	0.0	3240	0	0	3240
64	Cobs:Cpred	NC_native_effect	standardized_MSE	0.005	3240	0	0	3240
64	Cobs:Cpred	NC_native_effect	standardized_MSE	0.01	3240	0	0	3240
64	Cobs:Cpred	NC_native_effect	standardized_MSE	0.02	3240	0	0	3240
64	Cobs:Cpred	NC_native_effect	raw_RMSE	0.0	3240	0	0	3240
64	Cobs:Cpred	NC_native_effect	raw_RMSE	0.005	3240	0	0	3240
64	Cobs:Cpred	NC_native_effect	raw_RMSE	0.01	3240	0	0	3240
64	Cobs:Cpred	NC_native_effect	raw_RMSE	0.02	3240	0	0	3240
64	Cobs:Cpred	NC_native_effect	perturbation_centred_Pearson	0.0	3240	0	0	3240
64	Cobs:Cpred	NC_native_effect	perturbation_centred_Pearson	0.005	3240	0	0	3240
64	Cobs:Cpred	NC_native_effect	perturbation_centred_Pearson	0.01	3240	0	0	3240
64	Cobs:Cpred	NC_native_effect	perturbation_centred_Pearson	0.02	3240	0	0	3240
64	Cobs:Cpred	NC_native_effect	centroid_accuracy	0.0	3240	0	0	3240
64	Cobs:Cpred	NC_native_effect	centroid_accuracy	0.005	3240	0	0	3240
64	Cobs:Cpred	NC_native_effect	centroid_accuracy	0.01	3240	0	0	3240
64	Cobs:Cpred	NC_native_effect	centroid_accuracy	0.02	3240	0	0	3240
64	Cobs:Cpred	native_effect_ridge	standardized_MSE	0.0	3240	0	0	3240
64	Cobs:Cpred	native_effect_ridge	standardized_MSE	0.005	3240	0	0	3240
64	Cobs:Cpred	native_effect_ridge	standardized_MSE	0.01	3240	0	0	3240
64	Cobs:Cpred	native_effect_ridge	standardized_MSE	0.02	3240	0	0	3240
64	Cobs:Cpred	native_effect_ridge	raw_RMSE	0.0	3240	0	0	3240
64	Cobs:Cpred	native_effect_ridge	raw_RMSE	0.005	3240	0	0	3240
64	Cobs:Cpred	native_effect_ridge	raw_RMSE	0.01	3240	0	0	3240
64	Cobs:Cpred	native_effect_ridge	raw_RMSE	0.02	3240	0	0	3240
64	Cobs:Cpred	native_effect_ridge	perturbation_centred_Pearson	0.0	3240	0	0	3240
64	Cobs:Cpred	native_effect_ridge	perturbation_centred_Pearson	0.005	3240	0	0	3240
64	Cobs:Cpred	native_effect_ridge	perturbation_centred_Pearson	0.01	3240	0	0	3240
64	Cobs:Cpred	native_effect_ridge	perturbation_centred_Pearson	0.02	3240	0	0	3240
64	Cobs:Cpred	native_effect_ridge	centroid_accuracy	0.0	3240	0	0	3240
64	Cobs:Cpred	native_effect_ridge	centroid_accuracy	0.005	3240	0	0	3240
64	Cobs:Cpred	native_effect_ridge	centroid_accuracy	0.01	3240	0	0	3240
64	Cobs:Cpred	native_effect_ridge	centroid_accuracy	0.02	3240	0	0	3240
64	Cobs:Cmodel	selected_CPA	standardized_MSE	0.0	3240	1620	1620	0
64	Cobs:Cmodel	selected_CPA	standardized_MSE	0.005	3240	0	0	3240
64	Cobs:Cmodel	selected_CPA	standardized_MSE	0.01	3240	0	0	3240
64	Cobs:Cmodel	selected_CPA	standardized_MSE	0.02	3240	0	0	3240
64	Cobs:Cmodel	selected_CPA	raw_RMSE	0.0	3240	1620	1620	0
64	Cobs:Cmodel	selected_CPA	raw_RMSE	0.005	3240	0	0	3240
64	Cobs:Cmodel	selected_CPA	raw_RMSE	0.01	3240	0	0	3240
64	Cobs:Cmodel	selected_CPA	raw_RMSE	0.02	3240	0	0	3240
64	Cobs:Cmodel	selected_CPA	perturbation_centred_Pearson	0.0	3240	1620	1620	0
64	Cobs:Cmodel	selected_CPA	perturbation_centred_Pearson	0.005	3240	232	232	2776
64	Cobs:Cmodel	selected_CPA	perturbation_centred_Pearson	0.01	3240	18	18	3204
64	Cobs:Cmodel	selected_CPA	perturbation_centred_Pearson	0.02	3240	0	0	3240
64	Cobs:Cmodel	selected_CPA	centroid_accuracy	0.0	3240	1508	1508	224
64	Cobs:Cmodel	selected_CPA	centroid_accuracy	0.005	3240	14	14	3212
64	Cobs:Cmodel	selected_CPA	centroid_accuracy	0.01	3240	0	0	3240
64	Cobs:Cmodel	selected_CPA	centroid_accuracy	0.02	3240	0	0	3240
64	Cobs:Cmodel	original_CPA_fixed	standardized_MSE	0.0	3240	0	0	3240
64	Cobs:Cmodel	original_CPA_fixed	standardized_MSE	0.005	3240	0	0	3240
64	Cobs:Cmodel	original_CPA_fixed	standardized_MSE	0.01	3240	0	0	3240
64	Cobs:Cmodel	original_CPA_fixed	standardized_MSE	0.02	3240	0	0	3240
64	Cobs:Cmodel	original_CPA_fixed	raw_RMSE	0.0	3240	0	0	3240
64	Cobs:Cmodel	original_CPA_fixed	raw_RMSE	0.005	3240	0	0	3240
64	Cobs:Cmodel	original_CPA_fixed	raw_RMSE	0.01	3240	0	0	3240
64	Cobs:Cmodel	original_CPA_fixed	raw_RMSE	0.02	3240	0	0	3240
64	Cobs:Cmodel	original_CPA_fixed	perturbation_centred_Pearson	0.0	3240	0	0	3240
64	Cobs:Cmodel	original_CPA_fixed	perturbation_centred_Pearson	0.005	3240	0	0	3240
64	Cobs:Cmodel	original_CPA_fixed	perturbation_centred_Pearson	0.01	3240	0	0	3240
64	Cobs:Cmodel	original_CPA_fixed	perturbation_centred_Pearson	0.02	3240	0	0	3240
64	Cobs:Cmodel	original_CPA_fixed	centroid_accuracy	0.0	3240	0	0	3240
64	Cobs:Cmodel	original_CPA_fixed	centroid_accuracy	0.005	3240	0	0	3240
64	Cobs:Cmodel	original_CPA_fixed	centroid_accuracy	0.01	3240	0	0	3240
64	Cobs:Cmodel	original_CPA_fixed	centroid_accuracy	0.02	3240	0	0	3240
64	Cobs:Cmodel	additive	standardized_MSE	0.0	3240	0	0	3240
64	Cobs:Cmodel	additive	standardized_MSE	0.005	3240	0	0	3240
64	Cobs:Cmodel	additive	standardized_MSE	0.01	3240	0	0	3240
64	Cobs:Cmodel	additive	standardized_MSE	0.02	3240	0	0	3240
64	Cobs:Cmodel	additive	raw_RMSE	0.0	3240	0	0	3240
64	Cobs:Cmodel	additive	raw_RMSE	0.005	3240	0	0	3240
64	Cobs:Cmodel	additive	raw_RMSE	0.01	3240	0	0	3240
64	Cobs:Cmodel	additive	raw_RMSE	0.02	3240	0	0	3240
64	Cobs:Cmodel	additive	perturbation_centred_Pearson	0.0	3240	0	0	3240
64	Cobs:Cmodel	additive	perturbation_centred_Pearson	0.005	3240	0	0	3240
64	Cobs:Cmodel	additive	perturbation_centred_Pearson	0.01	3240	0	0	3240
64	Cobs:Cmodel	additive	perturbation_centred_Pearson	0.02	3240	0	0	3240
64	Cobs:Cmodel	additive	centroid_accuracy	0.0	3240	0	0	3240
64	Cobs:Cmodel	additive	centroid_accuracy	0.005	3240	0	0	3240
64	Cobs:Cmodel	additive	centroid_accuracy	0.01	3240	0	0	3240
64	Cobs:Cmodel	additive	centroid_accuracy	0.02	3240	0	0	3240
64	Cobs:Cmodel	compositional_ridge	standardized_MSE	0.0	3240	0	0	3240
64	Cobs:Cmodel	compositional_ridge	standardized_MSE	0.005	3240	0	0	3240
64	Cobs:Cmodel	compositional_ridge	standardized_MSE	0.01	3240	0	0	3240
64	Cobs:Cmodel	compositional_ridge	standardized_MSE	0.02	3240	0	0	3240
64	Cobs:Cmodel	compositional_ridge	raw_RMSE	0.0	3240	0	0	3240
64	Cobs:Cmodel	compositional_ridge	raw_RMSE	0.005	3240	0	0	3240
64	Cobs:Cmodel	compositional_ridge	raw_RMSE	0.01	3240	0	0	3240
64	Cobs:Cmodel	compositional_ridge	raw_RMSE	0.02	3240	0	0	3240
64	Cobs:Cmodel	compositional_ridge	perturbation_centred_Pearson	0.0	3240	0	0	3240
64	Cobs:Cmodel	compositional_ridge	perturbation_centred_Pearson	0.005	3240	0	0	3240
64	Cobs:Cmodel	compositional_ridge	perturbation_centred_Pearson	0.01	3240	0	0	3240
64	Cobs:Cmodel	compositional_ridge	perturbation_centred_Pearson	0.02	3240	0	0	3240
64	Cobs:Cmodel	compositional_ridge	centroid_accuracy	0.0	3240	0	0	3240
64	Cobs:Cmodel	compositional_ridge	centroid_accuracy	0.005	3240	0	0	3240
64	Cobs:Cmodel	compositional_ridge	centroid_accuracy	0.01	3240	0	0	3240
64	Cobs:Cmodel	compositional_ridge	centroid_accuracy	0.02	3240	0	0	3240
64	Cobs:Cmodel	NC_native_effect	standardized_MSE	0.0	3240	0	0	3240
64	Cobs:Cmodel	NC_native_effect	standardized_MSE	0.005	3240	0	0	3240
64	Cobs:Cmodel	NC_native_effect	standardized_MSE	0.01	3240	0	0	3240
64	Cobs:Cmodel	NC_native_effect	standardized_MSE	0.02	3240	0	0	3240
64	Cobs:Cmodel	NC_native_effect	raw_RMSE	0.0	3240	0	0	3240
64	Cobs:Cmodel	NC_native_effect	raw_RMSE	0.005	3240	0	0	3240
64	Cobs:Cmodel	NC_native_effect	raw_RMSE	0.01	3240	0	0	3240
64	Cobs:Cmodel	NC_native_effect	raw_RMSE	0.02	3240	0	0	3240
64	Cobs:Cmodel	NC_native_effect	perturbation_centred_Pearson	0.0	3240	0	0	3240
64	Cobs:Cmodel	NC_native_effect	perturbation_centred_Pearson	0.005	3240	0	0	3240
64	Cobs:Cmodel	NC_native_effect	perturbation_centred_Pearson	0.01	3240	0	0	3240
64	Cobs:Cmodel	NC_native_effect	perturbation_centred_Pearson	0.02	3240	0	0	3240
64	Cobs:Cmodel	NC_native_effect	centroid_accuracy	0.0	3240	0	0	3240
64	Cobs:Cmodel	NC_native_effect	centroid_accuracy	0.005	3240	0	0	3240
64	Cobs:Cmodel	NC_native_effect	centroid_accuracy	0.01	3240	0	0	3240
64	Cobs:Cmodel	NC_native_effect	centroid_accuracy	0.02	3240	0	0	3240
64	Cobs:Cmodel	native_effect_ridge	standardized_MSE	0.0	3240	0	0	3240
64	Cobs:Cmodel	native_effect_ridge	standardized_MSE	0.005	3240	0	0	3240
64	Cobs:Cmodel	native_effect_ridge	standardized_MSE	0.01	3240	0	0	3240
64	Cobs:Cmodel	native_effect_ridge	standardized_MSE	0.02	3240	0	0	3240
64	Cobs:Cmodel	native_effect_ridge	raw_RMSE	0.0	3240	0	0	3240
64	Cobs:Cmodel	native_effect_ridge	raw_RMSE	0.005	3240	0	0	3240
64	Cobs:Cmodel	native_effect_ridge	raw_RMSE	0.01	3240	0	0	3240
64	Cobs:Cmodel	native_effect_ridge	raw_RMSE	0.02	3240	0	0	3240
64	Cobs:Cmodel	native_effect_ridge	perturbation_centred_Pearson	0.0	3240	0	0	3240
64	Cobs:Cmodel	native_effect_ridge	perturbation_centred_Pearson	0.005	3240	0	0	3240
64	Cobs:Cmodel	native_effect_ridge	perturbation_centred_Pearson	0.01	3240	0	0	3240
64	Cobs:Cmodel	native_effect_ridge	perturbation_centred_Pearson	0.02	3240	0	0	3240
64	Cobs:Cmodel	native_effect_ridge	centroid_accuracy	0.0	3240	0	0	3240
64	Cobs:Cmodel	native_effect_ridge	centroid_accuracy	0.005	3240	0	0	3240
64	Cobs:Cmodel	native_effect_ridge	centroid_accuracy	0.01	3240	0	0	3240
64	Cobs:Cmodel	native_effect_ridge	centroid_accuracy	0.02	3240	0	0	3240
64	Cpred:Cmodel	selected_CPA	standardized_MSE	0.0	3240	1620	1620	0
64	Cpred:Cmodel	selected_CPA	standardized_MSE	0.005	3240	0	0	3240
64	Cpred:Cmodel	selected_CPA	standardized_MSE	0.01	3240	0	0	3240
64	Cpred:Cmodel	selected_CPA	standardized_MSE	0.02	3240	0	0	3240
64	Cpred:Cmodel	selected_CPA	raw_RMSE	0.0	3240	1620	1620	0
64	Cpred:Cmodel	selected_CPA	raw_RMSE	0.005	3240	0	0	3240
64	Cpred:Cmodel	selected_CPA	raw_RMSE	0.01	3240	0	0	3240
64	Cpred:Cmodel	selected_CPA	raw_RMSE	0.02	3240	0	0	3240
64	Cpred:Cmodel	selected_CPA	perturbation_centred_Pearson	0.0	3240	1620	1620	0
64	Cpred:Cmodel	selected_CPA	perturbation_centred_Pearson	0.005	3240	226	226	2788
64	Cpred:Cmodel	selected_CPA	perturbation_centred_Pearson	0.01	3240	18	18	3204
64	Cpred:Cmodel	selected_CPA	perturbation_centred_Pearson	0.02	3240	0	0	3240
64	Cpred:Cmodel	selected_CPA	centroid_accuracy	0.0	3240	1500	1500	240
64	Cpred:Cmodel	selected_CPA	centroid_accuracy	0.005	3240	10	10	3220
64	Cpred:Cmodel	selected_CPA	centroid_accuracy	0.01	3240	0	0	3240
64	Cpred:Cmodel	selected_CPA	centroid_accuracy	0.02	3240	0	0	3240
64	Cpred:Cmodel	original_CPA_fixed	standardized_MSE	0.0	3240	0	0	3240
64	Cpred:Cmodel	original_CPA_fixed	standardized_MSE	0.005	3240	0	0	3240
64	Cpred:Cmodel	original_CPA_fixed	standardized_MSE	0.01	3240	0	0	3240
64	Cpred:Cmodel	original_CPA_fixed	standardized_MSE	0.02	3240	0	0	3240
64	Cpred:Cmodel	original_CPA_fixed	raw_RMSE	0.0	3240	0	0	3240
64	Cpred:Cmodel	original_CPA_fixed	raw_RMSE	0.005	3240	0	0	3240
64	Cpred:Cmodel	original_CPA_fixed	raw_RMSE	0.01	3240	0	0	3240
64	Cpred:Cmodel	original_CPA_fixed	raw_RMSE	0.02	3240	0	0	3240
64	Cpred:Cmodel	original_CPA_fixed	perturbation_centred_Pearson	0.0	3240	0	0	3240
64	Cpred:Cmodel	original_CPA_fixed	perturbation_centred_Pearson	0.005	3240	0	0	3240
64	Cpred:Cmodel	original_CPA_fixed	perturbation_centred_Pearson	0.01	3240	0	0	3240
64	Cpred:Cmodel	original_CPA_fixed	perturbation_centred_Pearson	0.02	3240	0	0	3240
64	Cpred:Cmodel	original_CPA_fixed	centroid_accuracy	0.0	3240	0	0	3240
64	Cpred:Cmodel	original_CPA_fixed	centroid_accuracy	0.005	3240	0	0	3240
64	Cpred:Cmodel	original_CPA_fixed	centroid_accuracy	0.01	3240	0	0	3240
64	Cpred:Cmodel	original_CPA_fixed	centroid_accuracy	0.02	3240	0	0	3240
64	Cpred:Cmodel	additive	standardized_MSE	0.0	3240	0	0	3240
64	Cpred:Cmodel	additive	standardized_MSE	0.005	3240	0	0	3240
64	Cpred:Cmodel	additive	standardized_MSE	0.01	3240	0	0	3240
64	Cpred:Cmodel	additive	standardized_MSE	0.02	3240	0	0	3240
64	Cpred:Cmodel	additive	raw_RMSE	0.0	3240	0	0	3240
64	Cpred:Cmodel	additive	raw_RMSE	0.005	3240	0	0	3240
64	Cpred:Cmodel	additive	raw_RMSE	0.01	3240	0	0	3240
64	Cpred:Cmodel	additive	raw_RMSE	0.02	3240	0	0	3240
64	Cpred:Cmodel	additive	perturbation_centred_Pearson	0.0	3240	0	0	3240
64	Cpred:Cmodel	additive	perturbation_centred_Pearson	0.005	3240	0	0	3240
64	Cpred:Cmodel	additive	perturbation_centred_Pearson	0.01	3240	0	0	3240
64	Cpred:Cmodel	additive	perturbation_centred_Pearson	0.02	3240	0	0	3240
64	Cpred:Cmodel	additive	centroid_accuracy	0.0	3240	0	0	3240
64	Cpred:Cmodel	additive	centroid_accuracy	0.005	3240	0	0	3240
64	Cpred:Cmodel	additive	centroid_accuracy	0.01	3240	0	0	3240
64	Cpred:Cmodel	additive	centroid_accuracy	0.02	3240	0	0	3240
64	Cpred:Cmodel	compositional_ridge	standardized_MSE	0.0	3240	0	0	3240
64	Cpred:Cmodel	compositional_ridge	standardized_MSE	0.005	3240	0	0	3240
64	Cpred:Cmodel	compositional_ridge	standardized_MSE	0.01	3240	0	0	3240
64	Cpred:Cmodel	compositional_ridge	standardized_MSE	0.02	3240	0	0	3240
64	Cpred:Cmodel	compositional_ridge	raw_RMSE	0.0	3240	0	0	3240
64	Cpred:Cmodel	compositional_ridge	raw_RMSE	0.005	3240	0	0	3240
64	Cpred:Cmodel	compositional_ridge	raw_RMSE	0.01	3240	0	0	3240
64	Cpred:Cmodel	compositional_ridge	raw_RMSE	0.02	3240	0	0	3240
64	Cpred:Cmodel	compositional_ridge	perturbation_centred_Pearson	0.0	3240	0	0	3240
64	Cpred:Cmodel	compositional_ridge	perturbation_centred_Pearson	0.005	3240	0	0	3240
64	Cpred:Cmodel	compositional_ridge	perturbation_centred_Pearson	0.01	3240	0	0	3240
64	Cpred:Cmodel	compositional_ridge	perturbation_centred_Pearson	0.02	3240	0	0	3240
64	Cpred:Cmodel	compositional_ridge	centroid_accuracy	0.0	3240	0	0	3240
64	Cpred:Cmodel	compositional_ridge	centroid_accuracy	0.005	3240	0	0	3240
64	Cpred:Cmodel	compositional_ridge	centroid_accuracy	0.01	3240	0	0	3240
64	Cpred:Cmodel	compositional_ridge	centroid_accuracy	0.02	3240	0	0	3240
64	Cpred:Cmodel	NC_native_effect	standardized_MSE	0.0	3240	0	0	3240
64	Cpred:Cmodel	NC_native_effect	standardized_MSE	0.005	3240	0	0	3240
64	Cpred:Cmodel	NC_native_effect	standardized_MSE	0.01	3240	0	0	3240
64	Cpred:Cmodel	NC_native_effect	standardized_MSE	0.02	3240	0	0	3240
64	Cpred:Cmodel	NC_native_effect	raw_RMSE	0.0	3240	0	0	3240
64	Cpred:Cmodel	NC_native_effect	raw_RMSE	0.005	3240	0	0	3240
64	Cpred:Cmodel	NC_native_effect	raw_RMSE	0.01	3240	0	0	3240
64	Cpred:Cmodel	NC_native_effect	raw_RMSE	0.02	3240	0	0	3240
64	Cpred:Cmodel	NC_native_effect	perturbation_centred_Pearson	0.0	3240	0	0	3240
64	Cpred:Cmodel	NC_native_effect	perturbation_centred_Pearson	0.005	3240	0	0	3240
64	Cpred:Cmodel	NC_native_effect	perturbation_centred_Pearson	0.01	3240	0	0	3240
64	Cpred:Cmodel	NC_native_effect	perturbation_centred_Pearson	0.02	3240	0	0	3240
64	Cpred:Cmodel	NC_native_effect	centroid_accuracy	0.0	3240	0	0	3240
64	Cpred:Cmodel	NC_native_effect	centroid_accuracy	0.005	3240	0	0	3240
64	Cpred:Cmodel	NC_native_effect	centroid_accuracy	0.01	3240	0	0	3240
64	Cpred:Cmodel	NC_native_effect	centroid_accuracy	0.02	3240	0	0	3240
64	Cpred:Cmodel	native_effect_ridge	standardized_MSE	0.0	3240	0	0	3240
64	Cpred:Cmodel	native_effect_ridge	standardized_MSE	0.005	3240	0	0	3240
64	Cpred:Cmodel	native_effect_ridge	standardized_MSE	0.01	3240	0	0	3240
64	Cpred:Cmodel	native_effect_ridge	standardized_MSE	0.02	3240	0	0	3240
64	Cpred:Cmodel	native_effect_ridge	raw_RMSE	0.0	3240	0	0	3240
64	Cpred:Cmodel	native_effect_ridge	raw_RMSE	0.005	3240	0	0	3240
64	Cpred:Cmodel	native_effect_ridge	raw_RMSE	0.01	3240	0	0	3240
64	Cpred:Cmodel	native_effect_ridge	raw_RMSE	0.02	3240	0	0	3240
64	Cpred:Cmodel	native_effect_ridge	perturbation_centred_Pearson	0.0	3240	0	0	3240
64	Cpred:Cmodel	native_effect_ridge	perturbation_centred_Pearson	0.005	3240	0	0	3240
64	Cpred:Cmodel	native_effect_ridge	perturbation_centred_Pearson	0.01	3240	0	0	3240
64	Cpred:Cmodel	native_effect_ridge	perturbation_centred_Pearson	0.02	3240	0	0	3240
64	Cpred:Cmodel	native_effect_ridge	centroid_accuracy	0.0	3240	0	0	3240
64	Cpred:Cmodel	native_effect_ridge	centroid_accuracy	0.005	3240	0	0	3240
64	Cpred:Cmodel	native_effect_ridge	centroid_accuracy	0.01	3240	0	0	3240
64	Cpred:Cmodel	native_effect_ridge	centroid_accuracy	0.02	3240	0	0	3240
128	Cobs:Cpred	selected_CPA	standardized_MSE	0.0	3240	1620	1620	0
128	Cobs:Cpred	selected_CPA	standardized_MSE	0.005	3240	0	0	3240
128	Cobs:Cpred	selected_CPA	standardized_MSE	0.01	3240	0	0	3240
128	Cobs:Cpred	selected_CPA	standardized_MSE	0.02	3240	0	0	3240
128	Cobs:Cpred	selected_CPA	raw_RMSE	0.0	3240	1620	1620	0
128	Cobs:Cpred	selected_CPA	raw_RMSE	0.005	3240	0	0	3240
128	Cobs:Cpred	selected_CPA	raw_RMSE	0.01	3240	0	0	3240
128	Cobs:Cpred	selected_CPA	raw_RMSE	0.02	3240	0	0	3240
128	Cobs:Cpred	selected_CPA	perturbation_centred_Pearson	0.0	3240	1620	1620	0
128	Cobs:Cpred	selected_CPA	perturbation_centred_Pearson	0.005	3240	1594	1594	52
128	Cobs:Cpred	selected_CPA	perturbation_centred_Pearson	0.01	3240	558	558	2124
128	Cobs:Cpred	selected_CPA	perturbation_centred_Pearson	0.02	3240	8	8	3224
128	Cobs:Cpred	selected_CPA	centroid_accuracy	0.0	3240	1494	1494	252
128	Cobs:Cpred	selected_CPA	centroid_accuracy	0.005	3240	8	8	3224
128	Cobs:Cpred	selected_CPA	centroid_accuracy	0.01	3240	0	0	3240
128	Cobs:Cpred	selected_CPA	centroid_accuracy	0.02	3240	0	0	3240
128	Cobs:Cpred	original_CPA_fixed	standardized_MSE	0.0	3240	1620	1620	0
128	Cobs:Cpred	original_CPA_fixed	standardized_MSE	0.005	3240	0	0	3240
128	Cobs:Cpred	original_CPA_fixed	standardized_MSE	0.01	3240	0	0	3240
128	Cobs:Cpred	original_CPA_fixed	standardized_MSE	0.02	3240	0	0	3240
128	Cobs:Cpred	original_CPA_fixed	raw_RMSE	0.0	3240	1620	1620	0
128	Cobs:Cpred	original_CPA_fixed	raw_RMSE	0.005	3240	0	0	3240
128	Cobs:Cpred	original_CPA_fixed	raw_RMSE	0.01	3240	0	0	3240
128	Cobs:Cpred	original_CPA_fixed	raw_RMSE	0.02	3240	0	0	3240
128	Cobs:Cpred	original_CPA_fixed	perturbation_centred_Pearson	0.0	3240	1620	1620	0
128	Cobs:Cpred	original_CPA_fixed	perturbation_centred_Pearson	0.005	3240	1620	1620	0
128	Cobs:Cpred	original_CPA_fixed	perturbation_centred_Pearson	0.01	3240	540	540	2160
128	Cobs:Cpred	original_CPA_fixed	perturbation_centred_Pearson	0.02	3240	0	0	3240
128	Cobs:Cpred	original_CPA_fixed	centroid_accuracy	0.0	3240	1464	1464	312
128	Cobs:Cpred	original_CPA_fixed	centroid_accuracy	0.005	3240	0	0	3240
128	Cobs:Cpred	original_CPA_fixed	centroid_accuracy	0.01	3240	0	0	3240
128	Cobs:Cpred	original_CPA_fixed	centroid_accuracy	0.02	3240	0	0	3240
128	Cobs:Cpred	additive	standardized_MSE	0.0	3240	1620	1620	0
128	Cobs:Cpred	additive	standardized_MSE	0.005	3240	0	0	3240
128	Cobs:Cpred	additive	standardized_MSE	0.01	3240	0	0	3240
128	Cobs:Cpred	additive	standardized_MSE	0.02	3240	0	0	3240
128	Cobs:Cpred	additive	raw_RMSE	0.0	3240	1620	1620	0
128	Cobs:Cpred	additive	raw_RMSE	0.005	3240	540	540	2160
128	Cobs:Cpred	additive	raw_RMSE	0.01	3240	0	0	3240
128	Cobs:Cpred	additive	raw_RMSE	0.02	3240	0	0	3240
128	Cobs:Cpred	additive	perturbation_centred_Pearson	0.0	3240	1620	1620	0
128	Cobs:Cpred	additive	perturbation_centred_Pearson	0.005	3240	1620	1620	0
128	Cobs:Cpred	additive	perturbation_centred_Pearson	0.01	3240	1620	1620	0
128	Cobs:Cpred	additive	perturbation_centred_Pearson	0.02	3240	540	540	2160
128	Cobs:Cpred	additive	centroid_accuracy	0.0	3240	1386	1386	468
128	Cobs:Cpred	additive	centroid_accuracy	0.005	3240	0	0	3240
128	Cobs:Cpred	additive	centroid_accuracy	0.01	3240	0	0	3240
128	Cobs:Cpred	additive	centroid_accuracy	0.02	3240	0	0	3240
128	Cobs:Cpred	compositional_ridge	standardized_MSE	0.0	3240	1620	1620	0
128	Cobs:Cpred	compositional_ridge	standardized_MSE	0.005	3240	0	0	3240
128	Cobs:Cpred	compositional_ridge	standardized_MSE	0.01	3240	0	0	3240
128	Cobs:Cpred	compositional_ridge	standardized_MSE	0.02	3240	0	0	3240
128	Cobs:Cpred	compositional_ridge	raw_RMSE	0.0	3240	1620	1620	0
128	Cobs:Cpred	compositional_ridge	raw_RMSE	0.005	3240	540	540	2160
128	Cobs:Cpred	compositional_ridge	raw_RMSE	0.01	3240	0	0	3240
128	Cobs:Cpred	compositional_ridge	raw_RMSE	0.02	3240	0	0	3240
128	Cobs:Cpred	compositional_ridge	perturbation_centred_Pearson	0.0	3240	1620	1620	0
128	Cobs:Cpred	compositional_ridge	perturbation_centred_Pearson	0.005	3240	1620	1620	0
128	Cobs:Cpred	compositional_ridge	perturbation_centred_Pearson	0.01	3240	1620	1620	0
128	Cobs:Cpred	compositional_ridge	perturbation_centred_Pearson	0.02	3240	1620	1620	0
128	Cobs:Cpred	compositional_ridge	centroid_accuracy	0.0	3240	1428	1428	384
128	Cobs:Cpred	compositional_ridge	centroid_accuracy	0.005	3240	0	0	3240
128	Cobs:Cpred	compositional_ridge	centroid_accuracy	0.01	3240	0	0	3240
128	Cobs:Cpred	compositional_ridge	centroid_accuracy	0.02	3240	0	0	3240
128	Cobs:Cpred	NC_native_effect	standardized_MSE	0.0	3240	0	0	3240
128	Cobs:Cpred	NC_native_effect	standardized_MSE	0.005	3240	0	0	3240
128	Cobs:Cpred	NC_native_effect	standardized_MSE	0.01	3240	0	0	3240
128	Cobs:Cpred	NC_native_effect	standardized_MSE	0.02	3240	0	0	3240
128	Cobs:Cpred	NC_native_effect	raw_RMSE	0.0	3240	0	0	3240
128	Cobs:Cpred	NC_native_effect	raw_RMSE	0.005	3240	0	0	3240
128	Cobs:Cpred	NC_native_effect	raw_RMSE	0.01	3240	0	0	3240
128	Cobs:Cpred	NC_native_effect	raw_RMSE	0.02	3240	0	0	3240
128	Cobs:Cpred	NC_native_effect	perturbation_centred_Pearson	0.0	3240	0	0	3240
128	Cobs:Cpred	NC_native_effect	perturbation_centred_Pearson	0.005	3240	0	0	3240
128	Cobs:Cpred	NC_native_effect	perturbation_centred_Pearson	0.01	3240	0	0	3240
128	Cobs:Cpred	NC_native_effect	perturbation_centred_Pearson	0.02	3240	0	0	3240
128	Cobs:Cpred	NC_native_effect	centroid_accuracy	0.0	3240	0	0	3240
128	Cobs:Cpred	NC_native_effect	centroid_accuracy	0.005	3240	0	0	3240
128	Cobs:Cpred	NC_native_effect	centroid_accuracy	0.01	3240	0	0	3240
128	Cobs:Cpred	NC_native_effect	centroid_accuracy	0.02	3240	0	0	3240
128	Cobs:Cpred	native_effect_ridge	standardized_MSE	0.0	3240	0	0	3240
128	Cobs:Cpred	native_effect_ridge	standardized_MSE	0.005	3240	0	0	3240
128	Cobs:Cpred	native_effect_ridge	standardized_MSE	0.01	3240	0	0	3240
128	Cobs:Cpred	native_effect_ridge	standardized_MSE	0.02	3240	0	0	3240
128	Cobs:Cpred	native_effect_ridge	raw_RMSE	0.0	3240	0	0	3240
128	Cobs:Cpred	native_effect_ridge	raw_RMSE	0.005	3240	0	0	3240
128	Cobs:Cpred	native_effect_ridge	raw_RMSE	0.01	3240	0	0	3240
128	Cobs:Cpred	native_effect_ridge	raw_RMSE	0.02	3240	0	0	3240
128	Cobs:Cpred	native_effect_ridge	perturbation_centred_Pearson	0.0	3240	0	0	3240
128	Cobs:Cpred	native_effect_ridge	perturbation_centred_Pearson	0.005	3240	0	0	3240
128	Cobs:Cpred	native_effect_ridge	perturbation_centred_Pearson	0.01	3240	0	0	3240
128	Cobs:Cpred	native_effect_ridge	perturbation_centred_Pearson	0.02	3240	0	0	3240
128	Cobs:Cpred	native_effect_ridge	centroid_accuracy	0.0	3240	0	0	3240
128	Cobs:Cpred	native_effect_ridge	centroid_accuracy	0.005	3240	0	0	3240
128	Cobs:Cpred	native_effect_ridge	centroid_accuracy	0.01	3240	0	0	3240
128	Cobs:Cpred	native_effect_ridge	centroid_accuracy	0.02	3240	0	0	3240
128	Cobs:Cmodel	selected_CPA	standardized_MSE	0.0	3240	1620	1620	0
128	Cobs:Cmodel	selected_CPA	standardized_MSE	0.005	3240	0	0	3240
128	Cobs:Cmodel	selected_CPA	standardized_MSE	0.01	3240	0	0	3240
128	Cobs:Cmodel	selected_CPA	standardized_MSE	0.02	3240	0	0	3240
128	Cobs:Cmodel	selected_CPA	raw_RMSE	0.0	3240	1620	1620	0
128	Cobs:Cmodel	selected_CPA	raw_RMSE	0.005	3240	0	0	3240
128	Cobs:Cmodel	selected_CPA	raw_RMSE	0.01	3240	0	0	3240
128	Cobs:Cmodel	selected_CPA	raw_RMSE	0.02	3240	0	0	3240
128	Cobs:Cmodel	selected_CPA	perturbation_centred_Pearson	0.0	3240	1620	1620	0
128	Cobs:Cmodel	selected_CPA	perturbation_centred_Pearson	0.005	3240	10	10	3220
128	Cobs:Cmodel	selected_CPA	perturbation_centred_Pearson	0.01	3240	0	0	3240
128	Cobs:Cmodel	selected_CPA	perturbation_centred_Pearson	0.02	3240	0	0	3240
128	Cobs:Cmodel	selected_CPA	centroid_accuracy	0.0	3240	1480	1480	280
128	Cobs:Cmodel	selected_CPA	centroid_accuracy	0.005	3240	4	4	3232
128	Cobs:Cmodel	selected_CPA	centroid_accuracy	0.01	3240	0	0	3240
128	Cobs:Cmodel	selected_CPA	centroid_accuracy	0.02	3240	0	0	3240
128	Cobs:Cmodel	original_CPA_fixed	standardized_MSE	0.0	3240	0	0	3240
128	Cobs:Cmodel	original_CPA_fixed	standardized_MSE	0.005	3240	0	0	3240
128	Cobs:Cmodel	original_CPA_fixed	standardized_MSE	0.01	3240	0	0	3240
128	Cobs:Cmodel	original_CPA_fixed	standardized_MSE	0.02	3240	0	0	3240
128	Cobs:Cmodel	original_CPA_fixed	raw_RMSE	0.0	3240	0	0	3240
128	Cobs:Cmodel	original_CPA_fixed	raw_RMSE	0.005	3240	0	0	3240
128	Cobs:Cmodel	original_CPA_fixed	raw_RMSE	0.01	3240	0	0	3240
128	Cobs:Cmodel	original_CPA_fixed	raw_RMSE	0.02	3240	0	0	3240
128	Cobs:Cmodel	original_CPA_fixed	perturbation_centred_Pearson	0.0	3240	0	0	3240
128	Cobs:Cmodel	original_CPA_fixed	perturbation_centred_Pearson	0.005	3240	0	0	3240
128	Cobs:Cmodel	original_CPA_fixed	perturbation_centred_Pearson	0.01	3240	0	0	3240
128	Cobs:Cmodel	original_CPA_fixed	perturbation_centred_Pearson	0.02	3240	0	0	3240
128	Cobs:Cmodel	original_CPA_fixed	centroid_accuracy	0.0	3240	0	0	3240
128	Cobs:Cmodel	original_CPA_fixed	centroid_accuracy	0.005	3240	0	0	3240
128	Cobs:Cmodel	original_CPA_fixed	centroid_accuracy	0.01	3240	0	0	3240
128	Cobs:Cmodel	original_CPA_fixed	centroid_accuracy	0.02	3240	0	0	3240
128	Cobs:Cmodel	additive	standardized_MSE	0.0	3240	0	0	3240
128	Cobs:Cmodel	additive	standardized_MSE	0.005	3240	0	0	3240
128	Cobs:Cmodel	additive	standardized_MSE	0.01	3240	0	0	3240
128	Cobs:Cmodel	additive	standardized_MSE	0.02	3240	0	0	3240
128	Cobs:Cmodel	additive	raw_RMSE	0.0	3240	0	0	3240
128	Cobs:Cmodel	additive	raw_RMSE	0.005	3240	0	0	3240
128	Cobs:Cmodel	additive	raw_RMSE	0.01	3240	0	0	3240
128	Cobs:Cmodel	additive	raw_RMSE	0.02	3240	0	0	3240
128	Cobs:Cmodel	additive	perturbation_centred_Pearson	0.0	3240	0	0	3240
128	Cobs:Cmodel	additive	perturbation_centred_Pearson	0.005	3240	0	0	3240
128	Cobs:Cmodel	additive	perturbation_centred_Pearson	0.01	3240	0	0	3240
128	Cobs:Cmodel	additive	perturbation_centred_Pearson	0.02	3240	0	0	3240
128	Cobs:Cmodel	additive	centroid_accuracy	0.0	3240	0	0	3240
128	Cobs:Cmodel	additive	centroid_accuracy	0.005	3240	0	0	3240
128	Cobs:Cmodel	additive	centroid_accuracy	0.01	3240	0	0	3240
128	Cobs:Cmodel	additive	centroid_accuracy	0.02	3240	0	0	3240
128	Cobs:Cmodel	compositional_ridge	standardized_MSE	0.0	3240	0	0	3240
128	Cobs:Cmodel	compositional_ridge	standardized_MSE	0.005	3240	0	0	3240
128	Cobs:Cmodel	compositional_ridge	standardized_MSE	0.01	3240	0	0	3240
128	Cobs:Cmodel	compositional_ridge	standardized_MSE	0.02	3240	0	0	3240
128	Cobs:Cmodel	compositional_ridge	raw_RMSE	0.0	3240	0	0	3240
128	Cobs:Cmodel	compositional_ridge	raw_RMSE	0.005	3240	0	0	3240
128	Cobs:Cmodel	compositional_ridge	raw_RMSE	0.01	3240	0	0	3240
128	Cobs:Cmodel	compositional_ridge	raw_RMSE	0.02	3240	0	0	3240
128	Cobs:Cmodel	compositional_ridge	perturbation_centred_Pearson	0.0	3240	0	0	3240
128	Cobs:Cmodel	compositional_ridge	perturbation_centred_Pearson	0.005	3240	0	0	3240
128	Cobs:Cmodel	compositional_ridge	perturbation_centred_Pearson	0.01	3240	0	0	3240
128	Cobs:Cmodel	compositional_ridge	perturbation_centred_Pearson	0.02	3240	0	0	3240
128	Cobs:Cmodel	compositional_ridge	centroid_accuracy	0.0	3240	0	0	3240
128	Cobs:Cmodel	compositional_ridge	centroid_accuracy	0.005	3240	0	0	3240
128	Cobs:Cmodel	compositional_ridge	centroid_accuracy	0.01	3240	0	0	3240
128	Cobs:Cmodel	compositional_ridge	centroid_accuracy	0.02	3240	0	0	3240
128	Cobs:Cmodel	NC_native_effect	standardized_MSE	0.0	3240	0	0	3240
128	Cobs:Cmodel	NC_native_effect	standardized_MSE	0.005	3240	0	0	3240
128	Cobs:Cmodel	NC_native_effect	standardized_MSE	0.01	3240	0	0	3240
128	Cobs:Cmodel	NC_native_effect	standardized_MSE	0.02	3240	0	0	3240
128	Cobs:Cmodel	NC_native_effect	raw_RMSE	0.0	3240	0	0	3240
128	Cobs:Cmodel	NC_native_effect	raw_RMSE	0.005	3240	0	0	3240
128	Cobs:Cmodel	NC_native_effect	raw_RMSE	0.01	3240	0	0	3240
128	Cobs:Cmodel	NC_native_effect	raw_RMSE	0.02	3240	0	0	3240
128	Cobs:Cmodel	NC_native_effect	perturbation_centred_Pearson	0.0	3240	0	0	3240
128	Cobs:Cmodel	NC_native_effect	perturbation_centred_Pearson	0.005	3240	0	0	3240
128	Cobs:Cmodel	NC_native_effect	perturbation_centred_Pearson	0.01	3240	0	0	3240
128	Cobs:Cmodel	NC_native_effect	perturbation_centred_Pearson	0.02	3240	0	0	3240
128	Cobs:Cmodel	NC_native_effect	centroid_accuracy	0.0	3240	0	0	3240
128	Cobs:Cmodel	NC_native_effect	centroid_accuracy	0.005	3240	0	0	3240
128	Cobs:Cmodel	NC_native_effect	centroid_accuracy	0.01	3240	0	0	3240
128	Cobs:Cmodel	NC_native_effect	centroid_accuracy	0.02	3240	0	0	3240
128	Cobs:Cmodel	native_effect_ridge	standardized_MSE	0.0	3240	0	0	3240
128	Cobs:Cmodel	native_effect_ridge	standardized_MSE	0.005	3240	0	0	3240
128	Cobs:Cmodel	native_effect_ridge	standardized_MSE	0.01	3240	0	0	3240
128	Cobs:Cmodel	native_effect_ridge	standardized_MSE	0.02	3240	0	0	3240
128	Cobs:Cmodel	native_effect_ridge	raw_RMSE	0.0	3240	0	0	3240
128	Cobs:Cmodel	native_effect_ridge	raw_RMSE	0.005	3240	0	0	3240
128	Cobs:Cmodel	native_effect_ridge	raw_RMSE	0.01	3240	0	0	3240
128	Cobs:Cmodel	native_effect_ridge	raw_RMSE	0.02	3240	0	0	3240
128	Cobs:Cmodel	native_effect_ridge	perturbation_centred_Pearson	0.0	3240	0	0	3240
128	Cobs:Cmodel	native_effect_ridge	perturbation_centred_Pearson	0.005	3240	0	0	3240
128	Cobs:Cmodel	native_effect_ridge	perturbation_centred_Pearson	0.01	3240	0	0	3240
128	Cobs:Cmodel	native_effect_ridge	perturbation_centred_Pearson	0.02	3240	0	0	3240
128	Cobs:Cmodel	native_effect_ridge	centroid_accuracy	0.0	3240	0	0	3240
128	Cobs:Cmodel	native_effect_ridge	centroid_accuracy	0.005	3240	0	0	3240
128	Cobs:Cmodel	native_effect_ridge	centroid_accuracy	0.01	3240	0	0	3240
128	Cobs:Cmodel	native_effect_ridge	centroid_accuracy	0.02	3240	0	0	3240
128	Cpred:Cmodel	selected_CPA	standardized_MSE	0.0	3240	1620	1620	0
128	Cpred:Cmodel	selected_CPA	standardized_MSE	0.005	3240	0	0	3240
128	Cpred:Cmodel	selected_CPA	standardized_MSE	0.01	3240	0	0	3240
128	Cpred:Cmodel	selected_CPA	standardized_MSE	0.02	3240	0	0	3240
128	Cpred:Cmodel	selected_CPA	raw_RMSE	0.0	3240	1620	1620	0
128	Cpred:Cmodel	selected_CPA	raw_RMSE	0.005	3240	0	0	3240
128	Cpred:Cmodel	selected_CPA	raw_RMSE	0.01	3240	0	0	3240
128	Cpred:Cmodel	selected_CPA	raw_RMSE	0.02	3240	0	0	3240
128	Cpred:Cmodel	selected_CPA	perturbation_centred_Pearson	0.0	3240	1620	1620	0
128	Cpred:Cmodel	selected_CPA	perturbation_centred_Pearson	0.005	3240	10	10	3220
128	Cpred:Cmodel	selected_CPA	perturbation_centred_Pearson	0.01	3240	0	0	3240
128	Cpred:Cmodel	selected_CPA	perturbation_centred_Pearson	0.02	3240	0	0	3240
128	Cpred:Cmodel	selected_CPA	centroid_accuracy	0.0	3240	1490	1490	260
128	Cpred:Cmodel	selected_CPA	centroid_accuracy	0.005	3240	0	0	3240
128	Cpred:Cmodel	selected_CPA	centroid_accuracy	0.01	3240	0	0	3240
128	Cpred:Cmodel	selected_CPA	centroid_accuracy	0.02	3240	0	0	3240
128	Cpred:Cmodel	original_CPA_fixed	standardized_MSE	0.0	3240	0	0	3240
128	Cpred:Cmodel	original_CPA_fixed	standardized_MSE	0.005	3240	0	0	3240
128	Cpred:Cmodel	original_CPA_fixed	standardized_MSE	0.01	3240	0	0	3240
128	Cpred:Cmodel	original_CPA_fixed	standardized_MSE	0.02	3240	0	0	3240
128	Cpred:Cmodel	original_CPA_fixed	raw_RMSE	0.0	3240	0	0	3240
128	Cpred:Cmodel	original_CPA_fixed	raw_RMSE	0.005	3240	0	0	3240
128	Cpred:Cmodel	original_CPA_fixed	raw_RMSE	0.01	3240	0	0	3240
128	Cpred:Cmodel	original_CPA_fixed	raw_RMSE	0.02	3240	0	0	3240
128	Cpred:Cmodel	original_CPA_fixed	perturbation_centred_Pearson	0.0	3240	0	0	3240
128	Cpred:Cmodel	original_CPA_fixed	perturbation_centred_Pearson	0.005	3240	0	0	3240
128	Cpred:Cmodel	original_CPA_fixed	perturbation_centred_Pearson	0.01	3240	0	0	3240
128	Cpred:Cmodel	original_CPA_fixed	perturbation_centred_Pearson	0.02	3240	0	0	3240
128	Cpred:Cmodel	original_CPA_fixed	centroid_accuracy	0.0	3240	0	0	3240
128	Cpred:Cmodel	original_CPA_fixed	centroid_accuracy	0.005	3240	0	0	3240
128	Cpred:Cmodel	original_CPA_fixed	centroid_accuracy	0.01	3240	0	0	3240
128	Cpred:Cmodel	original_CPA_fixed	centroid_accuracy	0.02	3240	0	0	3240
128	Cpred:Cmodel	additive	standardized_MSE	0.0	3240	0	0	3240
128	Cpred:Cmodel	additive	standardized_MSE	0.005	3240	0	0	3240
128	Cpred:Cmodel	additive	standardized_MSE	0.01	3240	0	0	3240
128	Cpred:Cmodel	additive	standardized_MSE	0.02	3240	0	0	3240
128	Cpred:Cmodel	additive	raw_RMSE	0.0	3240	0	0	3240
128	Cpred:Cmodel	additive	raw_RMSE	0.005	3240	0	0	3240
128	Cpred:Cmodel	additive	raw_RMSE	0.01	3240	0	0	3240
128	Cpred:Cmodel	additive	raw_RMSE	0.02	3240	0	0	3240
128	Cpred:Cmodel	additive	perturbation_centred_Pearson	0.0	3240	0	0	3240
128	Cpred:Cmodel	additive	perturbation_centred_Pearson	0.005	3240	0	0	3240
128	Cpred:Cmodel	additive	perturbation_centred_Pearson	0.01	3240	0	0	3240
128	Cpred:Cmodel	additive	perturbation_centred_Pearson	0.02	3240	0	0	3240
128	Cpred:Cmodel	additive	centroid_accuracy	0.0	3240	0	0	3240
128	Cpred:Cmodel	additive	centroid_accuracy	0.005	3240	0	0	3240
128	Cpred:Cmodel	additive	centroid_accuracy	0.01	3240	0	0	3240
128	Cpred:Cmodel	additive	centroid_accuracy	0.02	3240	0	0	3240
128	Cpred:Cmodel	compositional_ridge	standardized_MSE	0.0	3240	0	0	3240
128	Cpred:Cmodel	compositional_ridge	standardized_MSE	0.005	3240	0	0	3240
128	Cpred:Cmodel	compositional_ridge	standardized_MSE	0.01	3240	0	0	3240
128	Cpred:Cmodel	compositional_ridge	standardized_MSE	0.02	3240	0	0	3240
128	Cpred:Cmodel	compositional_ridge	raw_RMSE	0.0	3240	0	0	3240
128	Cpred:Cmodel	compositional_ridge	raw_RMSE	0.005	3240	0	0	3240
128	Cpred:Cmodel	compositional_ridge	raw_RMSE	0.01	3240	0	0	3240
128	Cpred:Cmodel	compositional_ridge	raw_RMSE	0.02	3240	0	0	3240
128	Cpred:Cmodel	compositional_ridge	perturbation_centred_Pearson	0.0	3240	0	0	3240
128	Cpred:Cmodel	compositional_ridge	perturbation_centred_Pearson	0.005	3240	0	0	3240
128	Cpred:Cmodel	compositional_ridge	perturbation_centred_Pearson	0.01	3240	0	0	3240
128	Cpred:Cmodel	compositional_ridge	perturbation_centred_Pearson	0.02	3240	0	0	3240
128	Cpred:Cmodel	compositional_ridge	centroid_accuracy	0.0	3240	0	0	3240
128	Cpred:Cmodel	compositional_ridge	centroid_accuracy	0.005	3240	0	0	3240
128	Cpred:Cmodel	compositional_ridge	centroid_accuracy	0.01	3240	0	0	3240
128	Cpred:Cmodel	compositional_ridge	centroid_accuracy	0.02	3240	0	0	3240
128	Cpred:Cmodel	NC_native_effect	standardized_MSE	0.0	3240	0	0	3240
128	Cpred:Cmodel	NC_native_effect	standardized_MSE	0.005	3240	0	0	3240
128	Cpred:Cmodel	NC_native_effect	standardized_MSE	0.01	3240	0	0	3240
128	Cpred:Cmodel	NC_native_effect	standardized_MSE	0.02	3240	0	0	3240
128	Cpred:Cmodel	NC_native_effect	raw_RMSE	0.0	3240	0	0	3240
128	Cpred:Cmodel	NC_native_effect	raw_RMSE	0.005	3240	0	0	3240
128	Cpred:Cmodel	NC_native_effect	raw_RMSE	0.01	3240	0	0	3240
128	Cpred:Cmodel	NC_native_effect	raw_RMSE	0.02	3240	0	0	3240
128	Cpred:Cmodel	NC_native_effect	perturbation_centred_Pearson	0.0	3240	0	0	3240
128	Cpred:Cmodel	NC_native_effect	perturbation_centred_Pearson	0.005	3240	0	0	3240
128	Cpred:Cmodel	NC_native_effect	perturbation_centred_Pearson	0.01	3240	0	0	3240
128	Cpred:Cmodel	NC_native_effect	perturbation_centred_Pearson	0.02	3240	0	0	3240
128	Cpred:Cmodel	NC_native_effect	centroid_accuracy	0.0	3240	0	0	3240
128	Cpred:Cmodel	NC_native_effect	centroid_accuracy	0.005	3240	0	0	3240
128	Cpred:Cmodel	NC_native_effect	centroid_accuracy	0.01	3240	0	0	3240
128	Cpred:Cmodel	NC_native_effect	centroid_accuracy	0.02	3240	0	0	3240
128	Cpred:Cmodel	native_effect_ridge	standardized_MSE	0.0	3240	0	0	3240
128	Cpred:Cmodel	native_effect_ridge	standardized_MSE	0.005	3240	0	0	3240
128	Cpred:Cmodel	native_effect_ridge	standardized_MSE	0.01	3240	0	0	3240
128	Cpred:Cmodel	native_effect_ridge	standardized_MSE	0.02	3240	0	0	3240
128	Cpred:Cmodel	native_effect_ridge	raw_RMSE	0.0	3240	0	0	3240
128	Cpred:Cmodel	native_effect_ridge	raw_RMSE	0.005	3240	0	0	3240
128	Cpred:Cmodel	native_effect_ridge	raw_RMSE	0.01	3240	0	0	3240
128	Cpred:Cmodel	native_effect_ridge	raw_RMSE	0.02	3240	0	0	3240
128	Cpred:Cmodel	native_effect_ridge	perturbation_centred_Pearson	0.0	3240	0	0	3240
128	Cpred:Cmodel	native_effect_ridge	perturbation_centred_Pearson	0.005	3240	0	0	3240
128	Cpred:Cmodel	native_effect_ridge	perturbation_centred_Pearson	0.01	3240	0	0	3240
128	Cpred:Cmodel	native_effect_ridge	perturbation_centred_Pearson	0.02	3240	0	0	3240
128	Cpred:Cmodel	native_effect_ridge	centroid_accuracy	0.0	3240	0	0	3240
128	Cpred:Cmodel	native_effect_ridge	centroid_accuracy	0.005	3240	0	0	3240
128	Cpred:Cmodel	native_effect_ridge	centroid_accuracy	0.01	3240	0	0	3240
128	Cpred:Cmodel	native_effect_ridge	centroid_accuracy	0.02	3240	0	0	3240
135	Cobs:Cpred	selected_CPA	standardized_MSE	0.0	3240	1620	1620	0
135	Cobs:Cpred	selected_CPA	standardized_MSE	0.005	3240	0	0	3240
135	Cobs:Cpred	selected_CPA	standardized_MSE	0.01	3240	0	0	3240
135	Cobs:Cpred	selected_CPA	standardized_MSE	0.02	3240	0	0	3240
135	Cobs:Cpred	selected_CPA	raw_RMSE	0.0	3240	1620	1620	0
135	Cobs:Cpred	selected_CPA	raw_RMSE	0.005	3240	0	0	3240
135	Cobs:Cpred	selected_CPA	raw_RMSE	0.01	3240	0	0	3240
135	Cobs:Cpred	selected_CPA	raw_RMSE	0.02	3240	0	0	3240
135	Cobs:Cpred	selected_CPA	perturbation_centred_Pearson	0.0	3240	1620	1620	0
135	Cobs:Cpred	selected_CPA	perturbation_centred_Pearson	0.005	3240	1600	1600	40
135	Cobs:Cpred	selected_CPA	perturbation_centred_Pearson	0.01	3240	546	546	2148
135	Cobs:Cpred	selected_CPA	perturbation_centred_Pearson	0.02	3240	6	6	3228
135	Cobs:Cpred	selected_CPA	centroid_accuracy	0.0	3240	1494	1494	252
135	Cobs:Cpred	selected_CPA	centroid_accuracy	0.005	3240	20	20	3200
135	Cobs:Cpred	selected_CPA	centroid_accuracy	0.01	3240	0	0	3240
135	Cobs:Cpred	selected_CPA	centroid_accuracy	0.02	3240	0	0	3240
135	Cobs:Cpred	original_CPA_fixed	standardized_MSE	0.0	3240	1620	1620	0
135	Cobs:Cpred	original_CPA_fixed	standardized_MSE	0.005	3240	0	0	3240
135	Cobs:Cpred	original_CPA_fixed	standardized_MSE	0.01	3240	0	0	3240
135	Cobs:Cpred	original_CPA_fixed	standardized_MSE	0.02	3240	0	0	3240
135	Cobs:Cpred	original_CPA_fixed	raw_RMSE	0.0	3240	1620	1620	0
135	Cobs:Cpred	original_CPA_fixed	raw_RMSE	0.005	3240	0	0	3240
135	Cobs:Cpred	original_CPA_fixed	raw_RMSE	0.01	3240	0	0	3240
135	Cobs:Cpred	original_CPA_fixed	raw_RMSE	0.02	3240	0	0	3240
135	Cobs:Cpred	original_CPA_fixed	perturbation_centred_Pearson	0.0	3240	1620	1620	0
135	Cobs:Cpred	original_CPA_fixed	perturbation_centred_Pearson	0.005	3240	1608	1608	24
135	Cobs:Cpred	original_CPA_fixed	perturbation_centred_Pearson	0.01	3240	540	540	2160
135	Cobs:Cpred	original_CPA_fixed	perturbation_centred_Pearson	0.02	3240	0	0	3240
135	Cobs:Cpred	original_CPA_fixed	centroid_accuracy	0.0	3240	1452	1452	336
135	Cobs:Cpred	original_CPA_fixed	centroid_accuracy	0.005	3240	0	0	3240
135	Cobs:Cpred	original_CPA_fixed	centroid_accuracy	0.01	3240	0	0	3240
135	Cobs:Cpred	original_CPA_fixed	centroid_accuracy	0.02	3240	0	0	3240
135	Cobs:Cpred	additive	standardized_MSE	0.0	3240	1620	1620	0
135	Cobs:Cpred	additive	standardized_MSE	0.005	3240	0	0	3240
135	Cobs:Cpred	additive	standardized_MSE	0.01	3240	0	0	3240
135	Cobs:Cpred	additive	standardized_MSE	0.02	3240	0	0	3240
135	Cobs:Cpred	additive	raw_RMSE	0.0	3240	1620	1620	0
135	Cobs:Cpred	additive	raw_RMSE	0.005	3240	480	480	2280
135	Cobs:Cpred	additive	raw_RMSE	0.01	3240	0	0	3240
135	Cobs:Cpred	additive	raw_RMSE	0.02	3240	0	0	3240
135	Cobs:Cpred	additive	perturbation_centred_Pearson	0.0	3240	1620	1620	0
135	Cobs:Cpred	additive	perturbation_centred_Pearson	0.005	3240	1620	1620	0
135	Cobs:Cpred	additive	perturbation_centred_Pearson	0.01	3240	1620	1620	0
135	Cobs:Cpred	additive	perturbation_centred_Pearson	0.02	3240	540	540	2160
135	Cobs:Cpred	additive	centroid_accuracy	0.0	3240	1326	1326	588
135	Cobs:Cpred	additive	centroid_accuracy	0.005	3240	0	0	3240
135	Cobs:Cpred	additive	centroid_accuracy	0.01	3240	0	0	3240
135	Cobs:Cpred	additive	centroid_accuracy	0.02	3240	0	0	3240
135	Cobs:Cpred	compositional_ridge	standardized_MSE	0.0	3240	1620	1620	0
135	Cobs:Cpred	compositional_ridge	standardized_MSE	0.005	3240	0	0	3240
135	Cobs:Cpred	compositional_ridge	standardized_MSE	0.01	3240	0	0	3240
135	Cobs:Cpred	compositional_ridge	standardized_MSE	0.02	3240	0	0	3240
135	Cobs:Cpred	compositional_ridge	raw_RMSE	0.0	3240	1620	1620	0
135	Cobs:Cpred	compositional_ridge	raw_RMSE	0.005	3240	540	540	2160
135	Cobs:Cpred	compositional_ridge	raw_RMSE	0.01	3240	0	0	3240
135	Cobs:Cpred	compositional_ridge	raw_RMSE	0.02	3240	0	0	3240
135	Cobs:Cpred	compositional_ridge	perturbation_centred_Pearson	0.0	3240	1620	1620	0
135	Cobs:Cpred	compositional_ridge	perturbation_centred_Pearson	0.005	3240	1620	1620	0
135	Cobs:Cpred	compositional_ridge	perturbation_centred_Pearson	0.01	3240	1620	1620	0
135	Cobs:Cpred	compositional_ridge	perturbation_centred_Pearson	0.02	3240	1620	1620	0
135	Cobs:Cpred	compositional_ridge	centroid_accuracy	0.0	3240	1392	1392	456
135	Cobs:Cpred	compositional_ridge	centroid_accuracy	0.005	3240	0	0	3240
135	Cobs:Cpred	compositional_ridge	centroid_accuracy	0.01	3240	0	0	3240
135	Cobs:Cpred	compositional_ridge	centroid_accuracy	0.02	3240	0	0	3240
135	Cobs:Cpred	NC_native_effect	standardized_MSE	0.0	3240	0	0	3240
135	Cobs:Cpred	NC_native_effect	standardized_MSE	0.005	3240	0	0	3240
135	Cobs:Cpred	NC_native_effect	standardized_MSE	0.01	3240	0	0	3240
135	Cobs:Cpred	NC_native_effect	standardized_MSE	0.02	3240	0	0	3240
135	Cobs:Cpred	NC_native_effect	raw_RMSE	0.0	3240	0	0	3240
135	Cobs:Cpred	NC_native_effect	raw_RMSE	0.005	3240	0	0	3240
135	Cobs:Cpred	NC_native_effect	raw_RMSE	0.01	3240	0	0	3240
135	Cobs:Cpred	NC_native_effect	raw_RMSE	0.02	3240	0	0	3240
135	Cobs:Cpred	NC_native_effect	perturbation_centred_Pearson	0.0	3240	0	0	3240
135	Cobs:Cpred	NC_native_effect	perturbation_centred_Pearson	0.005	3240	0	0	3240
135	Cobs:Cpred	NC_native_effect	perturbation_centred_Pearson	0.01	3240	0	0	3240
135	Cobs:Cpred	NC_native_effect	perturbation_centred_Pearson	0.02	3240	0	0	3240
135	Cobs:Cpred	NC_native_effect	centroid_accuracy	0.0	3240	0	0	3240
135	Cobs:Cpred	NC_native_effect	centroid_accuracy	0.005	3240	0	0	3240
135	Cobs:Cpred	NC_native_effect	centroid_accuracy	0.01	3240	0	0	3240
135	Cobs:Cpred	NC_native_effect	centroid_accuracy	0.02	3240	0	0	3240
135	Cobs:Cpred	native_effect_ridge	standardized_MSE	0.0	3240	0	0	3240
135	Cobs:Cpred	native_effect_ridge	standardized_MSE	0.005	3240	0	0	3240
135	Cobs:Cpred	native_effect_ridge	standardized_MSE	0.01	3240	0	0	3240
135	Cobs:Cpred	native_effect_ridge	standardized_MSE	0.02	3240	0	0	3240
135	Cobs:Cpred	native_effect_ridge	raw_RMSE	0.0	3240	0	0	3240
135	Cobs:Cpred	native_effect_ridge	raw_RMSE	0.005	3240	0	0	3240
135	Cobs:Cpred	native_effect_ridge	raw_RMSE	0.01	3240	0	0	3240
135	Cobs:Cpred	native_effect_ridge	raw_RMSE	0.02	3240	0	0	3240
135	Cobs:Cpred	native_effect_ridge	perturbation_centred_Pearson	0.0	3240	0	0	3240
135	Cobs:Cpred	native_effect_ridge	perturbation_centred_Pearson	0.005	3240	0	0	3240
135	Cobs:Cpred	native_effect_ridge	perturbation_centred_Pearson	0.01	3240	0	0	3240
135	Cobs:Cpred	native_effect_ridge	perturbation_centred_Pearson	0.02	3240	0	0	3240
135	Cobs:Cpred	native_effect_ridge	centroid_accuracy	0.0	3240	0	0	3240
135	Cobs:Cpred	native_effect_ridge	centroid_accuracy	0.005	3240	0	0	3240
135	Cobs:Cpred	native_effect_ridge	centroid_accuracy	0.01	3240	0	0	3240
135	Cobs:Cpred	native_effect_ridge	centroid_accuracy	0.02	3240	0	0	3240
135	Cobs:Cmodel	selected_CPA	standardized_MSE	0.0	3240	1620	1620	0
135	Cobs:Cmodel	selected_CPA	standardized_MSE	0.005	3240	0	0	3240
135	Cobs:Cmodel	selected_CPA	standardized_MSE	0.01	3240	0	0	3240
135	Cobs:Cmodel	selected_CPA	standardized_MSE	0.02	3240	0	0	3240
135	Cobs:Cmodel	selected_CPA	raw_RMSE	0.0	3240	1620	1620	0
135	Cobs:Cmodel	selected_CPA	raw_RMSE	0.005	3240	0	0	3240
135	Cobs:Cmodel	selected_CPA	raw_RMSE	0.01	3240	0	0	3240
135	Cobs:Cmodel	selected_CPA	raw_RMSE	0.02	3240	0	0	3240
135	Cobs:Cmodel	selected_CPA	perturbation_centred_Pearson	0.0	3240	1620	1620	0
135	Cobs:Cmodel	selected_CPA	perturbation_centred_Pearson	0.005	3240	4	4	3232
135	Cobs:Cmodel	selected_CPA	perturbation_centred_Pearson	0.01	3240	0	0	3240
135	Cobs:Cmodel	selected_CPA	perturbation_centred_Pearson	0.02	3240	0	0	3240
135	Cobs:Cmodel	selected_CPA	centroid_accuracy	0.0	3240	1498	1498	244
135	Cobs:Cmodel	selected_CPA	centroid_accuracy	0.005	3240	14	14	3212
135	Cobs:Cmodel	selected_CPA	centroid_accuracy	0.01	3240	0	0	3240
135	Cobs:Cmodel	selected_CPA	centroid_accuracy	0.02	3240	0	0	3240
135	Cobs:Cmodel	original_CPA_fixed	standardized_MSE	0.0	3240	0	0	3240
135	Cobs:Cmodel	original_CPA_fixed	standardized_MSE	0.005	3240	0	0	3240
135	Cobs:Cmodel	original_CPA_fixed	standardized_MSE	0.01	3240	0	0	3240
135	Cobs:Cmodel	original_CPA_fixed	standardized_MSE	0.02	3240	0	0	3240
135	Cobs:Cmodel	original_CPA_fixed	raw_RMSE	0.0	3240	0	0	3240
135	Cobs:Cmodel	original_CPA_fixed	raw_RMSE	0.005	3240	0	0	3240
135	Cobs:Cmodel	original_CPA_fixed	raw_RMSE	0.01	3240	0	0	3240
135	Cobs:Cmodel	original_CPA_fixed	raw_RMSE	0.02	3240	0	0	3240
135	Cobs:Cmodel	original_CPA_fixed	perturbation_centred_Pearson	0.0	3240	0	0	3240
135	Cobs:Cmodel	original_CPA_fixed	perturbation_centred_Pearson	0.005	3240	0	0	3240
135	Cobs:Cmodel	original_CPA_fixed	perturbation_centred_Pearson	0.01	3240	0	0	3240
135	Cobs:Cmodel	original_CPA_fixed	perturbation_centred_Pearson	0.02	3240	0	0	3240
135	Cobs:Cmodel	original_CPA_fixed	centroid_accuracy	0.0	3240	0	0	3240
135	Cobs:Cmodel	original_CPA_fixed	centroid_accuracy	0.005	3240	0	0	3240
135	Cobs:Cmodel	original_CPA_fixed	centroid_accuracy	0.01	3240	0	0	3240
135	Cobs:Cmodel	original_CPA_fixed	centroid_accuracy	0.02	3240	0	0	3240
135	Cobs:Cmodel	additive	standardized_MSE	0.0	3240	0	0	3240
135	Cobs:Cmodel	additive	standardized_MSE	0.005	3240	0	0	3240
135	Cobs:Cmodel	additive	standardized_MSE	0.01	3240	0	0	3240
135	Cobs:Cmodel	additive	standardized_MSE	0.02	3240	0	0	3240
135	Cobs:Cmodel	additive	raw_RMSE	0.0	3240	0	0	3240
135	Cobs:Cmodel	additive	raw_RMSE	0.005	3240	0	0	3240
135	Cobs:Cmodel	additive	raw_RMSE	0.01	3240	0	0	3240
135	Cobs:Cmodel	additive	raw_RMSE	0.02	3240	0	0	3240
135	Cobs:Cmodel	additive	perturbation_centred_Pearson	0.0	3240	0	0	3240
135	Cobs:Cmodel	additive	perturbation_centred_Pearson	0.005	3240	0	0	3240
135	Cobs:Cmodel	additive	perturbation_centred_Pearson	0.01	3240	0	0	3240
135	Cobs:Cmodel	additive	perturbation_centred_Pearson	0.02	3240	0	0	3240
135	Cobs:Cmodel	additive	centroid_accuracy	0.0	3240	0	0	3240
135	Cobs:Cmodel	additive	centroid_accuracy	0.005	3240	0	0	3240
135	Cobs:Cmodel	additive	centroid_accuracy	0.01	3240	0	0	3240
135	Cobs:Cmodel	additive	centroid_accuracy	0.02	3240	0	0	3240
135	Cobs:Cmodel	compositional_ridge	standardized_MSE	0.0	3240	0	0	3240
135	Cobs:Cmodel	compositional_ridge	standardized_MSE	0.005	3240	0	0	3240
135	Cobs:Cmodel	compositional_ridge	standardized_MSE	0.01	3240	0	0	3240
135	Cobs:Cmodel	compositional_ridge	standardized_MSE	0.02	3240	0	0	3240
135	Cobs:Cmodel	compositional_ridge	raw_RMSE	0.0	3240	0	0	3240
135	Cobs:Cmodel	compositional_ridge	raw_RMSE	0.005	3240	0	0	3240
135	Cobs:Cmodel	compositional_ridge	raw_RMSE	0.01	3240	0	0	3240
135	Cobs:Cmodel	compositional_ridge	raw_RMSE	0.02	3240	0	0	3240
135	Cobs:Cmodel	compositional_ridge	perturbation_centred_Pearson	0.0	3240	0	0	3240
135	Cobs:Cmodel	compositional_ridge	perturbation_centred_Pearson	0.005	3240	0	0	3240
135	Cobs:Cmodel	compositional_ridge	perturbation_centred_Pearson	0.01	3240	0	0	3240
135	Cobs:Cmodel	compositional_ridge	perturbation_centred_Pearson	0.02	3240	0	0	3240
135	Cobs:Cmodel	compositional_ridge	centroid_accuracy	0.0	3240	0	0	3240
135	Cobs:Cmodel	compositional_ridge	centroid_accuracy	0.005	3240	0	0	3240
135	Cobs:Cmodel	compositional_ridge	centroid_accuracy	0.01	3240	0	0	3240
135	Cobs:Cmodel	compositional_ridge	centroid_accuracy	0.02	3240	0	0	3240
135	Cobs:Cmodel	NC_native_effect	standardized_MSE	0.0	3240	0	0	3240
135	Cobs:Cmodel	NC_native_effect	standardized_MSE	0.005	3240	0	0	3240
135	Cobs:Cmodel	NC_native_effect	standardized_MSE	0.01	3240	0	0	3240
135	Cobs:Cmodel	NC_native_effect	standardized_MSE	0.02	3240	0	0	3240
135	Cobs:Cmodel	NC_native_effect	raw_RMSE	0.0	3240	0	0	3240
135	Cobs:Cmodel	NC_native_effect	raw_RMSE	0.005	3240	0	0	3240
135	Cobs:Cmodel	NC_native_effect	raw_RMSE	0.01	3240	0	0	3240
135	Cobs:Cmodel	NC_native_effect	raw_RMSE	0.02	3240	0	0	3240
135	Cobs:Cmodel	NC_native_effect	perturbation_centred_Pearson	0.0	3240	0	0	3240
135	Cobs:Cmodel	NC_native_effect	perturbation_centred_Pearson	0.005	3240	0	0	3240
135	Cobs:Cmodel	NC_native_effect	perturbation_centred_Pearson	0.01	3240	0	0	3240
135	Cobs:Cmodel	NC_native_effect	perturbation_centred_Pearson	0.02	3240	0	0	3240
135	Cobs:Cmodel	NC_native_effect	centroid_accuracy	0.0	3240	0	0	3240
135	Cobs:Cmodel	NC_native_effect	centroid_accuracy	0.005	3240	0	0	3240
135	Cobs:Cmodel	NC_native_effect	centroid_accuracy	0.01	3240	0	0	3240
135	Cobs:Cmodel	NC_native_effect	centroid_accuracy	0.02	3240	0	0	3240
135	Cobs:Cmodel	native_effect_ridge	standardized_MSE	0.0	3240	0	0	3240
135	Cobs:Cmodel	native_effect_ridge	standardized_MSE	0.005	3240	0	0	3240
135	Cobs:Cmodel	native_effect_ridge	standardized_MSE	0.01	3240	0	0	3240
135	Cobs:Cmodel	native_effect_ridge	standardized_MSE	0.02	3240	0	0	3240
135	Cobs:Cmodel	native_effect_ridge	raw_RMSE	0.0	3240	0	0	3240
135	Cobs:Cmodel	native_effect_ridge	raw_RMSE	0.005	3240	0	0	3240
135	Cobs:Cmodel	native_effect_ridge	raw_RMSE	0.01	3240	0	0	3240
135	Cobs:Cmodel	native_effect_ridge	raw_RMSE	0.02	3240	0	0	3240
135	Cobs:Cmodel	native_effect_ridge	perturbation_centred_Pearson	0.0	3240	0	0	3240
135	Cobs:Cmodel	native_effect_ridge	perturbation_centred_Pearson	0.005	3240	0	0	3240
135	Cobs:Cmodel	native_effect_ridge	perturbation_centred_Pearson	0.01	3240	0	0	3240
135	Cobs:Cmodel	native_effect_ridge	perturbation_centred_Pearson	0.02	3240	0	0	3240
135	Cobs:Cmodel	native_effect_ridge	centroid_accuracy	0.0	3240	0	0	3240
135	Cobs:Cmodel	native_effect_ridge	centroid_accuracy	0.005	3240	0	0	3240
135	Cobs:Cmodel	native_effect_ridge	centroid_accuracy	0.01	3240	0	0	3240
135	Cobs:Cmodel	native_effect_ridge	centroid_accuracy	0.02	3240	0	0	3240
135	Cpred:Cmodel	selected_CPA	standardized_MSE	0.0	3240	1620	1620	0
135	Cpred:Cmodel	selected_CPA	standardized_MSE	0.005	3240	0	0	3240
135	Cpred:Cmodel	selected_CPA	standardized_MSE	0.01	3240	0	0	3240
135	Cpred:Cmodel	selected_CPA	standardized_MSE	0.02	3240	0	0	3240
135	Cpred:Cmodel	selected_CPA	raw_RMSE	0.0	3240	1620	1620	0
135	Cpred:Cmodel	selected_CPA	raw_RMSE	0.005	3240	0	0	3240
135	Cpred:Cmodel	selected_CPA	raw_RMSE	0.01	3240	0	0	3240
135	Cpred:Cmodel	selected_CPA	raw_RMSE	0.02	3240	0	0	3240
135	Cpred:Cmodel	selected_CPA	perturbation_centred_Pearson	0.0	3240	1620	1620	0
135	Cpred:Cmodel	selected_CPA	perturbation_centred_Pearson	0.005	3240	4	4	3232
135	Cpred:Cmodel	selected_CPA	perturbation_centred_Pearson	0.01	3240	0	0	3240
135	Cpred:Cmodel	selected_CPA	perturbation_centred_Pearson	0.02	3240	0	0	3240
135	Cpred:Cmodel	selected_CPA	centroid_accuracy	0.0	3240	1466	1466	308
135	Cpred:Cmodel	selected_CPA	centroid_accuracy	0.005	3240	10	10	3220
135	Cpred:Cmodel	selected_CPA	centroid_accuracy	0.01	3240	0	0	3240
135	Cpred:Cmodel	selected_CPA	centroid_accuracy	0.02	3240	0	0	3240
135	Cpred:Cmodel	original_CPA_fixed	standardized_MSE	0.0	3240	0	0	3240
135	Cpred:Cmodel	original_CPA_fixed	standardized_MSE	0.005	3240	0	0	3240
135	Cpred:Cmodel	original_CPA_fixed	standardized_MSE	0.01	3240	0	0	3240
135	Cpred:Cmodel	original_CPA_fixed	standardized_MSE	0.02	3240	0	0	3240
135	Cpred:Cmodel	original_CPA_fixed	raw_RMSE	0.0	3240	0	0	3240
135	Cpred:Cmodel	original_CPA_fixed	raw_RMSE	0.005	3240	0	0	3240
135	Cpred:Cmodel	original_CPA_fixed	raw_RMSE	0.01	3240	0	0	3240
135	Cpred:Cmodel	original_CPA_fixed	raw_RMSE	0.02	3240	0	0	3240
135	Cpred:Cmodel	original_CPA_fixed	perturbation_centred_Pearson	0.0	3240	0	0	3240
135	Cpred:Cmodel	original_CPA_fixed	perturbation_centred_Pearson	0.005	3240	0	0	3240
135	Cpred:Cmodel	original_CPA_fixed	perturbation_centred_Pearson	0.01	3240	0	0	3240
135	Cpred:Cmodel	original_CPA_fixed	perturbation_centred_Pearson	0.02	3240	0	0	3240
135	Cpred:Cmodel	original_CPA_fixed	centroid_accuracy	0.0	3240	0	0	3240
135	Cpred:Cmodel	original_CPA_fixed	centroid_accuracy	0.005	3240	0	0	3240
135	Cpred:Cmodel	original_CPA_fixed	centroid_accuracy	0.01	3240	0	0	3240
135	Cpred:Cmodel	original_CPA_fixed	centroid_accuracy	0.02	3240	0	0	3240
135	Cpred:Cmodel	additive	standardized_MSE	0.0	3240	0	0	3240
135	Cpred:Cmodel	additive	standardized_MSE	0.005	3240	0	0	3240
135	Cpred:Cmodel	additive	standardized_MSE	0.01	3240	0	0	3240
135	Cpred:Cmodel	additive	standardized_MSE	0.02	3240	0	0	3240
135	Cpred:Cmodel	additive	raw_RMSE	0.0	3240	0	0	3240
135	Cpred:Cmodel	additive	raw_RMSE	0.005	3240	0	0	3240
135	Cpred:Cmodel	additive	raw_RMSE	0.01	3240	0	0	3240
135	Cpred:Cmodel	additive	raw_RMSE	0.02	3240	0	0	3240
135	Cpred:Cmodel	additive	perturbation_centred_Pearson	0.0	3240	0	0	3240
135	Cpred:Cmodel	additive	perturbation_centred_Pearson	0.005	3240	0	0	3240
135	Cpred:Cmodel	additive	perturbation_centred_Pearson	0.01	3240	0	0	3240
135	Cpred:Cmodel	additive	perturbation_centred_Pearson	0.02	3240	0	0	3240
135	Cpred:Cmodel	additive	centroid_accuracy	0.0	3240	0	0	3240
135	Cpred:Cmodel	additive	centroid_accuracy	0.005	3240	0	0	3240
135	Cpred:Cmodel	additive	centroid_accuracy	0.01	3240	0	0	3240
135	Cpred:Cmodel	additive	centroid_accuracy	0.02	3240	0	0	3240
135	Cpred:Cmodel	compositional_ridge	standardized_MSE	0.0	3240	0	0	3240
135	Cpred:Cmodel	compositional_ridge	standardized_MSE	0.005	3240	0	0	3240
135	Cpred:Cmodel	compositional_ridge	standardized_MSE	0.01	3240	0	0	3240
135	Cpred:Cmodel	compositional_ridge	standardized_MSE	0.02	3240	0	0	3240
135	Cpred:Cmodel	compositional_ridge	raw_RMSE	0.0	3240	0	0	3240
135	Cpred:Cmodel	compositional_ridge	raw_RMSE	0.005	3240	0	0	3240
135	Cpred:Cmodel	compositional_ridge	raw_RMSE	0.01	3240	0	0	3240
135	Cpred:Cmodel	compositional_ridge	raw_RMSE	0.02	3240	0	0	3240
135	Cpred:Cmodel	compositional_ridge	perturbation_centred_Pearson	0.0	3240	0	0	3240
135	Cpred:Cmodel	compositional_ridge	perturbation_centred_Pearson	0.005	3240	0	0	3240
135	Cpred:Cmodel	compositional_ridge	perturbation_centred_Pearson	0.01	3240	0	0	3240
135	Cpred:Cmodel	compositional_ridge	perturbation_centred_Pearson	0.02	3240	0	0	3240
135	Cpred:Cmodel	compositional_ridge	centroid_accuracy	0.0	3240	0	0	3240
135	Cpred:Cmodel	compositional_ridge	centroid_accuracy	0.005	3240	0	0	3240
135	Cpred:Cmodel	compositional_ridge	centroid_accuracy	0.01	3240	0	0	3240
135	Cpred:Cmodel	compositional_ridge	centroid_accuracy	0.02	3240	0	0	3240
135	Cpred:Cmodel	NC_native_effect	standardized_MSE	0.0	3240	0	0	3240
135	Cpred:Cmodel	NC_native_effect	standardized_MSE	0.005	3240	0	0	3240
135	Cpred:Cmodel	NC_native_effect	standardized_MSE	0.01	3240	0	0	3240
135	Cpred:Cmodel	NC_native_effect	standardized_MSE	0.02	3240	0	0	3240
135	Cpred:Cmodel	NC_native_effect	raw_RMSE	0.0	3240	0	0	3240
135	Cpred:Cmodel	NC_native_effect	raw_RMSE	0.005	3240	0	0	3240
135	Cpred:Cmodel	NC_native_effect	raw_RMSE	0.01	3240	0	0	3240
135	Cpred:Cmodel	NC_native_effect	raw_RMSE	0.02	3240	0	0	3240
135	Cpred:Cmodel	NC_native_effect	perturbation_centred_Pearson	0.0	3240	0	0	3240
135	Cpred:Cmodel	NC_native_effect	perturbation_centred_Pearson	0.005	3240	0	0	3240
135	Cpred:Cmodel	NC_native_effect	perturbation_centred_Pearson	0.01	3240	0	0	3240
135	Cpred:Cmodel	NC_native_effect	perturbation_centred_Pearson	0.02	3240	0	0	3240
135	Cpred:Cmodel	NC_native_effect	centroid_accuracy	0.0	3240	0	0	3240
135	Cpred:Cmodel	NC_native_effect	centroid_accuracy	0.005	3240	0	0	3240
135	Cpred:Cmodel	NC_native_effect	centroid_accuracy	0.01	3240	0	0	3240
135	Cpred:Cmodel	NC_native_effect	centroid_accuracy	0.02	3240	0	0	3240
135	Cpred:Cmodel	native_effect_ridge	standardized_MSE	0.0	3240	0	0	3240
135	Cpred:Cmodel	native_effect_ridge	standardized_MSE	0.005	3240	0	0	3240
135	Cpred:Cmodel	native_effect_ridge	standardized_MSE	0.01	3240	0	0	3240
135	Cpred:Cmodel	native_effect_ridge	standardized_MSE	0.02	3240	0	0	3240
135	Cpred:Cmodel	native_effect_ridge	raw_RMSE	0.0	3240	0	0	3240
135	Cpred:Cmodel	native_effect_ridge	raw_RMSE	0.005	3240	0	0	3240
135	Cpred:Cmodel	native_effect_ridge	raw_RMSE	0.01	3240	0	0	3240
135	Cpred:Cmodel	native_effect_ridge	raw_RMSE	0.02	3240	0	0	3240
135	Cpred:Cmodel	native_effect_ridge	perturbation_centred_Pearson	0.0	3240	0	0	3240
135	Cpred:Cmodel	native_effect_ridge	perturbation_centred_Pearson	0.005	3240	0	0	3240
135	Cpred:Cmodel	native_effect_ridge	perturbation_centred_Pearson	0.01	3240	0	0	3240
135	Cpred:Cmodel	native_effect_ridge	perturbation_centred_Pearson	0.02	3240	0	0	3240
135	Cpred:Cmodel	native_effect_ridge	centroid_accuracy	0.0	3240	0	0	3240
135	Cpred:Cmodel	native_effect_ridge	centroid_accuracy	0.005	3240	0	0	3240
135	Cpred:Cmodel	native_effect_ridge	centroid_accuracy	0.01	3240	0	0	3240
135	Cpred:Cmodel	native_effect_ridge	centroid_accuracy	0.02	3240	0	0	3240
